<?xml version="1.0" encoding="utf-8"?>
<kml xmlns:gx="http://www.google.com/kml/ext/2.2" creator="kml-heatmap" xmlns="http://www.opengis.net/kml/2.2">
  <Document>
    <name>SkyDemon Track Log</name>
    <Style id="skydemonLogStyle">
      <LineStyle>
        <color>7f00ffff</color>
        <width>4</width>
      </LineStyle>
      <PolyStyle>
        <color>7fffa400</color>
      </PolyStyle>
    </Style>
    <Style id="downArrowIcon">
      <IconStyle>
        <href>http://maps.google.com/mapfiles/kml/pal4/icon28.png</href>
      </IconStyle>
    </Style>
    <Placemark>
      <name>Log Start: 2026-01-01</name>
      <styleUrl>#downArrowIcon</styleUrl>
      <Point>
        <altitudeMode>relativeToGround</altitudeMode>
        <coordinates>16.194296,51.42687,20</coordinates>
      </Point>
    </Placemark>
    <Placemark>
      <name>EPLU Lubin - EDAQ Halle-Oppin</name>
      <styleUrl>#skydemonLogStyle</styleUrl>
      <gx:Track>
        <extrude>1</extrude>
        <altitudeMode>absolute</altitudeMode>
        <when>2026-01-01T10:28:01.5921320Z</when>
        <gx:coord>16.194296 51.42687 159.59972</gx:coord>
        <when>2026-01-01T10:28:06.5931320Z</when>
        <gx:coord>16.194233 51.4269 156.43814</gx:coord>
        <when>2026-01-01T10:28:11.5931320Z</when>
        <gx:coord>16.19423 51.426903 156.23457</gx:coord>
        <when>2026-01-01T10:28:16.5931320Z</when>
        <gx:coord>16.194227 51.426903 156.01083</gx:coord>
        <when>2026-01-01T10:28:21.5931320Z</when>
        <gx:coord>16.194225 51.426907 155.8526</gx:coord>
        <when>2026-01-01T10:28:26.5921320Z</when>
        <gx:coord>16.194223 51.426907 155.74542</gx:coord>
        <when>2026-01-01T10:28:31.5931320Z</when>
        <gx:coord>16.194225 51.4269 155.23758</gx:coord>
        <when>2026-01-01T10:28:36.5931320Z</when>
        <gx:coord>16.19423 51.426888 157.25655</gx:coord>
        <when>2026-01-01T10:28:41.5931320Z</when>
        <gx:coord>16.194227 51.42689 157.00797</gx:coord>
        <when>2026-01-01T10:28:46.5931320Z</when>
        <gx:coord>16.194227 51.426888 156.95305</gx:coord>
        <when>2026-01-01T10:28:51.5931320Z</when>
        <gx:coord>16.19424 51.426895 156.88269</gx:coord>
        <when>2026-01-01T10:28:56.5931320Z</when>
        <gx:coord>16.194235 51.426895 156.70229</gx:coord>
        <when>2026-01-01T10:29:01.5931320Z</when>
        <gx:coord>16.194239 51.426888 156.66652</gx:coord>
        <when>2026-01-01T10:29:06.5931320Z</when>
        <gx:coord>16.194225 51.426888 156.56299</gx:coord>
        <when>2026-01-01T10:29:11.5931320Z</when>
        <gx:coord>16.194218 51.42689 156.5544</gx:coord>
        <when>2026-01-01T10:29:16.5931320Z</when>
        <gx:coord>16.194218 51.426895 156.49963</gx:coord>
        <when>2026-01-01T10:29:21.5931320Z</when>
        <gx:coord>16.194216 51.42689 156.41331</gx:coord>
        <when>2026-01-01T10:29:26.5931320Z</when>
        <gx:coord>16.194221 51.426888 156.41658</gx:coord>
        <when>2026-01-01T10:29:31.5931320Z</when>
        <gx:coord>16.194221 51.42689 156.48366</gx:coord>
        <when>2026-01-01T10:29:36.5921320Z</when>
        <gx:coord>16.194231 51.426895 156.32056</gx:coord>
        <when>2026-01-01T10:29:41.5931320Z</when>
        <gx:coord>16.194231 51.426895 156.32056</gx:coord>
        <when>2026-01-01T10:29:46.5931320Z</when>
        <gx:coord>16.194231 51.426895 156.32056</gx:coord>
        <when>2026-01-01T10:29:51.5931320Z</when>
        <gx:coord>16.194225 51.42689 156.2532</gx:coord>
        <when>2026-01-01T10:29:56.5931320Z</when>
        <gx:coord>16.194225 51.426895 156.19142</gx:coord>
        <when>2026-01-01T10:30:01.5931320Z</when>
        <gx:coord>16.19422 51.426895 156.20663</gx:coord>
        <when>2026-01-01T10:30:06.5931320Z</when>
        <gx:coord>16.194221 51.426895 156.15964</gx:coord>
        <when>2026-01-01T10:30:11.5931320Z</when>
        <gx:coord>16.194221 51.426895 156.04132</gx:coord>
        <when>2026-01-01T10:30:16.5931320Z</when>
        <gx:coord>16.194218 51.426895 156.09535</gx:coord>
        <when>2026-01-01T10:30:21.5931320Z</when>
        <gx:coord>16.194216 51.426884 156.1537</gx:coord>
        <when>2026-01-01T10:30:26.5931320Z</when>
        <gx:coord>16.19422 51.426888 156.06827</gx:coord>
        <when>2026-01-01T10:30:31.5931320Z</when>
        <gx:coord>16.194223 51.42689 156.09254</gx:coord>
        <when>2026-01-01T10:30:36.5931320Z</when>
        <gx:coord>16.194225 51.426888 156.00716</gx:coord>
        <when>2026-01-01T10:30:41.5931320Z</when>
        <gx:coord>16.194227 51.42689 155.99034</gx:coord>
        <when>2026-01-01T10:30:45.3441320Z</when>
        <gx:coord>16.194235 51.426888 156.14937</gx:coord>
        <when>2026-01-01T10:30:46.5931320Z</when>
        <gx:coord>16.194244 51.426888 156.19574</gx:coord>
        <when>2026-01-01T10:30:47.1851320Z</when>
        <gx:coord>16.194246 51.42689 156.1248</gx:coord>
        <when>2026-01-01T10:30:48.1461320Z</when>
        <gx:coord>16.194246 51.426888 156.05605</gx:coord>
        <when>2026-01-01T10:30:49.0061320Z</when>
        <gx:coord>16.194246 51.426888 156.05605</gx:coord>
        <when>2026-01-01T10:30:49.8661320Z</when>
        <gx:coord>16.194263 51.426884 156.04887</gx:coord>
        <when>2026-01-01T10:30:50.5671320Z</when>
        <gx:coord>16.194267 51.426884 156.06071</gx:coord>
        <when>2026-01-01T10:30:51.2471320Z</when>
        <gx:coord>16.194279 51.426872 156.05199</gx:coord>
        <when>2026-01-01T10:30:51.5931320Z</when>
        <gx:coord>16.194279 51.426872 156.05199</gx:coord>
        <when>2026-01-01T10:30:51.9481320Z</when>
        <gx:coord>16.194279 51.426872 156.05199</gx:coord>
        <when>2026-01-01T10:30:52.6481320Z</when>
        <gx:coord>16.194277 51.42686 156.00464</gx:coord>
        <when>2026-01-01T10:30:53.5681320Z</when>
        <gx:coord>16.194277 51.426853 156.08334</gx:coord>
        <when>2026-01-01T10:30:54.4891320Z</when>
        <gx:coord>16.194267 51.42685 156.06357</gx:coord>
        <when>2026-01-01T10:30:55.3091320Z</when>
        <gx:coord>16.194263 51.42685 156.04005</gx:coord>
        <when>2026-01-01T10:30:56.0301320Z</when>
        <gx:coord>16.194263 51.42685 156.04005</gx:coord>
        <when>2026-01-01T10:30:56.5931320Z</when>
        <gx:coord>16.194258 51.42684 156.06853</gx:coord>
        <when>2026-01-01T10:30:56.7101320Z</when>
        <gx:coord>16.194258 51.42684 156.06853</gx:coord>
        <when>2026-01-01T10:30:57.3501320Z</when>
        <gx:coord>16.19425 51.426838 156.09828</gx:coord>
        <when>2026-01-01T10:30:58.0301320Z</when>
        <gx:coord>16.19425 51.426838 156.09828</gx:coord>
        <when>2026-01-01T10:30:59.9531320Z</when>
        <gx:coord>16.19422 51.426834 155.97339</gx:coord>
        <when>2026-01-01T10:31:01.5931320Z</when>
        <gx:coord>16.19419 51.426846 155.97644</gx:coord>
        <when>2026-01-01T10:31:06.5931320Z</when>
        <gx:coord>16.194128 51.42684 156.00955</gx:coord>
        <when>2026-01-01T10:31:11.5931320Z</when>
        <gx:coord>16.194126 51.42684 156.00238</gx:coord>
        <when>2026-01-01T10:31:16.5931320Z</when>
        <gx:coord>16.194128 51.426838 155.98299</gx:coord>
        <when>2026-01-01T10:31:21.5931320Z</when>
        <gx:coord>16.194128 51.426838 156.23328</gx:coord>
        <when>2026-01-01T10:31:24.1001320Z</when>
        <gx:coord>16.194115 51.426838 156.55508</gx:coord>
        <when>2026-01-01T10:31:26.5931320Z</when>
        <gx:coord>16.194054 51.426834 156.47057</gx:coord>
        <when>2026-01-01T10:31:29.0881320Z</when>
        <gx:coord>16.194002 51.42683 156.6374</gx:coord>
        <when>2026-01-01T10:31:30.0901320Z</when>
        <gx:coord>16.193974 51.426823 156.6527</gx:coord>
        <when>2026-01-01T10:31:31.0891320Z</when>
        <gx:coord>16.193943 51.426815 156.61783</gx:coord>
        <when>2026-01-01T10:31:31.6111320Z</when>
        <gx:coord>16.193916 51.4268 156.64062</gx:coord>
        <when>2026-01-01T10:31:33.0891320Z</when>
        <gx:coord>16.193892 51.42678 156.53027</gx:coord>
        <when>2026-01-01T10:31:35.0911320Z</when>
        <gx:coord>16.193848 51.426735 156.57156</gx:coord>
        <when>2026-01-01T10:31:36.6041320Z</when>
        <gx:coord>16.193827 51.426685 156.36296</gx:coord>
        <when>2026-01-01T10:31:37.0861320Z</when>
        <gx:coord>16.193827 51.426685 156.36296</gx:coord>
        <when>2026-01-01T10:31:41.0921320Z</when>
        <gx:coord>16.193823 51.42657 156.62698</gx:coord>
        <when>2026-01-01T10:31:41.5921320Z</when>
        <gx:coord>16.193829 51.426537 156.7314</gx:coord>
        <when>2026-01-01T10:31:46.5921320Z</when>
        <gx:coord>16.193861 51.42635 156.60118</gx:coord>
        <when>2026-01-01T10:31:51.5931320Z</when>
        <gx:coord>16.193907 51.426136 156.64838</gx:coord>
        <when>2026-01-01T10:31:56.0871320Z</when>
        <gx:coord>16.193947 51.425957 156.6478</gx:coord>
        <when>2026-01-01T10:31:56.5931320Z</when>
        <gx:coord>16.193954 51.425907 156.59239</gx:coord>
        <when>2026-01-01T10:32:01.5931320Z</when>
        <gx:coord>16.193996 51.42569 156.91006</gx:coord>
        <when>2026-01-01T10:32:06.5921320Z</when>
        <gx:coord>16.194029 51.4255 157.01886</gx:coord>
        <when>2026-01-01T10:32:10.0891320Z</when>
        <gx:coord>16.194023 51.425396 157.22202</gx:coord>
        <when>2026-01-01T10:32:11.6071320Z</when>
        <gx:coord>16.193993 51.42533 157.26862</gx:coord>
        <when>2026-01-01T10:32:13.0871320Z</when>
        <gx:coord>16.193974 51.425297 157.2615</gx:coord>
        <when>2026-01-01T10:32:15.0871320Z</when>
        <gx:coord>16.193909 51.425236 157.49646</gx:coord>
        <when>2026-01-01T10:32:16.5931320Z</when>
        <gx:coord>16.193829 51.42518 157.39293</gx:coord>
        <when>2026-01-01T10:32:21.6071320Z</when>
        <gx:coord>16.193657 51.42506 157.16975</gx:coord>
        <when>2026-01-01T10:32:26.5931320Z</when>
        <gx:coord>16.193598 51.425014 157.08696</gx:coord>
        <when>2026-01-01T10:32:28.0891320Z</when>
        <gx:coord>16.193598 51.42501 157.12474</gx:coord>
        <when>2026-01-01T10:32:31.5931320Z</when>
        <gx:coord>16.193588 51.425003 157.28076</gx:coord>
        <when>2026-01-01T10:32:36.6121320Z</when>
        <gx:coord>16.193514 51.42495 157.21208</gx:coord>
        <when>2026-01-01T10:32:41.6071320Z</when>
        <gx:coord>16.19336 51.424843 157.37807</gx:coord>
        <when>2026-01-01T10:32:44.0951320Z</when>
        <gx:coord>16.193298 51.42479 157.45857</gx:coord>
        <when>2026-01-01T10:32:46.0931320Z</when>
        <gx:coord>16.19326 51.424717 157.33713</gx:coord>
        <when>2026-01-01T10:32:46.5931320Z</when>
        <gx:coord>16.193256 51.42468 157.44106</gx:coord>
        <when>2026-01-01T10:32:48.0891320Z</when>
        <gx:coord>16.19326 51.424633 157.48637</gx:coord>
        <when>2026-01-01T10:32:49.1111320Z</when>
        <gx:coord>16.193277 51.42459 157.48215</gx:coord>
        <when>2026-01-01T10:32:50.0911320Z</when>
        <gx:coord>16.19331 51.42455 157.46774</gx:coord>
        <when>2026-01-01T10:32:51.1131320Z</when>
        <gx:coord>16.193354 51.42451 157.38731</gx:coord>
        <when>2026-01-01T10:32:51.5921320Z</when>
        <gx:coord>16.19341 51.424473 157.40396</gx:coord>
        <when>2026-01-01T10:32:52.0901320Z</when>
        <gx:coord>16.19341 51.424473 157.40396</gx:coord>
        <when>2026-01-01T10:32:56.5931320Z</when>
        <gx:coord>16.193771 51.424282 156.96123</gx:coord>
        <when>2026-01-01T10:33:01.5931320Z</when>
        <gx:coord>16.194199 51.424057 156.4485</gx:coord>
        <when>2026-01-01T10:33:06.5931320Z</when>
        <gx:coord>16.194683 51.423798 156.00487</gx:coord>
        <when>2026-01-01T10:33:11.6121320Z</when>
        <gx:coord>16.195194 51.423527 155.5315</gx:coord>
        <when>2026-01-01T10:33:16.6131320Z</when>
        <gx:coord>16.1957 51.42326 155.27124</gx:coord>
        <when>2026-01-01T10:33:21.6121320Z</when>
        <gx:coord>16.19616 51.42301 155.09673</gx:coord>
        <when>2026-01-01T10:33:26.5931320Z</when>
        <gx:coord>16.196674 51.42275 154.65677</gx:coord>
        <when>2026-01-01T10:33:29.0881320Z</when>
        <gx:coord>16.196905 51.42263 154.5066</gx:coord>
        <when>2026-01-01T10:33:31.6111320Z</when>
        <gx:coord>16.197275 51.422432 154.12862</gx:coord>
        <when>2026-01-01T10:33:36.5931320Z</when>
        <gx:coord>16.197956 51.422077 153.48732</gx:coord>
        <when>2026-01-01T10:33:41.6141320Z</when>
        <gx:coord>16.198662 51.421703 152.96666</gx:coord>
        <when>2026-01-01T10:33:46.6131320Z</when>
        <gx:coord>16.199327 51.421345 152.7673</gx:coord>
        <when>2026-01-01T10:33:51.5931320Z</when>
        <gx:coord>16.199942 51.42102 152.73668</gx:coord>
        <when>2026-01-01T10:33:56.6051320Z</when>
        <gx:coord>16.200544 51.4207 152.75311</gx:coord>
        <when>2026-01-01T10:34:00.0901320Z</when>
        <gx:coord>16.200836 51.420555 152.75053</gx:coord>
        <when>2026-01-01T10:34:01.6011320Z</when>
        <gx:coord>16.201004 51.42049 152.7233</gx:coord>
        <when>2026-01-01T10:34:06.6081320Z</when>
        <gx:coord>16.201414 51.42037 152.6509</gx:coord>
        <when>2026-01-01T10:34:07.0911320Z</when>
        <gx:coord>16.201414 51.42037 152.6509</gx:coord>
        <when>2026-01-01T10:34:08.0901320Z</when>
        <gx:coord>16.201479 51.420338 152.65657</gx:coord>
        <when>2026-01-01T10:34:09.0921320Z</when>
        <gx:coord>16.20152 51.420303 152.68903</gx:coord>
        <when>2026-01-01T10:34:10.1081320Z</when>
        <gx:coord>16.201548 51.420273 152.70868</gx:coord>
        <when>2026-01-01T10:34:11.0881320Z</when>
        <gx:coord>16.201553 51.420242 152.71468</gx:coord>
        <when>2026-01-01T10:34:11.6001320Z</when>
        <gx:coord>16.201544 51.420216 152.72293</gx:coord>
        <when>2026-01-01T10:34:12.0921320Z</when>
        <gx:coord>16.201544 51.420216 152.72293</gx:coord>
        <when>2026-01-01T10:34:13.0941320Z</when>
        <gx:coord>16.201523 51.4202 152.73952</gx:coord>
        <when>2026-01-01T10:34:14.0921320Z</when>
        <gx:coord>16.201496 51.42019 152.75537</gx:coord>
        <when>2026-01-01T10:34:15.0911320Z</when>
        <gx:coord>16.201466 51.42018 152.72577</gx:coord>
        <when>2026-01-01T10:34:16.0921320Z</when>
        <gx:coord>16.201435 51.420185 152.65556</gx:coord>
        <when>2026-01-01T10:34:16.5931320Z</when>
        <gx:coord>16.2014 51.420193 152.68925</gx:coord>
        <when>2026-01-01T10:34:17.0941320Z</when>
        <gx:coord>16.2014 51.420193 152.68925</gx:coord>
        <when>2026-01-01T10:34:18.0931320Z</when>
        <gx:coord>16.20137 51.420208 152.71194</gx:coord>
        <when>2026-01-01T10:34:19.0971320Z</when>
        <gx:coord>16.201345 51.42023 152.65315</gx:coord>
        <when>2026-01-01T10:34:21.5931320Z</when>
        <gx:coord>16.20124 51.42032 152.73456</gx:coord>
        <when>2026-01-01T10:34:24.0921320Z</when>
        <gx:coord>16.201069 51.420418 152.86797</gx:coord>
        <when>2026-01-01T10:34:26.5931320Z</when>
        <gx:coord>16.20063 51.42065 153.03958</gx:coord>
        <when>2026-01-01T10:34:27.1141320Z</when>
        <gx:coord>16.20063 51.42065 153.03958</gx:coord>
        <when>2026-01-01T10:34:27.1151320Z</when>
        <gx:coord>16.20063 51.42065 153.03958</gx:coord>
        <when>2026-01-01T10:34:30.0901320Z</when>
        <gx:coord>16.200006 51.420982 152.97969</gx:coord>
        <when>2026-01-01T10:34:31.5931320Z</when>
        <gx:coord>16.199492 51.421257 152.93695</gx:coord>
        <when>2026-01-01T10:34:34.1091320Z</when>
        <gx:coord>16.198904 51.421566 153.00508</gx:coord>
        <when>2026-01-01T10:34:36.6131320Z</when>
        <gx:coord>16.197912 51.422104 153.59422</gx:coord>
        <when>2026-01-01T10:34:39.0951320Z</when>
        <gx:coord>16.197178 51.422493 154.92282</gx:coord>
        <when>2026-01-01T10:34:41.6061320Z</when>
        <gx:coord>16.195997 51.423107 158.55276</gx:coord>
        <when>2026-01-01T10:34:46.5931320Z</when>
        <gx:coord>16.193941 51.424168 177.05324</gx:coord>
        <when>2026-01-01T10:34:49.0921320Z</when>
        <gx:coord>16.192766 51.424805 192.33028</gx:coord>
        <when>2026-01-01T10:34:51.6091320Z</when>
        <gx:coord>16.192005 51.425224 202.25502</gx:coord>
        <when>2026-01-01T10:34:56.0971320Z</when>
        <gx:coord>16.190163 51.426243 224.4407</gx:coord>
        <when>2026-01-01T10:34:56.5931320Z</when>
        <gx:coord>16.190163 51.426243 224.4407</gx:coord>
        <when>2026-01-01T10:35:01.6121320Z</when>
        <gx:coord>16.188295 51.42724 245.63347</gx:coord>
        <when>2026-01-01T10:35:04.0871320Z</when>
        <gx:coord>16.187138 51.42783 256.29254</gx:coord>
        <when>2026-01-01T10:35:06.6061320Z</when>
        <gx:coord>16.186357 51.42822 262.08414</gx:coord>
        <when>2026-01-01T10:35:11.5931320Z</when>
        <gx:coord>16.184422 51.42917 279.759</gx:coord>
        <when>2026-01-01T10:35:13.0921320Z</when>
        <gx:coord>16.184032 51.429356 283.00238</gx:coord>
        <when>2026-01-01T10:35:14.0921320Z</when>
        <gx:coord>16.183239 51.429714 289.52213</gx:coord>
        <when>2026-01-01T10:35:16.6091320Z</when>
        <gx:coord>16.182446 51.430084 297.23187</gx:coord>
        <when>2026-01-01T10:35:21.5981320Z</when>
        <gx:coord>16.180483 51.431057 311.4599</gx:coord>
        <when>2026-01-01T10:35:26.0891320Z</when>
        <gx:coord>16.178448 51.43203 320.93054</gx:coord>
        <when>2026-01-01T10:35:26.5921320Z</when>
        <gx:coord>16.178448 51.43203 320.93054</gx:coord>
        <when>2026-01-01T10:35:31.5931320Z</when>
        <gx:coord>16.176338 51.433006 332.13788</gx:coord>
        <when>2026-01-01T10:35:36.5931320Z</when>
        <gx:coord>16.174166 51.433952 347.21442</gx:coord>
        <when>2026-01-01T10:35:38.0881320Z</when>
        <gx:coord>16.173298 51.43433 353.35336</gx:coord>
        <when>2026-01-01T10:35:41.5931320Z</when>
        <gx:coord>16.172005 51.434902 362.0174</gx:coord>
        <when>2026-01-01T10:35:43.0971320Z</when>
        <gx:coord>16.171165 51.4353 364.71118</gx:coord>
        <when>2026-01-01T10:35:46.5931320Z</when>
        <gx:coord>16.16993 51.435925 374.32437</gx:coord>
        <when>2026-01-01T10:35:49.0811320Z</when>
        <gx:coord>16.168663 51.436478 388.89328</gx:coord>
        <when>2026-01-01T10:35:51.0941320Z</when>
        <gx:coord>16.168215 51.436626 394.08325</gx:coord>
        <when>2026-01-01T10:35:51.5931320Z</when>
        <gx:coord>16.167755 51.436756 398.32877</gx:coord>
        <when>2026-01-01T10:35:54.0971320Z</when>
        <gx:coord>16.166794 51.436943 405.723</gx:coord>
        <when>2026-01-01T10:35:56.5931320Z</when>
        <gx:coord>16.1653 51.437027 412.59808</gx:coord>
        <when>2026-01-01T10:35:57.0901320Z</when>
        <gx:coord>16.1653 51.437027 412.59808</gx:coord>
        <when>2026-01-01T10:35:59.0991320Z</when>
        <gx:coord>16.164293 51.43695 415.8196</gx:coord>
        <when>2026-01-01T10:36:01.0921320Z</when>
        <gx:coord>16.162838 51.43663 421.05084</gx:coord>
        <when>2026-01-01T10:36:01.5931320Z</when>
        <gx:coord>16.162838 51.43663 421.05084</gx:coord>
        <when>2026-01-01T10:36:02.0911320Z</when>
        <gx:coord>16.162838 51.43663 421.05084</gx:coord>
        <when>2026-01-01T10:36:05.0881320Z</when>
        <gx:coord>16.161528 51.436108 429.14978</gx:coord>
        <when>2026-01-01T10:36:06.5931320Z</when>
        <gx:coord>16.16079 51.435658 435.65607</gx:coord>
        <when>2026-01-01T10:36:08.0901320Z</when>
        <gx:coord>16.160471 51.435406 438.70166</gx:coord>
        <when>2026-01-01T10:36:11.0901320Z</when>
        <gx:coord>16.159697 51.434555 448.68802</gx:coord>
        <when>2026-01-01T10:36:11.0901320Z</when>
        <gx:coord>16.159504 51.434242 452.0849</gx:coord>
        <when>2026-01-01T10:36:11.5931320Z</when>
        <gx:coord>16.159504 51.434242 452.0849</gx:coord>
        <when>2026-01-01T10:36:16.5931320Z</when>
        <gx:coord>16.158686 51.43264 464.51413</gx:coord>
        <when>2026-01-01T10:36:21.5931320Z</when>
        <gx:coord>16.157736 51.431065 476.28555</gx:coord>
        <when>2026-01-01T10:36:24.0901320Z</when>
        <gx:coord>16.15712 51.43013 484.89572</gx:coord>
        <when>2026-01-01T10:36:26.5931320Z</when>
        <gx:coord>16.156727 51.429493 493.35092</gx:coord>
        <when>2026-01-01T10:36:31.5931320Z</when>
        <gx:coord>16.155878 51.42784 515.0214</gx:coord>
        <when>2026-01-01T10:36:32.0901320Z</when>
        <gx:coord>16.155722 51.427498 520.13135</gx:coord>
        <when>2026-01-01T10:36:36.5921320Z</when>
        <gx:coord>16.155107 51.42614 539.72955</gx:coord>
        <when>2026-01-01T10:36:39.0891320Z</when>
        <gx:coord>16.154623 51.42514 550.8621</gx:coord>
        <when>2026-01-01T10:36:41.5931320Z</when>
        <gx:coord>16.154306 51.42447 554.8627</gx:coord>
        <when>2026-01-01T10:36:44.0861320Z</when>
        <gx:coord>16.154 51.42378 555.9555</gx:coord>
        <when>2026-01-01T10:36:46.1021320Z</when>
        <gx:coord>16.15355 51.422714 556.1542</gx:coord>
        <when>2026-01-01T10:36:46.5931320Z</when>
        <gx:coord>16.15355 51.422714 557.9357</gx:coord>
        <when>2026-01-01T10:36:51.5931320Z</when>
        <gx:coord>16.152767 51.42094 576.9912</gx:coord>
        <when>2026-01-01T10:36:52.0911320Z</when>
        <gx:coord>16.15261 51.42059 582.1368</gx:coord>
        <when>2026-01-01T10:36:56.5931320Z</when>
        <gx:coord>16.15198 51.419193 603.4312</gx:coord>
        <when>2026-01-01T10:36:58.0921320Z</when>
        <gx:coord>16.151672 51.41849 615.5607</gx:coord>
        <when>2026-01-01T10:37:01.5931320Z</when>
        <gx:coord>16.1512 51.41743 626.32324</gx:coord>
        <when>2026-01-01T10:37:06.5921320Z</when>
        <gx:coord>16.150408 51.415546 628.3639</gx:coord>
        <when>2026-01-01T10:37:08.0911320Z</when>
        <gx:coord>16.150251 51.415154 626.998</gx:coord>
        <when>2026-01-01T10:37:11.5931320Z</when>
        <gx:coord>16.149574 51.413513 620.1841</gx:coord>
        <when>2026-01-01T10:37:16.5931320Z</when>
        <gx:coord>16.148468 51.41144 615.4768</gx:coord>
        <when>2026-01-01T10:37:21.5931320Z</when>
        <gx:coord>16.146988 51.409416 613.51697</gx:coord>
        <when>2026-01-01T10:37:23.0891320Z</when>
        <gx:coord>16.146658 51.409008 612.1235</gx:coord>
        <when>2026-01-01T10:37:26.6141320Z</when>
        <gx:coord>16.145205 51.407406 610.37665</gx:coord>
        <when>2026-01-01T10:37:28.0981320Z</when>
        <gx:coord>16.14444 51.40662 609.16583</gx:coord>
        <when>2026-01-01T10:37:31.6171320Z</when>
        <gx:coord>16.143269 51.405445 604.3037</gx:coord>
        <when>2026-01-01T10:37:36.5931320Z</when>
        <gx:coord>16.141497 51.40347 602.3706</gx:coord>
        <when>2026-01-01T10:37:41.5931320Z</when>
        <gx:coord>16.139912 51.401478 605.23804</gx:coord>
        <when>2026-01-01T10:37:46.5931320Z</when>
        <gx:coord>16.13841 51.399494 604.87805</gx:coord>
        <when>2026-01-01T10:37:51.5931320Z</when>
        <gx:coord>16.13692 51.397533 608.8834</gx:coord>
        <when>2026-01-01T10:37:56.5931320Z</when>
        <gx:coord>16.135504 51.39557 610.90686</gx:coord>
        <when>2026-01-01T10:38:01.5931320Z</when>
        <gx:coord>16.13401 51.393635 608.8014</gx:coord>
        <when>2026-01-01T10:38:06.0941320Z</when>
        <gx:coord>16.13246 51.391712 606.5279</gx:coord>
        <when>2026-01-01T10:38:06.5931320Z</when>
        <gx:coord>16.13246 51.391712 606.42</gx:coord>
        <when>2026-01-01T10:38:11.5931320Z</when>
        <gx:coord>16.13085 51.389812 603.8842</gx:coord>
        <when>2026-01-01T10:38:16.5931320Z</when>
        <gx:coord>16.129251 51.387924 605.5109</gx:coord>
        <when>2026-01-01T10:38:21.5921320Z</when>
        <gx:coord>16.127632 51.38606 602.4539</gx:coord>
        <when>2026-01-01T10:38:26.5931320Z</when>
        <gx:coord>16.125921 51.3842 602.6388</gx:coord>
        <when>2026-01-01T10:38:30.0931320Z</when>
        <gx:coord>16.124828 51.383106 605.80945</gx:coord>
        <when>2026-01-01T10:38:31.5931320Z</when>
        <gx:coord>16.12408 51.382385 608.2853</gx:coord>
        <when>2026-01-01T10:38:36.5931320Z</when>
        <gx:coord>16.122194 51.38056 611.1178</gx:coord>
        <when>2026-01-01T10:38:41.5931320Z</when>
        <gx:coord>16.12049 51.378662 614.73413</gx:coord>
        <when>2026-01-01T10:38:45.0991320Z</when>
        <gx:coord>16.119167 51.377132 616.6235</gx:coord>
        <when>2026-01-01T10:38:46.5931320Z</when>
        <gx:coord>16.118826 51.376747 616.3657</gx:coord>
        <when>2026-01-01T10:38:51.5941320Z</when>
        <gx:coord>16.1171 51.374825 614.8335</gx:coord>
        <when>2026-01-01T10:38:56.5941320Z</when>
        <gx:coord>16.11535 51.372906 610.9931</gx:coord>
        <when>2026-01-01T10:39:01.5941320Z</when>
        <gx:coord>16.113674 51.37097 604.645</gx:coord>
        <when>2026-01-01T10:39:06.5931320Z</when>
        <gx:coord>16.111927 51.36904 603.7487</gx:coord>
        <when>2026-01-01T10:39:11.5941320Z</when>
        <gx:coord>16.110117 51.36717 612.74896</gx:coord>
        <when>2026-01-01T10:39:16.5941320Z</when>
        <gx:coord>16.108265 51.365322 617.12744</gx:coord>
        <when>2026-01-01T10:39:21.5941320Z</when>
        <gx:coord>16.106348 51.36348 617.13544</gx:coord>
        <when>2026-01-01T10:39:23.0941320Z</when>
        <gx:coord>16.105558 51.362747 616.6635</gx:coord>
        <when>2026-01-01T10:39:26.5941320Z</when>
        <gx:coord>16.104376 51.361652 620.11597</gx:coord>
        <when>2026-01-01T10:39:31.5941320Z</when>
        <gx:coord>16.102392 51.359863 623.1313</gx:coord>
        <when>2026-01-01T10:39:36.5941320Z</when>
        <gx:coord>16.100403 51.358112 621.259</gx:coord>
        <when>2026-01-01T10:39:41.5941320Z</when>
        <gx:coord>16.098537 51.3563 615.90515</gx:coord>
        <when>2026-01-01T10:39:46.5941320Z</when>
        <gx:coord>16.096716 51.354446 613.9859</gx:coord>
        <when>2026-01-01T10:39:51.5931320Z</when>
        <gx:coord>16.094883 51.352585 618.6823</gx:coord>
        <when>2026-01-01T10:39:56.5941320Z</when>
        <gx:coord>16.093075 51.350742 616.53644</gx:coord>
        <when>2026-01-01T10:40:01.5931320Z</when>
        <gx:coord>16.091213 51.348938 614.73315</gx:coord>
        <when>2026-01-01T10:40:02.0971320Z</when>
        <gx:coord>16.090832 51.348587 614.73315</gx:coord>
        <when>2026-01-01T10:40:06.5941320Z</when>
        <gx:coord>16.089287 51.347187 617.2499</gx:coord>
        <when>2026-01-01T10:40:11.5941320Z</when>
        <gx:coord>16.08732 51.345448 608.07635</gx:coord>
        <when>2026-01-01T10:40:16.5931320Z</when>
        <gx:coord>16.085236 51.343746 607.1946</gx:coord>
        <when>2026-01-01T10:40:21.5931320Z</when>
        <gx:coord>16.083172 51.342026 607.44</gx:coord>
        <when>2026-01-01T10:40:26.5941320Z</when>
        <gx:coord>16.081009 51.34034 609.521</gx:coord>
        <when>2026-01-01T10:40:31.5941320Z</when>
        <gx:coord>16.078781 51.338657 617.1367</gx:coord>
        <when>2026-01-01T10:40:36.6211320Z</when>
        <gx:coord>16.076424 51.336975 616.8385</gx:coord>
        <when>2026-01-01T10:40:41.0971320Z</when>
        <gx:coord>16.073996 51.335285 612.6554</gx:coord>
        <when>2026-01-01T10:40:41.6201320Z</when>
        <gx:coord>16.073996 51.335285 611.8788</gx:coord>
        <when>2026-01-01T10:40:46.0901320Z</when>
        <gx:coord>16.072054 51.33394 610.7191</gx:coord>
        <when>2026-01-01T10:40:46.6041320Z</when>
        <gx:coord>16.07156 51.33361 610.6152</gx:coord>
        <when>2026-01-01T10:40:51.5941320Z</when>
        <gx:coord>16.069181 51.33193 616.4951</gx:coord>
        <when>2026-01-01T10:40:55.0851320Z</when>
        <gx:coord>16.067965 51.33084 618.8321</gx:coord>
        <when>2026-01-01T10:40:56.5931320Z</when>
        <gx:coord>16.067226 51.33009 616.7607</gx:coord>
        <when>2026-01-01T10:41:01.5941320Z</when>
        <gx:coord>16.065619 51.328125 613.89105</gx:coord>
        <when>2026-01-01T10:41:06.5941320Z</when>
        <gx:coord>16.064133 51.32612 613.78827</gx:coord>
        <when>2026-01-01T10:41:11.5941320Z</when>
        <gx:coord>16.062618 51.3241 609.49506</gx:coord>
        <when>2026-01-01T10:41:16.5941320Z</when>
        <gx:coord>16.061028 51.322098 606.88904</gx:coord>
        <when>2026-01-01T10:41:19.0891320Z</when>
        <gx:coord>16.060051 51.320904 606.98975</gx:coord>
        <when>2026-01-01T10:41:21.5941320Z</when>
        <gx:coord>16.059416 51.320114 608.1192</gx:coord>
        <when>2026-01-01T10:41:26.5941320Z</when>
        <gx:coord>16.05788 51.318153 609.1</gx:coord>
        <when>2026-01-01T10:41:31.5941320Z</when>
        <gx:coord>16.056355 51.31619 608.9557</gx:coord>
        <when>2026-01-01T10:41:36.5941320Z</when>
        <gx:coord>16.054758 51.314228 610.09406</gx:coord>
        <when>2026-01-01T10:41:41.5941320Z</when>
        <gx:coord>16.053095 51.3123 612.97754</gx:coord>
        <when>2026-01-01T10:41:46.5941320Z</when>
        <gx:coord>16.051464 51.31037 619.3718</gx:coord>
        <when>2026-01-01T10:41:51.6221320Z</when>
        <gx:coord>16.0498 51.308453 616.14197</gx:coord>
        <when>2026-01-01T10:41:56.5941320Z</when>
        <gx:coord>16.048126 51.306526 615.09436</gx:coord>
        <when>2026-01-01T10:41:58.0961320Z</when>
        <gx:coord>16.04746 51.305756 615.0206</gx:coord>
        <when>2026-01-01T10:42:01.5941320Z</when>
        <gx:coord>16.046461 51.30461 614.8907</gx:coord>
        <when>2026-01-01T10:42:06.5941320Z</when>
        <gx:coord>16.044773 51.302746 610.44336</gx:coord>
        <when>2026-01-01T10:42:11.5941320Z</when>
        <gx:coord>16.042976 51.300915 610.0729</gx:coord>
        <when>2026-01-01T10:42:16.5951320Z</when>
        <gx:coord>16.041145 51.29909 608.11255</gx:coord>
        <when>2026-01-01T10:42:21.5951320Z</when>
        <gx:coord>16.039253 51.29728 601.7468</gx:coord>
        <when>2026-01-01T10:42:26.5951320Z</when>
        <gx:coord>16.037386 51.29542 602.40314</gx:coord>
        <when>2026-01-01T10:42:31.5941320Z</when>
        <gx:coord>16.035534 51.29355 603.86725</gx:coord>
        <when>2026-01-01T10:42:36.5951320Z</when>
        <gx:coord>16.033606 51.291687 605.4708</gx:coord>
        <when>2026-01-01T10:42:37.0941320Z</when>
        <gx:coord>16.033218 51.291313 605.4708</gx:coord>
        <when>2026-01-01T10:42:41.5951320Z</when>
        <gx:coord>16.03164 51.289825 609.39557</gx:coord>
        <when>2026-01-01T10:42:46.5951320Z</when>
        <gx:coord>16.029625 51.28798 611.5317</gx:coord>
        <when>2026-01-01T10:42:51.5941320Z</when>
        <gx:coord>16.027529 51.286156 617.28375</gx:coord>
        <when>2026-01-01T10:42:56.5941320Z</when>
        <gx:coord>16.025318 51.284393 622.8888</gx:coord>
        <when>2026-01-01T10:43:01.5951320Z</when>
        <gx:coord>16.023104 51.282646 629.21533</gx:coord>
        <when>2026-01-01T10:43:06.6191320Z</when>
        <gx:coord>16.020895 51.280884 641.85974</gx:coord>
        <when>2026-01-01T10:43:08.0871320Z</when>
        <gx:coord>16.020012 51.28019 648.34906</gx:coord>
        <when>2026-01-01T10:43:11.5951320Z</when>
        <gx:coord>16.018747 51.27913 653.4575</gx:coord>
        <when>2026-01-01T10:43:15.0921320Z</when>
        <gx:coord>16.017054 51.27771 650.98346</gx:coord>
        <when>2026-01-01T10:43:16.5951320Z</when>
        <gx:coord>16.016617 51.277355 646.42084</gx:coord>
        <when>2026-01-01T10:43:21.5951320Z</when>
        <gx:coord>16.014389 51.27558 643.84955</gx:coord>
        <when>2026-01-01T10:43:26.5951320Z</when>
        <gx:coord>16.012194 51.27383 647.08997</gx:coord>
        <when>2026-01-01T10:43:31.5951320Z</when>
        <gx:coord>16.010048 51.272064 650.4617</gx:coord>
        <when>2026-01-01T10:43:36.5951320Z</when>
        <gx:coord>16.007858 51.270313 647.2369</gx:coord>
        <when>2026-01-01T10:43:41.5951320Z</when>
        <gx:coord>16.005726 51.26853 644.93475</gx:coord>
        <when>2026-01-01T10:43:46.5951320Z</when>
        <gx:coord>16.003645 51.26676 643.98193</gx:coord>
        <when>2026-01-01T10:43:51.5941320Z</when>
        <gx:coord>16.001617 51.265003 641.68774</gx:coord>
        <when>2026-01-01T10:43:53.0931320Z</when>
        <gx:coord>16.000803 51.26431 641.1458</gx:coord>
        <when>2026-01-01T10:43:56.5951320Z</when>
        <gx:coord>15.999577 51.26327 638.6723</gx:coord>
        <when>2026-01-01T10:44:01.5951320Z</when>
        <gx:coord>15.997543 51.261543 633.9174</gx:coord>
        <when>2026-01-01T10:44:06.5951320Z</when>
        <gx:coord>15.995559 51.259804 629.59796</gx:coord>
        <when>2026-01-01T10:44:11.5951320Z</when>
        <gx:coord>15.993559 51.258057 626.8399</gx:coord>
        <when>2026-01-01T10:44:16.5951320Z</when>
        <gx:coord>15.991422 51.25634 628.35974</gx:coord>
        <when>2026-01-01T10:44:21.5951320Z</when>
        <gx:coord>15.989226 51.254642 626.42267</gx:coord>
        <when>2026-01-01T10:44:26.5951320Z</when>
        <gx:coord>15.987057 51.2529 620.7077</gx:coord>
        <when>2026-01-01T10:44:31.5951320Z</when>
        <gx:coord>15.984807 51.251133 618.1571</gx:coord>
        <when>2026-01-01T10:44:32.0901320Z</when>
        <gx:coord>15.984332 51.250786 618.1571</gx:coord>
        <when>2026-01-01T10:44:36.0861320Z</when>
        <gx:coord>15.982858 51.24977 619.8928</gx:coord>
        <when>2026-01-01T10:44:36.5951320Z</when>
        <gx:coord>15.982359 51.249435 621.3496</gx:coord>
        <when>2026-01-01T10:44:41.5951320Z</when>
        <gx:coord>15.979853 51.247776 629.5435</gx:coord>
        <when>2026-01-01T10:44:46.5951320Z</when>
        <gx:coord>15.9773445 51.246155 633.7565</gx:coord>
        <when>2026-01-01T10:44:51.5951320Z</when>
        <gx:coord>15.974761 51.244587 642.1197</gx:coord>
        <when>2026-01-01T10:44:55.0991320Z</when>
        <gx:coord>15.973179 51.2437 641.2774</gx:coord>
        <when>2026-01-01T10:44:56.5951320Z</when>
        <gx:coord>15.972123 51.243114 640.39453</gx:coord>
        <when>2026-01-01T10:45:01.0891320Z</when>
        <gx:coord>15.969918 51.242 642.7132</gx:coord>
        <when>2026-01-01T10:45:01.5951320Z</when>
        <gx:coord>15.969345 51.241737 643.3349</gx:coord>
        <when>2026-01-01T10:45:06.5961320Z</when>
        <gx:coord>15.966381 51.240494 656.351</gx:coord>
        <when>2026-01-01T10:45:10.1011320Z</when>
        <gx:coord>15.963937 51.23961 659.9491</gx:coord>
        <when>2026-01-01T10:45:11.5961320Z</when>
        <gx:coord>15.963322 51.23939 659.0746</gx:coord>
        <when>2026-01-01T10:45:16.5951320Z</when>
        <gx:coord>15.9602165 51.238346 655.3375</gx:coord>
        <when>2026-01-01T10:45:19.0861320Z</when>
        <gx:coord>15.958976 51.237953 655.2647</gx:coord>
        <when>2026-01-01T10:45:21.5961320Z</when>
        <gx:coord>15.957115 51.23739 655.55115</gx:coord>
        <when>2026-01-01T10:45:26.5961320Z</when>
        <gx:coord>15.954014 51.236477 650.0913</gx:coord>
        <when>2026-01-01T10:45:31.5961320Z</when>
        <gx:coord>15.950853 51.235634 645.0153</gx:coord>
        <when>2026-01-01T10:45:36.5961320Z</when>
        <gx:coord>15.947689 51.234734 637.48846</gx:coord>
        <when>2026-01-01T10:45:41.5961320Z</when>
        <gx:coord>15.94453 51.233723 629.56805</gx:coord>
        <when>2026-01-01T10:45:46.5961320Z</when>
        <gx:coord>15.941379 51.232723 630.17566</gx:coord>
        <when>2026-01-01T10:45:49.0931320Z</when>
        <gx:coord>15.939483 51.23213 631.9441</gx:coord>
        <when>2026-01-01T10:45:51.5961320Z</when>
        <gx:coord>15.938221 51.23174 629.9061</gx:coord>
        <when>2026-01-01T10:45:56.5951320Z</when>
        <gx:coord>15.935092 51.230797 633.0118</gx:coord>
        <when>2026-01-01T10:46:01.5951320Z</when>
        <gx:coord>15.932022 51.22987 638.85443</gx:coord>
        <when>2026-01-01T10:46:06.5961320Z</when>
        <gx:coord>15.928999 51.22897 642.703</gx:coord>
        <when>2026-01-01T10:46:11.0841320Z</when>
        <gx:coord>15.926621 51.22825 645.69476</gx:coord>
        <when>2026-01-01T10:46:11.5961320Z</when>
        <gx:coord>15.926029 51.22807 645.8895</gx:coord>
        <when>2026-01-01T10:46:16.5961320Z</when>
        <gx:coord>15.9230995 51.227127 642.7459</gx:coord>
        <when>2026-01-01T10:46:21.5961320Z</when>
        <gx:coord>15.920273 51.226063 644.3897</gx:coord>
        <when>2026-01-01T10:46:26.5961320Z</when>
        <gx:coord>15.917475 51.225002 645.5039</gx:coord>
        <when>2026-01-01T10:46:29.0921320Z</when>
        <gx:coord>15.915786 51.22439 644.16223</gx:coord>
        <when>2026-01-01T10:46:31.5951320Z</when>
        <gx:coord>15.914649 51.223995 643.2793</gx:coord>
        <when>2026-01-01T10:46:36.5961320Z</when>
        <gx:coord>15.911792 51.223026 644.03815</gx:coord>
        <when>2026-01-01T10:46:41.5961320Z</when>
        <gx:coord>15.908905 51.2221 643.10785</gx:coord>
        <when>2026-01-01T10:46:46.5961320Z</when>
        <gx:coord>15.906044 51.22114 642.5772</gx:coord>
        <when>2026-01-01T10:46:51.5961320Z</when>
        <gx:coord>15.903179 51.220127 633.7304</gx:coord>
        <when>2026-01-01T10:46:56.5961320Z</when>
        <gx:coord>15.900265 51.21907 626.44293</gx:coord>
        <when>2026-01-01T10:47:01.5961320Z</when>
        <gx:coord>15.897308 51.218002 627.1106</gx:coord>
        <when>2026-01-01T10:47:06.5961320Z</when>
        <gx:coord>15.894265 51.216953 632.8487</gx:coord>
        <when>2026-01-01T10:47:09.0941320Z</when>
        <gx:coord>15.8924265 51.21633 632.85767</gx:coord>
        <when>2026-01-01T10:47:11.5961320Z</when>
        <gx:coord>15.891218 51.215904 631.6845</gx:coord>
        <when>2026-01-01T10:47:16.5961320Z</when>
        <gx:coord>15.888198 51.21488 629.5045</gx:coord>
        <when>2026-01-01T10:47:21.5961320Z</when>
        <gx:coord>15.885192 51.213894 621.3611</gx:coord>
        <when>2026-01-01T10:47:26.5961320Z</when>
        <gx:coord>15.882212 51.212917 619.4844</gx:coord>
        <when>2026-01-01T10:47:31.5961320Z</when>
        <gx:coord>15.879271 51.211906 621.3072</gx:coord>
        <when>2026-01-01T10:47:35.0841320Z</when>
        <gx:coord>15.876877 51.211124 617.85913</gx:coord>
        <when>2026-01-01T10:47:36.5961320Z</when>
        <gx:coord>15.87628 51.210922 617.89886</gx:coord>
        <when>2026-01-01T10:47:41.5961320Z</when>
        <gx:coord>15.873323 51.209866 625.38715</gx:coord>
        <when>2026-01-01T10:47:46.5961320Z</when>
        <gx:coord>15.870296 51.20886 629.56726</gx:coord>
        <when>2026-01-01T10:47:49.0981320Z</when>
        <gx:coord>15.868449 51.208263 631.817</gx:coord>
        <when>2026-01-01T10:47:51.5971320Z</when>
        <gx:coord>15.867219 51.207874 635.2071</gx:coord>
        <when>2026-01-01T10:47:56.5971320Z</when>
        <gx:coord>15.864149 51.206905 629.8134</gx:coord>
        <when>2026-01-01T10:48:01.5961320Z</when>
        <gx:coord>15.861106 51.205894 628.0501</gx:coord>
        <when>2026-01-01T10:48:06.5961320Z</when>
        <gx:coord>15.858082 51.204887 628.03253</gx:coord>
        <when>2026-01-01T10:48:11.5971320Z</when>
        <gx:coord>15.855057 51.203888 626.55695</gx:coord>
        <when>2026-01-01T10:48:16.5971320Z</when>
        <gx:coord>15.851916 51.203003 623.54364</gx:coord>
        <when>2026-01-01T10:48:21.5971320Z</when>
        <gx:coord>15.848698 51.202236 622.3924</gx:coord>
        <when>2026-01-01T10:48:26.5971320Z</when>
        <gx:coord>15.845471 51.20153 621.5045</gx:coord>
        <when>2026-01-01T10:48:28.1001320Z</when>
        <gx:coord>15.844175 51.201275 620.53</gx:coord>
        <when>2026-01-01T10:48:31.5971320Z</when>
        <gx:coord>15.842225 51.200893 620.88995</gx:coord>
        <when>2026-01-01T10:48:33.0841320Z</when>
        <gx:coord>15.841578 51.20077 620.36597</gx:coord>
        <when>2026-01-01T10:48:36.5971320Z</when>
        <gx:coord>15.838953 51.200314 616.76807</gx:coord>
        <when>2026-01-01T10:48:41.5971320Z</when>
        <gx:coord>15.835649 51.199722 620.36523</gx:coord>
        <when>2026-01-01T10:48:46.5961320Z</when>
        <gx:coord>15.832372 51.199024 624.0939</gx:coord>
        <when>2026-01-01T10:48:51.5971320Z</when>
        <gx:coord>15.82915 51.198204 620.515</gx:coord>
        <when>2026-01-01T10:48:56.5971320Z</when>
        <gx:coord>15.825947 51.197357 619.9396</gx:coord>
        <when>2026-01-01T10:49:01.5961320Z</when>
        <gx:coord>15.822799 51.196507 620.4181</gx:coord>
        <when>2026-01-01T10:49:06.5971320Z</when>
        <gx:coord>15.819688 51.19564 623.9458</gx:coord>
        <when>2026-01-01T10:49:07.0921320Z</when>
        <gx:coord>15.819072 51.19546 623.9458</gx:coord>
        <when>2026-01-01T10:49:11.5971320Z</when>
        <gx:coord>15.816599 51.194763 625.3321</gx:coord>
        <when>2026-01-01T10:49:16.5971320Z</when>
        <gx:coord>15.813503 51.193882 625.422</gx:coord>
        <when>2026-01-01T10:49:21.5971320Z</when>
        <gx:coord>15.810408 51.192978 620.0054</gx:coord>
        <when>2026-01-01T10:49:26.5961320Z</when>
        <gx:coord>15.807316 51.19206 617.00336</gx:coord>
        <when>2026-01-01T10:49:31.5971320Z</when>
        <gx:coord>15.804208 51.19117 616.30676</gx:coord>
        <when>2026-01-01T10:49:36.5971320Z</when>
        <gx:coord>15.801081 51.19032 612.15424</gx:coord>
        <when>2026-01-01T10:49:41.5971320Z</when>
        <gx:coord>15.798015 51.189415 608.1097</gx:coord>
        <when>2026-01-01T10:49:46.1021320Z</when>
        <gx:coord>15.794931 51.188538 603.2282</gx:coord>
        <when>2026-01-01T10:49:46.5961320Z</when>
        <gx:coord>15.794931 51.188538 602.80444</gx:coord>
        <when>2026-01-01T10:49:51.5971320Z</when>
        <gx:coord>15.79182 51.187702 601.132</gx:coord>
        <when>2026-01-01T10:49:56.5971320Z</when>
        <gx:coord>15.788714 51.18693 602.1498</gx:coord>
        <when>2026-01-01T10:50:01.5971320Z</when>
        <gx:coord>15.7856245 51.186157 601.76294</gx:coord>
        <when>2026-01-01T10:50:06.5971320Z</when>
        <gx:coord>15.78252 51.185402 604.26605</gx:coord>
        <when>2026-01-01T10:50:19.2821320Z</when>
        <gx:coord>15.774171 51.183464 595.76</gx:coord>
        <when>2026-01-01T10:50:26.0941320Z</when>
        <gx:coord>15.769653 51.182465 592.0606</gx:coord>
        <when>2026-01-01T10:50:32.0821320Z</when>
        <gx:coord>15.765776 51.18164 587.02966</gx:coord>
        <when>2026-01-01T10:50:47.0971320Z</when>
        <gx:coord>15.756173 51.17995 586.1659</gx:coord>
        <when>2026-01-01T10:50:49.4491320Z</when>
        <gx:coord>15.7549 51.179752 592.59076</gx:coord>
        <when>2026-01-01T10:50:54.4491320Z</when>
        <gx:coord>15.751772 51.17927 596.3381</gx:coord>
        <when>2026-01-01T10:50:59.4491320Z</when>
        <gx:coord>15.748667 51.1788 594.7001</gx:coord>
        <when>2026-01-01T10:51:04.4491320Z</when>
        <gx:coord>15.745563 51.17831 593.06726</gx:coord>
        <when>2026-01-01T10:51:07.0901320Z</when>
        <gx:coord>15.743694 51.178024 592.30914</gx:coord>
        <when>2026-01-01T10:51:09.4491320Z</when>
        <gx:coord>15.74245 51.177834 590.6908</gx:coord>
        <when>2026-01-01T10:51:14.4501320Z</when>
        <gx:coord>15.739344 51.177364 587.43866</gx:coord>
        <when>2026-01-01T10:51:19.4491320Z</when>
        <gx:coord>15.7362 51.176956 582.7136</gx:coord>
        <when>2026-01-01T10:51:24.4501320Z</when>
        <gx:coord>15.7330065 51.176567 584.3563</gx:coord>
        <when>2026-01-01T10:51:29.4491320Z</when>
        <gx:coord>15.729784 51.176224 588.6715</gx:coord>
        <when>2026-01-01T10:51:34.4491320Z</when>
        <gx:coord>15.726552 51.17595 586.5096</gx:coord>
        <when>2026-01-01T10:51:38.0861320Z</when>
        <gx:coord>15.724598 51.175804 585.2073</gx:coord>
        <when>2026-01-01T10:51:39.4501320Z</when>
        <gx:coord>15.723287 51.175728 583.297</gx:coord>
        <when>2026-01-01T10:51:44.4501320Z</when>
        <gx:coord>15.719979 51.175552 580.1449</gx:coord>
        <when>2026-01-01T10:51:48.0861320Z</when>
        <gx:coord>15.717312 51.175404 579.3256</gx:coord>
        <when>2026-01-01T10:51:49.4661320Z</when>
        <gx:coord>15.716643 51.175365 580.26074</gx:coord>
        <when>2026-01-01T10:51:54.4501320Z</when>
        <gx:coord>15.713328 51.175186 582.3457</gx:coord>
        <when>2026-01-01T10:51:59.4501320Z</when>
        <gx:coord>15.71005 51.175014 581.1245</gx:coord>
        <when>2026-01-01T10:52:04.4501320Z</when>
        <gx:coord>15.706793 51.17488 580.70013</gx:coord>
        <when>2026-01-01T10:52:09.4501320Z</when>
        <gx:coord>15.703571 51.174767 580.9964</gx:coord>
        <when>2026-01-01T10:52:14.4501320Z</when>
        <gx:coord>15.700344 51.17459 578.3099</gx:coord>
        <when>2026-01-01T10:52:19.4501320Z</when>
        <gx:coord>15.697053 51.174385 586.68756</gx:coord>
        <when>2026-01-01T10:52:24.4501320Z</when>
        <gx:coord>15.693695 51.174244 588.03503</gx:coord>
        <when>2026-01-01T10:52:29.0901320Z</when>
        <gx:coord>15.690288 51.174118 591.6235</gx:coord>
        <when>2026-01-01T10:52:29.4501320Z</when>
        <gx:coord>15.690288 51.174118 592.6894</gx:coord>
        <when>2026-01-01T10:52:34.4501320Z</when>
        <gx:coord>15.686873 51.174034 600.1775</gx:coord>
        <when>2026-01-01T10:52:39.4511320Z</when>
        <gx:coord>15.683436 51.173954 604.0514</gx:coord>
        <when>2026-01-01T10:52:44.4501320Z</when>
        <gx:coord>15.680007 51.17397 605.62665</gx:coord>
        <when>2026-01-01T10:52:49.4691320Z</when>
        <gx:coord>15.676636 51.174004 606.65906</gx:coord>
        <when>2026-01-01T10:52:54.4501320Z</when>
        <gx:coord>15.6732645 51.17403 604.6277</gx:coord>
        <when>2026-01-01T10:52:59.4511320Z</when>
        <gx:coord>15.669904 51.17399 606.1134</gx:coord>
        <when>2026-01-01T10:53:04.4511320Z</when>
        <gx:coord>15.666516 51.173878 605.56976</gx:coord>
        <when>2026-01-01T10:53:09.0921320Z</when>
        <gx:coord>15.663114 51.17375 608.0967</gx:coord>
        <when>2026-01-01T10:53:09.4501320Z</when>
        <gx:coord>15.663114 51.17375 608.9715</gx:coord>
        <when>2026-01-01T10:53:13.0891320Z</when>
        <gx:coord>15.660389 51.17363 619.3187</gx:coord>
        <when>2026-01-01T10:53:14.4511320Z</when>
        <gx:coord>15.659703 51.173603 619.9358</gx:coord>
        <when>2026-01-01T10:53:19.4511320Z</when>
        <gx:coord>15.656264 51.173485 625.222</gx:coord>
        <when>2026-01-01T10:53:24.4511320Z</when>
        <gx:coord>15.652812 51.173397 619.7079</gx:coord>
        <when>2026-01-01T10:53:29.4511320Z</when>
        <gx:coord>15.649301 51.173424 617.07184</gx:coord>
        <when>2026-01-01T10:53:34.4511320Z</when>
        <gx:coord>15.645786 51.173405 622.8471</gx:coord>
        <when>2026-01-01T10:53:39.4501320Z</when>
        <gx:coord>15.642281 51.173267 625.18085</gx:coord>
        <when>2026-01-01T10:53:44.4511320Z</when>
        <gx:coord>15.638745 51.17308 631.91547</gx:coord>
        <when>2026-01-01T10:53:48.0931320Z</when>
        <gx:coord>15.635909 51.172905 630.7147</gx:coord>
        <when>2026-01-01T10:53:49.4651320Z</when>
        <gx:coord>15.635196 51.172867 630.63226</gx:coord>
        <when>2026-01-01T10:53:54.4511320Z</when>
        <gx:coord>15.631623 51.172718 632.82697</gx:coord>
        <when>2026-01-01T10:53:59.4511320Z</when>
        <gx:coord>15.628033 51.172695 640.59076</gx:coord>
        <when>2026-01-01T10:54:04.4511320Z</when>
        <gx:coord>15.624468 51.17264 645.69336</gx:coord>
        <when>2026-01-01T10:54:09.4511320Z</when>
        <gx:coord>15.620891 51.17266 640.9496</gx:coord>
        <when>2026-01-01T10:54:14.4511320Z</when>
        <gx:coord>15.617383 51.172737 639.3236</gx:coord>
        <when>2026-01-01T10:54:16.0831320Z</when>
        <gx:coord>15.616681 51.172768 637.7158</gx:coord>
        <when>2026-01-01T10:54:19.4511320Z</when>
        <gx:coord>15.613846 51.17293 631.2177</gx:coord>
        <when>2026-01-01T10:54:24.4511320Z</when>
        <gx:coord>15.610258 51.173187 634.5783</gx:coord>
        <when>2026-01-01T10:54:26.0931320Z</when>
        <gx:coord>15.608848 51.173313 635.4347</gx:coord>
        <when>2026-01-01T10:54:29.4511320Z</when>
        <gx:coord>15.606772 51.173542 644.6339</gx:coord>
        <when>2026-01-01T10:54:34.4511320Z</when>
        <gx:coord>15.603382 51.17404 636.5568</gx:coord>
        <when>2026-01-01T10:54:35.0851320Z</when>
        <gx:coord>15.603382 51.17404 636.5568</gx:coord>
        <when>2026-01-01T10:54:39.4511320Z</when>
        <gx:coord>15.600001 51.174614 630.4192</gx:coord>
        <when>2026-01-01T10:54:44.4511320Z</when>
        <gx:coord>15.596628 51.175175 623.56586</gx:coord>
        <when>2026-01-01T10:54:49.4771320Z</when>
        <gx:coord>15.593303 51.175762 620.112</gx:coord>
        <when>2026-01-01T10:54:54.4511320Z</when>
        <gx:coord>15.590033 51.176422 620.956</gx:coord>
        <when>2026-01-01T10:54:59.4511320Z</when>
        <gx:coord>15.586828 51.17719 622.91</gx:coord>
        <when>2026-01-01T10:55:04.4511320Z</when>
        <gx:coord>15.583658 51.178062 619.84576</gx:coord>
        <when>2026-01-01T10:55:05.0941320Z</when>
        <gx:coord>15.583005 51.178215 619.84576</gx:coord>
        <when>2026-01-01T10:55:09.4511320Z</when>
        <gx:coord>15.580414 51.178825 614.37787</gx:coord>
        <when>2026-01-01T10:55:14.4511320Z</when>
        <gx:coord>15.57725 51.179634 609.53784</gx:coord>
        <when>2026-01-01T10:55:19.4671320Z</when>
        <gx:coord>15.5741205 51.180435 609.66034</gx:coord>
        <when>2026-01-01T10:55:24.4521320Z</when>
        <gx:coord>15.5709715 51.181232 617.60046</gx:coord>
        <when>2026-01-01T10:55:29.4531320Z</when>
        <gx:coord>15.567885 51.182083 624.5958</gx:coord>
        <when>2026-01-01T10:55:34.4521320Z</when>
        <gx:coord>15.564764 51.182926 631.29364</gx:coord>
        <when>2026-01-01T10:55:39.4521320Z</when>
        <gx:coord>15.561569 51.18367 632.54236</gx:coord>
        <when>2026-01-01T10:55:44.4521320Z</when>
        <gx:coord>15.558319 51.184277 629.00323</gx:coord>
        <when>2026-01-01T10:55:45.0951320Z</when>
        <gx:coord>15.557664 51.18439 629.00323</gx:coord>
        <when>2026-01-01T10:55:49.5031320Z</when>
        <gx:coord>15.555055 51.18483 629.1094</gx:coord>
        <when>2026-01-01T10:55:54.4521320Z</when>
        <gx:coord>15.551825 51.185406 626.66406</gx:coord>
        <when>2026-01-01T10:55:59.4521320Z</when>
        <gx:coord>15.548616 51.186012 626.2024</gx:coord>
        <when>2026-01-01T10:56:04.4521320Z</when>
        <gx:coord>15.545422 51.18658 618.9098</gx:coord>
        <when>2026-01-01T10:56:09.4511320Z</when>
        <gx:coord>15.542234 51.187134 620.8107</gx:coord>
        <when>2026-01-01T10:56:14.4521320Z</when>
        <gx:coord>15.539083 51.187695 631.24774</gx:coord>
        <when>2026-01-01T10:56:19.4521320Z</when>
        <gx:coord>15.535884 51.188206 631.8157</gx:coord>
        <when>2026-01-01T10:56:24.4511320Z</when>
        <gx:coord>15.532625 51.188713 637.0257</gx:coord>
        <when>2026-01-01T10:56:25.0961320Z</when>
        <gx:coord>15.53197 51.188816 637.0257</gx:coord>
        <when>2026-01-01T10:56:29.4521320Z</when>
        <gx:coord>15.529368 51.189274 642.79156</gx:coord>
        <when>2026-01-01T10:56:34.4521320Z</when>
        <gx:coord>15.526165 51.189915 644.5907</gx:coord>
        <when>2026-01-01T10:56:39.4521320Z</when>
        <gx:coord>15.522984 51.190598 639.8841</gx:coord>
        <when>2026-01-01T10:56:44.4511320Z</when>
        <gx:coord>15.519793 51.1913 633.0142</gx:coord>
        <when>2026-01-01T10:56:49.4691320Z</when>
        <gx:coord>15.5165825 51.19209 630.2168</gx:coord>
        <when>2026-01-01T10:56:54.4511320Z</when>
        <gx:coord>15.513358 51.19284 625.1992</gx:coord>
        <when>2026-01-01T10:56:59.4521320Z</when>
        <gx:coord>15.51009 51.193592 617.3996</gx:coord>
        <when>2026-01-01T10:57:04.0951320Z</when>
        <gx:coord>15.506761 51.194355 616.45056</gx:coord>
        <when>2026-01-01T10:57:04.4521320Z</when>
        <gx:coord>15.506761 51.194355 615.92535</gx:coord>
        <when>2026-01-01T10:57:09.4521320Z</when>
        <gx:coord>15.503459 51.19517 619.3405</gx:coord>
        <when>2026-01-01T10:57:14.4521320Z</when>
        <gx:coord>15.500179 51.19597 624.1408</gx:coord>
        <when>2026-01-01T10:57:19.4521320Z</when>
        <gx:coord>15.496856 51.1967 622.9442</gx:coord>
        <when>2026-01-01T10:57:24.4521320Z</when>
        <gx:coord>15.493529 51.19747 611.8597</gx:coord>
        <when>2026-01-01T10:57:29.4521320Z</when>
        <gx:coord>15.490145 51.19823 605.3526</gx:coord>
        <when>2026-01-01T10:57:34.4521320Z</when>
        <gx:coord>15.486682 51.19886 609.63727</gx:coord>
        <when>2026-01-01T10:57:39.4521320Z</when>
        <gx:coord>15.483232 51.199535 617.5303</gx:coord>
        <when>2026-01-01T10:57:42.0981320Z</when>
        <gx:coord>15.4811735 51.19994 617.6479</gx:coord>
        <when>2026-01-01T10:57:44.4521320Z</when>
        <gx:coord>15.479808 51.20022 618.04083</gx:coord>
        <when>2026-01-01T10:57:49.4661320Z</when>
        <gx:coord>15.476423 51.200893 622.4203</gx:coord>
        <when>2026-01-01T10:57:54.4521320Z</when>
        <gx:coord>15.473093 51.20154 625.54034</gx:coord>
        <when>2026-01-01T10:57:59.4521320Z</when>
        <gx:coord>15.469761 51.202145 627.0118</gx:coord>
        <when>2026-01-01T10:58:04.4521320Z</when>
        <gx:coord>15.466423 51.20272 631.98334</gx:coord>
        <when>2026-01-01T10:58:09.4521320Z</when>
        <gx:coord>15.4630995 51.203316 629.42334</gx:coord>
        <when>2026-01-01T10:58:14.4521320Z</when>
        <gx:coord>15.459756 51.20389 629.7058</gx:coord>
        <when>2026-01-01T10:58:19.4521320Z</when>
        <gx:coord>15.456468 51.204487 630.2789</gx:coord>
        <when>2026-01-01T10:58:21.0941320Z</when>
        <gx:coord>15.45515 51.204746 628.8608</gx:coord>
        <when>2026-01-01T10:58:24.4521320Z</when>
        <gx:coord>15.453171 51.205124 624.6394</gx:coord>
        <when>2026-01-01T10:58:29.4511320Z</when>
        <gx:coord>15.449827 51.205723 621.7525</gx:coord>
        <when>2026-01-01T10:58:34.4521320Z</when>
        <gx:coord>15.446427 51.20633 622.7594</gx:coord>
        <when>2026-01-01T10:58:39.4521320Z</when>
        <gx:coord>15.443005 51.207012 629.8212</gx:coord>
        <when>2026-01-01T10:58:44.4521320Z</when>
        <gx:coord>15.439617 51.207745 630.24133</gx:coord>
        <when>2026-01-01T10:58:49.4661320Z</when>
        <gx:coord>15.436227 51.20847 629.1749</gx:coord>
        <when>2026-01-01T10:58:54.4521320Z</when>
        <gx:coord>15.432792 51.20911 631.4946</gx:coord>
        <when>2026-01-01T10:58:59.0931320Z</when>
        <gx:coord>15.429385 51.209736 627.71674</gx:coord>
        <when>2026-01-01T10:58:59.4521320Z</when>
        <gx:coord>15.429385 51.209736 625.9287</gx:coord>
        <when>2026-01-01T10:59:04.4521320Z</when>
        <gx:coord>15.425963 51.21032 620.2594</gx:coord>
        <when>2026-01-01T10:59:09.4521320Z</when>
        <gx:coord>15.42255 51.21082 620.8616</gx:coord>
        <when>2026-01-01T10:59:14.4521320Z</when>
        <gx:coord>15.419177 51.211323 615.873</gx:coord>
        <when>2026-01-01T10:59:19.4521320Z</when>
        <gx:coord>15.415878 51.211876 608.3101</gx:coord>
        <when>2026-01-01T10:59:24.4521320Z</when>
        <gx:coord>15.41259 51.21246 601.69965</gx:coord>
        <when>2026-01-01T10:59:29.4521320Z</when>
        <gx:coord>15.409398 51.213108 603.1546</gx:coord>
        <when>2026-01-01T10:59:34.4521320Z</when>
        <gx:coord>15.4063015 51.21374 603.39374</gx:coord>
        <when>2026-01-01T10:59:39.1001320Z</when>
        <gx:coord>15.403224 51.214245 603.6238</gx:coord>
        <when>2026-01-01T10:59:39.4521320Z</when>
        <gx:coord>15.403224 51.214245 603.23346</gx:coord>
        <when>2026-01-01T10:59:44.4521320Z</when>
        <gx:coord>15.400134 51.2147 599.58856</gx:coord>
        <when>2026-01-01T10:59:49.4701320Z</when>
        <gx:coord>15.397021 51.215145 597.1251</gx:coord>
        <when>2026-01-01T10:59:54.4521320Z</when>
        <gx:coord>15.393935 51.215576 596.3733</gx:coord>
        <when>2026-01-01T10:59:59.4521320Z</when>
        <gx:coord>15.390834 51.216015 592.81854</gx:coord>
        <when>2026-01-01T11:00:04.4521320Z</when>
        <gx:coord>15.387735 51.21648 589.34247</gx:coord>
        <when>2026-01-01T11:00:05.0901320Z</when>
        <gx:coord>15.387112 51.21657 588.66113</gx:coord>
        <when>2026-01-01T11:00:09.4521320Z</when>
        <gx:coord>15.384602 51.216923 584.1885</gx:coord>
        <when>2026-01-01T11:00:14.4521320Z</when>
        <gx:coord>15.38132 51.217457 573.20215</gx:coord>
        <when>2026-01-01T11:00:19.4541320Z</when>
        <gx:coord>15.377977 51.21799 571.46277</gx:coord>
        <when>2026-01-01T11:00:20.0911320Z</when>
        <gx:coord>15.377315 51.218098 571.46277</gx:coord>
        <when>2026-01-01T11:00:24.4521320Z</when>
        <gx:coord>15.374691 51.218513 574.7927</gx:coord>
        <when>2026-01-01T11:00:29.4521320Z</when>
        <gx:coord>15.3714695 51.219055 579.69617</gx:coord>
        <when>2026-01-01T11:00:34.4521320Z</when>
        <gx:coord>15.368225 51.219524 587.6185</gx:coord>
        <when>2026-01-01T11:00:39.4521320Z</when>
        <gx:coord>15.364969 51.22001 592.37225</gx:coord>
        <when>2026-01-01T11:00:44.4521320Z</when>
        <gx:coord>15.361776 51.220463 596.20605</gx:coord>
        <when>2026-01-01T11:00:49.5041320Z</when>
        <gx:coord>15.358679 51.22094 598.3678</gx:coord>
        <when>2026-01-01T11:00:54.4521320Z</when>
        <gx:coord>15.355605 51.22148 595.8027</gx:coord>
        <when>2026-01-01T11:00:59.4521320Z</when>
        <gx:coord>15.35253 51.22201 592.087</gx:coord>
        <when>2026-01-01T11:01:01.0971320Z</when>
        <gx:coord>15.351305 51.222225 592.3114</gx:coord>
        <when>2026-01-01T11:01:04.4521320Z</when>
        <gx:coord>15.349473 51.222557 591.5479</gx:coord>
        <when>2026-01-01T11:01:09.4521320Z</when>
        <gx:coord>15.346408 51.22307 589.64716</gx:coord>
        <when>2026-01-01T11:01:14.4521320Z</when>
        <gx:coord>15.343312 51.223515 591.3881</gx:coord>
        <when>2026-01-01T11:01:19.4521320Z</when>
        <gx:coord>15.340235 51.223896 594.31665</gx:coord>
        <when>2026-01-01T11:01:24.4521320Z</when>
        <gx:coord>15.337148 51.224285 594.3301</gx:coord>
        <when>2026-01-01T11:01:29.4521320Z</when>
        <gx:coord>15.334019 51.224693 592.98553</gx:coord>
        <when>2026-01-01T11:01:34.4521320Z</when>
        <gx:coord>15.330855 51.225067 590.3113</gx:coord>
        <when>2026-01-01T11:01:39.4521320Z</when>
        <gx:coord>15.327664 51.22541 591.9808</gx:coord>
        <when>2026-01-01T11:01:43.0901320Z</when>
        <gx:coord>15.325115 51.22567 594.6236</gx:coord>
        <when>2026-01-01T11:01:44.4521320Z</when>
        <gx:coord>15.324477 51.225735 599.182</gx:coord>
        <when>2026-01-01T11:01:49.4781320Z</when>
        <gx:coord>15.321252 51.226093 605.0638</gx:coord>
        <when>2026-01-01T11:01:54.4521320Z</when>
        <gx:coord>15.3179245 51.22655 606.5506</gx:coord>
        <when>2026-01-01T11:01:59.4521320Z</when>
        <gx:coord>15.314531 51.22702 611.6136</gx:coord>
        <when>2026-01-01T11:02:04.4521320Z</when>
        <gx:coord>15.311166 51.22755 606.4393</gx:coord>
        <when>2026-01-01T11:02:09.4521320Z</when>
        <gx:coord>15.307817 51.22808 601.45154</gx:coord>
        <when>2026-01-01T11:02:14.4521320Z</when>
        <gx:coord>15.304533 51.228638 596.8929</gx:coord>
        <when>2026-01-01T11:02:19.4521320Z</when>
        <gx:coord>15.301261 51.2292 594.7972</gx:coord>
        <when>2026-01-01T11:02:23.0891320Z</when>
        <gx:coord>15.298669 51.229687 590.3343</gx:coord>
        <when>2026-01-01T11:02:24.4521320Z</when>
        <gx:coord>15.298022 51.22981 587.3294</gx:coord>
        <when>2026-01-01T11:02:27.1091320Z</when>
        <gx:coord>15.296097 51.230186 584.47565</gx:coord>
        <when>2026-01-01T11:02:29.4521320Z</when>
        <gx:coord>15.294821 51.230453 581.5707</gx:coord>
        <when>2026-01-01T11:02:34.4521320Z</when>
        <gx:coord>15.291649 51.231163 576.14496</gx:coord>
        <when>2026-01-01T11:02:39.4521320Z</when>
        <gx:coord>15.2884865 51.231895 570.493</gx:coord>
        <when>2026-01-01T11:02:44.4521320Z</when>
        <gx:coord>15.2853 51.23268 564.7087</gx:coord>
        <when>2026-01-01T11:02:49.4801320Z</when>
        <gx:coord>15.282119 51.23351 559.3888</gx:coord>
        <when>2026-01-01T11:02:50.0931320Z</when>
        <gx:coord>15.281485 51.233677 557.9184</gx:coord>
        <when>2026-01-01T11:02:54.4521320Z</when>
        <gx:coord>15.27894 51.234337 556.38684</gx:coord>
        <when>2026-01-01T11:02:59.4521320Z</when>
        <gx:coord>15.275774 51.23521 554.20844</gx:coord>
        <when>2026-01-01T11:03:02.0921320Z</when>
        <gx:coord>15.27453 51.23557 555.44073</gx:coord>
        <when>2026-01-01T11:03:02.1071320Z</when>
        <gx:coord>15.273915 51.23575 555.44073</gx:coord>
        <when>2026-01-01T11:03:04.4521320Z</when>
        <gx:coord>15.272691 51.236107 555.6041</gx:coord>
        <when>2026-01-01T11:03:09.4531320Z</when>
        <gx:coord>15.269646 51.236984 558.80334</gx:coord>
        <when>2026-01-01T11:03:14.4521320Z</when>
        <gx:coord>15.266681 51.23782 561.779</gx:coord>
        <when>2026-01-01T11:03:19.4511320Z</when>
        <gx:coord>15.263775 51.238647 559.9882</gx:coord>
        <when>2026-01-01T11:03:24.4521320Z</when>
        <gx:coord>15.260921 51.239513 564.4162</gx:coord>
        <when>2026-01-01T11:03:29.4521320Z</when>
        <gx:coord>15.2580595 51.240353 566.48956</gx:coord>
        <when>2026-01-01T11:03:34.4521320Z</when>
        <gx:coord>15.255124 51.241234 567.3104</gx:coord>
        <when>2026-01-01T11:03:39.4531320Z</when>
        <gx:coord>15.252162 51.24217 574.47253</gx:coord>
        <when>2026-01-01T11:03:43.1081320Z</when>
        <gx:coord>15.249802 51.24297 582.27313</gx:coord>
        <when>2026-01-01T11:03:44.4511320Z</when>
        <gx:coord>15.249217 51.24317 585.6308</gx:coord>
        <when>2026-01-01T11:03:46.0891320Z</when>
        <gx:coord>15.24805 51.243584 588.4238</gx:coord>
        <when>2026-01-01T11:03:49.4851320Z</when>
        <gx:coord>15.246288 51.244194 590.3605</gx:coord>
        <when>2026-01-01T11:03:54.4521320Z</when>
        <gx:coord>15.243372 51.245167 591.63574</gx:coord>
        <when>2026-01-01T11:03:59.4521320Z</when>
        <gx:coord>15.240438 51.246094 590.88776</gx:coord>
        <when>2026-01-01T11:04:04.4521320Z</when>
        <gx:coord>15.237535 51.247066 593.0075</gx:coord>
        <when>2026-01-01T11:04:09.4521320Z</when>
        <gx:coord>15.234657 51.248055 601.83026</gx:coord>
        <when>2026-01-01T11:04:14.4521320Z</when>
        <gx:coord>15.231821 51.24908 604.44824</gx:coord>
        <when>2026-01-01T11:04:19.4511320Z</when>
        <gx:coord>15.228933 51.25021 601.6764</gx:coord>
        <when>2026-01-01T11:04:23.1061320Z</when>
        <gx:coord>15.226612 51.25113 599.34845</gx:coord>
        <when>2026-01-01T11:04:24.4521320Z</when>
        <gx:coord>15.226029 51.251358 599.26416</gx:coord>
        <when>2026-01-01T11:04:29.4511320Z</when>
        <gx:coord>15.223146 51.252544 599.802</gx:coord>
        <when>2026-01-01T11:04:33.0911320Z</when>
        <gx:coord>15.221418 51.25329 600.9025</gx:coord>
        <when>2026-01-01T11:04:34.4511320Z</when>
        <gx:coord>15.220269 51.25379 601.7876</gx:coord>
        <when>2026-01-01T11:04:39.4521320Z</when>
        <gx:coord>15.217362 51.255035 608.31104</gx:coord>
        <when>2026-01-01T11:04:43.0951320Z</when>
        <gx:coord>15.215046 51.256073 621.1421</gx:coord>
        <when>2026-01-01T11:04:44.4511320Z</when>
        <gx:coord>15.214469 51.25634 624.0961</gx:coord>
        <when>2026-01-01T11:04:49.4751320Z</when>
        <gx:coord>15.211563 51.257717 629.3509</gx:coord>
        <when>2026-01-01T11:04:54.4631320Z</when>
        <gx:coord>15.208703 51.2591 629.3166</gx:coord>
        <when>2026-01-01T11:04:59.4561320Z</when>
        <gx:coord>15.205873 51.260513 621.28595</gx:coord>
        <when>2026-01-01T11:05:01.0931320Z</when>
        <gx:coord>15.205311 51.260807 619.3196</gx:coord>
        <when>2026-01-01T11:05:01.0981320Z</when>
        <gx:coord>15.204748 51.261105 619.3196</gx:coord>
        <when>2026-01-01T11:05:04.4511320Z</when>
        <gx:coord>15.20305 51.262012 609.3338</gx:coord>
        <when>2026-01-01T11:05:09.0901320Z</when>
        <gx:coord>15.200861 51.263336 606.67737</gx:coord>
        <when>2026-01-01T11:05:09.4511320Z</when>
        <gx:coord>15.200321 51.26368 605.8644</gx:coord>
        <when>2026-01-01T11:05:14.4511320Z</when>
        <gx:coord>15.197684 51.26544 614.06934</gx:coord>
        <when>2026-01-01T11:05:19.4511320Z</when>
        <gx:coord>15.195229 51.267212 619.547</gx:coord>
        <when>2026-01-01T11:05:24.4511320Z</when>
        <gx:coord>15.192869 51.268974 618.1498</gx:coord>
        <when>2026-01-01T11:05:29.4511320Z</when>
        <gx:coord>15.190472 51.27067 616.29144</gx:coord>
        <when>2026-01-01T11:05:34.4511320Z</when>
        <gx:coord>15.188038 51.272327 614.96014</gx:coord>
        <when>2026-01-01T11:05:37.1001320Z</when>
        <gx:coord>15.186573 51.2733 615.0739</gx:coord>
        <when>2026-01-01T11:05:39.4511320Z</when>
        <gx:coord>15.185587 51.27395 619.4464</gx:coord>
        <when>2026-01-01T11:05:44.4511320Z</when>
        <gx:coord>15.183118 51.27557 617.4199</gx:coord>
        <when>2026-01-01T11:05:49.5061320Z</when>
        <gx:coord>15.180722 51.27722 613.0459</gx:coord>
        <when>2026-01-01T11:05:54.4511320Z</when>
        <gx:coord>15.178276 51.278854 606.6796</gx:coord>
        <when>2026-01-01T11:05:59.4511320Z</when>
        <gx:coord>15.175828 51.28049 606.982</gx:coord>
        <when>2026-01-01T11:06:04.4511320Z</when>
        <gx:coord>15.17343 51.282124 607.5874</gx:coord>
        <when>2026-01-01T11:06:09.4511320Z</when>
        <gx:coord>15.171046 51.28375 606.45123</gx:coord>
        <when>2026-01-01T11:06:14.4511320Z</when>
        <gx:coord>15.168556 51.28528 607.5529</gx:coord>
        <when>2026-01-01T11:06:15.0941320Z</when>
        <gx:coord>15.168053 51.28558 607.5529</gx:coord>
        <when>2026-01-01T11:06:19.4511320Z</when>
        <gx:coord>15.166078 51.286858 606.848</gx:coord>
        <when>2026-01-01T11:06:24.4511320Z</when>
        <gx:coord>15.163654 51.288494 610.23755</gx:coord>
        <when>2026-01-01T11:06:29.4511320Z</when>
        <gx:coord>15.161297 51.29016 610.17035</gx:coord>
        <when>2026-01-01T11:06:34.4501320Z</when>
        <gx:coord>15.159019 51.291866 613.38965</gx:coord>
        <when>2026-01-01T11:06:39.4511320Z</when>
        <gx:coord>15.156865 51.29366 612.1408</gx:coord>
        <when>2026-01-01T11:06:40.0901320Z</when>
        <gx:coord>15.156865 51.29366 612.1408</gx:coord>
        <when>2026-01-01T11:06:44.4511320Z</when>
        <gx:coord>15.15486 51.295563 605.3571</gx:coord>
        <when>2026-01-01T11:06:49.4731320Z</when>
        <gx:coord>15.1529 51.297512 599.9751</gx:coord>
        <when>2026-01-01T11:06:53.1011320Z</when>
        <gx:coord>15.151334 51.299072 599.0166</gx:coord>
        <when>2026-01-01T11:06:54.4511320Z</when>
        <gx:coord>15.150937 51.29946 600.8052</gx:coord>
        <when>2026-01-01T11:06:59.4511320Z</when>
        <gx:coord>15.148911 51.30142 603.454</gx:coord>
        <when>2026-01-01T11:07:04.4501320Z</when>
        <gx:coord>15.146841 51.303375 609.26746</gx:coord>
        <when>2026-01-01T11:07:09.4501320Z</when>
        <gx:coord>15.144914 51.305458 604.07526</gx:coord>
        <when>2026-01-01T11:07:14.4511320Z</when>
        <gx:coord>15.142931 51.307575 603.4734</gx:coord>
        <when>2026-01-01T11:07:19.4511320Z</when>
        <gx:coord>15.14108 51.309772 610.64417</gx:coord>
        <when>2026-01-01T11:07:24.4511320Z</when>
        <gx:coord>15.13936 51.311974 603.36285</gx:coord>
        <when>2026-01-01T11:07:27.0901320Z</when>
        <gx:coord>15.138713 51.31285 602.2723</gx:coord>
        <when>2026-01-01T11:07:28.1051320Z</when>
        <gx:coord>15.138091 51.31373 603.27</gx:coord>
        <when>2026-01-01T11:07:29.4501320Z</when>
        <gx:coord>15.13778 51.31416 605.1067</gx:coord>
        <when>2026-01-01T11:07:34.4511320Z</when>
        <gx:coord>15.136229 51.316273 602.7618</gx:coord>
        <when>2026-01-01T11:07:39.4511320Z</when>
        <gx:coord>15.134566 51.318333 598.7813</gx:coord>
        <when>2026-01-01T11:07:44.4501320Z</when>
        <gx:coord>15.132875 51.320385 593.8718</gx:coord>
        <when>2026-01-01T11:07:48.0881320Z</when>
        <gx:coord>15.131481 51.32202 590.2669</gx:coord>
        <when>2026-01-01T11:07:49.4721320Z</when>
        <gx:coord>15.131124 51.322433 589.6956</gx:coord>
        <when>2026-01-01T11:07:54.4511320Z</when>
        <gx:coord>15.129322 51.324505 591.7094</gx:coord>
        <when>2026-01-01T11:07:59.4511320Z</when>
        <gx:coord>15.127493 51.326588 591.51196</gx:coord>
        <when>2026-01-01T11:08:04.1021320Z</when>
        <gx:coord>15.125642 51.328693 597.49133</gx:coord>
        <when>2026-01-01T11:08:04.4511320Z</when>
        <gx:coord>15.125642 51.328693 597.97894</gx:coord>
        <when>2026-01-01T11:08:09.4501320Z</when>
        <gx:coord>15.123877 51.330822 603.6243</gx:coord>
        <when>2026-01-01T11:08:14.4511320Z</when>
        <gx:coord>15.122137 51.332912 603.78503</gx:coord>
        <when>2026-01-01T11:08:19.4501320Z</when>
        <gx:coord>15.120372 51.334957 595.724</gx:coord>
        <when>2026-01-01T11:08:24.4501320Z</when>
        <gx:coord>15.118618 51.337017 593.8165</gx:coord>
        <when>2026-01-01T11:08:29.4501320Z</when>
        <gx:coord>15.116861 51.33908 594.92804</gx:coord>
        <when>2026-01-01T11:08:34.4501320Z</when>
        <gx:coord>15.115104 51.341137 597.42456</gx:coord>
        <when>2026-01-01T11:08:39.4501320Z</when>
        <gx:coord>15.113326 51.343193 594.0036</gx:coord>
        <when>2026-01-01T11:08:40.1101320Z</when>
        <gx:coord>15.1129675 51.34361 594.0036</gx:coord>
        <when>2026-01-01T11:08:44.4501320Z</when>
        <gx:coord>15.111478 51.345253 588.6509</gx:coord>
        <when>2026-01-01T11:08:49.4671320Z</when>
        <gx:coord>15.109681 51.347336 589.77924</gx:coord>
        <when>2026-01-01T11:08:54.4501320Z</when>
        <gx:coord>15.107998 51.34943 589.89636</gx:coord>
        <when>2026-01-01T11:08:59.4501320Z</when>
        <gx:coord>15.106355 51.351536 590.8449</gx:coord>
        <when>2026-01-01T11:09:04.4501320Z</when>
        <gx:coord>15.104743 51.35364 605.886</gx:coord>
        <when>2026-01-01T11:09:09.4501320Z</when>
        <gx:coord>15.103246 51.355762 607.4618</gx:coord>
        <when>2026-01-01T11:09:14.4501320Z</when>
        <gx:coord>15.101778 51.357906 601.2726</gx:coord>
        <when>2026-01-01T11:09:16.0981320Z</when>
        <gx:coord>15.101171 51.358753 601.6126</gx:coord>
        <when>2026-01-01T11:09:19.4501320Z</when>
        <gx:coord>15.100255 51.36001 602.6154</gx:coord>
        <when>2026-01-01T11:09:24.4501320Z</when>
        <gx:coord>15.098743 51.362106 599.5805</gx:coord>
        <when>2026-01-01T11:09:29.4501320Z</when>
        <gx:coord>15.097233 51.3642 598.2741</gx:coord>
        <when>2026-01-01T11:09:34.4501320Z</when>
        <gx:coord>15.09575 51.3663 595.1185</gx:coord>
        <when>2026-01-01T11:09:39.4501320Z</when>
        <gx:coord>15.094306 51.36839 594.88824</gx:coord>
        <when>2026-01-01T11:09:44.4501320Z</when>
        <gx:coord>15.092874 51.370453 601.59064</gx:coord>
        <when>2026-01-01T11:09:49.4541320Z</when>
        <gx:coord>15.091315 51.372494 602.4372</gx:coord>
        <when>2026-01-01T11:09:53.1001320Z</when>
        <gx:coord>15.089996 51.374146 601.28534</gx:coord>
        <when>2026-01-01T11:09:54.4501320Z</when>
        <gx:coord>15.089646 51.37456 601.77875</gx:coord>
        <when>2026-01-01T11:09:59.4501320Z</when>
        <gx:coord>15.087915 51.376667 608.1319</gx:coord>
        <when>2026-01-01T11:10:04.4501320Z</when>
        <gx:coord>15.08626 51.378815 608.3768</gx:coord>
        <when>2026-01-01T11:10:09.4501320Z</when>
        <gx:coord>15.084551 51.380947 604.6215</gx:coord>
        <when>2026-01-01T11:10:14.4501320Z</when>
        <gx:coord>15.08291 51.38307 603.9736</gx:coord>
        <when>2026-01-01T11:10:19.4491320Z</when>
        <gx:coord>15.081306 51.385155 600.1841</gx:coord>
        <when>2026-01-01T11:10:24.4491320Z</when>
        <gx:coord>15.079777 51.387253 598.1832</gx:coord>
        <when>2026-01-01T11:10:29.1021320Z</when>
        <gx:coord>15.078293 51.389355 602.47015</gx:coord>
        <when>2026-01-01T11:10:29.4501320Z</when>
        <gx:coord>15.078293 51.389355 602.97046</gx:coord>
        <when>2026-01-01T11:10:34.4501320Z</when>
        <gx:coord>15.076785 51.391457 605.8961</gx:coord>
        <when>2026-01-01T11:10:39.4501320Z</when>
        <gx:coord>15.075311 51.39357 606.5465</gx:coord>
        <when>2026-01-01T11:10:44.4501320Z</when>
        <gx:coord>15.073915 51.3957 598.772</gx:coord>
        <when>2026-01-01T11:10:49.5031320Z</when>
        <gx:coord>15.072506 51.397793 595.04486</gx:coord>
        <when>2026-01-01T11:10:54.4501320Z</when>
        <gx:coord>15.071137 51.399902 598.04517</gx:coord>
        <when>2026-01-01T11:10:59.4501320Z</when>
        <gx:coord>15.069769 51.402065 594.6472</gx:coord>
        <when>2026-01-01T11:11:04.4501320Z</when>
        <gx:coord>15.068528 51.40427 587.1897</gx:coord>
        <when>2026-01-01T11:11:06.1041320Z</when>
        <gx:coord>15.068075 51.40517 585.19</gx:coord>
        <when>2026-01-01T11:11:09.4491320Z</when>
        <gx:coord>15.067423 51.40654 582.86255</gx:coord>
        <when>2026-01-01T11:11:14.4491320Z</when>
        <gx:coord>15.06635 51.40884 582.9964</gx:coord>
        <when>2026-01-01T11:11:19.4511320Z</when>
        <gx:coord>15.065331 51.411144 591.75085</gx:coord>
        <when>2026-01-01T11:11:22.0881320Z</when>
        <gx:coord>15.064951 51.41206 594.1803</gx:coord>
        <when>2026-01-01T11:11:24.4491320Z</when>
        <gx:coord>15.064389 51.41343 599.23376</gx:coord>
        <when>2026-01-01T11:11:29.4491320Z</when>
        <gx:coord>15.063484 51.41574 596.2811</gx:coord>
        <when>2026-01-01T11:11:34.4501320Z</when>
        <gx:coord>15.062661 51.41811 598.4285</gx:coord>
        <when>2026-01-01T11:11:39.4501320Z</when>
        <gx:coord>15.061856 51.420494 601.9989</gx:coord>
        <when>2026-01-01T11:11:41.1051320Z</when>
        <gx:coord>15.061568 51.42146 600.98694</gx:coord>
        <when>2026-01-01T11:11:44.4501320Z</when>
        <gx:coord>15.061154 51.422897 598.54114</gx:coord>
        <when>2026-01-01T11:11:49.4691320Z</when>
        <gx:coord>15.060323 51.425247 594.31903</gx:coord>
        <when>2026-01-01T11:11:54.4491320Z</when>
        <gx:coord>15.05944 51.42754 593.53937</gx:coord>
        <when>2026-01-01T11:11:59.4491320Z</when>
        <gx:coord>15.058479 51.429794 590.75867</gx:coord>
        <when>2026-01-01T11:12:04.4491320Z</when>
        <gx:coord>15.057358 51.431984 587.8747</gx:coord>
        <when>2026-01-01T11:12:09.4491320Z</when>
        <gx:coord>15.0560875 51.434135 584.92755</gx:coord>
        <when>2026-01-01T11:12:14.4491320Z</when>
        <gx:coord>15.054867 51.4363 587.7124</gx:coord>
        <when>2026-01-01T11:12:17.1051320Z</when>
        <gx:coord>15.054114 51.437576 587.3984</gx:coord>
        <when>2026-01-01T11:12:19.4491320Z</when>
        <gx:coord>15.053562 51.438423 586.9557</gx:coord>
        <when>2026-01-01T11:12:21.0921320Z</when>
        <gx:coord>15.053263 51.438843 587.9929</gx:coord>
        <when>2026-01-01T11:12:24.4491320Z</when>
        <gx:coord>15.051979 51.440502 595.8342</gx:coord>
        <when>2026-01-01T11:12:29.4491320Z</when>
        <gx:coord>15.050425 51.44262 598.8607</gx:coord>
        <when>2026-01-01T11:12:34.4491320Z</when>
        <gx:coord>15.048928 51.444798 604.17413</gx:coord>
        <when>2026-01-01T11:12:39.4491320Z</when>
        <gx:coord>15.04747 51.446964 605.71796</gx:coord>
        <when>2026-01-01T11:12:44.4491320Z</when>
        <gx:coord>15.045994 51.44913 606.3331</gx:coord>
        <when>2026-01-01T11:12:49.4641320Z</when>
        <gx:coord>15.044559 51.45134 609.04584</gx:coord>
        <when>2026-01-01T11:12:53.1051320Z</when>
        <gx:coord>15.043445 51.45311 610.6214</gx:coord>
        <when>2026-01-01T11:12:54.4491320Z</when>
        <gx:coord>15.043166 51.453552 611.00433</gx:coord>
        <when>2026-01-01T11:12:59.4491320Z</when>
        <gx:coord>15.041819 51.455772 607.6274</gx:coord>
        <when>2026-01-01T11:13:04.4491320Z</when>
        <gx:coord>15.04047 51.45797 604.0357</gx:coord>
        <when>2026-01-01T11:13:09.4491320Z</when>
        <gx:coord>15.039037 51.460136 598.9024</gx:coord>
        <when>2026-01-01T11:13:14.4491320Z</when>
        <gx:coord>15.03753 51.462273 594.8229</gx:coord>
        <when>2026-01-01T11:13:19.4481320Z</when>
        <gx:coord>15.036049 51.464424 592.86127</gx:coord>
        <when>2026-01-01T11:13:24.4491320Z</when>
        <gx:coord>15.034518 51.46657 595.72723</gx:coord>
        <when>2026-01-01T11:13:29.1041320Z</when>
        <gx:coord>15.03294 51.46869 599.0994</gx:coord>
        <when>2026-01-01T11:13:29.4491320Z</when>
        <gx:coord>15.03294 51.46869 599.1728</gx:coord>
        <when>2026-01-01T11:13:34.4491320Z</when>
        <gx:coord>15.031224 51.470783 599.21387</gx:coord>
        <when>2026-01-01T11:13:39.4491320Z</when>
        <gx:coord>15.029589 51.47291 599.23157</gx:coord>
        <when>2026-01-01T11:13:44.4491320Z</when>
        <gx:coord>15.027964 51.475033 599.7838</gx:coord>
        <when>2026-01-01T11:13:49.4701320Z</when>
        <gx:coord>15.026374 51.47715 596.99774</gx:coord>
        <when>2026-01-01T11:13:54.4491320Z</when>
        <gx:coord>15.02482 51.479267 593.17706</gx:coord>
        <when>2026-01-01T11:13:59.4491320Z</when>
        <gx:coord>15.023087 51.481285 590.9485</gx:coord>
        <when>2026-01-01T11:14:04.4491320Z</when>
        <gx:coord>15.021187 51.483234 587.7836</gx:coord>
        <when>2026-01-01T11:14:05.0991320Z</when>
        <gx:coord>15.02079 51.48362 587.7836</gx:coord>
        <when>2026-01-01T11:14:09.4481320Z</when>
        <gx:coord>15.01915 51.48515 581.356</gx:coord>
        <when>2026-01-01T11:14:14.4491320Z</when>
        <gx:coord>15.017049 51.48707 578.80164</gx:coord>
        <when>2026-01-01T11:14:19.4481320Z</when>
        <gx:coord>15.014964 51.489037 590.8372</gx:coord>
        <when>2026-01-01T11:14:24.4491320Z</when>
        <gx:coord>15.012873 51.491 590.6907</gx:coord>
        <when>2026-01-01T11:14:29.4481320Z</when>
        <gx:coord>15.010921 51.493034 595.3385</gx:coord>
        <when>2026-01-01T11:14:34.0901320Z</when>
        <gx:coord>15.009295 51.494606 601.47485</gx:coord>
        <when>2026-01-01T11:14:34.4481320Z</when>
        <gx:coord>15.008862 51.494976 601.505</gx:coord>
        <when>2026-01-01T11:14:39.4541320Z</when>
        <gx:coord>15.006527 51.496758 601.4992</gx:coord>
        <when>2026-01-01T11:14:41.1021320Z</when>
        <gx:coord>15.00554 51.497448 601.1529</gx:coord>
        <when>2026-01-01T11:14:44.4481320Z</when>
        <gx:coord>15.003997 51.49843 603.7542</gx:coord>
        <when>2026-01-01T11:14:46.0881320Z</when>
        <gx:coord>15.003474 51.49875 603.8835</gx:coord>
        <when>2026-01-01T11:14:49.4531320Z</when>
        <gx:coord>15.00136 51.499985 601.8389</gx:coord>
        <when>2026-01-01T11:14:54.4481320Z</when>
        <gx:coord>14.998686 51.501453 601.50836</gx:coord>
        <when>2026-01-01T11:14:59.4481320Z</when>
        <gx:coord>14.995862 51.502724 604.8844</gx:coord>
        <when>2026-01-01T11:15:00.0931320Z</when>
        <gx:coord>14.995862 51.502724 604.8844</gx:coord>
        <when>2026-01-01T11:15:04.4481320Z</when>
        <gx:coord>14.992968 51.503883 606.3947</gx:coord>
        <when>2026-01-01T11:15:09.4481320Z</when>
        <gx:coord>14.989999 51.504936 606.74</gx:coord>
        <when>2026-01-01T11:15:14.0891320Z</when>
        <gx:coord>14.9875345 51.50565 605.66864</gx:coord>
        <when>2026-01-01T11:15:14.0951320Z</when>
        <gx:coord>14.98691 51.505814 605.66864</gx:coord>
        <when>2026-01-01T11:15:14.4481320Z</when>
        <gx:coord>14.98691 51.505814 604.7751</gx:coord>
        <when>2026-01-01T11:15:19.4481320Z</when>
        <gx:coord>14.983714 51.506454 601.6371</gx:coord>
        <when>2026-01-01T11:15:20.0971320Z</when>
        <gx:coord>14.983074 51.506557 601.6371</gx:coord>
        <when>2026-01-01T11:15:21.0921320Z</when>
        <gx:coord>14.983074 51.506557 600.8083</gx:coord>
        <when>2026-01-01T11:15:24.4481320Z</when>
        <gx:coord>14.9805 51.50697 599.5578</gx:coord>
        <when>2026-01-01T11:15:29.4481320Z</when>
        <gx:coord>14.977203 51.507523 595.3013</gx:coord>
        <when>2026-01-01T11:15:34.4481320Z</when>
        <gx:coord>14.9738655 51.508106 600.45953</gx:coord>
        <when>2026-01-01T11:15:39.4481320Z</when>
        <gx:coord>14.970466 51.508682 606.24786</gx:coord>
        <when>2026-01-01T11:15:44.4481320Z</when>
        <gx:coord>14.967074 51.509342 611.86346</gx:coord>
        <when>2026-01-01T11:15:49.4981320Z</when>
        <gx:coord>14.963716 51.51 611.65375</gx:coord>
        <when>2026-01-01T11:15:54.4481320Z</when>
        <gx:coord>14.960392 51.51069 608.80853</gx:coord>
        <when>2026-01-01T11:15:59.0961320Z</when>
        <gx:coord>14.957089 51.511375 607.49915</gx:coord>
        <when>2026-01-01T11:15:59.4481320Z</when>
        <gx:coord>14.957089 51.511375 607.3668</gx:coord>
        <when>2026-01-01T11:16:04.4481320Z</when>
        <gx:coord>14.953817 51.512062 605.771</gx:coord>
        <when>2026-01-01T11:16:09.4471320Z</when>
        <gx:coord>14.950544 51.51272 601.1445</gx:coord>
        <when>2026-01-01T11:16:14.4481320Z</when>
        <gx:coord>14.947257 51.51335 598.52783</gx:coord>
        <when>2026-01-01T11:16:19.4471320Z</when>
        <gx:coord>14.943968 51.51399 596.5426</gx:coord>
        <when>2026-01-01T11:16:24.4481320Z</when>
        <gx:coord>14.940672 51.51463 593.22656</gx:coord>
        <when>2026-01-01T11:16:29.4481320Z</when>
        <gx:coord>14.937354 51.515236 588.0913</gx:coord>
        <when>2026-01-01T11:16:34.4481320Z</when>
        <gx:coord>14.933977 51.51579 582.77325</gx:coord>
        <when>2026-01-01T11:16:38.1041320Z</when>
        <gx:coord>14.931286 51.516262 579.6102</gx:coord>
        <when>2026-01-01T11:16:39.4471320Z</when>
        <gx:coord>14.930616 51.51638 578.2354</gx:coord>
        <when>2026-01-01T11:16:44.4481320Z</when>
        <gx:coord>14.927277 51.516945 576.73004</gx:coord>
        <when>2026-01-01T11:16:49.4761320Z</when>
        <gx:coord>14.923939 51.517506 577.9424</gx:coord>
        <when>2026-01-01T11:16:54.4481320Z</when>
        <gx:coord>14.920593 51.51802 576.8498</gx:coord>
        <when>2026-01-01T11:16:59.4481320Z</when>
        <gx:coord>14.917281 51.518574 577.15</gx:coord>
        <when>2026-01-01T11:17:04.4471320Z</when>
        <gx:coord>14.913946 51.51911 576.7118</gx:coord>
        <when>2026-01-01T11:17:06.0891320Z</when>
        <gx:coord>14.913272 51.519207 575.91205</gx:coord>
        <when>2026-01-01T11:17:09.4471320Z</when>
        <gx:coord>14.910551 51.519585 579.76263</gx:coord>
        <when>2026-01-01T11:17:14.4471320Z</when>
        <gx:coord>14.907149 51.520115 583.2031</gx:coord>
        <when>2026-01-01T11:17:17.0981320Z</when>
        <gx:coord>14.90512 51.520454 583.5305</gx:coord>
        <when>2026-01-01T11:17:19.4471320Z</when>
        <gx:coord>14.903745 51.52067 585.1989</gx:coord>
        <when>2026-01-01T11:17:24.4471320Z</when>
        <gx:coord>14.900317 51.521248 588.4266</gx:coord>
        <when>2026-01-01T11:17:29.4471320Z</when>
        <gx:coord>14.896922 51.521843 589.5428</gx:coord>
        <when>2026-01-01T11:17:34.4471320Z</when>
        <gx:coord>14.89358 51.522408 590.0167</gx:coord>
        <when>2026-01-01T11:17:39.4471320Z</when>
        <gx:coord>14.890296 51.522964 589.13055</gx:coord>
        <when>2026-01-01T11:17:44.4471320Z</when>
        <gx:coord>14.887046 51.52355 587.85474</gx:coord>
        <when>2026-01-01T11:17:49.4731320Z</when>
        <gx:coord>14.8837805 51.524048 585.8106</gx:coord>
        <when>2026-01-01T11:17:54.4471320Z</when>
        <gx:coord>14.880523 51.52452 584.14404</gx:coord>
        <when>2026-01-01T11:17:56.1021320Z</when>
        <gx:coord>14.879229 51.52472 583.24695</gx:coord>
        <when>2026-01-01T11:17:59.4471320Z</when>
        <gx:coord>14.877282 51.52505 579.25824</gx:coord>
        <when>2026-01-01T11:18:04.4471320Z</when>
        <gx:coord>14.873986 51.525654 579.6517</gx:coord>
        <when>2026-01-01T11:18:09.4471320Z</when>
        <gx:coord>14.870681 51.52625 582.85144</gx:coord>
        <when>2026-01-01T11:18:14.4471320Z</when>
        <gx:coord>14.86738 51.526836 587.6125</gx:coord>
        <when>2026-01-01T11:18:19.4471320Z</when>
        <gx:coord>14.864002 51.527473 596.62286</gx:coord>
        <when>2026-01-01T11:18:24.4471320Z</when>
        <gx:coord>14.860605 51.52808 608.87354</gx:coord>
        <when>2026-01-01T11:18:29.4471320Z</when>
        <gx:coord>14.857185 51.528614 617.4249</gx:coord>
        <when>2026-01-01T11:18:32.0931320Z</when>
        <gx:coord>14.855136 51.52893 621.56494</gx:coord>
        <when>2026-01-01T11:18:34.4471320Z</when>
        <gx:coord>14.853784 51.529156 627.1295</gx:coord>
        <when>2026-01-01T11:18:35.0991320Z</when>
        <gx:coord>14.853105 51.529266 627.1295</gx:coord>
        <when>2026-01-01T11:18:39.4481320Z</when>
        <gx:coord>14.850375 51.529655 632.9438</gx:coord>
        <when>2026-01-01T11:18:44.4471320Z</when>
        <gx:coord>14.846936 51.530163 642.7593</gx:coord>
        <when>2026-01-01T11:18:49.4461320Z</when>
        <gx:coord>14.843512 51.53071 647.7741</gx:coord>
        <when>2026-01-01T11:18:54.0901320Z</when>
        <gx:coord>14.840082 51.5312 652.6422</gx:coord>
        <when>2026-01-01T11:18:54.4471320Z</when>
        <gx:coord>14.840082 51.5312 652.6422</gx:coord>
        <when>2026-01-01T11:18:59.4471320Z</when>
        <gx:coord>14.836633 51.5317 659.9901</gx:coord>
        <when>2026-01-01T11:19:04.4471320Z</when>
        <gx:coord>14.833294 51.53219 657.9646</gx:coord>
        <when>2026-01-01T11:19:09.4461320Z</when>
        <gx:coord>14.829972 51.532696 655.5148</gx:coord>
        <when>2026-01-01T11:19:14.0961320Z</when>
        <gx:coord>14.82663 51.53319 656.2572</gx:coord>
        <when>2026-01-01T11:19:14.4471320Z</when>
        <gx:coord>14.82663 51.53319 656.4277</gx:coord>
        <when>2026-01-01T11:19:19.4461320Z</when>
        <gx:coord>14.823313 51.533676 662.83167</gx:coord>
        <when>2026-01-01T11:19:24.4471320Z</when>
        <gx:coord>14.819981 51.53418 666.93365</gx:coord>
        <when>2026-01-01T11:19:29.4461320Z</when>
        <gx:coord>14.816515 51.53467 667.7079</gx:coord>
        <when>2026-01-01T11:19:34.4471320Z</when>
        <gx:coord>14.812985 51.535194 671.7903</gx:coord>
        <when>2026-01-01T11:19:39.4461320Z</when>
        <gx:coord>14.809466 51.535698 681.1372</gx:coord>
        <when>2026-01-01T11:19:42.0911320Z</when>
        <gx:coord>14.807391 51.536007 683.69995</gx:coord>
        <when>2026-01-01T11:19:44.4461320Z</when>
        <gx:coord>14.806017 51.53621 684.01355</gx:coord>
        <when>2026-01-01T11:19:49.4711320Z</when>
        <gx:coord>14.802579 51.536743 677.36914</gx:coord>
        <when>2026-01-01T11:19:52.1031320Z</when>
        <gx:coord>14.800513 51.537075 675.38727</gx:coord>
        <when>2026-01-01T11:19:54.4461320Z</when>
        <gx:coord>14.799136 51.5373 671.6314</gx:coord>
        <when>2026-01-01T11:19:59.4491320Z</when>
        <gx:coord>14.795701 51.537888 661.25934</gx:coord>
        <when>2026-01-01T11:20:04.4461320Z</when>
        <gx:coord>14.792291 51.538513 653.5733</gx:coord>
        <when>2026-01-01T11:20:05.1141320Z</when>
        <gx:coord>14.791615 51.53865 653.0746</gx:coord>
        <when>2026-01-01T11:20:09.4461320Z</when>
        <gx:coord>14.7889185 51.5392 653.6448</gx:coord>
        <when>2026-01-01T11:20:14.4461320Z</when>
        <gx:coord>14.785539 51.539825 654.30927</gx:coord>
        <when>2026-01-01T11:20:19.4461320Z</when>
        <gx:coord>14.782151 51.54045 652.6914</gx:coord>
        <when>2026-01-01T11:20:30.1211320Z</when>
        <gx:coord>14.774502 51.54182 668.18677</gx:coord>
        <when>2026-01-01T11:20:34.9911320Z</when>
        <gx:coord>14.771737 51.542324 670.63354</gx:coord>
        <when>2026-01-01T11:20:39.9931320Z</when>
        <gx:coord>14.768343 51.54297 676.51874</gx:coord>
        <when>2026-01-01T11:20:44.1001320Z</when>
        <gx:coord>14.765666 51.54354 670.5225</gx:coord>
        <when>2026-01-01T11:20:44.9921320Z</when>
        <gx:coord>14.765022 51.543728 669.27203</gx:coord>
        <when>2026-01-01T11:20:49.9921320Z</when>
        <gx:coord>14.761824 51.544704 661.0821</gx:coord>
        <when>2026-01-01T11:20:54.9921320Z</when>
        <gx:coord>14.7586775 51.54573 659.61676</gx:coord>
        <when>2026-01-01T11:21:09.0921320Z</when>
        <gx:coord>14.749762 51.548836 653.62744</gx:coord>
        <when>2026-01-01T11:21:40.7991320Z</when>
        <gx:coord>14.731409 51.55468 648.9601</gx:coord>
        <when>2026-01-01T11:21:45.7991320Z</when>
        <gx:coord>14.728306 51.55562 657.1209</gx:coord>
        <when>2026-01-01T11:21:49.1031320Z</when>
        <gx:coord>14.725783 51.556366 662.00256</gx:coord>
        <when>2026-01-01T11:21:50.8001320Z</when>
        <gx:coord>14.725149 51.556545 667.70013</gx:coord>
        <when>2026-01-01T11:21:55.8001320Z</when>
        <gx:coord>14.721897 51.55724 677.89343</gx:coord>
        <when>2026-01-01T11:21:57.0911320Z</when>
        <gx:coord>14.72124 51.557335 678.0376</gx:coord>
        <when>2026-01-01T11:22:00.7991320Z</when>
        <gx:coord>14.718591 51.55761 670.5508</gx:coord>
        <when>2026-01-01T11:22:03.1031320Z</when>
        <gx:coord>14.717244 51.557705 667.53766</gx:coord>
        <when>2026-01-01T11:22:05.0921320Z</when>
        <gx:coord>14.715891 51.557762 666.12695</gx:coord>
        <when>2026-01-01T11:22:05.7991320Z</when>
        <gx:coord>14.715216 51.557777 666.1237</gx:coord>
        <when>2026-01-01T11:22:10.8041320Z</when>
        <gx:coord>14.711874 51.5577 663.9251</gx:coord>
        <when>2026-01-01T11:22:15.8001320Z</when>
        <gx:coord>14.708569 51.557507 658.8948</gx:coord>
        <when>2026-01-01T11:22:20.7991320Z</when>
        <gx:coord>14.705182 51.55737 652.2605</gx:coord>
        <when>2026-01-01T11:22:25.8001320Z</when>
        <gx:coord>14.70175 51.55721 651.20306</gx:coord>
        <when>2026-01-01T11:22:29.1031320Z</when>
        <gx:coord>14.6989975 51.55713 649.48596</gx:coord>
        <when>2026-01-01T11:22:30.7991320Z</when>
        <gx:coord>14.698305 51.557117 648.4126</gx:coord>
        <when>2026-01-01T11:22:35.7991320Z</when>
        <gx:coord>14.694786 51.55713 645.1494</gx:coord>
        <when>2026-01-01T11:22:40.8241320Z</when>
        <gx:coord>14.691205 51.55723 653.0011</gx:coord>
        <when>2026-01-01T11:22:45.8001320Z</when>
        <gx:coord>14.6876 51.55744 654.41876</gx:coord>
        <when>2026-01-01T11:22:50.8001320Z</when>
        <gx:coord>14.683991 51.557655 649.0929</gx:coord>
        <when>2026-01-01T11:22:55.8001320Z</when>
        <gx:coord>14.680435 51.557716 645.79987</gx:coord>
        <when>2026-01-01T11:23:00.7991320Z</when>
        <gx:coord>14.676852 51.557743 646.7963</gx:coord>
        <when>2026-01-01T11:23:05.8001320Z</when>
        <gx:coord>14.673244 51.55778 644.6528</gx:coord>
        <when>2026-01-01T11:23:07.0971320Z</when>
        <gx:coord>14.671796 51.55782 644.3035</gx:coord>
        <when>2026-01-01T11:23:10.8001320Z</when>
        <gx:coord>14.669623 51.557877 646.6888</gx:coord>
        <when>2026-01-01T11:23:15.8001320Z</when>
        <gx:coord>14.666026 51.557957 652.4917</gx:coord>
        <when>2026-01-01T11:23:20.8001320Z</when>
        <gx:coord>14.662437 51.55798 653.93555</gx:coord>
        <when>2026-01-01T11:23:25.7991320Z</when>
        <gx:coord>14.658816 51.55801 659.68536</gx:coord>
        <when>2026-01-01T11:23:30.8001320Z</when>
        <gx:coord>14.655213 51.558098 666.2336</gx:coord>
        <when>2026-01-01T11:23:35.8001320Z</when>
        <gx:coord>14.651611 51.558174 660.7377</gx:coord>
        <when>2026-01-01T11:23:40.8221320Z</when>
        <gx:coord>14.648013 51.558235 657.04364</gx:coord>
        <when>2026-01-01T11:23:45.0971320Z</when>
        <gx:coord>14.644399 51.558254 651.48175</gx:coord>
        <when>2026-01-01T11:23:45.8001320Z</when>
        <gx:coord>14.644399 51.558254 650.15234</gx:coord>
        <when>2026-01-01T11:23:50.8001320Z</when>
        <gx:coord>14.640812 51.558323 650.95966</gx:coord>
        <when>2026-01-01T11:23:55.8001320Z</when>
        <gx:coord>14.637332 51.55839 655.1875</gx:coord>
        <when>2026-01-01T11:24:00.7991320Z</when>
        <gx:coord>14.633958 51.55845 655.5504</gx:coord>
        <when>2026-01-01T11:24:05.8001320Z</when>
        <gx:coord>14.630651 51.558506 656.16876</gx:coord>
        <when>2026-01-01T11:24:10.8001320Z</when>
        <gx:coord>14.62737 51.558563 654.5768</gx:coord>
        <when>2026-01-01T11:24:15.8001320Z</when>
        <gx:coord>14.62408 51.558647 652.188</gx:coord>
        <when>2026-01-01T11:24:20.7991320Z</when>
        <gx:coord>14.620805 51.55875 654.182</gx:coord>
        <when>2026-01-01T11:24:25.0981320Z</when>
        <gx:coord>14.617543 51.55886 654.8585</gx:coord>
        <when>2026-01-01T11:24:25.8001320Z</when>
        <gx:coord>14.617543 51.55886 653.742</gx:coord>
        <when>2026-01-01T11:24:30.8001320Z</when>
        <gx:coord>14.614274 51.558952 651.6564</gx:coord>
        <when>2026-01-01T11:24:35.8001320Z</when>
        <gx:coord>14.61103 51.558983 646.4979</gx:coord>
        <when>2026-01-01T11:24:40.8221320Z</when>
        <gx:coord>14.60778 51.558964 638.4705</gx:coord>
        <when>2026-01-01T11:24:45.8001320Z</when>
        <gx:coord>14.604474 51.55894 628.3832</gx:coord>
        <when>2026-01-01T11:24:50.7991320Z</when>
        <gx:coord>14.601023 51.559113 624.8795</gx:coord>
        <when>2026-01-01T11:24:53.0961320Z</when>
        <gx:coord>14.598926 51.55921 621.2455</gx:coord>
        <when>2026-01-01T11:24:55.8001320Z</when>
        <gx:coord>14.597525 51.559258 619.28455</gx:coord>
        <when>2026-01-01T11:25:00.7991320Z</when>
        <gx:coord>14.594031 51.55933 615.28766</gx:coord>
        <when>2026-01-01T11:25:05.1011320Z</when>
        <gx:coord>14.590527 51.559357 611.67004</gx:coord>
        <when>2026-01-01T11:25:05.8001320Z</when>
        <gx:coord>14.590527 51.559357 610.7182</gx:coord>
        <when>2026-01-01T11:25:10.7991320Z</when>
        <gx:coord>14.587039 51.559357 612.30896</gx:coord>
        <when>2026-01-01T11:25:15.8001320Z</when>
        <gx:coord>14.583603 51.559387 607.4544</gx:coord>
        <when>2026-01-01T11:25:20.8001320Z</when>
        <gx:coord>14.580193 51.559395 601.4315</gx:coord>
        <when>2026-01-01T11:25:25.8001320Z</when>
        <gx:coord>14.576823 51.559433 593.2527</gx:coord>
        <when>2026-01-01T11:25:27.0961320Z</when>
        <gx:coord>14.575461 51.55946 589.8164</gx:coord>
        <when>2026-01-01T11:25:30.8001320Z</when>
        <gx:coord>14.573414 51.559505 586.8586</gx:coord>
        <when>2026-01-01T11:25:35.8001320Z</when>
        <gx:coord>14.56999 51.55956 579.1935</gx:coord>
        <when>2026-01-01T11:25:40.8531320Z</when>
        <gx:coord>14.566553 51.55962 577.60516</gx:coord>
        <when>2026-01-01T11:25:45.1001320Z</when>
        <gx:coord>14.563122 51.559616 575.29535</gx:coord>
        <when>2026-01-01T11:25:45.8001320Z</when>
        <gx:coord>14.563122 51.559616 574.4561</gx:coord>
        <when>2026-01-01T11:25:50.8001320Z</when>
        <gx:coord>14.5596895 51.559605 568.36237</gx:coord>
        <when>2026-01-01T11:25:55.8001320Z</when>
        <gx:coord>14.556251 51.559574 562.7022</gx:coord>
        <when>2026-01-01T11:26:00.7991320Z</when>
        <gx:coord>14.552806 51.55957 560.5375</gx:coord>
        <when>2026-01-01T11:26:05.8001320Z</when>
        <gx:coord>14.549438 51.559578 564.72906</gx:coord>
        <when>2026-01-01T11:26:10.7991320Z</when>
        <gx:coord>14.546101 51.559685 567.6557</gx:coord>
        <when>2026-01-01T11:26:15.8001320Z</when>
        <gx:coord>14.542798 51.55984 571.8816</gx:coord>
        <when>2026-01-01T11:26:20.7991320Z</when>
        <gx:coord>14.539528 51.56003 576.992</gx:coord>
        <when>2026-01-01T11:26:25.0991320Z</when>
        <gx:coord>14.536257 51.560173 580.95374</gx:coord>
        <when>2026-01-01T11:26:25.8011320Z</when>
        <gx:coord>14.536257 51.560173 582.9463</gx:coord>
        <when>2026-01-01T11:26:30.8001320Z</when>
        <gx:coord>14.533008 51.560238 589.38007</gx:coord>
        <when>2026-01-01T11:26:35.8001320Z</when>
        <gx:coord>14.529702 51.560295 584.55664</gx:coord>
        <when>2026-01-01T11:26:40.8191320Z</when>
        <gx:coord>14.526366 51.560394 581.4675</gx:coord>
        <when>2026-01-01T11:26:45.8001320Z</when>
        <gx:coord>14.523011 51.56061 574.8556</gx:coord>
        <when>2026-01-01T11:26:50.8001320Z</when>
        <gx:coord>14.519663 51.560863 574.016</gx:coord>
        <when>2026-01-01T11:26:55.8001320Z</when>
        <gx:coord>14.516318 51.56107 575.9454</gx:coord>
        <when>2026-01-01T11:27:00.7991320Z</when>
        <gx:coord>14.51301 51.561287 582.2701</gx:coord>
        <when>2026-01-01T11:27:05.8001320Z</when>
        <gx:coord>14.509729 51.5615 587.1179</gx:coord>
        <when>2026-01-01T11:27:06.0991320Z</when>
        <gx:coord>14.509077 51.56153 587.1179</gx:coord>
        <when>2026-01-01T11:27:10.8011320Z</when>
        <gx:coord>14.50646 51.56167 579.37506</gx:coord>
        <when>2026-01-01T11:27:15.8001320Z</when>
        <gx:coord>14.503133 51.561733 568.71814</gx:coord>
        <when>2026-01-01T11:27:20.8011320Z</when>
        <gx:coord>14.499822 51.56169 564.267</gx:coord>
        <when>2026-01-01T11:27:24.1001320Z</when>
        <gx:coord>14.497171 51.561638 558.1885</gx:coord>
        <when>2026-01-01T11:27:25.8001320Z</when>
        <gx:coord>14.4965105 51.561626 557.6166</gx:coord>
        <when>2026-01-01T11:27:30.8001320Z</when>
        <gx:coord>14.493266 51.561543 558.0046</gx:coord>
        <when>2026-01-01T11:27:35.8001320Z</when>
        <gx:coord>14.490079 51.56143 553.6392</gx:coord>
        <when>2026-01-01T11:27:40.8181320Z</when>
        <gx:coord>14.486858 51.561317 547.5102</gx:coord>
        <when>2026-01-01T11:27:45.8001320Z</when>
        <gx:coord>14.483497 51.56125 544.09485</gx:coord>
        <when>2026-01-01T11:27:47.0951320Z</when>
        <gx:coord>14.482124 51.561195 545.42303</gx:coord>
        <when>2026-01-01T11:27:50.7991320Z</when>
        <gx:coord>14.480055 51.561127 555.34033</gx:coord>
        <when>2026-01-01T11:27:55.8001320Z</when>
        <gx:coord>14.476575 51.56104 557.27386</gx:coord>
        <when>2026-01-01T11:28:00.7991320Z</when>
        <gx:coord>14.473024 51.560974 555.3751</gx:coord>
        <when>2026-01-01T11:28:05.8001320Z</when>
        <gx:coord>14.469457 51.56096 560.9165</gx:coord>
        <when>2026-01-01T11:28:10.8021320Z</when>
        <gx:coord>14.46586 51.560978 566.5188</gx:coord>
        <when>2026-01-01T11:28:15.8001320Z</when>
        <gx:coord>14.462287 51.56099 584.365</gx:coord>
        <when>2026-01-01T11:28:17.0931320Z</when>
        <gx:coord>14.460854 51.56101 590.6917</gx:coord>
        <when>2026-01-01T11:28:20.8001320Z</when>
        <gx:coord>14.4587 51.56103 595.7464</gx:coord>
        <when>2026-01-01T11:28:25.1031320Z</when>
        <gx:coord>14.4551325 51.561028 605.9707</gx:coord>
        <when>2026-01-01T11:28:25.7991320Z</when>
        <gx:coord>14.4551325 51.561028 607.23486</gx:coord>
        <when>2026-01-01T11:28:30.7991320Z</when>
        <gx:coord>14.451556 51.561035 606.7422</gx:coord>
        <when>2026-01-01T11:28:35.8001320Z</when>
        <gx:coord>14.447939 51.56102 602.71387</gx:coord>
        <when>2026-01-01T11:28:40.8241320Z</when>
        <gx:coord>14.444302 51.56099 598.81946</gx:coord>
        <when>2026-01-01T11:28:45.8001320Z</when>
        <gx:coord>14.440663 51.560974 592.4785</gx:coord>
        <when>2026-01-01T11:28:50.7991320Z</when>
        <gx:coord>14.437024 51.560993 586.89557</gx:coord>
        <when>2026-01-01T11:28:55.7991320Z</when>
        <gx:coord>14.433375 51.56107 585.7579</gx:coord>
        <when>2026-01-01T11:29:00.7991320Z</when>
        <gx:coord>14.429711 51.561165 583.6909</gx:coord>
        <when>2026-01-01T11:29:02.1021320Z</when>
        <gx:coord>14.428251 51.561207 583.3497</gx:coord>
        <when>2026-01-01T11:29:05.7991320Z</when>
        <gx:coord>14.426082 51.561268 582.17847</gx:coord>
        <when>2026-01-01T11:29:10.7991320Z</when>
        <gx:coord>14.422489 51.561417 581.54047</gx:coord>
        <when>2026-01-01T11:29:15.8001320Z</when>
        <gx:coord>14.418888 51.561573 586.3672</gx:coord>
        <when>2026-01-01T11:29:20.7991320Z</when>
        <gx:coord>14.4152975 51.561764 581.1673</gx:coord>
        <when>2026-01-01T11:29:25.7991320Z</when>
        <gx:coord>14.411698 51.561962 575.5396</gx:coord>
        <when>2026-01-01T11:29:30.8001320Z</when>
        <gx:coord>14.408135 51.562183 580.77356</gx:coord>
        <when>2026-01-01T11:29:35.7991320Z</when>
        <gx:coord>14.404577 51.562447 584.6574</gx:coord>
        <when>2026-01-01T11:29:40.1011320Z</when>
        <gx:coord>14.401031 51.5627 585.1893</gx:coord>
        <when>2026-01-01T11:29:40.8241320Z</when>
        <gx:coord>14.401031 51.5627 584.73413</gx:coord>
        <when>2026-01-01T11:29:45.7991320Z</when>
        <gx:coord>14.397546 51.562973 585.93787</gx:coord>
        <when>2026-01-01T11:29:50.7991320Z</when>
        <gx:coord>14.394096 51.56307 585.2235</gx:coord>
        <when>2026-01-01T11:29:55.7991320Z</when>
        <gx:coord>14.390654 51.56296 586.1071</gx:coord>
        <when>2026-01-01T11:30:00.7991320Z</when>
        <gx:coord>14.387165 51.562874 587.16754</gx:coord>
        <when>2026-01-01T11:30:05.7991320Z</when>
        <gx:coord>14.38368 51.562744 594.6922</gx:coord>
        <when>2026-01-01T11:30:10.8021320Z</when>
        <gx:coord>14.380207 51.562603 598.7076</gx:coord>
        <when>2026-01-01T11:30:15.7991320Z</when>
        <gx:coord>14.376744 51.56247 600.3625</gx:coord>
        <when>2026-01-01T11:30:19.1011320Z</when>
        <gx:coord>14.373978 51.562397 603.3763</gx:coord>
        <when>2026-01-01T11:30:20.7991320Z</when>
        <gx:coord>14.373286 51.562378 606.46106</gx:coord>
        <when>2026-01-01T11:30:25.7991320Z</when>
        <gx:coord>14.369815 51.562263 605.00696</gx:coord>
        <when>2026-01-01T11:30:30.7991320Z</when>
        <gx:coord>14.366372 51.56211 607.1357</gx:coord>
        <when>2026-01-01T11:30:35.7991320Z</when>
        <gx:coord>14.362938 51.561916 610.6307</gx:coord>
        <when>2026-01-01T11:30:40.8501320Z</when>
        <gx:coord>14.359462 51.561718 619.68787</gx:coord>
        <when>2026-01-01T11:30:45.7991320Z</when>
        <gx:coord>14.3559475 51.561558 618.6095</gx:coord>
        <when>2026-01-01T11:30:50.7991320Z</when>
        <gx:coord>14.352397 51.561474 610.45135</gx:coord>
        <when>2026-01-01T11:30:55.7991320Z</when>
        <gx:coord>14.348811 51.561405 606.45</gx:coord>
        <when>2026-01-01T11:30:58.0981320Z</when>
        <gx:coord>14.346667 51.561375 605.5383</gx:coord>
        <when>2026-01-01T11:31:00.7991320Z</when>
        <gx:coord>14.345229 51.56137 607.39276</gx:coord>
        <when>2026-01-01T11:31:05.7991320Z</when>
        <gx:coord>14.341595 51.561394 616.8246</gx:coord>
        <when>2026-01-01T11:31:10.7991320Z</when>
        <gx:coord>14.337987 51.561478 613.29785</gx:coord>
        <when>2026-01-01T11:31:15.7991320Z</when>
        <gx:coord>14.334389 51.561573 612.59973</gx:coord>
        <when>2026-01-01T11:31:20.7991320Z</when>
        <gx:coord>14.330809 51.561615 608.05695</gx:coord>
        <when>2026-01-01T11:31:25.7991320Z</when>
        <gx:coord>14.327222 51.561634 604.01526</gx:coord>
        <when>2026-01-01T11:31:30.7991320Z</when>
        <gx:coord>14.323621 51.56165 606.3063</gx:coord>
        <when>2026-01-01T11:31:35.7991320Z</when>
        <gx:coord>14.320019 51.56162 609.8005</gx:coord>
        <when>2026-01-01T11:31:36.1021320Z</when>
        <gx:coord>14.31929 51.56161 609.8005</gx:coord>
        <when>2026-01-01T11:31:40.8251320Z</when>
        <gx:coord>14.316381 51.561546 612.6547</gx:coord>
        <when>2026-01-01T11:31:45.1031320Z</when>
        <gx:coord>14.313465 51.56144 605.4683</gx:coord>
        <when>2026-01-01T11:31:45.7991320Z</when>
        <gx:coord>14.312728 51.561413 604.29565</gx:coord>
        <when>2026-01-01T11:31:50.7991320Z</when>
        <gx:coord>14.309046 51.5613 600.37036</gx:coord>
        <when>2026-01-01T11:31:55.7991320Z</when>
        <gx:coord>14.30534 51.561222 595.03217</gx:coord>
        <when>2026-01-01T11:32:00.7991320Z</when>
        <gx:coord>14.301593 51.561172 595.4154</gx:coord>
        <when>2026-01-01T11:32:05.7991320Z</when>
        <gx:coord>14.297886 51.56116 604.28314</gx:coord>
        <when>2026-01-01T11:32:10.7991320Z</when>
        <gx:coord>14.294234 51.561115 598.3598</gx:coord>
        <when>2026-01-01T11:32:13.0981320Z</when>
        <gx:coord>14.292062 51.561077 597.8882</gx:coord>
        <when>2026-01-01T11:32:15.7991320Z</when>
        <gx:coord>14.290634 51.561035 601.3847</gx:coord>
        <when>2026-01-01T11:32:20.7991320Z</when>
        <gx:coord>14.287121 51.5609 603.1306</gx:coord>
        <when>2026-01-01T11:32:25.7991320Z</when>
        <gx:coord>14.283662 51.560726 609.8849</gx:coord>
        <when>2026-01-01T11:32:30.7991320Z</when>
        <gx:coord>14.2802105 51.560524 606.25916</gx:coord>
        <when>2026-01-01T11:32:35.7991320Z</when>
        <gx:coord>14.276757 51.560307 605.0465</gx:coord>
        <when>2026-01-01T11:32:40.8251320Z</when>
        <gx:coord>14.273275 51.56005 599.28217</gx:coord>
        <when>2026-01-01T11:32:45.7991320Z</when>
        <gx:coord>14.269708 51.559883 596.6008</gx:coord>
        <when>2026-01-01T11:32:50.7991320Z</when>
        <gx:coord>14.266091 51.55973 606.7912</gx:coord>
        <when>2026-01-01T11:32:51.1021320Z</when>
        <gx:coord>14.265366 51.559704 606.7912</gx:coord>
        <when>2026-01-01T11:32:55.7991320Z</when>
        <gx:coord>14.262456 51.559555 610.2566</gx:coord>
        <when>2026-01-01T11:33:00.7991320Z</when>
        <gx:coord>14.258793 51.55939 611.9211</gx:coord>
        <when>2026-01-01T11:33:05.7991320Z</when>
        <gx:coord>14.255197 51.559227 615.70874</gx:coord>
        <when>2026-01-01T11:33:10.7991320Z</when>
        <gx:coord>14.25161 51.559128 619.3017</gx:coord>
        <when>2026-01-01T11:33:12.0891320Z</when>
        <gx:coord>14.250163 51.559124 622.85944</gx:coord>
        <when>2026-01-01T11:33:15.7991320Z</when>
        <gx:coord>14.24799 51.559116 626.11237</gx:coord>
        <when>2026-01-01T11:33:20.7991320Z</when>
        <gx:coord>14.244364 51.55911 627.4287</gx:coord>
        <when>2026-01-01T11:33:28.0961320Z</when>
        <gx:coord>14.238519 51.559055 621.2271</gx:coord>
        <when>2026-01-01T11:33:33.0881320Z</when>
        <gx:coord>14.235635 51.55886 622.9405</gx:coord>
        <when>2026-01-01T11:34:00.2321320Z</when>
        <gx:coord>14.216121 51.556587 631.3625</gx:coord>
        <when>2026-01-01T11:34:05.2321320Z</when>
        <gx:coord>14.212705 51.556202 631.992</gx:coord>
        <when>2026-01-01T11:34:06.0981320Z</when>
        <gx:coord>14.212027 51.55612 631.992</gx:coord>
        <when>2026-01-01T11:34:10.2321320Z</when>
        <gx:coord>14.209299 51.55583 628.4529</gx:coord>
        <when>2026-01-01T11:34:15.2321320Z</when>
        <gx:coord>14.205828 51.555454 629.3898</gx:coord>
        <when>2026-01-01T11:34:20.2321320Z</when>
        <gx:coord>14.202336 51.555042 635.6654</gx:coord>
        <when>2026-01-01T11:34:25.2321320Z</when>
        <gx:coord>14.198899 51.554623 636.6402</gx:coord>
        <when>2026-01-01T11:34:30.2321320Z</when>
        <gx:coord>14.195407 51.554203 626.5973</gx:coord>
        <when>2026-01-01T11:34:35.2321320Z</when>
        <gx:coord>14.1918745 51.553684 628.16284</gx:coord>
        <when>2026-01-01T11:34:40.2321320Z</when>
        <gx:coord>14.188315 51.55322 641.27496</gx:coord>
        <when>2026-01-01T11:34:44.0921320Z</when>
        <gx:coord>14.185449 51.552906 648.1006</gx:coord>
        <when>2026-01-01T11:34:45.2321320Z</when>
        <gx:coord>14.184725 51.55284 649.6572</gx:coord>
        <when>2026-01-01T11:34:48.0961320Z</when>
        <gx:coord>14.1825695 51.552666 654.35394</gx:coord>
        <when>2026-01-01T11:34:50.2321320Z</when>
        <gx:coord>14.181146 51.552547 658.54614</gx:coord>
        <when>2026-01-01T11:34:55.2441320Z</when>
        <gx:coord>14.177592 51.55224 667.64825</gx:coord>
        <when>2026-01-01T11:35:00.2951320Z</when>
        <gx:coord>14.174018 51.5519 663.3919</gx:coord>
        <when>2026-01-01T11:35:05.2321320Z</when>
        <gx:coord>14.170355 51.551525 654.569</gx:coord>
        <when>2026-01-01T11:35:10.2321320Z</when>
        <gx:coord>14.166635 51.551235 649.6917</gx:coord>
        <when>2026-01-01T11:35:21.0841320Z</when>
        <gx:coord>14.159043 51.551155 640.2872</gx:coord>
        <when>2026-01-01T11:35:21.0911320Z</when>
        <gx:coord>14.158283 51.551174 640.2872</gx:coord>
        <when>2026-01-01T11:35:34.1681320Z</when>
        <gx:coord>14.148487 51.551437 639.6845</gx:coord>
        <when>2026-01-01T11:35:39.1681320Z</when>
        <gx:coord>14.144872 51.55154 647.55304</gx:coord>
        <when>2026-01-01T11:35:44.1681320Z</when>
        <gx:coord>14.141388 51.551617 652.7919</gx:coord>
        <when>2026-01-01T11:35:49.1681320Z</when>
        <gx:coord>14.1379385 51.551617 645.7694</gx:coord>
        <when>2026-01-01T11:35:54.1681320Z</when>
        <gx:coord>14.134419 51.551598 643.01575</gx:coord>
        <when>2026-01-01T11:35:59.1031320Z</when>
        <gx:coord>14.130914 51.55159 645.46686</gx:coord>
        <when>2026-01-01T11:35:59.1681320Z</when>
        <gx:coord>14.130914 51.55159 647.12463</gx:coord>
        <when>2026-01-01T11:36:04.1681320Z</when>
        <gx:coord>14.127487 51.551533 652.81714</gx:coord>
        <when>2026-01-01T11:36:09.1681320Z</when>
        <gx:coord>14.124004 51.551525 651.0272</gx:coord>
        <when>2026-01-01T11:36:14.1681320Z</when>
        <gx:coord>14.120491 51.55149 657.2751</gx:coord>
        <when>2026-01-01T11:36:19.1681320Z</when>
        <gx:coord>14.117006 51.551426 662.09937</gx:coord>
        <when>2026-01-01T11:36:38.0991320Z</when>
        <gx:coord>14.103978 51.551395 671.1183</gx:coord>
        <when>2026-01-01T11:36:43.3281320Z</when>
        <gx:coord>14.100573 51.55139 673.1424</gx:coord>
        <when>2026-01-01T11:36:48.3281320Z</when>
        <gx:coord>14.097154 51.551407 670.8567</gx:coord>
        <when>2026-01-01T11:36:53.3291320Z</when>
        <gx:coord>14.093702 51.55141 668.23584</gx:coord>
        <when>2026-01-01T11:36:58.3281320Z</when>
        <gx:coord>14.090247 51.5514 666.51666</gx:coord>
        <when>2026-01-01T11:37:03.3281320Z</when>
        <gx:coord>14.086791 51.551365 667.605</gx:coord>
        <when>2026-01-01T11:37:08.3291320Z</when>
        <gx:coord>14.0833435 51.55131 670.00684</gx:coord>
        <when>2026-01-01T11:37:13.3281320Z</when>
        <gx:coord>14.079914 51.5513 667.6393</gx:coord>
        <when>2026-01-01T11:37:17.0931320Z</when>
        <gx:coord>14.077186 51.551308 668.9029</gx:coord>
        <when>2026-01-01T11:37:18.3291320Z</when>
        <gx:coord>14.076503 51.551308 668.68353</gx:coord>
        <when>2026-01-01T11:37:23.3291320Z</when>
        <gx:coord>14.0730505 51.55135 671.049</gx:coord>
        <when>2026-01-01T11:37:28.3291320Z</when>
        <gx:coord>14.069559 51.551365 669.71356</gx:coord>
        <when>2026-01-01T11:37:33.3291320Z</when>
        <gx:coord>14.066022 51.551342 669.3411</gx:coord>
        <when>2026-01-01T11:37:38.3291320Z</when>
        <gx:coord>14.062453 51.551258 669.0057</gx:coord>
        <when>2026-01-01T11:37:43.3551320Z</when>
        <gx:coord>14.058904 51.551197 669.0472</gx:coord>
        <when>2026-01-01T11:37:48.3291320Z</when>
        <gx:coord>14.05542 51.55114 669.52905</gx:coord>
        <when>2026-01-01T11:37:53.3291320Z</when>
        <gx:coord>14.051961 51.55108 667.5644</gx:coord>
        <when>2026-01-01T11:37:56.0981320Z</when>
        <gx:coord>14.049897 51.55107 665.7389</gx:coord>
        <when>2026-01-01T11:37:58.3291320Z</when>
        <gx:coord>14.048512 51.551083 664.085</gx:coord>
        <when>2026-01-01T11:38:03.3311320Z</when>
        <gx:coord>14.044984 51.551163 655.82623</gx:coord>
        <when>2026-01-01T11:38:08.3301320Z</when>
        <gx:coord>14.041444 51.55129 651.9608</gx:coord>
        <when>2026-01-01T11:38:13.3321320Z</when>
        <gx:coord>14.0379505 51.551525 648.0405</gx:coord>
        <when>2026-01-01T11:38:18.3301320Z</when>
        <gx:coord>14.034423 51.551777 635.7981</gx:coord>
        <when>2026-01-01T11:38:23.3291320Z</when>
        <gx:coord>14.030858 51.55203 624.8981</gx:coord>
        <when>2026-01-01T11:38:24.0971320Z</when>
        <gx:coord>14.030139 51.552094 623.01965</gx:coord>
        <when>2026-01-01T11:38:28.3301320Z</when>
        <gx:coord>14.027259 51.55236 618.73157</gx:coord>
        <when>2026-01-01T11:38:33.3301320Z</when>
        <gx:coord>14.023669 51.55271 627.0694</gx:coord>
        <when>2026-01-01T11:38:34.1011320Z</when>
        <gx:coord>14.022949 51.552773 627.0694</gx:coord>
        <when>2026-01-01T11:38:38.3301320Z</when>
        <gx:coord>14.020046 51.55293 630.07446</gx:coord>
        <when>2026-01-01T11:38:43.3481320Z</when>
        <gx:coord>14.016349 51.553032 619.0884</gx:coord>
        <when>2026-01-01T11:38:48.3291320Z</when>
        <gx:coord>14.012596 51.553127 624.599</gx:coord>
        <when>2026-01-01T11:38:53.3301320Z</when>
        <gx:coord>14.008897 51.55328 630.6214</gx:coord>
        <when>2026-01-01T11:38:58.3301320Z</when>
        <gx:coord>14.005281 51.55334 631.7859</gx:coord>
        <when>2026-01-01T11:39:03.0921320Z</when>
        <gx:coord>14.002428 51.553185 628.7519</gx:coord>
        <when>2026-01-01T11:39:03.3301320Z</when>
        <gx:coord>14.001722 51.553104 628.6276</gx:coord>
        <when>2026-01-01T11:39:08.3301320Z</when>
        <gx:coord>13.998216 51.552666 631.66064</gx:coord>
        <when>2026-01-01T11:39:11.0961320Z</when>
        <gx:coord>13.996123 51.55242 634.1345</gx:coord>
        <when>2026-01-01T11:39:13.3301320Z</when>
        <gx:coord>13.994735 51.552246 637.6697</gx:coord>
        <when>2026-01-01T11:39:18.3301320Z</when>
        <gx:coord>13.991205 51.551815 638.95764</gx:coord>
        <when>2026-01-01T11:39:23.3301320Z</when>
        <gx:coord>13.98761 51.55143 635.2805</gx:coord>
        <when>2026-01-01T11:39:28.3301320Z</when>
        <gx:coord>13.984061 51.550945 634.51385</gx:coord>
        <when>2026-01-01T11:39:33.3301320Z</when>
        <gx:coord>13.980587 51.55033 634.2426</gx:coord>
        <when>2026-01-01T11:39:38.3301320Z</when>
        <gx:coord>13.97714 51.549683 638.25323</gx:coord>
        <when>2026-01-01T11:39:43.3491320Z</when>
        <gx:coord>13.973633 51.549076 641.5381</gx:coord>
        <when>2026-01-01T11:39:48.0991320Z</when>
        <gx:coord>13.970111 51.548504 637.40424</gx:coord>
        <when>2026-01-01T11:39:48.3301320Z</when>
        <gx:coord>13.970111 51.548504 636.6078</gx:coord>
        <when>2026-01-01T11:39:53.3301320Z</when>
        <gx:coord>13.966599 51.548004 634.994</gx:coord>
        <when>2026-01-01T11:39:58.3301320Z</when>
        <gx:coord>13.963121 51.54755 631.8447</gx:coord>
        <when>2026-01-01T11:40:27.0951320Z</when>
        <gx:coord>13.943438 51.545086 638.65894</gx:coord>
        <when>2026-01-01T11:40:47.1771320Z</when>
        <gx:coord>13.930018 51.54329 652.60376</gx:coord>
        <when>2026-01-01T11:40:49.0951320Z</when>
        <gx:coord>13.928669 51.5431 653.5419</gx:coord>
        <when>2026-01-01T11:40:52.1781320Z</when>
        <gx:coord>13.926684 51.542797 653.97833</gx:coord>
        <when>2026-01-01T11:40:57.1781320Z</when>
        <gx:coord>13.923348 51.54232 652.8655</gx:coord>
        <when>2026-01-01T11:41:02.1781320Z</when>
        <gx:coord>13.9199095 51.542114 647.882</gx:coord>
        <when>2026-01-01T11:41:04.0901320Z</when>
        <gx:coord>13.919214 51.54212 647.95154</gx:coord>
        <when>2026-01-01T11:41:07.1051320Z</when>
        <gx:coord>13.916438 51.542274 647.35486</gx:coord>
        <when>2026-01-01T11:41:07.1781320Z</when>
        <gx:coord>13.916438 51.542274 646.97906</gx:coord>
        <when>2026-01-01T11:41:12.1781320Z</when>
        <gx:coord>13.912998 51.542553 645.55927</gx:coord>
        <when>2026-01-01T11:41:17.1781320Z</when>
        <gx:coord>13.909602 51.54285 646.6231</gx:coord>
        <when>2026-01-01T11:41:22.1771320Z</when>
        <gx:coord>13.906179 51.54312 639.46936</gx:coord>
        <when>2026-01-01T11:41:27.1781320Z</when>
        <gx:coord>13.902745 51.54342 639.39185</gx:coord>
        <when>2026-01-01T11:41:32.1781320Z</when>
        <gx:coord>13.899331 51.54372 643.1608</gx:coord>
        <when>2026-01-01T11:41:37.1781320Z</when>
        <gx:coord>13.895955 51.544064 641.0451</gx:coord>
        <when>2026-01-01T11:41:42.1791320Z</when>
        <gx:coord>13.892575 51.544342 637.18475</gx:coord>
        <when>2026-01-01T11:41:46.1011320Z</when>
        <gx:coord>13.889832 51.54456 638.952</gx:coord>
        <when>2026-01-01T11:41:47.1791320Z</when>
        <gx:coord>13.889146 51.544617 641.4226</gx:coord>
        <when>2026-01-01T11:41:52.1791320Z</when>
        <gx:coord>13.885719 51.544888 643.08826</gx:coord>
        <when>2026-01-01T11:41:57.1791320Z</when>
        <gx:coord>13.882211 51.54516 643.96155</gx:coord>
        <when>2026-01-01T11:42:02.1791320Z</when>
        <gx:coord>13.878645 51.545464 651.9353</gx:coord>
        <when>2026-01-01T11:42:07.1791320Z</when>
        <gx:coord>13.875054 51.54582 645.8843</gx:coord>
        <when>2026-01-01T11:42:12.1791320Z</when>
        <gx:coord>13.871425 51.546227 638.8076</gx:coord>
        <when>2026-01-01T11:42:17.1781320Z</when>
        <gx:coord>13.867805 51.54662 635.65045</gx:coord>
        <when>2026-01-01T11:42:22.1791320Z</when>
        <gx:coord>13.8642235 51.546993 637.4892</gx:coord>
        <when>2026-01-01T11:42:24.0921320Z</when>
        <gx:coord>13.862808 51.54713 637.9501</gx:coord>
        <when>2026-01-01T11:42:27.1801320Z</when>
        <gx:coord>13.860697 51.547337 639.68365</gx:coord>
        <when>2026-01-01T11:42:32.1791320Z</when>
        <gx:coord>13.857218 51.547623 642.49524</gx:coord>
        <when>2026-01-01T11:42:37.1791320Z</when>
        <gx:coord>13.853774 51.54786 639.68274</gx:coord>
        <when>2026-01-01T11:42:42.1791320Z</when>
        <gx:coord>13.850266 51.548126 640.71545</gx:coord>
        <when>2026-01-01T11:42:47.1791320Z</when>
        <gx:coord>13.846707 51.548363 640.83704</gx:coord>
        <when>2026-01-01T11:42:52.1791320Z</when>
        <gx:coord>13.843154 51.548595 639.62177</gx:coord>
        <when>2026-01-01T11:42:57.1791320Z</when>
        <gx:coord>13.839605 51.548748 634.58026</gx:coord>
        <when>2026-01-01T11:43:02.0981320Z</when>
        <gx:coord>13.836088 51.548977 628.7761</gx:coord>
        <when>2026-01-01T11:43:02.1791320Z</when>
        <gx:coord>13.836088 51.548977 627.4426</gx:coord>
        <when>2026-01-01T11:43:07.1791320Z</when>
        <gx:coord>13.83255 51.54916 631.99255</gx:coord>
        <when>2026-01-01T11:43:12.1791320Z</when>
        <gx:coord>13.829064 51.54941 636.5514</gx:coord>
        <when>2026-01-01T11:43:17.1791320Z</when>
        <gx:coord>13.825591 51.549644 629.17145</gx:coord>
        <when>2026-01-01T11:43:22.1791320Z</when>
        <gx:coord>13.822092 51.549835 627.00287</gx:coord>
        <when>2026-01-01T11:43:27.1791320Z</when>
        <gx:coord>13.818594 51.550053 634.77936</gx:coord>
        <when>2026-01-01T11:43:32.1791320Z</when>
        <gx:coord>13.815081 51.55024 632.2901</gx:coord>
        <when>2026-01-01T11:43:37.1801320Z</when>
        <gx:coord>13.811538 51.550392 635.22095</gx:coord>
        <when>2026-01-01T11:43:40.1001320Z</when>
        <gx:coord>13.809393 51.550507 636.4501</gx:coord>
        <when>2026-01-01T11:43:42.1801320Z</when>
        <gx:coord>13.807951 51.550575 639.8621</gx:coord>
        <when>2026-01-01T11:43:47.1801320Z</when>
        <gx:coord>13.804348 51.550747 652.2295</gx:coord>
        <when>2026-01-01T11:43:52.1791320Z</when>
        <gx:coord>13.800853 51.55097 662.5522</gx:coord>
        <when>2026-01-01T11:43:57.1801320Z</when>
        <gx:coord>13.797387 51.551216 664.289</gx:coord>
        <when>2026-01-01T11:44:02.1801320Z</when>
        <gx:coord>13.793891 51.551426 670.1715</gx:coord>
        <when>2026-01-01T11:44:07.1801320Z</when>
        <gx:coord>13.79038 51.5516 673.23975</gx:coord>
        <when>2026-01-01T11:44:12.1801320Z</when>
        <gx:coord>13.78681 51.5517 680.0224</gx:coord>
        <when>2026-01-01T11:44:14.0911320Z</when>
        <gx:coord>13.785369 51.551727 684.90845</gx:coord>
        <when>2026-01-01T11:44:17.1801320Z</when>
        <gx:coord>13.783215 51.55176 688.98987</gx:coord>
        <when>2026-01-01T11:44:18.1031320Z</when>
        <gx:coord>13.782495 51.551758 688.98987</gx:coord>
        <when>2026-01-01T11:44:22.1801320Z</when>
        <gx:coord>13.779616 51.55178 694.32806</gx:coord>
        <when>2026-01-01T11:44:27.1801320Z</when>
        <gx:coord>13.775982 51.55178 685.1932</gx:coord>
        <when>2026-01-01T11:44:32.1791320Z</when>
        <gx:coord>13.772283 51.551754 680.8271</gx:coord>
        <when>2026-01-01T11:44:37.1801320Z</when>
        <gx:coord>13.76864 51.551792 682.6148</gx:coord>
        <when>2026-01-01T11:44:42.1801320Z</when>
        <gx:coord>13.765029 51.551914 680.9901</gx:coord>
        <when>2026-01-01T11:44:47.1801320Z</when>
        <gx:coord>13.761447 51.552082 680.2846</gx:coord>
        <when>2026-01-01T11:44:52.1801320Z</when>
        <gx:coord>13.757877 51.552246 676.4582</gx:coord>
        <when>2026-01-01T11:44:55.0961320Z</when>
        <gx:coord>13.755734 51.552372 675.2856</gx:coord>
        <when>2026-01-01T11:44:57.1801320Z</when>
        <gx:coord>13.754309 51.552464 673.7273</gx:coord>
        <when>2026-01-01T11:45:02.1801320Z</when>
        <gx:coord>13.750758 51.55272 674.2104</gx:coord>
        <when>2026-01-01T11:45:24.8441320Z</when>
        <gx:coord>13.735452 51.554047 676.1962</gx:coord>
        <when>2026-01-01T11:45:29.8451320Z</when>
        <gx:coord>13.731958 51.554283 675.78687</gx:coord>
        <when>2026-01-01T11:45:33.0931320Z</when>
        <gx:coord>13.72913 51.554443 673.288</gx:coord>
        <when>2026-01-01T11:45:34.8451320Z</when>
        <gx:coord>13.728412 51.55448 670.35284</gx:coord>
        <when>2026-01-01T11:45:39.8451320Z</when>
        <gx:coord>13.724811 51.554634 672.52045</gx:coord>
        <when>2026-01-01T11:45:44.8451320Z</when>
        <gx:coord>13.72125 51.554676 672.3853</gx:coord>
        <when>2026-01-01T11:45:49.8451320Z</when>
        <gx:coord>13.717717 51.5547 663.7809</gx:coord>
        <when>2026-01-01T11:45:54.0891320Z</when>
        <gx:coord>13.7141485 51.554688 654.2086</gx:coord>
        <when>2026-01-01T11:45:54.8451320Z</when>
        <gx:coord>13.7141485 51.554688 654.2086</gx:coord>
        <when>2026-01-01T11:45:59.8451320Z</when>
        <gx:coord>13.71054 51.5547 646.0207</gx:coord>
        <when>2026-01-01T11:46:04.8451320Z</when>
        <gx:coord>13.706905 51.554707 641.4386</gx:coord>
        <when>2026-01-01T11:46:09.8451320Z</when>
        <gx:coord>13.703303 51.55468 647.03436</gx:coord>
        <when>2026-01-01T11:46:11.0931320Z</when>
        <gx:coord>13.701874 51.55471 646.23047</gx:coord>
        <when>2026-01-01T11:46:14.8451320Z</when>
        <gx:coord>13.699741 51.55476 644.178</gx:coord>
        <when>2026-01-01T11:46:19.8451320Z</when>
        <gx:coord>13.696192 51.554836 636.13214</gx:coord>
        <when>2026-01-01T11:46:24.8451320Z</when>
        <gx:coord>13.692671 51.554916 632.41</gx:coord>
        <when>2026-01-01T11:46:29.8451320Z</when>
        <gx:coord>13.689175 51.555023 627.5365</gx:coord>
        <when>2026-01-01T11:46:34.8451320Z</when>
        <gx:coord>13.68568 51.555096 623.9613</gx:coord>
        <when>2026-01-01T11:46:39.8441320Z</when>
        <gx:coord>13.68221 51.555134 628.91077</gx:coord>
        <when>2026-01-01T11:46:44.8451320Z</when>
        <gx:coord>13.678766 51.555126 628.1844</gx:coord>
        <when>2026-01-01T11:46:49.8441320Z</when>
        <gx:coord>13.675286 51.555115 626.1281</gx:coord>
        <when>2026-01-01T11:46:50.0951320Z</when>
        <gx:coord>13.6745825 51.55512 626.1281</gx:coord>
        <when>2026-01-01T11:46:54.8451320Z</when>
        <gx:coord>13.671784 51.55511 628.7308</gx:coord>
        <when>2026-01-01T11:46:59.8451320Z</when>
        <gx:coord>13.668347 51.555027 628.99835</gx:coord>
        <when>2026-01-01T11:47:04.8451320Z</when>
        <gx:coord>13.6649475 51.55496 631.6325</gx:coord>
        <when>2026-01-01T11:47:09.8451320Z</when>
        <gx:coord>13.661479 51.55493 633.33765</gx:coord>
        <when>2026-01-01T11:47:14.8461320Z</when>
        <gx:coord>13.657984 51.55496 629.84406</gx:coord>
        <when>2026-01-01T11:47:19.8461320Z</when>
        <gx:coord>13.654484 51.55497 632.31714</gx:coord>
        <when>2026-01-01T11:47:24.8461320Z</when>
        <gx:coord>13.65099 51.55503 641.5646</gx:coord>
        <when>2026-01-01T11:47:29.0961320Z</when>
        <gx:coord>13.647551 51.555138 646.52924</gx:coord>
        <when>2026-01-01T11:47:29.8461320Z</when>
        <gx:coord>13.647551 51.555138 647.27106</gx:coord>
        <when>2026-01-01T11:47:34.8461320Z</when>
        <gx:coord>13.644164 51.55525 652.63635</gx:coord>
        <when>2026-01-01T11:47:39.8461320Z</when>
        <gx:coord>13.640745 51.555244 659.1508</gx:coord>
        <when>2026-01-01T11:47:44.8461320Z</when>
        <gx:coord>13.637291 51.55523 661.41064</gx:coord>
        <when>2026-01-01T11:47:49.8461320Z</when>
        <gx:coord>13.633877 51.555202 660.0046</gx:coord>
        <when>2026-01-01T11:47:54.8461320Z</when>
        <gx:coord>13.6304865 51.55516 657.3959</gx:coord>
        <when>2026-01-01T11:47:59.8461320Z</when>
        <gx:coord>13.627111 51.555145 654.5177</gx:coord>
        <when>2026-01-01T11:48:04.8461320Z</when>
        <gx:coord>13.623753 51.555134 654.0767</gx:coord>
        <when>2026-01-01T11:48:09.0981320Z</when>
        <gx:coord>13.620384 51.555153 654.5074</gx:coord>
        <when>2026-01-01T11:48:09.8461320Z</when>
        <gx:coord>13.620384 51.555153 654.0387</gx:coord>
        <when>2026-01-01T11:48:14.8461320Z</when>
        <gx:coord>13.617009 51.555183 651.2509</gx:coord>
        <when>2026-01-01T11:48:19.8461320Z</when>
        <gx:coord>13.613648 51.555233 645.2215</gx:coord>
        <when>2026-01-01T11:48:24.8451320Z</when>
        <gx:coord>13.61027 51.555286 642.42487</gx:coord>
        <when>2026-01-01T11:48:29.8461320Z</when>
        <gx:coord>13.606892 51.55532 642.468</gx:coord>
        <when>2026-01-01T11:48:34.8461320Z</when>
        <gx:coord>13.603508 51.555275 638.4288</gx:coord>
        <when>2026-01-01T11:48:39.8461320Z</when>
        <gx:coord>13.600152 51.55524 641.4189</gx:coord>
        <when>2026-01-01T11:48:44.8461320Z</when>
        <gx:coord>13.596827 51.5552 645.22345</gx:coord>
        <when>2026-01-01T11:48:49.0991320Z</when>
        <gx:coord>13.59348 51.55511 650.8975</gx:coord>
        <when>2026-01-01T11:48:49.8461320Z</when>
        <gx:coord>13.59348 51.55511 650.4892</gx:coord>
        <when>2026-01-01T11:48:54.8461320Z</when>
        <gx:coord>13.590145 51.555004 650.67993</gx:coord>
        <when>2026-01-01T11:48:59.8461320Z</when>
        <gx:coord>13.586774 51.554897 661.0422</gx:coord>
        <when>2026-01-01T11:49:04.8461320Z</when>
        <gx:coord>13.5834255 51.554752 657.9784</gx:coord>
        <when>2026-01-01T11:49:09.8461320Z</when>
        <gx:coord>13.580077 51.554554 648.9966</gx:coord>
        <when>2026-01-01T11:49:14.8461320Z</when>
        <gx:coord>13.576712 51.554344 648.7116</gx:coord>
        <when>2026-01-01T11:49:19.8451320Z</when>
        <gx:coord>13.573314 51.554188 644.85925</gx:coord>
        <when>2026-01-01T11:49:24.8461320Z</when>
        <gx:coord>13.569891 51.55408 647.96136</gx:coord>
        <when>2026-01-01T11:49:29.0961320Z</when>
        <gx:coord>13.566461 51.55408 643.3352</gx:coord>
        <when>2026-01-01T11:49:29.8461320Z</when>
        <gx:coord>13.566461 51.55408 642.60913</gx:coord>
        <when>2026-01-01T11:49:34.8461320Z</when>
        <gx:coord>13.563057 51.55415 643.62726</gx:coord>
        <when>2026-01-01T11:49:39.8461320Z</when>
        <gx:coord>13.559679 51.554333 642.6658</gx:coord>
        <when>2026-01-01T11:49:44.8461320Z</when>
        <gx:coord>13.556327 51.55452 640.5094</gx:coord>
        <when>2026-01-01T11:49:49.8461320Z</when>
        <gx:coord>13.552944 51.554527 644.38196</gx:coord>
        <when>2026-01-01T11:49:54.8461320Z</when>
        <gx:coord>13.549509 51.55448 649.8965</gx:coord>
        <when>2026-01-01T11:49:59.8461320Z</when>
        <gx:coord>13.54603 51.554527 647.5516</gx:coord>
        <when>2026-01-01T11:50:04.8461320Z</when>
        <gx:coord>13.54253 51.55462 641.68634</gx:coord>
        <when>2026-01-01T11:50:08.0951320Z</when>
        <gx:coord>13.539693 51.554665 638.2502</gx:coord>
        <when>2026-01-01T11:50:09.8461320Z</when>
        <gx:coord>13.5389805 51.55467 634.54</gx:coord>
        <when>2026-01-01T11:50:14.8461320Z</when>
        <gx:coord>13.535395 51.5547 632.0815</gx:coord>
        <when>2026-01-01T11:50:19.8461320Z</when>
        <gx:coord>13.531802 51.554733 639.33014</gx:coord>
        <when>2026-01-01T11:50:24.8841320Z</when>
        <gx:coord>13.528253 51.554787 644.5731</gx:coord>
        <when>2026-01-01T11:50:29.8461320Z</when>
        <gx:coord>13.524709 51.55487 649.7382</gx:coord>
        <when>2026-01-01T11:50:34.8461320Z</when>
        <gx:coord>13.521079 51.5549 649.1648</gx:coord>
        <when>2026-01-01T11:50:39.8461320Z</when>
        <gx:coord>13.517444 51.554924 643.00946</gx:coord>
        <when>2026-01-01T11:50:44.8461320Z</when>
        <gx:coord>13.513842 51.554924 639.32025</gx:coord>
        <when>2026-01-01T11:50:46.0951320Z</when>
        <gx:coord>13.512407 51.55491 638.75824</gx:coord>
        <when>2026-01-01T11:50:49.8461320Z</when>
        <gx:coord>13.51027 51.554886 636.7535</gx:coord>
        <when>2026-01-01T11:50:54.8461320Z</when>
        <gx:coord>13.506732 51.554905 632.6949</gx:coord>
        <when>2026-01-01T11:50:59.8461320Z</when>
        <gx:coord>13.503196 51.55499 629.0046</gx:coord>
        <when>2026-01-01T11:51:04.8471320Z</when>
        <gx:coord>13.499657 51.555134 630.215</gx:coord>
        <when>2026-01-01T11:51:09.8471320Z</when>
        <gx:coord>13.496138 51.55524 633.7473</gx:coord>
        <when>2026-01-01T11:51:14.8471320Z</when>
        <gx:coord>13.492643 51.555305 635.1643</gx:coord>
        <when>2026-01-01T11:51:19.8471320Z</when>
        <gx:coord>13.489193 51.555298 634.03656</gx:coord>
        <when>2026-01-01T11:51:24.8471320Z</when>
        <gx:coord>13.485736 51.55531 630.92163</gx:coord>
        <when>2026-01-01T11:51:25.0931320Z</when>
        <gx:coord>13.4850445 51.555317 630.92163</gx:coord>
        <when>2026-01-01T11:51:29.8471320Z</when>
        <gx:coord>13.482302 51.555317 635.535</gx:coord>
        <when>2026-01-01T11:51:34.8471320Z</when>
        <gx:coord>13.478872 51.55531 635.8687</gx:coord>
        <when>2026-01-01T11:51:39.8471320Z</when>
        <gx:coord>13.475445 51.555347 637.5147</gx:coord>
        <when>2026-01-01T11:51:44.8471320Z</when>
        <gx:coord>13.472058 51.555367 634.8882</gx:coord>
        <when>2026-01-01T11:51:49.8471320Z</when>
        <gx:coord>13.468678 51.55544 631.5028</gx:coord>
        <when>2026-01-01T11:51:54.8471320Z</when>
        <gx:coord>13.465278 51.5555 625.54205</gx:coord>
        <when>2026-01-01T11:51:56.0891320Z</when>
        <gx:coord>13.463906 51.555496 621.52246</gx:coord>
        <when>2026-01-01T11:51:59.8471320Z</when>
        <gx:coord>13.461824 51.555473 616.9048</gx:coord>
        <when>2026-01-01T11:52:04.8471320Z</when>
        <gx:coord>13.458328 51.555347 608.7535</gx:coord>
        <when>2026-01-01T11:52:05.1001320Z</when>
        <gx:coord>13.457626 51.55532 608.7535</gx:coord>
        <when>2026-01-01T11:52:09.8471320Z</when>
        <gx:coord>13.454793 51.555195 601.16437</gx:coord>
        <when>2026-01-01T11:52:14.8471320Z</when>
        <gx:coord>13.451223 51.554974 604.8353</gx:coord>
        <when>2026-01-01T11:52:19.8471320Z</when>
        <gx:coord>13.4476 51.554768 613.9016</gx:coord>
        <when>2026-01-01T11:52:24.8471320Z</when>
        <gx:coord>13.44402 51.554565 615.26416</gx:coord>
        <when>2026-01-01T11:52:29.8471320Z</when>
        <gx:coord>13.440541 51.554302 619.6247</gx:coord>
        <when>2026-01-01T11:52:32.0881320Z</when>
        <gx:coord>13.439154 51.554188 619.6424</gx:coord>
        <when>2026-01-01T11:52:34.8471320Z</when>
        <gx:coord>13.437053 51.553997 619.9524</gx:coord>
        <when>2026-01-01T11:52:39.8471320Z</when>
        <gx:coord>13.433528 51.55365 620.0154</gx:coord>
        <when>2026-01-01T11:52:43.1021320Z</when>
        <gx:coord>13.430749 51.553364 619.144</gx:coord>
        <when>2026-01-01T11:52:44.8471320Z</when>
        <gx:coord>13.430059 51.55329 620.3972</gx:coord>
        <when>2026-01-01T11:52:49.8471320Z</when>
        <gx:coord>13.426639 51.55295 625.13403</gx:coord>
        <when>2026-01-01T11:52:54.8471320Z</when>
        <gx:coord>13.423184 51.55268 619.0549</gx:coord>
        <when>2026-01-01T11:52:59.8471320Z</when>
        <gx:coord>13.419646 51.552517 620.04016</gx:coord>
        <when>2026-01-01T11:53:04.8471320Z</when>
        <gx:coord>13.416153 51.552376 624.5196</gx:coord>
        <when>2026-01-01T11:53:09.8471320Z</when>
        <gx:coord>13.412657 51.552242 625.0248</gx:coord>
        <when>2026-01-01T11:53:14.8471320Z</when>
        <gx:coord>13.40914 51.55212 626.55835</gx:coord>
        <when>2026-01-01T11:53:19.8471320Z</when>
        <gx:coord>13.405599 51.552048 630.01074</gx:coord>
        <when>2026-01-01T11:53:22.1001320Z</when>
        <gx:coord>13.40346 51.552013 628.8725</gx:coord>
        <when>2026-01-01T11:53:24.8471320Z</when>
        <gx:coord>13.402022 51.55198 627.5997</gx:coord>
        <when>2026-01-01T11:53:29.8471320Z</when>
        <gx:coord>13.398408 51.551872 635.1491</gx:coord>
        <when>2026-01-01T11:53:34.8471320Z</when>
        <gx:coord>13.394836 51.55176 642.1866</gx:coord>
        <when>2026-01-01T11:53:39.8471320Z</when>
        <gx:coord>13.391201 51.551598 645.2574</gx:coord>
        <when>2026-01-01T11:53:44.8471320Z</when>
        <gx:coord>13.387502 51.551403 648.2121</gx:coord>
        <when>2026-01-01T11:53:49.8471320Z</when>
        <gx:coord>13.383791 51.55129 646.5843</gx:coord>
        <when>2026-01-01T11:53:54.8581320Z</when>
        <gx:coord>13.380138 51.55122 645.4757</gx:coord>
        <when>2026-01-01T11:53:59.0901320Z</when>
        <gx:coord>13.376554 51.551136 647.49554</gx:coord>
        <when>2026-01-01T11:53:59.8471320Z</when>
        <gx:coord>13.376554 51.551136 648.05347</gx:coord>
        <when>2026-01-01T11:54:04.8471320Z</when>
        <gx:coord>13.373017 51.551003 650.5584</gx:coord>
        <when>2026-01-01T11:54:07.0851320Z</when>
        <gx:coord>13.370913 51.550938 652.04663</gx:coord>
        <when>2026-01-01T11:54:09.8471320Z</when>
        <gx:coord>13.369519 51.550888 654.5714</gx:coord>
        <when>2026-01-01T11:54:14.8481320Z</when>
        <gx:coord>13.36605 51.550785 657.85443</gx:coord>
        <when>2026-01-01T11:54:19.8481320Z</when>
        <gx:coord>13.362548 51.55068 657.05414</gx:coord>
        <when>2026-01-01T11:54:24.8471320Z</when>
        <gx:coord>13.359016 51.550617 652.6604</gx:coord>
        <when>2026-01-01T11:54:29.8481320Z</when>
        <gx:coord>13.355463 51.550568 650.29663</gx:coord>
        <when>2026-01-01T11:54:34.8481320Z</when>
        <gx:coord>13.351945 51.550545 649.42755</gx:coord>
        <when>2026-01-01T11:54:38.0951320Z</when>
        <gx:coord>13.349172 51.550533 648.79443</gx:coord>
        <when>2026-01-01T11:54:39.8481320Z</when>
        <gx:coord>13.348482 51.550533 648.9623</gx:coord>
        <when>2026-01-01T11:54:44.8481320Z</when>
        <gx:coord>13.345058 51.550526 648.8472</gx:coord>
        <when>2026-01-01T11:54:49.8481320Z</when>
        <gx:coord>13.341602 51.550533 650.71185</gx:coord>
        <when>2026-01-01T11:54:54.8481320Z</when>
        <gx:coord>13.338106 51.550545 648.5677</gx:coord>
        <when>2026-01-01T11:54:57.0931320Z</when>
        <gx:coord>13.336696 51.550568 649.07245</gx:coord>
        <when>2026-01-01T11:54:59.8481320Z</when>
        <gx:coord>13.334561 51.55063 649.66125</gx:coord>
        <when>2026-01-01T11:55:04.8481320Z</when>
        <gx:coord>13.330997 51.55071 648.7632</gx:coord>
        <when>2026-01-01T11:55:09.8481320Z</when>
        <gx:coord>13.327418 51.55081 644.9242</gx:coord>
        <when>2026-01-01T11:55:14.8481320Z</when>
        <gx:coord>13.32385 51.550907 641.33984</gx:coord>
        <when>2026-01-01T11:55:17.0941320Z</when>
        <gx:coord>13.321726 51.55097 640.5602</gx:coord>
        <when>2026-01-01T11:55:19.8481320Z</when>
        <gx:coord>13.32032 51.550987 640.3139</gx:coord>
        <when>2026-01-01T11:55:24.9061320Z</when>
        <gx:coord>13.316814 51.551037 649.89685</gx:coord>
        <when>2026-01-01T11:55:29.8481320Z</when>
        <gx:coord>13.313268 51.55107 659.50885</gx:coord>
        <when>2026-01-01T11:55:34.8481320Z</when>
        <gx:coord>13.309697 51.551044 653.90985</gx:coord>
        <when>2026-01-01T11:55:39.8481320Z</when>
        <gx:coord>13.306052 51.55101 651.5013</gx:coord>
        <when>2026-01-01T11:55:44.8481320Z</when>
        <gx:coord>13.302391 51.550945 648.47736</gx:coord>
        <when>2026-01-01T11:55:49.8481320Z</when>
        <gx:coord>13.298721 51.550865 644.0933</gx:coord>
        <when>2026-01-01T11:55:54.8481320Z</when>
        <gx:coord>13.295086 51.55075 644.58905</gx:coord>
        <when>2026-01-01T11:55:55.1001320Z</when>
        <gx:coord>13.294366 51.550724 644.58905</gx:coord>
        <when>2026-01-01T11:55:59.8481320Z</when>
        <gx:coord>13.291481 51.550625 636.9447</gx:coord>
        <when>2026-01-01T11:56:04.8481320Z</when>
        <gx:coord>13.287924 51.55049 635.7377</gx:coord>
        <when>2026-01-01T11:56:09.8481320Z</when>
        <gx:coord>13.284372 51.550346 629.2711</gx:coord>
        <when>2026-01-01T11:56:14.8481320Z</when>
        <gx:coord>13.280859 51.55022 626.92816</gx:coord>
        <when>2026-01-01T11:56:19.8481320Z</when>
        <gx:coord>13.2773905 51.55013 621.66296</gx:coord>
        <when>2026-01-01T11:56:20.0931320Z</when>
        <gx:coord>13.276693 51.550117 620.5049</gx:coord>
        <when>2026-01-01T11:56:24.8471320Z</when>
        <gx:coord>13.273881 51.550076 612.3626</gx:coord>
        <when>2026-01-01T11:56:29.8481320Z</when>
        <gx:coord>13.270327 51.549973 603.3752</gx:coord>
        <when>2026-01-01T11:56:33.0941320Z</when>
        <gx:coord>13.267484 51.5499 601.6866</gx:coord>
        <when>2026-01-01T11:56:34.8481320Z</when>
        <gx:coord>13.266774 51.549885 599.1967</gx:coord>
        <when>2026-01-01T11:56:39.8481320Z</when>
        <gx:coord>13.263194 51.54976 596.4878</gx:coord>
        <when>2026-01-01T11:56:44.8481320Z</when>
        <gx:coord>13.259594 51.549633 593.38226</gx:coord>
        <when>2026-01-01T11:56:48.0891320Z</when>
        <gx:coord>13.2567005 51.549538 590.01447</gx:coord>
        <when>2026-01-01T11:56:49.8481320Z</when>
        <gx:coord>13.255977 51.549507 588.8728</gx:coord>
        <when>2026-01-01T11:56:54.8491320Z</when>
        <gx:coord>13.252356 51.54933 583.53955</gx:coord>
        <when>2026-01-01T11:56:59.8491320Z</when>
        <gx:coord>13.248752 51.549152 585.52216</gx:coord>
        <when>2026-01-01T11:57:04.8491320Z</when>
        <gx:coord>13.245217 51.54898 588.81396</gx:coord>
        <when>2026-01-01T11:57:09.8491320Z</when>
        <gx:coord>13.241739 51.54883 590.0768</gx:coord>
        <when>2026-01-01T11:57:11.0941320Z</when>
        <gx:coord>13.2403555 51.54877 590.0765</gx:coord>
        <when>2026-01-01T11:57:14.8491320Z</when>
        <gx:coord>13.238298 51.548717 591.6518</gx:coord>
        <when>2026-01-01T11:57:19.8491320Z</when>
        <gx:coord>13.234875 51.548668 582.82153</gx:coord>
        <when>2026-01-01T11:57:24.8481320Z</when>
        <gx:coord>13.23135 51.548744 570.9053</gx:coord>
        <when>2026-01-01T11:57:29.8491320Z</when>
        <gx:coord>13.227781 51.54887 564.5638</gx:coord>
        <when>2026-01-01T11:57:34.8491320Z</when>
        <gx:coord>13.224253 51.549023 563.953</gx:coord>
        <when>2026-01-01T11:57:39.8491320Z</when>
        <gx:coord>13.220793 51.549236 567.1845</gx:coord>
        <when>2026-01-01T11:57:44.8491320Z</when>
        <gx:coord>13.217451 51.549496 570.29065</gx:coord>
        <when>2026-01-01T11:57:45.0851320Z</when>
        <gx:coord>13.217451 51.549496 570.29065</gx:coord>
        <when>2026-01-01T11:57:49.8491320Z</when>
        <gx:coord>13.214192 51.549797 574.2249</gx:coord>
        <when>2026-01-01T11:57:50.0931320Z</when>
        <gx:coord>13.213563 51.54986 574.2249</gx:coord>
        <when>2026-01-01T11:57:54.8491320Z</when>
        <gx:coord>13.210992 51.550022 572.355</gx:coord>
        <when>2026-01-01T11:57:59.8491320Z</when>
        <gx:coord>13.207715 51.55007 567.6347</gx:coord>
        <when>2026-01-01T11:58:04.8491320Z</when>
        <gx:coord>13.204401 51.549957 567.0487</gx:coord>
        <when>2026-01-01T11:58:09.8491320Z</when>
        <gx:coord>13.201131 51.54972 559.8868</gx:coord>
        <when>2026-01-01T11:58:10.0851320Z</when>
        <gx:coord>13.200476 51.549667 557.78876</gx:coord>
        <when>2026-01-01T11:58:14.8481320Z</when>
        <gx:coord>13.197827 51.549473 552.40094</gx:coord>
        <when>2026-01-01T11:58:19.8491320Z</when>
        <gx:coord>13.194455 51.549366 554.12476</gx:coord>
        <when>2026-01-01T11:58:24.8491320Z</when>
        <gx:coord>13.1909485 51.549404 545.29584</gx:coord>
        <when>2026-01-01T11:58:29.0871320Z</when>
        <gx:coord>13.188043 51.549465 541.10223</gx:coord>
        <when>2026-01-01T11:58:29.8491320Z</when>
        <gx:coord>13.187302 51.549484 542.2112</gx:coord>
        <when>2026-01-01T11:58:30.0921320Z</when>
        <gx:coord>13.186557 51.549503 542.2112</gx:coord>
        <when>2026-01-01T11:58:34.8491320Z</when>
        <gx:coord>13.183594 51.54958 545.5594</gx:coord>
        <when>2026-01-01T11:58:39.8491320Z</when>
        <gx:coord>13.179901 51.549698 540.4546</gx:coord>
        <when>2026-01-01T11:58:44.8491320Z</when>
        <gx:coord>13.176162 51.549824 541.6831</gx:coord>
        <when>2026-01-01T11:58:49.8491320Z</when>
        <gx:coord>13.172415 51.549778 555.499</gx:coord>
        <when>2026-01-01T11:58:54.8491320Z</when>
        <gx:coord>13.168709 51.549633 562.1994</gx:coord>
        <when>2026-01-01T11:58:59.8491320Z</when>
        <gx:coord>13.165009 51.549538 570.73486</gx:coord>
        <when>2026-01-01T11:59:04.8491320Z</when>
        <gx:coord>13.161373 51.54956 573.7949</gx:coord>
        <when>2026-01-01T11:59:07.0911320Z</when>
        <gx:coord>13.15923 51.549576 575.554</gx:coord>
        <when>2026-01-01T11:59:09.8491320Z</when>
        <gx:coord>13.15781 51.549587 577.0695</gx:coord>
        <when>2026-01-01T11:59:14.8491320Z</when>
        <gx:coord>13.154282 51.54962 581.7999</gx:coord>
        <when>2026-01-01T11:59:19.8491320Z</when>
        <gx:coord>13.1508045 51.54962 580.82745</gx:coord>
        <when>2026-01-01T11:59:24.8491320Z</when>
        <gx:coord>13.147301 51.549576 576.8759</gx:coord>
        <when>2026-01-01T11:59:29.8491320Z</when>
        <gx:coord>13.143775 51.549538 579.8385</gx:coord>
        <when>2026-01-01T11:59:34.8491320Z</when>
        <gx:coord>13.140254 51.549538 583.60895</gx:coord>
        <when>2026-01-01T11:59:39.8491320Z</when>
        <gx:coord>13.136695 51.54959 585.0797</gx:coord>
        <when>2026-01-01T11:59:44.8501320Z</when>
        <gx:coord>13.133131 51.5497 585.7248</gx:coord>
        <when>2026-01-01T11:59:45.0881320Z</when>
        <gx:coord>13.132419 51.549732 585.7248</gx:coord>
        <when>2026-01-01T11:59:49.8501320Z</when>
        <gx:coord>13.12957 51.549843 585.44336</gx:coord>
        <when>2026-01-01T11:59:54.8501320Z</when>
        <gx:coord>13.126057 51.55002 585.0917</gx:coord>
        <when>2026-01-01T11:59:59.8501320Z</when>
        <gx:coord>13.122551 51.550217 582.762</gx:coord>
        <when>2026-01-01T12:00:04.8501320Z</when>
        <gx:coord>13.118993 51.550434 580.84265</gx:coord>
        <when>2026-01-01T12:00:09.8501320Z</when>
        <gx:coord>13.115414 51.550663 576.3479</gx:coord>
        <when>2026-01-01T12:00:14.8501320Z</when>
        <gx:coord>13.111819 51.550774 570.5645</gx:coord>
        <when>2026-01-01T12:00:19.8501320Z</when>
        <gx:coord>13.108202 51.550858 563.8777</gx:coord>
        <when>2026-01-01T12:00:23.0961320Z</when>
        <gx:coord>13.105316 51.550915 560.4054</gx:coord>
        <when>2026-01-01T12:00:24.8721320Z</when>
        <gx:coord>13.104595 51.550926 557.4914</gx:coord>
        <when>2026-01-01T12:00:29.8501320Z</when>
        <gx:coord>13.1009865 51.550987 553.169</gx:coord>
        <when>2026-01-01T12:00:34.8501320Z</when>
        <gx:coord>13.097353 51.551052 548.128</gx:coord>
        <when>2026-01-01T12:00:39.8501320Z</when>
        <gx:coord>13.093763 51.551067 550.15515</gx:coord>
        <when>2026-01-01T12:00:44.8491320Z</when>
        <gx:coord>13.090138 51.55109 552.3585</gx:coord>
        <when>2026-01-01T12:00:49.8501320Z</when>
        <gx:coord>13.086429 51.55116 556.8515</gx:coord>
        <when>2026-01-01T12:00:54.8501320Z</when>
        <gx:coord>13.082724 51.551266 568.24146</gx:coord>
        <when>2026-01-01T12:00:59.8501320Z</when>
        <gx:coord>13.079051 51.551342 573.5745</gx:coord>
        <when>2026-01-01T12:01:00.0941320Z</when>
        <gx:coord>13.078317 51.551365 573.5745</gx:coord>
        <when>2026-01-01T12:01:04.8501320Z</when>
        <gx:coord>13.075373 51.55151 570.70966</gx:coord>
        <when>2026-01-01T12:01:09.8501320Z</when>
        <gx:coord>13.071687 51.55175 570.0664</gx:coord>
        <when>2026-01-01T12:01:14.8501320Z</when>
        <gx:coord>13.068047 51.551945 572.7924</gx:coord>
        <when>2026-01-01T12:01:19.8501320Z</when>
        <gx:coord>13.064447 51.552147 576.1824</gx:coord>
        <when>2026-01-01T12:01:24.8501320Z</when>
        <gx:coord>13.060919 51.552395 581.78125</gx:coord>
        <when>2026-01-01T12:01:29.8501320Z</when>
        <gx:coord>13.057464 51.552658 582.18896</gx:coord>
        <when>2026-01-01T12:01:34.8501320Z</when>
        <gx:coord>13.054019 51.552868 583.977</gx:coord>
        <when>2026-01-01T12:01:38.0991320Z</when>
        <gx:coord>13.051283 51.55303 585.14276</gx:coord>
        <when>2026-01-01T12:01:39.8501320Z</when>
        <gx:coord>13.050594 51.553062 586.1125</gx:coord>
        <when>2026-01-01T12:01:42.0911320Z</when>
        <gx:coord>13.048525 51.553146 589.9518</gx:coord>
        <when>2026-01-01T12:01:44.8501320Z</when>
        <gx:coord>13.047134 51.55321 592.68475</gx:coord>
        <when>2026-01-01T12:01:49.8501320Z</when>
        <gx:coord>13.043655 51.553432 597.2363</gx:coord>
        <when>2026-01-01T12:01:54.8501320Z</when>
        <gx:coord>13.040179 51.55363 594.43634</gx:coord>
        <when>2026-01-01T12:01:59.8501320Z</when>
        <gx:coord>13.036668 51.553814 589.9383</gx:coord>
        <when>2026-01-01T12:02:04.8501320Z</when>
        <gx:coord>13.0331545 51.55404 588.4447</gx:coord>
        <when>2026-01-01T12:02:09.8501320Z</when>
        <gx:coord>13.029619 51.55425 590.6176</gx:coord>
        <when>2026-01-01T12:02:14.8501320Z</when>
        <gx:coord>13.02605 51.554424 592.4323</gx:coord>
        <when>2026-01-01T12:02:16.0991320Z</when>
        <gx:coord>13.024622 51.55452 593.1126</gx:coord>
        <when>2026-01-01T12:02:19.8501320Z</when>
        <gx:coord>13.022477 51.55466 597.3644</gx:coord>
        <when>2026-01-01T12:02:24.8501320Z</when>
        <gx:coord>13.018912 51.55487 601.5376</gx:coord>
        <when>2026-01-01T12:02:29.8501320Z</when>
        <gx:coord>13.015334 51.554993 603.1124</gx:coord>
        <when>2026-01-01T12:02:34.8501320Z</when>
        <gx:coord>13.01176 51.555084 601.4878</gx:coord>
        <when>2026-01-01T12:02:39.8501320Z</when>
        <gx:coord>13.008263 51.555153 606.4307</gx:coord>
        <when>2026-01-01T12:02:44.8501320Z</when>
        <gx:coord>13.004728 51.555183 602.10785</gx:coord>
        <when>2026-01-01T12:02:49.8501320Z</when>
        <gx:coord>13.001193 51.555176 602.23016</gx:coord>
        <when>2026-01-01T12:02:54.1061320Z</when>
        <gx:coord>12.997713 51.555088 604.3979</gx:coord>
        <when>2026-01-01T12:02:54.8511320Z</when>
        <gx:coord>12.997713 51.555088 604.58295</gx:coord>
        <when>2026-01-01T12:02:59.8511320Z</when>
        <gx:coord>12.994248 51.554947 599.71326</gx:coord>
        <when>2026-01-01T12:03:04.8511320Z</when>
        <gx:coord>12.990705 51.554848 590.55774</gx:coord>
        <when>2026-01-01T12:03:09.8511320Z</when>
        <gx:coord>12.987149 51.55478 585.69696</gx:coord>
        <when>2026-01-01T12:03:14.8501320Z</when>
        <gx:coord>12.983604 51.55476 592.46716</gx:coord>
        <when>2026-01-01T12:03:19.8511320Z</when>
        <gx:coord>12.980078 51.55479 596.1965</gx:coord>
        <when>2026-01-01T12:03:24.8511320Z</when>
        <gx:coord>12.9765625 51.554817 599.57355</gx:coord>
        <when>2026-01-01T12:03:29.8511320Z</when>
        <gx:coord>12.973089 51.55489 606.8665</gx:coord>
        <when>2026-01-01T12:03:33.0951320Z</when>
        <gx:coord>12.970361 51.554943 608.5175</gx:coord>
        <when>2026-01-01T12:03:34.8511320Z</when>
        <gx:coord>12.969679 51.554955 611.543</gx:coord>
        <when>2026-01-01T12:03:39.8511320Z</when>
        <gx:coord>12.966282 51.55498 612.5159</gx:coord>
        <when>2026-01-01T12:03:44.8511320Z</when>
        <gx:coord>12.962869 51.555004 610.50195</gx:coord>
        <when>2026-01-01T12:03:49.8511320Z</when>
        <gx:coord>12.95943 51.55503 611.97687</gx:coord>
        <when>2026-01-01T12:03:54.8511320Z</when>
        <gx:coord>12.955985 51.555077 610.20593</gx:coord>
        <when>2026-01-01T12:03:59.8511320Z</when>
        <gx:coord>12.952526 51.55514 608.7721</gx:coord>
        <when>2026-01-01T12:04:04.8511320Z</when>
        <gx:coord>12.949087 51.555195 610.0848</gx:coord>
        <when>2026-01-01T12:04:09.8511320Z</when>
        <gx:coord>12.945613 51.555244 609.8236</gx:coord>
        <when>2026-01-01T12:04:12.0961320Z</when>
        <gx:coord>12.943506 51.555244 608.2322</gx:coord>
        <when>2026-01-01T12:04:14.8511320Z</when>
        <gx:coord>12.9421 51.555218 605.5953</gx:coord>
        <when>2026-01-01T12:04:19.8511320Z</when>
        <gx:coord>12.938608 51.555115 601.9369</gx:coord>
        <when>2026-01-01T12:04:24.8501320Z</when>
        <gx:coord>12.935064 51.55503 594.86536</gx:coord>
        <when>2026-01-01T12:04:29.8511320Z</when>
        <gx:coord>12.931465 51.554916 596.7177</gx:coord>
        <when>2026-01-01T12:04:34.8511320Z</when>
        <gx:coord>12.927839 51.554752 600.51825</gx:coord>
        <when>2026-01-01T12:04:39.8511320Z</when>
        <gx:coord>12.924243 51.554596 602.293</gx:coord>
        <when>2026-01-01T12:04:44.8511320Z</when>
        <gx:coord>12.920697 51.554436 603.7589</gx:coord>
        <when>2026-01-01T12:04:49.8511320Z</when>
        <gx:coord>12.917164 51.55434 600.4044</gx:coord>
        <when>2026-01-01T12:04:50.0941320Z</when>
        <gx:coord>12.916457 51.554337 600.4044</gx:coord>
        <when>2026-01-01T12:04:54.8511320Z</when>
        <gx:coord>12.913644 51.554386 600.3811</gx:coord>
        <when>2026-01-01T12:04:59.8511320Z</when>
        <gx:coord>12.910163 51.554493 603.3706</gx:coord>
        <when>2026-01-01T12:05:04.8511320Z</when>
        <gx:coord>12.906721 51.554634 604.71796</gx:coord>
        <when>2026-01-01T12:05:09.8511320Z</when>
        <gx:coord>12.90331 51.55476 600.5248</gx:coord>
        <when>2026-01-01T12:05:14.8511320Z</when>
        <gx:coord>12.89987 51.554855 595.8839</gx:coord>
        <when>2026-01-01T12:05:19.8511320Z</when>
        <gx:coord>12.896451 51.55494 595.13153</gx:coord>
        <when>2026-01-01T12:05:24.8791320Z</when>
        <gx:coord>12.893014 51.55498 601.48425</gx:coord>
        <when>2026-01-01T12:05:29.0981320Z</when>
        <gx:coord>12.889559 51.554985 597.50757</gx:coord>
        <when>2026-01-01T12:05:29.8511320Z</when>
        <gx:coord>12.889559 51.554985 597.31006</gx:coord>
        <when>2026-01-01T12:05:34.8511320Z</when>
        <gx:coord>12.8860655 51.554897 596.21844</gx:coord>
        <when>2026-01-01T12:05:39.8511320Z</when>
        <gx:coord>12.882532 51.55478 594.48737</gx:coord>
        <when>2026-01-01T12:05:44.8511320Z</when>
        <gx:coord>12.8789835 51.554634 597.88995</gx:coord>
        <when>2026-01-01T12:05:49.8511320Z</when>
        <gx:coord>12.875383 51.554527 600.7735</gx:coord>
        <when>2026-01-01T12:05:54.8511320Z</when>
        <gx:coord>12.871746 51.554386 612.3472</gx:coord>
        <when>2026-01-01T12:05:59.8511320Z</when>
        <gx:coord>12.8681 51.55424 616.1638</gx:coord>
        <when>2026-01-01T12:06:04.8511320Z</when>
        <gx:coord>12.86439 51.554115 619.9985</gx:coord>
        <when>2026-01-01T12:06:07.0961320Z</when>
        <gx:coord>12.862165 51.55409 618.2452</gx:coord>
        <when>2026-01-01T12:06:09.8511320Z</when>
        <gx:coord>12.860675 51.554077 614.4976</gx:coord>
        <when>2026-01-01T12:06:14.8511320Z</when>
        <gx:coord>12.856963 51.554066 608.04364</gx:coord>
        <when>2026-01-01T12:06:19.8511320Z</when>
        <gx:coord>12.853253 51.554073 608.1647</gx:coord>
        <when>2026-01-01T12:06:24.8511320Z</when>
        <gx:coord>12.849521 51.554157 608.2785</gx:coord>
        <when>2026-01-01T12:06:29.8511320Z</when>
        <gx:coord>12.845759 51.55426 607.9962</gx:coord>
        <when>2026-01-01T12:06:34.8511320Z</when>
        <gx:coord>12.842003 51.55436 605.1161</gx:coord>
        <when>2026-01-01T12:06:39.8511320Z</when>
        <gx:coord>12.838273 51.55432 600.3503</gx:coord>
        <when>2026-01-01T12:06:43.0971320Z</when>
        <gx:coord>12.835303 51.55429 595.1974</gx:coord>
        <when>2026-01-01T12:06:44.8511320Z</when>
        <gx:coord>12.834562 51.554283 591.7016</gx:coord>
        <when>2026-01-01T12:06:49.8511320Z</when>
        <gx:coord>12.830884 51.554245 587.404</gx:coord>
        <when>2026-01-01T12:06:54.8511320Z</when>
        <gx:coord>12.827206 51.554237 581.20856</gx:coord>
        <when>2026-01-01T12:06:59.8501320Z</when>
        <gx:coord>12.823533 51.55424 582.397</gx:coord>
        <when>2026-01-01T12:07:04.8511320Z</when>
        <gx:coord>12.819872 51.55428 594.4423</gx:coord>
        <when>2026-01-01T12:07:09.8511320Z</when>
        <gx:coord>12.816208 51.55435 600.4554</gx:coord>
        <when>2026-01-01T12:07:14.8511320Z</when>
        <gx:coord>12.812576 51.554466 601.0637</gx:coord>
        <when>2026-01-01T12:07:19.8511320Z</when>
        <gx:coord>12.808936 51.554607 593.9821</gx:coord>
        <when>2026-01-01T12:07:20.0951320Z</when>
        <gx:coord>12.808212 51.554634 593.9821</gx:coord>
        <when>2026-01-01T12:07:24.8511320Z</when>
        <gx:coord>12.805301 51.55474 588.76733</gx:coord>
        <when>2026-01-01T12:07:29.8511320Z</when>
        <gx:coord>12.801619 51.554813 582.56036</gx:coord>
        <when>2026-01-01T12:07:34.8511320Z</when>
        <gx:coord>12.797818 51.55488 581.2259</gx:coord>
        <when>2026-01-01T12:07:39.8511320Z</when>
        <gx:coord>12.793982 51.55495 575.0008</gx:coord>
        <when>2026-01-01T12:07:44.8511320Z</when>
        <gx:coord>12.790178 51.555046 569.7039</gx:coord>
        <when>2026-01-01T12:07:49.8511320Z</when>
        <gx:coord>12.786437 51.555187 567.2873</gx:coord>
        <when>2026-01-01T12:07:54.8511320Z</when>
        <gx:coord>12.782732 51.555264 566.5161</gx:coord>
        <when>2026-01-01T12:07:56.0931320Z</when>
        <gx:coord>12.781268 51.55526 566.9405</gx:coord>
        <when>2026-01-01T12:07:59.8511320Z</when>
        <gx:coord>12.779089 51.555252 565.8288</gx:coord>
        <when>2026-01-01T12:08:04.8511320Z</when>
        <gx:coord>12.775482 51.55524 559.8141</gx:coord>
        <when>2026-01-01T12:08:05.0871320Z</when>
        <gx:coord>12.774768 51.555233 557.8859</gx:coord>
        <when>2026-01-01T12:08:09.8511320Z</when>
        <gx:coord>12.771913 51.55517 551.6765</gx:coord>
        <when>2026-01-01T12:08:14.8511320Z</when>
        <gx:coord>12.768338 51.555042 545.21875</gx:coord>
        <when>2026-01-01T12:08:19.8511320Z</when>
        <gx:coord>12.764737 51.554924 548.1547</gx:coord>
        <when>2026-01-01T12:08:24.8511320Z</when>
        <gx:coord>12.761164 51.55476 554.21814</gx:coord>
        <when>2026-01-01T12:08:29.8511320Z</when>
        <gx:coord>12.757622 51.554665 554.3658</gx:coord>
        <when>2026-01-01T12:08:34.0921320Z</when>
        <gx:coord>12.75412 51.554623 553.25287</gx:coord>
        <when>2026-01-01T12:08:34.8511320Z</when>
        <gx:coord>12.75412 51.554623 554.12994</gx:coord>
        <when>2026-01-01T12:08:39.8511320Z</when>
        <gx:coord>12.750688 51.554577 558.7076</gx:coord>
        <when>2026-01-01T12:08:44.8511320Z</when>
        <gx:coord>12.747295 51.55455 555.7146</gx:coord>
        <when>2026-01-01T12:08:49.8511320Z</when>
        <gx:coord>12.74393 51.554462 552.6803</gx:coord>
        <when>2026-01-01T12:08:54.8511320Z</when>
        <gx:coord>12.740568 51.55433 547.9453</gx:coord>
        <when>2026-01-01T12:08:59.8511320Z</when>
        <gx:coord>12.737187 51.554165 542.4744</gx:coord>
        <when>2026-01-01T12:09:04.8511320Z</when>
        <gx:coord>12.733773 51.553936 543.4337</gx:coord>
        <when>2026-01-01T12:09:09.8511320Z</when>
        <gx:coord>12.730391 51.553703 549.0832</gx:coord>
        <when>2026-01-01T12:09:14.0941320Z</when>
        <gx:coord>12.727044 51.553425 549.88257</gx:coord>
        <when>2026-01-01T12:09:14.8511320Z</when>
        <gx:coord>12.727044 51.553425 550.3765</gx:coord>
        <when>2026-01-01T12:09:19.8511320Z</when>
        <gx:coord>12.723672 51.553158 555.68445</gx:coord>
        <when>2026-01-01T12:09:22.0901320Z</when>
        <gx:coord>12.722327 51.553047 555.86523</gx:coord>
        <when>2026-01-01T12:09:24.8501320Z</when>
        <gx:coord>12.720326 51.552864 550.69867</gx:coord>
        <when>2026-01-01T12:09:29.8511320Z</when>
        <gx:coord>12.71696 51.55257 545.461</gx:coord>
        <when>2026-01-01T12:09:34.8511320Z</when>
        <gx:coord>12.7135935 51.552326 547.23395</gx:coord>
        <when>2026-01-01T12:09:39.8511320Z</when>
        <gx:coord>12.710224 51.552143 547.16125</gx:coord>
        <when>2026-01-01T12:09:44.8511320Z</when>
        <gx:coord>12.706883 51.551956 546.4775</gx:coord>
        <when>2026-01-01T12:09:46.0881320Z</when>
        <gx:coord>12.706222 51.551914 545.86444</gx:coord>
        <when>2026-01-01T12:09:49.8511320Z</when>
        <gx:coord>12.703596 51.55173 546.4592</gx:coord>
        <when>2026-01-01T12:09:54.1001320Z</when>
        <gx:coord>12.700335 51.551456 545.8412</gx:coord>
        <when>2026-01-01T12:09:54.8511320Z</when>
        <gx:coord>12.700335 51.551456 545.66284</gx:coord>
        <when>2026-01-01T12:09:59.8511320Z</when>
        <gx:coord>12.69707 51.55122 542.236</gx:coord>
        <when>2026-01-01T12:10:04.8511320Z</when>
        <gx:coord>12.693763 51.550972 544.3157</gx:coord>
        <when>2026-01-01T12:10:09.8511320Z</when>
        <gx:coord>12.690445 51.550713 539.54083</gx:coord>
        <when>2026-01-01T12:10:14.8511320Z</when>
        <gx:coord>12.687106 51.55048 535.0454</gx:coord>
        <when>2026-01-01T12:10:19.8511320Z</when>
        <gx:coord>12.683808 51.550266 536.4664</gx:coord>
        <when>2026-01-01T12:10:24.8721320Z</when>
        <gx:coord>12.680509 51.550034 529.665</gx:coord>
        <when>2026-01-01T12:10:26.0921320Z</when>
        <gx:coord>12.679177 51.549923 527.03656</gx:coord>
        <when>2026-01-01T12:10:29.8511320Z</when>
        <gx:coord>12.677173 51.549805 523.9767</gx:coord>
        <when>2026-01-01T12:10:34.8501320Z</when>
        <gx:coord>12.673789 51.549618 516.8573</gx:coord>
        <when>2026-01-01T12:10:35.0991320Z</when>
        <gx:coord>12.673109 51.549583 516.8573</gx:coord>
        <when>2026-01-01T12:10:39.8511320Z</when>
        <gx:coord>12.670399 51.549465 522.62683</gx:coord>
        <when>2026-01-01T12:10:44.8511320Z</when>
        <gx:coord>12.666976 51.549328 522.6399</gx:coord>
        <when>2026-01-01T12:10:49.8511320Z</when>
        <gx:coord>12.663548 51.54911 523.92664</gx:coord>
        <when>2026-01-01T12:10:54.8511320Z</when>
        <gx:coord>12.660128 51.54887 524.0827</gx:coord>
        <when>2026-01-01T12:10:59.8501320Z</when>
        <gx:coord>12.656734 51.54866 522.0251</gx:coord>
        <when>2026-01-01T12:11:04.8501320Z</when>
        <gx:coord>12.653368 51.548447 521.30066</gx:coord>
        <when>2026-01-01T12:11:09.8501320Z</when>
        <gx:coord>12.649979 51.54841 520.1856</gx:coord>
        <when>2026-01-01T12:11:10.0901320Z</when>
        <gx:coord>12.649979 51.54841 520.1856</gx:coord>
        <when>2026-01-01T12:11:14.8491320Z</when>
        <gx:coord>12.646532 51.5487 510.04926</gx:coord>
        <when>2026-01-01T12:11:15.0941320Z</when>
        <gx:coord>12.645838 51.548794 510.04926</gx:coord>
        <when>2026-01-01T12:11:19.8491320Z</when>
        <gx:coord>12.643042 51.5492 506.22827</gx:coord>
        <when>2026-01-01T12:11:24.8491320Z</when>
        <gx:coord>12.639541 51.54968 509.83243</gx:coord>
        <when>2026-01-01T12:11:29.8491320Z</when>
        <gx:coord>12.636065 51.550095 509.08264</gx:coord>
        <when>2026-01-01T12:11:34.8491320Z</when>
        <gx:coord>12.632601 51.5504 507.43094</gx:coord>
        <when>2026-01-01T12:11:39.8491320Z</when>
        <gx:coord>12.629161 51.550625 508.24188</gx:coord>
        <when>2026-01-01T12:11:44.8491320Z</when>
        <gx:coord>12.625785 51.550755 511.6922</gx:coord>
        <when>2026-01-01T12:11:49.8491320Z</when>
        <gx:coord>12.622452 51.55086 512.4685</gx:coord>
        <when>2026-01-01T12:11:54.0961320Z</when>
        <gx:coord>12.61915 51.550953 514.4236</gx:coord>
        <when>2026-01-01T12:11:54.8491320Z</when>
        <gx:coord>12.61915 51.550953 514.95123</gx:coord>
        <when>2026-01-01T12:11:59.8491320Z</when>
        <gx:coord>12.615881 51.551037 514.92426</gx:coord>
        <when>2026-01-01T12:12:04.8491320Z</when>
        <gx:coord>12.612599 51.551083 513.0214</gx:coord>
        <when>2026-01-01T12:12:09.8491320Z</when>
        <gx:coord>12.60928 51.551094 509.40582</gx:coord>
        <when>2026-01-01T12:12:14.8491320Z</when>
        <gx:coord>12.605963 51.55112 504.80743</gx:coord>
        <when>2026-01-01T12:12:19.8491320Z</when>
        <gx:coord>12.602624 51.55116 501.6395</gx:coord>
        <when>2026-01-01T12:12:24.8491320Z</when>
        <gx:coord>12.599271 51.551205 506.92624</gx:coord>
        <when>2026-01-01T12:12:29.8491320Z</when>
        <gx:coord>12.5959425 51.551258 518.83386</gx:coord>
        <when>2026-01-01T12:12:34.8491320Z</when>
        <gx:coord>12.592701 51.551292 533.17664</gx:coord>
        <when>2026-01-01T12:12:35.0941320Z</when>
        <gx:coord>12.592056 51.55129 533.17664</gx:coord>
        <when>2026-01-01T12:12:39.8491320Z</when>
        <gx:coord>12.5894785 51.5513 537.22253</gx:coord>
        <when>2026-01-01T12:12:44.8491320Z</when>
        <gx:coord>12.586296 51.551304 536.9071</gx:coord>
        <when>2026-01-01T12:12:49.8491320Z</when>
        <gx:coord>12.583138 51.551224 535.9013</gx:coord>
        <when>2026-01-01T12:12:54.8491320Z</when>
        <gx:coord>12.580016 51.551113 536.8836</gx:coord>
        <when>2026-01-01T12:12:59.8491320Z</when>
        <gx:coord>12.57688 51.550987 528.7674</gx:coord>
        <when>2026-01-01T12:13:04.8491320Z</when>
        <gx:coord>12.573661 51.550926 525.8198</gx:coord>
        <when>2026-01-01T12:13:09.8501320Z</when>
        <gx:coord>12.570321 51.550884 526.07245</gx:coord>
        <when>2026-01-01T12:13:14.8501320Z</when>
        <gx:coord>12.566873 51.55087 526.5789</gx:coord>
        <when>2026-01-01T12:13:17.0991320Z</when>
        <gx:coord>12.56482 51.550888 530.15674</gx:coord>
        <when>2026-01-01T12:13:19.8511320Z</when>
        <gx:coord>12.563464 51.5509 534.13214</gx:coord>
        <when>2026-01-01T12:13:24.8511320Z</when>
        <gx:coord>12.560066 51.550907 533.19904</gx:coord>
        <when>2026-01-01T12:13:29.8511320Z</when>
        <gx:coord>12.556618 51.55093 537.08246</gx:coord>
        <when>2026-01-01T12:13:34.8511320Z</when>
        <gx:coord>12.553081 51.55096 547.6082</gx:coord>
        <when>2026-01-01T12:13:39.8511320Z</when>
        <gx:coord>12.549496 51.551094 555.09674</gx:coord>
        <when>2026-01-01T12:13:44.8511320Z</when>
        <gx:coord>12.545931 51.551266 555.20264</gx:coord>
        <when>2026-01-01T12:13:50.1561320Z</when>
        <gx:coord>12.54169 51.551434 548.92163</gx:coord>
        <when>2026-01-01T12:13:54.8511320Z</when>
        <gx:coord>12.538868 51.551506 545.4621</gx:coord>
        <when>2026-01-01T12:13:56.0991320Z</when>
        <gx:coord>12.537471 51.551506 544.2288</gx:coord>
        <when>2026-01-01T12:13:59.8511320Z</when>
        <gx:coord>12.535394 51.551445 538.7746</gx:coord>
        <when>2026-01-01T12:14:04.8511320Z</when>
        <gx:coord>12.53196 51.551266 537.8387</gx:coord>
        <when>2026-01-01T12:14:09.8511320Z</when>
        <gx:coord>12.528502 51.55118 533.0009</gx:coord>
        <when>2026-01-01T12:14:14.8511320Z</when>
        <gx:coord>12.524951 51.551228 532.8566</gx:coord>
        <when>2026-01-01T12:14:19.8511320Z</when>
        <gx:coord>12.521322 51.55138 542.079</gx:coord>
        <when>2026-01-01T12:14:24.8501320Z</when>
        <gx:coord>12.517734 51.551594 544.2146</gx:coord>
        <when>2026-01-01T12:14:29.8511320Z</when>
        <gx:coord>12.514216 51.551876 541.4594</gx:coord>
        <when>2026-01-01T12:14:34.0971320Z</when>
        <gx:coord>12.510703 51.552177 537.3094</gx:coord>
        <when>2026-01-01T12:14:34.8511320Z</when>
        <gx:coord>12.510703 51.552177 537.50146</gx:coord>
        <when>2026-01-01T12:14:39.8511320Z</when>
        <gx:coord>12.507238 51.552464 532.9213</gx:coord>
        <when>2026-01-01T12:14:44.8511320Z</when>
        <gx:coord>12.503795 51.552734 528.72424</gx:coord>
        <when>2026-01-01T12:14:49.8511320Z</when>
        <gx:coord>12.500401 51.553013 522.50226</gx:coord>
        <when>2026-01-01T12:14:54.8501320Z</when>
        <gx:coord>12.496987 51.553318 516.65</gx:coord>
        <when>2026-01-01T12:14:59.8511320Z</when>
        <gx:coord>12.493584 51.55362 512.20123</gx:coord>
        <when>2026-01-01T12:15:04.8511320Z</when>
        <gx:coord>12.490187 51.55389 506.84662</gx:coord>
        <when>2026-01-01T12:15:09.8511320Z</when>
        <gx:coord>12.486822 51.554176 502.50278</gx:coord>
        <when>2026-01-01T12:15:14.0931320Z</when>
        <gx:coord>12.483551 51.554432 503.70215</gx:coord>
        <when>2026-01-01T12:15:14.8511320Z</when>
        <gx:coord>12.483551 51.554432 503.56427</gx:coord>
        <when>2026-01-01T12:15:19.8511320Z</when>
        <gx:coord>12.480363 51.554714 498.1565</gx:coord>
        <when>2026-01-01T12:15:23.0951320Z</when>
        <gx:coord>12.477831 51.554893 496.1628</gx:coord>
        <when>2026-01-01T12:15:24.8981320Z</when>
        <gx:coord>12.4772005 51.554935 496.00778</gx:coord>
        <when>2026-01-01T12:15:29.8511320Z</when>
        <gx:coord>12.474011 51.55506 489.1872</gx:coord>
        <when>2026-01-01T12:15:34.8511320Z</when>
        <gx:coord>12.470724 51.555256 486.00507</gx:coord>
        <when>2026-01-01T12:15:39.8511320Z</when>
        <gx:coord>12.467389 51.5555 497.85388</gx:coord>
        <when>2026-01-01T12:15:44.8511320Z</when>
        <gx:coord>12.4640045 51.555824 503.48898</gx:coord>
        <when>2026-01-01T12:15:49.8511320Z</when>
        <gx:coord>12.460583 51.556168 502.75406</gx:coord>
        <when>2026-01-01T12:15:54.8511320Z</when>
        <gx:coord>12.457096 51.556488 501.2541</gx:coord>
        <when>2026-01-01T12:15:55.0981320Z</when>
        <gx:coord>12.456388 51.556553 501.2541</gx:coord>
        <when>2026-01-01T12:15:59.8511320Z</when>
        <gx:coord>12.45354 51.556843 502.81683</gx:coord>
        <when>2026-01-01T12:16:04.8511320Z</when>
        <gx:coord>12.449984 51.55717 504.67978</gx:coord>
        <when>2026-01-01T12:16:09.8511320Z</when>
        <gx:coord>12.446415 51.557476 496.62955</gx:coord>
        <when>2026-01-01T12:16:14.8511320Z</when>
        <gx:coord>12.442907 51.557766 489.72733</gx:coord>
        <when>2026-01-01T12:16:19.8511320Z</when>
        <gx:coord>12.439233 51.55815 492.4401</gx:coord>
        <when>2026-01-01T12:16:24.8691320Z</when>
        <gx:coord>12.43562 51.558475 501.08582</gx:coord>
        <when>2026-01-01T12:16:29.0871320Z</when>
        <gx:coord>12.432708 51.55874 511.9052</gx:coord>
        <when>2026-01-01T12:16:29.8511320Z</when>
        <gx:coord>12.431978 51.558804 512.8043</gx:coord>
        <when>2026-01-01T12:16:32.0981320Z</when>
        <gx:coord>12.429764 51.558994 510.9001</gx:coord>
        <when>2026-01-01T12:16:34.8511320Z</when>
        <gx:coord>12.4282875 51.559128 511.1237</gx:coord>
        <when>2026-01-01T12:16:39.8511320Z</when>
        <gx:coord>12.424581 51.559578 509.65622</gx:coord>
        <when>2026-01-01T12:16:44.8511320Z</when>
        <gx:coord>12.420854 51.56003 508.09714</gx:coord>
        <when>2026-01-01T12:16:49.8511320Z</when>
        <gx:coord>12.417079 51.560486 507.12152</gx:coord>
        <when>2026-01-01T12:16:54.8511320Z</when>
        <gx:coord>12.4133005 51.560947 506.37296</gx:coord>
        <when>2026-01-01T12:16:59.8511320Z</when>
        <gx:coord>12.409556 51.561424 515.6233</gx:coord>
        <when>2026-01-01T12:17:04.8511320Z</when>
        <gx:coord>12.405869 51.561848 524.83276</gx:coord>
        <when>2026-01-01T12:17:08.0941320Z</when>
        <gx:coord>12.402921 51.56226 522.0175</gx:coord>
        <when>2026-01-01T12:17:09.8511320Z</when>
        <gx:coord>12.402178 51.56237 523.65265</gx:coord>
        <when>2026-01-01T12:17:10.0941320Z</when>
        <gx:coord>12.402178 51.56237 523.65265</gx:coord>
        <when>2026-01-01T12:17:14.8511320Z</when>
        <gx:coord>12.398485 51.562927 524.43365</gx:coord>
        <when>2026-01-01T12:17:18.0891320Z</when>
        <gx:coord>12.39549 51.563267 527.0687</gx:coord>
        <when>2026-01-01T12:17:19.8511320Z</when>
        <gx:coord>12.394737 51.56334 528.08344</gx:coord>
        <when>2026-01-01T12:17:24.8591320Z</when>
        <gx:coord>12.39099 51.563583 526.5671</gx:coord>
        <when>2026-01-01T12:17:29.8521320Z</when>
        <gx:coord>12.387226 51.563766 528.9533</gx:coord>
        <when>2026-01-01T12:17:34.8521320Z</when>
        <gx:coord>12.383474 51.563976 538.8499</gx:coord>
        <when>2026-01-01T12:17:39.8521320Z</when>
        <gx:coord>12.379735 51.564217 535.3736</gx:coord>
        <when>2026-01-01T12:17:44.0971320Z</when>
        <gx:coord>12.376013 51.564396 535.0282</gx:coord>
        <when>2026-01-01T12:17:44.8521320Z</when>
        <gx:coord>12.376013 51.564396 535.2314</gx:coord>
        <when>2026-01-01T12:17:49.8521320Z</when>
        <gx:coord>12.372339 51.56456 536.2168</gx:coord>
        <when>2026-01-01T12:17:54.8521320Z</when>
        <gx:coord>12.368695 51.56476 537.15515</gx:coord>
        <when>2026-01-01T12:17:59.8521320Z</when>
        <gx:coord>12.365006 51.564957 543.62354</gx:coord>
        <when>2026-01-01T12:18:02.0891320Z</when>
        <gx:coord>12.363544 51.565025 544.45123</gx:coord>
        <when>2026-01-01T12:18:04.8521320Z</when>
        <gx:coord>12.361377 51.565075 546.10095</gx:coord>
        <when>2026-01-01T12:18:09.8511320Z</when>
        <gx:coord>12.357821 51.565243 550.495</gx:coord>
        <when>2026-01-01T12:18:14.8521320Z</when>
        <gx:coord>12.354301 51.565395 547.9194</gx:coord>
        <when>2026-01-01T12:18:19.8521320Z</when>
        <gx:coord>12.350755 51.565407 537.0292</gx:coord>
        <when>2026-01-01T12:18:21.1021320Z</when>
        <gx:coord>12.349291 51.565384 534.0063</gx:coord>
        <when>2026-01-01T12:18:24.8521320Z</when>
        <gx:coord>12.347051 51.56532 526.1694</gx:coord>
        <when>2026-01-01T12:18:29.8521320Z</when>
        <gx:coord>12.343396 51.565193 531.54095</gx:coord>
        <when>2026-01-01T12:18:34.8521320Z</when>
        <gx:coord>12.339754 51.56504 532.3302</gx:coord>
        <when>2026-01-01T12:18:39.8511320Z</when>
        <gx:coord>12.336109 51.564835 535.1643</gx:coord>
        <when>2026-01-01T12:18:43.0911320Z</when>
        <gx:coord>12.333933 51.56468 538.2065</gx:coord>
        <when>2026-01-01T12:18:44.8521320Z</when>
        <gx:coord>12.3324795 51.56457 539.98175</gx:coord>
        <when>2026-01-01T12:18:49.8521320Z</when>
        <gx:coord>12.328836 51.56433 556.4226</gx:coord>
        <when>2026-01-01T12:18:50.0951320Z</when>
        <gx:coord>12.328125 51.564278 558.6889</gx:coord>
        <when>2026-01-01T12:18:54.8521320Z</when>
        <gx:coord>12.325308 51.564037 564.4488</gx:coord>
        <when>2026-01-01T12:18:58.0981320Z</when>
        <gx:coord>12.322499 51.56378 564.88153</gx:coord>
        <when>2026-01-01T12:18:59.8521320Z</when>
        <gx:coord>12.32179 51.563725 567.0253</gx:coord>
        <when>2026-01-01T12:19:04.8521320Z</when>
        <gx:coord>12.318255 51.563484 571.01184</gx:coord>
        <when>2026-01-01T12:19:09.8521320Z</when>
        <gx:coord>12.314731 51.563305 570.8441</gx:coord>
        <when>2026-01-01T12:19:14.8521320Z</when>
        <gx:coord>12.3112335 51.56302 572.7613</gx:coord>
        <when>2026-01-01T12:19:19.8521320Z</when>
        <gx:coord>12.307735 51.562717 568.66315</gx:coord>
        <when>2026-01-01T12:19:24.8521320Z</when>
        <gx:coord>12.304245 51.562393 561.407</gx:coord>
        <when>2026-01-01T12:19:29.8521320Z</when>
        <gx:coord>12.300804 51.56198 557.61694</gx:coord>
        <when>2026-01-01T12:19:34.8521320Z</when>
        <gx:coord>12.297394 51.561543 550.8262</gx:coord>
        <when>2026-01-01T12:19:37.0961320Z</when>
        <gx:coord>12.2953415 51.56122 546.8746</gx:coord>
        <when>2026-01-01T12:19:39.8521320Z</when>
        <gx:coord>12.293961 51.560966 543.044</gx:coord>
        <when>2026-01-01T12:19:44.8521320Z</when>
        <gx:coord>12.290479 51.560383 538.947</gx:coord>
        <when>2026-01-01T12:19:49.8521320Z</when>
        <gx:coord>12.28692 51.55982 529.9866</gx:coord>
        <when>2026-01-01T12:19:50.0941320Z</when>
        <gx:coord>12.286202 51.559715 527.37305</gx:coord>
        <when>2026-01-01T12:19:54.8521320Z</when>
        <gx:coord>12.283302 51.559334 513.55475</gx:coord>
        <when>2026-01-01T12:19:59.8521320Z</when>
        <gx:coord>12.279713 51.55889 511.60406</gx:coord>
        <when>2026-01-01T12:20:04.8521320Z</when>
        <gx:coord>12.276213 51.558495 508.24585</gx:coord>
        <when>2026-01-01T12:20:09.8541320Z</when>
        <gx:coord>12.272684 51.558163 501.7397</gx:coord>
        <when>2026-01-01T12:20:13.0891320Z</when>
        <gx:coord>12.269823 51.557846 495.67807</gx:coord>
        <when>2026-01-01T12:20:14.0991320Z</when>
        <gx:coord>12.26911 51.55776 495.67807</gx:coord>
        <when>2026-01-01T12:20:14.8521320Z</when>
        <gx:coord>12.26911 51.55776 494.71362</gx:coord>
        <when>2026-01-01T12:20:19.8521320Z</when>
        <gx:coord>12.265555 51.55732 491.50735</gx:coord>
        <when>2026-01-01T12:20:24.8881320Z</when>
        <gx:coord>12.262025 51.55686 480.12112</gx:coord>
        <when>2026-01-01T12:20:29.8521320Z</when>
        <gx:coord>12.258416 51.55641 475.75888</gx:coord>
        <when>2026-01-01T12:20:34.8521320Z</when>
        <gx:coord>12.254782 51.555958 473.26898</gx:coord>
        <when>2026-01-01T12:20:39.8521320Z</when>
        <gx:coord>12.25116 51.55543 470.16245</gx:coord>
        <when>2026-01-01T12:20:44.8521320Z</when>
        <gx:coord>12.247543 51.554924 469.83398</gx:coord>
        <when>2026-01-01T12:20:49.8521320Z</when>
        <gx:coord>12.24393 51.554398 466.93036</gx:coord>
        <when>2026-01-01T12:20:51.1031320Z</when>
        <gx:coord>12.242478 51.554203 465.90588</gx:coord>
        <when>2026-01-01T12:20:51.1031320Z</when>
        <gx:coord>12.242478 51.554203 463.84537</gx:coord>
        <when>2026-01-01T12:20:54.8521320Z</when>
        <gx:coord>12.2403145 51.553894 458.43082</gx:coord>
        <when>2026-01-01T12:20:59.8521320Z</when>
        <gx:coord>12.236754 51.55328 456.8651</gx:coord>
        <when>2026-01-01T12:21:03.0921320Z</when>
        <gx:coord>12.2346325 51.5529 453.64905</gx:coord>
        <when>2026-01-01T12:21:04.8521320Z</when>
        <gx:coord>12.2332325 51.552628 448.87653</gx:coord>
        <when>2026-01-01T12:21:09.8671320Z</when>
        <gx:coord>12.229734 51.55194 436.94806</gx:coord>
        <when>2026-01-01T12:21:14.8521320Z</when>
        <gx:coord>12.22628 51.55123 434.38052</gx:coord>
        <when>2026-01-01T12:21:15.0861320Z</when>
        <gx:coord>12.2255945 51.551083 432.96188</gx:coord>
        <when>2026-01-01T12:21:19.8521320Z</when>
        <gx:coord>12.222836 51.5505 429.0351</gx:coord>
        <when>2026-01-01T12:21:24.8521320Z</when>
        <gx:coord>12.2194195 51.54971 426.9534</gx:coord>
        <when>2026-01-01T12:21:28.0961320Z</when>
        <gx:coord>12.216752 51.549057 427.03113</gx:coord>
        <when>2026-01-01T12:21:29.8521320Z</when>
        <gx:coord>12.21609 51.548897 426.82065</gx:coord>
        <when>2026-01-01T12:21:34.8521320Z</when>
        <gx:coord>12.212728 51.54815 426.87766</gx:coord>
        <when>2026-01-01T12:21:39.8521320Z</when>
        <gx:coord>12.209357 51.547375 420.39557</gx:coord>
        <when>2026-01-01T12:21:44.8521320Z</when>
        <gx:coord>12.206059 51.546543 417.47476</gx:coord>
        <when>2026-01-01T12:21:49.8521320Z</when>
        <gx:coord>12.20279 51.54569 413.89346</gx:coord>
        <when>2026-01-01T12:21:54.8531320Z</when>
        <gx:coord>12.199529 51.544865 412.23743</gx:coord>
        <when>2026-01-01T12:21:59.8521320Z</when>
        <gx:coord>12.196311 51.54409 411.9266</gx:coord>
        <when>2026-01-01T12:22:04.0951320Z</when>
        <gx:coord>12.193109 51.543324 401.6798</gx:coord>
        <when>2026-01-01T12:22:04.8531320Z</when>
        <gx:coord>12.193109 51.543324 401.6798</gx:coord>
        <when>2026-01-01T12:22:07.1001320Z</when>
        <gx:coord>12.191203 51.54285 400.32266</gx:coord>
        <when>2026-01-01T12:22:09.8531320Z</when>
        <gx:coord>12.189951 51.542534 399.15927</gx:coord>
        <when>2026-01-01T12:22:14.0901320Z</when>
        <gx:coord>12.187483 51.541904 396.65085</gx:coord>
        <when>2026-01-01T12:22:14.8531320Z</when>
        <gx:coord>12.186867 51.54175 395.48743</gx:coord>
        <when>2026-01-01T12:22:19.8531320Z</when>
        <gx:coord>12.183786 51.541008 391.48172</gx:coord>
        <when>2026-01-01T12:22:24.8531320Z</when>
        <gx:coord>12.180727 51.540283 391.40314</gx:coord>
        <when>2026-01-01T12:22:29.8531320Z</when>
        <gx:coord>12.177684 51.539597 392.7032</gx:coord>
        <when>2026-01-01T12:22:34.8531320Z</when>
        <gx:coord>12.174665 51.538944 392.22534</gx:coord>
        <when>2026-01-01T12:22:39.8521320Z</when>
        <gx:coord>12.171689 51.53829 390.6692</gx:coord>
        <when>2026-01-01T12:22:44.8531320Z</when>
        <gx:coord>12.168782 51.53758 390.4165</gx:coord>
        <when>2026-01-01T12:22:49.0951320Z</when>
        <gx:coord>12.165906 51.536785 387.4599</gx:coord>
        <when>2026-01-01T12:22:49.8531320Z</when>
        <gx:coord>12.165906 51.536785 386.6033</gx:coord>
        <when>2026-01-01T12:22:54.8531320Z</when>
        <gx:coord>12.162976 51.53594 384.6282</gx:coord>
        <when>2026-01-01T12:22:58.0891320Z</when>
        <gx:coord>12.161237 51.535404 383.2882</gx:coord>
        <when>2026-01-01T12:22:59.8531320Z</when>
        <gx:coord>12.160099 51.535007 382.37473</gx:coord>
        <when>2026-01-01T12:23:04.8531320Z</when>
        <gx:coord>12.157168 51.53406 383.8207</gx:coord>
        <when>2026-01-01T12:23:07.0941320Z</when>
        <gx:coord>12.155905 51.533783 383.5204</gx:coord>
        <when>2026-01-01T12:23:09.8531320Z</when>
        <gx:coord>12.153943 51.53349 382.39172</gx:coord>
        <when>2026-01-01T12:23:14.8531320Z</when>
        <gx:coord>12.150644 51.533096 378.9225</gx:coord>
        <when>2026-01-01T12:23:18.0941320Z</when>
        <gx:coord>12.147991 51.532818 370.89316</gx:coord>
        <when>2026-01-01T12:23:19.8531320Z</when>
        <gx:coord>12.147325 51.53276 369.55353</gx:coord>
        <when>2026-01-01T12:23:24.0911320Z</when>
        <gx:coord>12.144678 51.53255 367.9892</gx:coord>
        <when>2026-01-01T12:23:24.8531320Z</when>
        <gx:coord>12.144019 51.532505 367.44604</gx:coord>
        <when>2026-01-01T12:23:29.8531320Z</when>
        <gx:coord>12.140739 51.53231 368.88745</gx:coord>
        <when>2026-01-01T12:23:30.0961320Z</when>
        <gx:coord>12.140089 51.53228 368.88745</gx:coord>
        <when>2026-01-01T12:23:34.8531320Z</when>
        <gx:coord>12.137517 51.532173 368.96777</gx:coord>
        <when>2026-01-01T12:23:39.8531320Z</when>
        <gx:coord>12.134313 51.532036 353.47742</gx:coord>
        <when>2026-01-01T12:23:44.0891320Z</when>
        <gx:coord>12.131035 51.531948 338.73383</gx:coord>
        <when>2026-01-01T12:23:44.8531320Z</when>
        <gx:coord>12.131035 51.531948 338.73383</gx:coord>
        <when>2026-01-01T12:23:46.0931320Z</when>
        <gx:coord>12.130372 51.531963 336.22894</gx:coord>
        <when>2026-01-01T12:23:49.8531320Z</when>
        <gx:coord>12.127735 51.53222 330.71075</gx:coord>
        <when>2026-01-01T12:23:51.0901320Z</when>
        <gx:coord>12.12708 51.532326 329.27768</gx:coord>
        <when>2026-01-01T12:23:54.8521320Z</when>
        <gx:coord>12.124468 51.532825 324.55</gx:coord>
        <when>2026-01-01T12:23:59.8531320Z</when>
        <gx:coord>12.121248 51.533577 314.87396</gx:coord>
        <when>2026-01-01T12:24:03.0921320Z</when>
        <gx:coord>12.118777 51.534275 307.35135</gx:coord>
        <when>2026-01-01T12:24:04.8531320Z</when>
        <gx:coord>12.118169 51.534447 306.02032</gx:coord>
        <when>2026-01-01T12:24:09.8531320Z</when>
        <gx:coord>12.115168 51.535233 307.2878</gx:coord>
        <when>2026-01-01T12:24:12.0981320Z</when>
        <gx:coord>12.11343 51.535698 309.2722</gx:coord>
        <when>2026-01-01T12:24:14.8531320Z</when>
        <gx:coord>12.112309 51.53599 311.41245</gx:coord>
        <when>2026-01-01T12:24:19.8531320Z</when>
        <gx:coord>12.109516 51.536705 309.27765</gx:coord>
        <when>2026-01-01T12:24:24.8521320Z</when>
        <gx:coord>12.106734 51.537502 297.09906</gx:coord>
        <when>2026-01-01T12:24:29.8531320Z</when>
        <gx:coord>12.103992 51.538277 289.83762</gx:coord>
        <when>2026-01-01T12:24:31.0851320Z</when>
        <gx:coord>12.103455 51.538425 287.97464</gx:coord>
        <when>2026-01-01T12:24:34.0931320Z</when>
        <gx:coord>12.101864 51.538876 279.07465</gx:coord>
        <when>2026-01-01T12:24:34.0931320Z</when>
        <gx:coord>12.101344 51.539036 276.0122</gx:coord>
        <when>2026-01-01T12:24:34.8531320Z</when>
        <gx:coord>12.101344 51.539036 276.0122</gx:coord>
        <when>2026-01-01T12:24:39.8531320Z</when>
        <gx:coord>12.09868 51.539776 267.29648</gx:coord>
        <when>2026-01-01T12:24:44.8531320Z</when>
        <gx:coord>12.095913 51.540485 264.55927</gx:coord>
        <when>2026-01-01T12:24:49.8531320Z</when>
        <gx:coord>12.093158 51.541306 261.07956</gx:coord>
        <when>2026-01-01T12:24:54.8531320Z</when>
        <gx:coord>12.0904875 51.54209 250.13718</gx:coord>
        <when>2026-01-01T12:24:57.0951320Z</when>
        <gx:coord>12.088909 51.542522 245.65948</gx:coord>
        <when>2026-01-01T12:24:57.0951320Z</when>
        <gx:coord>12.088909 51.542522 242.45486</gx:coord>
        <when>2026-01-01T12:24:59.8531320Z</when>
        <gx:coord>12.087885 51.542816 236.98619</gx:coord>
        <when>2026-01-01T12:25:04.8531320Z</when>
        <gx:coord>12.085375 51.543514 223.58328</gx:coord>
        <when>2026-01-01T12:25:08.0911320Z</when>
        <gx:coord>12.083384 51.544044 210.8117</gx:coord>
        <when>2026-01-01T12:25:09.8531320Z</when>
        <gx:coord>12.082889 51.544174 209.92847</gx:coord>
        <when>2026-01-01T12:25:14.8531320Z</when>
        <gx:coord>12.080381 51.544823 211.57178</gx:coord>
        <when>2026-01-01T12:25:19.8531320Z</when>
        <gx:coord>12.077944 51.54551 203.39235</gx:coord>
        <when>2026-01-01T12:25:23.0911320Z</when>
        <gx:coord>12.076546 51.54594 199.15053</gx:coord>
        <when>2026-01-01T12:25:24.8771320Z</when>
        <gx:coord>12.075638 51.54622 194.99193</gx:coord>
        <when>2026-01-01T12:25:29.8681320Z</when>
        <gx:coord>12.073391 51.546867 185.10492</gx:coord>
        <when>2026-01-01T12:25:31.1001320Z</when>
        <gx:coord>12.072504 51.54712 179.97247</gx:coord>
        <when>2026-01-01T12:25:34.8701320Z</when>
        <gx:coord>12.071144 51.547504 171.427</gx:coord>
        <when>2026-01-01T12:25:39.8741320Z</when>
        <gx:coord>12.068794 51.54815 159.32083</gx:coord>
        <when>2026-01-01T12:25:43.0921320Z</when>
        <gx:coord>12.066926 51.54867 148.53244</gx:coord>
        <when>2026-01-01T12:25:44.8721320Z</when>
        <gx:coord>12.0664625 51.5488 146.19514</gx:coord>
        <when>2026-01-01T12:25:49.0961320Z</when>
        <gx:coord>12.064158 51.549454 136.01918</gx:coord>
        <when>2026-01-01T12:25:49.8681320Z</when>
        <gx:coord>12.064158 51.549454 133.22708</gx:coord>
        <when>2026-01-01T12:25:54.8711320Z</when>
        <gx:coord>12.061882 51.550102 118.19737</gx:coord>
        <when>2026-01-01T12:25:55.0901320Z</when>
        <gx:coord>12.06143 51.550232 115.76312</gx:coord>
        <when>2026-01-01T12:25:59.8671320Z</when>
        <gx:coord>12.059662 51.55074 110.583984</gx:coord>
        <when>2026-01-01T12:26:02.0951320Z</when>
        <gx:coord>12.058845 51.550972 109.73879</gx:coord>
        <when>2026-01-01T12:26:04.8531320Z</when>
        <gx:coord>12.057715 51.551292 109.865074</gx:coord>
        <when>2026-01-01T12:26:08.1271320Z</when>
        <gx:coord>12.056688 51.551575 109.8033</gx:coord>
        <when>2026-01-01T12:26:09.8531320Z</when>
        <gx:coord>12.056053 51.551746 109.91742</gx:coord>
        <when>2026-01-01T12:26:14.8531320Z</when>
        <gx:coord>12.054644 51.55215 110.195496</gx:coord>
        <when>2026-01-01T12:26:15.0951320Z</when>
        <gx:coord>12.054644 51.55215 110.195496</gx:coord>
        <when>2026-01-01T12:26:19.8531320Z</when>
        <gx:coord>12.053514 51.552483 110.66627</gx:coord>
        <when>2026-01-01T12:26:21.0841320Z</when>
        <gx:coord>12.0533285 51.55254 110.75816</gx:coord>
        <when>2026-01-01T12:26:24.8531320Z</when>
        <gx:coord>12.052812 51.552727 110.93934</gx:coord>
        <when>2026-01-01T12:26:25.0861320Z</when>
        <gx:coord>12.052812 51.552727 110.93934</gx:coord>
        <when>2026-01-01T12:26:25.0871320Z</when>
        <gx:coord>12.052812 51.552727 110.93934</gx:coord>
        <when>2026-01-01T12:26:29.0821320Z</when>
        <gx:coord>12.0526085 51.552822 110.780266</gx:coord>
        <when>2026-01-01T12:26:29.0821320Z</when>
        <gx:coord>12.0526085 51.552822 110.780266</gx:coord>
        <when>2026-01-01T12:26:29.8531320Z</when>
        <gx:coord>12.05259 51.552822 110.793724</gx:coord>
        <when>2026-01-01T12:26:31.0941320Z</when>
        <gx:coord>12.052566 51.55281 110.973625</gx:coord>
        <when>2026-01-01T12:26:31.5731320Z</when>
        <gx:coord>12.052566 51.55281 110.973625</gx:coord>
        <when>2026-01-01T12:26:32.0531320Z</when>
        <gx:coord>12.052566 51.55281 110.973625</gx:coord>
        <when>2026-01-01T12:26:32.0931320Z</when>
        <gx:coord>12.052561 51.5528 110.90821</gx:coord>
        <when>2026-01-01T12:26:32.5331320Z</when>
        <gx:coord>12.052561 51.5528 110.90821</gx:coord>
        <when>2026-01-01T12:26:32.9931320Z</when>
        <gx:coord>12.052561 51.5528 110.90821</gx:coord>
        <when>2026-01-01T12:26:33.4551320Z</when>
        <gx:coord>12.05256 51.552784 110.87806</gx:coord>
        <when>2026-01-01T12:26:33.9141320Z</when>
        <gx:coord>12.05256 51.552784 110.87806</gx:coord>
        <when>2026-01-01T12:26:34.4341320Z</when>
        <gx:coord>12.052565 51.55277 110.899185</gx:coord>
        <when>2026-01-01T12:26:34.8521320Z</when>
        <gx:coord>12.052565 51.55277 110.899185</gx:coord>
        <when>2026-01-01T12:26:35.1761320Z</when>
        <gx:coord>12.052586 51.55275 110.90261</gx:coord>
        <when>2026-01-01T12:26:36.2551320Z</when>
        <gx:coord>12.05262 51.552727 110.90147</gx:coord>
        <when>2026-01-01T12:26:39.8531320Z</when>
        <gx:coord>12.052847 51.552654 110.613434</gx:coord>
        <when>2026-01-01T12:26:41.0851320Z</when>
        <gx:coord>12.052934 51.55263 110.546616</gx:coord>
        <when>2026-01-01T12:26:44.8531320Z</when>
        <gx:coord>12.053349 51.55252 110.17465</gx:coord>
        <when>2026-01-01T12:26:49.8531320Z</when>
        <gx:coord>12.054008 51.552338 109.727715</gx:coord>
        <when>2026-01-01T12:26:54.8541320Z</when>
        <gx:coord>12.054694 51.552147 109.30592</gx:coord>
        <when>2026-01-01T12:26:59.8531320Z</when>
        <gx:coord>12.055325 51.55197 109.30158</gx:coord>
        <when>2026-01-01T12:27:04.8531320Z</when>
        <gx:coord>12.055771 51.551838 109.2518</gx:coord>
        <when>2026-01-01T12:27:05.0991320Z</when>
        <gx:coord>12.055771 51.551838 109.2518</gx:coord>
        <when>2026-01-01T12:27:06.0821320Z</when>
        <gx:coord>12.055817 51.551804 109.20953</gx:coord>
        <when>2026-01-01T12:27:07.0841320Z</when>
        <gx:coord>12.055846 51.551765 109.126595</gx:coord>
        <when>2026-01-01T12:27:08.1001320Z</when>
        <gx:coord>12.055859 51.551723 108.994774</gx:coord>
        <when>2026-01-01T12:27:09.8531320Z</when>
        <gx:coord>12.0558405 51.551636 108.798004</gx:coord>
        <when>2026-01-01T12:27:10.0981320Z</when>
        <gx:coord>12.0558405 51.551636 108.798004</gx:coord>
        <when>2026-01-01T12:27:12.0811320Z</when>
        <gx:coord>12.055781 51.551548 108.84906</gx:coord>
        <when>2026-01-01T12:27:14.8641320Z</when>
        <gx:coord>12.055663 51.551403 108.64367</gx:coord>
        <when>2026-01-01T12:27:19.8651320Z</when>
        <gx:coord>12.05546 51.551136 108.27868</gx:coord>
        <when>2026-01-01T12:27:24.8531320Z</when>
        <gx:coord>12.055317 51.550922 108.25122</gx:coord>
        <when>2026-01-01T12:27:25.0911320Z</when>
        <gx:coord>12.055317 51.550922 108.25122</gx:coord>
        <when>2026-01-01T12:27:26.0871320Z</when>
        <gx:coord>12.055312 51.550888 108.23393</gx:coord>
        <when>2026-01-01T12:27:28.0871320Z</when>
        <gx:coord>12.055338 51.55082 108.18286</gx:coord>
        <when>2026-01-01T12:27:29.0851320Z</when>
        <gx:coord>12.05536 51.55079 108.176155</gx:coord>
        <when>2026-01-01T12:27:29.8531320Z</when>
        <gx:coord>12.055394 51.550762 108.178604</gx:coord>
        <when>2026-01-01T12:27:30.0791320Z</when>
        <gx:coord>12.055394 51.550762 108.178604</gx:coord>
        <when>2026-01-01T12:27:32.1061320Z</when>
        <gx:coord>12.055496 51.55071 108.146286</gx:coord>
        <when>2026-01-01T12:27:34.8531320Z</when>
        <gx:coord>12.055721 51.55064 108.08472</gx:coord>
        <when>2026-01-01T12:27:35.0881320Z</when>
        <gx:coord>12.055721 51.55064 108.08472</gx:coord>
        <when>2026-01-01T12:27:39.8661320Z</when>
        <gx:coord>12.056222 51.55051 107.989746</gx:coord>
        <when>2026-01-01T12:27:44.8761320Z</when>
        <gx:coord>12.056769 51.550354 107.96921</gx:coord>
        <when>2026-01-01T12:27:49.8551320Z</when>
        <gx:coord>12.057319 51.550205 108.06681</gx:coord>
        <when>2026-01-01T12:27:54.8541320Z</when>
        <gx:coord>12.057776 51.550076 108.09868</gx:coord>
        <when>2026-01-01T12:27:59.0901320Z</when>
        <gx:coord>12.058042 51.549988 108.00235</gx:coord>
        <when>2026-01-01T12:27:59.8541320Z</when>
        <gx:coord>12.058086 51.549953 108.011765</gx:coord>
        <when>2026-01-01T12:28:00.0901320Z</when>
        <gx:coord>12.058086 51.549953 108.011765</gx:coord>
        <when>2026-01-01T12:28:01.0881320Z</when>
        <gx:coord>12.058118 51.549915 108.03367</gx:coord>
        <when>2026-01-01T12:28:02.0921320Z</when>
        <gx:coord>12.058135 51.549877 108.04125</gx:coord>
        <when>2026-01-01T12:28:03.0911320Z</when>
        <gx:coord>12.058138 51.54984 107.926994</gx:coord>
        <when>2026-01-01T12:28:04.8541320Z</when>
        <gx:coord>12.058118 51.549755 107.91417</gx:coord>
        <when>2026-01-01T12:28:06.0991320Z</when>
        <gx:coord>12.058104 51.549713 107.89512</gx:coord>
        <when>2026-01-01T12:28:09.8541320Z</when>
        <gx:coord>12.058015 51.54953 107.90943</gx:coord>
        <when>2026-01-01T12:28:14.8541320Z</when>
        <gx:coord>12.05791 51.54931 107.84746</gx:coord>
        <when>2026-01-01T12:28:19.8541320Z</when>
        <gx:coord>12.05787 51.54917 107.85315</gx:coord>
        <when>2026-01-01T12:28:20.0941320Z</when>
        <gx:coord>12.05787 51.54917 107.85315</gx:coord>
        <when>2026-01-01T12:28:21.0881320Z</when>
        <gx:coord>12.057883 51.549145 107.852104</gx:coord>
        <when>2026-01-01T12:28:23.0871320Z</when>
        <gx:coord>12.057932 51.5491 107.917854</gx:coord>
        <when>2026-01-01T12:28:24.0811320Z</when>
        <gx:coord>12.057962 51.54908 107.960106</gx:coord>
        <when>2026-01-01T12:28:24.8541320Z</when>
        <gx:coord>12.058 51.54907 107.95619</gx:coord>
        <when>2026-01-01T12:28:25.0821320Z</when>
        <gx:coord>12.058 51.54907 107.95619</gx:coord>
        <when>2026-01-01T12:28:27.0891320Z</when>
        <gx:coord>12.05809 51.54905 108.116035</gx:coord>
        <when>2026-01-01T12:28:29.8541320Z</when>
        <gx:coord>12.05822 51.54903 108.06776</gx:coord>
        <when>2026-01-01T12:28:30.0881320Z</when>
        <gx:coord>12.05822 51.54903 108.06776</gx:coord>
        <when>2026-01-01T12:28:31.0881320Z</when>
        <gx:coord>12.058248 51.549015 108.116714</gx:coord>
        <when>2026-01-01T12:28:32.0861320Z</when>
        <gx:coord>12.058267 51.548996 108.09847</gx:coord>
        <when>2026-01-01T12:28:33.0901320Z</when>
        <gx:coord>12.058277 51.548973 108.138115</gx:coord>
        <when>2026-01-01T12:28:34.8541320Z</when>
        <gx:coord>12.058281 51.54892 108.11786</gx:coord>
        <when>2026-01-01T12:28:35.0911320Z</when>
        <gx:coord>12.058281 51.54892 108.11786</gx:coord>
        <when>2026-01-01T12:28:37.0881320Z</when>
        <gx:coord>12.05826 51.54887 108.14091</gx:coord>
        <when>2026-01-01T12:28:39.8541320Z</when>
        <gx:coord>12.05822 51.548805 108.22755</gx:coord>
        <when>2026-01-01T12:28:44.8541320Z</when>
        <gx:coord>12.058168 51.548702 108.42964</gx:coord>
        <when>2026-01-01T12:28:49.8541320Z</when>
        <gx:coord>12.058121 51.548573 108.54013</gx:coord>
        <when>2026-01-01T12:28:54.8541320Z</when>
        <gx:coord>12.05807 51.548454 108.698044</gx:coord>
        <when>2026-01-01T12:28:59.8541320Z</when>
        <gx:coord>12.058053 51.54836 108.806755</gx:coord>
        <when>2026-01-01T12:29:01.0821320Z</when>
        <gx:coord>12.058055 51.548344 108.718445</gx:coord>
        <when>2026-01-01T12:29:04.8541320Z</when>
        <gx:coord>12.058059 51.548267 108.65394</gx:coord>
        <when>2026-01-01T12:29:09.0831320Z</when>
        <gx:coord>12.058059 51.548195 108.794014</gx:coord>
        <when>2026-01-01T12:29:09.0851320Z</when>
        <gx:coord>12.058059 51.548195 108.794014</gx:coord>
        <when>2026-01-01T12:29:09.8541320Z</when>
        <gx:coord>12.05808 51.548183 108.968765</gx:coord>
        <when>2026-01-01T12:29:10.0871320Z</when>
        <gx:coord>12.05808 51.548183 108.968765</gx:coord>
        <when>2026-01-01T12:29:12.1081320Z</when>
        <gx:coord>12.058149 51.548187 109.16745</gx:coord>
        <when>2026-01-01T12:29:12.5811320Z</when>
        <gx:coord>12.058149 51.548187 109.16745</gx:coord>
        <when>2026-01-01T12:29:13.2411320Z</when>
        <gx:coord>12.058161 51.5482 109.16543</gx:coord>
        <when>2026-01-01T12:29:13.9221320Z</when>
        <gx:coord>12.058161 51.5482 109.16543</gx:coord>
        <when>2026-01-01T12:29:14.4021320Z</when>
        <gx:coord>12.058172 51.548206 109.301285</gx:coord>
        <when>2026-01-01T12:29:14.8541320Z</when>
        <gx:coord>12.058172 51.548206 109.301285</gx:coord>
        <when>2026-01-01T12:29:14.8621320Z</when>
        <gx:coord>12.058172 51.548206 109.301285</gx:coord>
        <when>2026-01-01T12:29:14.9221320Z</when>
        <gx:coord>12.058172 51.548206 109.301285</gx:coord>
        <when>2026-01-01T12:29:15.4031320Z</when>
        <gx:coord>12.058175 51.54822 109.25322</gx:coord>
        <when>2026-01-01T12:29:15.8431320Z</when>
        <gx:coord>12.058175 51.54822 109.25322</gx:coord>
        <when>2026-01-01T12:29:16.3431320Z</when>
        <gx:coord>12.058171 51.54823 109.24917</gx:coord>
        <when>2026-01-01T12:29:16.9641320Z</when>
        <gx:coord>12.058171 51.54823 109.24917</gx:coord>
        <when>2026-01-01T12:29:17.7841320Z</when>
        <gx:coord>12.058164 51.548233 109.296745</gx:coord>
        <when>2026-01-01T12:29:18.6651320Z</when>
        <gx:coord>12.058159 51.548237 109.36551</gx:coord>
        <when>2026-01-01T12:29:19.8531320Z</when>
        <gx:coord>12.058152 51.54824 109.43276</gx:coord>
        <when>2026-01-01T12:29:24.8541320Z</when>
        <gx:coord>12.058143 51.54824 109.289116</gx:coord>
        <when>2026-01-01T12:29:29.8541320Z</when>
        <gx:coord>12.058138 51.54824 109.24561</gx:coord>
        <when>2026-01-01T12:29:34.8541320Z</when>
        <gx:coord>12.058133 51.54824 109.3357</gx:coord>
        <when>2026-01-01T12:29:39.8541320Z</when>
        <gx:coord>12.058131 51.54824 109.33587</gx:coord>
        <when>2026-01-01T12:29:44.8541320Z</when>
        <gx:coord>12.058129 51.54824 109.243065</gx:coord>
        <when>2026-01-01T12:29:49.8541320Z</when>
        <gx:coord>12.058128 51.54824 109.03733</gx:coord>
        <when>2026-01-01T12:29:54.8531320Z</when>
        <gx:coord>12.058126 51.548244 108.82123</gx:coord>
        <when>2026-01-01T12:29:59.8541320Z</when>
        <gx:coord>12.058125 51.548244 109.02542</gx:coord>
        <when>2026-01-01T12:30:04.8541320Z</when>
        <gx:coord>12.058125 51.548244 109.120926</gx:coord>
        <when>2026-01-01T12:30:09.8541320Z</when>
        <gx:coord>12.058125 51.548244 109.120926</gx:coord>
        <when>2026-01-01T12:30:14.5061320Z</when>
        <gx:coord>12.058125 51.548244 109.120926</gx:coord>
        <coordinates />
      </gx:Track>
    </Placemark>
    <Placemark>
      <name>Takeoff: 2026-01-01</name>
      <styleUrl>#downArrowIcon</styleUrl>
      <Point>
        <altitudeMode>relativeToGround</altitudeMode>
        <coordinates>16.20063,51.42065,20</coordinates>
      </Point>
    </Placemark>
    <Placemark>
      <name>Landing: 2026-01-01</name>
      <styleUrl>#downArrowIcon</styleUrl>
      <Point>
        <altitudeMode>relativeToGround</altitudeMode>
        <coordinates>12.052561,51.5528,20</coordinates>
      </Point>
    </Placemark>
    <Placemark>
      <name>Log Stop: 2026-01-01</name>
      <styleUrl>#downArrowIcon</styleUrl>
      <Point>
        <altitudeMode>relativeToGround</altitudeMode>
        <coordinates>12.058125,51.548244,20</coordinates>
      </Point>
    </Placemark>
  </Document>
</kml>