<?xml version="1.0" encoding="utf-8"?>
<kml xmlns:gx="http://www.google.com/kml/ext/2.2" creator="kml-heatmap" xmlns="http://www.opengis.net/kml/2.2">
  <Document>
    <name>SkyDemon Track Log</name>
    <Style id="skydemonLogStyle">
      <LineStyle>
        <color>7f00ffff</color>
        <width>4</width>
      </LineStyle>
      <PolyStyle>
        <color>7fffa400</color>
      </PolyStyle>
    </Style>
    <Style id="downArrowIcon">
      <IconStyle>
        <href>http://maps.google.com/mapfiles/kml/pal4/icon28.png</href>
      </IconStyle>
    </Style>
    <Placemark>
      <name>Log Start: 2025-01-01</name>
      <styleUrl>#downArrowIcon</styleUrl>
      <Point>
        <altitudeMode>relativeToGround</altitudeMode>
        <coordinates>12.058182,51.54826,20</coordinates>
      </Point>
    </Placemark>
    <Placemark>
      <name>EDAQ Halle-Oppin - EDCB Ballenstedt</name>
      <styleUrl>#skydemonLogStyle</styleUrl>
      <gx:Track>
        <extrude>1</extrude>
        <altitudeMode>absolute</altitudeMode>
        <when>2025-01-01T00:00:00.2583440Z</when>
        <gx:coord>12.058182 51.54826 113.856</gx:coord>
        <when>2025-01-01T00:00:05.2593440Z</when>
        <gx:coord>12.058182 51.54826 113.856</gx:coord>
        <when>2025-01-01T00:00:10.2593440Z</when>
        <gx:coord>12.058182 51.54826 113.856</gx:coord>
        <when>2025-01-01T00:00:15.2593440Z</when>
        <gx:coord>12.058161 51.54826 113.856</gx:coord>
        <when>2025-01-01T00:00:20.2593440Z</when>
        <gx:coord>12.058182 51.54826 113.856</gx:coord>
        <when>2025-01-01T00:00:25.2593440Z</when>
        <gx:coord>12.058161 51.54826 113.856</gx:coord>
        <when>2025-01-01T00:00:30.2593440Z</when>
        <gx:coord>12.058161 51.54826 113.856</gx:coord>
        <when>2025-01-01T00:00:35.2593440Z</when>
        <gx:coord>12.058161 51.54826 113.856</gx:coord>
        <when>2025-01-01T00:00:40.2593440Z</when>
        <gx:coord>12.058161 51.54826 113.856</gx:coord>
        <when>2025-01-01T00:00:45.2593440Z</when>
        <gx:coord>12.058161 51.54826 113.856</gx:coord>
        <when>2025-01-01T00:00:50.2583440Z</when>
        <gx:coord>12.058161 51.54826 113.856</gx:coord>
        <when>2025-01-01T00:00:55.2583440Z</when>
        <gx:coord>12.058161 51.54826 113.856</gx:coord>
        <when>2025-01-01T00:01:00.2583440Z</when>
        <gx:coord>12.058161 51.54826 113.856</gx:coord>
        <when>2025-01-01T00:01:05.2583440Z</when>
        <gx:coord>12.058161 51.54826 113.856</gx:coord>
        <when>2025-01-01T00:01:10.2583440Z</when>
        <gx:coord>12.058161 51.54826 113.856</gx:coord>
        <when>2025-01-01T00:01:15.2583440Z</when>
        <gx:coord>12.058117 51.54826 113.856</gx:coord>
        <when>2025-01-01T00:01:17.1003440Z</when>
        <gx:coord>12.058096 51.54828 113.856</gx:coord>
        <when>2025-01-01T00:01:18.1063440Z</when>
        <gx:coord>12.058075 51.54828 113.856</gx:coord>
        <when>2025-01-01T00:01:19.1143440Z</when>
        <gx:coord>12.058053 51.54828 113.856</gx:coord>
        <when>2025-01-01T00:01:20.1173440Z</when>
        <gx:coord>12.058053 51.5483 113.856</gx:coord>
        <when>2025-01-01T00:01:20.2583440Z</when>
        <gx:coord>12.058031 51.548325 113.856</gx:coord>
        <when>2025-01-01T00:01:22.0963440Z</when>
        <gx:coord>12.05801 51.548344 113.856</gx:coord>
        <when>2025-01-01T00:01:23.1133440Z</when>
        <gx:coord>12.058031 51.548367 113.856</gx:coord>
        <when>2025-01-01T00:01:25.2583440Z</when>
        <gx:coord>12.058053 51.548454 113.856</gx:coord>
        <when>2025-01-01T00:01:26.1203440Z</when>
        <gx:coord>12.058053 51.548454 113.856</gx:coord>
        <when>2025-01-01T00:01:30.2583440Z</when>
        <gx:coord>12.058117 51.548622 113.856</gx:coord>
        <when>2025-01-01T00:01:35.2583440Z</when>
        <gx:coord>12.058225 51.548798 112.332</gx:coord>
        <when>2025-01-01T00:01:40.1193440Z</when>
        <gx:coord>12.058268 51.548904 112.332</gx:coord>
        <when>2025-01-01T00:01:40.2583440Z</when>
        <gx:coord>12.058268 51.548923 112.332</gx:coord>
        <when>2025-01-01T00:01:41.1313440Z</when>
        <gx:coord>12.058268 51.548923 112.332</gx:coord>
        <when>2025-01-01T00:01:43.1003440Z</when>
        <gx:coord>12.058268 51.54899 112.332</gx:coord>
        <when>2025-01-01T00:01:44.1073440Z</when>
        <gx:coord>12.058247 51.54901 112.332</gx:coord>
        <when>2025-01-01T00:01:45.0893440Z</when>
        <gx:coord>12.058203 51.54901 112.332</gx:coord>
        <when>2025-01-01T00:01:45.2583440Z</when>
        <gx:coord>12.058182 51.54903 112.332</gx:coord>
        <when>2025-01-01T00:01:50.2583440Z</when>
        <gx:coord>12.057989 51.549053 112.332</gx:coord>
        <when>2025-01-01T00:01:51.0973440Z</when>
        <gx:coord>12.057989 51.549053 112.332</gx:coord>
        <when>2025-01-01T00:01:53.0943440Z</when>
        <gx:coord>12.057924 51.549095 112.332</gx:coord>
        <when>2025-01-01T00:01:55.1023440Z</when>
        <gx:coord>12.057881 51.54914 112.332</gx:coord>
        <when>2025-01-01T00:01:55.2583440Z</when>
        <gx:coord>12.057881 51.54916 112.332</gx:coord>
        <when>2025-01-01T00:01:57.0993440Z</when>
        <gx:coord>12.057881 51.549183 112.332</gx:coord>
        <when>2025-01-01T00:01:59.1193440Z</when>
        <gx:coord>12.057881 51.549248 112.332</gx:coord>
        <when>2025-01-01T00:02:00.2583440Z</when>
        <gx:coord>12.057924 51.54929 112.332</gx:coord>
        <when>2025-01-01T00:02:05.2583440Z</when>
        <gx:coord>12.057989 51.54944 112.332</gx:coord>
        <when>2025-01-01T00:02:10.2583440Z</when>
        <gx:coord>12.058031 51.549526 112.332</gx:coord>
        <when>2025-01-01T00:02:12.1143440Z</when>
        <gx:coord>12.058031 51.549545 112.332</gx:coord>
        <when>2025-01-01T00:02:15.2583440Z</when>
        <gx:coord>12.058053 51.54961 112.332</gx:coord>
        <when>2025-01-01T00:02:20.2583440Z</when>
        <gx:coord>12.058096 51.549717 112.332</gx:coord>
        <when>2025-01-01T00:02:22.1173440Z</when>
        <gx:coord>12.058117 51.54974 112.332</gx:coord>
        <when>2025-01-01T00:02:25.2583440Z</when>
        <gx:coord>12.058161 51.549847 112.332</gx:coord>
        <when>2025-01-01T00:02:30.2583440Z</when>
        <gx:coord>12.058203 51.549976 112.332</gx:coord>
        <when>2025-01-01T00:02:35.2573440Z</when>
        <gx:coord>12.058268 51.55006 112.332</gx:coord>
        <when>2025-01-01T00:02:40.2573440Z</when>
        <gx:coord>12.058289 51.550125 112.332</gx:coord>
        <when>2025-01-01T00:02:45.2573440Z</when>
        <gx:coord>12.058289 51.550125 112.332</gx:coord>
        <when>2025-01-01T00:02:50.2573440Z</when>
        <gx:coord>12.058289 51.550125 112.332</gx:coord>
        <when>2025-01-01T00:02:55.2573440Z</when>
        <gx:coord>12.058289 51.550125 112.332</gx:coord>
        <when>2025-01-01T00:03:00.2573440Z</when>
        <gx:coord>12.058289 51.550125 112.332</gx:coord>
        <when>2025-01-01T00:03:05.2573440Z</when>
        <gx:coord>12.058289 51.550125 112.332</gx:coord>
        <when>2025-01-01T00:03:10.2573440Z</when>
        <gx:coord>12.058289 51.550148 112.332</gx:coord>
        <when>2025-01-01T00:03:15.2573440Z</when>
        <gx:coord>12.0583105 51.550232 113.856</gx:coord>
        <when>2025-01-01T00:03:20.2573440Z</when>
        <gx:coord>12.058353 51.55034 113.856</gx:coord>
        <when>2025-01-01T00:03:25.2573440Z</when>
        <gx:coord>12.058418 51.55045 113.856</gx:coord>
        <when>2025-01-01T00:03:30.2563440Z</when>
        <gx:coord>12.05846 51.550556 113.856</gx:coord>
        <when>2025-01-01T00:03:35.2573440Z</when>
        <gx:coord>12.058482 51.550575 113.856</gx:coord>
        <when>2025-01-01T00:03:40.2573440Z</when>
        <gx:coord>12.058482 51.550575 112.332</gx:coord>
        <when>2025-01-01T00:03:45.2573440Z</when>
        <gx:coord>12.058482 51.550575 112.332</gx:coord>
        <when>2025-01-01T00:03:50.2573440Z</when>
        <gx:coord>12.058482 51.550575 112.332</gx:coord>
        <when>2025-01-01T00:03:55.2573440Z</when>
        <gx:coord>12.058482 51.550575 112.332</gx:coord>
        <when>2025-01-01T00:04:00.2573440Z</when>
        <gx:coord>12.058482 51.550575 112.332</gx:coord>
        <when>2025-01-01T00:04:05.2573440Z</when>
        <gx:coord>12.058482 51.550575 112.332</gx:coord>
        <when>2025-01-01T00:04:10.2573440Z</when>
        <gx:coord>12.058482 51.550575 112.332</gx:coord>
        <when>2025-01-01T00:04:15.2563440Z</when>
        <gx:coord>12.058482 51.550575 112.332</gx:coord>
        <when>2025-01-01T00:04:20.2573440Z</when>
        <gx:coord>12.058482 51.550575 112.332</gx:coord>
        <when>2025-01-01T00:04:25.2563440Z</when>
        <gx:coord>12.058482 51.550575 112.332</gx:coord>
        <when>2025-01-01T00:04:30.2563440Z</when>
        <gx:coord>12.058482 51.550575 112.332</gx:coord>
        <when>2025-01-01T00:04:35.2563440Z</when>
        <gx:coord>12.058482 51.550575 112.332</gx:coord>
        <when>2025-01-01T00:04:40.2563440Z</when>
        <gx:coord>12.058482 51.550575 112.332</gx:coord>
        <when>2025-01-01T00:04:45.2563440Z</when>
        <gx:coord>12.058482 51.550575 112.332</gx:coord>
        <when>2025-01-01T00:04:50.2563440Z</when>
        <gx:coord>12.058482 51.550575 112.332</gx:coord>
        <when>2025-01-01T00:04:55.2563440Z</when>
        <gx:coord>12.058482 51.550575 112.332</gx:coord>
        <when>2025-01-01T00:05:00.2563440Z</when>
        <gx:coord>12.058482 51.550575 112.332</gx:coord>
        <when>2025-01-01T00:05:05.2563440Z</when>
        <gx:coord>12.058482 51.550575 112.332</gx:coord>
        <when>2025-01-01T00:05:10.2563440Z</when>
        <gx:coord>12.058482 51.550575 112.332</gx:coord>
        <when>2025-01-01T00:05:15.2563440Z</when>
        <gx:coord>12.058482 51.550575 112.332</gx:coord>
        <when>2025-01-01T00:05:20.2563440Z</when>
        <gx:coord>12.058482 51.550575 112.332</gx:coord>
        <when>2025-01-01T00:05:25.2563440Z</when>
        <gx:coord>12.058482 51.550575 112.332</gx:coord>
        <when>2025-01-01T00:05:30.2563440Z</when>
        <gx:coord>12.058482 51.550575 112.332</gx:coord>
        <when>2025-01-01T00:05:35.2563440Z</when>
        <gx:coord>12.058482 51.550575 112.332</gx:coord>
        <when>2025-01-01T00:05:40.2563440Z</when>
        <gx:coord>12.058482 51.550575 112.332</gx:coord>
        <when>2025-01-01T00:05:45.2563440Z</when>
        <gx:coord>12.058482 51.550575 112.332</gx:coord>
        <when>2025-01-01T00:05:50.2563440Z</when>
        <gx:coord>12.058482 51.550575 112.332</gx:coord>
        <when>2025-01-01T00:05:55.2563440Z</when>
        <gx:coord>12.058482 51.550575 112.332</gx:coord>
        <when>2025-01-01T00:06:00.2563440Z</when>
        <gx:coord>12.058482 51.550575 112.332</gx:coord>
        <when>2025-01-01T00:06:05.2553440Z</when>
        <gx:coord>12.058482 51.550575 112.332</gx:coord>
        <when>2025-01-01T00:06:10.2553440Z</when>
        <gx:coord>12.058482 51.550575 112.332</gx:coord>
        <when>2025-01-01T00:06:15.2553440Z</when>
        <gx:coord>12.058482 51.550575 112.332</gx:coord>
        <when>2025-01-01T00:06:20.2553440Z</when>
        <gx:coord>12.058482 51.550575 112.332</gx:coord>
        <when>2025-01-01T00:06:25.2553440Z</when>
        <gx:coord>12.058482 51.550575 112.332</gx:coord>
        <when>2025-01-01T00:06:30.2553440Z</when>
        <gx:coord>12.058482 51.550575 112.332</gx:coord>
        <when>2025-01-01T00:06:35.2553440Z</when>
        <gx:coord>12.058482 51.550575 112.332</gx:coord>
        <when>2025-01-01T00:06:40.2553440Z</when>
        <gx:coord>12.058482 51.550575 112.332</gx:coord>
        <when>2025-01-01T00:06:45.2553440Z</when>
        <gx:coord>12.058482 51.550575 112.332</gx:coord>
        <when>2025-01-01T00:06:50.2553440Z</when>
        <gx:coord>12.058482 51.550575 113.856</gx:coord>
        <when>2025-01-01T00:06:55.2553440Z</when>
        <gx:coord>12.058482 51.550575 112.332</gx:coord>
        <when>2025-01-01T00:07:00.2553440Z</when>
        <gx:coord>12.058482 51.550575 112.332</gx:coord>
        <when>2025-01-01T00:07:05.2553440Z</when>
        <gx:coord>12.058482 51.550575 112.332</gx:coord>
        <when>2025-01-01T00:07:10.2553440Z</when>
        <gx:coord>12.058482 51.5506 113.856</gx:coord>
        <when>2025-01-01T00:07:12.1083440Z</when>
        <gx:coord>12.058504 51.5506 112.332</gx:coord>
        <when>2025-01-01T00:07:15.2553440Z</when>
        <gx:coord>12.058525 51.550663 113.856</gx:coord>
        <when>2025-01-01T00:07:20.1183440Z</when>
        <gx:coord>12.058568 51.55077 113.856</gx:coord>
        <when>2025-01-01T00:07:20.2553440Z</when>
        <gx:coord>12.058568 51.55081 113.856</gx:coord>
        <when>2025-01-01T00:07:24.1123440Z</when>
        <gx:coord>12.058611 51.5509 113.856</gx:coord>
        <when>2025-01-01T00:07:25.0933440Z</when>
        <gx:coord>12.058632 51.55092 113.856</gx:coord>
        <when>2025-01-01T00:07:25.2553440Z</when>
        <gx:coord>12.058676 51.55094 113.856</gx:coord>
        <when>2025-01-01T00:07:26.1103440Z</when>
        <gx:coord>12.058676 51.55094 113.856</gx:coord>
        <when>2025-01-01T00:07:27.0953440Z</when>
        <gx:coord>12.058697 51.550964 113.856</gx:coord>
        <when>2025-01-01T00:07:28.1033440Z</when>
        <gx:coord>12.05874 51.550964 113.856</gx:coord>
        <when>2025-01-01T00:07:29.1203440Z</when>
        <gx:coord>12.058783 51.550964 113.856</gx:coord>
        <when>2025-01-01T00:07:30.1223440Z</when>
        <gx:coord>12.058847 51.550964 113.856</gx:coord>
        <when>2025-01-01T00:07:30.2553440Z</when>
        <gx:coord>12.058889 51.550964 113.856</gx:coord>
        <when>2025-01-01T00:07:33.1013440Z</when>
        <gx:coord>12.059019 51.55092 113.856</gx:coord>
        <when>2025-01-01T00:07:35.2553440Z</when>
        <gx:coord>12.059191 51.550877 113.856</gx:coord>
        <when>2025-01-01T00:07:38.1193440Z</when>
        <gx:coord>12.059319 51.550835 113.856</gx:coord>
        <when>2025-01-01T00:07:40.2553440Z</when>
        <gx:coord>12.059534 51.55077 113.856</gx:coord>
        <when>2025-01-01T00:07:45.2553440Z</when>
        <gx:coord>12.059919 51.550663 112.332</gx:coord>
        <when>2025-01-01T00:07:50.2553440Z</when>
        <gx:coord>12.060307 51.550556 112.332</gx:coord>
        <when>2025-01-01T00:07:55.2553440Z</when>
        <gx:coord>12.06065 51.55045 112.332</gx:coord>
        <when>2025-01-01T00:07:58.1213440Z</when>
        <gx:coord>12.060757 51.550404 112.332</gx:coord>
        <when>2025-01-01T00:08:00.2553440Z</when>
        <gx:coord>12.060907 51.55032 112.332</gx:coord>
        <when>2025-01-01T00:08:04.1123440Z</when>
        <gx:coord>12.061014 51.550255 112.332</gx:coord>
        <when>2025-01-01T00:08:05.2543440Z</when>
        <gx:coord>12.061079 51.550232 112.332</gx:coord>
        <when>2025-01-01T00:08:06.0923440Z</when>
        <gx:coord>12.061079 51.550232 112.332</gx:coord>
        <when>2025-01-01T00:08:08.0993440Z</when>
        <gx:coord>12.061143 51.550232 112.332</gx:coord>
        <when>2025-01-01T00:08:09.0953440Z</when>
        <gx:coord>12.061165 51.550232 112.332</gx:coord>
        <when>2025-01-01T00:08:10.1053440Z</when>
        <gx:coord>12.061207 51.550232 112.332</gx:coord>
        <when>2025-01-01T00:08:10.2543440Z</when>
        <gx:coord>12.061207 51.550232 112.332</gx:coord>
        <when>2025-01-01T00:08:11.0953440Z</when>
        <gx:coord>12.061207 51.550232 112.332</gx:coord>
        <when>2025-01-01T00:08:12.1043440Z</when>
        <gx:coord>12.061229 51.550255 112.332</gx:coord>
        <when>2025-01-01T00:08:13.1023440Z</when>
        <gx:coord>12.061229 51.550278 112.332</gx:coord>
        <when>2025-01-01T00:08:14.0903440Z</when>
        <gx:coord>12.061229 51.550278 112.332</gx:coord>
        <when>2025-01-01T00:08:15.1053440Z</when>
        <gx:coord>12.061207 51.550297 112.332</gx:coord>
        <when>2025-01-01T00:08:15.2543440Z</when>
        <gx:coord>12.061207 51.550297 112.332</gx:coord>
        <when>2025-01-01T00:08:16.0993440Z</when>
        <gx:coord>12.061207 51.550297 112.332</gx:coord>
        <when>2025-01-01T00:08:16.0993440Z</when>
        <gx:coord>12.061207 51.550297 112.332</gx:coord>
        <when>2025-01-01T00:08:20.2543440Z</when>
        <gx:coord>12.061165 51.55032 112.332</gx:coord>
        <when>2025-01-01T00:08:25.2543440Z</when>
        <gx:coord>12.061165 51.55032 112.332</gx:coord>
        <when>2025-01-01T00:08:30.2543440Z</when>
        <gx:coord>12.061165 51.55032 112.332</gx:coord>
        <when>2025-01-01T00:08:34.1233440Z</when>
        <gx:coord>12.061014 51.55036 112.332</gx:coord>
        <when>2025-01-01T00:08:35.2543440Z</when>
        <gx:coord>12.060736 51.550426 112.332</gx:coord>
        <when>2025-01-01T00:08:37.1173440Z</when>
        <gx:coord>12.060585 51.55047 112.332</gx:coord>
        <when>2025-01-01T00:08:39.1293440Z</when>
        <gx:coord>12.060221 51.550575 112.332</gx:coord>
        <when>2025-01-01T00:08:40.1203440Z</when>
        <gx:coord>12.060005 51.55064 112.332</gx:coord>
        <when>2025-01-01T00:08:40.2543440Z</when>
        <gx:coord>12.05977 51.550705 112.332</gx:coord>
        <when>2025-01-01T00:08:44.1163440Z</when>
        <gx:coord>12.058933 51.55094 113.856</gx:coord>
        <when>2025-01-01T00:08:45.2543440Z</when>
        <gx:coord>12.0583105 51.551113 113.856</gx:coord>
        <when>2025-01-01T00:08:48.1263440Z</when>
        <gx:coord>12.057602 51.551308 113.856</gx:coord>
        <when>2025-01-01T00:08:50.2543440Z</when>
        <gx:coord>12.056422 51.551605 113.856</gx:coord>
        <when>2025-01-01T00:08:55.2543440Z</when>
        <gx:coord>12.054319 51.552166 126.04801</gx:coord>
        <when>2025-01-01T00:09:00.2543440Z</when>
        <gx:coord>12.052302 51.552723 147.384</gx:coord>
        <when>2025-01-01T00:09:05.2543440Z</when>
        <gx:coord>12.050285 51.553238 162.624</gx:coord>
        <when>2025-01-01T00:09:10.1223440Z</when>
        <gx:coord>12.04829 51.553795 174.816</gx:coord>
        <when>2025-01-01T00:09:10.2543440Z</when>
        <gx:coord>12.04829 51.553795 174.816</gx:coord>
        <when>2025-01-01T00:09:15.2543440Z</when>
        <gx:coord>12.046337 51.55444 193.104</gx:coord>
        <when>2025-01-01T00:09:19.1173440Z</when>
        <gx:coord>12.044792 51.55493 205.296</gx:coord>
        <when>2025-01-01T00:09:20.2543440Z</when>
        <gx:coord>12.044406 51.55504 208.344</gx:coord>
        <when>2025-01-01T00:09:25.2543440Z</when>
        <gx:coord>12.042518 51.555706 226.632</gx:coord>
        <when>2025-01-01T00:09:28.1213440Z</when>
        <gx:coord>12.041402 51.55609 240.348</gx:coord>
        <when>2025-01-01T00:09:30.2543440Z</when>
        <gx:coord>12.040651 51.55635 247.96802</gx:coord>
        <when>2025-01-01T00:09:35.2543440Z</when>
        <gx:coord>12.038719 51.55699 264.732</gx:coord>
        <when>2025-01-01T00:09:37.1213440Z</when>
        <gx:coord>12.037926 51.557228 270.828</gx:coord>
        <when>2025-01-01T00:09:40.2533440Z</when>
        <gx:coord>12.036724 51.55757 283.02002</gx:coord>
        <when>2025-01-01T00:09:42.1293440Z</when>
        <gx:coord>12.035952 51.557785 286.068</gx:coord>
        <when>2025-01-01T00:09:45.2543440Z</when>
        <gx:coord>12.034771 51.55811 298.26</gx:coord>
        <when>2025-01-01T00:09:46.1203440Z</when>
        <gx:coord>12.034364 51.558193 302.83197</gx:coord>
        <when>2025-01-01T00:09:50.2543440Z</when>
        <gx:coord>12.032797 51.55858 313.5</gx:coord>
        <when>2025-01-01T00:09:55.2543440Z</when>
        <gx:coord>12.030673 51.55914 319.596</gx:coord>
        <when>2025-01-01T00:09:58.1183440Z</when>
        <gx:coord>12.029815 51.559395 324.16797</gx:coord>
        <when>2025-01-01T00:10:00.2543440Z</when>
        <gx:coord>12.028484 51.559784 330.26398</gx:coord>
        <when>2025-01-01T00:10:02.1163440Z</when>
        <gx:coord>12.027583 51.560062 334.836</gx:coord>
        <when>2025-01-01T00:10:05.2533440Z</when>
        <gx:coord>12.02621 51.560406 343.97998</gx:coord>
        <when>2025-01-01T00:10:10.2543440Z</when>
        <gx:coord>12.0238495 51.560963 356.17203</gx:coord>
        <when>2025-01-01T00:10:14.1193440Z</when>
        <gx:coord>12.021982 51.561413 366.84006</gx:coord>
        <when>2025-01-01T00:10:15.2543440Z</when>
        <gx:coord>12.021532 51.56152 369.888</gx:coord>
        <when>2025-01-01T00:10:20.2533440Z</when>
        <gx:coord>12.019236 51.562077 385.12802</gx:coord>
        <when>2025-01-01T00:10:25.2533440Z</when>
        <gx:coord>12.016897 51.562637 395.79602</gx:coord>
        <when>2025-01-01T00:10:27.1293440Z</when>
        <gx:coord>12.015953 51.56285 400.36798</gx:coord>
        <when>2025-01-01T00:10:30.2533440Z</when>
        <gx:coord>12.014537 51.563194 406.46402</gx:coord>
        <when>2025-01-01T00:10:35.2533440Z</when>
        <gx:coord>12.012112 51.56373 417.13202</gx:coord>
        <when>2025-01-01T00:10:38.1293440Z</when>
        <gx:coord>12.010674 51.56407 421.70398</gx:coord>
        <when>2025-01-01T00:10:40.2533440Z</when>
        <gx:coord>12.00973 51.56433 429.32397</gx:coord>
        <when>2025-01-01T00:10:41.1213440Z</when>
        <gx:coord>12.009258 51.56446 432.372</gx:coord>
        <when>2025-01-01T00:10:45.2533440Z</when>
        <gx:coord>12.007391 51.564995 439.992</gx:coord>
        <when>2025-01-01T00:10:50.2533440Z</when>
        <gx:coord>12.00501 51.56568 450.65997</gx:coord>
        <when>2025-01-01T00:10:55.1263440Z</when>
        <gx:coord>12.002606 51.56639 462.85202</gx:coord>
        <when>2025-01-01T00:10:55.2533440Z</when>
        <gx:coord>12.002606 51.56639 462.85202</gx:coord>
        <when>2025-01-01T00:11:00.2533440Z</when>
        <gx:coord>12.000225 51.56712 478.09198</gx:coord>
        <when>2025-01-01T00:11:05.2533440Z</when>
        <gx:coord>11.997864 51.56787 493.33197</gx:coord>
        <when>2025-01-01T00:11:06.1223440Z</when>
        <gx:coord>11.997393 51.568024 494.856</gx:coord>
        <when>2025-01-01T00:11:10.2533440Z</when>
        <gx:coord>11.995482 51.56858 507.04797</gx:coord>
        <when>2025-01-01T00:11:15.1213440Z</when>
        <gx:coord>11.993165 51.569267 526.86</gx:coord>
        <when>2025-01-01T00:11:15.2533440Z</when>
        <gx:coord>11.993165 51.569267 526.86</gx:coord>
        <when>2025-01-01T00:11:20.2533440Z</when>
        <gx:coord>11.990933 51.569973 543.62396</gx:coord>
        <when>2025-01-01T00:11:25.2533440Z</when>
        <gx:coord>11.988659 51.57077 552.768</gx:coord>
        <when>2025-01-01T00:11:28.1243440Z</when>
        <gx:coord>11.987221 51.57124 557.33997</gx:coord>
        <when>2025-01-01T00:11:30.1323440Z</when>
        <gx:coord>11.986256 51.57154 558.86395</gx:coord>
        <when>2025-01-01T00:11:30.2533440Z</when>
        <gx:coord>11.986256 51.57154 560.388</gx:coord>
        <when>2025-01-01T00:11:35.2533440Z</when>
        <gx:coord>11.983788 51.57225 569.532</gx:coord>
        <when>2025-01-01T00:11:40.2533440Z</when>
        <gx:coord>11.981363 51.57302 583.248</gx:coord>
        <when>2025-01-01T00:11:41.1183440Z</when>
        <gx:coord>11.980891 51.573174 587.82</gx:coord>
        <when>2025-01-01T00:11:45.2523440Z</when>
        <gx:coord>11.978981 51.57375 603.06</gx:coord>
        <when>2025-01-01T00:11:50.2533440Z</when>
        <gx:coord>11.976514 51.574417 609.156</gx:coord>
        <when>2025-01-01T00:11:51.1213440Z</when>
        <gx:coord>11.976514 51.574417 609.156</gx:coord>
        <when>2025-01-01T00:11:55.2533440Z</when>
        <gx:coord>11.973767 51.575058 609.156</gx:coord>
        <when>2025-01-01T00:11:58.1213440Z</when>
        <gx:coord>11.972609 51.575294 610.68</gx:coord>
        <when>2025-01-01T00:12:00.1203440Z</when>
        <gx:coord>11.971407 51.57553 610.68</gx:coord>
        <when>2025-01-01T00:12:00.2533440Z</when>
        <gx:coord>11.970785 51.575638 610.68</gx:coord>
        <when>2025-01-01T00:12:05.2533440Z</when>
        <gx:coord>11.967695 51.57611 606.108</gx:coord>
        <when>2025-01-01T00:12:10.2533440Z</when>
        <gx:coord>11.964561 51.57656 601.536</gx:coord>
        <when>2025-01-01T00:12:15.2533440Z</when>
        <gx:coord>11.961365 51.57697 604.584</gx:coord>
        <when>2025-01-01T00:12:17.1313440Z</when>
        <gx:coord>11.960056 51.577118 604.584</gx:coord>
        <when>2025-01-01T00:12:20.2533440Z</when>
        <gx:coord>11.958124 51.577354 601.536</gx:coord>
        <when>2025-01-01T00:12:25.2533440Z</when>
        <gx:coord>11.954948 51.57787 603.06</gx:coord>
        <when>2025-01-01T00:12:30.2533440Z</when>
        <gx:coord>11.952009 51.578556 604.584</gx:coord>
        <when>2025-01-01T00:12:35.2533440Z</when>
        <gx:coord>11.949112 51.579266 603.06</gx:coord>
        <when>2025-01-01T00:12:40.2533440Z</when>
        <gx:coord>11.946216 51.579975 603.06</gx:coord>
        <when>2025-01-01T00:12:45.2533440Z</when>
        <gx:coord>11.943361 51.580788 607.63196</gx:coord>
        <when>2025-01-01T00:12:50.2533440Z</when>
        <gx:coord>11.940551 51.581646 609.156</gx:coord>
        <when>2025-01-01T00:12:55.2533440Z</when>
        <gx:coord>11.937718 51.582443 612.204</gx:coord>
        <when>2025-01-01T00:13:00.1223440Z</when>
        <gx:coord>11.934736 51.582954 613.72797</gx:coord>
        <when>2025-01-01T00:13:00.2533440Z</when>
        <gx:coord>11.934736 51.582954 612.204</gx:coord>
        <when>2025-01-01T00:13:05.2533440Z</when>
        <gx:coord>11.931646 51.583473 612.204</gx:coord>
        <when>2025-01-01T00:13:10.2533440Z</when>
        <gx:coord>11.9285345 51.584095 607.63196</gx:coord>
        <when>2025-01-01T00:13:15.2523440Z</when>
        <gx:coord>11.925467 51.58476 609.156</gx:coord>
        <when>2025-01-01T00:13:20.2533440Z</when>
        <gx:coord>11.922419 51.585423 607.63196</gx:coord>
        <when>2025-01-01T00:13:25.2533440Z</when>
        <gx:coord>11.919351 51.58611 606.108</gx:coord>
        <when>2025-01-01T00:13:30.2523440Z</when>
        <gx:coord>11.916304 51.586777 598.488</gx:coord>
        <when>2025-01-01T00:13:31.1163440Z</when>
        <gx:coord>11.916304 51.586777 598.488</gx:coord>
        <when>2025-01-01T00:13:32.1243440Z</when>
        <gx:coord>11.915768 51.587074 598.488</gx:coord>
        <when>2025-01-01T00:13:33.1223440Z</when>
        <gx:coord>11.915145 51.587185 598.488</gx:coord>
        <when>2025-01-01T00:13:34.1193440Z</when>
        <gx:coord>11.91448 51.587185 598.488</gx:coord>
        <when>2025-01-01T00:13:35.2533440Z</when>
        <gx:coord>11.913235 51.58744 600.01196</gx:coord>
        <when>2025-01-01T00:13:40.2533440Z</when>
        <gx:coord>11.910167 51.588085 604.584</gx:coord>
        <when>2025-01-01T00:13:42.1263440Z</when>
        <gx:coord>11.908943 51.58834 606.108</gx:coord>
        <when>2025-01-01T00:13:45.2533440Z</when>
        <gx:coord>11.907099 51.58873 610.68</gx:coord>
        <when>2025-01-01T00:13:50.1233440Z</when>
        <gx:coord>11.904051 51.58937 618.3</gx:coord>
        <when>2025-01-01T00:13:50.2533440Z</when>
        <gx:coord>11.904051 51.58937 618.3</gx:coord>
        <when>2025-01-01T00:13:55.2533440Z</when>
        <gx:coord>11.900961 51.589973 625.92</gx:coord>
        <when>2025-01-01T00:14:00.2533440Z</when>
        <gx:coord>11.89785 51.590553 627.444</gx:coord>
        <when>2025-01-01T00:14:05.2533440Z</when>
        <gx:coord>11.89476 51.591217 628.96796</gx:coord>
        <when>2025-01-01T00:14:10.2533440Z</when>
        <gx:coord>11.891649 51.59188 635.06396</gx:coord>
        <when>2025-01-01T00:14:15.2523440Z</when>
        <gx:coord>11.888559 51.592525 632.016</gx:coord>
        <when>2025-01-01T00:14:20.2523440Z</when>
        <gx:coord>11.885469 51.593235 630.49207</gx:coord>
        <when>2025-01-01T00:14:24.1283440Z</when>
        <gx:coord>11.88298 51.593815 628.96796</gx:coord>
        <when>2025-01-01T00:14:25.2523440Z</when>
        <gx:coord>11.882358 51.593964 625.92</gx:coord>
        <when>2025-01-01T00:14:30.2523440Z</when>
        <gx:coord>11.879225 51.594715 622.872</gx:coord>
        <when>2025-01-01T00:14:35.2523440Z</when>
        <gx:coord>11.876135 51.59549 619.824</gx:coord>
        <when>2025-01-01T00:14:40.2523440Z</when>
        <gx:coord>11.873045 51.596302 616.776</gx:coord>
        <when>2025-01-01T00:14:45.2523440Z</when>
        <gx:coord>11.869976 51.59714 622.872</gx:coord>
        <when>2025-01-01T00:14:50.2523440Z</when>
        <gx:coord>11.866951 51.59802 622.872</gx:coord>
        <when>2025-01-01T00:14:55.2523440Z</when>
        <gx:coord>11.863926 51.598923 624.396</gx:coord>
        <when>2025-01-01T00:15:00.2523440Z</when>
        <gx:coord>11.8609 51.5998 625.92</gx:coord>
        <when>2025-01-01T00:15:05.1313440Z</when>
        <gx:coord>11.857939 51.600723 624.396</gx:coord>
        <when>2025-01-01T00:15:05.2533440Z</when>
        <gx:coord>11.857939 51.600723 624.396</gx:coord>
        <when>2025-01-01T00:15:10.2533440Z</when>
        <gx:coord>11.855 51.60167 624.396</gx:coord>
        <when>2025-01-01T00:15:15.2533440Z</when>
        <gx:coord>11.852037 51.602634 624.396</gx:coord>
        <when>2025-01-01T00:15:19.1213440Z</when>
        <gx:coord>11.850321 51.603256 627.444</gx:coord>
        <when>2025-01-01T00:15:20.2523440Z</when>
        <gx:coord>11.849184 51.603664 627.444</gx:coord>
        <when>2025-01-01T00:15:25.2533440Z</when>
        <gx:coord>11.846395 51.604736 630.49207</gx:coord>
        <when>2025-01-01T00:15:30.2523440Z</when>
        <gx:coord>11.84367 51.60581 639.636</gx:coord>
        <when>2025-01-01T00:15:35.2523440Z</when>
        <gx:coord>11.840987 51.606926 642.68396</gx:coord>
        <when>2025-01-01T00:15:40.2523440Z</when>
        <gx:coord>11.838369 51.608017 644.20807</gx:coord>
        <when>2025-01-01T00:15:45.2523440Z</when>
        <gx:coord>11.835815 51.609158 639.636</gx:coord>
        <when>2025-01-01T00:15:47.1213440Z</when>
        <gx:coord>11.834785 51.609608 639.636</gx:coord>
        <when>2025-01-01T00:15:50.2513440Z</when>
        <gx:coord>11.833262 51.610336 624.396</gx:coord>
        <when>2025-01-01T00:15:55.2523440Z</when>
        <gx:coord>11.830645 51.611538 621.34796</gx:coord>
        <when>2025-01-01T00:16:00.2523440Z</when>
        <gx:coord>11.827833 51.61261 619.824</gx:coord>
        <when>2025-01-01T00:16:05.2523440Z</when>
        <gx:coord>11.824894 51.613598 613.72797</gx:coord>
        <when>2025-01-01T00:16:10.2523440Z</when>
        <gx:coord>11.821955 51.614628 606.108</gx:coord>
        <when>2025-01-01T00:16:15.2523440Z</when>
        <gx:coord>11.818993 51.615658 603.06</gx:coord>
        <when>2025-01-01T00:16:20.2523440Z</when>
        <gx:coord>11.816053 51.616688 598.488</gx:coord>
        <when>2025-01-01T00:16:25.2523440Z</when>
        <gx:coord>11.813221 51.61774 598.488</gx:coord>
        <when>2025-01-01T00:16:28.1243440Z</when>
        <gx:coord>11.811569 51.61838 598.488</gx:coord>
        <when>2025-01-01T00:16:30.2523440Z</when>
        <gx:coord>11.810474 51.618813 600.01196</gx:coord>
        <when>2025-01-01T00:16:35.2523440Z</when>
        <gx:coord>11.807793 51.619907 603.06</gx:coord>
        <when>2025-01-01T00:16:40.2523440Z</when>
        <gx:coord>11.805153 51.62098 606.108</gx:coord>
        <when>2025-01-01T00:16:45.2523440Z</when>
        <gx:coord>11.802578 51.622032 609.156</gx:coord>
        <when>2025-01-01T00:16:50.2523440Z</when>
        <gx:coord>11.800046 51.62308 610.68</gx:coord>
        <when>2025-01-01T00:16:55.2523440Z</when>
        <gx:coord>11.797514 51.624092 609.156</gx:coord>
        <when>2025-01-01T00:17:00.2523440Z</when>
        <gx:coord>11.795004 51.625122 607.63196</gx:coord>
        <when>2025-01-01T00:17:05.2523440Z</when>
        <gx:coord>11.792407 51.626022 609.156</gx:coord>
        <when>2025-01-01T00:17:09.1233440Z</when>
        <gx:coord>11.790754 51.62643 609.156</gx:coord>
        <when>2025-01-01T00:17:10.2523440Z</when>
        <gx:coord>11.789618 51.626686 612.204</gx:coord>
        <when>2025-01-01T00:17:12.1273440Z</when>
        <gx:coord>11.788502 51.626945 612.204</gx:coord>
        <when>2025-01-01T00:17:15.2523440Z</when>
        <gx:coord>11.786806 51.627354 606.108</gx:coord>
        <when>2025-01-01T00:17:20.2523440Z</when>
        <gx:coord>11.78391 51.628124 596.964</gx:coord>
        <when>2025-01-01T00:17:25.2523440Z</when>
        <gx:coord>11.781034 51.629025 589.344</gx:coord>
        <when>2025-01-01T00:17:26.1223440Z</when>
        <gx:coord>11.780455 51.62922 587.82</gx:coord>
        <when>2025-01-01T00:17:27.1223440Z</when>
        <gx:coord>11.780455 51.62922 587.82</gx:coord>
        <when>2025-01-01T00:17:30.2523440Z</when>
        <gx:coord>11.778223 51.630077 584.772</gx:coord>
        <when>2025-01-01T00:17:35.2523440Z</when>
        <gx:coord>11.7754345 51.631172 589.344</gx:coord>
        <when>2025-01-01T00:17:40.2523440Z</when>
        <gx:coord>11.772537 51.63216 596.964</gx:coord>
        <when>2025-01-01T00:17:45.2523440Z</when>
        <gx:coord>11.76964 51.633038 603.06</gx:coord>
        <when>2025-01-01T00:17:50.2523440Z</when>
        <gx:coord>11.766722 51.633854 612.204</gx:coord>
        <when>2025-01-01T00:17:53.1183440Z</when>
        <gx:coord>11.764963 51.634346 619.824</gx:coord>
        <when>2025-01-01T00:17:54.1263440Z</when>
        <gx:coord>11.764362 51.634518 619.824</gx:coord>
        <when>2025-01-01T00:17:55.2523440Z</when>
        <gx:coord>11.7637825 51.63467 621.34796</gx:coord>
        <when>2025-01-01T00:18:00.2523440Z</when>
        <gx:coord>11.760821 51.635483 627.444</gx:coord>
        <when>2025-01-01T00:18:05.2523440Z</when>
        <gx:coord>11.757795 51.636257 619.824</gx:coord>
        <when>2025-01-01T00:18:06.1203440Z</when>
        <gx:coord>11.757795 51.636257 619.824</gx:coord>
        <when>2025-01-01T00:18:10.2523440Z</when>
        <gx:coord>11.754663 51.6369 618.3</gx:coord>
        <when>2025-01-01T00:18:15.2523440Z</when>
        <gx:coord>11.751509 51.637543 621.34796</gx:coord>
        <when>2025-01-01T00:18:20.2523440Z</when>
        <gx:coord>11.748268 51.638123 619.224</gx:coord>
        <when>2025-01-01T00:18:25.2523440Z</when>
        <gx:coord>11.7450285 51.63866 614.652</gx:coord>
        <when>2025-01-01T00:18:30.2523440Z</when>
        <gx:coord>11.74181 51.639282 613.128</gx:coord>
        <when>2025-01-01T00:18:35.1293440Z</when>
        <gx:coord>11.738591 51.639885 619.224</gx:coord>
        <when>2025-01-01T00:18:35.2523440Z</when>
        <gx:coord>11.738591 51.639885 622.27203</gx:coord>
        <when>2025-01-01T00:18:40.2523440Z</when>
        <gx:coord>11.735523 51.640465 634.464</gx:coord>
        <when>2025-01-01T00:18:45.2513440Z</when>
        <gx:coord>11.732497 51.64102 629.892</gx:coord>
        <when>2025-01-01T00:18:50.2523440Z</when>
        <gx:coord>11.729407 51.64162 616.176</gx:coord>
        <when>2025-01-01T00:18:55.2523440Z</when>
        <gx:coord>11.726168 51.6422 610.08</gx:coord>
        <when>2025-01-01T00:19:00.2523440Z</when>
        <gx:coord>11.722906 51.642757 608.556</gx:coord>
        <when>2025-01-01T00:19:05.2523440Z</when>
        <gx:coord>11.719623 51.643272 607.032</gx:coord>
        <when>2025-01-01T00:19:10.2523440Z</when>
        <gx:coord>11.716361 51.64377 603.984</gx:coord>
        <when>2025-01-01T00:19:15.2523440Z</when>
        <gx:coord>11.713078 51.644302 610.08</gx:coord>
        <when>2025-01-01T00:19:16.1253440Z</when>
        <gx:coord>11.712413 51.64441 610.08</gx:coord>
        <when>2025-01-01T00:19:20.2533440Z</when>
        <gx:coord>11.709838 51.644928 607.032</gx:coord>
        <when>2025-01-01T00:19:25.2523440Z</when>
        <gx:coord>11.706662 51.64557 605.508</gx:coord>
        <when>2025-01-01T00:19:30.2523440Z</when>
        <gx:coord>11.703529 51.64617 602.4601</gx:coord>
        <when>2025-01-01T00:19:35.2523440Z</when>
        <gx:coord>11.700397 51.646812 600.93604</gx:coord>
        <when>2025-01-01T00:19:40.2533440Z</when>
        <gx:coord>11.697264 51.647438 605.508</gx:coord>
        <when>2025-01-01T00:19:45.2523440Z</when>
        <gx:coord>11.694109 51.648018 607.032</gx:coord>
        <when>2025-01-01T00:19:50.2523440Z</when>
        <gx:coord>11.690955 51.648552 607.032</gx:coord>
        <when>2025-01-01T00:19:55.2523440Z</when>
        <gx:coord>11.687843 51.649067 611.604</gx:coord>
        <when>2025-01-01T00:19:57.1223440Z</when>
        <gx:coord>11.6866 51.64928 610.08</gx:coord>
        <when>2025-01-01T00:19:59.1273440Z</when>
        <gx:coord>11.685977 51.64939 608.556</gx:coord>
        <when>2025-01-01T00:20:00.1303440Z</when>
        <gx:coord>11.685398 51.649647 607.032</gx:coord>
        <when>2025-01-01T00:20:00.2523440Z</when>
        <gx:coord>11.684775 51.64969 605.508</gx:coord>
        <when>2025-01-01T00:20:05.2523440Z</when>
        <gx:coord>11.681557 51.65014 605.508</gx:coord>
        <when>2025-01-01T00:20:10.2523440Z</when>
        <gx:coord>11.678338 51.650547 603.984</gx:coord>
        <when>2025-01-01T00:20:15.2523440Z</when>
        <gx:coord>11.675119 51.650955 607.032</gx:coord>
        <when>2025-01-01T00:20:20.2523440Z</when>
        <gx:coord>11.671944 51.651493 616.176</gx:coord>
        <when>2025-01-01T00:20:25.2523440Z</when>
        <gx:coord>11.668854 51.652027 626.844</gx:coord>
        <when>2025-01-01T00:20:30.2523440Z</when>
        <gx:coord>11.665807 51.6525 628.368</gx:coord>
        <when>2025-01-01T00:20:35.2523440Z</when>
        <gx:coord>11.662653 51.652973 628.368</gx:coord>
        <when>2025-01-01T00:20:39.1303440Z</when>
        <gx:coord>11.66012 51.6534 626.844</gx:coord>
        <when>2025-01-01T00:20:40.2623440Z</when>
        <gx:coord>11.659498 51.65351 626.844</gx:coord>
        <when>2025-01-01T00:20:45.2523440Z</when>
        <gx:coord>11.656343 51.654045 626.844</gx:coord>
        <when>2025-01-01T00:20:47.1253440Z</when>
        <gx:coord>11.655722 51.654152 626.844</gx:coord>
        <when>2025-01-01T00:20:50.2523440Z</when>
        <gx:coord>11.653254 51.654667 625.32007</gx:coord>
        <when>2025-01-01T00:20:55.2523440Z</when>
        <gx:coord>11.6502075 51.655334 623.796</gx:coord>
        <when>2025-01-01T00:21:00.2523440Z</when>
        <gx:coord>11.647139 51.65602 622.27203</gx:coord>
        <when>2025-01-01T00:21:05.2533440Z</when>
        <gx:coord>11.644092 51.65675 614.652</gx:coord>
        <when>2025-01-01T00:21:10.2533440Z</when>
        <gx:coord>11.641002 51.6575 608.556</gx:coord>
        <when>2025-01-01T00:21:15.2533440Z</when>
        <gx:coord>11.63789 51.65827 599.412</gx:coord>
        <when>2025-01-01T00:21:20.1213440Z</when>
        <gx:coord>11.634736 51.65911 594.84</gx:coord>
        <when>2025-01-01T00:21:20.2533440Z</when>
        <gx:coord>11.634736 51.65911 593.316</gx:coord>
        <when>2025-01-01T00:21:25.2533440Z</when>
        <gx:coord>11.631624 51.659946 594.84</gx:coord>
        <when>2025-01-01T00:21:30.2533440Z</when>
        <gx:coord>11.628578 51.66074 599.412</gx:coord>
        <when>2025-01-01T00:21:35.2533440Z</when>
        <gx:coord>11.625595 51.66149 607.032</gx:coord>
        <when>2025-01-01T00:21:40.2523440Z</when>
        <gx:coord>11.62257 51.662178 608.556</gx:coord>
        <when>2025-01-01T00:21:45.2533440Z</when>
        <gx:coord>11.619544 51.662865 597.888</gx:coord>
        <when>2025-01-01T00:21:50.2523440Z</when>
        <gx:coord>11.616454 51.663574 590.268</gx:coord>
        <when>2025-01-01T00:21:51.1233440Z</when>
        <gx:coord>11.615831 51.663723 588.744</gx:coord>
        <when>2025-01-01T00:21:55.2533440Z</when>
        <gx:coord>11.613278 51.664215 585.696</gx:coord>
        <when>2025-01-01T00:22:00.2523440Z</when>
        <gx:coord>11.610103 51.664883 581.124</gx:coord>
        <when>2025-01-01T00:22:01.1313440Z</when>
        <gx:coord>11.60948 51.66501 581.124</gx:coord>
        <when>2025-01-01T00:22:05.2533440Z</when>
        <gx:coord>11.606927 51.665546 578.076</gx:coord>
        <when>2025-01-01T00:22:10.2533440Z</when>
        <gx:coord>11.603751 51.66619 585.696</gx:coord>
        <when>2025-01-01T00:22:15.2533440Z</when>
        <gx:coord>11.600618 51.666813 597.888</gx:coord>
        <when>2025-01-01T00:22:20.2533440Z</when>
        <gx:coord>11.597507 51.667435 591.792</gx:coord>
        <when>2025-01-01T00:22:25.2533440Z</when>
        <gx:coord>11.594374 51.668037 588.744</gx:coord>
        <when>2025-01-01T00:22:30.2533440Z</when>
        <gx:coord>11.59122 51.668636 584.172</gx:coord>
        <when>2025-01-01T00:22:35.2533440Z</when>
        <gx:coord>11.588022 51.66924 582.648</gx:coord>
        <when>2025-01-01T00:22:40.2533440Z</when>
        <gx:coord>11.584868 51.66988 584.172</gx:coord>
        <when>2025-01-01T00:22:42.1263440Z</when>
        <gx:coord>11.583603 51.67014 584.172</gx:coord>
        <when>2025-01-01T00:22:45.2533440Z</when>
        <gx:coord>11.581715 51.6705 575.028</gx:coord>
        <when>2025-01-01T00:22:50.2533440Z</when>
        <gx:coord>11.57856 51.67117 571.98</gx:coord>
        <when>2025-01-01T00:22:55.2533440Z</when>
        <gx:coord>11.57547 51.671875 567.408</gx:coord>
        <when>2025-01-01T00:23:00.2533440Z</when>
        <gx:coord>11.57238 51.672607 562.836</gx:coord>
        <when>2025-01-01T00:23:05.2533440Z</when>
        <gx:coord>11.569247 51.673294 564.36</gx:coord>
        <when>2025-01-01T00:23:10.2523440Z</when>
        <gx:coord>11.566157 51.67398 564.36</gx:coord>
        <when>2025-01-01T00:23:15.2523440Z</when>
        <gx:coord>11.5630455 51.67462 565.88403</gx:coord>
        <when>2025-01-01T00:23:20.2533440Z</when>
        <gx:coord>11.559914 51.67516 565.88403</gx:coord>
        <when>2025-01-01T00:23:23.1253440Z</when>
        <gx:coord>11.558046 51.675484 570.456</gx:coord>
        <when>2025-01-01T00:23:25.2533440Z</when>
        <gx:coord>11.556824 51.675697 578.076</gx:coord>
        <when>2025-01-01T00:23:30.2533440Z</when>
        <gx:coord>11.553884 51.676254 578.076</gx:coord>
        <when>2025-01-01T00:23:35.2523440Z</when>
        <gx:coord>11.550943 51.676834 576.552</gx:coord>
        <when>2025-01-01T00:23:40.2533440Z</when>
        <gx:coord>11.548004 51.677456 576.552</gx:coord>
        <when>2025-01-01T00:23:45.2533440Z</when>
        <gx:coord>11.545107 51.678143 585.696</gx:coord>
        <when>2025-01-01T00:23:50.2533440Z</when>
        <gx:coord>11.542274 51.67883 593.316</gx:coord>
        <when>2025-01-01T00:23:55.2533440Z</when>
        <gx:coord>11.539528 51.679516 596.364</gx:coord>
        <when>2025-01-01T00:24:00.2533440Z</when>
        <gx:coord>11.536825 51.68018 597.888</gx:coord>
        <when>2025-01-01T00:24:05.2533440Z</when>
        <gx:coord>11.534164 51.680847 602.4601</gx:coord>
        <when>2025-01-01T00:24:08.1213440Z</when>
        <gx:coord>11.532555 51.681232 602.4601</gx:coord>
        <when>2025-01-01T00:24:10.2533440Z</when>
        <gx:coord>11.531482 51.68151 602.4601</gx:coord>
        <when>2025-01-01T00:24:15.2533440Z</when>
        <gx:coord>11.528735 51.682133 602.4601</gx:coord>
        <when>2025-01-01T00:24:20.2533440Z</when>
        <gx:coord>11.525946 51.682735 607.032</gx:coord>
        <when>2025-01-01T00:24:25.2533440Z</when>
        <gx:coord>11.523178 51.68338 607.032</gx:coord>
        <when>2025-01-01T00:24:30.2523440Z</when>
        <gx:coord>11.520388 51.684002 608.556</gx:coord>
        <when>2025-01-01T00:24:35.2533440Z</when>
        <gx:coord>11.517641 51.684666 611.604</gx:coord>
        <when>2025-01-01T00:24:40.2533440Z</when>
        <gx:coord>11.514959 51.685375 610.08</gx:coord>
        <when>2025-01-01T00:24:45.2533440Z</when>
        <gx:coord>11.512278 51.68604 611.604</gx:coord>
        <when>2025-01-01T00:24:50.2533440Z</when>
        <gx:coord>11.509617 51.68666 608.556</gx:coord>
        <when>2025-01-01T00:24:54.1273440Z</when>
        <gx:coord>11.507449 51.687176 607.032</gx:coord>
        <when>2025-01-01T00:24:55.2533440Z</when>
        <gx:coord>11.506891 51.687305 610.08</gx:coord>
        <when>2025-01-01T00:25:00.2533440Z</when>
        <gx:coord>11.504145 51.68797 613.128</gx:coord>
        <when>2025-01-01T00:25:05.2533440Z</when>
        <gx:coord>11.501463 51.688698 611.604</gx:coord>
        <when>2025-01-01T00:25:10.2523440Z</when>
        <gx:coord>11.498758 51.689407 602.4601</gx:coord>
        <when>2025-01-01T00:25:15.2533440Z</when>
        <gx:coord>11.496034 51.690117 607.032</gx:coord>
        <when>2025-01-01T00:25:20.2533440Z</when>
        <gx:coord>11.49333 51.690804 611.604</gx:coord>
        <when>2025-01-01T00:25:25.2533440Z</when>
        <gx:coord>11.490669 51.691467 613.128</gx:coord>
        <when>2025-01-01T00:25:30.2533440Z</when>
        <gx:coord>11.4880085 51.692154 616.176</gx:coord>
        <when>2025-01-01T00:25:33.1243440Z</when>
        <gx:coord>11.486421 51.692562 619.224</gx:coord>
        <when>2025-01-01T00:25:35.2533440Z</when>
        <gx:coord>11.485348 51.69284 622.27203</gx:coord>
        <when>2025-01-01T00:25:40.1303440Z</when>
        <gx:coord>11.482622 51.693592 625.32007</gx:coord>
        <when>2025-01-01T00:25:40.2533440Z</when>
        <gx:coord>11.482622 51.693592 625.32007</gx:coord>
        <when>2025-01-01T00:25:45.2533440Z</when>
        <gx:coord>11.479876 51.694473 625.32007</gx:coord>
        <when>2025-01-01T00:25:46.1193440Z</when>
        <gx:coord>11.479876 51.694473 625.32007</gx:coord>
        <when>2025-01-01T00:25:50.2533440Z</when>
        <gx:coord>11.477129 51.695415 625.32007</gx:coord>
        <when>2025-01-01T00:25:55.2533440Z</when>
        <gx:coord>11.4743185 51.696274 628.368</gx:coord>
        <when>2025-01-01T00:26:00.2533440Z</when>
        <gx:coord>11.471443 51.69705 629.892</gx:coord>
        <when>2025-01-01T00:26:05.2533440Z</when>
        <gx:coord>11.468546 51.697777 623.796</gx:coord>
        <when>2025-01-01T00:26:10.2533440Z</when>
        <gx:coord>11.465586 51.698505 625.32007</gx:coord>
        <when>2025-01-01T00:26:15.2533440Z</when>
        <gx:coord>11.462688 51.6993 629.892</gx:coord>
        <when>2025-01-01T00:26:20.2533440Z</when>
        <gx:coord>11.459813 51.700115 631.4161</gx:coord>
        <when>2025-01-01T00:26:23.1283440Z</when>
        <gx:coord>11.458075 51.70059 628.368</gx:coord>
        <when>2025-01-01T00:26:25.2533440Z</when>
        <gx:coord>11.456895 51.70089 625.32007</gx:coord>
        <when>2025-01-01T00:26:30.2533440Z</when>
        <gx:coord>11.453955 51.701683 625.32007</gx:coord>
        <when>2025-01-01T00:26:35.2533440Z</when>
        <gx:coord>11.451101 51.70254 622.27203</gx:coord>
        <when>2025-01-01T00:26:40.2543440Z</when>
        <gx:coord>11.448248 51.7034 620.748</gx:coord>
        <when>2025-01-01T00:26:45.2533440Z</when>
        <gx:coord>11.445394 51.704235 619.224</gx:coord>
        <when>2025-01-01T00:26:50.2533440Z</when>
        <gx:coord>11.442539 51.70507 616.176</gx:coord>
        <when>2025-01-01T00:26:55.2533440Z</when>
        <gx:coord>11.439621 51.70591 610.08</gx:coord>
        <when>2025-01-01T00:27:00.2533440Z</when>
        <gx:coord>11.436661 51.706726 608.556</gx:coord>
        <when>2025-01-01T00:27:05.2543440Z</when>
        <gx:coord>11.433699 51.707497 611.604</gx:coord>
        <when>2025-01-01T00:27:06.1223440Z</when>
        <gx:coord>11.433098 51.707645 611.604</gx:coord>
        <when>2025-01-01T00:27:10.2543440Z</when>
        <gx:coord>11.430738 51.708225 610.08</gx:coord>
        <when>2025-01-01T00:27:15.2543440Z</when>
        <gx:coord>11.427798 51.70902 605.508</gx:coord>
        <when>2025-01-01T00:27:20.2543440Z</when>
        <gx:coord>11.424858 51.709858 599.412</gx:coord>
        <when>2025-01-01T00:27:25.2543440Z</when>
        <gx:coord>11.42194 51.710716 591.792</gx:coord>
        <when>2025-01-01T00:27:27.1233440Z</when>
        <gx:coord>11.42076 51.71108 588.744</gx:coord>
        <when>2025-01-01T00:27:30.2543440Z</when>
        <gx:coord>11.419001 51.711617 582.648</gx:coord>
        <when>2025-01-01T00:27:35.2543440Z</when>
        <gx:coord>11.416039 51.712517 565.88403</gx:coord>
        <when>2025-01-01T00:27:38.1253440Z</when>
        <gx:coord>11.414237 51.713074 558.264</gx:coord>
        <when>2025-01-01T00:27:40.2543440Z</when>
        <gx:coord>11.4129925 51.71344 559.788</gx:coord>
        <when>2025-01-01T00:27:45.2543440Z</when>
        <gx:coord>11.409988 51.71434 570.456</gx:coord>
        <when>2025-01-01T00:27:48.1203440Z</when>
        <gx:coord>11.408229 51.714878 570.456</gx:coord>
        <when>2025-01-01T00:27:50.2543440Z</when>
        <gx:coord>11.40707 51.71522 573.504</gx:coord>
        <when>2025-01-01T00:27:55.2543440Z</when>
        <gx:coord>11.404238 51.716103 579.6</gx:coord>
        <when>2025-01-01T00:28:00.2543440Z</when>
        <gx:coord>11.401384 51.716938 576.552</gx:coord>
        <when>2025-01-01T00:28:05.2543440Z</when>
        <gx:coord>11.39853 51.71784 573.504</gx:coord>
        <when>2025-01-01T00:28:10.2543440Z</when>
        <gx:coord>11.395698 51.71872 568.932</gx:coord>
        <when>2025-01-01T00:28:14.1273440Z</when>
        <gx:coord>11.394024 51.719234 568.932</gx:coord>
        <when>2025-01-01T00:28:15.1333440Z</when>
        <gx:coord>11.393337 51.719276 570.456</gx:coord>
        <when>2025-01-01T00:28:15.2543440Z</when>
        <gx:coord>11.392801 51.71949 570.456</gx:coord>
        <when>2025-01-01T00:28:20.2533440Z</when>
        <gx:coord>11.3901615 51.720478 573.504</gx:coord>
        <when>2025-01-01T00:28:25.2543440Z</when>
        <gx:coord>11.38748 51.721443 568.932</gx:coord>
        <when>2025-01-01T00:28:30.2543440Z</when>
        <gx:coord>11.384819 51.72243 567.408</gx:coord>
        <when>2025-01-01T00:28:31.1243440Z</when>
        <gx:coord>11.38426 51.722603 567.408</gx:coord>
        <when>2025-01-01T00:28:34.1263440Z</when>
        <gx:coord>11.383123 51.722904 567.408</gx:coord>
        <when>2025-01-01T00:28:35.2543440Z</when>
        <gx:coord>11.381987 51.723118 565.88403</gx:coord>
        <when>2025-01-01T00:28:38.1283440Z</when>
        <gx:coord>11.380871 51.723354 565.88403</gx:coord>
        <when>2025-01-01T00:28:39.1293440Z</when>
        <gx:coord>11.380506 51.72387 565.88403</gx:coord>
        <when>2025-01-01T00:28:40.2543440Z</when>
        <gx:coord>11.379454 51.724255 568.932</gx:coord>
        <when>2025-01-01T00:28:45.2543440Z</when>
        <gx:coord>11.376837 51.72522 576.552</gx:coord>
        <when>2025-01-01T00:28:50.2543440Z</when>
        <gx:coord>11.374218 51.72612 582.648</gx:coord>
        <when>2025-01-01T00:28:55.2543440Z</when>
        <gx:coord>11.3714075 51.72687 584.172</gx:coord>
        <when>2025-01-01T00:28:57.1263440Z</when>
        <gx:coord>11.370829 51.727 582.648</gx:coord>
        <when>2025-01-01T00:29:00.2543440Z</when>
        <gx:coord>11.368403 51.72745 585.696</gx:coord>
        <when>2025-01-01T00:29:05.2543440Z</when>
        <gx:coord>11.365421 51.727924 581.124</gx:coord>
        <when>2025-01-01T00:29:10.2543440Z</when>
        <gx:coord>11.362503 51.728523 567.408</gx:coord>
        <when>2025-01-01T00:29:15.2573440Z</when>
        <gx:coord>11.359671 51.729275 562.836</gx:coord>
        <when>2025-01-01T00:29:16.1363440Z</when>
        <gx:coord>11.359112 51.729427 562.836</gx:coord>
        <when>2025-01-01T00:29:20.2533440Z</when>
        <gx:coord>11.356902 51.730007 559.788</gx:coord>
        <when>2025-01-01T00:29:25.2543440Z</when>
        <gx:coord>11.354219 51.73082 555.216</gx:coord>
        <when>2025-01-01T00:29:28.1353440Z</when>
        <gx:coord>11.3531685 51.731163 547.596</gx:coord>
        <when>2025-01-01T00:29:30.2543440Z</when>
        <gx:coord>11.351624 51.7317 535.404</gx:coord>
        <when>2025-01-01T00:29:34.1333440Z</when>
        <gx:coord>11.349564 51.732494 526.26</gx:coord>
        <when>2025-01-01T00:29:35.2543440Z</when>
        <gx:coord>11.349028 51.73269 524.736</gx:coord>
        <when>2025-01-01T00:29:40.2543440Z</when>
        <gx:coord>11.346474 51.73372 512.544</gx:coord>
        <when>2025-01-01T00:29:45.2553440Z</when>
        <gx:coord>11.343899 51.734768 500.35202</gx:coord>
        <when>2025-01-01T00:29:49.1253440Z</when>
        <gx:coord>11.341882 51.735607 492.73203</gx:coord>
        <when>2025-01-01T00:29:50.2553440Z</when>
        <gx:coord>11.341367 51.73582 491.208</gx:coord>
        <when>2025-01-01T00:29:55.2553440Z</when>
        <gx:coord>11.338878 51.73685 480.53998</gx:coord>
        <when>2025-01-01T00:30:00.2553440Z</when>
        <gx:coord>11.3364105 51.73784 469.872</gx:coord>
        <when>2025-01-01T00:30:01.1303440Z</when>
        <gx:coord>11.3359165 51.73803 469.872</gx:coord>
        <when>2025-01-01T00:30:04.1223440Z</when>
        <gx:coord>11.334457 51.738632 460.72803</gx:coord>
        <when>2025-01-01T00:30:05.2553440Z</when>
        <gx:coord>11.333963 51.738823 457.68002</gx:coord>
        <when>2025-01-01T00:30:10.2553440Z</when>
        <gx:coord>11.331496 51.73981 448.536</gx:coord>
        <when>2025-01-01T00:30:15.2553440Z</when>
        <gx:coord>11.328964 51.7408 439.392</gx:coord>
        <when>2025-01-01T00:30:20.2553440Z</when>
        <gx:coord>11.326346 51.741745 440.91602</gx:coord>
        <when>2025-01-01T00:30:25.1223440Z</when>
        <gx:coord>11.323686 51.742622 428.724</gx:coord>
        <when>2025-01-01T00:30:25.2543440Z</when>
        <gx:coord>11.323686 51.742622 428.724</gx:coord>
        <when>2025-01-01T00:30:30.2553440Z</when>
        <gx:coord>11.320939 51.74348 415.00803</gx:coord>
        <when>2025-01-01T00:30:35.2553440Z</when>
        <gx:coord>11.318171 51.744446 408.91202</gx:coord>
        <when>2025-01-01T00:30:40.2553440Z</when>
        <gx:coord>11.315403 51.74539 407.388</gx:coord>
        <when>2025-01-01T00:30:45.2553440Z</when>
        <gx:coord>11.312485 51.746162 399.768</gx:coord>
        <when>2025-01-01T00:30:46.1083440Z</when>
        <gx:coord>11.311884 51.746292 399.768</gx:coord>
        <when>2025-01-01T00:30:47.1233440Z</when>
        <gx:coord>11.311884 51.746292 399.768</gx:coord>
        <when>2025-01-01T00:30:47.1233440Z</when>
        <gx:coord>11.311262 51.74642 398.24402</gx:coord>
        <when>2025-01-01T00:30:50.2553440Z</when>
        <gx:coord>11.309416 51.746677 395.196</gx:coord>
        <when>2025-01-01T00:30:53.1253440Z</when>
        <gx:coord>11.308172 51.746807 392.148</gx:coord>
        <when>2025-01-01T00:30:55.2553440Z</when>
        <gx:coord>11.306284 51.746895 386.052</gx:coord>
        <when>2025-01-01T00:31:00.2553440Z</when>
        <gx:coord>11.303064 51.747 378.432</gx:coord>
        <when>2025-01-01T00:31:05.2553440Z</when>
        <gx:coord>11.299717 51.747044 369.28802</gx:coord>
        <when>2025-01-01T00:31:06.1283440Z</when>
        <gx:coord>11.299052 51.747044 366.24002</gx:coord>
        <when>2025-01-01T00:31:10.2553440Z</when>
        <gx:coord>11.29637 51.747063 352.52402</gx:coord>
        <when>2025-01-01T00:31:15.2553440Z</when>
        <gx:coord>11.293001 51.747128 341.85602</gx:coord>
        <when>2025-01-01T00:31:18.1243440Z</when>
        <gx:coord>11.290984 51.74715 335.76</gx:coord>
        <when>2025-01-01T00:31:20.2553440Z</when>
        <gx:coord>11.289633 51.74715 335.76</gx:coord>
        <when>2025-01-01T00:31:25.2553440Z</when>
        <gx:coord>11.286306 51.747086 328.14</gx:coord>
        <when>2025-01-01T00:31:27.1283440Z</when>
        <gx:coord>11.284976 51.747044 328.14</gx:coord>
        <when>2025-01-01T00:31:30.2553440Z</when>
        <gx:coord>11.283131 51.746956 334.23602</gx:coord>
        <when>2025-01-01T00:31:35.1253440Z</when>
        <gx:coord>11.280792 51.746895 335.76</gx:coord>
        <when>2025-01-01T00:31:35.2553440Z</when>
        <gx:coord>11.280233 51.746872 335.76</gx:coord>
        <when>2025-01-01T00:31:40.2553440Z</when>
        <gx:coord>11.277531 51.74685 331.18802</gx:coord>
        <when>2025-01-01T00:31:42.1293440Z</when>
        <gx:coord>11.276994 51.74683 331.18802</gx:coord>
        <when>2025-01-01T00:31:45.2553440Z</when>
        <gx:coord>11.274934 51.7467 329.664</gx:coord>
        <when>2025-01-01T00:31:49.1293440Z</when>
        <gx:coord>11.273453 51.746613 326.616</gx:coord>
        <when>2025-01-01T00:31:50.2553440Z</when>
        <gx:coord>11.272467 51.746593 323.56802</gx:coord>
        <when>2025-01-01T00:31:55.2553440Z</when>
        <gx:coord>11.27002 51.746593 320.52002</gx:coord>
        <when>2025-01-01T00:32:00.2553440Z</when>
        <gx:coord>11.267574 51.74657 309.85202</gx:coord>
        <when>2025-01-01T00:32:02.1253440Z</when>
        <gx:coord>11.266586 51.74657 305.28</gx:coord>
        <when>2025-01-01T00:32:05.2563440Z</when>
        <gx:coord>11.265106 51.74655 299.18402</gx:coord>
        <when>2025-01-01T00:32:10.2563440Z</when>
        <gx:coord>11.26266 51.74655 288.51602</gx:coord>
        <when>2025-01-01T00:32:15.1293440Z</when>
        <gx:coord>11.260235 51.746506 273.276</gx:coord>
        <when>2025-01-01T00:32:15.2563440Z</when>
        <gx:coord>11.260235 51.746506 273.276</gx:coord>
        <when>2025-01-01T00:32:20.1323440Z</when>
        <gx:coord>11.257768 51.74642 259.56</gx:coord>
        <when>2025-01-01T00:32:20.2563440Z</when>
        <gx:coord>11.257768 51.74642 256.512</gx:coord>
        <when>2025-01-01T00:32:25.1303440Z</when>
        <gx:coord>11.2553005 51.746357 242.796</gx:coord>
        <when>2025-01-01T00:32:25.2563440Z</when>
        <gx:coord>11.2553005 51.746357 242.796</gx:coord>
        <when>2025-01-01T00:32:30.2563440Z</when>
        <gx:coord>11.252853 51.746357 229.08002</gx:coord>
        <when>2025-01-01T00:32:35.2563440Z</when>
        <gx:coord>11.250472 51.746315 221.46</gx:coord>
        <when>2025-01-01T00:32:40.2563440Z</when>
        <gx:coord>11.248262 51.746315 225.672</gx:coord>
        <when>2025-01-01T00:32:45.2563440Z</when>
        <gx:coord>11.246117 51.74625 222.624</gx:coord>
        <when>2025-01-01T00:32:50.1243440Z</when>
        <gx:coord>11.243992 51.746143 211.956</gx:coord>
        <when>2025-01-01T00:32:50.2563440Z</when>
        <gx:coord>11.243992 51.746143 211.956</gx:coord>
        <when>2025-01-01T00:32:55.2563440Z</when>
        <gx:coord>11.241846 51.746056 204.336</gx:coord>
        <when>2025-01-01T00:32:58.1283440Z</when>
        <gx:coord>11.241009 51.746033 204.336</gx:coord>
        <when>2025-01-01T00:33:00.2563440Z</when>
        <gx:coord>11.239786 51.746033 201.288</gx:coord>
        <when>2025-01-01T00:33:05.2563440Z</when>
        <gx:coord>11.237747 51.746033 196.71602</gx:coord>
        <when>2025-01-01T00:33:10.2553440Z</when>
        <gx:coord>11.235687 51.74599 183</gx:coord>
        <when>2025-01-01T00:33:11.1283440Z</when>
        <gx:coord>11.23528 51.74599 178.42801</gx:coord>
        <when>2025-01-01T00:33:15.2563440Z</when>
        <gx:coord>11.233606 51.74595 164.71202</gx:coord>
        <when>2025-01-01T00:33:20.2563440Z</when>
        <gx:coord>11.231632 51.745884 161.66402</gx:coord>
        <when>2025-01-01T00:33:23.1243440Z</when>
        <gx:coord>11.230925 51.745842 160.14001</gx:coord>
        <when>2025-01-01T00:33:23.1303440Z</when>
        <gx:coord>11.230602 51.74582 160.14001</gx:coord>
        <when>2025-01-01T00:33:25.2563440Z</when>
        <gx:coord>11.229937 51.74582 160.14001</gx:coord>
        <when>2025-01-01T00:33:30.2563440Z</when>
        <gx:coord>11.228113 51.745777 160.14001</gx:coord>
        <when>2025-01-01T00:33:32.1213440Z</when>
        <gx:coord>11.227705 51.745754 160.14001</gx:coord>
        <when>2025-01-01T00:33:35.2563440Z</when>
        <gx:coord>11.2259245 51.745712 161.66402</gx:coord>
        <when>2025-01-01T00:33:40.2563440Z</when>
        <gx:coord>11.223543 51.745647 172.33202</gx:coord>
        <when>2025-01-01T00:33:45.2563440Z</when>
        <gx:coord>11.22114 51.745605 189.09601</gx:coord>
        <when>2025-01-01T00:33:50.2563440Z</when>
        <gx:coord>11.218843 51.745583 207.38402</gx:coord>
        <when>2025-01-01T00:33:52.1263440Z</when>
        <gx:coord>11.217942 51.745583 211.956</gx:coord>
        <when>2025-01-01T00:33:55.2573440Z</when>
        <gx:coord>11.216547 51.745583 216.528</gx:coord>
        <when>2025-01-01T00:34:00.2573440Z</when>
        <gx:coord>11.214188 51.745647 227.196</gx:coord>
        <when>2025-01-01T00:34:04.1213440Z</when>
        <gx:coord>11.2127285 51.74569 234.81598</gx:coord>
        <when>2025-01-01T00:34:05.2573440Z</when>
        <gx:coord>11.2117405 51.745712 240.912</gx:coord>
        <when>2025-01-01T00:34:06.1233440Z</when>
        <gx:coord>11.211247 51.745735 242.43602</gx:coord>
        <when>2025-01-01T00:34:10.2573440Z</when>
        <gx:coord>11.209251 51.745777 253.10402</gx:coord>
        <when>2025-01-01T00:34:14.1123440Z</when>
        <gx:coord>11.207277 51.745777 274.44</gx:coord>
        <when>2025-01-01T00:34:15.2573440Z</when>
        <gx:coord>11.206806 51.745777 279.012</gx:coord>
        <when>2025-01-01T00:34:20.1253440Z</when>
        <gx:coord>11.204874 51.74582 292.728</gx:coord>
        <when>2025-01-01T00:34:20.2573440Z</when>
        <gx:coord>11.204403 51.745865 295.776</gx:coord>
        <when>2025-01-01T00:34:22.1303440Z</when>
        <gx:coord>11.203459 51.74595 297.3</gx:coord>
        <when>2025-01-01T00:34:25.1113440Z</when>
        <gx:coord>11.202557 51.74608 300.348</gx:coord>
        <when>2025-01-01T00:34:25.2563440Z</when>
        <gx:coord>11.202106 51.746162 303.396</gx:coord>
        <when>2025-01-01T00:34:26.1223440Z</when>
        <gx:coord>11.201677 51.74627 306.444</gx:coord>
        <when>2025-01-01T00:34:28.1273440Z</when>
        <gx:coord>11.201248 51.746376 311.016</gx:coord>
        <when>2025-01-01T00:34:30.2573440Z</when>
        <gx:coord>11.200111 51.74685 324.732</gx:coord>
        <when>2025-01-01T00:34:31.1243440Z</when>
        <gx:coord>11.200111 51.74685 324.732</gx:coord>
        <when>2025-01-01T00:34:34.1213440Z</when>
        <gx:coord>11.199188 51.74743 335.4</gx:coord>
        <when>2025-01-01T00:34:35.2573440Z</when>
        <gx:coord>11.198694 51.74788 335.4</gx:coord>
        <when>2025-01-01T00:34:37.1183440Z</when>
        <gx:coord>11.198502 51.74814 336.924</gx:coord>
        <when>2025-01-01T00:34:37.1183440Z</when>
        <gx:coord>11.19833 51.748417 338.448</gx:coord>
        <when>2025-01-01T00:34:40.1223440Z</when>
        <gx:coord>11.198137 51.748974 343.02</gx:coord>
        <when>2025-01-01T00:34:40.2573440Z</when>
        <gx:coord>11.198093 51.749275 344.544</gx:coord>
        <when>2025-01-01T00:34:42.1163440Z</when>
        <gx:coord>11.198072 51.749554 347.592</gx:coord>
        <when>2025-01-01T00:34:44.1223440Z</when>
        <gx:coord>11.198158 51.750153 355.212</gx:coord>
        <when>2025-01-01T00:34:45.2573440Z</when>
        <gx:coord>11.198395 51.750755 358.026</gx:coord>
        <when>2025-01-01T00:34:50.2573440Z</when>
        <gx:coord>11.199209 51.75226 356.50204</gx:coord>
        <when>2025-01-01T00:34:55.1293440Z</when>
        <gx:coord>11.199982 51.753544 354.978</gx:coord>
        <when>2025-01-01T00:34:55.2573440Z</when>
        <gx:coord>11.200175 51.753887 354.978</gx:coord>
        <when>2025-01-01T00:34:57.1153440Z</when>
        <gx:coord>11.200411 51.75423 354.978</gx:coord>
        <when>2025-01-01T00:35:00.1153440Z</when>
        <gx:coord>11.201291 51.755196 358.026</gx:coord>
        <when>2025-01-01T00:35:00.2573440Z</when>
        <gx:coord>11.201656 51.75552 361.074</gx:coord>
        <when>2025-01-01T00:35:02.1213440Z</when>
        <gx:coord>11.202064 51.7558 364.122</gx:coord>
        <when>2025-01-01T00:35:03.1053440Z</when>
        <gx:coord>11.203008 51.75629 370.218</gx:coord>
        <when>2025-01-01T00:35:05.1213440Z</when>
        <gx:coord>11.203501 51.756508 373.266</gx:coord>
        <when>2025-01-01T00:35:05.2573440Z</when>
        <gx:coord>11.20406 51.756676 374.79</gx:coord>
        <when>2025-01-01T00:35:08.1243440Z</when>
        <gx:coord>11.205239 51.756958 377.838</gx:coord>
        <when>2025-01-01T00:35:09.1253440Z</when>
        <gx:coord>11.205862 51.757042 379.362</gx:coord>
        <when>2025-01-01T00:35:10.2573440Z</when>
        <gx:coord>11.207191 51.75715 376.314</gx:coord>
        <when>2025-01-01T00:35:12.1263440Z</when>
        <gx:coord>11.207878 51.75717 374.79</gx:coord>
        <when>2025-01-01T00:35:15.1223440Z</when>
        <gx:coord>11.210024 51.757195 365.646</gx:coord>
        <when>2025-01-01T00:35:15.2573440Z</when>
        <gx:coord>11.210754 51.757214 364.122</gx:coord>
        <when>2025-01-01T00:35:20.2573440Z</when>
        <gx:coord>11.214552 51.75732 358.026</gx:coord>
        <when>2025-01-01T00:35:25.2573440Z</when>
        <gx:coord>11.218371 51.757473 348.882</gx:coord>
        <when>2025-01-01T00:35:30.2573440Z</when>
        <gx:coord>11.222126 51.75773 344.31</gx:coord>
        <when>2025-01-01T00:35:31.1213440Z</when>
        <gx:coord>11.2228775 51.75777 344.31</gx:coord>
        <when>2025-01-01T00:35:35.2573440Z</when>
        <gx:coord>11.2259245 51.757835 350.406</gx:coord>
        <when>2025-01-01T00:35:40.2573440Z</when>
        <gx:coord>11.229723 51.757645 348.882</gx:coord>
        <when>2025-01-01T00:35:42.1203440Z</when>
        <gx:coord>11.2304735 51.757557 348.882</gx:coord>
        <when>2025-01-01T00:35:45.2573440Z</when>
        <gx:coord>11.2335 51.75728 344.31</gx:coord>
        <when>2025-01-01T00:35:50.2573440Z</when>
        <gx:coord>11.237125 51.757042 354.978</gx:coord>
        <when>2025-01-01T00:35:55.2573440Z</when>
        <gx:coord>11.240665 51.75702 362.598</gx:coord>
        <when>2025-01-01T00:35:58.1243440Z</when>
        <gx:coord>11.242039 51.75702 365.646</gx:coord>
        <when>2025-01-01T00:36:00.2583440Z</when>
        <gx:coord>11.244078 51.757065 371.742</gx:coord>
        <when>2025-01-01T00:36:05.2583440Z</when>
        <gx:coord>11.247404 51.75715 383.934</gx:coord>
        <when>2025-01-01T00:36:06.1233440Z</when>
        <gx:coord>11.247404 51.75715 383.934</gx:coord>
        <when>2025-01-01T00:36:09.1323440Z</when>
        <gx:coord>11.25 51.757195 388.506</gx:coord>
        <when>2025-01-01T00:36:10.2583440Z</when>
        <gx:coord>11.250644 51.757195 399.174</gx:coord>
        <when>2025-01-01T00:36:15.2583440Z</when>
        <gx:coord>11.253691 51.75713 398.09003</gx:coord>
        <when>2025-01-01T00:36:17.1273440Z</when>
        <gx:coord>11.254292 51.75713 398.09003</gx:coord>
        <when>2025-01-01T00:36:18.1223440Z</when>
        <gx:coord>11.255428 51.75717 401.138</gx:coord>
        <when>2025-01-01T00:36:20.2583440Z</when>
        <gx:coord>11.256523 51.757236 404.186</gx:coord>
        <when>2025-01-01T00:36:25.2573440Z</when>
        <gx:coord>11.259313 51.75745 404.186</gx:coord>
        <when>2025-01-01T00:36:29.1273440Z</when>
        <gx:coord>11.261051 51.75741 399.614</gx:coord>
        <when>2025-01-01T00:36:30.2583440Z</when>
        <gx:coord>11.262188 51.757256 395.04202</gx:coord>
        <when>2025-01-01T00:36:31.1223440Z</when>
        <gx:coord>11.262188 51.757256 395.04202</gx:coord>
        <when>2025-01-01T00:36:33.1263440Z</when>
        <gx:coord>11.263283 51.756958 391.99402</gx:coord>
        <when>2025-01-01T00:36:35.1213440Z</when>
        <gx:coord>11.264248 51.756527 391.99402</gx:coord>
        <when>2025-01-01T00:36:35.2583440Z</when>
        <gx:coord>11.264656 51.75627 390.47</gx:coord>
        <when>2025-01-01T00:36:38.1193440Z</when>
        <gx:coord>11.265385 51.75567 388.946</gx:coord>
        <when>2025-01-01T00:36:40.2583440Z</when>
        <gx:coord>11.266136 51.75468 387.42203</gx:coord>
        <when>2025-01-01T00:36:41.1213440Z</when>
        <gx:coord>11.266136 51.75468 387.42203</gx:coord>
        <when>2025-01-01T00:36:44.1243440Z</when>
        <gx:coord>11.266544 51.75363 379.802</gx:coord>
        <when>2025-01-01T00:36:45.2573440Z</when>
        <gx:coord>11.26663 51.75288 372.182</gx:coord>
        <when>2025-01-01T00:36:46.1213440Z</when>
        <gx:coord>11.266608 51.752514 367.61002</gx:coord>
        <when>2025-01-01T00:36:48.1243440Z</when>
        <gx:coord>11.266565 51.75213 364.562</gx:coord>
        <when>2025-01-01T00:36:50.2573440Z</when>
        <gx:coord>11.266265 51.75099 353.894</gx:coord>
        <when>2025-01-01T00:36:53.1193440Z</when>
        <gx:coord>11.265944 51.75024 350.846</gx:coord>
        <when>2025-01-01T00:36:55.2583440Z</when>
        <gx:coord>11.265257 51.74917 337.28403</gx:coord>
        <when>2025-01-01T00:36:56.1223440Z</when>
        <gx:coord>11.264999 51.748802 335.76</gx:coord>
        <when>2025-01-01T00:36:58.1263440Z</when>
        <gx:coord>11.26472 51.74848 334.23602</gx:coord>
        <when>2025-01-01T00:37:00.2583440Z</when>
        <gx:coord>11.263733 51.747536 326.616</gx:coord>
        <when>2025-01-01T00:37:02.1033440Z</when>
        <gx:coord>11.263347 51.747257 323.56802</gx:coord>
        <when>2025-01-01T00:37:04.1093440Z</when>
        <gx:coord>11.26251 51.746765 318.996</gx:coord>
        <when>2025-01-01T00:37:05.2583440Z</when>
        <gx:coord>11.261544 51.74642 314.424</gx:coord>
        <when>2025-01-01T00:37:06.1243440Z</when>
        <gx:coord>11.261544 51.74642 314.424</gx:coord>
        <when>2025-01-01T00:37:08.1213440Z</when>
        <gx:coord>11.259977 51.746143 305.28</gx:coord>
        <when>2025-01-01T00:37:09.1113440Z</when>
        <gx:coord>11.259977 51.746143 305.28</gx:coord>
        <when>2025-01-01T00:37:10.2583440Z</when>
        <gx:coord>11.258905 51.746056 297.66</gx:coord>
        <when>2025-01-01T00:37:14.1243440Z</when>
        <gx:coord>11.257296 51.74608 290.04</gx:coord>
        <when>2025-01-01T00:37:15.2583440Z</when>
        <gx:coord>11.256287 51.746143 288.51602</gx:coord>
        <when>2025-01-01T00:37:16.1243440Z</when>
        <gx:coord>11.256287 51.746143 288.51602</gx:coord>
        <when>2025-01-01T00:37:20.1233440Z</when>
        <gx:coord>11.253927 51.746292 271.752</gx:coord>
        <when>2025-01-01T00:37:20.2583440Z</when>
        <gx:coord>11.253927 51.746292 271.752</gx:coord>
        <when>2025-01-01T00:37:25.2583440Z</when>
        <gx:coord>11.251545 51.746292 256.512</gx:coord>
        <when>2025-01-01T00:37:30.2583440Z</when>
        <gx:coord>11.249207 51.74621 253.10402</gx:coord>
        <when>2025-01-01T00:37:34.1223440Z</when>
        <gx:coord>11.247296 51.746162 240.912</gx:coord>
        <when>2025-01-01T00:37:35.2583440Z</when>
        <gx:coord>11.246824 51.746162 237.864</gx:coord>
        <when>2025-01-01T00:37:40.2583440Z</when>
        <gx:coord>11.244464 51.746162 222.624</gx:coord>
        <when>2025-01-01T00:37:45.2583440Z</when>
        <gx:coord>11.242189 51.746162 211.956</gx:coord>
        <when>2025-01-01T00:37:46.1223440Z</when>
        <gx:coord>11.241739 51.746162 208.90799</gx:coord>
        <when>2025-01-01T00:37:50.2593440Z</when>
        <gx:coord>11.239958 51.746098 202.81201</gx:coord>
        <when>2025-01-01T00:37:55.1183440Z</when>
        <gx:coord>11.238241 51.746056 198.23999</gx:coord>
        <when>2025-01-01T00:37:55.2593440Z</when>
        <gx:coord>11.237812 51.746033 196.71602</gx:coord>
        <when>2025-01-01T00:38:00.2583440Z</when>
        <gx:coord>11.235666 51.746014 187.57199</gx:coord>
        <when>2025-01-01T00:38:03.1193440Z</when>
        <gx:coord>11.234379 51.74595 175.38002</gx:coord>
        <when>2025-01-01T00:38:05.2593440Z</when>
        <gx:coord>11.2335205 51.745926 167.76001</gx:coord>
        <when>2025-01-01T00:38:10.2593440Z</when>
        <gx:coord>11.231461 51.745865 161.66402</gx:coord>
        <when>2025-01-01T00:38:13.1213440Z</when>
        <gx:coord>11.230345 51.745842 160.14001</gx:coord>
        <when>2025-01-01T00:38:15.2593440Z</when>
        <gx:coord>11.229637 51.74582 160.14001</gx:coord>
        <when>2025-01-01T00:38:17.1243440Z</when>
        <gx:coord>11.22925 51.74582 160.14001</gx:coord>
        <when>2025-01-01T00:38:20.2593440Z</when>
        <gx:coord>11.227555 51.745754 158.616</gx:coord>
        <when>2025-01-01T00:38:24.1203440Z</when>
        <gx:coord>11.226118 51.745735 160.14001</gx:coord>
        <when>2025-01-01T00:38:25.2593440Z</when>
        <gx:coord>11.22513 51.745712 163.18799</gx:coord>
        <when>2025-01-01T00:38:30.2593440Z</when>
        <gx:coord>11.222641 51.74563 181.47601</gx:coord>
        <when>2025-01-01T00:38:35.2593440Z</when>
        <gx:coord>11.220238 51.745583 198.23999</gx:coord>
        <when>2025-01-01T00:38:39.1213440Z</when>
        <gx:coord>11.218286 51.745564 208.90799</gx:coord>
        <when>2025-01-01T00:38:40.2593440Z</when>
        <gx:coord>11.2177925 51.745564 211.956</gx:coord>
        <when>2025-01-01T00:38:45.2593440Z</when>
        <gx:coord>11.215367 51.74554 228.72002</gx:coord>
        <when>2025-01-01T00:38:48.1253440Z</when>
        <gx:coord>11.213951 51.745605 240.912</gx:coord>
        <when>2025-01-01T00:38:49.1203440Z</when>
        <gx:coord>11.213951 51.745605 240.912</gx:coord>
        <when>2025-01-01T00:38:50.2593440Z</when>
        <gx:coord>11.213028 51.74567 250.056</gx:coord>
        <when>2025-01-01T00:38:55.2593440Z</when>
        <gx:coord>11.210732 51.745754 262.248</gx:coord>
        <when>2025-01-01T00:39:00.1223440Z</when>
        <gx:coord>11.208329 51.7458 271.392</gx:coord>
        <when>2025-01-01T00:39:00.2593440Z</when>
        <gx:coord>11.208329 51.7458 271.392</gx:coord>
        <when>2025-01-01T00:39:05.2593440Z</when>
        <gx:coord>11.20584 51.745842 283.58398</gx:coord>
        <when>2025-01-01T00:39:09.1233440Z</when>
        <gx:coord>11.204273 51.74595 289.68</gx:coord>
        <when>2025-01-01T00:39:10.1263440Z</when>
        <gx:coord>11.203287 51.746162 291.20398</gx:coord>
        <when>2025-01-01T00:39:10.2593440Z</when>
        <gx:coord>11.203287 51.746162 294.25198</gx:coord>
        <when>2025-01-01T00:39:11.1223440Z</when>
        <gx:coord>11.203287 51.746162 294.25198</gx:coord>
        <when>2025-01-01T00:39:14.1223440Z</when>
        <gx:coord>11.201978 51.7467 298.824</gx:coord>
        <when>2025-01-01T00:39:15.1223440Z</when>
        <gx:coord>11.201248 51.747173 303.396</gx:coord>
        <when>2025-01-01T00:39:15.2603440Z</when>
        <gx:coord>11.201248 51.747173 303.396</gx:coord>
        <when>2025-01-01T00:39:17.1233440Z</when>
        <gx:coord>11.200926 51.74743 304.91998</gx:coord>
        <when>2025-01-01T00:39:19.1263440Z</when>
        <gx:coord>11.200411 51.747986 309.492</gx:coord>
        <when>2025-01-01T00:39:20.2593440Z</when>
        <gx:coord>11.200047 51.74861 315.58798</gx:coord>
        <when>2025-01-01T00:39:23.1003440Z</when>
        <gx:coord>11.199768 51.749275 318.636</gx:coord>
        <when>2025-01-01T00:39:25.2603440Z</when>
        <gx:coord>11.199574 51.750305 330.828</gx:coord>
        <when>2025-01-01T00:39:26.1243440Z</when>
        <gx:coord>11.199553 51.75065 335.16602</gx:coord>
        <when>2025-01-01T00:39:27.1273440Z</when>
        <gx:coord>11.199553 51.75065 335.16602</gx:coord>
        <when>2025-01-01T00:39:30.2603440Z</when>
        <gx:coord>11.19981 51.75202 347.358</gx:coord>
        <when>2025-01-01T00:39:32.1253440Z</when>
        <gx:coord>11.199918 51.752342 351.93</gx:coord>
        <when>2025-01-01T00:39:35.1233440Z</when>
        <gx:coord>11.200411 51.753696 368.694</gx:coord>
        <when>2025-01-01T00:39:35.2603440Z</when>
        <gx:coord>11.200411 51.753696 368.694</gx:coord>
        <when>2025-01-01T00:39:40.2603440Z</when>
        <gx:coord>11.200926 51.755302 397.65</gx:coord>
        <when>2025-01-01T00:39:41.1283440Z</when>
        <gx:coord>11.201034 51.755627 402.22202</gx:coord>
        <when>2025-01-01T00:39:45.2603440Z</when>
        <gx:coord>11.201506 51.756893 408.318</gx:coord>
        <when>2025-01-01T00:39:47.1263440Z</when>
        <gx:coord>11.20172 51.757195 408.318</gx:coord>
        <when>2025-01-01T00:39:49.1233440Z</when>
        <gx:coord>11.202257 51.757816 406.794</gx:coord>
        <when>2025-01-01T00:39:50.1323440Z</when>
        <gx:coord>11.2026005 51.758095 403.746</gx:coord>
        <when>2025-01-01T00:39:50.2603440Z</when>
        <gx:coord>11.203008 51.758373 402.22202</gx:coord>
        <when>2025-01-01T00:39:52.1283440Z</when>
        <gx:coord>11.203459 51.75861 402.22202</gx:coord>
        <when>2025-01-01T00:39:55.1203440Z</when>
        <gx:coord>11.205111 51.75921 400.698</gx:coord>
        <when>2025-01-01T00:39:55.1213440Z</when>
        <gx:coord>11.205111 51.75921 400.698</gx:coord>
        <when>2025-01-01T00:39:55.2603440Z</when>
        <gx:coord>11.205732 51.75936 400.698</gx:coord>
        <when>2025-01-01T00:39:58.1243440Z</when>
        <gx:coord>11.207042 51.759575 400.698</gx:coord>
        <when>2025-01-01T00:40:00.2603440Z</when>
        <gx:coord>11.209124 51.75964 403.746</gx:coord>
        <when>2025-01-01T00:40:01.1303440Z</when>
        <gx:coord>11.209124 51.75964 403.746</gx:coord>
        <when>2025-01-01T00:40:05.2603440Z</when>
        <gx:coord>11.212685 51.759403 403.746</gx:coord>
        <when>2025-01-01T00:40:06.1223440Z</when>
        <gx:coord>11.212685 51.759403 403.746</gx:coord>
        <when>2025-01-01T00:40:10.2603440Z</when>
        <gx:coord>11.216375 51.75921 393.078</gx:coord>
        <when>2025-01-01T00:40:15.2603440Z</when>
        <gx:coord>11.22011 51.75908 391.55402</gx:coord>
        <when>2025-01-01T00:40:16.1223440Z</when>
        <gx:coord>11.220839 51.75906 391.55402</gx:coord>
        <when>2025-01-01T00:40:20.2603440Z</when>
        <gx:coord>11.223843 51.758972 391.55402</gx:coord>
        <when>2025-01-01T00:40:25.2603440Z</when>
        <gx:coord>11.227427 51.758865 400.698</gx:coord>
        <when>2025-01-01T00:40:30.2603440Z</when>
        <gx:coord>11.230881 51.75876 406.794</gx:coord>
        <when>2025-01-01T00:40:33.1283440Z</when>
        <gx:coord>11.232233 51.758717 411.366</gx:coord>
        <when>2025-01-01T00:40:35.2603440Z</when>
        <gx:coord>11.234186 51.75863 414.414</gx:coord>
        <when>2025-01-01T00:40:40.2593440Z</when>
        <gx:coord>11.237318 51.758457 417.462</gx:coord>
        <when>2025-01-01T00:40:45.2613440Z</when>
        <gx:coord>11.240301 51.758392 422.034</gx:coord>
        <when>2025-01-01T00:40:46.1203440Z</when>
        <gx:coord>11.240301 51.758392 422.034</gx:coord>
        <when>2025-01-01T00:40:46.1223440Z</when>
        <gx:coord>11.240301 51.758392 422.034</gx:coord>
        <when>2025-01-01T00:40:47.1253440Z</when>
        <gx:coord>11.240902 51.758503 423.55804</gx:coord>
        <when>2025-01-01T00:40:50.1233440Z</when>
        <gx:coord>11.242512 51.758244 426.60602</gx:coord>
        <when>2025-01-01T00:40:50.2613440Z</when>
        <gx:coord>11.243198 51.75848 426.60602</gx:coord>
        <when>2025-01-01T00:40:51.1243440Z</when>
        <gx:coord>11.243198 51.75848 426.60602</gx:coord>
        <when>2025-01-01T00:40:55.2613440Z</when>
        <gx:coord>11.246138 51.75848 420.51</gx:coord>
        <when>2025-01-01T00:40:58.1243440Z</when>
        <gx:coord>11.24794 51.75848 418.986</gx:coord>
        <when>2025-01-01T00:41:00.2613440Z</when>
        <gx:coord>11.249121 51.75848 417.462</gx:coord>
        <when>2025-01-01T00:41:05.2613440Z</when>
        <gx:coord>11.252081 51.758503 417.902</gx:coord>
        <when>2025-01-01T00:41:10.2613440Z</when>
        <gx:coord>11.255021 51.758457 408.75803</gx:coord>
        <when>2025-01-01T00:41:13.1243440Z</when>
        <gx:coord>11.25618 51.758392 404.186</gx:coord>
        <when>2025-01-01T00:41:15.2613440Z</when>
        <gx:coord>11.257939 51.758137 396.566</gx:coord>
        <when>2025-01-01T00:41:16.1123440Z</when>
        <gx:coord>11.257939 51.758137 396.566</gx:coord>
        <when>2025-01-01T00:41:19.1133440Z</when>
        <gx:coord>11.259592 51.757664 391.99402</gx:coord>
        <when>2025-01-01T00:41:20.2613440Z</when>
        <gx:coord>11.2606 51.757214 391.99402</gx:coord>
        <when>2025-01-01T00:41:22.1243440Z</when>
        <gx:coord>11.261051 51.756958 393.518</gx:coord>
        <when>2025-01-01T00:41:25.2613440Z</when>
        <gx:coord>11.262617 51.75582 387.42203</gx:coord>
        <when>2025-01-01T00:41:26.1113440Z</when>
        <gx:coord>11.262617 51.75582 387.42203</gx:coord>
        <when>2025-01-01T00:41:29.1023440Z</when>
        <gx:coord>11.2634325 51.75481 378.278</gx:coord>
        <when>2025-01-01T00:41:30.2613440Z</when>
        <gx:coord>11.263754 51.75408 373.70602</gx:coord>
        <when>2025-01-01T00:41:31.1303440Z</when>
        <gx:coord>11.26384 51.753716 369.134</gx:coord>
        <when>2025-01-01T00:41:32.1273440Z</when>
        <gx:coord>11.26384 51.753716 369.134</gx:coord>
        <when>2025-01-01T00:41:35.1203440Z</when>
        <gx:coord>11.263905 51.7526 359.99002</gx:coord>
        <when>2025-01-01T00:41:35.2613440Z</when>
        <gx:coord>11.26384 51.752213 356.94202</gx:coord>
        <when>2025-01-01T00:41:40.2613440Z</when>
        <gx:coord>11.263239 51.750347 343.226</gx:coord>
        <when>2025-01-01T00:41:41.1233440Z</when>
        <gx:coord>11.263132 51.74996 329.51</gx:coord>
        <when>2025-01-01T00:41:44.1243440Z</when>
        <gx:coord>11.262854 51.74921 320.52002</gx:coord>
        <when>2025-01-01T00:41:45.2613440Z</when>
        <gx:coord>11.262424 51.74846 314.424</gx:coord>
        <when>2025-01-01T00:41:47.1233440Z</when>
        <gx:coord>11.262123 51.748116 312.90002</gx:coord>
        <when>2025-01-01T00:41:50.1263440Z</when>
        <gx:coord>11.260965 51.74724 311.376</gx:coord>
        <when>2025-01-01T00:41:50.2613440Z</when>
        <gx:coord>11.260514 51.747 308.328</gx:coord>
        <when>2025-01-01T00:41:53.1243440Z</when>
        <gx:coord>11.259527 51.746593 303.756</gx:coord>
        <when>2025-01-01T00:41:54.1253440Z</when>
        <gx:coord>11.258476 51.746292 296.13602</gx:coord>
        <when>2025-01-01T00:41:55.1233440Z</when>
        <gx:coord>11.258476 51.746292 296.13602</gx:coord>
        <when>2025-01-01T00:41:55.2613440Z</when>
        <gx:coord>11.257939 51.746185 291.564</gx:coord>
        <when>2025-01-01T00:41:58.1263440Z</when>
        <gx:coord>11.256824 51.746033 283.944</gx:coord>
        <when>2025-01-01T00:42:00.2613440Z</when>
        <gx:coord>11.25515 51.74599 276.324</gx:coord>
        <when>2025-01-01T00:42:04.1303440Z</when>
        <gx:coord>11.253584 51.746033 271.752</gx:coord>
        <when>2025-01-01T00:42:05.2613440Z</when>
        <gx:coord>11.252575 51.74608 268.704</gx:coord>
        <when>2025-01-01T00:42:07.1283440Z</when>
        <gx:coord>11.25206 51.746098 267.18</gx:coord>
        <when>2025-01-01T00:42:07.1283440Z</when>
        <gx:coord>11.251566 51.74612 265.656</gx:coord>
        <when>2025-01-01T00:42:10.2613440Z</when>
        <gx:coord>11.250065 51.746227 253.464</gx:coord>
        <when>2025-01-01T00:42:15.2623440Z</when>
        <gx:coord>11.247532 51.746292 250.056</gx:coord>
        <when>2025-01-01T00:42:20.2623440Z</when>
        <gx:coord>11.245065 51.746227 236.34</gx:coord>
        <when>2025-01-01T00:42:21.1243440Z</when>
        <gx:coord>11.244572 51.74621 233.29199</gx:coord>
        <when>2025-01-01T00:42:25.2623440Z</when>
        <gx:coord>11.24264 51.746162 222.624</gx:coord>
        <when>2025-01-01T00:42:30.2623440Z</when>
        <gx:coord>11.24028 51.746098 208.90799</gx:coord>
        <when>2025-01-01T00:42:34.1533440Z</when>
        <gx:coord>11.238392 51.746056 201.288</gx:coord>
        <when>2025-01-01T00:42:35.2623440Z</when>
        <gx:coord>11.238392 51.746056 201.288</gx:coord>
        <when>2025-01-01T00:42:40.2613440Z</when>
        <gx:coord>11.235516 51.74597 186.04802</gx:coord>
        <when>2025-01-01T00:42:45.1253440Z</when>
        <gx:coord>11.233091 51.745907 169.284</gx:coord>
        <when>2025-01-01T00:42:45.2613440Z</when>
        <gx:coord>11.233091 51.745907 169.284</gx:coord>
        <when>2025-01-01T00:42:50.2623440Z</when>
        <gx:coord>11.230709 51.745884 161.66402</gx:coord>
        <when>2025-01-01T00:42:51.1303440Z</when>
        <gx:coord>11.230259 51.745865 161.66402</gx:coord>
        <when>2025-01-01T00:42:55.2623440Z</when>
        <gx:coord>11.2284775 51.74582 160.14001</gx:coord>
        <when>2025-01-01T00:43:00.2623440Z</when>
        <gx:coord>11.226118 51.745735 163.18799</gx:coord>
        <when>2025-01-01T00:43:04.1203440Z</when>
        <gx:coord>11.224723 51.74569 169.284</gx:coord>
        <when>2025-01-01T00:43:05.2623440Z</when>
        <gx:coord>11.223822 51.745647 173.85599</gx:coord>
        <when>2025-01-01T00:43:10.2623440Z</when>
        <gx:coord>11.221547 51.745583 178.42801</gx:coord>
        <when>2025-01-01T00:43:15.2623440Z</when>
        <gx:coord>11.219252 51.745564 187.57199</gx:coord>
        <when>2025-01-01T00:43:16.1253440Z</when>
        <gx:coord>11.219252 51.745564 187.57199</gx:coord>
        <when>2025-01-01T00:43:19.1203440Z</when>
        <gx:coord>11.217577 51.745564 201.288</gx:coord>
        <when>2025-01-01T00:43:20.2623440Z</when>
        <gx:coord>11.21717 51.745564 205.86</gx:coord>
        <when>2025-01-01T00:43:25.2623440Z</when>
        <gx:coord>11.215088 51.745564 215.004</gx:coord>
        <when>2025-01-01T00:43:30.2623440Z</when>
        <gx:coord>11.212856 51.7455 224.14798</gx:coord>
        <when>2025-01-01T00:43:33.1263440Z</when>
        <gx:coord>11.211483 51.7455 233.29199</gx:coord>
        <when>2025-01-01T00:43:35.2623440Z</when>
        <gx:coord>11.210561 51.7455 236.34</gx:coord>
        <when>2025-01-01T00:43:40.2623440Z</when>
        <gx:coord>11.208158 51.74554 243.95999</gx:coord>
        <when>2025-01-01T00:43:45.2633440Z</when>
        <gx:coord>11.205754 51.745605 257.676</gx:coord>
        <when>2025-01-01T00:43:47.1233440Z</when>
        <gx:coord>11.204788 51.74563 263.772</gx:coord>
        <when>2025-01-01T00:43:50.1223440Z</when>
        <gx:coord>11.203308 51.745647 269.86798</gx:coord>
        <when>2025-01-01T00:43:50.2633440Z</when>
        <gx:coord>11.203308 51.745647 269.86798</gx:coord>
        <when>2025-01-01T00:43:51.1253440Z</when>
        <gx:coord>11.203308 51.745647 269.86798</gx:coord>
        <when>2025-01-01T00:43:53.1253440Z</when>
        <gx:coord>11.202278 51.74567 272.916</gx:coord>
        <when>2025-01-01T00:43:55.2623440Z</when>
        <gx:coord>11.200712 51.74582 282.06</gx:coord>
        <when>2025-01-01T00:43:57.1313440Z</when>
        <gx:coord>11.200218 51.745907 283.58398</gx:coord>
        <when>2025-01-01T00:44:00.1223440Z</when>
        <gx:coord>11.19878 51.746334 291.20398</gx:coord>
        <when>2025-01-01T00:44:00.2633440Z</when>
        <gx:coord>11.198395 51.74653 294.25198</gx:coord>
        <when>2025-01-01T00:44:01.1083440Z</when>
        <gx:coord>11.198008 51.746742 298.824</gx:coord>
        <when>2025-01-01T00:44:02.1273440Z</when>
        <gx:coord>11.198008 51.746742 298.824</gx:coord>
        <when>2025-01-01T00:44:04.1243440Z</when>
        <gx:coord>11.197407 51.747257 303.396</gx:coord>
        <when>2025-01-01T00:44:05.2633440Z</when>
        <gx:coord>11.196978 51.747837 307.968</gx:coord>
        <when>2025-01-01T00:44:06.1243440Z</when>
        <gx:coord>11.196978 51.747837 307.968</gx:coord>
        <when>2025-01-01T00:44:08.1153440Z</when>
        <gx:coord>11.19672 51.7485 311.016</gx:coord>
        <when>2025-01-01T00:44:09.1273440Z</when>
        <gx:coord>11.196678 51.748825 312.54</gx:coord>
        <when>2025-01-01T00:44:10.2633440Z</when>
        <gx:coord>11.196785 51.74949 324.732</gx:coord>
        <when>2025-01-01T00:44:11.1203440Z</when>
        <gx:coord>11.196785 51.74949 324.732</gx:coord>
        <when>2025-01-01T00:44:11.1203440Z</when>
        <gx:coord>11.196914 51.74981 330.828</gx:coord>
        <when>2025-01-01T00:44:15.1293440Z</when>
        <gx:coord>11.197493 51.750755 348.882</gx:coord>
        <when>2025-01-01T00:44:15.2633440Z</when>
        <gx:coord>11.19775 51.751057 351.93</gx:coord>
        <when>2025-01-01T00:44:20.1263440Z</when>
        <gx:coord>11.199081 51.7526 362.598</gx:coord>
        <when>2025-01-01T00:44:20.2633440Z</when>
        <gx:coord>11.199081 51.7526 362.598</gx:coord>
        <when>2025-01-01T00:44:25.2633440Z</when>
        <gx:coord>11.200239 51.75421 388.506</gx:coord>
        <when>2025-01-01T00:44:26.1263440Z</when>
        <gx:coord>11.200455 51.754555 393.078</gx:coord>
        <when>2025-01-01T00:44:30.2633440Z</when>
        <gx:coord>11.201313 51.75584 408.318</gx:coord>
        <when>2025-01-01T00:44:32.1233440Z</when>
        <gx:coord>11.201527 51.756184 409.842</gx:coord>
        <when>2025-01-01T00:44:35.2633440Z</when>
        <gx:coord>11.202429 51.757557 414.414</gx:coord>
        <when>2025-01-01T00:44:40.1233440Z</when>
        <gx:coord>11.203545 51.75891 418.986</gx:coord>
        <when>2025-01-01T00:44:40.2633440Z</when>
        <gx:coord>11.203909 51.75919 420.51</gx:coord>
        <when>2025-01-01T00:44:42.0993440Z</when>
        <gx:coord>11.204338 51.759468 422.034</gx:coord>
        <when>2025-01-01T00:44:42.0993440Z</when>
        <gx:coord>11.204788 51.759724 423.55804</gx:coord>
        <when>2025-01-01T00:44:44.1243440Z</when>
        <gx:coord>11.205303 51.75994 425.082</gx:coord>
        <when>2025-01-01T00:44:45.2633440Z</when>
        <gx:coord>11.206398 51.760284 426.60602</gx:coord>
        <when>2025-01-01T00:44:47.1243440Z</when>
        <gx:coord>11.206999 51.760433 425.082</gx:coord>
        <when>2025-01-01T00:44:50.1163440Z</when>
        <gx:coord>11.208887 51.76069 420.51</gx:coord>
        <when>2025-01-01T00:44:50.1163440Z</when>
        <gx:coord>11.208887 51.76069 420.51</gx:coord>
        <when>2025-01-01T00:44:50.2633440Z</when>
        <gx:coord>11.209553 51.76069 418.986</gx:coord>
        <when>2025-01-01T00:44:53.1273440Z</when>
        <gx:coord>11.210926 51.760647 412.89</gx:coord>
        <when>2025-01-01T00:44:55.2633440Z</when>
        <gx:coord>11.213007 51.760326 406.794</gx:coord>
        <when>2025-01-01T00:44:58.1273440Z</when>
        <gx:coord>11.21438 51.760048 403.746</gx:coord>
        <when>2025-01-01T00:44:58.1273440Z</when>
        <gx:coord>11.21438 51.760048 403.746</gx:coord>
        <when>2025-01-01T00:45:00.2633440Z</when>
        <gx:coord>11.21644 51.759552 396.126</gx:coord>
        <when>2025-01-01T00:45:01.1273440Z</when>
        <gx:coord>11.217127 51.75938 393.078</gx:coord>
        <when>2025-01-01T00:45:05.1323440Z</when>
        <gx:coord>11.21998 51.758736 386.982</gx:coord>
        <when>2025-01-01T00:45:05.2633440Z</when>
        <gx:coord>11.21998 51.758736 386.982</gx:coord>
        <when>2025-01-01T00:45:10.2633440Z</when>
        <gx:coord>11.223671 51.7582 388.506</gx:coord>
        <when>2025-01-01T00:45:11.1283440Z</when>
        <gx:coord>11.223671 51.7582 388.506</gx:coord>
        <when>2025-01-01T00:45:15.2633440Z</when>
        <gx:coord>11.227384 51.757835 379.362</gx:coord>
        <when>2025-01-01T00:45:20.2643440Z</when>
        <gx:coord>11.231182 51.757557 371.742</gx:coord>
        <when>2025-01-01T00:45:25.2643440Z</when>
        <gx:coord>11.234873 51.757385 377.838</gx:coord>
        <when>2025-01-01T00:45:29.1303440Z</when>
        <gx:coord>11.236889 51.7573 383.934</gx:coord>
        <when>2025-01-01T00:45:30.2643440Z</when>
        <gx:coord>11.238155 51.757236 386.982</gx:coord>
        <when>2025-01-01T00:45:35.2643440Z</when>
        <gx:coord>11.241202 51.757065 391.55402</gx:coord>
        <when>2025-01-01T00:45:37.1233440Z</when>
        <gx:coord>11.241781 51.757065 393.078</gx:coord>
        <when>2025-01-01T00:45:38.1253440Z</when>
        <gx:coord>11.242361 51.757065 394.602</gx:coord>
        <when>2025-01-01T00:45:40.2643440Z</when>
        <gx:coord>11.244013 51.75713 391.55402</gx:coord>
        <when>2025-01-01T00:45:45.2643440Z</when>
        <gx:coord>11.2466955 51.757343 382.41</gx:coord>
        <when>2025-01-01T00:45:46.1253440Z</when>
        <gx:coord>11.2466955 51.757343 382.41</gx:coord>
        <when>2025-01-01T00:45:46.1293440Z</when>
        <gx:coord>11.247232 51.757427 382.41</gx:coord>
        <when>2025-01-01T00:45:50.2643440Z</when>
        <gx:coord>11.249399 51.757664 371.742</gx:coord>
        <when>2025-01-01T00:45:55.2643440Z</when>
        <gx:coord>11.252167 51.757816 376.754</gx:coord>
        <when>2025-01-01T00:45:57.1213440Z</when>
        <gx:coord>11.252726 51.757816 376.754</gx:coord>
        <when>2025-01-01T00:46:00.2643440Z</when>
        <gx:coord>11.254957 51.75786 372.182</gx:coord>
        <when>2025-01-01T00:46:04.1023440Z</when>
        <gx:coord>11.256674 51.757793 370.65802</gx:coord>
        <when>2025-01-01T00:46:05.2643440Z</when>
        <gx:coord>11.25779 51.757645 369.134</gx:coord>
        <when>2025-01-01T00:46:07.1233440Z</when>
        <gx:coord>11.258347 51.757515 369.134</gx:coord>
        <when>2025-01-01T00:46:09.1303440Z</when>
        <gx:coord>11.25942 51.757214 367.61002</gx:coord>
        <when>2025-01-01T00:46:10.2643440Z</when>
        <gx:coord>11.2603855 51.756763 366.086</gx:coord>
        <when>2025-01-01T00:46:11.1273440Z</when>
        <gx:coord>11.2603855 51.756763 366.086</gx:coord>
        <when>2025-01-01T00:46:14.1223440Z</when>
        <gx:coord>11.261566 51.755928 369.134</gx:coord>
        <when>2025-01-01T00:46:15.2643440Z</when>
        <gx:coord>11.262123 51.755283 370.65802</gx:coord>
        <when>2025-01-01T00:46:17.1283440Z</when>
        <gx:coord>11.262339 51.75494 370.65802</gx:coord>
        <when>2025-01-01T00:46:20.2633440Z</when>
        <gx:coord>11.26281 51.75348 366.086</gx:coord>
        <when>2025-01-01T00:46:21.1313440Z</when>
        <gx:coord>11.26281 51.75348 366.086</gx:coord>
        <when>2025-01-01T00:46:23.1263440Z</when>
        <gx:coord>11.26266 51.752342 359.99002</gx:coord>
        <when>2025-01-01T00:46:25.2643440Z</when>
        <gx:coord>11.262596 51.75159 352.37003</gx:coord>
        <when>2025-01-01T00:46:30.2643440Z</when>
        <gx:coord>11.262381 51.74964 331.03403</gx:coord>
        <when>2025-01-01T00:46:31.1253440Z</when>
        <gx:coord>11.26236 51.749252 326.616</gx:coord>
        <when>2025-01-01T00:46:35.2643440Z</when>
        <gx:coord>11.262102 51.74775 320.52002</gx:coord>
        <when>2025-01-01T00:46:37.1363440Z</when>
        <gx:coord>11.261973 51.747406 318.996</gx:coord>
        <when>2025-01-01T00:46:38.1193440Z</when>
        <gx:coord>11.260471 51.747173 318.996</gx:coord>
        <when>2025-01-01T00:46:40.1203440Z</when>
        <gx:coord>11.259764 51.746635 315.948</gx:coord>
        <when>2025-01-01T00:46:40.2643440Z</when>
        <gx:coord>11.259335 51.74642 312.90002</gx:coord>
        <when>2025-01-01T00:46:42.1263440Z</when>
        <gx:coord>11.258905 51.746227 311.376</gx:coord>
        <when>2025-01-01T00:46:44.1293440Z</when>
        <gx:coord>11.257939 51.745926 303.756</gx:coord>
        <when>2025-01-01T00:46:45.2643440Z</when>
        <gx:coord>11.256909 51.745754 297.66</gx:coord>
        <when>2025-01-01T00:46:46.1303440Z</when>
        <gx:coord>11.256909 51.745754 297.66</gx:coord>
        <when>2025-01-01T00:46:46.1303440Z</when>
        <gx:coord>11.256394 51.745735 293.088</gx:coord>
        <when>2025-01-01T00:46:50.1253440Z</when>
        <gx:coord>11.2548275 51.745735 283.944</gx:coord>
        <when>2025-01-01T00:46:50.2643440Z</when>
        <gx:coord>11.2543125 51.745777 280.896</gx:coord>
        <when>2025-01-01T00:46:54.1273440Z</when>
        <gx:coord>11.252768 51.745884 274.80002</gx:coord>
        <when>2025-01-01T00:46:55.2643440Z</when>
        <gx:coord>11.251802 51.74597 270.228</gx:coord>
        <when>2025-01-01T00:46:58.1223440Z</when>
        <gx:coord>11.250364 51.746056 261.084</gx:coord>
        <when>2025-01-01T00:47:00.2643440Z</when>
        <gx:coord>11.249442 51.746098 265.296</gx:coord>
        <when>2025-01-01T00:47:05.2643440Z</when>
        <gx:coord>11.247168 51.746143 250.056</gx:coord>
        <when>2025-01-01T00:47:10.2653440Z</when>
        <gx:coord>11.244871 51.746162 234.81598</gx:coord>
        <when>2025-01-01T00:47:12.1343440Z</when>
        <gx:coord>11.243949 51.746143 230.24399</gx:coord>
        <when>2025-01-01T00:47:15.2653440Z</when>
        <gx:coord>11.242576 51.74612 225.672</gx:coord>
        <when>2025-01-01T00:47:20.2653440Z</when>
        <gx:coord>11.24028 51.74608 211.956</gx:coord>
        <when>2025-01-01T00:47:25.2653440Z</when>
        <gx:coord>11.237898 51.746014 199.764</gx:coord>
        <when>2025-01-01T00:47:26.1313440Z</when>
        <gx:coord>11.237448 51.746014 195.192</gx:coord>
        <when>2025-01-01T00:47:30.2653440Z</when>
        <gx:coord>11.235623 51.74597 184.524</gx:coord>
        <when>2025-01-01T00:47:35.2653440Z</when>
        <gx:coord>11.233435 51.745926 167.76001</gx:coord>
        <when>2025-01-01T00:47:37.1323440Z</when>
        <gx:coord>11.233006 51.745926 164.71202</gx:coord>
        <when>2025-01-01T00:47:37.1323440Z</when>
        <gx:coord>11.232576 51.745926 161.66402</gx:coord>
        <when>2025-01-01T00:47:40.2653440Z</when>
        <gx:coord>11.231354 51.745884 160.14001</gx:coord>
        <when>2025-01-01T00:47:45.2653440Z</when>
        <gx:coord>11.229486 51.745842 158.616</gx:coord>
        <when>2025-01-01T00:47:49.1413440Z</when>
        <gx:coord>11.22777 51.7458 158.616</gx:coord>
        <when>2025-01-01T00:47:50.2653440Z</when>
        <gx:coord>11.22732 51.745777 160.14001</gx:coord>
        <when>2025-01-01T00:47:55.2653440Z</when>
        <gx:coord>11.224916 51.745712 170.80801</gx:coord>
        <when>2025-01-01T00:48:00.2643440Z</when>
        <gx:coord>11.222534 51.74567 187.57199</gx:coord>
        <when>2025-01-01T00:48:02.1293440Z</when>
        <gx:coord>11.221611 51.745647 193.668</gx:coord>
        <when>2025-01-01T00:48:05.2653440Z</when>
        <gx:coord>11.220217 51.74563 202.81201</gx:coord>
        <when>2025-01-01T00:48:10.2653440Z</when>
        <gx:coord>11.217878 51.745647 213.47998</gx:coord>
        <when>2025-01-01T00:48:15.2653440Z</when>
        <gx:coord>11.215496 51.74563 222.624</gx:coord>
        <when>2025-01-01T00:48:16.1243440Z</when>
        <gx:coord>11.215024 51.745647 225.672</gx:coord>
        <when>2025-01-01T00:48:20.2653440Z</when>
        <gx:coord>11.21305 51.745647 231.76802</gx:coord>
        <when>2025-01-01T00:48:22.1313440Z</when>
        <gx:coord>11.212535 51.74567 233.29199</gx:coord>
        <when>2025-01-01T00:48:25.2653440Z</when>
        <gx:coord>11.210539 51.745735 240.912</gx:coord>
        <when>2025-01-01T00:48:30.2653440Z</when>
        <gx:coord>11.207986 51.7458 251.58</gx:coord>
        <when>2025-01-01T00:48:34.1283440Z</when>
        <gx:coord>11.205883 51.745926 259.19998</gx:coord>
        <when>2025-01-01T00:48:35.2653440Z</when>
        <gx:coord>11.205389 51.74599 263.772</gx:coord>
        <when>2025-01-01T00:48:36.1093440Z</when>
        <gx:coord>11.205389 51.74599 263.772</gx:coord>
        <when>2025-01-01T00:48:39.1383440Z</when>
        <gx:coord>11.203995 51.746357 279.012</gx:coord>
        <when>2025-01-01T00:48:40.2653440Z</when>
        <gx:coord>11.203201 51.7467 288.156</gx:coord>
        <when>2025-01-01T00:48:41.1343440Z</when>
        <gx:coord>11.202858 51.746895 289.68</gx:coord>
        <when>2025-01-01T00:48:42.1273440Z</when>
        <gx:coord>11.202858 51.746895 289.68</gx:coord>
        <when>2025-01-01T00:48:44.1323440Z</when>
        <gx:coord>11.202278 51.747345 295.776</gx:coord>
        <when>2025-01-01T00:48:45.2653440Z</when>
        <gx:coord>11.201849 51.747837 300.348</gx:coord>
        <when>2025-01-01T00:48:47.1353440Z</when>
        <gx:coord>11.201677 51.748093 301.87198</gx:coord>
        <when>2025-01-01T00:48:49.1363440Z</when>
        <gx:coord>11.201441 51.748653 304.91998</gx:coord>
        <when>2025-01-01T00:48:50.1303440Z</when>
        <gx:coord>11.201399 51.748955 309.492</gx:coord>
        <when>2025-01-01T00:48:50.1343440Z</when>
        <gx:coord>11.201399 51.749233 309.492</gx:coord>
        <when>2025-01-01T00:48:50.2653440Z</when>
        <gx:coord>11.201399 51.749233 312.54</gx:coord>
        <when>2025-01-01T00:48:53.1343440Z</when>
        <gx:coord>11.201527 51.75009 326.256</gx:coord>
        <when>2025-01-01T00:48:55.2653440Z</when>
        <gx:coord>11.201656 51.75067 332.118</gx:coord>
        <when>2025-01-01T00:49:00.2653440Z</when>
        <gx:coord>11.201978 51.75217 341.262</gx:coord>
        <when>2025-01-01T00:49:05.2663440Z</when>
        <gx:coord>11.202127 51.75376 353.454</gx:coord>
        <when>2025-01-01T00:49:07.1283440Z</when>
        <gx:coord>11.202149 51.754402 361.074</gx:coord>
        <when>2025-01-01T00:49:10.2663440Z</when>
        <gx:coord>11.202192 51.755367 370.218</gx:coord>
        <when>2025-01-01T00:49:14.1303440Z</when>
        <gx:coord>11.202299 51.756313 377.838</gx:coord>
        <when>2025-01-01T00:49:15.2653440Z</when>
        <gx:coord>11.202536 51.756912 383.934</gx:coord>
        <when>2025-01-01T00:49:17.1313440Z</when>
        <gx:coord>11.202728 51.757214 385.458</gx:coord>
        <when>2025-01-01T00:49:19.1303440Z</when>
        <gx:coord>11.203287 51.757793 390.03</gx:coord>
        <when>2025-01-01T00:49:19.1303440Z</when>
        <gx:coord>11.20363 51.75807 393.078</gx:coord>
        <when>2025-01-01T00:49:20.2663440Z</when>
        <gx:coord>11.204038 51.75831 394.602</gx:coord>
        <when>2025-01-01T00:49:21.1313440Z</when>
        <gx:coord>11.204038 51.75831 394.602</gx:coord>
        <when>2025-01-01T00:49:21.1313440Z</when>
        <gx:coord>11.204038 51.75831 394.602</gx:coord>
        <when>2025-01-01T00:49:23.1323440Z</when>
        <gx:coord>11.205004 51.758736 399.174</gx:coord>
        <when>2025-01-01T00:49:25.1283440Z</when>
        <gx:coord>11.2061405 51.759037 397.65</gx:coord>
        <when>2025-01-01T00:49:25.2653440Z</when>
        <gx:coord>11.206762 51.759144 397.65</gx:coord>
        <when>2025-01-01T00:49:26.1113440Z</when>
        <gx:coord>11.206762 51.759144 397.65</gx:coord>
        <when>2025-01-01T00:49:27.1103440Z</when>
        <gx:coord>11.207407 51.75923 397.65</gx:coord>
        <when>2025-01-01T00:49:30.2663440Z</when>
        <gx:coord>11.210154 51.75921 399.174</gx:coord>
        <when>2025-01-01T00:49:31.1373440Z</when>
        <gx:coord>11.210154 51.75921 399.174</gx:coord>
        <when>2025-01-01T00:49:33.1223440Z</when>
        <gx:coord>11.211569 51.7591 397.65</gx:coord>
        <when>2025-01-01T00:49:35.2663440Z</when>
        <gx:coord>11.213779 51.758995 396.126</gx:coord>
        <when>2025-01-01T00:49:40.2663440Z</when>
        <gx:coord>11.217427 51.758823 391.55402</gx:coord>
        <when>2025-01-01T00:49:45.2663440Z</when>
        <gx:coord>11.221096 51.75861 388.506</gx:coord>
        <when>2025-01-01T00:49:49.1333440Z</when>
        <gx:coord>11.223993 51.758568 390.03</gx:coord>
        <when>2025-01-01T00:49:50.2663440Z</when>
        <gx:coord>11.224701 51.758568 390.03</gx:coord>
        <when>2025-01-01T00:49:55.2663440Z</when>
        <gx:coord>11.228242 51.758587 386.982</gx:coord>
        <when>2025-01-01T00:50:00.2663440Z</when>
        <gx:coord>11.231804 51.758568 380.88602</gx:coord>
        <when>2025-01-01T00:50:05.2663440Z</when>
        <gx:coord>11.235237 51.758568 379.362</gx:coord>
        <when>2025-01-01T00:50:08.1253440Z</when>
        <gx:coord>11.2365675 51.758587 388.506</gx:coord>
        <when>2025-01-01T00:50:10.2663440Z</when>
        <gx:coord>11.238456 51.758568 397.65</gx:coord>
        <when>2025-01-01T00:50:15.2663440Z</when>
        <gx:coord>11.241438 51.75844 399.174</gx:coord>
        <when>2025-01-01T00:50:18.1393440Z</when>
        <gx:coord>11.242512 51.758244 399.174</gx:coord>
        <when>2025-01-01T00:50:19.1293440Z</when>
        <gx:coord>11.243176 51.758415 399.174</gx:coord>
        <when>2025-01-01T00:50:19.1303440Z</when>
        <gx:coord>11.243176 51.758415 399.174</gx:coord>
        <when>2025-01-01T00:50:20.2663440Z</when>
        <gx:coord>11.244314 51.758392 397.65</gx:coord>
        <when>2025-01-01T00:50:25.2663440Z</when>
        <gx:coord>11.247103 51.758392 393.078</gx:coord>
        <when>2025-01-01T00:50:30.2663440Z</when>
        <gx:coord>11.249871 51.758373 393.078</gx:coord>
        <when>2025-01-01T00:50:32.1283440Z</when>
        <gx:coord>11.250965 51.758373 400.698</gx:coord>
        <when>2025-01-01T00:50:35.2663440Z</when>
        <gx:coord>11.252618 51.75835 395.04202</gx:coord>
        <when>2025-01-01T00:50:40.2663440Z</when>
        <gx:coord>11.2553425 51.758373 387.42203</gx:coord>
        <when>2025-01-01T00:50:45.2663440Z</when>
        <gx:coord>11.258003 51.75835 385.898</gx:coord>
        <when>2025-01-01T00:50:48.1273440Z</when>
        <gx:coord>11.259055 51.758266 384.37402</gx:coord>
        <when>2025-01-01T00:50:50.2663440Z</when>
        <gx:coord>11.260557 51.7579 379.802</gx:coord>
        <when>2025-01-01T00:50:51.1313440Z</when>
        <gx:coord>11.260557 51.7579 379.802</gx:coord>
        <when>2025-01-01T00:50:54.1293440Z</when>
        <gx:coord>11.2619095 51.7573 373.70602</gx:coord>
        <when>2025-01-01T00:50:55.2663440Z</when>
        <gx:coord>11.262682 51.756763 367.61002</gx:coord>
        <when>2025-01-01T00:50:57.1363440Z</when>
        <gx:coord>11.263025 51.756485 364.562</gx:coord>
        <when>2025-01-01T00:50:58.1113440Z</when>
        <gx:coord>11.263626 51.75584 359.99002</gx:coord>
        <when>2025-01-01T00:51:00.1263440Z</when>
        <gx:coord>11.263862 51.755497 358.466</gx:coord>
        <when>2025-01-01T00:51:00.2663440Z</when>
        <gx:coord>11.264055 51.755135 355.418</gx:coord>
        <when>2025-01-01T00:51:03.1323440Z</when>
        <gx:coord>11.264313 51.754402 352.37003</gx:coord>
        <when>2025-01-01T00:51:05.2663440Z</when>
        <gx:coord>11.264377 51.75329 349.32202</gx:coord>
        <when>2025-01-01T00:51:06.1263440Z</when>
        <gx:coord>11.264377 51.75329 349.32202</gx:coord>
        <when>2025-01-01T00:51:10.2673440Z</when>
        <gx:coord>11.263798 51.751507 337.13</gx:coord>
        <when>2025-01-01T00:51:13.1283440Z</when>
        <gx:coord>11.263369 51.750454 329.51</gx:coord>
        <when>2025-01-01T00:51:15.2663440Z</when>
        <gx:coord>11.263046 51.74975 314.27002</gx:coord>
        <when>2025-01-01T00:51:17.1043440Z</when>
        <gx:coord>11.262875 51.749382 309.85202</gx:coord>
        <when>2025-01-01T00:51:20.1273440Z</when>
        <gx:coord>11.262231 51.748352 302.232</gx:coord>
        <when>2025-01-01T00:51:20.2673440Z</when>
        <gx:coord>11.2619095 51.74805 300.708</gx:coord>
        <when>2025-01-01T00:51:22.1313440Z</when>
        <gx:coord>11.261566 51.747772 299.18402</gx:coord>
        <when>2025-01-01T00:51:22.1313440Z</when>
        <gx:coord>11.261158 51.747517 296.13602</gx:coord>
        <when>2025-01-01T00:51:24.1323440Z</when>
        <gx:coord>11.26075 51.74728 293.088</gx:coord>
        <when>2025-01-01T00:51:25.2673440Z</when>
        <gx:coord>11.259806 51.746914 285.46802</gx:coord>
        <when>2025-01-01T00:51:27.1263440Z</when>
        <gx:coord>11.259313 51.746765 280.896</gx:coord>
        <when>2025-01-01T00:51:30.1293440Z</when>
        <gx:coord>11.257768 51.746464 267.18</gx:coord>
        <when>2025-01-01T00:51:30.1293440Z</when>
        <gx:coord>11.257231 51.74642 264.13202</gx:coord>
        <when>2025-01-01T00:51:30.2673440Z</when>
        <gx:coord>11.257231 51.74642 264.13202</gx:coord>
        <when>2025-01-01T00:51:35.1253440Z</when>
        <gx:coord>11.25515 51.746334 264.13202</gx:coord>
        <when>2025-01-01T00:51:35.1253440Z</when>
        <gx:coord>11.25515 51.746334 264.13202</gx:coord>
        <when>2025-01-01T00:51:35.2673440Z</when>
        <gx:coord>11.254656 51.746334 262.608</gx:coord>
        <when>2025-01-01T00:51:40.2673440Z</when>
        <gx:coord>11.252338 51.74642 254.98799</gx:coord>
        <when>2025-01-01T00:51:45.2673440Z</when>
        <gx:coord>11.250151 51.7464 250.41602</gx:coord>
        <when>2025-01-01T00:51:50.2673440Z</when>
        <gx:coord>11.247961 51.746227 253.10402</gx:coord>
        <when>2025-01-01T00:51:55.2673440Z</when>
        <gx:coord>11.245666 51.74612 245.48398</gx:coord>
        <when>2025-01-01T00:52:00.2673440Z</when>
        <gx:coord>11.243284 51.74608 237.864</gx:coord>
        <when>2025-01-01T00:52:03.1273440Z</when>
        <gx:coord>11.241911 51.746056 231.76802</gx:coord>
        <when>2025-01-01T00:52:05.2673440Z</when>
        <gx:coord>11.241031 51.746033 227.196</gx:coord>
        <when>2025-01-01T00:52:09.1243440Z</when>
        <gx:coord>11.239743 51.746014 218.05202</gx:coord>
        <when>2025-01-01T00:52:10.2673440Z</when>
        <gx:coord>11.238928 51.74599 211.956</gx:coord>
        <when>2025-01-01T00:52:14.1263440Z</when>
        <gx:coord>11.237318 51.74599 199.764</gx:coord>
        <when>2025-01-01T00:52:15.2673440Z</when>
        <gx:coord>11.236889 51.74599 196.71602</gx:coord>
        <when>2025-01-01T00:52:20.2673440Z</when>
        <gx:coord>11.234829 51.74595 179.952</gx:coord>
        <when>2025-01-01T00:52:22.1313440Z</when>
        <gx:coord>11.233971 51.745926 169.284</gx:coord>
        <when>2025-01-01T00:52:24.1383440Z</when>
        <gx:coord>11.233112 51.745926 166.236</gx:coord>
        <when>2025-01-01T00:52:25.2673440Z</when>
        <gx:coord>11.232683 51.745926 161.66402</gx:coord>
        <when>2025-01-01T00:52:30.2673440Z</when>
        <gx:coord>11.230709 51.745865 160.14001</gx:coord>
        <when>2025-01-01T00:52:35.2663440Z</when>
        <gx:coord>11.228907 51.74582 158.616</gx:coord>
        <when>2025-01-01T00:52:40.2673440Z</when>
        <gx:coord>11.226719 51.745777 158.616</gx:coord>
        <when>2025-01-01T00:52:44.1343440Z</when>
        <gx:coord>11.225281 51.745735 164.71202</gx:coord>
        <when>2025-01-01T00:52:45.2673440Z</when>
        <gx:coord>11.224316 51.745712 169.284</gx:coord>
        <when>2025-01-01T00:52:50.2663440Z</when>
        <gx:coord>11.221933 51.74563 186.04802</gx:coord>
        <when>2025-01-01T00:52:55.2673440Z</when>
        <gx:coord>11.219573 51.745583 198.23999</gx:coord>
        <when>2025-01-01T00:52:56.1263440Z</when>
        <gx:coord>11.219101 51.745583 201.288</gx:coord>
        <when>2025-01-01T00:53:00.2673440Z</when>
        <gx:coord>11.217192 51.745564 204.336</gx:coord>
        <when>2025-01-01T00:53:05.2673440Z</when>
        <gx:coord>11.214724 51.745564 211.956</gx:coord>
        <when>2025-01-01T00:53:10.2673440Z</when>
        <gx:coord>11.2122345 51.745564 225.672</gx:coord>
        <when>2025-01-01T00:53:12.1303440Z</when>
        <gx:coord>11.211247 51.745564 234.81598</gx:coord>
        <when>2025-01-01T00:53:15.2673440Z</when>
        <gx:coord>11.20981 51.745605 247.008</gx:coord>
        <when>2025-01-01T00:53:20.2683440Z</when>
        <gx:coord>11.207514 51.74567 263.772</gx:coord>
        <when>2025-01-01T00:53:21.1293440Z</when>
        <gx:coord>11.207064 51.74569 265.296</gx:coord>
        <when>2025-01-01T00:53:23.1343440Z</when>
        <gx:coord>11.2061615 51.745712 268.344</gx:coord>
        <when>2025-01-01T00:53:25.2673440Z</when>
        <gx:coord>11.205239 51.745754 275.964</gx:coord>
        <when>2025-01-01T00:53:30.2683440Z</when>
        <gx:coord>11.202986 51.745907 291.20398</gx:coord>
        <when>2025-01-01T00:53:31.1263440Z</when>
        <gx:coord>11.202986 51.745907 291.20398</gx:coord>
        <when>2025-01-01T00:53:32.1363440Z</when>
        <gx:coord>11.202149 51.74608 297.3</gx:coord>
        <when>2025-01-01T00:53:33.1253440Z</when>
        <gx:coord>11.202149 51.74608 297.3</gx:coord>
        <when>2025-01-01T00:53:35.1223440Z</when>
        <gx:coord>11.201399 51.746357 300.348</gx:coord>
        <when>2025-01-01T00:53:35.2683440Z</when>
        <gx:coord>11.201056 51.74653 301.87198</gx:coord>
        <when>2025-01-01T00:53:37.1333440Z</when>
        <gx:coord>11.200733 51.74672 303.396</gx:coord>
        <when>2025-01-01T00:53:40.1253440Z</when>
        <gx:coord>11.200047 51.74743 309.492</gx:coord>
        <when>2025-01-01T00:53:40.2683440Z</when>
        <gx:coord>11.199875 51.74769 311.016</gx:coord>
        <when>2025-01-01T00:53:42.1103440Z</when>
        <gx:coord>11.199746 51.747944 312.54</gx:coord>
        <when>2025-01-01T00:53:45.1283440Z</when>
        <gx:coord>11.199574 51.748802 318.636</gx:coord>
        <when>2025-01-01T00:53:45.2683440Z</when>
        <gx:coord>11.199617 51.74908 321.684</gx:coord>
        <when>2025-01-01T00:53:48.1293440Z</when>
        <gx:coord>11.199789 51.74966 326.256</gx:coord>
        <when>2025-01-01T00:53:48.1293440Z</when>
        <gx:coord>11.199918 51.74996 329.304</gx:coord>
        <when>2025-01-01T00:53:50.2683440Z</when>
        <gx:coord>11.200218 51.75052 338.214</gx:coord>
        <when>2025-01-01T00:53:55.2683440Z</when>
        <gx:coord>11.200948 51.752 341.262</gx:coord>
        <when>2025-01-01T00:54:00.2683440Z</when>
        <gx:coord>11.201549 51.753586 345.834</gx:coord>
        <when>2025-01-01T00:54:05.1283440Z</when>
        <gx:coord>11.202257 51.754898 353.454</gx:coord>
        <when>2025-01-01T00:54:05.1293440Z</when>
        <gx:coord>11.202257 51.754898 353.454</gx:coord>
        <when>2025-01-01T00:54:05.2683440Z</when>
        <gx:coord>11.202536 51.755196 354.978</gx:coord>
        <when>2025-01-01T00:54:08.1233440Z</when>
        <gx:coord>11.203201 51.755775 359.55</gx:coord>
        <when>2025-01-01T00:54:08.1233440Z</when>
        <gx:coord>11.203587 51.756054 361.074</gx:coord>
        <when>2025-01-01T00:54:10.2683440Z</when>
        <gx:coord>11.204489 51.756527 364.122</gx:coord>
        <when>2025-01-01T00:54:11.1143440Z</when>
        <gx:coord>11.204489 51.756527 364.122</gx:coord>
        <when>2025-01-01T00:54:15.1333440Z</when>
        <gx:coord>11.206613 51.7573 365.646</gx:coord>
        <when>2025-01-01T00:54:15.1333440Z</when>
        <gx:coord>11.206613 51.7573 365.646</gx:coord>
        <when>2025-01-01T00:54:15.2683440Z</when>
        <gx:coord>11.207191 51.75745 367.17</gx:coord>
        <when>2025-01-01T00:54:19.1273440Z</when>
        <gx:coord>11.209059 51.757793 371.742</gx:coord>
        <when>2025-01-01T00:54:20.2673440Z</when>
        <gx:coord>11.210367 51.757942 379.362</gx:coord>
        <when>2025-01-01T00:54:23.1293440Z</when>
        <gx:coord>11.212385 51.758007 391.55402</gx:coord>
        <when>2025-01-01T00:54:25.2683440Z</when>
        <gx:coord>11.213758 51.75803 393.078</gx:coord>
        <when>2025-01-01T00:54:26.1253440Z</when>
        <gx:coord>11.213758 51.75803 393.078</gx:coord>
        <when>2025-01-01T00:54:30.2673440Z</when>
        <gx:coord>11.217213 51.758007 388.506</gx:coord>
        <when>2025-01-01T00:54:34.1273440Z</when>
        <gx:coord>11.219316 51.7579 386.982</gx:coord>
        <when>2025-01-01T00:54:35.2683440Z</when>
        <gx:coord>11.220732 51.757816 385.458</gx:coord>
        <when>2025-01-01T00:54:40.2683440Z</when>
        <gx:coord>11.224272 51.757687 385.458</gx:coord>
        <when>2025-01-01T00:54:41.1293440Z</when>
        <gx:coord>11.224958 51.757687 385.458</gx:coord>
        <when>2025-01-01T00:54:45.2683440Z</when>
        <gx:coord>11.227749 51.757793 382.41</gx:coord>
        <when>2025-01-01T00:54:50.2683440Z</when>
        <gx:coord>11.231224 51.758007 385.458</gx:coord>
        <when>2025-01-01T00:54:55.2683440Z</when>
        <gx:coord>11.234701 51.758137 383.934</gx:coord>
        <when>2025-01-01T00:55:00.2683440Z</when>
        <gx:coord>11.238112 51.75816 386.982</gx:coord>
        <when>2025-01-01T00:55:03.1333440Z</when>
        <gx:coord>11.2394 51.75816 388.506</gx:coord>
        <when>2025-01-01T00:55:05.2683440Z</when>
        <gx:coord>11.241266 51.758114 391.55402</gx:coord>
        <when>2025-01-01T00:55:10.2683440Z</when>
        <gx:coord>11.244206 51.758137 403.746</gx:coord>
        <when>2025-01-01T00:55:15.2683440Z</when>
        <gx:coord>11.247082 51.758244 403.746</gx:coord>
        <when>2025-01-01T00:55:20.2683440Z</when>
        <gx:coord>11.249957 51.758373 399.174</gx:coord>
        <when>2025-01-01T00:55:24.1353440Z</when>
        <gx:coord>11.252253 51.758392 411.806</gx:coord>
        <when>2025-01-01T00:55:25.2673440Z</when>
        <gx:coord>11.252832 51.758392 413.33002</gx:coord>
        <when>2025-01-01T00:55:30.2683440Z</when>
        <gx:coord>11.255708 51.758373 410.282</gx:coord>
        <when>2025-01-01T00:55:33.1313440Z</when>
        <gx:coord>11.256845 51.758286 408.75803</gx:coord>
        <when>2025-01-01T00:55:35.2683440Z</when>
        <gx:coord>11.258518 51.757965 404.186</gx:coord>
        <when>2025-01-01T00:55:36.1233440Z</when>
        <gx:coord>11.258518 51.757965 404.186</gx:coord>
        <when>2025-01-01T00:55:39.1313440Z</when>
        <gx:coord>11.260063 51.75741 401.138</gx:coord>
        <when>2025-01-01T00:55:40.2683440Z</when>
        <gx:coord>11.260943 51.756893 398.09003</gx:coord>
        <when>2025-01-01T00:55:41.1073440Z</when>
        <gx:coord>11.260943 51.756893 398.09003</gx:coord>
        <when>2025-01-01T00:55:43.1243440Z</when>
        <gx:coord>11.26163 51.75627 399.614</gx:coord>
        <when>2025-01-01T00:55:45.2683440Z</when>
        <gx:coord>11.262295 51.75524 402.66202</gx:coord>
        <when>2025-01-01T00:55:46.1323440Z</when>
        <gx:coord>11.262295 51.75524 402.66202</gx:coord>
        <when>2025-01-01T00:55:49.1253440Z</when>
        <gx:coord>11.26251 51.75419 402.66202</gx:coord>
        <when>2025-01-01T00:55:50.2683440Z</when>
        <gx:coord>11.262381 51.75348 401.138</gx:coord>
        <when>2025-01-01T00:55:52.1233440Z</when>
        <gx:coord>11.262274 51.753136 398.09003</gx:coord>
        <when>2025-01-01T00:55:55.2693440Z</when>
        <gx:coord>11.261608 51.751762 385.898</gx:coord>
        <when>2025-01-01T00:56:00.2693440Z</when>
        <gx:coord>11.260794 51.750046 372.182</gx:coord>
        <when>2025-01-01T00:56:01.1273440Z</when>
        <gx:coord>11.260664 51.749702 358.466</gx:coord>
        <when>2025-01-01T00:56:05.2693440Z</when>
        <gx:coord>11.259977 51.74833 343.38</gx:coord>
        <when>2025-01-01T00:56:06.1253440Z</when>
        <gx:coord>11.259977 51.74833 343.38</gx:coord>
        <when>2025-01-01T00:56:07.1293440Z</when>
        <gx:coord>11.259742 51.74803 340.332</gx:coord>
        <when>2025-01-01T00:56:09.1243440Z</when>
        <gx:coord>11.259119 51.74745 335.76</gx:coord>
        <when>2025-01-01T00:56:10.2693440Z</when>
        <gx:coord>11.258347 51.747 331.18802</gx:coord>
        <when>2025-01-01T00:56:11.1173440Z</when>
        <gx:coord>11.258347 51.747 331.18802</gx:coord>
        <when>2025-01-01T00:56:12.1093440Z</when>
        <gx:coord>11.257488 51.74666 325.092</gx:coord>
        <when>2025-01-01T00:56:13.1283440Z</when>
        <gx:coord>11.257488 51.74666 325.092</gx:coord>
        <when>2025-01-01T00:56:15.2693440Z</when>
        <gx:coord>11.256008 51.746376 312.90002</gx:coord>
        <when>2025-01-01T00:56:16.1233440Z</when>
        <gx:coord>11.256008 51.746376 312.90002</gx:coord>
        <when>2025-01-01T00:56:19.1263440Z</when>
        <gx:coord>11.253948 51.74627 293.088</gx:coord>
        <when>2025-01-01T00:56:20.2693440Z</when>
        <gx:coord>11.253433 51.74627 288.51602</gx:coord>
        <when>2025-01-01T00:56:25.2693440Z</when>
        <gx:coord>11.250923 51.74621 273.276</gx:coord>
        <when>2025-01-01T00:56:26.1223440Z</when>
        <gx:coord>11.250923 51.74621 273.276</gx:coord>
        <when>2025-01-01T00:56:30.2693440Z</when>
        <gx:coord>11.248562 51.74621 268.344</gx:coord>
        <when>2025-01-01T00:56:32.1253440Z</when>
        <gx:coord>11.247597 51.74621 262.248</gx:coord>
        <when>2025-01-01T00:56:35.2693440Z</when>
        <gx:coord>11.246159 51.74621 253.10402</gx:coord>
        <when>2025-01-01T00:56:40.2683440Z</when>
        <gx:coord>11.24382 51.746185 237.864</gx:coord>
        <when>2025-01-01T00:56:43.1243440Z</when>
        <gx:coord>11.242426 51.746162 228.72002</gx:coord>
        <when>2025-01-01T00:56:45.2693440Z</when>
        <gx:coord>11.241503 51.74612 221.10002</gx:coord>
        <when>2025-01-01T00:56:50.2693440Z</when>
        <gx:coord>11.23925 51.746056 205.86</gx:coord>
        <when>2025-01-01T00:56:54.1243440Z</when>
        <gx:coord>11.237469 51.746014 196.71602</gx:coord>
        <when>2025-01-01T00:56:55.2693440Z</when>
        <gx:coord>11.237019 51.746014 195.192</gx:coord>
        <when>2025-01-01T00:57:00.2693440Z</when>
        <gx:coord>11.234851 51.74595 183</gx:coord>
        <when>2025-01-01T00:57:01.1283440Z</when>
        <gx:coord>11.234422 51.745926 183</gx:coord>
        <when>2025-01-01T00:57:04.1273440Z</when>
        <gx:coord>11.233134 51.745926 164.71202</gx:coord>
        <when>2025-01-01T00:57:05.2693440Z</when>
        <gx:coord>11.232705 51.745907 163.18799</gx:coord>
        <when>2025-01-01T00:57:08.1263440Z</when>
        <gx:coord>11.231869 51.745907 160.14001</gx:coord>
        <when>2025-01-01T00:57:10.2693440Z</when>
        <gx:coord>11.230709 51.745865 160.14001</gx:coord>
        <when>2025-01-01T00:57:15.1253440Z</when>
        <gx:coord>11.229294 51.74582 158.616</gx:coord>
        <when>2025-01-01T00:57:15.2693440Z</when>
        <gx:coord>11.2289715 51.74582 158.616</gx:coord>
        <when>2025-01-01T00:57:19.1253440Z</when>
        <gx:coord>11.22807 51.7458 158.616</gx:coord>
        <when>2025-01-01T00:57:20.2693440Z</when>
        <gx:coord>11.227598 51.7458 158.616</gx:coord>
        <when>2025-01-01T00:57:22.1203440Z</when>
        <gx:coord>11.227406 51.7458 158.616</gx:coord>
        <when>2025-01-01T00:57:23.1303440Z</when>
        <gx:coord>11.227255 51.7458 158.616</gx:coord>
        <when>2025-01-01T00:57:25.1253440Z</when>
        <gx:coord>11.226997 51.74582 158.616</gx:coord>
        <when>2025-01-01T00:57:25.2693440Z</when>
        <gx:coord>11.226933 51.74582 158.616</gx:coord>
        <when>2025-01-01T00:57:28.0993440Z</when>
        <gx:coord>11.226805 51.745842 158.616</gx:coord>
        <when>2025-01-01T00:57:29.1033440Z</when>
        <gx:coord>11.226761 51.745842 158.616</gx:coord>
        <when>2025-01-01T00:57:30.1063440Z</when>
        <gx:coord>11.226761 51.74582 158.616</gx:coord>
        <when>2025-01-01T00:57:30.1073440Z</when>
        <gx:coord>11.226761 51.74582 158.616</gx:coord>
        <when>2025-01-01T00:57:30.2693440Z</when>
        <gx:coord>11.22674 51.74582 158.616</gx:coord>
        <when>2025-01-01T00:57:31.0953440Z</when>
        <gx:coord>11.22674 51.74582 158.616</gx:coord>
        <when>2025-01-01T00:57:31.1293440Z</when>
        <gx:coord>11.22674 51.74582 158.616</gx:coord>
        <when>2025-01-01T00:57:32.1063440Z</when>
        <gx:coord>11.22674 51.74582 158.616</gx:coord>
        <when>2025-01-01T00:57:33.1003440Z</when>
        <gx:coord>11.22674 51.7458 158.616</gx:coord>
        <when>2025-01-01T00:57:34.0933440Z</when>
        <gx:coord>11.226761 51.7458 158.616</gx:coord>
        <when>2025-01-01T00:57:35.1123440Z</when>
        <gx:coord>11.226761 51.745777 158.616</gx:coord>
        <when>2025-01-01T00:57:35.2693440Z</when>
        <gx:coord>11.226783 51.745777 158.616</gx:coord>
        <when>2025-01-01T00:57:36.1153440Z</when>
        <gx:coord>11.226783 51.745777 158.616</gx:coord>
        <when>2025-01-01T00:57:40.2693440Z</when>
        <gx:coord>11.226976 51.745777 158.616</gx:coord>
        <when>2025-01-01T00:57:45.2693440Z</when>
        <gx:coord>11.227384 51.7458 158.616</gx:coord>
        <when>2025-01-01T00:57:46.1323440Z</when>
        <gx:coord>11.227384 51.7458 158.616</gx:coord>
        <when>2025-01-01T00:57:50.2693440Z</when>
        <gx:coord>11.227899 51.74582 158.616</gx:coord>
        <when>2025-01-01T00:57:55.2693440Z</when>
        <gx:coord>11.228499 51.74582 158.616</gx:coord>
        <when>2025-01-01T00:58:00.2693440Z</when>
        <gx:coord>11.229122 51.745842 158.616</gx:coord>
        <when>2025-01-01T00:58:05.2693440Z</when>
        <gx:coord>11.229787 51.745865 160.14001</gx:coord>
        <when>2025-01-01T00:58:10.2693440Z</when>
        <gx:coord>11.230452 51.745884 160.14001</gx:coord>
        <when>2025-01-01T00:58:15.2693440Z</when>
        <gx:coord>11.231138 51.745884 160.14001</gx:coord>
        <when>2025-01-01T00:58:20.2703440Z</when>
        <gx:coord>11.231804 51.745907 160.14001</gx:coord>
        <when>2025-01-01T00:58:25.2703440Z</when>
        <gx:coord>11.232448 51.745926 160.14001</gx:coord>
        <when>2025-01-01T00:58:30.2703440Z</when>
        <gx:coord>11.23307 51.74595 161.66402</gx:coord>
        <when>2025-01-01T00:58:35.2693440Z</when>
        <gx:coord>11.233713 51.74597 161.66402</gx:coord>
        <when>2025-01-01T00:58:40.2693440Z</when>
        <gx:coord>11.234293 51.74597 161.66402</gx:coord>
        <when>2025-01-01T00:58:45.2703440Z</when>
        <gx:coord>11.234722 51.74599 161.66402</gx:coord>
        <when>2025-01-01T00:58:47.1113440Z</when>
        <gx:coord>11.234787 51.74599 161.66402</gx:coord>
        <when>2025-01-01T00:58:48.1193440Z</when>
        <gx:coord>11.234829 51.74599 161.66402</gx:coord>
        <when>2025-01-01T00:58:49.1033440Z</when>
        <gx:coord>11.234873 51.74597 161.66402</gx:coord>
        <when>2025-01-01T00:58:50.2703440Z</when>
        <gx:coord>11.234937 51.745926 161.66402</gx:coord>
        <when>2025-01-01T00:58:51.1023440Z</when>
        <gx:coord>11.234937 51.745926 161.66402</gx:coord>
        <when>2025-01-01T00:58:52.1103440Z</when>
        <gx:coord>11.234959 51.745884 161.66402</gx:coord>
        <when>2025-01-01T00:58:54.1193440Z</when>
        <gx:coord>11.23498 51.7458 161.66402</gx:coord>
        <when>2025-01-01T00:58:55.2703440Z</when>
        <gx:coord>11.234959 51.745712 161.66402</gx:coord>
        <when>2025-01-01T00:58:56.1393440Z</when>
        <gx:coord>11.234959 51.745712 161.66402</gx:coord>
        <when>2025-01-01T00:58:58.1233440Z</when>
        <gx:coord>11.234915 51.745647 161.66402</gx:coord>
        <when>2025-01-01T00:59:00.2693440Z</when>
        <gx:coord>11.234829 51.745564 161.66402</gx:coord>
        <when>2025-01-01T00:59:01.1273440Z</when>
        <gx:coord>11.234829 51.745564 161.66402</gx:coord>
        <when>2025-01-01T00:59:05.2703440Z</when>
        <gx:coord>11.234787 51.745457 163.18799</gx:coord>
        <when>2025-01-01T00:59:10.1143440Z</when>
        <gx:coord>11.234743 51.74537 161.66402</gx:coord>
        <when>2025-01-01T00:59:10.2693440Z</when>
        <gx:coord>11.234743 51.74537 161.66402</gx:coord>
        <when>2025-01-01T00:59:15.2703440Z</when>
        <gx:coord>11.234743 51.74537 161.66402</gx:coord>
        <when>2025-01-01T00:59:20.2703440Z</when>
        <gx:coord>11.234743 51.74537 161.66402</gx:coord>
        <when>2025-01-01T00:59:25.2703440Z</when>
        <gx:coord>11.234743 51.74537 161.66402</gx:coord>
        <when>2025-01-01T00:59:30.2703440Z</when>
        <gx:coord>11.234679 51.745304 161.66402</gx:coord>
        <when>2025-01-01T00:59:31.1293440Z</when>
        <gx:coord>11.234679 51.745304 161.66402</gx:coord>
        <when>2025-01-01T00:59:35.2703440Z</when>
        <gx:coord>11.23455 51.745132 161.66402</gx:coord>
        <when>2025-01-01T00:59:40.2703440Z</when>
        <gx:coord>11.234358 51.74494 161.66402</gx:coord>
        <when>2025-01-01T00:59:45.2703440Z</when>
        <gx:coord>11.234164 51.744747 163.18799</gx:coord>
        <when>2025-01-01T00:59:50.2703440Z</when>
        <gx:coord>11.2340145 51.744553 163.18799</gx:coord>
        <when>2025-01-01T00:59:54.1013440Z</when>
        <gx:coord>11.233929 51.74447 163.18799</gx:coord>
        <when>2025-01-01T00:59:55.2703440Z</when>
        <gx:coord>11.233907 51.744404 163.18799</gx:coord>
        <when>2025-01-01T00:59:56.1213440Z</when>
        <gx:coord>11.233907 51.744404 163.18799</gx:coord>
        <when>2025-01-01T01:00:00.2703440Z</when>
        <gx:coord>11.23395 51.744316 163.18799</gx:coord>
        <when>2025-01-01T01:00:05.2693440Z</when>
        <gx:coord>11.233971 51.744232 163.18799</gx:coord>
        <when>2025-01-01T01:00:10.2703440Z</when>
        <gx:coord>11.233993 51.744167 164.71202</gx:coord>
        <when>2025-01-01T01:00:11.1113440Z</when>
        <gx:coord>11.233993 51.744167 164.71202</gx:coord>
        <when>2025-01-01T01:00:13.0993440Z</when>
        <gx:coord>11.233971 51.744125 164.71202</gx:coord>
        <when>2025-01-01T01:00:14.1293440Z</when>
        <gx:coord>11.233971 51.744125 164.71202</gx:coord>
        <when>2025-01-01T01:00:15.2703440Z</when>
        <gx:coord>11.23395 51.744102 164.71202</gx:coord>
        <when>2025-01-01T01:00:16.0993440Z</when>
        <gx:coord>11.23395 51.744102 164.71202</gx:coord>
        <when>2025-01-01T01:00:18.1073440Z</when>
        <gx:coord>11.233907 51.744083 164.71202</gx:coord>
        <when>2025-01-01T01:00:19.1013440Z</when>
        <gx:coord>11.233885 51.744083 164.71202</gx:coord>
        <when>2025-01-01T01:00:20.1053440Z</when>
        <gx:coord>11.233864 51.744083 164.71202</gx:coord>
        <when>2025-01-01T01:00:20.2703440Z</when>
        <gx:coord>11.233864 51.744083 164.71202</gx:coord>
        <when>2025-01-01T01:00:25.2703440Z</when>
        <gx:coord>11.233843 51.744102 164.71202</gx:coord>
        <when>2025-01-01T01:00:30.2713440Z</when>
        <gx:coord>11.233821 51.744102 164.71202</gx:coord>
        <when>2025-01-01T01:00:35.2713440Z</when>
        <gx:coord>11.233821 51.744102 164.71202</gx:coord>
        <when>2025-01-01T01:00:40.2713440Z</when>
        <gx:coord>11.233821 51.744102 164.71202</gx:coord>
        <when>2025-01-01T01:00:45.2713440Z</when>
        <gx:coord>11.233821 51.744102 164.71202</gx:coord>
        <when>2025-01-01T01:00:48.6433440Z</when>
        <gx:coord>11.233821 51.744102 164.71202</gx:coord>
        <coordinates />
      </gx:Track>
    </Placemark>
    <Placemark>
      <name>Takeoff: 2025-01-01</name>
      <styleUrl>#downArrowIcon</styleUrl>
      <Point>
        <altitudeMode>relativeToGround</altitudeMode>
        <coordinates>12.060221,51.550575,20</coordinates>
      </Point>
    </Placemark>
    <Placemark>
      <name>Landing: 2025-01-01</name>
      <styleUrl>#downArrowIcon</styleUrl>
      <Point>
        <altitudeMode>relativeToGround</altitudeMode>
        <coordinates>11.22674,51.74582,20</coordinates>
      </Point>
    </Placemark>
    <Placemark>
      <name>Log Stop: 2025-01-01</name>
      <styleUrl>#downArrowIcon</styleUrl>
      <Point>
        <altitudeMode>relativeToGround</altitudeMode>
        <coordinates>11.233821,51.744102,20</coordinates>
      </Point>
    </Placemark>
  </Document>
</kml>
