<?xml version="1.0" encoding="utf-8"?>
<kml xmlns:gx="http://www.google.com/kml/ext/2.2" creator="kml-heatmap" xmlns="http://www.opengis.net/kml/2.2">
  <Document>
    <name>SkyDemon Track Log</name>
    <Style id="skydemonLogStyle">
      <LineStyle>
        <color>7f00ffff</color>
        <width>4</width>
      </LineStyle>
      <PolyStyle>
        <color>7fffa400</color>
      </PolyStyle>
    </Style>
    <Style id="downArrowIcon">
      <IconStyle>
        <href>http://maps.google.com/mapfiles/kml/pal4/icon28.png</href>
      </IconStyle>
    </Style>
    <Placemark>
      <name>Log Start: 2025-01-01</name>
      <styleUrl>#downArrowIcon</styleUrl>
      <Point>
        <altitudeMode>relativeToGround</altitudeMode>
        <coordinates>12.058288,51.548603,20</coordinates>
      </Point>
    </Placemark>
    <Placemark>
      <name>EDAQ Halle-Oppin - EDAQ Halle-Oppin</name>
      <styleUrl>#skydemonLogStyle</styleUrl>
      <gx:Track>
        <extrude>1</extrude>
        <altitudeMode>absolute</altitudeMode>
        <when>2025-01-01T00:00:00.2484080Z</when>
        <gx:coord>12.058288 51.548603 106.74663</gx:coord>
        <when>2025-01-01T00:00:05.2494080Z</when>
        <gx:coord>12.058288 51.548603 106.74663</gx:coord>
        <when>2025-01-01T00:00:10.2494080Z</when>
        <gx:coord>12.058288 51.548603 106.74663</gx:coord>
        <when>2025-01-01T00:00:15.2494080Z</when>
        <gx:coord>12.058288 51.548603 106.74663</gx:coord>
        <when>2025-01-01T00:00:20.2494080Z</when>
        <gx:coord>12.058287 51.548603 106.74663</gx:coord>
        <when>2025-01-01T00:00:25.2494080Z</when>
        <gx:coord>12.058287 51.548603 106.74663</gx:coord>
        <when>2025-01-01T00:00:30.2484080Z</when>
        <gx:coord>12.058287 51.548603 106.74663</gx:coord>
        <when>2025-01-01T00:00:35.2484080Z</when>
        <gx:coord>12.058287 51.548603 106.74663</gx:coord>
        <when>2025-01-01T00:00:40.2484080Z</when>
        <gx:coord>12.058287 51.548603 106.74663</gx:coord>
        <when>2025-01-01T00:00:45.2484080Z</when>
        <gx:coord>12.058287 51.548603 106.74663</gx:coord>
        <when>2025-01-01T00:00:50.2484080Z</when>
        <gx:coord>12.058287 51.548603 106.74663</gx:coord>
        <when>2025-01-01T00:00:55.2484080Z</when>
        <gx:coord>12.058287 51.548603 106.74663</gx:coord>
        <when>2025-01-01T00:01:00.2484080Z</when>
        <gx:coord>12.058287 51.548603 106.74663</gx:coord>
        <when>2025-01-01T00:01:05.2484080Z</when>
        <gx:coord>12.058287 51.548603 106.74663</gx:coord>
        <when>2025-01-01T00:01:10.2484080Z</when>
        <gx:coord>12.058287 51.548603 106.74663</gx:coord>
        <when>2025-01-01T00:01:15.2484080Z</when>
        <gx:coord>12.058287 51.548603 106.74663</gx:coord>
        <when>2025-01-01T00:01:20.2484080Z</when>
        <gx:coord>12.058287 51.548603 106.74663</gx:coord>
        <when>2025-01-01T00:01:25.2474080Z</when>
        <gx:coord>12.058287 51.548603 106.74663</gx:coord>
        <when>2025-01-01T00:01:30.2484080Z</when>
        <gx:coord>12.058287 51.548603 106.74663</gx:coord>
        <when>2025-01-01T00:01:35.2474080Z</when>
        <gx:coord>12.058287 51.548603 106.74663</gx:coord>
        <when>2025-01-01T00:01:40.2484080Z</when>
        <gx:coord>12.058287 51.548603 106.74663</gx:coord>
        <when>2025-01-01T00:01:45.2484080Z</when>
        <gx:coord>12.058287 51.548603 106.74663</gx:coord>
        <when>2025-01-01T00:01:50.2484080Z</when>
        <gx:coord>12.058287 51.548603 106.74663</gx:coord>
        <when>2025-01-01T00:01:55.2484080Z</when>
        <gx:coord>12.058287 51.548603 106.74663</gx:coord>
        <when>2025-01-01T00:02:00.2484080Z</when>
        <gx:coord>12.058287 51.548603 106.74663</gx:coord>
        <when>2025-01-01T00:02:05.2484080Z</when>
        <gx:coord>12.058287 51.548603 106.74663</gx:coord>
        <when>2025-01-01T00:02:10.2484080Z</when>
        <gx:coord>12.058287 51.548603 106.74663</gx:coord>
        <when>2025-01-01T00:02:15.2484080Z</when>
        <gx:coord>12.058287 51.548603 106.74663</gx:coord>
        <when>2025-01-01T00:02:20.2484080Z</when>
        <gx:coord>12.058287 51.548603 106.74663</gx:coord>
        <when>2025-01-01T00:02:25.2484080Z</when>
        <gx:coord>12.058287 51.548603 106.74663</gx:coord>
        <when>2025-01-01T00:02:30.2484080Z</when>
        <gx:coord>12.058287 51.548603 106.74663</gx:coord>
        <when>2025-01-01T00:02:35.2474080Z</when>
        <gx:coord>12.058287 51.548603 106.74663</gx:coord>
        <when>2025-01-01T00:02:40.2484080Z</when>
        <gx:coord>12.058287 51.548603 106.74663</gx:coord>
        <when>2025-01-01T00:02:45.2484080Z</when>
        <gx:coord>12.058287 51.548603 106.74663</gx:coord>
        <when>2025-01-01T00:02:57.2904080Z</when>
        <gx:coord>12.058287 51.548603 106.74663</gx:coord>
        <when>2025-01-01T00:03:02.2914080Z</when>
        <gx:coord>12.058287 51.548603 106.74663</gx:coord>
        <when>2025-01-01T00:03:07.2914080Z</when>
        <gx:coord>12.058287 51.548603 106.74663</gx:coord>
        <when>2025-01-01T00:03:12.2914080Z</when>
        <gx:coord>12.058287 51.548603 106.74663</gx:coord>
        <when>2025-01-01T00:03:17.2914080Z</when>
        <gx:coord>12.058282 51.548603 106.74663</gx:coord>
        <when>2025-01-01T00:03:22.2914080Z</when>
        <gx:coord>12.058287 51.548603 106.74663</gx:coord>
        <when>2025-01-01T00:03:27.2914080Z</when>
        <gx:coord>12.058287 51.548603 106.74663</gx:coord>
        <when>2025-01-01T00:03:32.2914080Z</when>
        <gx:coord>12.058287 51.548603 106.74663</gx:coord>
        <when>2025-01-01T00:03:37.2914080Z</when>
        <gx:coord>12.058287 51.548603 106.74663</gx:coord>
        <when>2025-01-01T00:03:42.2914080Z</when>
        <gx:coord>12.058287 51.548603 106.74663</gx:coord>
        <when>2025-01-01T00:03:47.2914080Z</when>
        <gx:coord>12.058286 51.548603 106.74663</gx:coord>
        <when>2025-01-01T00:03:52.2914080Z</when>
        <gx:coord>12.058287 51.548603 106.74663</gx:coord>
        <when>2025-01-01T00:03:57.3054080Z</when>
        <gx:coord>12.058287 51.548603 106.74663</gx:coord>
        <when>2025-01-01T00:04:02.2914080Z</when>
        <gx:coord>12.058287 51.548603 106.74663</gx:coord>
        <when>2025-01-01T00:04:07.2914080Z</when>
        <gx:coord>12.058287 51.548603 106.74663</gx:coord>
        <when>2025-01-01T00:04:12.2914080Z</when>
        <gx:coord>12.058287 51.548603 106.74663</gx:coord>
        <when>2025-01-01T00:04:17.2914080Z</when>
        <gx:coord>12.058287 51.548603 106.74663</gx:coord>
        <when>2025-01-01T00:04:22.2914080Z</when>
        <gx:coord>12.058287 51.548603 106.74663</gx:coord>
        <when>2025-01-01T00:04:27.2914080Z</when>
        <gx:coord>12.058287 51.548603 106.74663</gx:coord>
        <when>2025-01-01T00:04:29.6654080Z</when>
        <gx:coord>12.058287 51.548603 106.74663</gx:coord>
        <when>2025-01-01T00:04:31.8464080Z</when>
        <gx:coord>12.058284 51.5486 106.83043</gx:coord>
        <when>2025-01-01T00:04:32.2914080Z</when>
        <gx:coord>12.05827 51.548603 106.829765</gx:coord>
        <when>2025-01-01T00:04:33.4694080Z</when>
        <gx:coord>12.058262 51.54861 106.91336</gx:coord>
        <when>2025-01-01T00:04:34.0804080Z</when>
        <gx:coord>12.058262 51.54861 106.91336</gx:coord>
        <when>2025-01-01T00:04:36.0804080Z</when>
        <gx:coord>12.058218 51.54863 106.93739</gx:coord>
        <when>2025-01-01T00:04:36.0804080Z</when>
        <gx:coord>12.058218 51.54863 106.93739</gx:coord>
        <when>2025-01-01T00:04:37.2914080Z</when>
        <gx:coord>12.058189 51.548664 106.91542</gx:coord>
        <when>2025-01-01T00:04:38.0804080Z</when>
        <gx:coord>12.058189 51.548664 106.91542</gx:coord>
        <when>2025-01-01T00:04:40.0834080Z</when>
        <gx:coord>12.058186 51.548695 106.97987</gx:coord>
        <when>2025-01-01T00:04:42.0794080Z</when>
        <gx:coord>12.05819 51.548725 106.994644</gx:coord>
        <when>2025-01-01T00:04:42.2914080Z</when>
        <gx:coord>12.058199 51.54874 106.98155</gx:coord>
        <when>2025-01-01T00:04:45.0824080Z</when>
        <gx:coord>12.058215 51.54878 106.927025</gx:coord>
        <when>2025-01-01T00:04:47.2914080Z</when>
        <gx:coord>12.058227 51.548824 106.91559</gx:coord>
        <when>2025-01-01T00:04:52.2914080Z</when>
        <gx:coord>12.058263 51.548912 106.95544</gx:coord>
        <when>2025-01-01T00:04:55.0834080Z</when>
        <gx:coord>12.05827 51.54894 107.00555</gx:coord>
        <when>2025-01-01T00:04:56.0884080Z</when>
        <gx:coord>12.058271 51.548954 106.98854</gx:coord>
        <when>2025-01-01T00:04:57.0874080Z</when>
        <gx:coord>12.058259 51.548965 106.89797</gx:coord>
        <when>2025-01-01T00:04:57.3084080Z</when>
        <gx:coord>12.05825 51.54898 106.929955</gx:coord>
        <when>2025-01-01T00:04:58.0864080Z</when>
        <gx:coord>12.05825 51.54898 106.929955</gx:coord>
        <when>2025-01-01T00:04:59.1044080Z</when>
        <gx:coord>12.058226 51.548996 106.9483</gx:coord>
        <when>2025-01-01T00:05:00.0844080Z</when>
        <gx:coord>12.058196 51.549004 106.92255</gx:coord>
        <when>2025-01-01T00:05:02.2914080Z</when>
        <gx:coord>12.058117 51.549023 106.95925</gx:coord>
        <when>2025-01-01T00:05:04.0864080Z</when>
        <gx:coord>12.058094 51.54903 107.01176</gx:coord>
        <when>2025-01-01T00:05:07.2914080Z</when>
        <gx:coord>12.057987 51.549057 106.82649</gx:coord>
        <when>2025-01-01T00:05:08.0844080Z</when>
        <gx:coord>12.057987 51.549057 106.82649</gx:coord>
        <when>2025-01-01T00:05:10.0844080Z</when>
        <gx:coord>12.057924 51.549088 106.85908</gx:coord>
        <when>2025-01-01T00:05:12.0904080Z</when>
        <gx:coord>12.057876 51.54913 106.83513</gx:coord>
        <when>2025-01-01T00:05:12.2914080Z</when>
        <gx:coord>12.057865 51.549152 106.797005</gx:coord>
        <when>2025-01-01T00:05:13.0854080Z</when>
        <gx:coord>12.057865 51.549152 106.797005</gx:coord>
        <when>2025-01-01T00:05:15.0824080Z</when>
        <gx:coord>12.057865 51.549194 106.91594</gx:coord>
        <when>2025-01-01T00:05:16.0914080Z</when>
        <gx:coord>12.057872 51.54922 106.7806</gx:coord>
        <when>2025-01-01T00:05:17.2924080Z</when>
        <gx:coord>12.057898 51.54927 106.97916</gx:coord>
        <when>2025-01-01T00:05:18.0854080Z</when>
        <gx:coord>12.057898 51.54927 106.97916</gx:coord>
        <when>2025-01-01T00:05:21.0984080Z</when>
        <gx:coord>12.057939 51.549343 107.10357</gx:coord>
        <when>2025-01-01T00:05:22.2924080Z</when>
        <gx:coord>12.057937 51.549347 107.04569</gx:coord>
        <when>2025-01-01T00:05:22.7964080Z</when>
        <gx:coord>12.057937 51.549347 107.04569</gx:coord>
        <when>2025-01-01T00:05:25.0824080Z</when>
        <gx:coord>12.057946 51.549362 107.13044</gx:coord>
        <when>2025-01-01T00:05:27.2914080Z</when>
        <gx:coord>12.057959 51.549397 107.07983</gx:coord>
        <when>2025-01-01T00:05:28.0984080Z</when>
        <gx:coord>12.0579605 51.549404 106.984665</gx:coord>
        <when>2025-01-01T00:05:29.9804080Z</when>
        <gx:coord>12.057963 51.54941 106.96868</gx:coord>
        <when>2025-01-01T00:05:30.0874080Z</when>
        <gx:coord>12.057963 51.54941 106.96868</gx:coord>
        <when>2025-01-01T00:05:32.2924080Z</when>
        <gx:coord>12.05798 51.549446 106.94995</gx:coord>
        <when>2025-01-01T00:05:37.2924080Z</when>
        <gx:coord>12.058011 51.549515 107.01711</gx:coord>
        <when>2025-01-01T00:05:42.2924080Z</when>
        <gx:coord>12.0580635 51.549633 107.13491</gx:coord>
        <when>2025-01-01T00:05:47.2924080Z</when>
        <gx:coord>12.058127 51.549793 107.05881</gx:coord>
        <when>2025-01-01T00:05:52.2924080Z</when>
        <gx:coord>12.0582075 51.549984 107.028694</gx:coord>
        <when>2025-01-01T00:05:57.3024080Z</when>
        <gx:coord>12.058298 51.550194 107.17003</gx:coord>
        <when>2025-01-01T00:06:02.2924080Z</when>
        <gx:coord>12.058382 51.550392 107.24166</gx:coord>
        <when>2025-01-01T00:06:07.2914080Z</when>
        <gx:coord>12.058438 51.55053 107.23132</gx:coord>
        <when>2025-01-01T00:06:12.2924080Z</when>
        <gx:coord>12.058453 51.55056 107.39091</gx:coord>
        <when>2025-01-01T00:06:17.2914080Z</when>
        <gx:coord>12.058452 51.55056 107.49775</gx:coord>
        <when>2025-01-01T00:06:22.2914080Z</when>
        <gx:coord>12.058452 51.55056 107.63332</gx:coord>
        <when>2025-01-01T00:06:27.2944080Z</when>
        <gx:coord>12.058452 51.55056 107.63332</gx:coord>
        <when>2025-01-01T00:06:32.2914080Z</when>
        <gx:coord>12.058451 51.550564 107.22358</gx:coord>
        <when>2025-01-01T00:06:37.2914080Z</when>
        <gx:coord>12.058452 51.550564 106.973656</gx:coord>
        <when>2025-01-01T00:06:42.2904080Z</when>
        <gx:coord>12.058452 51.55056 106.99379</gx:coord>
        <when>2025-01-01T00:06:47.2914080Z</when>
        <gx:coord>12.058452 51.55056 106.99379</gx:coord>
        <when>2025-01-01T00:06:52.2914080Z</when>
        <gx:coord>12.058452 51.55056 106.99379</gx:coord>
        <when>2025-01-01T00:06:57.3174080Z</when>
        <gx:coord>12.058453 51.550564 106.9991</gx:coord>
        <when>2025-01-01T00:07:02.2924080Z</when>
        <gx:coord>12.058454 51.550564 106.81731</gx:coord>
        <when>2025-01-01T00:07:07.2924080Z</when>
        <gx:coord>12.058453 51.550564 106.84686</gx:coord>
        <when>2025-01-01T00:07:12.2924080Z</when>
        <gx:coord>12.058454 51.550564 106.855934</gx:coord>
        <when>2025-01-01T00:07:17.2924080Z</when>
        <gx:coord>12.058454 51.550564 106.854576</gx:coord>
        <when>2025-01-01T00:07:22.2924080Z</when>
        <gx:coord>12.058453 51.550564 106.93015</gx:coord>
        <when>2025-01-01T00:07:27.2924080Z</when>
        <gx:coord>12.058454 51.550564 106.98013</gx:coord>
        <when>2025-01-01T00:07:32.2924080Z</when>
        <gx:coord>12.058454 51.550564 106.98013</gx:coord>
        <when>2025-01-01T00:07:37.2924080Z</when>
        <gx:coord>12.058454 51.550564 106.95936</gx:coord>
        <when>2025-01-01T00:07:42.2924080Z</when>
        <gx:coord>12.058454 51.550564 106.95832</gx:coord>
        <when>2025-01-01T00:07:47.2924080Z</when>
        <gx:coord>12.058454 51.550564 106.95832</gx:coord>
        <when>2025-01-01T00:07:52.2924080Z</when>
        <gx:coord>12.058454 51.550564 106.95832</gx:coord>
        <when>2025-01-01T00:07:57.3084080Z</when>
        <gx:coord>12.058454 51.550564 106.95832</gx:coord>
        <when>2025-01-01T00:08:02.2924080Z</when>
        <gx:coord>12.058453 51.550564 106.814095</gx:coord>
        <when>2025-01-01T00:08:07.2924080Z</when>
        <gx:coord>12.058453 51.550564 106.814095</gx:coord>
        <when>2025-01-01T00:08:12.2924080Z</when>
        <gx:coord>12.058453 51.550564 106.814095</gx:coord>
        <when>2025-01-01T00:08:17.2924080Z</when>
        <gx:coord>12.058453 51.550564 106.814095</gx:coord>
        <when>2025-01-01T00:08:22.2924080Z</when>
        <gx:coord>12.058453 51.550564 106.814095</gx:coord>
        <when>2025-01-01T00:08:27.2924080Z</when>
        <gx:coord>12.058453 51.550564 106.814095</gx:coord>
        <when>2025-01-01T00:08:32.2924080Z</when>
        <gx:coord>12.058453 51.550564 106.814095</gx:coord>
        <when>2025-01-01T00:08:37.2924080Z</when>
        <gx:coord>12.0584545 51.550564 106.55187</gx:coord>
        <when>2025-01-01T00:08:42.2924080Z</when>
        <gx:coord>12.0584545 51.550564 106.55187</gx:coord>
        <when>2025-01-01T00:08:47.2924080Z</when>
        <gx:coord>12.058455 51.550564 106.665085</gx:coord>
        <when>2025-01-01T00:08:52.2924080Z</when>
        <gx:coord>12.058455 51.550564 106.665085</gx:coord>
        <when>2025-01-01T00:08:57.3034080Z</when>
        <gx:coord>12.058455 51.550564 106.665085</gx:coord>
        <when>2025-01-01T00:09:02.2924080Z</when>
        <gx:coord>12.058455 51.550564 106.665085</gx:coord>
        <when>2025-01-01T00:09:07.2924080Z</when>
        <gx:coord>12.058455 51.550564 106.665085</gx:coord>
        <when>2025-01-01T00:09:12.2934080Z</when>
        <gx:coord>12.058455 51.550564 106.665085</gx:coord>
        <when>2025-01-01T00:09:17.2934080Z</when>
        <gx:coord>12.058455 51.550564 106.665085</gx:coord>
        <when>2025-01-01T00:09:22.2934080Z</when>
        <gx:coord>12.058455 51.550564 106.665085</gx:coord>
        <when>2025-01-01T00:09:27.2934080Z</when>
        <gx:coord>12.058455 51.550564 106.665085</gx:coord>
        <when>2025-01-01T00:09:32.2934080Z</when>
        <gx:coord>12.058455 51.550564 106.665085</gx:coord>
        <when>2025-01-01T00:09:37.2934080Z</when>
        <gx:coord>12.058455 51.550564 106.665085</gx:coord>
        <when>2025-01-01T00:09:42.2934080Z</when>
        <gx:coord>12.058455 51.550564 106.665085</gx:coord>
        <when>2025-01-01T00:09:47.2934080Z</when>
        <gx:coord>12.058455 51.550564 106.665085</gx:coord>
        <when>2025-01-01T00:09:52.2934080Z</when>
        <gx:coord>12.058455 51.550564 106.665085</gx:coord>
        <when>2025-01-01T00:09:57.2964080Z</when>
        <gx:coord>12.058455 51.550564 106.665085</gx:coord>
        <when>2025-01-01T00:10:02.2934080Z</when>
        <gx:coord>12.058457 51.550564 106.597755</gx:coord>
        <when>2025-01-01T00:10:07.2934080Z</when>
        <gx:coord>12.058457 51.550564 106.597755</gx:coord>
        <when>2025-01-01T00:10:12.2934080Z</when>
        <gx:coord>12.058456 51.550564 106.457596</gx:coord>
        <when>2025-01-01T00:10:17.2934080Z</when>
        <gx:coord>12.058456 51.550564 106.457596</gx:coord>
        <when>2025-01-01T00:10:22.2934080Z</when>
        <gx:coord>12.058455 51.550564 106.493614</gx:coord>
        <when>2025-01-01T00:10:27.2934080Z</when>
        <gx:coord>12.058455 51.550564 106.493614</gx:coord>
        <when>2025-01-01T00:10:32.2934080Z</when>
        <gx:coord>12.0584545 51.550564 106.58331</gx:coord>
        <when>2025-01-01T00:10:37.2934080Z</when>
        <gx:coord>12.0584545 51.550564 106.58331</gx:coord>
        <when>2025-01-01T00:10:42.2944080Z</when>
        <gx:coord>12.058465 51.550587 106.5122</gx:coord>
        <when>2025-01-01T00:10:47.2934080Z</when>
        <gx:coord>12.058515 51.550686 106.52458</gx:coord>
        <when>2025-01-01T00:10:52.2934080Z</when>
        <gx:coord>12.058582 51.550842 106.69853</gx:coord>
        <when>2025-01-01T00:10:56.0814080Z</when>
        <gx:coord>12.0586195 51.55092 106.76245</gx:coord>
        <when>2025-01-01T00:10:57.3094080Z</when>
        <gx:coord>12.058659 51.550945 106.882706</gx:coord>
        <when>2025-01-01T00:10:58.0874080Z</when>
        <gx:coord>12.058659 51.550945 106.882706</gx:coord>
        <when>2025-01-01T00:11:00.0844080Z</when>
        <gx:coord>12.058713 51.55097 106.85406</gx:coord>
        <when>2025-01-01T00:11:02.0864080Z</when>
        <gx:coord>12.058783 51.550976 106.88223</gx:coord>
        <when>2025-01-01T00:11:02.2944080Z</when>
        <gx:coord>12.058825 51.55098 106.8892</gx:coord>
        <when>2025-01-01T00:11:04.0864080Z</when>
        <gx:coord>12.058873 51.550976 106.93003</gx:coord>
        <when>2025-01-01T00:11:06.0824080Z</when>
        <gx:coord>12.058981 51.55095 106.92679</gx:coord>
        <when>2025-01-01T00:11:07.2944080Z</when>
        <gx:coord>12.059087 51.550915 106.959465</gx:coord>
        <when>2025-01-01T00:11:12.0834080Z</when>
        <gx:coord>12.059335 51.550846 106.96683</gx:coord>
        <when>2025-01-01T00:11:12.2944080Z</when>
        <gx:coord>12.059409 51.550827 106.967865</gx:coord>
        <when>2025-01-01T00:11:17.2944080Z</when>
        <gx:coord>12.059823 51.55071 106.913216</gx:coord>
        <when>2025-01-01T00:11:22.2944080Z</when>
        <gx:coord>12.06025 51.55059 106.91836</gx:coord>
        <when>2025-01-01T00:11:27.2974080Z</when>
        <gx:coord>12.060599 51.55049 106.95283</gx:coord>
        <when>2025-01-01T00:11:31.0844080Z</when>
        <gx:coord>12.060767 51.550465 106.96338</gx:coord>
        <when>2025-01-01T00:11:32.2944080Z</when>
        <gx:coord>12.060881 51.55046 106.82431</gx:coord>
        <when>2025-01-01T00:11:37.2944080Z</when>
        <gx:coord>12.061127 51.55046 106.70305</gx:coord>
        <when>2025-01-01T00:11:41.0924080Z</when>
        <gx:coord>12.061249 51.550434 106.67813</gx:coord>
        <when>2025-01-01T00:11:42.2944080Z</when>
        <gx:coord>12.061297 51.55041 106.75881</gx:coord>
        <when>2025-01-01T00:11:43.0854080Z</when>
        <gx:coord>12.061297 51.55041 106.75881</gx:coord>
        <when>2025-01-01T00:11:45.0864080Z</when>
        <gx:coord>12.061329 51.550377 106.84493</gx:coord>
        <when>2025-01-01T00:11:47.2944080Z</when>
        <gx:coord>12.061323 51.55034 106.945656</gx:coord>
        <when>2025-01-01T00:11:49.1014080Z</when>
        <gx:coord>12.061303 51.55032 106.92076</gx:coord>
        <when>2025-01-01T00:11:50.0014080Z</when>
        <gx:coord>12.061303 51.55032 106.92076</gx:coord>
        <when>2025-01-01T00:11:51.0214080Z</when>
        <gx:coord>12.06129 51.550312 106.908875</gx:coord>
        <when>2025-01-01T00:11:51.9224080Z</when>
        <gx:coord>12.0612755 51.55031 106.93128</gx:coord>
        <when>2025-01-01T00:11:52.2954080Z</when>
        <gx:coord>12.06126 51.550304 106.91941</gx:coord>
        <when>2025-01-01T00:11:53.0034080Z</when>
        <gx:coord>12.06126 51.550304 106.91941</gx:coord>
        <when>2025-01-01T00:11:54.0844080Z</when>
        <gx:coord>12.061246 51.550304 106.8492</gx:coord>
        <when>2025-01-01T00:11:54.1034080Z</when>
        <gx:coord>12.0612335 51.55031 106.8642</gx:coord>
        <when>2025-01-01T00:11:55.2274080Z</when>
        <gx:coord>12.061219 51.55031 106.91097</gx:coord>
        <when>2025-01-01T00:11:57.3134080Z</when>
        <gx:coord>12.061201 51.550316 106.89579</gx:coord>
        <when>2025-01-01T00:12:02.2954080Z</when>
        <gx:coord>12.061189 51.55032 106.96131</gx:coord>
        <when>2025-01-01T00:12:07.2944080Z</when>
        <gx:coord>12.061137 51.55033 106.930565</gx:coord>
        <when>2025-01-01T00:12:12.2954080Z</when>
        <gx:coord>12.06106 51.55035 106.895294</gx:coord>
        <when>2025-01-01T00:12:14.0834080Z</when>
        <gx:coord>12.060959 51.550373 106.808846</gx:coord>
        <when>2025-01-01T00:12:17.0844080Z</when>
        <gx:coord>12.060578 51.55047 106.850105</gx:coord>
        <when>2025-01-01T00:12:17.2954080Z</when>
        <gx:coord>12.060408 51.550518 107.00522</gx:coord>
        <when>2025-01-01T00:12:19.0944080Z</when>
        <gx:coord>12.060216 51.55057 107.0953</gx:coord>
        <when>2025-01-01T00:12:21.0824080Z</when>
        <gx:coord>12.059772 51.550697 107.23486</gx:coord>
        <when>2025-01-01T00:12:22.2954080Z</when>
        <gx:coord>12.05924 51.550846 107.252396</gx:coord>
        <when>2025-01-01T00:12:25.0914080Z</when>
        <gx:coord>12.05863 51.551014 107.28354</gx:coord>
        <when>2025-01-01T00:12:27.2954080Z</when>
        <gx:coord>12.057585 51.551308 107.415764</gx:coord>
        <when>2025-01-01T00:12:30.0854080Z</when>
        <gx:coord>12.056806 51.55153 108.15204</gx:coord>
        <when>2025-01-01T00:12:30.0864080Z</when>
        <gx:coord>12.056806 51.55153 108.15204</gx:coord>
        <when>2025-01-01T00:12:32.2954080Z</when>
        <gx:coord>12.05553 51.551888 109.06115</gx:coord>
        <when>2025-01-01T00:12:37.2954080Z</when>
        <gx:coord>12.053207 51.55253 119.11926</gx:coord>
        <when>2025-01-01T00:12:41.0844080Z</when>
        <gx:coord>12.051337 51.553047 138.8204</gx:coord>
        <when>2025-01-01T00:12:42.2954080Z</when>
        <gx:coord>12.050892 51.553177 144.84895</gx:coord>
        <when>2025-01-01T00:12:47.0864080Z</when>
        <gx:coord>12.04881 51.553818 169.32481</gx:coord>
        <when>2025-01-01T00:12:47.2954080Z</when>
        <gx:coord>12.04881 51.553818 169.32481</gx:coord>
        <when>2025-01-01T00:12:52.2944080Z</when>
        <gx:coord>12.046795 51.55449 183.62315</gx:coord>
        <when>2025-01-01T00:12:57.3164080Z</when>
        <gx:coord>12.044703 51.555187 191.76991</gx:coord>
        <when>2025-01-01T00:13:00.0844080Z</when>
        <gx:coord>12.0434065 51.55561 200.38504</gx:coord>
        <when>2025-01-01T00:13:02.2954080Z</when>
        <gx:coord>12.042532 51.5559 205.94261</gx:coord>
        <when>2025-01-01T00:13:07.2954080Z</when>
        <gx:coord>12.04027 51.556618 224.46675</gx:coord>
        <when>2025-01-01T00:13:09.0764080Z</when>
        <gx:coord>12.039351 51.55689 231.51733</gx:coord>
        <when>2025-01-01T00:13:12.2954080Z</when>
        <gx:coord>12.037963 51.557285 239.6607</gx:coord>
        <when>2025-01-01T00:13:17.0944080Z</when>
        <gx:coord>12.035616 51.55792 258.55966</gx:coord>
        <when>2025-01-01T00:13:17.2954080Z</when>
        <gx:coord>12.035616 51.55792 261.9052</gx:coord>
        <when>2025-01-01T00:13:18.0834080Z</when>
        <gx:coord>12.035155 51.558044 264.6166</gx:coord>
        <when>2025-01-01T00:13:22.2954080Z</when>
        <gx:coord>12.033277 51.558544 274.04892</gx:coord>
        <when>2025-01-01T00:13:23.0864080Z</when>
        <gx:coord>12.033277 51.558544 274.04892</gx:coord>
        <when>2025-01-01T00:13:27.2954080Z</when>
        <gx:coord>12.030732 51.559174 279.1541</gx:coord>
        <when>2025-01-01T00:13:32.2954080Z</when>
        <gx:coord>12.028095 51.55982 294.61255</gx:coord>
        <when>2025-01-01T00:13:33.0844080Z</when>
        <gx:coord>12.027573 51.559948 298.28586</gx:coord>
        <when>2025-01-01T00:13:37.2954080Z</when>
        <gx:coord>12.0255 51.560463 313.99374</gx:coord>
        <when>2025-01-01T00:13:42.0854080Z</when>
        <gx:coord>12.0229025 51.561077 329.65442</gx:coord>
        <when>2025-01-01T00:13:42.2954080Z</when>
        <gx:coord>12.0229025 51.561077 329.65442</gx:coord>
        <when>2025-01-01T00:13:47.2964080Z</when>
        <gx:coord>12.020278 51.56163 349.3368</gx:coord>
        <when>2025-01-01T00:13:49.0864080Z</when>
        <gx:coord>12.019243 51.56184 360.24753</gx:coord>
        <when>2025-01-01T00:13:50.0814080Z</when>
        <gx:coord>12.019243 51.56184 360.24753</gx:coord>
        <when>2025-01-01T00:13:52.3074080Z</when>
        <gx:coord>12.017685 51.56204 373.53442</gx:coord>
        <when>2025-01-01T00:13:53.0874080Z</when>
        <gx:coord>12.017685 51.56204 373.53442</gx:coord>
        <when>2025-01-01T00:13:56.0834080Z</when>
        <gx:coord>12.016083 51.56201 378.19275</gx:coord>
        <when>2025-01-01T00:13:57.2954080Z</when>
        <gx:coord>12.015012 51.56183 380.74332</gx:coord>
        <when>2025-01-01T00:13:58.0944080Z</when>
        <gx:coord>12.015012 51.56183 380.74332</gx:coord>
        <when>2025-01-01T00:14:01.0964080Z</when>
        <gx:coord>12.013485 51.561317 385.7211</gx:coord>
        <when>2025-01-01T00:14:02.0864080Z</when>
        <gx:coord>12.013009 51.56109 387.90665</gx:coord>
        <when>2025-01-01T00:14:02.2964080Z</when>
        <gx:coord>12.0125475 51.56084 389.32336</gx:coord>
        <when>2025-01-01T00:14:05.0794080Z</when>
        <gx:coord>12.011655 51.56029 387.09854</gx:coord>
        <when>2025-01-01T00:14:07.2964080Z</when>
        <gx:coord>12.010434 51.559307 383.57233</gx:coord>
        <when>2025-01-01T00:14:08.0784080Z</when>
        <gx:coord>12.010434 51.559307 383.57233</gx:coord>
        <when>2025-01-01T00:14:09.0884080Z</when>
        <gx:coord>12.010064 51.558945 382.59488</gx:coord>
        <when>2025-01-01T00:14:12.1014080Z</when>
        <gx:coord>12.00882 51.557354 379.94284</gx:coord>
        <when>2025-01-01T00:14:12.2964080Z</when>
        <gx:coord>12.00882 51.557354 378.10162</gx:coord>
        <when>2025-01-01T00:14:15.0844080Z</when>
        <gx:coord>12.008312 51.556503 375.51773</gx:coord>
        <when>2025-01-01T00:14:17.2964080Z</when>
        <gx:coord>12.007622 51.55519 370.83493</gx:coord>
        <when>2025-01-01T00:14:21.0834080Z</when>
        <gx:coord>12.006933 51.553844 362.5783</gx:coord>
        <when>2025-01-01T00:14:22.2974080Z</when>
        <gx:coord>12.006455 51.55294 357.83316</gx:coord>
        <when>2025-01-01T00:14:27.2984080Z</when>
        <gx:coord>12.005419 51.55063 351.59283</gx:coord>
        <when>2025-01-01T00:14:28.0844080Z</when>
        <gx:coord>12.005419 51.55063 351.59283</gx:coord>
        <when>2025-01-01T00:14:30.0934080Z</when>
        <gx:coord>12.005352 51.54966 352.1671</gx:coord>
        <when>2025-01-01T00:14:32.2964080Z</when>
        <gx:coord>12.005755 51.548218 355.55685</gx:coord>
        <when>2025-01-01T00:14:33.0844080Z</when>
        <gx:coord>12.005755 51.548218 355.55685</gx:coord>
        <when>2025-01-01T00:14:36.0974080Z</when>
        <gx:coord>12.006748 51.546898 363.46112</gx:coord>
        <when>2025-01-01T00:14:37.3044080Z</when>
        <gx:coord>12.007638 51.546112 369.02075</gx:coord>
        <when>2025-01-01T00:14:39.0854080Z</when>
        <gx:coord>12.008139 51.54575 370.64496</gx:coord>
        <when>2025-01-01T00:14:42.0954080Z</when>
        <gx:coord>12.009844 51.54478 371.26437</gx:coord>
        <when>2025-01-01T00:14:42.2964080Z</when>
        <gx:coord>12.010476 51.544495 370.22415</gx:coord>
        <when>2025-01-01T00:14:47.0854080Z</when>
        <gx:coord>12.013251 51.54352 362.6274</gx:coord>
        <when>2025-01-01T00:14:47.2964080Z</when>
        <gx:coord>12.013995 51.543312 360.4551</gx:coord>
        <when>2025-01-01T00:14:50.0874080Z</when>
        <gx:coord>12.015526 51.5429 356.37643</gx:coord>
        <when>2025-01-01T00:14:52.2964080Z</when>
        <gx:coord>12.017875 51.542297 349.57578</gx:coord>
        <when>2025-01-01T00:14:54.0934080Z</when>
        <gx:coord>12.019452 51.54189 348.67056</gx:coord>
        <when>2025-01-01T00:14:57.3114080Z</when>
        <gx:coord>12.021812 51.541283 347.5841</gx:coord>
        <when>2025-01-01T00:15:02.2964080Z</when>
        <gx:coord>12.0256605 51.54028 357.0812</gx:coord>
        <when>2025-01-01T00:15:07.2964080Z</when>
        <gx:coord>12.029373 51.53928 365.9406</gx:coord>
        <when>2025-01-01T00:15:12.2954080Z</when>
        <gx:coord>12.033032 51.53832 370.89825</gx:coord>
        <when>2025-01-01T00:15:17.2964080Z</when>
        <gx:coord>12.036684 51.53739 379.10208</gx:coord>
        <when>2025-01-01T00:15:22.2964080Z</when>
        <gx:coord>12.040363 51.53644 372.0971</gx:coord>
        <when>2025-01-01T00:15:27.2964080Z</when>
        <gx:coord>12.044076 51.535492 364.909</gx:coord>
        <when>2025-01-01T00:15:28.0934080Z</when>
        <gx:coord>12.044821 51.535297 364.909</gx:coord>
        <when>2025-01-01T00:15:32.2964080Z</when>
        <gx:coord>12.047804 51.53454 362.4097</gx:coord>
        <when>2025-01-01T00:15:37.0864080Z</when>
        <gx:coord>12.050701 51.533806 372.9521</gx:coord>
        <when>2025-01-01T00:15:37.2964080Z</when>
        <gx:coord>12.0513935 51.53363 375.91043</gx:coord>
        <when>2025-01-01T00:15:42.2964080Z</when>
        <gx:coord>12.054694 51.532776 378.71466</gx:coord>
        <when>2025-01-01T00:15:45.0834080Z</when>
        <gx:coord>12.055955 51.53245 380.25858</gx:coord>
        <when>2025-01-01T00:15:47.2974080Z</when>
        <gx:coord>12.057783 51.531998 382.72827</gx:coord>
        <when>2025-01-01T00:15:52.2974080Z</when>
        <gx:coord>12.060739 51.53126 378.38293</gx:coord>
        <when>2025-01-01T00:15:57.3174080Z</when>
        <gx:coord>12.063594 51.530502 370.71658</gx:coord>
        <when>2025-01-01T00:16:02.2974080Z</when>
        <gx:coord>12.0664 51.529713 362.80536</gx:coord>
        <when>2025-01-01T00:16:07.2974080Z</when>
        <gx:coord>12.06914 51.528915 362.73868</gx:coord>
        <when>2025-01-01T00:16:08.0914080Z</when>
        <gx:coord>12.069679 51.528755 362.73868</gx:coord>
        <when>2025-01-01T00:16:12.2974080Z</when>
        <gx:coord>12.071842 51.52811 355.60742</gx:coord>
        <when>2025-01-01T00:16:16.0844080Z</when>
        <gx:coord>12.073558 51.527718 348.32855</gx:coord>
        <when>2025-01-01T00:16:17.2974080Z</when>
        <gx:coord>12.074791 51.52762 345.22043</gx:coord>
        <when>2025-01-01T00:16:18.0854080Z</when>
        <gx:coord>12.074791 51.52762 345.22043</gx:coord>
        <when>2025-01-01T00:16:20.0844080Z</when>
        <gx:coord>12.076034 51.527687 342.98392</gx:coord>
        <when>2025-01-01T00:16:22.3064080Z</when>
        <gx:coord>12.077229 51.52787 340.81265</gx:coord>
        <when>2025-01-01T00:16:23.0874080Z</when>
        <gx:coord>12.077806 51.528008 339.27646</gx:coord>
        <when>2025-01-01T00:16:26.0844080Z</when>
        <gx:coord>12.079435 51.528545 331.0769</gx:coord>
        <when>2025-01-01T00:16:26.0844080Z</when>
        <gx:coord>12.079938 51.52877 328.00726</gx:coord>
        <when>2025-01-01T00:16:27.3004080Z</when>
        <gx:coord>12.08041 51.529026 325.7341</gx:coord>
        <when>2025-01-01T00:16:29.0844080Z</when>
        <gx:coord>12.080852 51.529297 322.97903</gx:coord>
        <when>2025-01-01T00:16:32.0874080Z</when>
        <gx:coord>12.081958 51.530235 317.00156</gx:coord>
        <when>2025-01-01T00:16:32.2974080Z</when>
        <gx:coord>12.082265 51.53058 314.93628</gx:coord>
        <when>2025-01-01T00:16:37.2964080Z</when>
        <gx:coord>12.083554 51.5324 298.91687</gx:coord>
        <when>2025-01-01T00:16:38.0854080Z</when>
        <gx:coord>12.0837965 51.532776 296.06143</gx:coord>
        <when>2025-01-01T00:16:42.2974080Z</when>
        <gx:coord>12.084783 51.534306 288.8669</gx:coord>
        <when>2025-01-01T00:16:47.0844080Z</when>
        <gx:coord>12.085761 51.535835 281.25873</gx:coord>
        <when>2025-01-01T00:16:47.2974080Z</when>
        <gx:coord>12.08597 51.53622 280.1412</gx:coord>
        <when>2025-01-01T00:16:50.0824080Z</when>
        <gx:coord>12.086272 51.537014 280.17416</gx:coord>
        <when>2025-01-01T00:16:52.2974080Z</when>
        <gx:coord>12.086388 51.53821 279.21304</gx:coord>
        <when>2025-01-01T00:16:53.0874080Z</when>
        <gx:coord>12.086388 51.53821 279.21304</gx:coord>
        <when>2025-01-01T00:16:56.0864080Z</when>
        <gx:coord>12.086078 51.539345 276.50238</gx:coord>
        <when>2025-01-01T00:16:57.3184080Z</when>
        <gx:coord>12.085701 51.540054 275.33365</gx:coord>
        <when>2025-01-01T00:16:58.0864080Z</when>
        <gx:coord>12.085701 51.540054 275.33365</gx:coord>
        <when>2025-01-01T00:17:01.0874080Z</when>
        <gx:coord>12.084992 51.54105 270.96106</gx:coord>
        <when>2025-01-01T00:17:02.0854080Z</when>
        <gx:coord>12.084465 51.541676 265.16458</gx:coord>
        <when>2025-01-01T00:17:02.2974080Z</when>
        <gx:coord>12.084465 51.541676 265.16458</gx:coord>
        <when>2025-01-01T00:17:07.0874080Z</when>
        <gx:coord>12.083227 51.542854 253.1066</gx:coord>
        <when>2025-01-01T00:17:07.2974080Z</when>
        <gx:coord>12.082871 51.54313 250.8882</gx:coord>
        <when>2025-01-01T00:17:08.0854080Z</when>
        <gx:coord>12.082501 51.5434 250.8882</gx:coord>
        <when>2025-01-01T00:17:12.0854080Z</when>
        <gx:coord>12.081301 51.544147 239.99521</gx:coord>
        <when>2025-01-01T00:17:12.2974080Z</when>
        <gx:coord>12.080865 51.544365 237.032</gx:coord>
        <when>2025-01-01T00:17:13.0864080Z</when>
        <gx:coord>12.080413 51.544567 234.37592</gx:coord>
        <when>2025-01-01T00:17:17.0834080Z</when>
        <gx:coord>12.079038 51.545094 225.88608</gx:coord>
        <when>2025-01-01T00:17:17.3074080Z</when>
        <gx:coord>12.078581 51.54525 222.01808</gx:coord>
        <when>2025-01-01T00:17:19.0834080Z</when>
        <gx:coord>12.078125 51.5454 217.64142</gx:coord>
        <when>2025-01-01T00:17:22.0874080Z</when>
        <gx:coord>12.076332 51.54597 203.10307</gx:coord>
        <when>2025-01-01T00:17:22.2974080Z</when>
        <gx:coord>12.076332 51.54597 203.10307</gx:coord>
        <when>2025-01-01T00:17:27.2974080Z</when>
        <gx:coord>12.074153 51.54661 186.72273</gx:coord>
        <when>2025-01-01T00:17:32.2974080Z</when>
        <gx:coord>12.07203 51.547222 173.0636</gx:coord>
        <when>2025-01-01T00:17:33.0874080Z</when>
        <gx:coord>12.071613 51.54734 169.82106</gx:coord>
        <when>2025-01-01T00:17:37.2984080Z</when>
        <gx:coord>12.069965 51.54782 157.39278</gx:coord>
        <when>2025-01-01T00:17:42.2984080Z</when>
        <gx:coord>12.06791 51.54842 145.35533</gx:coord>
        <when>2025-01-01T00:17:45.0914080Z</when>
        <gx:coord>12.066691 51.54878 136.20265</gx:coord>
        <when>2025-01-01T00:17:47.2984080Z</when>
        <gx:coord>12.065877 51.549004 131.05927</gx:coord>
        <when>2025-01-01T00:17:51.0914080Z</when>
        <gx:coord>12.064662 51.54933 123.1254</gx:coord>
        <when>2025-01-01T00:17:52.2984080Z</when>
        <gx:coord>12.063857 51.549545 118.114914</gx:coord>
        <when>2025-01-01T00:17:57.3124080Z</when>
        <gx:coord>12.061853 51.550106 111.11162</gx:coord>
        <when>2025-01-01T00:18:02.2984080Z</when>
        <gx:coord>12.05995 51.550648 107.176384</gx:coord>
        <when>2025-01-01T00:18:06.0894080Z</when>
        <gx:coord>12.058561 51.55105 106.60317</gx:coord>
        <when>2025-01-01T00:18:07.0854080Z</when>
        <gx:coord>12.058561 51.55105 106.72391</gx:coord>
        <when>2025-01-01T00:18:07.2974080Z</when>
        <gx:coord>12.058231 51.551136 106.741585</gx:coord>
        <when>2025-01-01T00:18:12.2984080Z</when>
        <gx:coord>12.056692 51.551586 106.98395</gx:coord>
        <when>2025-01-01T00:18:17.2984080Z</when>
        <gx:coord>12.054935 51.552067 107.27484</gx:coord>
        <when>2025-01-01T00:18:19.0904080Z</when>
        <gx:coord>12.054536 51.552177 107.418816</gx:coord>
        <when>2025-01-01T00:18:22.2984080Z</when>
        <gx:coord>12.052801 51.55264 112.12848</gx:coord>
        <when>2025-01-01T00:18:27.2984080Z</when>
        <gx:coord>12.050504 51.55331 121.83841</gx:coord>
        <when>2025-01-01T00:18:30.0854080Z</when>
        <gx:coord>12.049554 51.55358 127.82226</gx:coord>
        <when>2025-01-01T00:18:32.2994080Z</when>
        <gx:coord>12.04812 51.55398 141.45529</gx:coord>
        <when>2025-01-01T00:18:37.2994080Z</when>
        <gx:coord>12.045821 51.554626 164.98601</gx:coord>
        <when>2025-01-01T00:18:38.0854080Z</when>
        <gx:coord>12.045375 51.554752 169.07309</gx:coord>
        <when>2025-01-01T00:18:42.2984080Z</when>
        <gx:coord>12.043621 51.555283 180.88585</gx:coord>
        <when>2025-01-01T00:18:47.2984080Z</when>
        <gx:coord>12.041403 51.55597 193.96074</gx:coord>
        <when>2025-01-01T00:18:49.0914080Z</when>
        <gx:coord>12.040489 51.556244 201.83105</gx:coord>
        <when>2025-01-01T00:18:52.2984080Z</when>
        <gx:coord>12.039106 51.556683 214.47629</gx:coord>
        <when>2025-01-01T00:18:57.3104080Z</when>
        <gx:coord>12.036776 51.557426 231.72668</gx:coord>
        <when>2025-01-01T00:18:58.0874080Z</when>
        <gx:coord>12.03631 51.557575 235.23683</gx:coord>
        <when>2025-01-01T00:19:02.2984080Z</when>
        <gx:coord>12.034468 51.558174 249.49113</gx:coord>
        <when>2025-01-01T00:19:03.0944080Z</when>
        <gx:coord>12.034009 51.558323 249.49113</gx:coord>
        <when>2025-01-01T00:19:07.0834080Z</when>
        <gx:coord>12.032193 51.55894 267.99783</gx:coord>
        <when>2025-01-01T00:19:07.2984080Z</when>
        <gx:coord>12.032193 51.55894 267.99783</gx:coord>
        <when>2025-01-01T00:19:12.2984080Z</when>
        <gx:coord>12.029935 51.55974 289.49277</gx:coord>
        <when>2025-01-01T00:19:16.0854080Z</when>
        <gx:coord>12.027921 51.560364 298.49332</gx:coord>
        <when>2025-01-01T00:19:17.2994080Z</when>
        <gx:coord>12.027388 51.56051 301.5129</gx:coord>
        <when>2025-01-01T00:19:21.0874080Z</when>
        <gx:coord>12.025745 51.560932 310.76834</gx:coord>
        <when>2025-01-01T00:19:22.2994080Z</when>
        <gx:coord>12.024617 51.561203 318.81564</gx:coord>
        <when>2025-01-01T00:19:24.0834080Z</when>
        <gx:coord>12.024049 51.56133 322.72296</gx:coord>
        <when>2025-01-01T00:19:25.0834080Z</when>
        <gx:coord>12.022906 51.561565 330.29947</gx:coord>
        <when>2025-01-01T00:19:27.2994080Z</when>
        <gx:coord>12.021757 51.561783 336.57175</gx:coord>
        <when>2025-01-01T00:19:31.0834080Z</when>
        <gx:coord>12.020008 51.56203 344.37817</gx:coord>
        <when>2025-01-01T00:19:32.2994080Z</when>
        <gx:coord>12.01882 51.562103 349.07236</gx:coord>
        <when>2025-01-01T00:19:34.0894080Z</when>
        <gx:coord>12.018223 51.562107 350.6425</gx:coord>
        <when>2025-01-01T00:19:36.0814080Z</when>
        <gx:coord>12.017045 51.562016 354.6808</gx:coord>
        <when>2025-01-01T00:19:37.2994080Z</when>
        <gx:coord>12.01592 51.561787 359.289</gx:coord>
        <when>2025-01-01T00:19:39.0844080Z</when>
        <gx:coord>12.015374 51.561634 360.38016</gx:coord>
        <when>2025-01-01T00:19:42.2994080Z</when>
        <gx:coord>12.013292 51.560806 357.11658</gx:coord>
        <when>2025-01-01T00:19:43.0824080Z</when>
        <gx:coord>12.013292 51.560806 357.11658</gx:coord>
        <when>2025-01-01T00:19:46.0844080Z</when>
        <gx:coord>12.011827 51.55998 354.4093</gx:coord>
        <when>2025-01-01T00:19:47.0854080Z</when>
        <gx:coord>12.01137 51.55966 353.88974</gx:coord>
        <when>2025-01-01T00:19:47.2994080Z</when>
        <gx:coord>12.010935 51.559322 354.17947</gx:coord>
        <when>2025-01-01T00:19:51.0824080Z</when>
        <gx:coord>12.0097685 51.558197 356.99435</gx:coord>
        <when>2025-01-01T00:19:52.0844080Z</when>
        <gx:coord>12.009095 51.557377 361.99802</gx:coord>
        <when>2025-01-01T00:19:52.2994080Z</when>
        <gx:coord>12.009095 51.557377 361.99802</gx:coord>
        <when>2025-01-01T00:19:57.0884080Z</when>
        <gx:coord>12.007655 51.555218 364.74698</gx:coord>
        <when>2025-01-01T00:19:57.3054080Z</when>
        <gx:coord>12.007655 51.555218 364.26102</gx:coord>
        <when>2025-01-01T00:20:02.2994080Z</when>
        <gx:coord>12.006367 51.55303 355.81918</gx:coord>
        <when>2025-01-01T00:20:06.0864080Z</when>
        <gx:coord>12.005626 51.5517 353.32553</gx:coord>
        <when>2025-01-01T00:20:07.2994080Z</when>
        <gx:coord>12.005268 51.550793 354.00153</gx:coord>
        <when>2025-01-01T00:20:09.0824080Z</when>
        <gx:coord>12.005163 51.55033 354.9844</gx:coord>
        <when>2025-01-01T00:20:12.0844080Z</when>
        <gx:coord>12.005157 51.548946 363.65216</gx:coord>
        <when>2025-01-01T00:20:12.2984080Z</when>
        <gx:coord>12.005267 51.548496 367.25372</gx:coord>
        <when>2025-01-01T00:20:15.0864080Z</when>
        <gx:coord>12.005651 51.54762 373.30545</gx:coord>
        <when>2025-01-01T00:20:17.2994080Z</when>
        <gx:coord>12.006553 51.54638 376.61255</gx:coord>
        <when>2025-01-01T00:20:18.0854080Z</when>
        <gx:coord>12.006553 51.54638 376.61255</gx:coord>
        <when>2025-01-01T00:20:21.0844080Z</when>
        <gx:coord>12.007849 51.545254 375.08194</gx:coord>
        <when>2025-01-01T00:20:22.0974080Z</when>
        <gx:coord>12.008363 51.54491 374.83627</gx:coord>
        <when>2025-01-01T00:20:22.2994080Z</when>
        <gx:coord>12.008907 51.544582 374.37967</gx:coord>
        <when>2025-01-01T00:20:25.0834080Z</when>
        <gx:coord>12.010079 51.54397 373.27335</gx:coord>
        <when>2025-01-01T00:20:27.2994080Z</when>
        <gx:coord>12.01201 51.543163 372.42245</gx:coord>
        <when>2025-01-01T00:20:29.0954080Z</when>
        <gx:coord>12.012696 51.54293 372.37628</gx:coord>
        <when>2025-01-01T00:20:32.2994080Z</when>
        <gx:coord>12.01559 51.542137 368.4283</gx:coord>
        <when>2025-01-01T00:20:37.2994080Z</when>
        <gx:coord>12.019283 51.541187 368.7515</gx:coord>
        <when>2025-01-01T00:20:40.0874080Z</when>
        <gx:coord>12.021469 51.540604 370.85278</gx:coord>
        <when>2025-01-01T00:20:42.2994080Z</when>
        <gx:coord>12.022919 51.54022 373.13113</gx:coord>
        <when>2025-01-01T00:20:47.2994080Z</when>
        <gx:coord>12.026542 51.539246 373.21735</gx:coord>
        <when>2025-01-01T00:20:52.2994080Z</when>
        <gx:coord>12.030163 51.538258 373.73663</gx:coord>
        <when>2025-01-01T00:20:57.3174080Z</when>
        <gx:coord>12.0336895 51.537212 375.06335</gx:coord>
        <when>2025-01-01T00:21:02.2994080Z</when>
        <gx:coord>12.037227 51.536118 372.77234</gx:coord>
        <when>2025-01-01T00:21:07.2994080Z</when>
        <gx:coord>12.040842 51.534992 372.88007</gx:coord>
        <when>2025-01-01T00:21:12.3004080Z</when>
        <gx:coord>12.04458 51.533962 370.132</gx:coord>
        <when>2025-01-01T00:21:14.0894080Z</when>
        <gx:coord>12.046106 51.53359 368.43546</gx:coord>
        <when>2025-01-01T00:21:17.3004080Z</when>
        <gx:coord>12.048439 51.533062 361.63632</gx:coord>
        <when>2025-01-01T00:21:18.0844080Z</when>
        <gx:coord>12.048439 51.533062 361.63632</gx:coord>
        <when>2025-01-01T00:21:22.3004080Z</when>
        <gx:coord>12.052324 51.5322 362.40778</gx:coord>
        <when>2025-01-01T00:21:27.3024080Z</when>
        <gx:coord>12.055973 51.53128 365.14233</gx:coord>
        <when>2025-01-01T00:21:29.0874080Z</when>
        <gx:coord>12.056665 51.53109 364.11813</gx:coord>
        <when>2025-01-01T00:21:32.3004080Z</when>
        <gx:coord>12.059385 51.53034 355.95056</gx:coord>
        <when>2025-01-01T00:21:37.3004080Z</when>
        <gx:coord>12.062664 51.529488 357.00824</gx:coord>
        <when>2025-01-01T00:21:38.0854080Z</when>
        <gx:coord>12.062664 51.529488 357.00824</gx:coord>
        <when>2025-01-01T00:21:42.3004080Z</when>
        <gx:coord>12.065676 51.52873 361.36685</gx:coord>
        <when>2025-01-01T00:21:46.0844080Z</when>
        <gx:coord>12.067375 51.5283 361.09183</gx:coord>
        <when>2025-01-01T00:21:47.3004080Z</when>
        <gx:coord>12.06848 51.52804 360.92514</gx:coord>
        <when>2025-01-01T00:21:52.0904080Z</when>
        <gx:coord>12.071164 51.52747 361.1872</gx:coord>
        <when>2025-01-01T00:21:52.3004080Z</when>
        <gx:coord>12.071164 51.52747 360.43634</gx:coord>
        <when>2025-01-01T00:21:57.3064080Z</when>
        <gx:coord>12.073854 51.526913 360.50897</gx:coord>
        <when>2025-01-01T00:22:02.3004080Z</when>
        <gx:coord>12.076546 51.526344 366.9537</gx:coord>
        <when>2025-01-01T00:22:07.3004080Z</when>
        <gx:coord>12.079196 51.52577 370.4404</gx:coord>
        <when>2025-01-01T00:22:10.0864080Z</when>
        <gx:coord>12.080252 51.52554 366.37054</gx:coord>
        <when>2025-01-01T00:22:12.3004080Z</when>
        <gx:coord>12.081932 51.52531 361.0151</gx:coord>
        <when>2025-01-01T00:22:13.0844080Z</when>
        <gx:coord>12.081932 51.52531 361.0151</gx:coord>
        <when>2025-01-01T00:22:15.0904080Z</when>
        <gx:coord>12.0830965 51.52531 358.59186</gx:coord>
        <when>2025-01-01T00:22:17.0934080Z</when>
        <gx:coord>12.084236 51.525467 357.0985</gx:coord>
        <when>2025-01-01T00:22:17.3004080Z</when>
        <gx:coord>12.084781 51.525593 356.13202</gx:coord>
        <when>2025-01-01T00:22:20.0864080Z</when>
        <gx:coord>12.08581 51.525932 353.94928</gx:coord>
        <when>2025-01-01T00:22:22.3004080Z</when>
        <gx:coord>12.087142 51.52662 351.1552</gx:coord>
        <when>2025-01-01T00:22:23.0834080Z</when>
        <gx:coord>12.087142 51.52662 351.1552</gx:coord>
        <when>2025-01-01T00:22:26.0924080Z</when>
        <gx:coord>12.088206 51.52746 345.74442</gx:coord>
        <when>2025-01-01T00:22:27.3004080Z</when>
        <gx:coord>12.088772 51.52808 340.26184</gx:coord>
        <when>2025-01-01T00:22:30.0844080Z</when>
        <gx:coord>12.089232 51.528736 335.48056</gx:coord>
        <when>2025-01-01T00:22:31.0964080Z</when>
        <gx:coord>12.089622 51.52942 331.42325</gx:coord>
        <when>2025-01-01T00:22:32.3004080Z</when>
        <gx:coord>12.089803 51.529762 329.68063</gx:coord>
        <when>2025-01-01T00:22:37.3004080Z</when>
        <gx:coord>12.090672 51.53153 320.97678</gx:coord>
        <when>2025-01-01T00:22:42.3024080Z</when>
        <gx:coord>12.091569 51.53334 324.18445</gx:coord>
        <when>2025-01-01T00:22:47.2994080Z</when>
        <gx:coord>12.092489 51.535137 320.79797</gx:coord>
        <when>2025-01-01T00:22:52.0924080Z</when>
        <gx:coord>12.093372 51.536983 310.97562</gx:coord>
        <when>2025-01-01T00:22:52.3004080Z</when>
        <gx:coord>12.093372 51.536983 309.15897</gx:coord>
        <when>2025-01-01T00:22:56.0884080Z</when>
        <gx:coord>12.093813 51.538124 303.17355</gx:coord>
        <when>2025-01-01T00:22:57.3124080Z</when>
        <gx:coord>12.093927 51.538887 302.05597</gx:coord>
        <when>2025-01-01T00:22:58.0864080Z</when>
        <gx:coord>12.093927 51.538887 302.05597</gx:coord>
        <when>2025-01-01T00:23:00.0884080Z</when>
        <gx:coord>12.093786 51.539627 301.65244</gx:coord>
        <when>2025-01-01T00:23:00.0894080Z</when>
        <gx:coord>12.09363 51.539974 300.90872</gx:coord>
        <when>2025-01-01T00:23:02.0904080Z</when>
        <gx:coord>12.093428 51.540302 300.1142</gx:coord>
        <when>2025-01-01T00:23:02.3094080Z</when>
        <gx:coord>12.093183 51.5406 298.52286</gx:coord>
        <when>2025-01-01T00:23:04.0894080Z</when>
        <gx:coord>12.09289 51.540874 296.28748</gx:coord>
        <when>2025-01-01T00:23:06.0864080Z</when>
        <gx:coord>12.092204 51.541363 292.3641</gx:coord>
        <when>2025-01-01T00:23:07.0874080Z</when>
        <gx:coord>12.091809 51.54156 290.19965</gx:coord>
        <when>2025-01-01T00:23:07.3004080Z</when>
        <gx:coord>12.091393 51.54174 287.0563</gx:coord>
        <when>2025-01-01T00:23:09.0864080Z</when>
        <gx:coord>12.0909815 51.541904 284.34882</gx:coord>
        <when>2025-01-01T00:23:12.0854080Z</when>
        <gx:coord>12.089049 51.542442 268.2396</gx:coord>
        <when>2025-01-01T00:23:12.3084080Z</when>
        <gx:coord>12.089049 51.542442 268.2396</gx:coord>
        <when>2025-01-01T00:23:17.3014080Z</when>
        <gx:coord>12.086469 51.54308 255.09337</gx:coord>
        <when>2025-01-01T00:23:22.3014080Z</when>
        <gx:coord>12.083889 51.543816 247.80298</gx:coord>
        <when>2025-01-01T00:23:27.3014080Z</when>
        <gx:coord>12.081389 51.544598 241.86238</gx:coord>
        <when>2025-01-01T00:23:29.0794080Z</when>
        <gx:coord>12.080436 51.54491 236.89163</gx:coord>
        <when>2025-01-01T00:23:32.3014080Z</when>
        <gx:coord>12.079019 51.54535 227.07463</gx:coord>
        <when>2025-01-01T00:23:37.3014080Z</when>
        <gx:coord>12.076634 51.54595 212.4837</gx:coord>
        <when>2025-01-01T00:23:39.0844080Z</when>
        <gx:coord>12.075692 51.546196 205.62996</gx:coord>
        <when>2025-01-01T00:23:42.3014080Z</when>
        <gx:coord>12.074283 51.546574 197.51181</gx:coord>
        <when>2025-01-01T00:23:47.0914080Z</when>
        <gx:coord>12.071954 51.547253 187.70163</gx:coord>
        <when>2025-01-01T00:23:47.3014080Z</when>
        <gx:coord>12.071954 51.547253 185.11581</gx:coord>
        <when>2025-01-01T00:23:50.0854080Z</when>
        <gx:coord>12.070561 51.54766 174.29926</gx:coord>
        <when>2025-01-01T00:23:52.3014080Z</when>
        <gx:coord>12.069628 51.547913 166.6908</gx:coord>
        <when>2025-01-01T00:23:57.3144080Z</when>
        <gx:coord>12.067319 51.548553 152.53937</gx:coord>
        <when>2025-01-01T00:24:00.0864080Z</when>
        <gx:coord>12.066016 51.548943 142.14574</gx:coord>
        <when>2025-01-01T00:24:02.3004080Z</when>
        <gx:coord>12.065167 51.549194 135.16615</gx:coord>
        <when>2025-01-01T00:24:07.3014080Z</when>
        <gx:coord>12.063042 51.54978 119.37018</gx:coord>
        <when>2025-01-01T00:24:10.0844080Z</when>
        <gx:coord>12.061789 51.55013 110.78573</gx:coord>
        <when>2025-01-01T00:24:12.3014080Z</when>
        <gx:coord>12.060966 51.55036 107.70234</gx:coord>
        <when>2025-01-01T00:24:13.0834080Z</when>
        <gx:coord>12.060966 51.55036 107.70234</gx:coord>
        <when>2025-01-01T00:24:17.3004080Z</when>
        <gx:coord>12.059066 51.550903 106.298065</gx:coord>
        <when>2025-01-01T00:24:21.0844080Z</when>
        <gx:coord>12.058048 51.551212 106.23039</gx:coord>
        <when>2025-01-01T00:24:22.3014080Z</when>
        <gx:coord>12.057398 51.55138 106.502754</gx:coord>
        <when>2025-01-01T00:24:27.3014080Z</when>
        <gx:coord>12.055724 51.55184 106.78277</gx:coord>
        <when>2025-01-01T00:24:31.0934080Z</when>
        <gx:coord>12.054531 51.552177 107.705765</gx:coord>
        <when>2025-01-01T00:24:32.3014080Z</when>
        <gx:coord>12.053661 51.552402 109.97129</gx:coord>
        <when>2025-01-01T00:24:37.3014080Z</when>
        <gx:coord>12.051376 51.553047 118.70171</gx:coord>
        <when>2025-01-01T00:24:41.0884080Z</when>
        <gx:coord>12.04995 51.55346 126.05963</gx:coord>
        <when>2025-01-01T00:24:42.3004080Z</when>
        <gx:coord>12.048976 51.553738 132.62727</gx:coord>
        <when>2025-01-01T00:24:45.0914080Z</when>
        <gx:coord>12.047519 51.55416 139.6581</gx:coord>
        <when>2025-01-01T00:24:45.0914080Z</when>
        <gx:coord>12.047519 51.55416 143.70639</gx:coord>
        <when>2025-01-01T00:24:47.3014080Z</when>
        <gx:coord>12.046556 51.554447 151.97792</gx:coord>
        <when>2025-01-01T00:24:52.0884080Z</when>
        <gx:coord>12.04421 51.555183 177.72116</gx:coord>
        <when>2025-01-01T00:24:52.3014080Z</when>
        <gx:coord>12.04421 51.555183 177.72116</gx:coord>
        <when>2025-01-01T00:24:57.3134080Z</when>
        <gx:coord>12.042001 51.555927 201.03995</gx:coord>
        <when>2025-01-01T00:24:59.0864080Z</when>
        <gx:coord>12.041153 51.55622 209.70619</gx:coord>
        <when>2025-01-01T00:25:02.3014080Z</when>
        <gx:coord>12.039907 51.55668 221.77751</gx:coord>
        <when>2025-01-01T00:25:07.0904080Z</when>
        <gx:coord>12.037801 51.557384 245.1511</gx:coord>
        <when>2025-01-01T00:25:07.3014080Z</when>
        <gx:coord>12.037801 51.557384 245.1511</gx:coord>
        <when>2025-01-01T00:25:12.3014080Z</when>
        <gx:coord>12.035664 51.558052 264.89252</gx:coord>
        <when>2025-01-01T00:25:16.0874080Z</when>
        <gx:coord>12.033962 51.558594 277.1423</gx:coord>
        <when>2025-01-01T00:25:17.3014080Z</when>
        <gx:coord>12.03353 51.558727 281.0483</gx:coord>
        <when>2025-01-01T00:25:22.3014080Z</when>
        <gx:coord>12.031357 51.55938 304.91174</gx:coord>
        <when>2025-01-01T00:25:23.0844080Z</when>
        <gx:coord>12.030913 51.559513 309.23462</gx:coord>
        <when>2025-01-01T00:25:27.3024080Z</when>
        <gx:coord>12.029049 51.560062 312.38657</gx:coord>
        <when>2025-01-01T00:25:32.3014080Z</when>
        <gx:coord>12.026554 51.560875 321.05045</gx:coord>
        <when>2025-01-01T00:25:36.0824080Z</when>
        <gx:coord>12.024529 51.56157 343.7894</gx:coord>
        <when>2025-01-01T00:25:37.3014080Z</when>
        <gx:coord>12.024021 51.561745 348.73422</gx:coord>
        <when>2025-01-01T00:25:38.0894080Z</when>
        <gx:coord>12.023516 51.561924 348.73422</gx:coord>
        <when>2025-01-01T00:25:42.3014080Z</when>
        <gx:coord>12.02143 51.562634 357.98575</gx:coord>
        <when>2025-01-01T00:25:43.0884080Z</when>
        <gx:coord>12.02143 51.562634 357.98575</gx:coord>
        <when>2025-01-01T00:25:47.3014080Z</when>
        <gx:coord>12.0185795 51.563454 354.1143</gx:coord>
        <when>2025-01-01T00:25:52.0934080Z</when>
        <gx:coord>12.016231 51.56402 360.55084</gx:coord>
        <when>2025-01-01T00:25:52.3044080Z</when>
        <gx:coord>12.015637 51.564117 364.4918</gx:coord>
        <when>2025-01-01T00:25:57.0894080Z</when>
        <gx:coord>12.01325 51.564342 372.885</gx:coord>
        <when>2025-01-01T00:25:57.3184080Z</when>
        <gx:coord>12.012648 51.564365 372.22244</gx:coord>
        <when>2025-01-01T00:26:00.0914080Z</when>
        <gx:coord>12.011439 51.56433 371.48923</gx:coord>
        <when>2025-01-01T00:26:01.0874080Z</when>
        <gx:coord>12.01026 51.56418 374.48148</gx:coord>
        <when>2025-01-01T00:26:02.3004080Z</when>
        <gx:coord>12.009688 51.564068 375.63937</gx:coord>
        <when>2025-01-01T00:26:03.0884080Z</when>
        <gx:coord>12.009688 51.564068 375.63937</gx:coord>
        <when>2025-01-01T00:26:07.0874080Z</when>
        <gx:coord>12.007537 51.563404 378.65997</gx:coord>
        <when>2025-01-01T00:26:07.3014080Z</when>
        <gx:coord>12.00703 51.56319 377.57172</gx:coord>
        <when>2025-01-01T00:26:10.0984080Z</when>
        <gx:coord>12.006075 51.562702 375.9241</gx:coord>
        <when>2025-01-01T00:26:12.3014080Z</when>
        <gx:coord>12.004813 51.56183 377.70865</gx:coord>
        <when>2025-01-01T00:26:14.0954080Z</when>
        <gx:coord>12.004436 51.561512 377.19284</gx:coord>
        <when>2025-01-01T00:26:17.3014080Z</when>
        <gx:coord>12.0031395 51.560112 376.9075</gx:coord>
        <when>2025-01-01T00:26:19.0874080Z</when>
        <gx:coord>12.002864 51.55974 375.54025</gx:coord>
        <when>2025-01-01T00:26:22.3014080Z</when>
        <gx:coord>12.001926 51.55819 374.37112</gx:coord>
        <when>2025-01-01T00:26:27.0854080Z</when>
        <gx:coord>12.001235 51.556583 374.19345</gx:coord>
        <when>2025-01-01T00:26:27.3034080Z</when>
        <gx:coord>12.001081 51.556175 372.32654</gx:coord>
        <when>2025-01-01T00:26:31.0924080Z</when>
        <gx:coord>12.000634 51.55494 367.98715</gx:coord>
        <when>2025-01-01T00:26:32.3014080Z</when>
        <gx:coord>12.000349 51.554092 366.72717</gx:coord>
        <when>2025-01-01T00:26:33.0924080Z</when>
        <gx:coord>12.000209 51.553665 366.72717</gx:coord>
        <when>2025-01-01T00:26:37.3014080Z</when>
        <gx:coord>11.999607 51.55194 368.16232</gx:coord>
        <when>2025-01-01T00:26:42.3014080Z</when>
        <gx:coord>11.998764 51.54981 363.5276</gx:coord>
        <when>2025-01-01T00:26:47.3024080Z</when>
        <gx:coord>11.997856 51.547665 355.38345</gx:coord>
        <when>2025-01-01T00:26:52.3044080Z</when>
        <gx:coord>11.99691 51.545483 350.83142</gx:coord>
        <when>2025-01-01T00:26:57.3224080Z</when>
        <gx:coord>11.9959135 51.543278 348.7624</gx:coord>
        <when>2025-01-01T00:27:02.0994080Z</when>
        <gx:coord>11.995394 51.5415 355.5553</gx:coord>
        <when>2025-01-01T00:27:02.3024080Z</when>
        <gx:coord>11.995405 51.54105 358.41748</gx:coord>
        <when>2025-01-01T00:27:05.0874080Z</when>
        <gx:coord>11.995619 51.540154 365.93008</gx:coord>
        <when>2025-01-01T00:27:07.3024080Z</when>
        <gx:coord>11.996324 51.53888 375.91232</gx:coord>
        <when>2025-01-01T00:27:08.0914080Z</when>
        <gx:coord>11.996324 51.53888 375.91232</gx:coord>
        <when>2025-01-01T00:27:11.0914080Z</when>
        <gx:coord>11.997456 51.53772 375.0869</gx:coord>
        <when>2025-01-01T00:27:12.1074080Z</when>
        <gx:coord>11.9984665 51.53703 373.62848</gx:coord>
        <when>2025-01-01T00:27:12.3114080Z</when>
        <gx:coord>11.9984665 51.53703 372.04193</gx:coord>
        <when>2025-01-01T00:27:14.0854080Z</when>
        <gx:coord>11.999038 51.536713 370.37363</gx:coord>
        <when>2025-01-01T00:27:14.0854080Z</when>
        <gx:coord>11.999038 51.536713 370.37363</gx:coord>
        <when>2025-01-01T00:27:17.0954080Z</when>
        <gx:coord>12.0009775 51.5359 368.59164</gx:coord>
        <when>2025-01-01T00:27:17.3024080Z</when>
        <gx:coord>12.00168 51.535675 369.04388</gx:coord>
        <when>2025-01-01T00:27:21.0894080Z</when>
        <gx:coord>12.003889 51.53513 369.1611</gx:coord>
        <when>2025-01-01T00:27:22.3104080Z</when>
        <gx:coord>12.005417 51.534843 365.1522</gx:coord>
        <when>2025-01-01T00:27:27.3024080Z</when>
        <gx:coord>12.009366 51.534245 353.80966</gx:coord>
        <when>2025-01-01T00:27:32.3144080Z</when>
        <gx:coord>12.01328 51.533424 348.61862</gx:coord>
        <when>2025-01-01T00:27:37.3144080Z</when>
        <gx:coord>12.017115 51.532433 345.20422</gx:coord>
        <when>2025-01-01T00:27:41.0974080Z</when>
        <gx:coord>12.020152 51.531597 343.92175</gx:coord>
        <when>2025-01-01T00:27:42.3024080Z</when>
        <gx:coord>12.020909 51.531387 342.9696</gx:coord>
        <when>2025-01-01T00:27:46.1074080Z</when>
        <gx:coord>12.023918 51.53057 342.93182</gx:coord>
        <when>2025-01-01T00:27:47.3024080Z</when>
        <gx:coord>12.024675 51.530376 347.111</gx:coord>
        <when>2025-01-01T00:27:52.3024080Z</when>
        <gx:coord>12.028405 51.529427 359.39124</gx:coord>
        <when>2025-01-01T00:27:57.3294080Z</when>
        <gx:coord>12.03215 51.52858 373.29807</gx:coord>
        <when>2025-01-01T00:27:58.0884080Z</when>
        <gx:coord>12.032914 51.528446 376.2738</gx:coord>
        <when>2025-01-01T00:28:02.3024080Z</when>
        <gx:coord>12.0360155 51.527992 381.33676</gx:coord>
        <when>2025-01-01T00:28:07.3114080Z</when>
        <gx:coord>12.039645 51.52713 384.25302</gx:coord>
        <when>2025-01-01T00:28:08.0844080Z</when>
        <gx:coord>12.039645 51.52713 384.25302</gx:coord>
        <when>2025-01-01T00:28:11.0874080Z</when>
        <gx:coord>12.0414505 51.52627 382.46826</gx:coord>
        <when>2025-01-01T00:28:12.3024080Z</when>
        <gx:coord>12.042446 51.525578 380.43323</gx:coord>
        <when>2025-01-01T00:28:14.0874080Z</when>
        <gx:coord>12.042869 51.5252 378.96497</gx:coord>
        <when>2025-01-01T00:28:17.0884080Z</when>
        <gx:coord>12.043826 51.523968 376.8364</gx:coord>
        <when>2025-01-01T00:28:17.3024080Z</when>
        <gx:coord>12.044054 51.52354 375.96774</gx:coord>
        <when>2025-01-01T00:28:20.0864080Z</when>
        <gx:coord>12.044356 51.522667 373.3943</gx:coord>
        <when>2025-01-01T00:28:22.3024080Z</when>
        <gx:coord>12.044413 51.521343 369.2451</gx:coord>
        <when>2025-01-01T00:28:23.0944080Z</when>
        <gx:coord>12.044413 51.521343 369.2451</gx:coord>
        <when>2025-01-01T00:28:26.0864080Z</when>
        <gx:coord>12.044018 51.52005 362.93472</gx:coord>
        <when>2025-01-01T00:28:27.0964080Z</when>
        <gx:coord>12.043497 51.519234 361.00732</gx:coord>
        <when>2025-01-01T00:28:27.3064080Z</when>
        <gx:coord>12.043497 51.519234 359.56815</gx:coord>
        <when>2025-01-01T00:28:29.0884080Z</when>
        <gx:coord>12.043165 51.518845 358.2063</gx:coord>
        <when>2025-01-01T00:28:32.0884080Z</when>
        <gx:coord>12.041938 51.517784 354.313</gx:coord>
        <when>2025-01-01T00:28:32.3024080Z</when>
        <gx:coord>12.041461 51.517467 353.2744</gx:coord>
        <when>2025-01-01T00:28:35.0884080Z</when>
        <gx:coord>12.040392 51.516907 352.4635</gx:coord>
        <when>2025-01-01T00:28:35.0884080Z</when>
        <gx:coord>12.040392 51.516907 352.4635</gx:coord>
        <when>2025-01-01T00:28:37.3024080Z</when>
        <gx:coord>12.038549 51.516323 354.85233</gx:coord>
        <when>2025-01-01T00:28:38.0904080Z</when>
        <gx:coord>12.038549 51.516323 354.85233</gx:coord>
        <when>2025-01-01T00:28:41.0874080Z</when>
        <gx:coord>12.036549 51.51602 358.50412</gx:coord>
        <when>2025-01-01T00:28:42.3024080Z</when>
        <gx:coord>12.035189 51.51596 357.08203</gx:coord>
        <when>2025-01-01T00:28:44.0874080Z</when>
        <gx:coord>12.034504 51.515972 356.00375</gx:coord>
        <when>2025-01-01T00:28:47.0904080Z</when>
        <gx:coord>12.032453 51.516155 352.50525</gx:coord>
        <when>2025-01-01T00:28:47.3024080Z</when>
        <gx:coord>12.03178 51.516266 351.42654</gx:coord>
        <when>2025-01-01T00:28:50.0934080Z</when>
        <gx:coord>12.030468 51.516563 350.59488</gx:coord>
        <when>2025-01-01T00:28:52.3024080Z</when>
        <gx:coord>12.028653 51.51722 354.59216</gx:coord>
        <when>2025-01-01T00:28:53.0864080Z</when>
        <gx:coord>12.028653 51.51722 354.59216</gx:coord>
        <when>2025-01-01T00:28:56.0894080Z</when>
        <gx:coord>12.027129 51.518124 358.70966</gx:coord>
        <when>2025-01-01T00:28:57.3014080Z</when>
        <gx:coord>12.026344 51.518864 361.03986</gx:coord>
        <when>2025-01-01T00:28:58.0884080Z</when>
        <gx:coord>12.026344 51.518864 361.03986</gx:coord>
        <when>2025-01-01T00:29:00.0894080Z</when>
        <gx:coord>12.025785 51.519688 364.22412</gx:coord>
        <when>2025-01-01T00:29:02.0884080Z</when>
        <gx:coord>12.025478 51.52057 369.97992</gx:coord>
        <when>2025-01-01T00:29:02.3104080Z</when>
        <gx:coord>12.025438 51.521023 373.23755</gx:coord>
        <when>2025-01-01T00:29:03.0934080Z</when>
        <gx:coord>12.025438 51.521023 373.23755</gx:coord>
        <when>2025-01-01T00:29:05.0824080Z</when>
        <gx:coord>12.025585 51.521927 378.25797</gx:coord>
        <when>2025-01-01T00:29:07.0904080Z</when>
        <gx:coord>12.025979 51.52281 381.7865</gx:coord>
        <when>2025-01-01T00:29:07.3104080Z</when>
        <gx:coord>12.026271 51.52324 381.86508</gx:coord>
        <when>2025-01-01T00:29:09.0874080Z</when>
        <gx:coord>12.026623 51.52365 381.56128</gx:coord>
        <when>2025-01-01T00:29:11.0894080Z</when>
        <gx:coord>12.027518 51.524426 379.66293</gx:coord>
        <when>2025-01-01T00:29:11.0894080Z</when>
        <gx:coord>12.027518 51.524426 379.66293</gx:coord>
        <when>2025-01-01T00:29:12.3074080Z</when>
        <gx:coord>12.028648 51.5251 377.5215</gx:coord>
        <when>2025-01-01T00:29:13.0934080Z</when>
        <gx:coord>12.028648 51.5251 377.5215</gx:coord>
        <when>2025-01-01T00:29:17.3024080Z</when>
        <gx:coord>12.032041 51.526455 372.4939</gx:coord>
        <when>2025-01-01T00:29:22.3024080Z</when>
        <gx:coord>12.035365 51.52801 364.15707</gx:coord>
        <when>2025-01-01T00:29:23.0914080Z</when>
        <gx:coord>12.035365 51.52801 364.15707</gx:coord>
        <when>2025-01-01T00:29:27.3024080Z</when>
        <gx:coord>12.03862 51.529766 365.09427</gx:coord>
        <when>2025-01-01T00:29:30.0864080Z</when>
        <gx:coord>12.040084 51.530308 370.38022</gx:coord>
        <when>2025-01-01T00:29:32.3024080Z</when>
        <gx:coord>12.042418 51.53089 377.4922</gx:coord>
        <when>2025-01-01T00:29:33.0904080Z</when>
        <gx:coord>12.042418 51.53089 377.4922</gx:coord>
        <when>2025-01-01T00:29:37.3114080Z</when>
        <gx:coord>12.04641 51.531338 380.48904</gx:coord>
        <when>2025-01-01T00:29:38.0874080Z</when>
        <gx:coord>12.04641 51.531338 380.48904</gx:coord>
        <when>2025-01-01T00:29:42.3024080Z</when>
        <gx:coord>12.050418 51.53145 369.0404</gx:coord>
        <when>2025-01-01T00:29:47.0884080Z</when>
        <gx:coord>12.0535755 51.53145 361.7985</gx:coord>
        <when>2025-01-01T00:29:47.3024080Z</when>
        <gx:coord>12.054349 51.53143 360.13818</gx:coord>
        <when>2025-01-01T00:29:49.0904080Z</when>
        <gx:coord>12.055112 51.5314 358.34866</gx:coord>
        <when>2025-01-01T00:29:52.3024080Z</when>
        <gx:coord>12.058028 51.531036 350.0512</gx:coord>
        <when>2025-01-01T00:29:53.0894080Z</when>
        <gx:coord>12.058028 51.531036 350.0512</gx:coord>
        <when>2025-01-01T00:29:54.0914080Z</when>
        <gx:coord>12.059403 51.530746 345.7589</gx:coord>
        <when>2025-01-01T00:29:57.3174080Z</when>
        <gx:coord>12.061391 51.530266 345.2525</gx:coord>
        <when>2025-01-01T00:29:58.0924080Z</when>
        <gx:coord>12.061391 51.530266 345.2525</gx:coord>
        <when>2025-01-01T00:30:02.3024080Z</when>
        <gx:coord>12.064467 51.529453 347.59756</gx:coord>
        <when>2025-01-01T00:30:03.0984080Z</when>
        <gx:coord>12.065055 51.52928 347.59756</gx:coord>
        <when>2025-01-01T00:30:07.3024080Z</when>
        <gx:coord>12.067352 51.528557 342.68723</gx:coord>
        <when>2025-01-01T00:30:08.0924080Z</when>
        <gx:coord>12.067352 51.528557 342.68723</gx:coord>
        <when>2025-01-01T00:30:12.3014080Z</when>
        <gx:coord>12.070192 51.527653 343.47263</gx:coord>
        <when>2025-01-01T00:30:15.0924080Z</when>
        <gx:coord>12.0713625 51.52736 343.4508</gx:coord>
        <when>2025-01-01T00:30:17.3024080Z</when>
        <gx:coord>12.0732155 51.527122 343.29883</gx:coord>
        <when>2025-01-01T00:30:18.0934080Z</when>
        <gx:coord>12.0732155 51.527122 343.29883</gx:coord>
        <when>2025-01-01T00:30:20.0904080Z</when>
        <gx:coord>12.074472 51.52716 342.6127</gx:coord>
        <when>2025-01-01T00:30:22.0924080Z</when>
        <gx:coord>12.075687 51.52736 338.21344</gx:coord>
        <when>2025-01-01T00:30:22.3024080Z</when>
        <gx:coord>12.076272 51.527504 336.24597</gx:coord>
        <when>2025-01-01T00:30:24.0894080Z</when>
        <gx:coord>12.076833 51.527687 334.2741</gx:coord>
        <when>2025-01-01T00:30:26.0934080Z</when>
        <gx:coord>12.077849 51.52815 331.3467</gx:coord>
        <when>2025-01-01T00:30:27.3024080Z</when>
        <gx:coord>12.078698 51.528717 329.47916</gx:coord>
        <when>2025-01-01T00:30:29.0904080Z</when>
        <gx:coord>12.079061 51.52903 328.40054</gx:coord>
        <when>2025-01-01T00:30:29.0914080Z</when>
        <gx:coord>12.079061 51.52903 328.40054</gx:coord>
        <when>2025-01-01T00:30:32.3024080Z</when>
        <gx:coord>12.080261 51.530373 318.01465</gx:coord>
        <when>2025-01-01T00:30:34.0824080Z</when>
        <gx:coord>12.080831 51.531063 313.4866</gx:coord>
        <when>2025-01-01T00:30:37.3034080Z</when>
        <gx:coord>12.081711 51.532112 306.93884</gx:coord>
        <when>2025-01-01T00:30:42.3024080Z</when>
        <gx:coord>12.083206 51.533875 296.15308</gx:coord>
        <when>2025-01-01T00:30:47.3024080Z</when>
        <gx:coord>12.084677 51.535633 288.3973</gx:coord>
        <when>2025-01-01T00:30:50.0894080Z</when>
        <gx:coord>12.085501 51.536697 282.3015</gx:coord>
        <when>2025-01-01T00:30:51.0924080Z</when>
        <gx:coord>12.085501 51.536697 282.3015</gx:coord>
        <when>2025-01-01T00:30:52.3024080Z</when>
        <gx:coord>12.085905 51.537434 281.64618</gx:coord>
        <when>2025-01-01T00:30:54.0934080Z</when>
        <gx:coord>12.086049 51.537804 281.0928</gx:coord>
        <when>2025-01-01T00:30:57.0904080Z</when>
        <gx:coord>12.086205 51.538918 278.19357</gx:coord>
        <when>2025-01-01T00:30:57.3174080Z</when>
        <gx:coord>12.086178 51.539284 276.7501</gx:coord>
        <when>2025-01-01T00:30:58.0964080Z</when>
        <gx:coord>12.086119 51.539646 276.7501</gx:coord>
        <when>2025-01-01T00:31:00.0944080Z</when>
        <gx:coord>12.086029 51.540005 273.54935</gx:coord>
        <when>2025-01-01T00:31:02.3064080Z</when>
        <gx:coord>12.085537 51.54105 270.28308</gx:coord>
        <when>2025-01-01T00:31:03.0934080Z</when>
        <gx:coord>12.085537 51.54105 270.28308</gx:coord>
        <when>2025-01-01T00:31:07.0904080Z</when>
        <gx:coord>12.084427 51.54233 264.02258</gx:coord>
        <when>2025-01-01T00:31:07.3034080Z</when>
        <gx:coord>12.084094 51.54263 260.284</gx:coord>
        <when>2025-01-01T00:31:10.0924080Z</when>
        <gx:coord>12.08296 51.543453 249.59587</gx:coord>
        <when>2025-01-01T00:31:11.0894080Z</when>
        <gx:coord>12.08296 51.543453 249.59587</gx:coord>
        <when>2025-01-01T00:31:12.3024080Z</when>
        <gx:coord>12.082101 51.543922 243.0881</gx:coord>
        <when>2025-01-01T00:31:15.0914080Z</when>
        <gx:coord>12.081182 51.54432 237.4931</gx:coord>
        <when>2025-01-01T00:31:17.0884080Z</when>
        <gx:coord>12.080232 51.544655 232.06839</gx:coord>
        <when>2025-01-01T00:31:17.3234080Z</when>
        <gx:coord>12.079757 51.54481 230.14023</gx:coord>
        <when>2025-01-01T00:31:22.3024080Z</when>
        <gx:coord>12.077432 51.54554 221.28271</gx:coord>
        <when>2025-01-01T00:31:24.0904080Z</when>
        <gx:coord>12.076548 51.545815 217.60002</gx:coord>
        <when>2025-01-01T00:31:27.3054080Z</when>
        <gx:coord>12.075249 51.54621 207.60603</gx:coord>
        <when>2025-01-01T00:31:32.3034080Z</when>
        <gx:coord>12.073088 51.546844 192.1967</gx:coord>
        <when>2025-01-01T00:31:35.0884080Z</when>
        <gx:coord>12.071773 51.547222 185.45857</gx:coord>
        <when>2025-01-01T00:31:37.3034080Z</when>
        <gx:coord>12.070911 51.54748 179.4715</gx:coord>
        <when>2025-01-01T00:31:42.3034080Z</when>
        <gx:coord>12.068769 51.54811 166.39674</gx:coord>
        <when>2025-01-01T00:31:46.0884080Z</when>
        <gx:coord>12.067498 51.548485 156.10867</gx:coord>
        <when>2025-01-01T00:31:46.0884080Z</when>
        <gx:coord>12.067081 51.54861 152.40913</gx:coord>
        <when>2025-01-01T00:31:47.3024080Z</when>
        <gx:coord>12.066661 51.548733 149.01297</gx:coord>
        <when>2025-01-01T00:31:52.3034080Z</when>
        <gx:coord>12.064571 51.549328 135.02701</gx:coord>
        <when>2025-01-01T00:31:53.0954080Z</when>
        <gx:coord>12.064165 51.549442 135.02701</gx:coord>
        <when>2025-01-01T00:31:57.0944080Z</when>
        <gx:coord>12.062557 51.5499 120.171524</gx:coord>
        <when>2025-01-01T00:31:57.3164080Z</when>
        <gx:coord>12.062557 51.5499 120.171524</gx:coord>
        <when>2025-01-01T00:32:02.3034080Z</when>
        <gx:coord>12.060599 51.550465 109.36994</gx:coord>
        <when>2025-01-01T00:32:06.0894080Z</when>
        <gx:coord>12.059507 51.550777 108.073784</gx:coord>
        <when>2025-01-01T00:32:07.3034080Z</when>
        <gx:coord>12.058835 51.550976 108.29546</gx:coord>
        <when>2025-01-01T00:32:12.3024080Z</when>
        <gx:coord>12.057243 51.551422 108.42347</gx:coord>
        <when>2025-01-01T00:32:17.3034080Z</when>
        <gx:coord>12.055369 51.551933 108.50097</gx:coord>
        <when>2025-01-01T00:32:19.0894080Z</when>
        <gx:coord>12.054947 51.552048 108.972755</gx:coord>
        <when>2025-01-01T00:32:22.3034080Z</when>
        <gx:coord>12.05317 51.55253 116.26886</gx:coord>
        <when>2025-01-01T00:32:27.3024080Z</when>
        <gx:coord>12.050833 51.55319 128.93527</gx:coord>
        <when>2025-01-01T00:32:32.3034080Z</when>
        <gx:coord>12.048448 51.553886 145.05537</gx:coord>
        <when>2025-01-01T00:32:34.0904080Z</when>
        <gx:coord>12.047502 51.554173 154.89656</gx:coord>
        <when>2025-01-01T00:32:37.3034080Z</when>
        <gx:coord>12.046145 51.554607 170.80807</gx:coord>
        <when>2025-01-01T00:32:41.0884080Z</when>
        <gx:coord>12.044381 51.55515 187.79788</gx:coord>
        <when>2025-01-01T00:32:42.3024080Z</when>
        <gx:coord>12.043945 51.555286 190.72272</gx:coord>
        <when>2025-01-01T00:32:47.3034080Z</when>
        <gx:coord>12.041777 51.556 204.68178</gx:coord>
        <when>2025-01-01T00:32:51.0914080Z</when>
        <gx:coord>12.04004 51.556572 218.3938</gx:coord>
        <when>2025-01-01T00:32:52.0944080Z</when>
        <gx:coord>12.039603 51.556717 218.3938</gx:coord>
        <when>2025-01-01T00:32:52.3034080Z</when>
        <gx:coord>12.039603 51.556717 221.54408</gx:coord>
        <when>2025-01-01T00:32:57.3114080Z</when>
        <gx:coord>12.037398 51.55745 238.11903</gx:coord>
        <when>2025-01-01T00:33:00.0914080Z</when>
        <gx:coord>12.036056 51.5579 251.58006</gx:coord>
        <when>2025-01-01T00:33:02.3024080Z</when>
        <gx:coord>12.035157 51.558197 259.81696</gx:coord>
        <when>2025-01-01T00:33:07.3034080Z</when>
        <gx:coord>12.032922 51.5589 281.93402</gx:coord>
        <when>2025-01-01T00:33:08.0834080Z</when>
        <gx:coord>12.032466 51.55904 283.8485</gx:coord>
        <when>2025-01-01T00:33:11.0924080Z</when>
        <gx:coord>12.031514 51.559322 284.80463</gx:coord>
        <when>2025-01-01T00:33:12.3034080Z</when>
        <gx:coord>12.030526 51.559624 288.10843</gx:coord>
        <when>2025-01-01T00:33:17.3034080Z</when>
        <gx:coord>12.027991 51.560402 303.92697</gx:coord>
        <when>2025-01-01T00:33:20.0904080Z</when>
        <gx:coord>12.026438 51.560852 317.48636</gx:coord>
        <when>2025-01-01T00:33:22.3034080Z</when>
        <gx:coord>12.025408 51.56114 327.53665</gx:coord>
        <when>2025-01-01T00:33:27.3034080Z</when>
        <gx:coord>12.022804 51.561806 347.87057</gx:coord>
        <when>2025-01-01T00:33:28.0894080Z</when>
        <gx:coord>12.022804 51.561806 347.87057</gx:coord>
        <when>2025-01-01T00:33:28.0894080Z</when>
        <gx:coord>12.0222645 51.561928 349.80264</gx:coord>
        <when>2025-01-01T00:33:32.0924080Z</when>
        <gx:coord>12.02056 51.56218 358.61417</gx:coord>
        <when>2025-01-01T00:33:32.3034080Z</when>
        <gx:coord>12.019977 51.56221 362.51968</gx:coord>
        <when>2025-01-01T00:33:35.0904080Z</when>
        <gx:coord>12.018782 51.562187 364.50397</gx:coord>
        <when>2025-01-01T00:33:36.0894080Z</when>
        <gx:coord>12.018175 51.562126 364.5265</gx:coord>
        <when>2025-01-01T00:33:37.3054080Z</when>
        <gx:coord>12.016945 51.56193 361.52335</gx:coord>
        <when>2025-01-01T00:33:38.0924080Z</when>
        <gx:coord>12.016945 51.56193 361.52335</gx:coord>
        <when>2025-01-01T00:33:41.0904080Z</when>
        <gx:coord>12.015132 51.561394 357.9927</gx:coord>
        <when>2025-01-01T00:33:42.3034080Z</when>
        <gx:coord>12.01398 51.56092 355.79208</gx:coord>
        <when>2025-01-01T00:33:43.0964080Z</when>
        <gx:coord>12.013435 51.560654 355.79208</gx:coord>
        <when>2025-01-01T00:33:44.0894080Z</when>
        <gx:coord>12.013435 51.560654 355.79462</gx:coord>
        <when>2025-01-01T00:33:44.0894080Z</when>
        <gx:coord>12.013435 51.560654 355.79462</gx:coord>
        <when>2025-01-01T00:33:47.3034080Z</when>
        <gx:coord>12.011495 51.559402 357.5567</gx:coord>
        <when>2025-01-01T00:33:48.0924080Z</when>
        <gx:coord>12.011495 51.559402 357.5567</gx:coord>
        <when>2025-01-01T00:33:52.3034080Z</when>
        <gx:coord>12.009563 51.55757 353.4068</gx:coord>
        <when>2025-01-01T00:33:53.0914080Z</when>
        <gx:coord>12.009563 51.55757 353.4068</gx:coord>
        <when>2025-01-01T00:33:57.3224080Z</when>
        <gx:coord>12.00809 51.55553 346.7889</gx:coord>
        <when>2025-01-01T00:34:02.3034080Z</when>
        <gx:coord>12.006667 51.55345 339.99533</gx:coord>
        <when>2025-01-01T00:34:07.3034080Z</when>
        <gx:coord>12.005225 51.551395 339.05734</gx:coord>
        <when>2025-01-01T00:34:08.0904080Z</when>
        <gx:coord>12.005225 51.551395 339.05734</gx:coord>
        <when>2025-01-01T00:34:11.0934080Z</when>
        <gx:coord>12.00485 51.550076 345.9406</gx:coord>
        <when>2025-01-01T00:34:12.3034080Z</when>
        <gx:coord>12.0049 51.549175 349.90393</gx:coord>
        <when>2025-01-01T00:34:14.0894080Z</when>
        <gx:coord>12.005009 51.548733 351.1665</gx:coord>
        <when>2025-01-01T00:34:17.0944080Z</when>
        <gx:coord>12.005671 51.547447 357.14447</gx:coord>
        <when>2025-01-01T00:34:17.3034080Z</when>
        <gx:coord>12.006005 51.547047 359.03845</gx:coord>
        <when>2025-01-01T00:34:20.0844080Z</when>
        <gx:coord>12.006834 51.546288 363.33597</gx:coord>
        <when>2025-01-01T00:34:22.3034080Z</when>
        <gx:coord>12.008383 51.545288 371.96536</gx:coord>
        <when>2025-01-01T00:34:23.0914080Z</when>
        <gx:coord>12.008383 51.545288 371.96536</gx:coord>
        <when>2025-01-01T00:34:25.0914080Z</when>
        <gx:coord>12.010188 51.544468 380.32022</gx:coord>
        <when>2025-01-01T00:34:27.0924080Z</when>
        <gx:coord>12.010842 51.54424 380.89368</gx:coord>
        <when>2025-01-01T00:34:27.0964080Z</when>
        <gx:coord>12.011526 51.544033 380.89368</gx:coord>
        <when>2025-01-01T00:34:27.3144080Z</when>
        <gx:coord>12.011526 51.544033 380.8414</gx:coord>
        <when>2025-01-01T00:34:30.0924080Z</when>
        <gx:coord>12.012937 51.543644 378.7705</gx:coord>
        <when>2025-01-01T00:34:32.3024080Z</when>
        <gx:coord>12.015091 51.543064 374.27008</gx:coord>
        <when>2025-01-01T00:34:37.3024080Z</when>
        <gx:coord>12.018833 51.542107 360.02585</gx:coord>
        <when>2025-01-01T00:34:42.3024080Z</when>
        <gx:coord>12.022619 51.541096 362.51895</gx:coord>
        <when>2025-01-01T00:34:47.3034080Z</when>
        <gx:coord>12.026293 51.540043 367.36456</gx:coord>
        <when>2025-01-01T00:34:52.3034080Z</when>
        <gx:coord>12.029902 51.53895 367.16562</gx:coord>
        <when>2025-01-01T00:34:57.3224080Z</when>
        <gx:coord>12.033514 51.537827 366.30112</gx:coord>
        <when>2025-01-01T00:35:01.0944080Z</when>
        <gx:coord>12.036387 51.536907 365.84232</gx:coord>
        <when>2025-01-01T00:35:02.3034080Z</when>
        <gx:coord>12.037105 51.536674 364.6656</gx:coord>
        <when>2025-01-01T00:35:07.3034080Z</when>
        <gx:coord>12.040693 51.535503 362.96356</gx:coord>
        <when>2025-01-01T00:35:12.3024080Z</when>
        <gx:coord>12.04422 51.53435 366.96625</gx:coord>
        <when>2025-01-01T00:35:17.3024080Z</when>
        <gx:coord>12.047696 51.533222 369.66742</gx:coord>
        <when>2025-01-01T00:35:22.3034080Z</when>
        <gx:coord>12.051169 51.532112 371.53815</gx:coord>
        <when>2025-01-01T00:35:27.3024080Z</when>
        <gx:coord>12.054681 51.531013 378.67126</gx:coord>
        <when>2025-01-01T00:35:32.3034080Z</when>
        <gx:coord>12.0581875 51.529892 386.00888</gx:coord>
        <when>2025-01-01T00:35:35.0964080Z</when>
        <gx:coord>12.060277 51.529205 386.7642</gx:coord>
        <when>2025-01-01T00:35:37.3034080Z</when>
        <gx:coord>12.061657 51.52875 387.0431</gx:coord>
        <when>2025-01-01T00:35:42.3034080Z</when>
        <gx:coord>12.064912 51.527683 385.3075</gx:coord>
        <when>2025-01-01T00:35:44.0914080Z</when>
        <gx:coord>12.065526 51.527477 384.34476</gx:coord>
        <when>2025-01-01T00:35:47.3034080Z</when>
        <gx:coord>12.067879 51.52667 385.71805</gx:coord>
        <when>2025-01-01T00:35:50.0944080Z</when>
        <gx:coord>12.068975 51.5263 386.88736</gx:coord>
        <when>2025-01-01T00:35:52.3034080Z</when>
        <gx:coord>12.070569 51.52579 384.62866</gx:coord>
        <when>2025-01-01T00:35:57.3204080Z</when>
        <gx:coord>12.073176 51.525005 372.9966</gx:coord>
        <when>2025-01-01T00:36:02.3044080Z</when>
        <gx:coord>12.075718 51.524208 363.4139</gx:coord>
        <when>2025-01-01T00:36:07.3034080Z</when>
        <gx:coord>12.078279 51.523426 360.35107</gx:coord>
        <when>2025-01-01T00:36:12.3034080Z</when>
        <gx:coord>12.080931 51.522717 363.3937</gx:coord>
        <when>2025-01-01T00:36:14.0914080Z</when>
        <gx:coord>12.081481 51.52263 362.87958</gx:coord>
        <when>2025-01-01T00:36:16.1014080Z</when>
        <gx:coord>12.082621 51.522552 360.18558</gx:coord>
        <when>2025-01-01T00:36:17.3024080Z</when>
        <gx:coord>12.083774 51.52263 356.1904</gx:coord>
        <when>2025-01-01T00:36:18.0924080Z</when>
        <gx:coord>12.083774 51.52263 356.1904</gx:coord>
        <when>2025-01-01T00:36:20.0924080Z</when>
        <gx:coord>12.08491 51.52284 350.88437</gx:coord>
        <when>2025-01-01T00:36:20.0984080Z</when>
        <gx:coord>12.085473 51.522987 350.88437</gx:coord>
        <when>2025-01-01T00:36:20.0984080Z</when>
        <gx:coord>12.085473 51.522987 346.83804</gx:coord>
        <when>2025-01-01T00:36:22.0964080Z</when>
        <gx:coord>12.086016 51.523182 343.12173</gx:coord>
        <when>2025-01-01T00:36:22.3034080Z</when>
        <gx:coord>12.086534 51.52341 339.64777</gx:coord>
        <when>2025-01-01T00:36:24.0934080Z</when>
        <gx:coord>12.087027 51.523666 336.62518</gx:coord>
        <when>2025-01-01T00:36:26.0914080Z</when>
        <gx:coord>12.087877 51.524242 332.77576</gx:coord>
        <when>2025-01-01T00:36:27.3054080Z</when>
        <gx:coord>12.088536 51.5249 329.19003</gx:coord>
        <when>2025-01-01T00:36:29.1074080Z</when>
        <gx:coord>12.088795 51.525246 328.10046</gx:coord>
        <when>2025-01-01T00:36:32.3104080Z</when>
        <gx:coord>12.089658 51.526665 317.40985</gx:coord>
        <when>2025-01-01T00:36:33.1024080Z</when>
        <gx:coord>12.089854 51.527027 313.8617</gx:coord>
        <when>2025-01-01T00:36:37.3024080Z</when>
        <gx:coord>12.090655 51.528503 307.1205</gx:coord>
        <when>2025-01-01T00:36:42.3034080Z</when>
        <gx:coord>12.091652 51.530327 301.23932</gx:coord>
        <when>2025-01-01T00:36:47.3024080Z</when>
        <gx:coord>12.09261 51.53217 296.192</gx:coord>
        <when>2025-01-01T00:36:52.3034080Z</when>
        <gx:coord>12.093628 51.53403 291.2795</gx:coord>
        <when>2025-01-01T00:36:57.0934080Z</when>
        <gx:coord>12.094559 51.535904 283.1143</gx:coord>
        <when>2025-01-01T00:36:57.3044080Z</when>
        <gx:coord>12.094559 51.535904 283.1143</gx:coord>
        <when>2025-01-01T00:36:58.0994080Z</when>
        <gx:coord>12.094559 51.535904 283.1143</gx:coord>
        <when>2025-01-01T00:37:02.0944080Z</when>
        <gx:coord>12.094972 51.53743 276.2657</gx:coord>
        <when>2025-01-01T00:37:02.3024080Z</when>
        <gx:coord>12.094945 51.537807 276.05707</gx:coord>
        <when>2025-01-01T00:37:03.0874080Z</when>
        <gx:coord>12.094945 51.537807 276.05707</gx:coord>
        <when>2025-01-01T00:37:05.0974080Z</when>
        <gx:coord>12.094563 51.538868 275.39642</gx:coord>
        <when>2025-01-01T00:37:06.0964080Z</when>
        <gx:coord>12.094563 51.538868 274.55603</gx:coord>
        <when>2025-01-01T00:37:07.3034080Z</when>
        <gx:coord>12.094122 51.539516 273.2354</gx:coord>
        <when>2025-01-01T00:37:09.0934080Z</when>
        <gx:coord>12.093858 51.53982 272.63998</gx:coord>
        <when>2025-01-01T00:37:12.0924080Z</when>
        <gx:coord>12.092903 51.540646 268.53802</gx:coord>
        <when>2025-01-01T00:37:12.3034080Z</when>
        <gx:coord>12.092533 51.54089 266.51758</gx:coord>
        <when>2025-01-01T00:37:13.0924080Z</when>
        <gx:coord>12.092533 51.54089 266.51758</gx:coord>
        <when>2025-01-01T00:37:15.0924080Z</when>
        <gx:coord>12.091723 51.541317 262.79388</gx:coord>
        <when>2025-01-01T00:37:17.3024080Z</when>
        <gx:coord>12.090381 51.54186 254.52917</gx:coord>
        <when>2025-01-01T00:37:18.0994080Z</when>
        <gx:coord>12.089909 51.54202 251.50002</gx:coord>
        <when>2025-01-01T00:37:20.0984080Z</when>
        <gx:coord>12.089431 51.54217 249.07414</gx:coord>
        <when>2025-01-01T00:37:22.3034080Z</when>
        <gx:coord>12.087985 51.542618 244.69046</gx:coord>
        <when>2025-01-01T00:37:27.3024080Z</when>
        <gx:coord>12.085647 51.54332 238.20079</gx:coord>
        <when>2025-01-01T00:37:32.3154080Z</when>
        <gx:coord>12.083371 51.543987 224.8037</gx:coord>
        <when>2025-01-01T00:37:34.0924080Z</when>
        <gx:coord>12.082457 51.54423 220.05869</gx:coord>
        <when>2025-01-01T00:37:37.3024080Z</when>
        <gx:coord>12.0810995 51.544594 210.46432</gx:coord>
        <when>2025-01-01T00:37:42.3024080Z</when>
        <gx:coord>12.078922 51.545223 199.7223</gx:coord>
        <when>2025-01-01T00:37:47.0934080Z</when>
        <gx:coord>12.076784 51.545856 187.83798</gx:coord>
        <when>2025-01-01T00:37:47.3034080Z</when>
        <gx:coord>12.076784 51.545856 187.83798</gx:coord>
        <when>2025-01-01T00:37:52.3024080Z</when>
        <gx:coord>12.074637 51.546463 179.96722</gx:coord>
        <when>2025-01-01T00:37:57.3124080Z</when>
        <gx:coord>12.07249 51.547043 173.24106</gx:coord>
        <when>2025-01-01T00:38:00.0954080Z</when>
        <gx:coord>12.07122 51.547394 170.80907</gx:coord>
        <when>2025-01-01T00:38:02.3024080Z</when>
        <gx:coord>12.070383 51.54765 162.3681</gx:coord>
        <when>2025-01-01T00:38:04.0924080Z</when>
        <gx:coord>12.069547 51.547913 156.58038</gx:coord>
        <when>2025-01-01T00:38:07.3034080Z</when>
        <gx:coord>12.068299 51.5483 149.03038</gx:coord>
        <when>2025-01-01T00:38:12.3034080Z</when>
        <gx:coord>12.066174 51.54889 136.77223</gx:coord>
        <when>2025-01-01T00:38:15.0974080Z</when>
        <gx:coord>12.065333 51.549118 131.84288</gx:coord>
        <when>2025-01-01T00:38:17.3034080Z</when>
        <gx:coord>12.064086 51.549458 126.271904</gx:coord>
        <when>2025-01-01T00:38:18.0954080Z</when>
        <gx:coord>12.063671 51.549576 124.2152</gx:coord>
        <when>2025-01-01T00:38:22.3034080Z</when>
        <gx:coord>12.0620165 51.55006 115.73635</gx:coord>
        <when>2025-01-01T00:38:27.3024080Z</when>
        <gx:coord>12.059967 51.55067 109.190445</gx:coord>
        <when>2025-01-01T00:38:32.3034080Z</when>
        <gx:coord>12.057691 51.551304 110.04708</gx:coord>
        <when>2025-01-01T00:38:36.0924080Z</when>
        <gx:coord>12.056256 51.551704 113.86975</gx:coord>
        <when>2025-01-01T00:38:37.3034080Z</when>
        <gx:coord>12.05527 51.551987 118.64018</gx:coord>
        <when>2025-01-01T00:38:42.3024080Z</when>
        <gx:coord>12.052827 51.552643 142.90472</gx:coord>
        <when>2025-01-01T00:38:44.0934080Z</when>
        <gx:coord>12.0519 51.552895 155.05334</gx:coord>
        <when>2025-01-01T00:38:47.3014080Z</when>
        <gx:coord>12.050588 51.553272 172.44748</gx:coord>
        <when>2025-01-01T00:38:51.1014080Z</when>
        <gx:coord>12.048899 51.553783 186.80669</gx:coord>
        <when>2025-01-01T00:38:52.3024080Z</when>
        <gx:coord>12.048481 51.553913 189.03563</gx:coord>
        <when>2025-01-01T00:38:56.0974080Z</when>
        <gx:coord>12.046789 51.554386 200.11362</gx:coord>
        <when>2025-01-01T00:38:57.3144080Z</when>
        <gx:coord>12.046363 51.554493 209.60576</gx:coord>
        <when>2025-01-01T00:38:58.0924080Z</when>
        <gx:coord>12.046363 51.554493 209.60576</gx:coord>
        <when>2025-01-01T00:38:59.0944080Z</when>
        <gx:coord>12.045514 51.55471 218.24628</gx:coord>
        <when>2025-01-01T00:39:02.3044080Z</when>
        <gx:coord>12.0442295 51.555077 227.586</gx:coord>
        <when>2025-01-01T00:39:07.3024080Z</when>
        <gx:coord>12.042058 51.55574 242.6162</gx:coord>
        <when>2025-01-01T00:39:09.0894080Z</when>
        <gx:coord>12.041194 51.556007 250.98834</gx:coord>
        <when>2025-01-01T00:39:12.3024080Z</when>
        <gx:coord>12.039927 51.556404 264.46222</gx:coord>
        <when>2025-01-01T00:39:17.3024080Z</when>
        <gx:coord>12.037836 51.557053 276.6913</gx:coord>
        <when>2025-01-01T00:39:20.0924080Z</when>
        <gx:coord>12.036468 51.55745 281.57062</gx:coord>
        <when>2025-01-01T00:39:22.3034080Z</when>
        <gx:coord>12.035507 51.55772 286.85855</gx:coord>
        <when>2025-01-01T00:39:23.0964080Z</when>
        <gx:coord>12.035507 51.55772 286.85855</gx:coord>
        <when>2025-01-01T00:39:27.3024080Z</when>
        <gx:coord>12.033104 51.55847 303.82874</gx:coord>
        <when>2025-01-01T00:39:29.0924080Z</when>
        <gx:coord>12.032156 51.558792 312.05927</gx:coord>
        <when>2025-01-01T00:39:32.3024080Z</when>
        <gx:coord>12.030744 51.559277 324.19714</gx:coord>
        <when>2025-01-01T00:39:37.0964080Z</when>
        <gx:coord>12.0283785 51.560085 343.66138</gx:coord>
        <when>2025-01-01T00:39:37.3024080Z</when>
        <gx:coord>12.0283785 51.560085 343.66138</gx:coord>
        <when>2025-01-01T00:39:42.3024080Z</when>
        <gx:coord>12.026005 51.56088 360.24536</gx:coord>
        <when>2025-01-01T00:39:47.3034080Z</when>
        <gx:coord>12.023375 51.561653 362.5711</gx:coord>
        <when>2025-01-01T00:39:48.0994080Z</when>
        <gx:coord>12.022802 51.561764 362.5711</gx:coord>
        <when>2025-01-01T00:39:49.0934080Z</when>
        <gx:coord>12.022802 51.561764 365.56537</gx:coord>
        <when>2025-01-01T00:39:52.0954080Z</when>
        <gx:coord>12.021018 51.56193 371.00818</gx:coord>
        <when>2025-01-01T00:39:52.0974080Z</when>
        <gx:coord>12.021018 51.56193 371.00818</gx:coord>
        <when>2025-01-01T00:39:52.3024080Z</when>
        <gx:coord>12.020408 51.561928 372.92923</gx:coord>
        <when>2025-01-01T00:39:53.0944080Z</when>
        <gx:coord>12.019797 51.56189 375.4857</gx:coord>
        <when>2025-01-01T00:39:54.0944080Z</when>
        <gx:coord>12.019797 51.56189 375.4857</gx:coord>
        <when>2025-01-01T00:39:57.0964080Z</when>
        <gx:coord>12.018022 51.561577 383.317</gx:coord>
        <when>2025-01-01T00:39:57.3124080Z</when>
        <gx:coord>12.017446 51.561428 384.38507</gx:coord>
        <when>2025-01-01T00:40:01.0944080Z</when>
        <gx:coord>12.015729 51.560863 380.1523</gx:coord>
        <when>2025-01-01T00:40:02.0944080Z</when>
        <gx:coord>12.015161 51.56064 377.87167</gx:coord>
        <when>2025-01-01T00:40:02.3094080Z</when>
        <gx:coord>12.014593 51.560394 375.17123</gx:coord>
        <when>2025-01-01T00:40:06.0964080Z</when>
        <gx:coord>12.012949 51.55955 369.5826</gx:coord>
        <when>2025-01-01T00:40:07.3034080Z</when>
        <gx:coord>12.011932 51.558907 367.3749</gx:coord>
        <when>2025-01-01T00:40:12.3024080Z</when>
        <gx:coord>12.009527 51.557163 360.71597</gx:coord>
        <when>2025-01-01T00:40:15.0964080Z</when>
        <gx:coord>12.008633 51.55642 359.2736</gx:coord>
        <when>2025-01-01T00:40:17.3024080Z</when>
        <gx:coord>12.0073595 51.55526 356.31384</gx:coord>
        <when>2025-01-01T00:40:19.0934080Z</when>
        <gx:coord>12.006966 51.554855 356.66196</gx:coord>
        <when>2025-01-01T00:40:22.0944080Z</when>
        <gx:coord>12.005913 51.553585 359.71188</gx:coord>
        <when>2025-01-01T00:40:22.3024080Z</when>
        <gx:coord>12.00561 51.55315 360.74405</gx:coord>
        <when>2025-01-01T00:40:27.0964080Z</when>
        <gx:coord>12.004613 51.55137 365.90582</gx:coord>
        <when>2025-01-01T00:40:27.3024080Z</when>
        <gx:coord>12.004457 51.55091 367.8954</gx:coord>
        <when>2025-01-01T00:40:30.0974080Z</when>
        <gx:coord>12.004334 51.549988 374.68668</gx:coord>
        <when>2025-01-01T00:40:30.1044080Z</when>
        <gx:coord>12.004367 51.549526 374.68668</gx:coord>
        <when>2025-01-01T00:40:32.3024080Z</when>
        <gx:coord>12.004607 51.54862 384.97736</gx:coord>
        <when>2025-01-01T00:40:33.0974080Z</when>
        <gx:coord>12.004607 51.54862 384.97736</gx:coord>
        <when>2025-01-01T00:40:36.0964080Z</when>
        <gx:coord>12.005356 51.547333 392.23672</gx:coord>
        <when>2025-01-01T00:40:37.3184080Z</when>
        <gx:coord>12.0061 51.546528 392.011</gx:coord>
        <when>2025-01-01T00:40:39.0964080Z</when>
        <gx:coord>12.006547 51.546146 390.59415</gx:coord>
        <when>2025-01-01T00:40:42.0934080Z</when>
        <gx:coord>12.008179 51.54512 386.59128</gx:coord>
        <when>2025-01-01T00:40:42.3024080Z</when>
        <gx:coord>12.00881 51.544823 384.54178</gx:coord>
        <when>2025-01-01T00:40:45.1034080Z</when>
        <gx:coord>12.010181 51.544308 378.9809</gx:coord>
        <when>2025-01-01T00:40:47.3114080Z</when>
        <gx:coord>12.012454 51.54369 365.85464</gx:coord>
        <when>2025-01-01T00:40:48.0944080Z</when>
        <gx:coord>12.012454 51.54369 365.85464</gx:coord>
        <when>2025-01-01T00:40:52.3014080Z</when>
        <gx:coord>12.016478 51.54271 353.0118</gx:coord>
        <when>2025-01-01T00:40:57.3254080Z</when>
        <gx:coord>12.020477 51.5417 362.89566</gx:coord>
        <when>2025-01-01T00:41:02.3024080Z</when>
        <gx:coord>12.024357 51.540684 374.56256</gx:coord>
        <when>2025-01-01T00:41:05.1024080Z</when>
        <gx:coord>12.026659 51.540066 375.82187</gx:coord>
        <when>2025-01-01T00:41:07.3024080Z</when>
        <gx:coord>12.028186 51.539642 378.1208</gx:coord>
        <when>2025-01-01T00:41:12.3024080Z</when>
        <gx:coord>12.032023 51.538578 372.2251</gx:coord>
        <when>2025-01-01T00:41:17.3024080Z</when>
        <gx:coord>12.035863 51.537422 368.2977</gx:coord>
        <when>2025-01-01T00:41:22.3024080Z</when>
        <gx:coord>12.039657 51.536198 367.7288</gx:coord>
        <when>2025-01-01T00:41:27.3024080Z</when>
        <gx:coord>12.043357 51.534885 370.0824</gx:coord>
        <when>2025-01-01T00:41:32.3024080Z</when>
        <gx:coord>12.047034 51.533607 374.54236</gx:coord>
        <when>2025-01-01T00:41:37.0994080Z</when>
        <gx:coord>12.050587 51.53248 375.9084</gx:coord>
        <when>2025-01-01T00:41:37.3024080Z</when>
        <gx:coord>12.050587 51.53248 376.30154</gx:coord>
        <when>2025-01-01T00:41:38.0934080Z</when>
        <gx:coord>12.050587 51.53248 376.30154</gx:coord>
        <when>2025-01-01T00:41:42.3024080Z</when>
        <gx:coord>12.05388 51.53148 378.22485</gx:coord>
        <when>2025-01-01T00:41:45.0944080Z</when>
        <gx:coord>12.055137 51.531113 380.30203</gx:coord>
        <when>2025-01-01T00:41:47.3024080Z</when>
        <gx:coord>12.056958 51.530582 385.30936</gx:coord>
        <when>2025-01-01T00:41:52.3024080Z</when>
        <gx:coord>12.059885 51.52973 384.19785</gx:coord>
        <when>2025-01-01T00:41:57.3164080Z</when>
        <gx:coord>12.062783 51.528896 372.41263</gx:coord>
        <when>2025-01-01T00:42:02.3024080Z</when>
        <gx:coord>12.0656395 51.528072 360.64243</gx:coord>
        <when>2025-01-01T00:42:07.3024080Z</when>
        <gx:coord>12.068466 51.527245 352.26138</gx:coord>
        <when>2025-01-01T00:42:11.0914080Z</when>
        <gx:coord>12.070122 51.526745 353.27188</gx:coord>
        <when>2025-01-01T00:42:12.3014080Z</when>
        <gx:coord>12.071213 51.526436 355.8369</gx:coord>
        <when>2025-01-01T00:42:14.0984080Z</when>
        <gx:coord>12.071772 51.52631 356.64505</gx:coord>
        <when>2025-01-01T00:42:16.0954080Z</when>
        <gx:coord>12.07293 51.526154 356.26105</gx:coord>
        <when>2025-01-01T00:42:17.3024080Z</when>
        <gx:coord>12.07412 51.52612 353.38626</gx:coord>
        <when>2025-01-01T00:42:19.0964080Z</when>
        <gx:coord>12.074718 51.526146 351.177</gx:coord>
        <when>2025-01-01T00:42:20.1054080Z</when>
        <gx:coord>12.075915 51.52628 349.18283</gx:coord>
        <when>2025-01-01T00:42:22.0944080Z</when>
        <gx:coord>12.0765085 51.526386 347.388</gx:coord>
        <when>2025-01-01T00:42:22.3034080Z</when>
        <gx:coord>12.077087 51.52652 346.59518</gx:coord>
        <when>2025-01-01T00:42:25.1004080Z</when>
        <gx:coord>12.078178 51.52687 346.05304</gx:coord>
        <when>2025-01-01T00:42:27.0964080Z</when>
        <gx:coord>12.079131 51.527336 346.92096</gx:coord>
        <when>2025-01-01T00:42:27.3024080Z</when>
        <gx:coord>12.079547 51.527603 346.69653</gx:coord>
        <when>2025-01-01T00:42:29.0964080Z</when>
        <gx:coord>12.080259 51.52819 343.6538</gx:coord>
        <when>2025-01-01T00:42:30.0954080Z</when>
        <gx:coord>12.080259 51.52819 343.6538</gx:coord>
        <when>2025-01-01T00:42:32.3034080Z</when>
        <gx:coord>12.081087 51.52916 333.594</gx:coord>
        <when>2025-01-01T00:42:35.0934080Z</when>
        <gx:coord>12.081557 51.529854 323.77155</gx:coord>
        <when>2025-01-01T00:42:37.0944080Z</when>
        <gx:coord>12.082257 51.530922 310.1354</gx:coord>
        <when>2025-01-01T00:42:37.3024080Z</when>
        <gx:coord>12.082257 51.530922 310.1354</gx:coord>
        <when>2025-01-01T00:42:42.3024080Z</when>
        <gx:coord>12.083561 51.53271 300.30765</gx:coord>
        <when>2025-01-01T00:42:47.3024080Z</when>
        <gx:coord>12.084893 51.53449 296.68936</gx:coord>
        <when>2025-01-01T00:42:52.3024080Z</when>
        <gx:coord>12.086128 51.536266 291.34335</gx:coord>
        <when>2025-01-01T00:42:55.0964080Z</when>
        <gx:coord>12.086441 51.537 289.3026</gx:coord>
        <when>2025-01-01T00:42:57.3304080Z</when>
        <gx:coord>12.086592 51.538094 286.78433</gx:coord>
        <when>2025-01-01T00:42:59.0934080Z</when>
        <gx:coord>12.086582 51.538452 285.16736</gx:coord>
        <when>2025-01-01T00:43:01.0944080Z</when>
        <gx:coord>12.086371 51.539497 277.82483</gx:coord>
        <when>2025-01-01T00:43:02.3024080Z</when>
        <gx:coord>12.0862465 51.539837 275.32132</gx:coord>
        <when>2025-01-01T00:43:03.0954080Z</when>
        <gx:coord>12.0862465 51.539837 275.32132</gx:coord>
        <when>2025-01-01T00:43:06.0924080Z</when>
        <gx:coord>12.085709 51.54081 273.06772</gx:coord>
        <when>2025-01-01T00:43:07.3014080Z</when>
        <gx:coord>12.085204 51.541416 271.17426</gx:coord>
        <when>2025-01-01T00:43:10.0974080Z</when>
        <gx:coord>12.084307 51.542267 266.49484</gx:coord>
        <when>2025-01-01T00:43:11.0944080Z</when>
        <gx:coord>12.084307 51.542267 263.25592</gx:coord>
        <when>2025-01-01T00:43:12.3024080Z</when>
        <gx:coord>12.083634 51.542797 256.89145</gx:coord>
        <when>2025-01-01T00:43:16.0974080Z</when>
        <gx:coord>12.082152 51.543766 245.00153</gx:coord>
        <when>2025-01-01T00:43:17.0964080Z</when>
        <gx:coord>12.082152 51.543766 245.00153</gx:coord>
        <when>2025-01-01T00:43:17.3024080Z</when>
        <gx:coord>12.081759 51.543987 241.34961</gx:coord>
        <when>2025-01-01T00:43:18.0964080Z</when>
        <gx:coord>12.081759 51.543987 241.34961</gx:coord>
        <when>2025-01-01T00:43:21.0984080Z</when>
        <gx:coord>12.080525 51.54456 235.08469</gx:coord>
        <when>2025-01-01T00:43:22.3024080Z</when>
        <gx:coord>12.079685 51.544876 231.566</gx:coord>
        <when>2025-01-01T00:43:27.3024080Z</when>
        <gx:coord>12.077621 51.545574 215.39262</gx:coord>
        <when>2025-01-01T00:43:28.0954080Z</when>
        <gx:coord>12.077211 51.545708 211.83481</gx:coord>
        <when>2025-01-01T00:43:32.0934080Z</when>
        <gx:coord>12.075983 51.546074 202.7503</gx:coord>
        <when>2025-01-01T00:43:32.3024080Z</when>
        <gx:coord>12.075575 51.546185 199.15675</gx:coord>
        <when>2025-01-01T00:43:37.3144080Z</when>
        <gx:coord>12.073536 51.546726 182.96405</gx:coord>
        <when>2025-01-01T00:43:38.0944080Z</when>
        <gx:coord>12.073127 51.54684 179.85786</gx:coord>
        <when>2025-01-01T00:43:42.3024080Z</when>
        <gx:coord>12.071517 51.54731 168.57611</gx:coord>
        <when>2025-01-01T00:43:47.3024080Z</when>
        <gx:coord>12.06952 51.547913 154.87944</gx:coord>
        <when>2025-01-01T00:43:50.0964080Z</when>
        <gx:coord>12.068268 51.548267 147.93826</gx:coord>
        <when>2025-01-01T00:43:52.3024080Z</when>
        <gx:coord>12.067435 51.54851 143.60483</gx:coord>
        <when>2025-01-01T00:43:57.3184080Z</when>
        <gx:coord>12.065347 51.549084 134.43279</gx:coord>
        <when>2025-01-01T00:44:02.3024080Z</when>
        <gx:coord>12.06331 51.549675 123.765434</gx:coord>
        <when>2025-01-01T00:44:06.0984080Z</when>
        <gx:coord>12.061751 51.55012 115.26748</gx:coord>
        <when>2025-01-01T00:44:07.3024080Z</when>
        <gx:coord>12.061366 51.550232 112.86286</gx:coord>
        <when>2025-01-01T00:44:09.0994080Z</when>
        <gx:coord>12.060611 51.550453 110.59504</gx:coord>
        <when>2025-01-01T00:44:12.3024080Z</when>
        <gx:coord>12.059521 51.55076 107.78346</gx:coord>
        <when>2025-01-01T00:44:14.0954080Z</when>
        <gx:coord>12.059176 51.550858 107.67445</gx:coord>
        <when>2025-01-01T00:44:17.3024080Z</when>
        <gx:coord>12.057894 51.55122 107.98198</gx:coord>
        <when>2025-01-01T00:44:22.3024080Z</when>
        <gx:coord>12.056448 51.551624 108.06042</gx:coord>
        <when>2025-01-01T00:44:24.0954080Z</when>
        <gx:coord>12.05618 51.551704 108.10501</gx:coord>
        <when>2025-01-01T00:44:27.3024080Z</when>
        <gx:coord>12.055161 51.551994 108.260056</gx:coord>
        <when>2025-01-01T00:44:32.3024080Z</when>
        <gx:coord>12.05401 51.552322 108.675644</gx:coord>
        <when>2025-01-01T00:44:37.3024080Z</when>
        <gx:coord>12.052961 51.55262 109.042496</gx:coord>
        <when>2025-01-01T00:44:41.0944080Z</when>
        <gx:coord>12.0523615 51.55279 109.255775</gx:coord>
        <when>2025-01-01T00:44:42.3024080Z</when>
        <gx:coord>12.05197 51.552902 109.414246</gx:coord>
        <when>2025-01-01T00:44:47.3024080Z</when>
        <gx:coord>12.051038 51.553165 109.84082</gx:coord>
        <when>2025-01-01T00:44:49.0934080Z</when>
        <gx:coord>12.050858 51.553215 109.942726</gx:coord>
        <when>2025-01-01T00:44:52.3024080Z</when>
        <gx:coord>12.05015 51.553413 110.43261</gx:coord>
        <when>2025-01-01T00:44:57.3144080Z</when>
        <gx:coord>12.049284 51.553658 110.91307</gx:coord>
        <when>2025-01-01T00:45:02.3024080Z</when>
        <gx:coord>12.048487 51.55389 111.57906</gx:coord>
        <when>2025-01-01T00:45:06.0944080Z</when>
        <gx:coord>12.048073 51.55401 111.88048</gx:coord>
        <when>2025-01-01T00:45:07.3024080Z</when>
        <gx:coord>12.047838 51.55408 112.06089</gx:coord>
        <when>2025-01-01T00:45:12.3024080Z</when>
        <gx:coord>12.047374 51.554203 112.38727</gx:coord>
        <when>2025-01-01T00:45:17.3024080Z</when>
        <gx:coord>12.047036 51.55429 112.62068</gx:coord>
        <when>2025-01-01T00:45:18.0934080Z</when>
        <gx:coord>12.047036 51.55429 112.62068</gx:coord>
        <when>2025-01-01T00:45:18.0954080Z</when>
        <gx:coord>12.047036 51.55429 112.62068</gx:coord>
        <when>2025-01-01T00:45:19.0934080Z</when>
        <gx:coord>12.046981 51.55429 112.60052</gx:coord>
        <when>2025-01-01T00:45:21.0934080Z</when>
        <gx:coord>12.046881 51.554276 112.55067</gx:coord>
        <when>2025-01-01T00:45:21.1064080Z</when>
        <gx:coord>12.046836 51.55426 112.5034</gx:coord>
        <when>2025-01-01T00:45:22.3024080Z</when>
        <gx:coord>12.046796 51.55424 112.442856</gx:coord>
        <when>2025-01-01T00:45:23.0964080Z</when>
        <gx:coord>12.046796 51.55424 112.442856</gx:coord>
        <when>2025-01-01T00:45:25.0934080Z</when>
        <gx:coord>12.046727 51.55419 112.52966</gx:coord>
        <when>2025-01-01T00:45:27.0944080Z</when>
        <gx:coord>12.046689 51.554127 112.56515</gx:coord>
        <when>2025-01-01T00:45:27.3024080Z</when>
        <gx:coord>12.046682 51.554092 112.52019</gx:coord>
        <when>2025-01-01T00:45:29.0954080Z</when>
        <gx:coord>12.046681 51.55406 112.5258</gx:coord>
        <when>2025-01-01T00:45:32.3024080Z</when>
        <gx:coord>12.046686 51.55395 112.40973</gx:coord>
        <when>2025-01-01T00:45:37.3014080Z</when>
        <gx:coord>12.046686 51.553932 112.43564</gx:coord>
        <when>2025-01-01T00:45:42.3024080Z</when>
        <gx:coord>12.046685 51.553932 112.46036</gx:coord>
        <when>2025-01-01T00:45:47.3024080Z</when>
        <gx:coord>12.046684 51.553932 112.469284</gx:coord>
        <when>2025-01-01T00:45:52.3024080Z</when>
        <gx:coord>12.046684 51.553932 112.469284</gx:coord>
        <when>2025-01-01T00:45:57.3154080Z</when>
        <gx:coord>12.046685 51.553932 112.49157</gx:coord>
        <when>2025-01-01T00:46:02.3024080Z</when>
        <gx:coord>12.046684 51.553932 112.51239</gx:coord>
        <when>2025-01-01T00:46:07.3024080Z</when>
        <gx:coord>12.046684 51.553932 112.5124</gx:coord>
        <when>2025-01-01T00:46:12.3014080Z</when>
        <gx:coord>12.046684 51.553932 112.55569</gx:coord>
        <when>2025-01-01T00:46:17.3024080Z</when>
        <gx:coord>12.046684 51.55393 112.48383</gx:coord>
        <when>2025-01-01T00:46:22.3024080Z</when>
        <gx:coord>12.046691 51.553894 112.44954</gx:coord>
        <when>2025-01-01T00:46:27.3024080Z</when>
        <gx:coord>12.046695 51.553715 112.31893</gx:coord>
        <when>2025-01-01T00:46:32.3014080Z</when>
        <gx:coord>12.046698 51.553516 112.132256</gx:coord>
        <when>2025-01-01T00:46:37.3024080Z</when>
        <gx:coord>12.046704 51.55334 111.97142</gx:coord>
        <when>2025-01-01T00:46:40.0924080Z</when>
        <gx:coord>12.046713 51.553276 111.890076</gx:coord>
        <when>2025-01-01T00:46:42.0934080Z</when>
        <gx:coord>12.046742 51.553234 111.846466</gx:coord>
        <when>2025-01-01T00:46:42.3024080Z</when>
        <gx:coord>12.046765 51.55321 111.83294</gx:coord>
        <when>2025-01-01T00:46:44.0934080Z</when>
        <gx:coord>12.046795 51.553192 111.818794</gx:coord>
        <when>2025-01-01T00:46:47.0944080Z</when>
        <gx:coord>12.046903 51.553146 111.62999</gx:coord>
        <when>2025-01-01T00:46:47.3024080Z</when>
        <gx:coord>12.046946 51.55313 111.55619</gx:coord>
        <when>2025-01-01T00:46:52.3024080Z</when>
        <gx:coord>12.047186 51.553062 111.43379</gx:coord>
        <when>2025-01-01T00:46:57.3204080Z</when>
        <gx:coord>12.047462 51.552986 111.20589</gx:coord>
        <when>2025-01-01T00:47:02.3024080Z</when>
        <gx:coord>12.047784 51.552895 110.99683</gx:coord>
        <when>2025-01-01T00:47:07.3024080Z</when>
        <gx:coord>12.048163 51.552788 110.62067</gx:coord>
        <when>2025-01-01T00:47:12.3024080Z</when>
        <gx:coord>12.048605 51.552666 110.32328</gx:coord>
        <when>2025-01-01T00:47:17.3024080Z</when>
        <gx:coord>12.049103 51.552525 109.95107</gx:coord>
        <when>2025-01-01T00:47:22.3024080Z</when>
        <gx:coord>12.049657 51.55237 109.49938</gx:coord>
        <when>2025-01-01T00:47:25.0934080Z</when>
        <gx:coord>12.049889 51.5523 109.3465</gx:coord>
        <when>2025-01-01T00:47:27.3024080Z</when>
        <gx:coord>12.050243 51.5522 109.11898</gx:coord>
        <when>2025-01-01T00:47:32.3014080Z</when>
        <gx:coord>12.05086 51.552025 108.53291</gx:coord>
        <when>2025-01-01T00:47:37.3014080Z</when>
        <gx:coord>12.051495 51.551846 108.056496</gx:coord>
        <when>2025-01-01T00:47:42.3024080Z</when>
        <gx:coord>12.052137 51.55166 107.79116</gx:coord>
        <when>2025-01-01T00:47:47.3024080Z</when>
        <gx:coord>12.052801 51.551476 107.53073</gx:coord>
        <when>2025-01-01T00:47:52.3024080Z</when>
        <gx:coord>12.05348 51.551296 107.25254</gx:coord>
        <when>2025-01-01T00:47:57.3164080Z</when>
        <gx:coord>12.054134 51.55111 106.877686</gx:coord>
        <when>2025-01-01T00:48:02.3024080Z</when>
        <gx:coord>12.054759 51.550934 106.6559</gx:coord>
        <when>2025-01-01T00:48:07.3024080Z</when>
        <gx:coord>12.0553665 51.550762 106.78778</gx:coord>
        <when>2025-01-01T00:48:12.3024080Z</when>
        <gx:coord>12.055941 51.5506 106.65606</gx:coord>
        <when>2025-01-01T00:48:17.3024080Z</when>
        <gx:coord>12.056488 51.55044 106.72456</gx:coord>
        <when>2025-01-01T00:48:22.3024080Z</when>
        <gx:coord>12.057013 51.550293 106.83195</gx:coord>
        <when>2025-01-01T00:48:27.3024080Z</when>
        <gx:coord>12.057483 51.550163 106.84061</gx:coord>
        <when>2025-01-01T00:48:32.3024080Z</when>
        <gx:coord>12.057842 51.550068 106.93605</gx:coord>
        <when>2025-01-01T00:48:36.0924080Z</when>
        <gx:coord>12.058005 51.550014 106.92405</gx:coord>
        <when>2025-01-01T00:48:36.0934080Z</when>
        <gx:coord>12.058005 51.550014 106.92405</gx:coord>
        <when>2025-01-01T00:48:37.3024080Z</when>
        <gx:coord>12.05808 51.54997 106.82747</gx:coord>
        <when>2025-01-01T00:48:38.0934080Z</when>
        <gx:coord>12.05808 51.54997 106.82747</gx:coord>
        <when>2025-01-01T00:48:40.0934080Z</when>
        <gx:coord>12.05813 51.549915 106.876015</gx:coord>
        <when>2025-01-01T00:48:42.0944080Z</when>
        <gx:coord>12.058154 51.549862 106.876434</gx:coord>
        <when>2025-01-01T00:48:42.3024080Z</when>
        <gx:coord>12.058155 51.54984 106.91045</gx:coord>
        <when>2025-01-01T00:48:44.0944080Z</when>
        <gx:coord>12.058151 51.549816 106.94237</gx:coord>
        <when>2025-01-01T00:48:47.3024080Z</when>
        <gx:coord>12.058115 51.549736 106.88079</gx:coord>
        <when>2025-01-01T00:48:52.3024080Z</when>
        <gx:coord>12.058058 51.549603 106.870026</gx:coord>
        <when>2025-01-01T00:48:57.3164080Z</when>
        <gx:coord>12.05799 51.549442 106.85996</gx:coord>
        <when>2025-01-01T00:49:02.3024080Z</when>
        <gx:coord>12.05792 51.549282 106.79706</gx:coord>
        <when>2025-01-01T00:49:07.0974080Z</when>
        <gx:coord>12.057887 51.54919 106.70282</gx:coord>
        <when>2025-01-01T00:49:07.3024080Z</when>
        <gx:coord>12.057889 51.54917 106.69553</gx:coord>
        <when>2025-01-01T00:49:09.0924080Z</when>
        <gx:coord>12.057897 51.549152 106.677315</gx:coord>
        <when>2025-01-01T00:49:10.0954080Z</when>
        <gx:coord>12.057911 51.549137 106.59891</gx:coord>
        <when>2025-01-01T00:49:12.0954080Z</when>
        <gx:coord>12.057956 51.549107 106.62813</gx:coord>
        <when>2025-01-01T00:49:12.3024080Z</when>
        <gx:coord>12.057982 51.549095 106.71934</gx:coord>
        <when>2025-01-01T00:49:14.0914080Z</when>
        <gx:coord>12.058008 51.549088 106.70519</gx:coord>
        <when>2025-01-01T00:49:17.3024080Z</when>
        <gx:coord>12.058116 51.549057 106.731926</gx:coord>
        <when>2025-01-01T00:49:22.3024080Z</when>
        <gx:coord>12.058248 51.54903 106.90094</gx:coord>
        <when>2025-01-01T00:49:23.0954080Z</when>
        <gx:coord>12.058248 51.54903 106.90094</gx:coord>
        <when>2025-01-01T00:49:24.0954080Z</when>
        <gx:coord>12.058265 51.54902 106.90825</gx:coord>
        <when>2025-01-01T00:49:25.0974080Z</when>
        <gx:coord>12.058279 51.549007 106.91843</gx:coord>
        <when>2025-01-01T00:49:26.0934080Z</when>
        <gx:coord>12.058289 51.548992 107.01414</gx:coord>
        <when>2025-01-01T00:49:27.0934080Z</when>
        <gx:coord>12.058292 51.548977 106.99252</gx:coord>
        <when>2025-01-01T00:49:27.3024080Z</when>
        <gx:coord>12.058292 51.548965 107.024315</gx:coord>
        <when>2025-01-01T00:49:29.0954080Z</when>
        <gx:coord>12.058289 51.54895 107.06905</gx:coord>
        <when>2025-01-01T00:49:32.3024080Z</when>
        <gx:coord>12.058266 51.548897 107.15851</gx:coord>
        <when>2025-01-01T00:49:37.3024080Z</when>
        <gx:coord>12.05824 51.54881 107.30727</gx:coord>
        <when>2025-01-01T00:49:40.0924080Z</when>
        <gx:coord>12.058223 51.54877 107.35959</gx:coord>
        <when>2025-01-01T00:49:42.0964080Z</when>
        <gx:coord>12.058198 51.54874 107.395996</gx:coord>
        <when>2025-01-01T00:49:42.3024080Z</when>
        <gx:coord>12.058183 51.548725 107.4487</gx:coord>
        <when>2025-01-01T00:49:44.0934080Z</when>
        <gx:coord>12.058163 51.548714 107.41592</gx:coord>
        <when>2025-01-01T00:49:45.0964080Z</when>
        <gx:coord>12.058142 51.548702 107.46011</gx:coord>
        <when>2025-01-01T00:49:47.1004080Z</when>
        <gx:coord>12.058094 51.548695 107.524704</gx:coord>
        <when>2025-01-01T00:49:47.3024080Z</when>
        <gx:coord>12.05807 51.548695 107.50196</gx:coord>
        <when>2025-01-01T00:49:49.0934080Z</when>
        <gx:coord>12.05805 51.548695 107.51937</gx:coord>
        <when>2025-01-01T00:49:52.0904080Z</when>
        <gx:coord>12.057999 51.5487 107.511314</gx:coord>
        <when>2025-01-01T00:49:52.3024080Z</when>
        <gx:coord>12.0579815 51.548702 107.38753</gx:coord>
        <when>2025-01-01T00:49:57.3164080Z</when>
        <gx:coord>12.057914 51.548714 107.35412</gx:coord>
        <when>2025-01-01T00:50:02.3024080Z</when>
        <gx:coord>12.0578985 51.548714 107.34918</gx:coord>
        <when>2025-01-01T00:50:07.3024080Z</when>
        <gx:coord>12.057898 51.548714 107.20415</gx:coord>
        <when>2025-01-01T00:50:12.3024080Z</when>
        <gx:coord>12.0578985 51.548714 107.06313</gx:coord>
        <when>2025-01-01T00:50:17.3024080Z</when>
        <gx:coord>12.0578985 51.548714 107.06313</gx:coord>
        <when>2025-01-01T00:50:22.3024080Z</when>
        <gx:coord>12.0579 51.548714 107.2506</gx:coord>
        <when>2025-01-01T00:50:27.3014080Z</when>
        <gx:coord>12.0579 51.548714 107.2506</gx:coord>
        <when>2025-01-01T00:50:32.3024080Z</when>
        <gx:coord>12.0579 51.548714 107.2506</gx:coord>
        <when>2025-01-01T00:50:35.3934080Z</when>
        <gx:coord>12.0579 51.548714 107.2506</gx:coord>
        <coordinates />
      </gx:Track>
    </Placemark>
    <Placemark>
      <name>Takeoff: 2025-01-01</name>
      <styleUrl>#downArrowIcon</styleUrl>
      <Point>
        <altitudeMode>relativeToGround</altitudeMode>
        <coordinates>12.060216,51.55057,20</coordinates>
      </Point>
    </Placemark>
    <Placemark>
      <name>Landing: 2025-01-01</name>
      <styleUrl>#downArrowIcon</styleUrl>
      <Point>
        <altitudeMode>relativeToGround</altitudeMode>
        <coordinates>12.046836,51.55426,20</coordinates>
      </Point>
    </Placemark>
    <Placemark>
      <name>Log Stop: 2025-01-01</name>
      <styleUrl>#downArrowIcon</styleUrl>
      <Point>
        <altitudeMode>relativeToGround</altitudeMode>
        <coordinates>12.0579,51.548714,20</coordinates>
      </Point>
    </Placemark>
  </Document>
</kml>
