<?xml version="1.0" encoding="utf-8"?>
<kml xmlns:gx="http://www.google.com/kml/ext/2.2" creator="kml-heatmap" xmlns="http://www.opengis.net/kml/2.2">
  <Document>
    <name>SkyDemon Track Log</name>
    <Style id="skydemonLogStyle">
      <LineStyle>
        <color>7f00ffff</color>
        <width>4</width>
      </LineStyle>
      <PolyStyle>
        <color>7fffa400</color>
      </PolyStyle>
    </Style>
    <Style id="downArrowIcon">
      <IconStyle>
        <href>http://maps.google.com/mapfiles/kml/pal4/icon28.png</href>
      </IconStyle>
    </Style>
    <Placemark>
      <name>Log Start: 2025-01-01</name>
      <styleUrl>#downArrowIcon</styleUrl>
      <Point>
        <altitudeMode>relativeToGround</altitudeMode>
        <coordinates>12.057732,51.54843,20</coordinates>
      </Point>
    </Placemark>
    <Placemark>
      <name>EDAQ Halle-Oppin - EDAQ Halle-Oppin</name>
      <styleUrl>#skydemonLogStyle</styleUrl>
      <gx:Track>
        <extrude>1</extrude>
        <altitudeMode>absolute</altitudeMode>
        <when>2025-01-01T00:00:00.0480830Z</when>
        <gx:coord>12.057732 51.54843 112.332</gx:coord>
        <when>2025-01-01T00:00:05.0490830Z</when>
        <gx:coord>12.057753 51.54843 112.332</gx:coord>
        <when>2025-01-01T00:00:10.0490830Z</when>
        <gx:coord>12.057753 51.54843 112.332</gx:coord>
        <when>2025-01-01T00:00:15.0490830Z</when>
        <gx:coord>12.057753 51.54841 112.332</gx:coord>
        <when>2025-01-01T00:00:20.0490830Z</when>
        <gx:coord>12.057753 51.54841 112.332</gx:coord>
        <when>2025-01-01T00:00:25.0490830Z</when>
        <gx:coord>12.057753 51.54841 112.332</gx:coord>
        <when>2025-01-01T00:00:30.0490830Z</when>
        <gx:coord>12.057753 51.54843 112.332</gx:coord>
        <when>2025-01-01T00:00:35.0490830Z</when>
        <gx:coord>12.057753 51.54843 112.332</gx:coord>
        <when>2025-01-01T00:00:40.0480830Z</when>
        <gx:coord>12.057774 51.54843 113.856</gx:coord>
        <when>2025-01-01T00:00:45.0490830Z</when>
        <gx:coord>12.057753 51.54843 113.856</gx:coord>
        <when>2025-01-01T00:00:50.0490830Z</when>
        <gx:coord>12.057753 51.54843 113.856</gx:coord>
        <when>2025-01-01T00:00:55.0490830Z</when>
        <gx:coord>12.057732 51.54843 113.856</gx:coord>
        <when>2025-01-01T00:01:00.0490830Z</when>
        <gx:coord>12.057753 51.54843 113.856</gx:coord>
        <when>2025-01-01T00:01:05.0490830Z</when>
        <gx:coord>12.057732 51.54843 113.856</gx:coord>
        <when>2025-01-01T00:01:10.0490830Z</when>
        <gx:coord>12.057732 51.54843 113.856</gx:coord>
        <when>2025-01-01T00:01:15.0490830Z</when>
        <gx:coord>12.057753 51.54843 113.856</gx:coord>
        <when>2025-01-01T00:01:20.0490830Z</when>
        <gx:coord>12.057753 51.54843 113.856</gx:coord>
        <when>2025-01-01T00:01:25.0490830Z</when>
        <gx:coord>12.057753 51.54843 113.856</gx:coord>
        <when>2025-01-01T00:01:30.0490830Z</when>
        <gx:coord>12.057753 51.54843 113.856</gx:coord>
        <when>2025-01-01T00:01:35.0490830Z</when>
        <gx:coord>12.057753 51.54843 113.856</gx:coord>
        <when>2025-01-01T00:01:40.0480830Z</when>
        <gx:coord>12.057732 51.54843 113.856</gx:coord>
        <when>2025-01-01T00:01:45.0480830Z</when>
        <gx:coord>12.057732 51.54841 113.856</gx:coord>
        <when>2025-01-01T00:01:50.0490830Z</when>
        <gx:coord>12.057753 51.54843 113.856</gx:coord>
        <when>2025-01-01T00:01:55.0490830Z</when>
        <gx:coord>12.057753 51.54841 113.856</gx:coord>
        <when>2025-01-01T00:02:00.0480830Z</when>
        <gx:coord>12.057753 51.54843 113.856</gx:coord>
        <when>2025-01-01T00:02:05.0480830Z</when>
        <gx:coord>12.057753 51.54843 113.856</gx:coord>
        <when>2025-01-01T00:02:10.0480830Z</when>
        <gx:coord>12.057753 51.54843 113.856</gx:coord>
        <when>2025-01-01T00:02:15.0480830Z</when>
        <gx:coord>12.057732 51.54843 113.856</gx:coord>
        <when>2025-01-01T00:02:17.1240830Z</when>
        <gx:coord>12.057688 51.54843 113.856</gx:coord>
        <when>2025-01-01T00:02:17.1240830Z</when>
        <gx:coord>12.057688 51.54843 113.856</gx:coord>
        <when>2025-01-01T00:02:19.0970830Z</when>
        <gx:coord>12.057624 51.548454 113.856</gx:coord>
        <when>2025-01-01T00:02:20.0480830Z</when>
        <gx:coord>12.057602 51.548454 113.856</gx:coord>
        <when>2025-01-01T00:02:20.0930830Z</when>
        <gx:coord>12.057602 51.548454 113.856</gx:coord>
        <when>2025-01-01T00:02:21.1100830Z</when>
        <gx:coord>12.057581 51.548473 113.856</gx:coord>
        <when>2025-01-01T00:02:22.0990830Z</when>
        <gx:coord>12.057581 51.548496 113.856</gx:coord>
        <when>2025-01-01T00:02:23.1010830Z</when>
        <gx:coord>12.05756 51.548515 113.856</gx:coord>
        <when>2025-01-01T00:02:24.1180830Z</when>
        <gx:coord>12.05756 51.54854 113.856</gx:coord>
        <when>2025-01-01T00:02:25.0480830Z</when>
        <gx:coord>12.05756 51.54856 113.856</gx:coord>
        <when>2025-01-01T00:02:30.0480830Z</when>
        <gx:coord>12.057624 51.548687 113.856</gx:coord>
        <when>2025-01-01T00:02:32.1230830Z</when>
        <gx:coord>12.057667 51.54875 113.856</gx:coord>
        <when>2025-01-01T00:02:35.0480830Z</when>
        <gx:coord>12.05771 51.54888 113.856</gx:coord>
        <when>2025-01-01T00:02:37.1150830Z</when>
        <gx:coord>12.057753 51.548965 113.856</gx:coord>
        <when>2025-01-01T00:02:40.0480830Z</when>
        <gx:coord>12.057817 51.549118 113.856</gx:coord>
        <when>2025-01-01T00:02:45.0480830Z</when>
        <gx:coord>12.057924 51.549374 113.856</gx:coord>
        <when>2025-01-01T00:02:50.0480830Z</when>
        <gx:coord>12.058031 51.549652 113.856</gx:coord>
        <when>2025-01-01T00:02:55.0480830Z</when>
        <gx:coord>12.058161 51.549934 113.856</gx:coord>
        <when>2025-01-01T00:03:00.0480830Z</when>
        <gx:coord>12.058289 51.550232 113.856</gx:coord>
        <when>2025-01-01T00:03:05.0480830Z</when>
        <gx:coord>12.058374 51.55047 113.856</gx:coord>
        <when>2025-01-01T00:03:10.0480830Z</when>
        <gx:coord>12.058439 51.550575 113.856</gx:coord>
        <when>2025-01-01T00:03:10.1250830Z</when>
        <gx:coord>12.058439 51.550575 113.856</gx:coord>
        <when>2025-01-01T00:03:10.1270830Z</when>
        <gx:coord>12.058439 51.550575 113.856</gx:coord>
        <when>2025-01-01T00:03:15.0480830Z</when>
        <gx:coord>12.058439 51.550575 113.856</gx:coord>
        <when>2025-01-01T00:03:20.0480830Z</when>
        <gx:coord>12.058439 51.550575 113.856</gx:coord>
        <when>2025-01-01T00:03:25.0480830Z</when>
        <gx:coord>12.058439 51.550575 113.856</gx:coord>
        <when>2025-01-01T00:03:30.0480830Z</when>
        <gx:coord>12.058439 51.550575 113.856</gx:coord>
        <when>2025-01-01T00:03:35.0480830Z</when>
        <gx:coord>12.058439 51.550575 113.856</gx:coord>
        <when>2025-01-01T00:03:40.0480830Z</when>
        <gx:coord>12.058439 51.550575 113.856</gx:coord>
        <when>2025-01-01T00:03:45.0470830Z</when>
        <gx:coord>12.058439 51.550575 113.856</gx:coord>
        <when>2025-01-01T00:03:50.0480830Z</when>
        <gx:coord>12.058439 51.550575 113.856</gx:coord>
        <when>2025-01-01T00:03:55.0480830Z</when>
        <gx:coord>12.058439 51.550575 113.856</gx:coord>
        <when>2025-01-01T00:04:00.0480830Z</when>
        <gx:coord>12.058439 51.550575 113.856</gx:coord>
        <when>2025-01-01T00:04:05.0480830Z</when>
        <gx:coord>12.058439 51.550575 113.856</gx:coord>
        <when>2025-01-01T00:04:10.0480830Z</when>
        <gx:coord>12.058439 51.550575 113.856</gx:coord>
        <when>2025-01-01T00:04:15.0470830Z</when>
        <gx:coord>12.058439 51.550575 113.856</gx:coord>
        <when>2025-01-01T00:04:20.0480830Z</when>
        <gx:coord>12.058439 51.550575 113.856</gx:coord>
        <when>2025-01-01T00:04:25.0480830Z</when>
        <gx:coord>12.058439 51.550575 113.856</gx:coord>
        <when>2025-01-01T00:04:30.0480830Z</when>
        <gx:coord>12.058439 51.550575 113.856</gx:coord>
        <when>2025-01-01T00:04:35.0480830Z</when>
        <gx:coord>12.058439 51.550575 113.856</gx:coord>
        <when>2025-01-01T00:04:40.0480830Z</when>
        <gx:coord>12.058439 51.550575 113.856</gx:coord>
        <when>2025-01-01T00:04:45.0480830Z</when>
        <gx:coord>12.058439 51.550575 113.856</gx:coord>
        <when>2025-01-01T00:04:50.0480830Z</when>
        <gx:coord>12.058439 51.550575 113.856</gx:coord>
        <when>2025-01-01T00:04:55.0480830Z</when>
        <gx:coord>12.058439 51.550575 113.856</gx:coord>
        <when>2025-01-01T00:05:00.0480830Z</when>
        <gx:coord>12.058439 51.550575 113.856</gx:coord>
        <when>2025-01-01T00:05:05.0480830Z</when>
        <gx:coord>12.058439 51.550575 113.856</gx:coord>
        <when>2025-01-01T00:05:10.0480830Z</when>
        <gx:coord>12.058439 51.550575 113.856</gx:coord>
        <when>2025-01-01T00:05:15.0480830Z</when>
        <gx:coord>12.058439 51.550575 113.856</gx:coord>
        <when>2025-01-01T00:05:20.0480830Z</when>
        <gx:coord>12.058439 51.550575 113.856</gx:coord>
        <when>2025-01-01T00:05:22.1040830Z</when>
        <gx:coord>12.05846 51.550575 113.856</gx:coord>
        <when>2025-01-01T00:05:25.0480830Z</when>
        <gx:coord>12.058482 51.55064 113.856</gx:coord>
        <when>2025-01-01T00:05:30.0480830Z</when>
        <gx:coord>12.058504 51.550747 113.856</gx:coord>
        <when>2025-01-01T00:05:35.0480830Z</when>
        <gx:coord>12.05859 51.5509 113.856</gx:coord>
        <when>2025-01-01T00:05:37.1040830Z</when>
        <gx:coord>12.058611 51.55094 113.856</gx:coord>
        <when>2025-01-01T00:05:39.1080830Z</when>
        <gx:coord>12.058654 51.550983 113.856</gx:coord>
        <when>2025-01-01T00:05:40.0480830Z</when>
        <gx:coord>12.058697 51.550983 113.856</gx:coord>
        <when>2025-01-01T00:05:40.0980830Z</when>
        <gx:coord>12.058697 51.550983 113.856</gx:coord>
        <when>2025-01-01T00:05:41.1010830Z</when>
        <gx:coord>12.05874 51.551006 113.856</gx:coord>
        <when>2025-01-01T00:05:42.1070830Z</when>
        <gx:coord>12.058783 51.551006 113.856</gx:coord>
        <when>2025-01-01T00:05:44.1280830Z</when>
        <gx:coord>12.058868 51.550983 113.856</gx:coord>
        <when>2025-01-01T00:05:45.0480830Z</when>
        <gx:coord>12.058911 51.550964 113.856</gx:coord>
        <when>2025-01-01T00:05:49.1300830Z</when>
        <gx:coord>12.059147 51.5509 113.856</gx:coord>
        <when>2025-01-01T00:05:50.0480830Z</when>
        <gx:coord>12.059212 51.550877 113.856</gx:coord>
        <when>2025-01-01T00:05:55.0480830Z</when>
        <gx:coord>12.059641 51.55077 113.856</gx:coord>
        <when>2025-01-01T00:06:00.0480830Z</when>
        <gx:coord>12.060113 51.55064 113.856</gx:coord>
        <when>2025-01-01T00:06:05.0480830Z</when>
        <gx:coord>12.060585 51.550514 113.856</gx:coord>
        <when>2025-01-01T00:06:07.1020830Z</when>
        <gx:coord>12.060736 51.55045 113.856</gx:coord>
        <when>2025-01-01T00:06:10.0480830Z</when>
        <gx:coord>12.060907 51.55036 113.856</gx:coord>
        <when>2025-01-01T00:06:14.1090830Z</when>
        <gx:coord>12.0611 51.550255 113.856</gx:coord>
        <when>2025-01-01T00:06:15.0480830Z</when>
        <gx:coord>12.061143 51.550232 113.856</gx:coord>
        <when>2025-01-01T00:06:15.1070830Z</when>
        <gx:coord>12.061143 51.550232 113.856</gx:coord>
        <when>2025-01-01T00:06:16.1020830Z</when>
        <gx:coord>12.061186 51.550232 113.856</gx:coord>
        <when>2025-01-01T00:06:17.1060830Z</when>
        <gx:coord>12.061207 51.550255 113.856</gx:coord>
        <when>2025-01-01T00:06:18.1040830Z</when>
        <gx:coord>12.061229 51.550278 113.856</gx:coord>
        <when>2025-01-01T00:06:19.0920830Z</when>
        <gx:coord>12.061229 51.550278 113.856</gx:coord>
        <when>2025-01-01T00:06:20.0480830Z</when>
        <gx:coord>12.061229 51.550297 113.856</gx:coord>
        <when>2025-01-01T00:06:20.1000830Z</when>
        <gx:coord>12.061229 51.550297 113.856</gx:coord>
        <when>2025-01-01T00:06:21.0980830Z</when>
        <gx:coord>12.061229 51.55032 113.856</gx:coord>
        <when>2025-01-01T00:06:22.0990830Z</when>
        <gx:coord>12.061207 51.55032 113.856</gx:coord>
        <when>2025-01-01T00:06:23.1140830Z</when>
        <gx:coord>12.061186 51.55032 113.856</gx:coord>
        <when>2025-01-01T00:06:25.0480830Z</when>
        <gx:coord>12.061165 51.55034 113.856</gx:coord>
        <when>2025-01-01T00:06:30.0480830Z</when>
        <gx:coord>12.061143 51.55034 113.856</gx:coord>
        <when>2025-01-01T00:06:35.0480830Z</when>
        <gx:coord>12.061143 51.55034 113.856</gx:coord>
        <when>2025-01-01T00:06:40.0480830Z</when>
        <gx:coord>12.061143 51.55034 113.856</gx:coord>
        <when>2025-01-01T00:06:45.0480830Z</when>
        <gx:coord>12.061014 51.55036 113.856</gx:coord>
        <when>2025-01-01T00:06:45.1210830Z</when>
        <gx:coord>12.061014 51.55036 113.856</gx:coord>
        <when>2025-01-01T00:06:48.1190830Z</when>
        <gx:coord>12.060714 51.55045 113.856</gx:coord>
        <when>2025-01-01T00:06:50.0480830Z</when>
        <gx:coord>12.060392 51.550556 113.856</gx:coord>
        <when>2025-01-01T00:06:51.1300830Z</when>
        <gx:coord>12.060177 51.5506 113.856</gx:coord>
        <when>2025-01-01T00:06:51.1300830Z</when>
        <gx:coord>12.060177 51.5506 113.856</gx:coord>
        <when>2025-01-01T00:06:54.1200830Z</when>
        <gx:coord>12.059448 51.55081 113.856</gx:coord>
        <when>2025-01-01T00:06:55.0480830Z</when>
        <gx:coord>12.059147 51.5509 113.856</gx:coord>
        <when>2025-01-01T00:06:58.1370830Z</when>
        <gx:coord>12.058139 51.551178 113.856</gx:coord>
        <when>2025-01-01T00:07:00.0480830Z</when>
        <gx:coord>12.057366 51.55139 115.38001</gx:coord>
        <when>2025-01-01T00:07:04.1250830Z</when>
        <gx:coord>12.0552845 51.55197 121.476</gx:coord>
        <when>2025-01-01T00:07:05.0480830Z</when>
        <gx:coord>12.0552845 51.55197 126.04801</gx:coord>
        <when>2025-01-01T00:07:10.0480830Z</when>
        <gx:coord>12.053183 51.55255 147.384</gx:coord>
        <when>2025-01-01T00:07:15.0480830Z</when>
        <gx:coord>12.051144 51.553066 168.72002</gx:coord>
        <when>2025-01-01T00:07:15.1380830Z</when>
        <gx:coord>12.050735 51.553173 174.816</gx:coord>
        <when>2025-01-01T00:07:20.0480830Z</when>
        <gx:coord>12.04917 51.55356 190.05602</gx:coord>
        <when>2025-01-01T00:07:24.1170830Z</when>
        <gx:coord>12.047195 51.55403 206.81999</gx:coord>
        <when>2025-01-01T00:07:25.0480830Z</when>
        <gx:coord>12.047195 51.55403 206.81999</gx:coord>
        <when>2025-01-01T00:07:30.0480830Z</when>
        <gx:coord>12.045242 51.554504 222.06001</gx:coord>
        <when>2025-01-01T00:07:35.0480830Z</when>
        <gx:coord>12.043312 51.555084 235.77599</gx:coord>
        <when>2025-01-01T00:07:35.1060830Z</when>
        <gx:coord>12.042925 51.55519 238.82399</gx:coord>
        <when>2025-01-01T00:07:40.0480830Z</when>
        <gx:coord>12.041252 51.55562 247.96802</gx:coord>
        <when>2025-01-01T00:07:45.0480830Z</when>
        <gx:coord>12.03917 51.556114 266.25598</gx:coord>
        <when>2025-01-01T00:07:45.1170830Z</when>
        <gx:coord>12.038741 51.55622 269.30402</gx:coord>
        <when>2025-01-01T00:07:50.0470830Z</when>
        <gx:coord>12.037132 51.556606 287.59198</gx:coord>
        <when>2025-01-01T00:07:53.1210830Z</when>
        <gx:coord>12.035522 51.55699 301.30798</gx:coord>
        <when>2025-01-01T00:07:55.0480830Z</when>
        <gx:coord>12.035114 51.5571 301.30798</gx:coord>
        <when>2025-01-01T00:07:55.1260830Z</when>
        <gx:coord>12.034707 51.557205 301.30798</gx:coord>
        <when>2025-01-01T00:07:58.1180830Z</when>
        <gx:coord>12.033827 51.5574 305.88</gx:coord>
        <when>2025-01-01T00:08:00.0480830Z</when>
        <gx:coord>12.032948 51.557613 308.92798</gx:coord>
        <when>2025-01-01T00:08:05.0480830Z</when>
        <gx:coord>12.030695 51.558235 321.12003</gx:coord>
        <when>2025-01-01T00:08:08.1190830Z</when>
        <gx:coord>12.028849 51.558796 331.78806</gx:coord>
        <when>2025-01-01T00:08:10.0480830Z</when>
        <gx:coord>12.0283985 51.558945 334.836</gx:coord>
        <when>2025-01-01T00:08:15.0480830Z</when>
        <gx:coord>12.026124 51.559654 356.17203</gx:coord>
        <when>2025-01-01T00:08:16.1200830Z</when>
        <gx:coord>12.025223 51.559933 365.31598</gx:coord>
        <when>2025-01-01T00:08:20.0480830Z</when>
        <gx:coord>12.02387 51.56034 374.46002</gx:coord>
        <when>2025-01-01T00:08:25.0480830Z</when>
        <gx:coord>12.021618 51.561028 389.7</gx:coord>
        <when>2025-01-01T00:08:26.1170830Z</when>
        <gx:coord>12.020695 51.561283 398.84402</gx:coord>
        <when>2025-01-01T00:08:30.0480830Z</when>
        <gx:coord>12.0193 51.56165 411.036</gx:coord>
        <when>2025-01-01T00:08:34.1160830Z</when>
        <gx:coord>12.01694 51.562187 430.84802</gx:coord>
        <when>2025-01-01T00:08:35.0480830Z</when>
        <gx:coord>12.01694 51.562187 430.84802</gx:coord>
        <when>2025-01-01T00:08:35.1100830Z</when>
        <gx:coord>12.01694 51.562187 430.84802</gx:coord>
        <when>2025-01-01T00:08:37.1140830Z</when>
        <gx:coord>12.01591 51.56225 438.46802</gx:coord>
        <when>2025-01-01T00:08:39.1190830Z</when>
        <gx:coord>12.01488 51.562164 450.65997</gx:coord>
        <when>2025-01-01T00:08:40.0470830Z</when>
        <gx:coord>12.014387 51.562057 456.75598</gx:coord>
        <when>2025-01-01T00:08:41.1300830Z</when>
        <gx:coord>12.013914 51.561928 459.80402</gx:coord>
        <when>2025-01-01T00:08:41.1300830Z</when>
        <gx:coord>12.013464 51.56178 462.85202</gx:coord>
        <when>2025-01-01T00:08:43.1100830Z</when>
        <gx:coord>12.013014 51.56156 464.37598</gx:coord>
        <when>2025-01-01T00:08:44.1320830Z</when>
        <gx:coord>12.012606 51.561325 467.424</gx:coord>
        <when>2025-01-01T00:08:45.0480830Z</when>
        <gx:coord>12.012241 51.56107 470.472</gx:coord>
        <when>2025-01-01T00:08:45.1200830Z</when>
        <gx:coord>12.012241 51.56107 470.472</gx:coord>
        <when>2025-01-01T00:08:48.1230830Z</when>
        <gx:coord>12.011339 51.560127 473.52</gx:coord>
        <when>2025-01-01T00:08:50.0860830Z</when>
        <gx:coord>12.010824 51.559395 476.56802</gx:coord>
        <when>2025-01-01T00:08:50.1190830Z</when>
        <gx:coord>12.010824 51.559395 476.56802</gx:coord>
        <when>2025-01-01T00:08:58.6100830Z</when>
        <gx:coord>12.008657 51.555878 488.76</gx:coord>
        <when>2025-01-01T00:09:00.1290830Z</when>
        <gx:coord>12.0084 51.55547 491.80798</gx:coord>
        <when>2025-01-01T00:09:00.1340830Z</when>
        <gx:coord>12.008163 51.55506 491.80798</gx:coord>
        <when>2025-01-01T00:09:01.1130830Z</when>
        <gx:coord>12.007906 51.554634 494.856</gx:coord>
        <when>2025-01-01T00:09:03.6120830Z</when>
        <gx:coord>12.007391 51.553818 500.95197</gx:coord>
        <when>2025-01-01T00:09:07.1210830Z</when>
        <gx:coord>12.00634 51.55225 526.86</gx:coord>
        <when>2025-01-01T00:09:08.6120830Z</when>
        <gx:coord>12.0061035 51.551888 531.432</gx:coord>
        <when>2025-01-01T00:09:13.6120830Z</when>
        <gx:coord>12.00486 51.549953 542.1</gx:coord>
        <when>2025-01-01T00:09:15.1190830Z</when>
        <gx:coord>12.004688 51.549545 545.148</gx:coord>
        <when>2025-01-01T00:09:17.1270830Z</when>
        <gx:coord>12.004473 51.548733 555.816</gx:coord>
        <when>2025-01-01T00:09:17.1270830Z</when>
        <gx:coord>12.004473 51.548325 561.912</gx:coord>
        <when>2025-01-01T00:09:18.6120830Z</when>
        <gx:coord>12.004538 51.547916 568.008</gx:coord>
        <when>2025-01-01T00:09:19.1100830Z</when>
        <gx:coord>12.004538 51.547916 568.008</gx:coord>
        <when>2025-01-01T00:09:19.1100830Z</when>
        <gx:coord>12.004538 51.547916 568.008</gx:coord>
        <when>2025-01-01T00:09:21.1190830Z</when>
        <gx:coord>12.00486 51.547165 580.19995</gx:coord>
        <when>2025-01-01T00:09:23.6110830Z</when>
        <gx:coord>12.005718 51.546135 587.82</gx:coord>
        <when>2025-01-01T00:09:24.1170830Z</when>
        <gx:coord>12.005718 51.546135 587.82</gx:coord>
        <when>2025-01-01T00:09:25.1440830Z</when>
        <gx:coord>12.006533 51.545555 593.91595</gx:coord>
        <when>2025-01-01T00:09:26.1180830Z</when>
        <gx:coord>12.006533 51.545555 593.91595</gx:coord>
        <when>2025-01-01T00:09:27.2260830Z</when>
        <gx:coord>12.006984 51.54532 595.44</gx:coord>
        <when>2025-01-01T00:09:28.6110830Z</when>
        <gx:coord>12.007992 51.54487 595.44</gx:coord>
        <when>2025-01-01T00:09:29.1150830Z</when>
        <gx:coord>12.007992 51.54487 595.44</gx:coord>
        <when>2025-01-01T00:09:33.6120830Z</when>
        <gx:coord>12.010889 51.544033 595.44</gx:coord>
        <when>2025-01-01T00:09:38.6120830Z</when>
        <gx:coord>12.013979 51.54326 601.536</gx:coord>
        <when>2025-01-01T00:09:43.6280830Z</when>
        <gx:coord>12.017176 51.542507 606.108</gx:coord>
        <when>2025-01-01T00:09:44.1260830Z</when>
        <gx:coord>12.017176 51.542507 606.108</gx:coord>
        <when>2025-01-01T00:09:48.6120830Z</when>
        <gx:coord>12.020481 51.5421 615.25195</gx:coord>
        <when>2025-01-01T00:09:50.1230830Z</when>
        <gx:coord>12.021146 51.54208 616.776</gx:coord>
        <when>2025-01-01T00:09:53.6120830Z</when>
        <gx:coord>12.02387 51.541973 622.872</gx:coord>
        <when>2025-01-01T00:09:54.1190830Z</when>
        <gx:coord>12.024557 51.541973 624.396</gx:coord>
        <when>2025-01-01T00:09:55.1280830Z</when>
        <gx:coord>12.025244 51.541992 624.396</gx:coord>
        <when>2025-01-01T00:09:58.6110830Z</when>
        <gx:coord>12.027304 51.542038 632.016</gx:coord>
        <when>2025-01-01T00:10:02.1190830Z</when>
        <gx:coord>12.029343 51.54212 638.112</gx:coord>
        <when>2025-01-01T00:10:03.6110830Z</when>
        <gx:coord>12.030673 51.54225 650.30396</gx:coord>
        <when>2025-01-01T00:10:04.1190830Z</when>
        <gx:coord>12.031317 51.542316 654.876</gx:coord>
        <when>2025-01-01T00:10:08.6120830Z</when>
        <gx:coord>12.033827 51.54268 665.54407</gx:coord>
        <when>2025-01-01T00:10:13.6110830Z</when>
        <gx:coord>12.037003 51.543175 671.63995</gx:coord>
        <when>2025-01-01T00:10:18.6110830Z</when>
        <gx:coord>12.040308 51.54371 673.164</gx:coord>
        <when>2025-01-01T00:10:23.6120830Z</when>
        <gx:coord>12.043676 51.54427 674.688</gx:coord>
        <when>2025-01-01T00:10:28.6110830Z</when>
        <gx:coord>12.047045 51.544846 673.164</gx:coord>
        <when>2025-01-01T00:10:30.1210830Z</when>
        <gx:coord>12.04771 51.544975 673.164</gx:coord>
        <when>2025-01-01T00:10:33.6120830Z</when>
        <gx:coord>12.050392 51.545513 671.63995</gx:coord>
        <when>2025-01-01T00:10:35.1170830Z</when>
        <gx:coord>12.051058 51.545662 670.11597</gx:coord>
        <when>2025-01-01T00:10:35.1220830Z</when>
        <gx:coord>12.0517235 51.54579 670.11597</gx:coord>
        <when>2025-01-01T00:10:38.6120830Z</when>
        <gx:coord>12.05374 51.54624 667.068</gx:coord>
        <when>2025-01-01T00:10:43.6120830Z</when>
        <gx:coord>12.057131 51.546886 667.068</gx:coord>
        <when>2025-01-01T00:10:48.6110830Z</when>
        <gx:coord>12.060628 51.54738 667.068</gx:coord>
        <when>2025-01-01T00:10:53.6120830Z</when>
        <gx:coord>12.064125 51.54783 668.592</gx:coord>
        <when>2025-01-01T00:10:58.6110830Z</when>
        <gx:coord>12.067558 51.54828 677.73596</gx:coord>
        <when>2025-01-01T00:11:02.1180830Z</when>
        <gx:coord>12.070219 51.548622 685.35596</gx:coord>
        <when>2025-01-01T00:11:03.6120830Z</when>
        <gx:coord>12.070885 51.54871 686.88007</gx:coord>
        <when>2025-01-01T00:11:08.6120830Z</when>
        <gx:coord>12.074103 51.549183 692.97595</gx:coord>
        <when>2025-01-01T00:11:13.6120830Z</when>
        <gx:coord>12.077279 51.549698 691.45197</gx:coord>
        <when>2025-01-01T00:11:14.1280830Z</when>
        <gx:coord>12.077902 51.549828 691.45197</gx:coord>
        <when>2025-01-01T00:11:18.6120830Z</when>
        <gx:coord>12.080433 51.55032 688.404</gx:coord>
        <when>2025-01-01T00:11:23.1230830Z</when>
        <gx:coord>12.0831375 51.550705 686.88007</gx:coord>
        <when>2025-01-01T00:11:23.6120830Z</when>
        <gx:coord>12.083845 51.550747 691.45197</gx:coord>
        <when>2025-01-01T00:11:28.1130830Z</when>
        <gx:coord>12.086699 51.550793 692.97595</gx:coord>
        <when>2025-01-01T00:11:28.6120830Z</when>
        <gx:coord>12.087407 51.550747 694.5</gx:coord>
        <when>2025-01-01T00:11:33.6120830Z</when>
        <gx:coord>12.09099 51.55036 694.5</gx:coord>
        <when>2025-01-01T00:11:38.6120830Z</when>
        <gx:coord>12.094639 51.549934 686.88007</gx:coord>
        <when>2025-01-01T00:11:43.6120830Z</when>
        <gx:coord>12.098436 51.549675 679.2601</gx:coord>
        <when>2025-01-01T00:11:47.1180830Z</when>
        <gx:coord>12.100775 51.54957 671.63995</gx:coord>
        <when>2025-01-01T00:11:48.6120830Z</when>
        <gx:coord>12.10232 51.549503 671.63995</gx:coord>
        <when>2025-01-01T00:11:52.1260830Z</when>
        <gx:coord>12.10541 51.549374 668.592</gx:coord>
        <when>2025-01-01T00:11:53.6120830Z</when>
        <gx:coord>12.106182 51.549355 667.068</gx:coord>
        <when>2025-01-01T00:11:58.6210830Z</when>
        <gx:coord>12.1100445 51.54916 664.01996</gx:coord>
        <when>2025-01-01T00:12:03.1160830Z</when>
        <gx:coord>12.113951 51.548904 654.876</gx:coord>
        <when>2025-01-01T00:12:03.6120830Z</when>
        <gx:coord>12.113951 51.548904 654.876</gx:coord>
        <when>2025-01-01T00:12:08.6120830Z</when>
        <gx:coord>12.11792 51.548668 648.77997</gx:coord>
        <when>2025-01-01T00:12:13.6120830Z</when>
        <gx:coord>12.121911 51.548454 644.20807</gx:coord>
        <when>2025-01-01T00:12:18.6120830Z</when>
        <gx:coord>12.125881 51.548218 641.16</gx:coord>
        <when>2025-01-01T00:12:23.6120830Z</when>
        <gx:coord>12.129829 51.54798 635.06396</gx:coord>
        <when>2025-01-01T00:12:26.1220830Z</when>
        <gx:coord>12.132189 51.54783 633.54</gx:coord>
        <when>2025-01-01T00:12:28.6120830Z</when>
        <gx:coord>12.133756 51.54772 632.016</gx:coord>
        <when>2025-01-01T00:12:33.6120830Z</when>
        <gx:coord>12.137682 51.547443 630.49207</gx:coord>
        <when>2025-01-01T00:12:38.6120830Z</when>
        <gx:coord>12.141588 51.547188 625.92</gx:coord>
        <when>2025-01-01T00:12:39.1190830Z</when>
        <gx:coord>12.142382 51.547142 624.396</gx:coord>
        <when>2025-01-01T00:12:43.6120830Z</when>
        <gx:coord>12.145557 51.54695 616.776</gx:coord>
        <when>2025-01-01T00:12:48.6120830Z</when>
        <gx:coord>12.149591 51.546715 603.06</gx:coord>
        <when>2025-01-01T00:12:51.1170830Z</when>
        <gx:coord>12.152081 51.546562 593.91595</gx:coord>
        <when>2025-01-01T00:12:53.6120830Z</when>
        <gx:coord>12.153732 51.546455 590.868</gx:coord>
        <when>2025-01-01T00:12:58.6170830Z</when>
        <gx:coord>12.157917 51.546265 583.248</gx:coord>
        <when>2025-01-01T00:13:00.1190830Z</when>
        <gx:coord>12.159569 51.546177 584.772</gx:coord>
        <when>2025-01-01T00:13:03.6120830Z</when>
        <gx:coord>12.162037 51.54607 581.724</gx:coord>
        <when>2025-01-01T00:13:08.6120830Z</when>
        <gx:coord>12.166136 51.545876 580.19995</gx:coord>
        <when>2025-01-01T00:13:13.6120830Z</when>
        <gx:coord>12.170126 51.545555 593.91595</gx:coord>
        <when>2025-01-01T00:13:18.6130830Z</when>
        <gx:coord>12.1739025 51.54517 607.63196</gx:coord>
        <when>2025-01-01T00:13:23.6130830Z</when>
        <gx:coord>12.177507 51.54474 618.3</gx:coord>
        <when>2025-01-01T00:13:28.6150830Z</when>
        <gx:coord>12.18107 51.544334 618.3</gx:coord>
        <when>2025-01-01T00:13:33.6130830Z</when>
        <gx:coord>12.184696 51.54401 616.776</gx:coord>
        <when>2025-01-01T00:13:35.1240830Z</when>
        <gx:coord>12.186155 51.543945 616.776</gx:coord>
        <when>2025-01-01T00:13:38.6130830Z</when>
        <gx:coord>12.188322 51.54386 621.34796</gx:coord>
        <when>2025-01-01T00:13:39.1150830Z</when>
        <gx:coord>12.188322 51.54386 621.34796</gx:coord>
        <when>2025-01-01T00:13:39.1170830Z</when>
        <gx:coord>12.189031 51.54386 624.396</gx:coord>
        <when>2025-01-01T00:13:43.6130830Z</when>
        <gx:coord>12.19182 51.543797 627.444</gx:coord>
        <when>2025-01-01T00:13:48.6130830Z</when>
        <gx:coord>12.195253 51.543774 636.58795</gx:coord>
        <when>2025-01-01T00:13:53.6130830Z</when>
        <gx:coord>12.198622 51.54373 642.68396</gx:coord>
        <when>2025-01-01T00:13:58.6290830Z</when>
        <gx:coord>12.201905 51.543667 651.828</gx:coord>
        <when>2025-01-01T00:14:00.1140830Z</when>
        <gx:coord>12.203215 51.54356 654.876</gx:coord>
        <when>2025-01-01T00:14:03.6130830Z</when>
        <gx:coord>12.205167 51.543324 657.92395</gx:coord>
        <when>2025-01-01T00:14:08.6130830Z</when>
        <gx:coord>12.208428 51.54294 660.972</gx:coord>
        <when>2025-01-01T00:14:13.6130830Z</when>
        <gx:coord>12.211733 51.542618 665.54407</gx:coord>
        <when>2025-01-01T00:14:15.1160830Z</when>
        <gx:coord>12.213041 51.54249 667.068</gx:coord>
        <when>2025-01-01T00:14:18.6130830Z</when>
        <gx:coord>12.214994 51.542274 670.11597</gx:coord>
        <when>2025-01-01T00:14:23.6120830Z</when>
        <gx:coord>12.218363 51.54193 662.496</gx:coord>
        <when>2025-01-01T00:14:28.6120830Z</when>
        <gx:coord>12.221882 51.541588 657.92395</gx:coord>
        <when>2025-01-01T00:14:33.6130830Z</when>
        <gx:coord>12.225337 51.541306 665.54407</gx:coord>
        <when>2025-01-01T00:14:38.6130830Z</when>
        <gx:coord>12.228748 51.541092 671.63995</gx:coord>
        <when>2025-01-01T00:14:43.6130830Z</when>
        <gx:coord>12.2322035 51.54092 670.11597</gx:coord>
        <when>2025-01-01T00:14:48.6130830Z</when>
        <gx:coord>12.235765 51.540707 670.11597</gx:coord>
        <when>2025-01-01T00:14:53.6120830Z</when>
        <gx:coord>12.2393055 51.54047 673.164</gx:coord>
        <when>2025-01-01T00:14:54.1270830Z</when>
        <gx:coord>12.240014 51.540405 673.164</gx:coord>
        <when>2025-01-01T00:14:58.6140830Z</when>
        <gx:coord>12.242825 51.54017 677.73596</gx:coord>
        <when>2025-01-01T00:15:03.6130830Z</when>
        <gx:coord>12.2463875 51.539913 673.164</gx:coord>
        <when>2025-01-01T00:15:08.6130830Z</when>
        <gx:coord>12.250013 51.539677 676.212</gx:coord>
        <when>2025-01-01T00:15:13.6130830Z</when>
        <gx:coord>12.253661 51.53944 676.992</gx:coord>
        <when>2025-01-01T00:15:18.6130830Z</when>
        <gx:coord>12.257309 51.53914 672.42</gx:coord>
        <when>2025-01-01T00:15:23.6130830Z</when>
        <gx:coord>12.260979 51.538795 670.896</gx:coord>
        <when>2025-01-01T00:15:28.6120830Z</when>
        <gx:coord>12.2646475 51.538498 669.372</gx:coord>
        <when>2025-01-01T00:15:31.1160830Z</when>
        <gx:coord>12.266836 51.53828 670.896</gx:coord>
        <when>2025-01-01T00:15:33.6130830Z</when>
        <gx:coord>12.268295 51.538155 673.9441</gx:coord>
        <when>2025-01-01T00:15:38.6130830Z</when>
        <gx:coord>12.271857 51.53781 676.992</gx:coord>
        <when>2025-01-01T00:15:43.6130830Z</when>
        <gx:coord>12.275462 51.537422 678.516</gx:coord>
        <when>2025-01-01T00:15:48.6130830Z</when>
        <gx:coord>12.279024 51.537037 681.5641</gx:coord>
        <when>2025-01-01T00:15:53.1150830Z</when>
        <gx:coord>12.2825 51.53667 687.66003</gx:coord>
        <when>2025-01-01T00:15:53.6130830Z</when>
        <gx:coord>12.2825 51.53667 687.66003</gx:coord>
        <when>2025-01-01T00:15:58.6130830Z</when>
        <gx:coord>12.286041 51.536415 687.66003</gx:coord>
        <when>2025-01-01T00:16:03.6130830Z</when>
        <gx:coord>12.289688 51.53618 684.612</gx:coord>
        <when>2025-01-01T00:16:08.1240830Z</when>
        <gx:coord>12.293423 51.535942 680.04004</gx:coord>
        <when>2025-01-01T00:16:08.6130830Z</when>
        <gx:coord>12.293423 51.535942 678.516</gx:coord>
        <when>2025-01-01T00:16:13.6340830Z</when>
        <gx:coord>12.297199 51.535686 675.4681</gx:coord>
        <when>2025-01-01T00:16:18.1160830Z</when>
        <gx:coord>12.300245 51.535427 669.372</gx:coord>
        <when>2025-01-01T00:16:18.6130830Z</when>
        <gx:coord>12.301018 51.535362 670.896</gx:coord>
        <when>2025-01-01T00:16:23.6130830Z</when>
        <gx:coord>12.304902 51.53502 667.8481</gx:coord>
        <when>2025-01-01T00:16:28.6130830Z</when>
        <gx:coord>12.308764 51.53459 663.276</gx:coord>
        <when>2025-01-01T00:16:33.6380830Z</when>
        <gx:coord>12.312541 51.534184 663.276</gx:coord>
        <when>2025-01-01T00:16:38.6130830Z</when>
        <gx:coord>12.316318 51.533817 666.32404</gx:coord>
        <when>2025-01-01T00:16:43.1190830Z</when>
        <gx:coord>12.320094 51.533516 672.42</gx:coord>
        <when>2025-01-01T00:16:43.6130830Z</when>
        <gx:coord>12.320094 51.533516 673.9441</gx:coord>
        <when>2025-01-01T00:16:48.6120830Z</when>
        <gx:coord>12.323893 51.53322 672.42</gx:coord>
        <when>2025-01-01T00:16:53.6130830Z</when>
        <gx:coord>12.327669 51.53296 667.8481</gx:coord>
        <when>2025-01-01T00:16:58.6210830Z</when>
        <gx:coord>12.331446 51.53268 664.8</gx:coord>
        <when>2025-01-01T00:17:03.6130830Z</when>
        <gx:coord>12.335286 51.53236 678.516</gx:coord>
        <when>2025-01-01T00:17:08.6130830Z</when>
        <gx:coord>12.33917 51.5321 678.516</gx:coord>
        <when>2025-01-01T00:17:13.6130830Z</when>
        <gx:coord>12.343054 51.531845 678.516</gx:coord>
        <when>2025-01-01T00:17:18.1200830Z</when>
        <gx:coord>12.346959 51.531567 670.896</gx:coord>
        <when>2025-01-01T00:17:18.6130830Z</when>
        <gx:coord>12.346959 51.531567 669.372</gx:coord>
        <when>2025-01-01T00:17:23.6130830Z</when>
        <gx:coord>12.350907 51.531178 660.2281</gx:coord>
        <when>2025-01-01T00:17:25.1200830Z</when>
        <gx:coord>12.352474 51.531006 657.18</gx:coord>
        <when>2025-01-01T00:17:28.6130830Z</when>
        <gx:coord>12.354813 51.530727 654.1321</gx:coord>
        <when>2025-01-01T00:17:33.6140830Z</when>
        <gx:coord>12.358696 51.530277 663.276</gx:coord>
        <when>2025-01-01T00:17:38.6380830Z</when>
        <gx:coord>12.362516 51.529915 661.7521</gx:coord>
        <when>2025-01-01T00:17:43.6130830Z</when>
        <gx:coord>12.366335 51.529484 655.656</gx:coord>
        <when>2025-01-01T00:17:48.6340830Z</when>
        <gx:coord>12.370111 51.529034 660.2281</gx:coord>
        <when>2025-01-01T00:17:53.1220830Z</when>
        <gx:coord>12.373824 51.528603 660.2281</gx:coord>
        <when>2025-01-01T00:17:53.6140830Z</when>
        <gx:coord>12.373824 51.528603 660.2281</gx:coord>
        <when>2025-01-01T00:17:58.6130830Z</when>
        <gx:coord>12.377493 51.528175 660.2281</gx:coord>
        <when>2025-01-01T00:18:03.6130830Z</when>
        <gx:coord>12.381077 51.527702 658.704</gx:coord>
        <when>2025-01-01T00:18:08.6140830Z</when>
        <gx:coord>12.384682 51.527294 657.18</gx:coord>
        <when>2025-01-01T00:18:13.6140830Z</when>
        <gx:coord>12.3883295 51.52695 657.18</gx:coord>
        <when>2025-01-01T00:18:18.6140830Z</when>
        <gx:coord>12.392042 51.5265 663.276</gx:coord>
        <when>2025-01-01T00:18:23.6140830Z</when>
        <gx:coord>12.395668 51.525963 664.8</gx:coord>
        <when>2025-01-01T00:18:28.6150830Z</when>
        <gx:coord>12.399273 51.525406 672.42</gx:coord>
        <when>2025-01-01T00:18:30.1250830Z</when>
        <gx:coord>12.400753 51.525192 673.9441</gx:coord>
        <when>2025-01-01T00:18:33.1160830Z</when>
        <gx:coord>12.402212 51.524956 673.9441</gx:coord>
        <when>2025-01-01T00:18:33.6140830Z</when>
        <gx:coord>12.402943 51.524826 673.9441</gx:coord>
        <when>2025-01-01T00:18:38.6130830Z</when>
        <gx:coord>12.406526 51.524204 675.4681</gx:coord>
        <when>2025-01-01T00:18:43.6140830Z</when>
        <gx:coord>12.410194 51.52369 670.896</gx:coord>
        <when>2025-01-01T00:18:46.1220830Z</when>
        <gx:coord>12.411675 51.523582 666.32404</gx:coord>
        <when>2025-01-01T00:18:48.6140830Z</when>
        <gx:coord>12.41395 51.523476 660.2281</gx:coord>
        <when>2025-01-01T00:18:53.6140830Z</when>
        <gx:coord>12.417791 51.523327 664.8</gx:coord>
        <when>2025-01-01T00:18:58.6270830Z</when>
        <gx:coord>12.421632 51.523067 670.896</gx:coord>
        <when>2025-01-01T00:19:03.6140830Z</when>
        <gx:coord>12.425472 51.522747 675.4681</gx:coord>
        <when>2025-01-01T00:19:06.1230830Z</when>
        <gx:coord>12.427748 51.522552 675.4681</gx:coord>
        <when>2025-01-01T00:19:08.6140830Z</when>
        <gx:coord>12.429249 51.52247 678.516</gx:coord>
        <when>2025-01-01T00:19:13.6130830Z</when>
        <gx:coord>12.433004 51.522274 673.9441</gx:coord>
        <when>2025-01-01T00:19:18.6140830Z</when>
        <gx:coord>12.436802 51.52206 669.372</gx:coord>
        <when>2025-01-01T00:19:23.6140830Z</when>
        <gx:coord>12.440622 51.521843 661.7521</gx:coord>
        <when>2025-01-01T00:19:28.6130830Z</when>
        <gx:coord>12.444463 51.521564 661.7521</gx:coord>
        <when>2025-01-01T00:19:33.6140830Z</when>
        <gx:coord>12.448239 51.521286 660.2281</gx:coord>
        <when>2025-01-01T00:19:38.6140830Z</when>
        <gx:coord>12.451994 51.521008 657.18</gx:coord>
        <when>2025-01-01T00:19:42.1220830Z</when>
        <gx:coord>12.454998 51.520752 654.1321</gx:coord>
        <when>2025-01-01T00:19:43.6140830Z</when>
        <gx:coord>12.4557495 51.520687 652.60803</gx:coord>
        <when>2025-01-01T00:19:48.6140830Z</when>
        <gx:coord>12.459526 51.520363 651.084</gx:coord>
        <when>2025-01-01T00:19:53.6390830Z</when>
        <gx:coord>12.463282 51.520107 648.036</gx:coord>
        <when>2025-01-01T00:19:58.6360830Z</when>
        <gx:coord>12.467036 51.519848 649.56</gx:coord>
        <when>2025-01-01T00:20:03.6140830Z</when>
        <gx:coord>12.470727 51.519485 655.656</gx:coord>
        <when>2025-01-01T00:20:08.6140830Z</when>
        <gx:coord>12.474375 51.519142 658.704</gx:coord>
        <when>2025-01-01T00:20:13.6140830Z</when>
        <gx:coord>12.478023 51.518864 661.7521</gx:coord>
        <when>2025-01-01T00:20:18.1210830Z</when>
        <gx:coord>12.48167 51.518585 660.2281</gx:coord>
        <when>2025-01-01T00:20:18.6140830Z</when>
        <gx:coord>12.48167 51.518585 658.704</gx:coord>
        <when>2025-01-01T00:20:23.6140830Z</when>
        <gx:coord>12.485296 51.518326 660.2281</gx:coord>
        <when>2025-01-01T00:20:28.6130830Z</when>
        <gx:coord>12.488923 51.51809 657.18</gx:coord>
        <when>2025-01-01T00:20:33.6130830Z</when>
        <gx:coord>12.492506 51.517853 660.2281</gx:coord>
        <when>2025-01-01T00:20:37.1170830Z</when>
        <gx:coord>12.494631 51.517704 661.7521</gx:coord>
        <when>2025-01-01T00:20:38.6140830Z</when>
        <gx:coord>12.496025 51.517597 663.276</gx:coord>
        <when>2025-01-01T00:20:43.6130830Z</when>
        <gx:coord>12.499566 51.51732 663.276</gx:coord>
        <when>2025-01-01T00:20:48.6140830Z</when>
        <gx:coord>12.503128 51.51706 670.896</gx:coord>
        <when>2025-01-01T00:20:53.6140830Z</when>
        <gx:coord>12.506712 51.516804 667.8481</gx:coord>
        <when>2025-01-01T00:20:56.1270830Z</when>
        <gx:coord>12.508879 51.51665 666.32404</gx:coord>
        <when>2025-01-01T00:20:58.6130830Z</when>
        <gx:coord>12.510317 51.516567 664.8</gx:coord>
        <when>2025-01-01T00:21:03.6140830Z</when>
        <gx:coord>12.513943 51.516308 664.8</gx:coord>
        <when>2025-01-01T00:21:08.6140830Z</when>
        <gx:coord>12.517569 51.516052 661.7521</gx:coord>
        <when>2025-01-01T00:21:13.6140830Z</when>
        <gx:coord>12.521238 51.51584 661.7521</gx:coord>
        <when>2025-01-01T00:21:18.6140830Z</when>
        <gx:coord>12.524929 51.51562 669.372</gx:coord>
        <when>2025-01-01T00:21:23.6140830Z</when>
        <gx:coord>12.528685 51.51532 672.42</gx:coord>
        <when>2025-01-01T00:21:28.6130830Z</when>
        <gx:coord>12.532525 51.515 669.372</gx:coord>
        <when>2025-01-01T00:21:32.1250830Z</when>
        <gx:coord>12.535593 51.514698 667.8481</gx:coord>
        <when>2025-01-01T00:21:33.1190830Z</when>
        <gx:coord>12.535593 51.514698 666.32404</gx:coord>
        <when>2025-01-01T00:21:33.6140830Z</when>
        <gx:coord>12.5363655 51.514614 666.32404</gx:coord>
        <when>2025-01-01T00:21:38.6140830Z</when>
        <gx:coord>12.540228 51.514206 664.8</gx:coord>
        <when>2025-01-01T00:21:43.6220830Z</when>
        <gx:coord>12.544112 51.51382 664.8</gx:coord>
        <when>2025-01-01T00:21:48.6140830Z</when>
        <gx:coord>12.547975 51.513626 670.896</gx:coord>
        <when>2025-01-01T00:21:53.6140830Z</when>
        <gx:coord>12.551837 51.513542 676.992</gx:coord>
        <when>2025-01-01T00:21:58.6220830Z</when>
        <gx:coord>12.555785 51.51337 673.9441</gx:coord>
        <when>2025-01-01T00:22:03.6140830Z</when>
        <gx:coord>12.559776 51.51311 666.32404</gx:coord>
        <when>2025-01-01T00:22:07.1150830Z</when>
        <gx:coord>12.562931 51.512833 663.276</gx:coord>
        <when>2025-01-01T00:22:08.6140830Z</when>
        <gx:coord>12.5637245 51.51275 658.704</gx:coord>
        <when>2025-01-01T00:22:13.6140830Z</when>
        <gx:coord>12.567652 51.51236 649.56</gx:coord>
        <when>2025-01-01T00:22:18.6140830Z</when>
        <gx:coord>12.571556 51.51208 644.98804</gx:coord>
        <when>2025-01-01T00:22:23.6140830Z</when>
        <gx:coord>12.575483 51.511932 644.98804</gx:coord>
        <when>2025-01-01T00:22:28.6130830Z</when>
        <gx:coord>12.579432 51.511673 643.464</gx:coord>
        <when>2025-01-01T00:22:33.6140830Z</when>
        <gx:coord>12.583315 51.511288 634.32</gx:coord>
        <when>2025-01-01T00:22:38.6140830Z</when>
        <gx:coord>12.587221 51.510857 635.844</gx:coord>
        <when>2025-01-01T00:22:41.1110830Z</when>
        <gx:coord>12.589581 51.510666 635.844</gx:coord>
        <when>2025-01-01T00:22:43.6140830Z</when>
        <gx:coord>12.591147 51.51056 638.8921</gx:coord>
        <when>2025-01-01T00:22:48.6140830Z</when>
        <gx:coord>12.594988 51.510365 646.5121</gx:coord>
        <when>2025-01-01T00:22:53.6140830Z</when>
        <gx:coord>12.598808 51.51015 644.98804</gx:coord>
        <when>2025-01-01T00:22:58.6130830Z</when>
        <gx:coord>12.602692 51.509937 646.5121</gx:coord>
        <when>2025-01-01T00:23:03.6130830Z</when>
        <gx:coord>12.606575 51.509613 649.56</gx:coord>
        <when>2025-01-01T00:23:08.6140830Z</when>
        <gx:coord>12.610459 51.509228 641.94</gx:coord>
        <when>2025-01-01T00:23:13.6140830Z</when>
        <gx:coord>12.614322 51.508755 638.8921</gx:coord>
        <when>2025-01-01T00:23:16.1240830Z</when>
        <gx:coord>12.616639 51.50852 637.368</gx:coord>
        <when>2025-01-01T00:23:18.6140830Z</when>
        <gx:coord>12.618206 51.508392 637.368</gx:coord>
        <when>2025-01-01T00:23:23.6140830Z</when>
        <gx:coord>12.622068 51.508068 638.8921</gx:coord>
        <when>2025-01-01T00:23:28.6160830Z</when>
        <gx:coord>12.625866 51.507748 643.464</gx:coord>
        <when>2025-01-01T00:23:33.6140830Z</when>
        <gx:coord>12.6296 51.50747 641.94</gx:coord>
        <when>2025-01-01T00:23:38.6130830Z</when>
        <gx:coord>12.633333 51.50719 643.464</gx:coord>
        <when>2025-01-01T00:23:43.6140830Z</when>
        <gx:coord>12.637045 51.506954 638.8921</gx:coord>
        <when>2025-01-01T00:23:48.6140830Z</when>
        <gx:coord>12.640715 51.506737 640.4161</gx:coord>
        <when>2025-01-01T00:23:52.1220830Z</when>
        <gx:coord>12.64359 51.50657 643.464</gx:coord>
        <when>2025-01-01T00:23:53.6140830Z</when>
        <gx:coord>12.644299 51.506523 643.464</gx:coord>
        <when>2025-01-01T00:23:58.6260830Z</when>
        <gx:coord>12.6478815 51.506287 640.4161</gx:coord>
        <when>2025-01-01T00:24:03.6140830Z</when>
        <gx:coord>12.651529 51.50601 638.8921</gx:coord>
        <when>2025-01-01T00:24:08.6140830Z</when>
        <gx:coord>12.655199 51.505707 637.368</gx:coord>
        <when>2025-01-01T00:24:13.6140830Z</when>
        <gx:coord>12.658825 51.505386 637.368</gx:coord>
        <when>2025-01-01T00:24:18.6130830Z</when>
        <gx:coord>12.662409 51.50502 632.7961</gx:coord>
        <when>2025-01-01T00:24:23.6140830Z</when>
        <gx:coord>12.66597 51.504616 635.844</gx:coord>
        <when>2025-01-01T00:24:25.1130830Z</when>
        <gx:coord>12.6666565 51.504528 635.844</gx:coord>
        <when>2025-01-01T00:24:28.6140830Z</when>
        <gx:coord>12.669447 51.50429 646.5121</gx:coord>
        <when>2025-01-01T00:24:29.1240830Z</when>
        <gx:coord>12.670155 51.504227 646.5121</gx:coord>
        <when>2025-01-01T00:24:33.6140830Z</when>
        <gx:coord>12.672966 51.504013 641.94</gx:coord>
        <when>2025-01-01T00:24:38.6140830Z</when>
        <gx:coord>12.676571 51.503757 643.464</gx:coord>
        <when>2025-01-01T00:24:43.6140830Z</when>
        <gx:coord>12.680262 51.503498 648.036</gx:coord>
        <when>2025-01-01T00:24:48.6140830Z</when>
        <gx:coord>12.683952 51.503178 660.2281</gx:coord>
        <when>2025-01-01T00:24:53.6140830Z</when>
        <gx:coord>12.687621 51.502834 663.276</gx:coord>
        <when>2025-01-01T00:24:58.6130830Z</when>
        <gx:coord>12.691248 51.50249 661.7521</gx:coord>
        <when>2025-01-01T00:25:03.6140830Z</when>
        <gx:coord>12.694917 51.50219 669.372</gx:coord>
        <when>2025-01-01T00:25:06.1270830Z</when>
        <gx:coord>12.697148 51.50204 670.896</gx:coord>
        <when>2025-01-01T00:25:08.6140830Z</when>
        <gx:coord>12.698671 51.501953 672.42</gx:coord>
        <when>2025-01-01T00:25:13.6140830Z</when>
        <gx:coord>12.702427 51.501762 680.04004</gx:coord>
        <when>2025-01-01T00:25:16.1200830Z</when>
        <gx:coord>12.704638 51.501633 689.1841</gx:coord>
        <when>2025-01-01T00:25:18.6140830Z</when>
        <gx:coord>12.706053 51.501526 695.2801</gx:coord>
        <when>2025-01-01T00:25:23.6140830Z</when>
        <gx:coord>12.709594 51.5012 692.232</gx:coord>
        <when>2025-01-01T00:25:28.6130830Z</when>
        <gx:coord>12.713177 51.5009 673.9441</gx:coord>
        <when>2025-01-01T00:25:33.6140830Z</when>
        <gx:coord>12.716846 51.50058 666.32404</gx:coord>
        <when>2025-01-01T00:25:38.6130830Z</when>
        <gx:coord>12.720472 51.500153 663.276</gx:coord>
        <when>2025-01-01T00:25:43.1250830Z</when>
        <gx:coord>12.724056 51.499702 661.7521</gx:coord>
        <when>2025-01-01T00:25:43.6140830Z</when>
        <gx:coord>12.724056 51.499702 660.2281</gx:coord>
        <when>2025-01-01T00:25:46.1210830Z</when>
        <gx:coord>12.726202 51.4994 658.704</gx:coord>
        <when>2025-01-01T00:25:48.6130830Z</when>
        <gx:coord>12.727618 51.499184 657.18</gx:coord>
        <when>2025-01-01T00:25:49.1200830Z</when>
        <gx:coord>12.727618 51.499184 657.18</gx:coord>
        <when>2025-01-01T00:25:53.6140830Z</when>
        <gx:coord>12.731201 51.498497 643.464</gx:coord>
        <when>2025-01-01T00:25:58.6130830Z</when>
        <gx:coord>12.734699 51.49753 643.464</gx:coord>
        <when>2025-01-01T00:25:59.1250830Z</when>
        <gx:coord>12.734699 51.49753 643.464</gx:coord>
        <when>2025-01-01T00:26:03.6140830Z</when>
        <gx:coord>12.73809 51.496418 648.036</gx:coord>
        <when>2025-01-01T00:26:04.1210830Z</when>
        <gx:coord>12.738776 51.49618 648.036</gx:coord>
        <when>2025-01-01T00:26:08.6140830Z</when>
        <gx:coord>12.741459 51.49526 638.8921</gx:coord>
        <when>2025-01-01T00:26:12.1120830Z</when>
        <gx:coord>12.744205 51.494377 628.224</gx:coord>
        <when>2025-01-01T00:26:13.6140830Z</when>
        <gx:coord>12.744913 51.494164 626.7001</gx:coord>
        <when>2025-01-01T00:26:18.6140830Z</when>
        <gx:coord>12.748325 51.493156 643.464</gx:coord>
        <when>2025-01-01T00:26:19.1250830Z</when>
        <gx:coord>12.74899 51.492943 643.464</gx:coord>
        <when>2025-01-01T00:26:23.1160830Z</when>
        <gx:coord>12.751587 51.49217 660.768</gx:coord>
        <when>2025-01-01T00:26:23.6140830Z</when>
        <gx:coord>12.751587 51.49217 660.768</gx:coord>
        <when>2025-01-01T00:26:28.6290830Z</when>
        <gx:coord>12.754677 51.49116 682.104</gx:coord>
        <when>2025-01-01T00:26:31.1230830Z</when>
        <gx:coord>12.756479 51.49054 691.248</gx:coord>
        <when>2025-01-01T00:26:33.6130830Z</when>
        <gx:coord>12.757702 51.49013 700.392</gx:coord>
        <when>2025-01-01T00:26:38.0990830Z</when>
        <gx:coord>12.760771 51.48921 721.728</gx:coord>
        <when>2025-01-01T00:26:38.6140830Z</when>
        <gx:coord>12.760771 51.48921 721.728</gx:coord>
        <when>2025-01-01T00:26:43.6130830Z</when>
        <gx:coord>12.763882 51.48835 740.016</gx:coord>
        <when>2025-01-01T00:26:48.6140830Z</when>
        <gx:coord>12.766972 51.48745 746.112</gx:coord>
        <when>2025-01-01T00:26:53.6130830Z</when>
        <gx:coord>12.769997 51.486332 744.588</gx:coord>
        <when>2025-01-01T00:26:58.1310830Z</when>
        <gx:coord>12.773001 51.485195 750.684</gx:coord>
        <when>2025-01-01T00:26:58.1310830Z</when>
        <gx:coord>12.773001 51.485195 753.732</gx:coord>
        <when>2025-01-01T00:26:58.6290830Z</when>
        <gx:coord>12.773001 51.485195 753.732</gx:coord>
        <when>2025-01-01T00:27:03.6140830Z</when>
        <gx:coord>12.775898 51.48406 761.352</gx:coord>
        <when>2025-01-01T00:27:08.6140830Z</when>
        <gx:coord>12.778837 51.48303 768.972</gx:coord>
        <when>2025-01-01T00:27:13.1170830Z</when>
        <gx:coord>12.781885 51.482254 785.736</gx:coord>
        <when>2025-01-01T00:27:13.6140830Z</when>
        <gx:coord>12.781885 51.482254 785.736</gx:coord>
        <when>2025-01-01T00:27:18.6140830Z</when>
        <gx:coord>12.784953 51.481632 797.92804</gx:coord>
        <when>2025-01-01T00:27:23.1180830Z</when>
        <gx:coord>12.78742 51.48114 802.5</gx:coord>
        <when>2025-01-01T00:27:23.6140830Z</when>
        <gx:coord>12.787893 51.480797 804.024</gx:coord>
        <when>2025-01-01T00:27:24.0970830Z</when>
        <gx:coord>12.787893 51.480797 804.024</gx:coord>
        <when>2025-01-01T00:27:26.1210830Z</when>
        <gx:coord>12.789116 51.480495 805.54803</gx:coord>
        <when>2025-01-01T00:27:27.1190830Z</when>
        <gx:coord>12.789845 51.480602 805.54803</gx:coord>
        <when>2025-01-01T00:27:28.6130830Z</when>
        <gx:coord>12.791025 51.48026 808.596</gx:coord>
        <when>2025-01-01T00:27:33.6140830Z</when>
        <gx:coord>12.793837 51.47921 813.168</gx:coord>
        <when>2025-01-01T00:27:35.1180830Z</when>
        <gx:coord>12.794973 51.4788 816.216</gx:coord>
        <when>2025-01-01T00:27:38.6140830Z</when>
        <gx:coord>12.796734 51.478264 819.26404</gx:coord>
        <when>2025-01-01T00:27:39.1180830Z</when>
        <gx:coord>12.797335 51.478092 819.26404</gx:coord>
        <when>2025-01-01T00:27:43.6140830Z</when>
        <gx:coord>12.799759 51.477448 823.836</gx:coord>
        <when>2025-01-01T00:27:48.6140830Z</when>
        <gx:coord>12.802763 51.47659 826.88403</gx:coord>
        <when>2025-01-01T00:27:53.6130830Z</when>
        <gx:coord>12.805746 51.47571 828.408</gx:coord>
        <when>2025-01-01T00:27:58.6140830Z</when>
        <gx:coord>12.808728 51.474766 831.456</gx:coord>
        <when>2025-01-01T00:28:03.6140830Z</when>
        <gx:coord>12.811732 51.473843 839.076</gx:coord>
        <when>2025-01-01T00:28:08.1220830Z</when>
        <gx:coord>12.814779 51.472984 846.696</gx:coord>
        <when>2025-01-01T00:28:08.6140830Z</when>
        <gx:coord>12.814779 51.472984 846.696</gx:coord>
        <when>2025-01-01T00:28:13.6140830Z</when>
        <gx:coord>12.817869 51.472214 855.84</gx:coord>
        <when>2025-01-01T00:28:18.6140830Z</when>
        <gx:coord>12.821002 51.47144 864.984</gx:coord>
        <when>2025-01-01T00:28:20.1240830Z</when>
        <gx:coord>12.822247 51.471096 866.508</gx:coord>
        <when>2025-01-01T00:28:22.1170830Z</when>
        <gx:coord>12.823491 51.470734 878.7</gx:coord>
        <when>2025-01-01T00:28:23.6140830Z</when>
        <gx:coord>12.824092 51.47054 881.748</gx:coord>
        <when>2025-01-01T00:28:28.6160830Z</when>
        <gx:coord>12.827118 51.469532 893.94</gx:coord>
        <when>2025-01-01T00:28:33.6140830Z</when>
        <gx:coord>12.830186 51.468567 904.60803</gx:coord>
        <when>2025-01-01T00:28:35.1190830Z</when>
        <gx:coord>12.831409 51.4682 910.70404</gx:coord>
        <when>2025-01-01T00:28:38.6140830Z</when>
        <gx:coord>12.833233 51.467644 912.228</gx:coord>
        <when>2025-01-01T00:28:43.6140830Z</when>
        <gx:coord>12.836366 51.46668 916.8</gx:coord>
        <when>2025-01-01T00:28:48.6140830Z</when>
        <gx:coord>12.839434 51.465714 924.42004</gx:coord>
        <when>2025-01-01T00:28:53.6140830Z</when>
        <gx:coord>12.8425455 51.464725 922.896</gx:coord>
        <when>2025-01-01T00:28:58.6390830Z</when>
        <gx:coord>12.845743 51.463654 918.32404</gx:coord>
        <when>2025-01-01T00:28:59.1220830Z</when>
        <gx:coord>12.846386 51.463417 918.32404</gx:coord>
        <when>2025-01-01T00:29:03.6140830Z</when>
        <gx:coord>12.849005 51.46247 918.32404</gx:coord>
        <when>2025-01-01T00:29:06.1170830Z</when>
        <gx:coord>12.850334 51.46198 919.848</gx:coord>
        <when>2025-01-01T00:29:08.6140830Z</when>
        <gx:coord>12.85233 51.461205 919.848</gx:coord>
        <when>2025-01-01T00:29:13.6140830Z</when>
        <gx:coord>12.8557 51.45992 921.372</gx:coord>
        <when>2025-01-01T00:29:18.6140830Z</when>
        <gx:coord>12.859154 51.458782 922.896</gx:coord>
        <when>2025-01-01T00:29:23.6140830Z</when>
        <gx:coord>12.86263 51.45764 925.94403</gx:coord>
        <when>2025-01-01T00:29:28.6140830Z</when>
        <gx:coord>12.865999 51.456444 932.04004</gx:coord>
        <when>2025-01-01T00:29:33.6140830Z</when>
        <gx:coord>12.869261 51.455177 932.04004</gx:coord>
        <when>2025-01-01T00:29:34.1270830Z</when>
        <gx:coord>12.8699255 51.454895 932.04004</gx:coord>
        <when>2025-01-01T00:29:38.6140830Z</when>
        <gx:coord>12.872586 51.453865 925.94403</gx:coord>
        <when>2025-01-01T00:29:43.6140830Z</when>
        <gx:coord>12.8760195 51.452644 918.32404</gx:coord>
        <when>2025-01-01T00:29:48.6140830Z</when>
        <gx:coord>12.879496 51.451508 921.372</gx:coord>
        <when>2025-01-01T00:29:53.6140830Z</when>
        <gx:coord>12.882994 51.450325 928.992</gx:coord>
        <when>2025-01-01T00:29:58.6140830Z</when>
        <gx:coord>12.886469 51.449104 925.94403</gx:coord>
        <when>2025-01-01T00:30:03.6140830Z</when>
        <gx:coord>12.890053 51.447945 921.372</gx:coord>
        <when>2025-01-01T00:30:08.1300830Z</when>
        <gx:coord>12.8937435 51.446785 910.70404</gx:coord>
        <when>2025-01-01T00:30:08.6140830Z</when>
        <gx:coord>12.8937435 51.446785 909.18</gx:coord>
        <when>2025-01-01T00:30:13.6140830Z</when>
        <gx:coord>12.897455 51.445564 900.036</gx:coord>
        <when>2025-01-01T00:30:18.6470830Z</when>
        <gx:coord>12.901146 51.444363 903.084</gx:coord>
        <when>2025-01-01T00:30:23.6140830Z</when>
        <gx:coord>12.904709 51.443115 904.60803</gx:coord>
        <when>2025-01-01T00:30:28.6140830Z</when>
        <gx:coord>12.908228 51.44187 901.56</gx:coord>
        <when>2025-01-01T00:30:33.6490830Z</when>
        <gx:coord>12.911768 51.440628 893.94</gx:coord>
        <when>2025-01-01T00:30:38.6140830Z</when>
        <gx:coord>12.915287 51.439384 892.416</gx:coord>
        <when>2025-01-01T00:30:41.1140830Z</when>
        <gx:coord>12.91739 51.438652 903.084</gx:coord>
        <when>2025-01-01T00:30:43.6140830Z</when>
        <gx:coord>12.918806 51.438183 909.18</gx:coord>
        <when>2025-01-01T00:30:48.6140830Z</when>
        <gx:coord>12.922368 51.437065 913.752</gx:coord>
        <when>2025-01-01T00:30:58.5910830Z</when>
        <gx:coord>12.928869 51.435158 918.32404</gx:coord>
        <when>2025-01-01T00:31:03.5920830Z</when>
        <gx:coord>12.932432 51.434105 918.32404</gx:coord>
        <when>2025-01-01T00:31:08.5920830Z</when>
        <gx:coord>12.936638 51.43271 913.752</gx:coord>
        <when>2025-01-01T00:31:13.5920830Z</when>
        <gx:coord>12.940113 51.431595 907.656</gx:coord>
        <when>2025-01-01T00:31:15.1360830Z</when>
        <gx:coord>12.941508 51.431145 907.656</gx:coord>
        <when>2025-01-01T00:31:18.5920830Z</when>
        <gx:coord>12.94359 51.4305 915.276</gx:coord>
        <when>2025-01-01T00:31:23.5920830Z</when>
        <gx:coord>12.947065 51.42943 930.516</gx:coord>
        <when>2025-01-01T00:31:27.1190830Z</when>
        <gx:coord>12.949812 51.42859 941.184</gx:coord>
        <when>2025-01-01T00:31:28.5910830Z</when>
        <gx:coord>12.950499 51.4284 944.232</gx:coord>
        <when>2025-01-01T00:31:33.5940830Z</when>
        <gx:coord>12.953954 51.42741 956.424</gx:coord>
        <when>2025-01-01T00:31:38.5920830Z</when>
        <gx:coord>12.957409 51.4264 962.52</gx:coord>
        <when>2025-01-01T00:31:43.5920830Z</when>
        <gx:coord>12.960863 51.42537 962.52</gx:coord>
        <when>2025-01-01T00:31:48.5920830Z</when>
        <gx:coord>12.964275 51.424213 959.472</gx:coord>
        <when>2025-01-01T00:31:50.1190830Z</when>
        <gx:coord>12.965649 51.42374 959.472</gx:coord>
        <when>2025-01-01T00:31:53.6230830Z</when>
        <gx:coord>12.96773 51.42303 953.37604</gx:coord>
        <when>2025-01-01T00:31:58.6080830Z</when>
        <gx:coord>12.971249 51.421894 947.28</gx:coord>
        <when>2025-01-01T00:32:03.5920830Z</when>
        <gx:coord>12.974725 51.420715 945.75604</gx:coord>
        <when>2025-01-01T00:32:08.5920830Z</when>
        <gx:coord>12.978201 51.41958 947.28</gx:coord>
        <when>2025-01-01T00:32:13.5920830Z</when>
        <gx:coord>12.981699 51.41846 947.28</gx:coord>
        <when>2025-01-01T00:32:18.5920830Z</when>
        <gx:coord>12.985174 51.417324 947.28</gx:coord>
        <when>2025-01-01T00:32:23.5920830Z</when>
        <gx:coord>12.988586 51.416187 948.80396</gx:coord>
        <when>2025-01-01T00:32:24.1300830Z</when>
        <gx:coord>12.989273 51.41595 948.80396</gx:coord>
        <when>2025-01-01T00:32:28.5910830Z</when>
        <gx:coord>12.991999 51.415028 947.28</gx:coord>
        <when>2025-01-01T00:32:33.5920830Z</when>
        <gx:coord>12.995474 51.413933 945.75604</gx:coord>
        <when>2025-01-01T00:32:38.5920830Z</when>
        <gx:coord>12.998951 51.41286 947.28</gx:coord>
        <when>2025-01-01T00:32:43.5920830Z</when>
        <gx:coord>13.002384 51.41181 938.136</gx:coord>
        <when>2025-01-01T00:32:48.5920830Z</when>
        <gx:coord>13.005732 51.410694 932.04004</gx:coord>
        <when>2025-01-01T00:32:53.5930830Z</when>
        <gx:coord>13.009143 51.409576 921.372</gx:coord>
        <when>2025-01-01T00:32:58.6000830Z</when>
        <gx:coord>13.012662 51.408527 938.136</gx:coord>
        <when>2025-01-01T00:32:59.1260830Z</when>
        <gx:coord>13.0133705 51.408333 938.136</gx:coord>
        <when>2025-01-01T00:33:03.5930830Z</when>
        <gx:coord>13.016181 51.40754 948.80396</gx:coord>
        <when>2025-01-01T00:33:08.5930830Z</when>
        <gx:coord>13.019722 51.406487 956.424</gx:coord>
        <when>2025-01-01T00:33:13.5920830Z</when>
        <gx:coord>13.023219 51.40533 956.424</gx:coord>
        <when>2025-01-01T00:33:18.5920830Z</when>
        <gx:coord>13.026716 51.404083 951.852</gx:coord>
        <when>2025-01-01T00:33:23.5920830Z</when>
        <gx:coord>13.030429 51.402992 936.612</gx:coord>
        <when>2025-01-01T00:33:28.5910830Z</when>
        <gx:coord>13.034142 51.401897 932.04004</gx:coord>
        <when>2025-01-01T00:33:33.1250830Z</when>
        <gx:coord>13.037767 51.400738 932.04004</gx:coord>
        <when>2025-01-01T00:33:33.5920830Z</when>
        <gx:coord>13.037767 51.400738 930.516</gx:coord>
        <when>2025-01-01T00:33:38.5920830Z</when>
        <gx:coord>13.041351 51.39958 925.94403</gx:coord>
        <when>2025-01-01T00:33:43.5920830Z</when>
        <gx:coord>13.044998 51.398422 919.848</gx:coord>
        <when>2025-01-01T00:33:48.5920830Z</when>
        <gx:coord>13.048517 51.397198 927.46796</gx:coord>
        <when>2025-01-01T00:33:53.5920830Z</when>
        <gx:coord>13.051865 51.39593 933.564</gx:coord>
        <when>2025-01-01T00:33:58.6020830Z</when>
        <gx:coord>13.055234 51.39477 927.46796</gx:coord>
        <when>2025-01-01T00:34:03.5920830Z</when>
        <gx:coord>13.058538 51.39357 933.564</gx:coord>
        <when>2025-01-01T00:34:07.1250830Z</when>
        <gx:coord>13.061199 51.392647 927.46796</gx:coord>
        <when>2025-01-01T00:34:08.5920830Z</when>
        <gx:coord>13.061865 51.39241 927.46796</gx:coord>
        <when>2025-01-01T00:34:13.5920830Z</when>
        <gx:coord>13.06519 51.391254 921.372</gx:coord>
        <when>2025-01-01T00:34:18.5920830Z</when>
        <gx:coord>13.068602 51.39007 922.896</gx:coord>
        <when>2025-01-01T00:34:23.5920830Z</when>
        <gx:coord>13.071993 51.38887 919.848</gx:coord>
        <when>2025-01-01T00:34:28.5920830Z</when>
        <gx:coord>13.075382 51.387714 927.46796</gx:coord>
        <when>2025-01-01T00:34:33.5920830Z</when>
        <gx:coord>13.078644 51.38664 932.04004</gx:coord>
        <when>2025-01-01T00:34:38.5920830Z</when>
        <gx:coord>13.081905 51.385525 927.46796</gx:coord>
        <when>2025-01-01T00:34:42.1220830Z</when>
        <gx:coord>13.084545 51.3846 925.94403</gx:coord>
        <when>2025-01-01T00:34:43.5920830Z</when>
        <gx:coord>13.085232 51.384388 921.372</gx:coord>
        <when>2025-01-01T00:34:48.5920830Z</when>
        <gx:coord>13.088622 51.38327 915.276</gx:coord>
        <when>2025-01-01T00:34:53.5920830Z</when>
        <gx:coord>13.092033 51.382133 915.276</gx:coord>
        <when>2025-01-01T00:34:58.6070830Z</when>
        <gx:coord>13.095446 51.38106 912.228</gx:coord>
        <when>2025-01-01T00:34:59.1210830Z</when>
        <gx:coord>13.096153 51.380848 910.70404</gx:coord>
        <when>2025-01-01T00:35:03.5920830Z</when>
        <gx:coord>13.098944 51.37999 901.56</gx:coord>
        <when>2025-01-01T00:35:08.5920830Z</when>
        <gx:coord>13.102505 51.378895 893.94</gx:coord>
        <when>2025-01-01T00:35:13.5920830Z</when>
        <gx:coord>13.10611 51.377777 890.892</gx:coord>
        <when>2025-01-01T00:35:17.1230830Z</when>
        <gx:coord>13.109007 51.376812 890.892</gx:coord>
        <when>2025-01-01T00:35:18.5920830Z</when>
        <gx:coord>13.1097145 51.376556 895.464</gx:coord>
        <when>2025-01-01T00:35:23.5930830Z</when>
        <gx:coord>13.11317 51.375183 904.60803</gx:coord>
        <when>2025-01-01T00:35:28.5930830Z</when>
        <gx:coord>13.116667 51.37396 913.752</gx:coord>
        <when>2025-01-01T00:35:33.5920830Z</when>
        <gx:coord>13.120208 51.372887 915.276</gx:coord>
        <when>2025-01-01T00:35:38.5920830Z</when>
        <gx:coord>13.123791 51.37177 906.13196</gx:coord>
        <when>2025-01-01T00:35:43.5920830Z</when>
        <gx:coord>13.127332 51.370632 906.13196</gx:coord>
        <when>2025-01-01T00:35:48.5920830Z</when>
        <gx:coord>13.130829 51.36952 907.656</gx:coord>
        <when>2025-01-01T00:35:51.1310830Z</when>
        <gx:coord>13.132954 51.368874 906.13196</gx:coord>
        <when>2025-01-01T00:35:53.5920830Z</when>
        <gx:coord>13.134348 51.368443 907.656</gx:coord>
        <when>2025-01-01T00:35:58.6330830Z</when>
        <gx:coord>13.137803 51.367306 912.228</gx:coord>
        <when>2025-01-01T00:36:03.5930830Z</when>
        <gx:coord>13.141193 51.36617 915.276</gx:coord>
        <when>2025-01-01T00:36:08.5920830Z</when>
        <gx:coord>13.144584 51.36499 919.848</gx:coord>
        <when>2025-01-01T00:36:13.5930830Z</when>
        <gx:coord>13.147974 51.363853 924.42004</gx:coord>
        <when>2025-01-01T00:36:18.5920830Z</when>
        <gx:coord>13.151364 51.362736 922.896</gx:coord>
        <when>2025-01-01T00:36:23.5920830Z</when>
        <gx:coord>13.154798 51.361664 925.94403</gx:coord>
        <when>2025-01-01T00:36:26.1220830Z</when>
        <gx:coord>13.156836 51.36102 930.516</gx:coord>
        <when>2025-01-01T00:36:28.5920830Z</when>
        <gx:coord>13.158188 51.36059 932.04004</gx:coord>
        <when>2025-01-01T00:36:51.6320830Z</when>
        <gx:coord>13.17441 51.35555 921.372</gx:coord>
        <when>2025-01-01T00:37:26.7250830Z</when>
        <gx:coord>13.180954 51.353466 918.32404</gx:coord>
        <when>2025-01-01T00:37:27.0770830Z</when>
        <gx:coord>13.200052 51.347843 906.13196</gx:coord>
        <when>2025-01-01T00:37:32.0780830Z</when>
        <gx:coord>13.203829 51.346924 907.656</gx:coord>
        <when>2025-01-01T00:37:33.1230830Z</when>
        <gx:coord>13.205309 51.346516 906.13196</gx:coord>
        <when>2025-01-01T00:37:37.1110830Z</when>
        <gx:coord>13.207434 51.345783 907.656</gx:coord>
        <when>2025-01-01T00:37:42.0780830Z</when>
        <gx:coord>13.210867 51.344475 915.276</gx:coord>
        <when>2025-01-01T00:37:47.0780830Z</when>
        <gx:coord>13.214192 51.34321 925.94403</gx:coord>
        <when>2025-01-01T00:37:52.0780830Z</when>
        <gx:coord>13.217476 51.341988 930.516</gx:coord>
        <when>2025-01-01T00:37:54.1160830Z</when>
        <gx:coord>13.218741 51.341473 930.516</gx:coord>
        <when>2025-01-01T00:37:57.0780830Z</when>
        <gx:coord>13.220587 51.340614 935.088</gx:coord>
        <when>2025-01-01T00:38:02.0780830Z</when>
        <gx:coord>13.22344 51.33907 939.66003</gx:coord>
        <when>2025-01-01T00:38:02.1290830Z</when>
        <gx:coord>13.223999 51.338768 941.184</gx:coord>
        <when>2025-01-01T00:38:07.0780830Z</when>
        <gx:coord>13.226231 51.33748 945.75604</gx:coord>
        <when>2025-01-01T00:38:08.1270830Z</when>
        <gx:coord>13.227303 51.336838 948.80396</gx:coord>
        <when>2025-01-01T00:38:09.1240830Z</when>
        <gx:coord>13.227303 51.336838 950.328</gx:coord>
        <when>2025-01-01T00:38:13.9820830Z</when>
        <gx:coord>13.2298565 51.33514 954.9</gx:coord>
        <when>2025-01-01T00:38:31.9490830Z</when>
        <gx:coord>13.239534 51.329113 971.664</gx:coord>
        <when>2025-01-01T00:38:32.2660830Z</when>
        <gx:coord>13.240113 51.32879 974.71204</gx:coord>
        <when>2025-01-01T00:38:37.2670830Z</when>
        <gx:coord>13.242946 51.327118 983.856</gx:coord>
        <when>2025-01-01T00:38:42.2670830Z</when>
        <gx:coord>13.245692 51.325336 983.856</gx:coord>
        <when>2025-01-01T00:38:43.1270830Z</when>
        <gx:coord>13.246229 51.32497 983.856</gx:coord>
        <when>2025-01-01T00:38:47.2670830Z</when>
        <gx:coord>13.248353 51.32345 976.236</gx:coord>
        <when>2025-01-01T00:38:52.2670830Z</when>
        <gx:coord>13.250971 51.321518 970.4</gx:coord>
        <when>2025-01-01T00:38:57.2670830Z</when>
        <gx:coord>13.253567 51.319626 971.924</gx:coord>
        <when>2025-01-01T00:39:02.2810830Z</when>
        <gx:coord>13.2562275 51.317783 970.4</gx:coord>
        <when>2025-01-01T00:39:07.2670830Z</when>
        <gx:coord>13.258953 51.31598 970.4</gx:coord>
        <when>2025-01-01T00:39:12.2670830Z</when>
        <gx:coord>13.261765 51.314243 973.448</gx:coord>
        <when>2025-01-01T00:39:17.1240830Z</when>
        <gx:coord>13.264661 51.31259 973.448</gx:coord>
        <when>2025-01-01T00:39:17.2670830Z</when>
        <gx:coord>13.264661 51.31259 974.97205</gx:coord>
        <when>2025-01-01T00:39:22.2670830Z</when>
        <gx:coord>13.267643 51.311024 978.02</gx:coord>
        <when>2025-01-01T00:39:24.1080830Z</when>
        <gx:coord>13.268266 51.310745 978.02</gx:coord>
        <when>2025-01-01T00:39:27.2670830Z</when>
        <gx:coord>13.270819 51.30967 978.02</gx:coord>
        <when>2025-01-01T00:39:32.2790830Z</when>
        <gx:coord>13.274038 51.308384 979.544</gx:coord>
        <when>2025-01-01T00:39:37.2670830Z</when>
        <gx:coord>13.277278 51.307117 979.544</gx:coord>
        <when>2025-01-01T00:39:42.2670830Z</when>
        <gx:coord>13.280625 51.305916 976.49603</gx:coord>
        <when>2025-01-01T00:39:47.2670830Z</when>
        <gx:coord>13.2841015 51.30478 961.25604</gx:coord>
        <when>2025-01-01T00:39:52.1200830Z</when>
        <gx:coord>13.287727 51.303642 952.112</gx:coord>
        <when>2025-01-01T00:39:52.2670830Z</when>
        <gx:coord>13.287727 51.303642 949.064</gx:coord>
        <when>2025-01-01T00:39:53.1150830Z</when>
        <gx:coord>13.287727 51.303642 949.064</gx:coord>
        <when>2025-01-01T00:39:57.2680830Z</when>
        <gx:coord>13.291569 51.302803 952.112</gx:coord>
        <when>2025-01-01T00:39:58.1050830Z</when>
        <gx:coord>13.291569 51.302803 952.112</gx:coord>
        <when>2025-01-01T00:40:02.2670830Z</when>
        <gx:coord>13.295452 51.302483 956.684</gx:coord>
        <when>2025-01-01T00:40:03.1110830Z</when>
        <gx:coord>13.295452 51.302483 956.684</gx:coord>
        <when>2025-01-01T00:40:07.2680830Z</when>
        <gx:coord>13.299358 51.30272 953.63605</gx:coord>
        <when>2025-01-01T00:40:08.1180830Z</when>
        <gx:coord>13.299358 51.30272 953.63605</gx:coord>
        <when>2025-01-01T00:40:12.2680830Z</when>
        <gx:coord>13.303005 51.303448 949.064</gx:coord>
        <when>2025-01-01T00:40:13.1150830Z</when>
        <gx:coord>13.303005 51.303448 949.064</gx:coord>
        <when>2025-01-01T00:40:17.2680830Z</when>
        <gx:coord>13.306353 51.304695 949.064</gx:coord>
        <when>2025-01-01T00:40:18.1160830Z</when>
        <gx:coord>13.306353 51.304695 949.064</gx:coord>
        <when>2025-01-01T00:40:22.1070830Z</when>
        <gx:coord>13.308649 51.306004 952.112</gx:coord>
        <when>2025-01-01T00:40:22.2670830Z</when>
        <gx:coord>13.309143 51.306366 950.588</gx:coord>
        <when>2025-01-01T00:40:25.1190830Z</when>
        <gx:coord>13.310558 51.307526 939.92004</gx:coord>
        <when>2025-01-01T00:40:27.2680830Z</when>
        <gx:coord>13.311396 51.30836 932.3</gx:coord>
        <when>2025-01-01T00:40:28.1160830Z</when>
        <gx:coord>13.311396 51.30836 932.3</gx:coord>
        <when>2025-01-01T00:40:31.1280830Z</when>
        <gx:coord>13.312726 51.310165 924.68</gx:coord>
        <when>2025-01-01T00:40:32.2990830Z</when>
        <gx:coord>13.3129835 51.31064 921.632</gx:coord>
        <when>2025-01-01T00:40:33.1110830Z</when>
        <gx:coord>13.3129835 51.31064 921.632</gx:coord>
        <when>2025-01-01T00:40:37.2690830Z</when>
        <gx:coord>13.313778 51.31302 930.776</gx:coord>
        <when>2025-01-01T00:40:39.1170830Z</when>
        <gx:coord>13.313842 51.31351 930.776</gx:coord>
        <when>2025-01-01T00:40:42.3230830Z</when>
        <gx:coord>13.313992 51.31495 927.728</gx:coord>
        <when>2025-01-01T00:40:42.3440830Z</when>
        <gx:coord>13.314035 51.315445 927.728</gx:coord>
        <when>2025-01-01T00:40:47.2690830Z</when>
        <gx:coord>13.314293 51.31791 933.82404</gx:coord>
        <when>2025-01-01T00:40:50.1100830Z</when>
        <gx:coord>13.314335 51.31888 935.348</gx:coord>
        <when>2025-01-01T00:40:52.2690830Z</when>
        <gx:coord>13.314207 51.320293 936.872</gx:coord>
        <when>2025-01-01T00:40:55.1150830Z</when>
        <gx:coord>13.313971 51.321236 935.348</gx:coord>
        <when>2025-01-01T00:40:57.2820830Z</when>
        <gx:coord>13.31337 51.32263 941.44403</gx:coord>
        <when>2025-01-01T00:41:00.1120830Z</when>
        <gx:coord>13.312834 51.323532 941.44403</gx:coord>
        <when>2025-01-01T00:41:02.2690830Z</when>
        <gx:coord>13.311825 51.32482 938.396</gx:coord>
        <when>2025-01-01T00:41:07.1210830Z</when>
        <gx:coord>13.309872 51.3269 929.252</gx:coord>
        <when>2025-01-01T00:41:07.2690830Z</when>
        <gx:coord>13.309872 51.3269 927.728</gx:coord>
        <when>2025-01-01T00:41:08.1100830Z</when>
        <gx:coord>13.309872 51.3269 927.728</gx:coord>
        <when>2025-01-01T00:41:12.2690830Z</when>
        <gx:coord>13.307533 51.32879 921.632</gx:coord>
        <when>2025-01-01T00:41:17.1170830Z</when>
        <gx:coord>13.3048725 51.33055 909.44</gx:coord>
        <when>2025-01-01T00:41:17.2690830Z</when>
        <gx:coord>13.3048725 51.33055 909.44</gx:coord>
        <when>2025-01-01T00:41:22.2690830Z</when>
        <gx:coord>13.302169 51.33231 907.916</gx:coord>
        <when>2025-01-01T00:41:27.2690830Z</when>
        <gx:coord>13.2997875 51.334198 907.916</gx:coord>
        <when>2025-01-01T00:41:32.2870830Z</when>
        <gx:coord>13.29762 51.33613 909.44</gx:coord>
        <when>2025-01-01T00:41:37.2700830Z</when>
        <gx:coord>13.29528 51.337933 923.156</gx:coord>
        <when>2025-01-01T00:41:42.2690830Z</when>
        <gx:coord>13.292921 51.33969 930.776</gx:coord>
        <when>2025-01-01T00:41:43.1260830Z</when>
        <gx:coord>13.292448 51.340034 930.776</gx:coord>
        <when>2025-01-01T00:41:47.2690830Z</when>
        <gx:coord>13.290582 51.34145 936.872</gx:coord>
        <when>2025-01-01T00:41:52.2700830Z</when>
        <gx:coord>13.288328 51.34321 938.396</gx:coord>
        <when>2025-01-01T00:41:57.2700830Z</when>
        <gx:coord>13.286076 51.345013 938.396</gx:coord>
        <when>2025-01-01T00:41:59.1210830Z</when>
        <gx:coord>13.285152 51.34572 939.92004</gx:coord>
        <when>2025-01-01T00:42:02.2690830Z</when>
        <gx:coord>13.283715 51.346794 938.396</gx:coord>
        <when>2025-01-01T00:42:07.2700830Z</when>
        <gx:coord>13.281248 51.348595 936.872</gx:coord>
        <when>2025-01-01T00:42:12.2700830Z</when>
        <gx:coord>13.278737 51.3504 932.3</gx:coord>
        <when>2025-01-01T00:42:17.2700830Z</when>
        <gx:coord>13.276205 51.352222 938.396</gx:coord>
        <when>2025-01-01T00:42:19.1230830Z</when>
        <gx:coord>13.275218 51.35295 939.92004</gx:coord>
        <when>2025-01-01T00:42:22.2700830Z</when>
        <gx:coord>13.273781 51.354046 942.968</gx:coord>
        <when>2025-01-01T00:42:27.2700830Z</when>
        <gx:coord>13.27142 51.35591 939.92004</gx:coord>
        <when>2025-01-01T00:42:32.2820830Z</when>
        <gx:coord>13.268995 51.357716 936.872</gx:coord>
        <when>2025-01-01T00:42:37.2700830Z</when>
        <gx:coord>13.266549 51.359474 938.396</gx:coord>
        <when>2025-01-01T00:42:42.2710830Z</when>
        <gx:coord>13.264189 51.361298 942.968</gx:coord>
        <when>2025-01-01T00:42:47.2710830Z</when>
        <gx:coord>13.261871 51.36308 942.968</gx:coord>
        <when>2025-01-01T00:42:52.2710830Z</when>
        <gx:coord>13.259533 51.364838 949.064</gx:coord>
        <when>2025-01-01T00:42:55.1220830Z</when>
        <gx:coord>13.258181 51.365868 952.112</gx:coord>
        <when>2025-01-01T00:42:57.2710830Z</when>
        <gx:coord>13.257279 51.366577 953.63605</gx:coord>
        <when>2025-01-01T00:43:02.2710830Z</when>
        <gx:coord>13.25494 51.368317 950.588</gx:coord>
        <when>2025-01-01T00:43:07.2710830Z</when>
        <gx:coord>13.252623 51.370117 942.968</gx:coord>
        <when>2025-01-01T00:43:12.2710830Z</when>
        <gx:coord>13.250305 51.37194 941.44403</gx:coord>
        <when>2025-01-01T00:43:17.2710830Z</when>
        <gx:coord>13.24801 51.373764 932.04004</gx:coord>
        <when>2025-01-01T00:43:22.2710830Z</when>
        <gx:coord>13.245735 51.375587 930.516</gx:coord>
        <when>2025-01-01T00:43:27.2710830Z</when>
        <gx:coord>13.243483 51.377415 930.516</gx:coord>
        <when>2025-01-01T00:43:32.1240830Z</when>
        <gx:coord>13.241272 51.379257 932.04004</gx:coord>
        <when>2025-01-01T00:43:32.3090830Z</when>
        <gx:coord>13.241272 51.379257 933.564</gx:coord>
        <when>2025-01-01T00:43:37.2720830Z</when>
        <gx:coord>13.238955 51.381104 938.136</gx:coord>
        <when>2025-01-01T00:43:42.2720830Z</when>
        <gx:coord>13.236508 51.382908 936.612</gx:coord>
        <when>2025-01-01T00:43:47.2720830Z</when>
        <gx:coord>13.234083 51.38471 941.184</gx:coord>
        <when>2025-01-01T00:43:52.2720830Z</when>
        <gx:coord>13.231745 51.386448 947.28</gx:coord>
        <when>2025-01-01T00:43:57.2720830Z</when>
        <gx:coord>13.229406 51.388184 942.708</gx:coord>
        <when>2025-01-01T00:44:02.2730830Z</when>
        <gx:coord>13.22711 51.389965 933.564</gx:coord>
        <when>2025-01-01T00:44:07.2720830Z</when>
        <gx:coord>13.224707 51.39179 928.992</gx:coord>
        <when>2025-01-01T00:44:08.1230830Z</when>
        <gx:coord>13.224213 51.392155 928.992</gx:coord>
        <when>2025-01-01T00:44:12.2720830Z</when>
        <gx:coord>13.222303 51.393635 928.992</gx:coord>
        <when>2025-01-01T00:44:17.2720830Z</when>
        <gx:coord>13.219986 51.395565 930.516</gx:coord>
        <when>2025-01-01T00:44:22.2720830Z</when>
        <gx:coord>13.217497 51.397434 930.516</gx:coord>
        <when>2025-01-01T00:44:27.2720830Z</when>
        <gx:coord>13.214922 51.399216 932.04004</gx:coord>
        <when>2025-01-01T00:44:32.2810830Z</when>
        <gx:coord>13.212454 51.40104 938.136</gx:coord>
        <when>2025-01-01T00:44:37.2720830Z</when>
        <gx:coord>13.21003 51.40284 939.66003</gx:coord>
        <when>2025-01-01T00:44:42.2720830Z</when>
        <gx:coord>13.207605 51.40462 938.136</gx:coord>
        <when>2025-01-01T00:44:43.1160830Z</when>
        <gx:coord>13.207132 51.404987 938.136</gx:coord>
        <when>2025-01-01T00:44:47.2730830Z</when>
        <gx:coord>13.205288 51.406445 941.184</gx:coord>
        <when>2025-01-01T00:44:52.2730830Z</when>
        <gx:coord>13.202949 51.408268 941.184</gx:coord>
        <when>2025-01-01T00:44:57.2730830Z</when>
        <gx:coord>13.200567 51.41005 936.612</gx:coord>
        <when>2025-01-01T00:45:02.2720830Z</when>
        <gx:coord>13.198034 51.411724 941.184</gx:coord>
        <when>2025-01-01T00:45:07.2730830Z</when>
        <gx:coord>13.195545 51.4134 945.75604</gx:coord>
        <when>2025-01-01T00:45:12.2730830Z</when>
        <gx:coord>13.193207 51.415092 945.75604</gx:coord>
        <when>2025-01-01T00:45:17.2730830Z</when>
        <gx:coord>13.19091 51.416832 951.852</gx:coord>
        <when>2025-01-01T00:45:20.1280830Z</when>
        <gx:coord>13.189495 51.417862 950.328</gx:coord>
        <when>2025-01-01T00:45:22.2730830Z</when>
        <gx:coord>13.188572 51.41855 950.328</gx:coord>
        <when>2025-01-01T00:45:27.2730830Z</when>
        <gx:coord>13.1862755 51.420307 950.328</gx:coord>
        <when>2025-01-01T00:45:32.2870830Z</when>
        <gx:coord>13.183872 51.422066 945.75604</gx:coord>
        <when>2025-01-01T00:45:37.2730830Z</when>
        <gx:coord>13.181383 51.42383 941.184</gx:coord>
        <when>2025-01-01T00:45:42.2730830Z</when>
        <gx:coord>13.178916 51.42563 932.04004</gx:coord>
        <when>2025-01-01T00:45:47.2730830Z</when>
        <gx:coord>13.176427 51.42741 928.992</gx:coord>
        <when>2025-01-01T00:45:52.2730830Z</when>
        <gx:coord>13.173981 51.42919 925.94403</gx:coord>
        <when>2025-01-01T00:45:56.1250830Z</when>
        <gx:coord>13.172007 51.43065 925.94403</gx:coord>
        <when>2025-01-01T00:45:57.2730830Z</when>
        <gx:coord>13.171513 51.431015 925.94403</gx:coord>
        <when>2025-01-01T00:46:02.2730830Z</when>
        <gx:coord>13.169003 51.432816 933.564</gx:coord>
        <when>2025-01-01T00:46:07.2740830Z</when>
        <gx:coord>13.166492 51.43462 930.516</gx:coord>
        <when>2025-01-01T00:46:12.2740830Z</when>
        <gx:coord>13.1639595 51.43638 939.66003</gx:coord>
        <when>2025-01-01T00:46:17.2740830Z</when>
        <gx:coord>13.161621 51.438137 944.232</gx:coord>
        <when>2025-01-01T00:46:22.2740830Z</when>
        <gx:coord>13.159197 51.43992 939.66003</gx:coord>
        <when>2025-01-01T00:46:27.2740830Z</when>
        <gx:coord>13.156622 51.441635 941.184</gx:coord>
        <when>2025-01-01T00:46:32.1250830Z</when>
        <gx:coord>13.154219 51.443417 950.328</gx:coord>
        <when>2025-01-01T00:46:32.3000830Z</when>
        <gx:coord>13.154219 51.443417 950.328</gx:coord>
        <when>2025-01-01T00:46:37.2740830Z</when>
        <gx:coord>13.152029 51.445263 951.852</gx:coord>
        <when>2025-01-01T00:46:42.2740830Z</when>
        <gx:coord>13.149648 51.447044 951.852</gx:coord>
        <when>2025-01-01T00:46:47.2740830Z</when>
        <gx:coord>13.147137 51.448826 941.184</gx:coord>
        <when>2025-01-01T00:46:52.2740830Z</when>
        <gx:coord>13.144627 51.45065 938.136</gx:coord>
        <when>2025-01-01T00:46:57.2740830Z</when>
        <gx:coord>13.14218 51.45243 944.232</gx:coord>
        <when>2025-01-01T00:47:02.2740830Z</when>
        <gx:coord>13.139734 51.45419 942.708</gx:coord>
        <when>2025-01-01T00:47:07.2740830Z</when>
        <gx:coord>13.137331 51.455948 945.75604</gx:coord>
        <when>2025-01-01T00:47:08.1260830Z</when>
        <gx:coord>13.136859 51.45629 945.75604</gx:coord>
        <when>2025-01-01T00:47:12.2740830Z</when>
        <gx:coord>13.134993 51.457687 941.184</gx:coord>
        <when>2025-01-01T00:47:17.2740830Z</when>
        <gx:coord>13.132631 51.459446 936.612</gx:coord>
        <when>2025-01-01T00:47:22.2740830Z</when>
        <gx:coord>13.130228 51.461163 938.136</gx:coord>
        <when>2025-01-01T00:47:26.1280830Z</when>
        <gx:coord>13.128791 51.46217 944.232</gx:coord>
        <when>2025-01-01T00:47:27.2740830Z</when>
        <gx:coord>13.127869 51.462837 951.852</gx:coord>
        <when>2025-01-01T00:47:32.3000830Z</when>
        <gx:coord>13.125551 51.464424 965.568</gx:coord>
        <when>2025-01-01T00:47:37.2750830Z</when>
        <gx:coord>13.123234 51.466034 970.14</gx:coord>
        <when>2025-01-01T00:47:39.1170830Z</when>
        <gx:coord>13.122268 51.46668 971.664</gx:coord>
        <when>2025-01-01T00:47:42.2750830Z</when>
        <gx:coord>13.120787 51.467644 973.188</gx:coord>
        <when>2025-01-01T00:47:46.1250830Z</when>
        <gx:coord>13.118749 51.46897 976.236</gx:coord>
        <when>2025-01-01T00:47:47.2750830Z</when>
        <gx:coord>13.118256 51.469315 974.71204</gx:coord>
        <when>2025-01-01T00:47:52.2750830Z</when>
        <gx:coord>13.115873 51.47114 970.14</gx:coord>
        <when>2025-01-01T00:47:57.2750830Z</when>
        <gx:coord>13.113556 51.47303 965.568</gx:coord>
        <when>2025-01-01T00:48:02.2830830Z</when>
        <gx:coord>13.1112385 51.47496 953.37604</gx:coord>
        <when>2025-01-01T00:48:07.2750830Z</when>
        <gx:coord>13.108814 51.476826 953.37604</gx:coord>
        <when>2025-01-01T00:48:12.2840830Z</when>
        <gx:coord>13.106239 51.478584 948.80396</gx:coord>
        <when>2025-01-01T00:48:17.2750830Z</when>
        <gx:coord>13.103642 51.480366 950.328</gx:coord>
        <when>2025-01-01T00:48:21.1270830Z</when>
        <gx:coord>13.101754 51.48187 945.75604</gx:coord>
        <when>2025-01-01T00:48:22.1140830Z</when>
        <gx:coord>13.101282 51.482254 941.184</gx:coord>
        <when>2025-01-01T00:48:22.2840830Z</when>
        <gx:coord>13.101282 51.482254 941.184</gx:coord>
        <when>2025-01-01T00:48:24.1180830Z</when>
        <gx:coord>13.10081 51.482643 939.66003</gx:coord>
        <when>2025-01-01T00:48:27.2750830Z</when>
        <gx:coord>13.098879 51.484188 930.516</gx:coord>
        <when>2025-01-01T00:48:32.3150830Z</when>
        <gx:coord>13.096369 51.486183 928.992</gx:coord>
        <when>2025-01-01T00:48:37.2750830Z</when>
        <gx:coord>13.09388 51.48818 930.516</gx:coord>
        <when>2025-01-01T00:48:42.2750830Z</when>
        <gx:coord>13.0914545 51.490173 932.04004</gx:coord>
        <when>2025-01-01T00:48:47.2750830Z</when>
        <gx:coord>13.089029 51.492126 932.04004</gx:coord>
        <when>2025-01-01T00:48:52.2750830Z</when>
        <gx:coord>13.086498 51.494034 927.46796</gx:coord>
        <when>2025-01-01T00:48:55.1290830Z</when>
        <gx:coord>13.084995 51.495193 928.992</gx:coord>
        <when>2025-01-01T00:48:57.2750830Z</when>
        <gx:coord>13.083987 51.495926 928.992</gx:coord>
        <when>2025-01-01T00:49:02.2750830Z</when>
        <gx:coord>13.08152 51.49777 942.708</gx:coord>
        <when>2025-01-01T00:49:07.2750830Z</when>
        <gx:coord>13.079267 51.49959 944.232</gx:coord>
        <when>2025-01-01T00:49:12.2750830Z</when>
        <gx:coord>13.077057 51.50142 941.184</gx:coord>
        <when>2025-01-01T00:49:17.2750830Z</when>
        <gx:coord>13.074781 51.50326 945.75604</gx:coord>
        <when>2025-01-01T00:49:22.2750830Z</when>
        <gx:coord>13.072443 51.505085 948.80396</gx:coord>
        <when>2025-01-01T00:49:27.2760830Z</when>
        <gx:coord>13.070126 51.506912 948.80396</gx:coord>
        <when>2025-01-01T00:49:31.1320830Z</when>
        <gx:coord>13.068302 51.508392 948.80396</gx:coord>
        <when>2025-01-01T00:49:32.2930830Z</when>
        <gx:coord>13.067873 51.508778 947.28</gx:coord>
        <when>2025-01-01T00:49:37.2760830Z</when>
        <gx:coord>13.065577 51.510643 947.28</gx:coord>
        <when>2025-01-01T00:49:42.2760830Z</when>
        <gx:coord>13.063194 51.512466 945.75604</gx:coord>
        <when>2025-01-01T00:49:47.2760830Z</when>
        <gx:coord>13.060856 51.514313 944.232</gx:coord>
        <when>2025-01-01T00:49:52.2760830Z</when>
        <gx:coord>13.058538 51.5162 942.708</gx:coord>
        <when>2025-01-01T00:49:57.2760830Z</when>
        <gx:coord>13.056286 51.51809 938.136</gx:coord>
        <when>2025-01-01T00:50:02.2760830Z</when>
        <gx:coord>13.054096 51.519978 941.184</gx:coord>
        <when>2025-01-01T00:50:07.1290830Z</when>
        <gx:coord>13.051929 51.521866 941.184</gx:coord>
        <when>2025-01-01T00:50:07.2760830Z</when>
        <gx:coord>13.051929 51.521866 941.184</gx:coord>
        <when>2025-01-01T00:50:12.2760830Z</when>
        <gx:coord>13.049569 51.52367 938.136</gx:coord>
        <when>2025-01-01T00:50:17.2760830Z</when>
        <gx:coord>13.047188 51.52547 933.564</gx:coord>
        <when>2025-01-01T00:50:22.2760830Z</when>
        <gx:coord>13.0448265 51.527317 928.992</gx:coord>
        <when>2025-01-01T00:50:27.2760830Z</when>
        <gx:coord>13.042509 51.529182 928.992</gx:coord>
        <when>2025-01-01T00:50:32.2920830Z</when>
        <gx:coord>13.040214 51.531094 925.94403</gx:coord>
        <when>2025-01-01T00:50:37.2760830Z</when>
        <gx:coord>13.037896 51.533047 925.94403</gx:coord>
        <when>2025-01-01T00:50:42.2760830Z</when>
        <gx:coord>13.035601 51.535 922.896</gx:coord>
        <when>2025-01-01T00:50:43.1220830Z</when>
        <gx:coord>13.03515 51.535385 922.896</gx:coord>
        <when>2025-01-01T00:50:47.2770830Z</when>
        <gx:coord>13.033218 51.53693 921.372</gx:coord>
        <when>2025-01-01T00:50:52.2760830Z</when>
        <gx:coord>13.030772 51.53884 919.848</gx:coord>
        <when>2025-01-01T00:50:57.2770830Z</when>
        <gx:coord>13.028433 51.54077 915.276</gx:coord>
        <when>2025-01-01T00:51:02.2760830Z</when>
        <gx:coord>13.026073 51.5427 915.276</gx:coord>
        <when>2025-01-01T00:51:07.2760830Z</when>
        <gx:coord>13.023756 51.544613 921.372</gx:coord>
        <when>2025-01-01T00:51:12.2770830Z</when>
        <gx:coord>13.02161 51.5465 932.04004</gx:coord>
        <when>2025-01-01T00:51:17.2770830Z</when>
        <gx:coord>13.01955 51.54839 932.04004</gx:coord>
        <when>2025-01-01T00:51:18.1290830Z</when>
        <gx:coord>13.019121 51.548775 932.04004</gx:coord>
        <when>2025-01-01T00:51:22.2770830Z</when>
        <gx:coord>13.017297 51.55019 928.992</gx:coord>
        <when>2025-01-01T00:51:27.2770830Z</when>
        <gx:coord>13.014915 51.551994 921.372</gx:coord>
        <when>2025-01-01T00:51:32.3010830Z</when>
        <gx:coord>13.012598 51.553795 918.32404</gx:coord>
        <when>2025-01-01T00:51:37.2770830Z</when>
        <gx:coord>13.010408 51.555683 912.228</gx:coord>
        <when>2025-01-01T00:51:38.1280830Z</when>
        <gx:coord>13.009979 51.55605 910.70404</gx:coord>
        <when>2025-01-01T00:51:42.2770830Z</when>
        <gx:coord>13.008242 51.55757 910.70404</gx:coord>
        <when>2025-01-01T00:51:44.1240830Z</when>
        <gx:coord>13.00734 51.558323 912.228</gx:coord>
        <when>2025-01-01T00:51:47.2770830Z</when>
        <gx:coord>13.005989 51.55944 910.70404</gx:coord>
        <when>2025-01-01T00:51:52.2770830Z</when>
        <gx:coord>13.003778 51.561306 907.656</gx:coord>
        <when>2025-01-01T00:51:54.1280830Z</when>
        <gx:coord>13.002899 51.562057 907.656</gx:coord>
        <when>2025-01-01T00:51:57.2770830Z</when>
        <gx:coord>13.00159 51.563194 907.656</gx:coord>
        <when>2025-01-01T00:52:02.2770830Z</when>
        <gx:coord>12.999508 51.565083 915.276</gx:coord>
        <when>2025-01-01T00:52:07.2770830Z</when>
        <gx:coord>12.997384 51.566994 918.32404</gx:coord>
        <when>2025-01-01T00:52:12.2770830Z</when>
        <gx:coord>12.99511 51.56886 930.516</gx:coord>
        <when>2025-01-01T00:52:17.2770830Z</when>
        <gx:coord>12.992857 51.570683 930.516</gx:coord>
        <when>2025-01-01T00:52:22.2770830Z</when>
        <gx:coord>12.990603 51.572487 927.46796</gx:coord>
        <when>2025-01-01T00:52:27.2770830Z</when>
        <gx:coord>12.988286 51.574265 930.516</gx:coord>
        <when>2025-01-01T00:52:31.1270830Z</when>
        <gx:coord>12.986462 51.575684 935.088</gx:coord>
        <when>2025-01-01T00:52:32.2950830Z</when>
        <gx:coord>12.9860115 51.576046 936.612</gx:coord>
        <when>2025-01-01T00:52:37.2770830Z</when>
        <gx:coord>12.98378 51.577827 936.612</gx:coord>
        <when>2025-01-01T00:52:42.2770830Z</when>
        <gx:coord>12.981548 51.57965 925.94403</gx:coord>
        <when>2025-01-01T00:52:47.2770830Z</when>
        <gx:coord>12.979338 51.58152 915.276</gx:coord>
        <when>2025-01-01T00:52:52.2770830Z</when>
        <gx:coord>12.97715 51.58341 909.18</gx:coord>
        <when>2025-01-01T00:52:57.2770830Z</when>
        <gx:coord>12.974939 51.58523 909.18</gx:coord>
        <when>2025-01-01T00:53:02.2770830Z</when>
        <gx:coord>12.972773 51.587074 907.656</gx:coord>
        <when>2025-01-01T00:53:07.2770830Z</when>
        <gx:coord>12.970562 51.58892 912.228</gx:coord>
        <when>2025-01-01T00:53:08.1310830Z</when>
        <gx:coord>12.970133 51.589287 912.228</gx:coord>
        <when>2025-01-01T00:53:12.2770830Z</when>
        <gx:coord>12.968395 51.590725 912.228</gx:coord>
        <when>2025-01-01T00:53:17.2780830Z</when>
        <gx:coord>12.966291 51.59255 912.228</gx:coord>
        <when>2025-01-01T00:53:22.2780830Z</when>
        <gx:coord>12.964125 51.59433 909.18</gx:coord>
        <when>2025-01-01T00:53:25.1230830Z</when>
        <gx:coord>12.963223 51.595036 907.656</gx:coord>
        <when>2025-01-01T00:53:27.2770830Z</when>
        <gx:coord>12.961914 51.596066 909.18</gx:coord>
        <when>2025-01-01T00:53:32.3190830Z</when>
        <gx:coord>12.959747 51.597782 903.084</gx:coord>
        <when>2025-01-01T00:53:37.2860830Z</when>
        <gx:coord>12.957666 51.59961 895.464</gx:coord>
        <when>2025-01-01T00:53:42.2860830Z</when>
        <gx:coord>12.955542 51.601433 892.416</gx:coord>
        <when>2025-01-01T00:53:46.1270830Z</when>
        <gx:coord>12.953825 51.602867 893.94</gx:coord>
        <when>2025-01-01T00:53:47.2780830Z</when>
        <gx:coord>12.953396 51.603233 895.464</gx:coord>
        <when>2025-01-01T00:53:52.2880830Z</when>
        <gx:coord>12.951293 51.60508 906.13196</gx:coord>
        <when>2025-01-01T00:53:57.2860830Z</when>
        <gx:coord>12.949125 51.60686 924.42004</gx:coord>
        <when>2025-01-01T00:54:02.2780830Z</when>
        <gx:coord>12.946938 51.60862 925.94403</gx:coord>
        <when>2025-01-01T00:54:07.2780830Z</when>
        <gx:coord>12.94462 51.610336 927.46796</gx:coord>
        <when>2025-01-01T00:54:12.2780830Z</when>
        <gx:coord>12.942281 51.612053 924.42004</gx:coord>
        <when>2025-01-01T00:54:17.2780830Z</when>
        <gx:coord>12.939814 51.613728 925.94403</gx:coord>
        <when>2025-01-01T00:54:22.2780830Z</when>
        <gx:coord>12.937325 51.61542 928.992</gx:coord>
        <when>2025-01-01T00:54:23.1250830Z</when>
        <gx:coord>12.936873 51.615765 928.992</gx:coord>
        <when>2025-01-01T00:54:27.2780830Z</when>
        <gx:coord>12.935093 51.617245 939.66003</gx:coord>
        <when>2025-01-01T00:54:28.1250830Z</when>
        <gx:coord>12.934664 51.61761 942.708</gx:coord>
        <when>2025-01-01T00:54:32.2950830Z</when>
        <gx:coord>12.932947 51.619114 947.28</gx:coord>
        <when>2025-01-01T00:54:37.2870830Z</when>
        <gx:coord>12.9307575 51.62098 953.37604</gx:coord>
        <when>2025-01-01T00:54:42.2780830Z</when>
        <gx:coord>12.928548 51.622826 953.37604</gx:coord>
        <when>2025-01-01T00:54:47.2780830Z</when>
        <gx:coord>12.926316 51.624626 954.9</gx:coord>
        <when>2025-01-01T00:54:52.2780830Z</when>
        <gx:coord>12.9241705 51.626408 956.424</gx:coord>
        <when>2025-01-01T00:54:57.2790830Z</when>
        <gx:coord>12.922047 51.628212 960.99603</gx:coord>
        <when>2025-01-01T00:55:00.1310830Z</when>
        <gx:coord>12.920823 51.629303 959.472</gx:coord>
        <when>2025-01-01T00:55:02.2780830Z</when>
        <gx:coord>12.919987 51.630054 956.424</gx:coord>
        <when>2025-01-01T00:55:07.2790830Z</when>
        <gx:coord>12.917883 51.631836 959.472</gx:coord>
        <when>2025-01-01T00:55:12.2790830Z</when>
        <gx:coord>12.915759 51.63364 951.852</gx:coord>
        <when>2025-01-01T00:55:17.2790830Z</when>
        <gx:coord>12.913699 51.63544 950.328</gx:coord>
        <when>2025-01-01T00:55:22.2790830Z</when>
        <gx:coord>12.911682 51.637245 951.852</gx:coord>
        <when>2025-01-01T00:55:27.2790830Z</when>
        <gx:coord>12.909665 51.63907 950.328</gx:coord>
        <when>2025-01-01T00:55:32.2940830Z</when>
        <gx:coord>12.907648 51.64087 951.852</gx:coord>
        <when>2025-01-01T00:55:37.2790830Z</when>
        <gx:coord>12.905653 51.64265 957.948</gx:coord>
        <when>2025-01-01T00:55:38.1260830Z</when>
        <gx:coord>12.905266 51.643017 957.948</gx:coord>
        <when>2025-01-01T00:55:42.2790830Z</when>
        <gx:coord>12.903679 51.644474 962.52</gx:coord>
        <when>2025-01-01T00:55:47.2790830Z</when>
        <gx:coord>12.901597 51.64628 953.37604</gx:coord>
        <when>2025-01-01T00:55:52.2790830Z</when>
        <gx:coord>12.899473 51.648125 950.328</gx:coord>
        <when>2025-01-01T00:55:57.2790830Z</when>
        <gx:coord>12.897434 51.649967 947.28</gx:coord>
        <when>2025-01-01T00:56:02.2790830Z</when>
        <gx:coord>12.89546 51.651855 947.28</gx:coord>
        <when>2025-01-01T00:56:07.2790830Z</when>
        <gx:coord>12.893572 51.653744 945.75604</gx:coord>
        <when>2025-01-01T00:56:12.2790830Z</when>
        <gx:coord>12.891491 51.65557 950.328</gx:coord>
        <when>2025-01-01T00:56:16.1290830Z</when>
        <gx:coord>12.8896885 51.657005 950.328</gx:coord>
        <when>2025-01-01T00:56:17.2790830Z</when>
        <gx:coord>12.889237 51.65737 944.232</gx:coord>
        <when>2025-01-01T00:56:22.2790830Z</when>
        <gx:coord>12.886812 51.65913 939.66003</gx:coord>
        <when>2025-01-01T00:56:27.2790830Z</when>
        <gx:coord>12.884603 51.660976 928.992</gx:coord>
        <when>2025-01-01T00:56:32.3040830Z</when>
        <gx:coord>12.882435 51.66284 924.42004</gx:coord>
        <when>2025-01-01T00:56:37.2790830Z</when>
        <gx:coord>12.880268 51.66471 930.516</gx:coord>
        <when>2025-01-01T00:56:42.2810830Z</when>
        <gx:coord>12.878079 51.666534 941.184</gx:coord>
        <when>2025-01-01T00:56:47.2790830Z</when>
        <gx:coord>12.875805 51.668335 944.232</gx:coord>
        <when>2025-01-01T00:56:52.2790830Z</when>
        <gx:coord>12.8734665 51.67018 941.184</gx:coord>
        <when>2025-01-01T00:56:53.1300830Z</when>
        <gx:coord>12.873015 51.670547 941.184</gx:coord>
        <when>2025-01-01T00:56:57.2790830Z</when>
        <gx:coord>12.871235 51.67205 935.088</gx:coord>
        <when>2025-01-01T00:57:02.2790830Z</when>
        <gx:coord>12.869024 51.673935 925.94403</gx:coord>
        <when>2025-01-01T00:57:07.2790830Z</when>
        <gx:coord>12.866836 51.675827 928.992</gx:coord>
        <when>2025-01-01T00:57:12.2800830Z</when>
        <gx:coord>12.864647 51.67767 933.564</gx:coord>
        <when>2025-01-01T00:57:17.2800830Z</when>
        <gx:coord>12.862458 51.679516 930.516</gx:coord>
        <when>2025-01-01T00:57:22.2800830Z</when>
        <gx:coord>12.860312 51.68134 925.94403</gx:coord>
        <when>2025-01-01T00:57:27.2800830Z</when>
        <gx:coord>12.858231 51.683186 921.372</gx:coord>
        <when>2025-01-01T00:57:30.1300830Z</when>
        <gx:coord>12.856965 51.68428 919.848</gx:coord>
        <when>2025-01-01T00:57:32.2930830Z</when>
        <gx:coord>12.856107 51.68501 919.848</gx:coord>
        <when>2025-01-01T00:57:37.2800830Z</when>
        <gx:coord>12.853918 51.686813 919.848</gx:coord>
        <when>2025-01-01T00:57:42.2800830Z</when>
        <gx:coord>12.851729 51.68859 918.32404</gx:coord>
        <when>2025-01-01T00:57:46.1210830Z</when>
        <gx:coord>12.849991 51.69003 912.228</gx:coord>
        <when>2025-01-01T00:57:47.2800830Z</when>
        <gx:coord>12.849562 51.690414 910.70404</gx:coord>
        <when>2025-01-01T00:57:52.2890830Z</when>
        <gx:coord>12.847395 51.69226 906.13196</gx:coord>
        <when>2025-01-01T00:57:57.2890830Z</when>
        <gx:coord>12.845206 51.694084 901.56</gx:coord>
        <when>2025-01-01T00:58:02.2790830Z</when>
        <gx:coord>12.842975 51.695953 898.512</gx:coord>
        <when>2025-01-01T00:58:07.1260830Z</when>
        <gx:coord>12.840571 51.697777 900.036</gx:coord>
        <when>2025-01-01T00:58:07.2800830Z</when>
        <gx:coord>12.840571 51.697777 898.512</gx:coord>
        <when>2025-01-01T00:58:12.2800830Z</when>
        <gx:coord>12.838318 51.699665 900.036</gx:coord>
        <when>2025-01-01T00:58:17.2800830Z</when>
        <gx:coord>12.836086 51.70162 900.036</gx:coord>
        <when>2025-01-01T00:58:22.2800830Z</when>
        <gx:coord>12.833813 51.703526 896.98804</gx:coord>
        <when>2025-01-01T00:58:27.2800830Z</when>
        <gx:coord>12.831581 51.70548 886.32</gx:coord>
        <when>2025-01-01T00:58:32.3180830Z</when>
        <gx:coord>12.8293705 51.70743 890.892</gx:coord>
        <when>2025-01-01T00:58:37.2800830Z</when>
        <gx:coord>12.827311 51.709362 893.94</gx:coord>
        <when>2025-01-01T00:58:42.2800830Z</when>
        <gx:coord>12.825251 51.71125 895.464</gx:coord>
        <when>2025-01-01T00:58:43.1260830Z</when>
        <gx:coord>12.824842 51.71164 895.464</gx:coord>
        <when>2025-01-01T00:58:47.2800830Z</when>
        <gx:coord>12.823191 51.71312 896.98804</gx:coord>
        <when>2025-01-01T00:58:52.2800830Z</when>
        <gx:coord>12.821196 51.714943 896.98804</gx:coord>
        <when>2025-01-01T00:58:57.2800830Z</when>
        <gx:coord>12.8192215 51.716766 895.464</gx:coord>
        <when>2025-01-01T00:59:02.2820830Z</when>
        <gx:coord>12.8172035 51.718567 896.98804</gx:coord>
        <when>2025-01-01T00:59:07.2810830Z</when>
        <gx:coord>12.815208 51.720394 896.98804</gx:coord>
        <when>2025-01-01T00:59:12.2810830Z</when>
        <gx:coord>12.813191 51.722218 895.464</gx:coord>
        <when>2025-01-01T00:59:17.2810830Z</when>
        <gx:coord>12.811153 51.72406 895.464</gx:coord>
        <when>2025-01-01T00:59:21.1300830Z</when>
        <gx:coord>12.809523 51.725544 895.464</gx:coord>
        <when>2025-01-01T00:59:22.2810830Z</when>
        <gx:coord>12.809114 51.725906 892.416</gx:coord>
        <when>2025-01-01T00:59:27.2800830Z</when>
        <gx:coord>12.8070545 51.727753 906.13196</gx:coord>
        <when>2025-01-01T00:59:32.2980830Z</when>
        <gx:coord>12.804866 51.72951 916.8</gx:coord>
        <when>2025-01-01T00:59:37.2810830Z</when>
        <gx:coord>12.80257 51.73127 916.8</gx:coord>
        <when>2025-01-01T00:59:42.2810830Z</when>
        <gx:coord>12.800339 51.733116 916.8</gx:coord>
        <when>2025-01-01T00:59:47.2810830Z</when>
        <gx:coord>12.798214 51.735027 903.084</gx:coord>
        <when>2025-01-01T00:59:52.2810830Z</when>
        <gx:coord>12.795982 51.73694 903.084</gx:coord>
        <when>2025-01-01T00:59:57.2810830Z</when>
        <gx:coord>12.793665 51.738804 907.656</gx:coord>
        <when>2025-01-01T00:59:58.1300830Z</when>
        <gx:coord>12.793215 51.73919 907.656</gx:coord>
        <when>2025-01-01T01:00:02.2810830Z</when>
        <gx:coord>12.791476 51.740692 906.13196</gx:coord>
        <when>2025-01-01T01:00:07.2810830Z</when>
        <gx:coord>12.789394 51.742622 901.56</gx:coord>
        <when>2025-01-01T01:00:12.2810830Z</when>
        <gx:coord>12.787313 51.74451 896.98804</gx:coord>
        <when>2025-01-01T01:00:17.2810830Z</when>
        <gx:coord>12.785125 51.746376 887.844</gx:coord>
        <when>2025-01-01T01:00:22.2810830Z</when>
        <gx:coord>12.782871 51.74827 893.94</gx:coord>
        <when>2025-01-01T01:00:27.2810830Z</when>
        <gx:coord>12.7806835 51.750134 904.60803</gx:coord>
        <when>2025-01-01T01:00:32.2970830Z</when>
        <gx:coord>12.778602 51.75202 906.11804</gx:coord>
        <when>2025-01-01T01:00:35.1290830Z</when>
        <gx:coord>12.777378 51.75316 903.07</gx:coord>
        <when>2025-01-01T01:00:37.2820830Z</when>
        <gx:coord>12.776542 51.75391 893.926</gx:coord>
        <when>2025-01-01T01:00:42.2820830Z</when>
        <gx:coord>12.774374 51.75584 884.78204</gx:coord>
        <when>2025-01-01T01:00:47.2820830Z</when>
        <gx:coord>12.772121 51.757793 884.78204</gx:coord>
        <when>2025-01-01T01:00:52.2820830Z</when>
        <gx:coord>12.769825 51.759705 883.258</gx:coord>
        <when>2025-01-01T01:00:54.1170830Z</when>
        <gx:coord>12.768946 51.760475 881.734</gx:coord>
        <when>2025-01-01T01:00:57.2820830Z</when>
        <gx:coord>12.767615 51.761635 875.638</gx:coord>
        <when>2025-01-01T01:01:02.2910830Z</when>
        <gx:coord>12.765341 51.763523 869.54205</gx:coord>
        <when>2025-01-01T01:01:07.2820830Z</when>
        <gx:coord>12.763109 51.76537 872.58997</gx:coord>
        <when>2025-01-01T01:01:11.1260830Z</when>
        <gx:coord>12.761393 51.76689 874.114</gx:coord>
        <when>2025-01-01T01:01:12.2820830Z</when>
        <gx:coord>12.760984 51.767258 875.638</gx:coord>
        <when>2025-01-01T01:01:17.2900830Z</when>
        <gx:coord>12.7589245 51.769123 881.734</gx:coord>
        <when>2025-01-01T01:01:22.2820830Z</when>
        <gx:coord>12.75695 51.77097 886.306</gx:coord>
        <when>2025-01-01T01:01:27.2820830Z</when>
        <gx:coord>12.754784 51.77277 886.306</gx:coord>
        <when>2025-01-01T01:01:32.3070830Z</when>
        <gx:coord>12.752552 51.77453 890.87805</gx:coord>
        <when>2025-01-01T01:01:37.2820830Z</when>
        <gx:coord>12.750385 51.77629 887.83</gx:coord>
        <when>2025-01-01T01:01:42.2830830Z</when>
        <gx:coord>12.7482605 51.778072 873.66406</gx:coord>
        <when>2025-01-01T01:01:47.2830830Z</when>
        <gx:coord>12.746136 51.779854 869.092</gx:coord>
        <when>2025-01-01T01:01:49.1310830Z</when>
        <gx:coord>12.745299 51.780582 867.56805</gx:coord>
        <when>2025-01-01T01:01:52.2830830Z</when>
        <gx:coord>12.744034 51.781677 859.94806</gx:coord>
        <when>2025-01-01T01:01:57.2830830Z</when>
        <gx:coord>12.741866 51.78352 859.94806</gx:coord>
        <when>2025-01-01T01:02:02.2820830Z</when>
        <gx:coord>12.73972 51.785408 859.94806</gx:coord>
        <when>2025-01-01T01:02:07.2830830Z</when>
        <gx:coord>12.737638 51.787296 855.376</gx:coord>
        <when>2025-01-01T01:02:12.2830830Z</when>
        <gx:coord>12.735558 51.789185 852.32806</gx:coord>
        <when>2025-01-01T01:02:14.1260830Z</when>
        <gx:coord>12.734699 51.78996 850.80396</gx:coord>
        <when>2025-01-01T01:02:17.2830830Z</when>
        <gx:coord>12.733391 51.791096 849.27997</gx:coord>
        <when>2025-01-01T01:02:22.2830830Z</when>
        <gx:coord>12.731201 51.79296 846.23206</gx:coord>
        <when>2025-01-01T01:02:26.1250830Z</when>
        <gx:coord>12.729464 51.79444 843.18396</gx:coord>
        <when>2025-01-01T01:02:27.2830830Z</when>
        <gx:coord>12.729013 51.794807 837.088</gx:coord>
        <when>2025-01-01T01:02:32.2990830Z</when>
        <gx:coord>12.726846 51.796654 832.51605</gx:coord>
        <when>2025-01-01T01:02:37.2830830Z</when>
        <gx:coord>12.724722 51.79852 837.088</gx:coord>
        <when>2025-01-01T01:02:42.2830830Z</when>
        <gx:coord>12.722662 51.8003 853.85205</gx:coord>
        <when>2025-01-01T01:02:47.2920830Z</when>
        <gx:coord>12.72058 51.802017 864.51996</gx:coord>
        <when>2025-01-01T01:02:51.1240830Z</when>
        <gx:coord>12.718885 51.803368 884.332</gx:coord>
        <when>2025-01-01T01:02:52.2840830Z</when>
        <gx:coord>12.718477 51.80371 887.38007</gx:coord>
        <when>2025-01-01T01:02:57.2830830Z</when>
        <gx:coord>12.716482 51.80541 901.09607</gx:coord>
        <when>2025-01-01T01:03:02.2830830Z</when>
        <gx:coord>12.714572 51.807167 905.66797</gx:coord>
        <when>2025-01-01T01:03:05.1140830Z</when>
        <gx:coord>12.71337 51.80822 902.62006</gx:coord>
        <when>2025-01-01T01:03:07.2840830Z</when>
        <gx:coord>12.712555 51.808926 898.048</gx:coord>
        <when>2025-01-01T01:03:12.2840830Z</when>
        <gx:coord>12.710474 51.81073 895.00006</gx:coord>
        <when>2025-01-01T01:03:17.2840830Z</when>
        <gx:coord>12.7082205 51.81251 905.66797</gx:coord>
        <when>2025-01-01T01:03:22.2840830Z</when>
        <gx:coord>12.706011 51.814335 911.764</gx:coord>
        <when>2025-01-01T01:03:27.2840830Z</when>
        <gx:coord>12.7038 51.81618 911.764</gx:coord>
        <when>2025-01-01T01:03:32.3300830Z</when>
        <gx:coord>12.701654 51.81807 907.19196</gx:coord>
        <when>2025-01-01T01:03:37.2840830Z</when>
        <gx:coord>12.6995945 51.819935 902.62006</gx:coord>
        <when>2025-01-01T01:03:42.1240830Z</when>
        <gx:coord>12.697492 51.8218 898.048</gx:coord>
        <when>2025-01-01T01:03:42.2840830Z</when>
        <gx:coord>12.697492 51.8218 895.00006</gx:coord>
        <when>2025-01-01T01:03:47.2850830Z</when>
        <gx:coord>12.695324 51.82371 885.85596</gx:coord>
        <when>2025-01-01T01:03:52.2850830Z</when>
        <gx:coord>12.693157 51.825623 884.332</gx:coord>
        <when>2025-01-01T01:03:57.2850830Z</when>
        <gx:coord>12.691118 51.82751 890.428</gx:coord>
        <when>2025-01-01T01:04:02.2860830Z</when>
        <gx:coord>12.689102 51.829376 888.90405</gx:coord>
        <when>2025-01-01T01:04:07.2850830Z</when>
        <gx:coord>12.68702 51.831264 878.23596</gx:coord>
        <when>2025-01-01T01:04:12.2850830Z</when>
        <gx:coord>12.684767 51.833195 867.56805</gx:coord>
        <when>2025-01-01T01:04:17.2850830Z</when>
        <gx:coord>12.682579 51.835083 884.332</gx:coord>
        <when>2025-01-01T01:04:18.1250830Z</when>
        <gx:coord>12.68215 51.835472 884.332</gx:coord>
        <when>2025-01-01T01:04:22.2850830Z</when>
        <gx:coord>12.680497 51.836952 890.428</gx:coord>
        <when>2025-01-01T01:04:27.2850830Z</when>
        <gx:coord>12.678545 51.838818 890.428</gx:coord>
        <when>2025-01-01T01:04:32.3050830Z</when>
        <gx:coord>12.676485 51.840683 884.332</gx:coord>
        <when>2025-01-01T01:04:37.2850830Z</when>
        <gx:coord>12.674339 51.842552 885.85596</gx:coord>
        <when>2025-01-01T01:04:42.2850830Z</when>
        <gx:coord>12.672172 51.844353 881.28406</gx:coord>
        <when>2025-01-01T01:04:47.2850830Z</when>
        <gx:coord>12.670048 51.846176 875.18805</gx:coord>
        <when>2025-01-01T01:04:52.2850830Z</when>
        <gx:coord>12.667923 51.848064 867.56805</gx:coord>
        <when>2025-01-01T01:04:55.1300830Z</when>
        <gx:coord>12.666615 51.849224 864.51996</gx:coord>
        <when>2025-01-01T01:04:56.1200830Z</when>
        <gx:coord>12.6661415 51.84961 852.32806</gx:coord>
        <when>2025-01-01T01:04:57.2940830Z</when>
        <gx:coord>12.66567 51.849976 852.32806</gx:coord>
        <when>2025-01-01T01:05:02.1210830Z</when>
        <gx:coord>12.663589 51.85139 850.80396</gx:coord>
        <when>2025-01-01T01:05:02.2850830Z</when>
        <gx:coord>12.663031 51.851734 850.80396</gx:coord>
        <when>2025-01-01T01:05:07.2860830Z</when>
        <gx:coord>12.660069 51.853214 858.424</gx:coord>
        <when>2025-01-01T01:05:09.1190830Z</when>
        <gx:coord>12.659426 51.853474 859.94806</gx:coord>
        <when>2025-01-01T01:05:12.3000830Z</when>
        <gx:coord>12.656808 51.854374 870.61597</gx:coord>
        <when>2025-01-01T01:05:16.1170830Z</when>
        <gx:coord>12.654748 51.85493 869.092</gx:coord>
        <when>2025-01-01T01:05:17.2860830Z</when>
        <gx:coord>12.653353 51.855255 862.996</gx:coord>
        <when>2025-01-01T01:05:22.1210830Z</when>
        <gx:coord>12.6504345 51.855896 859.94806</gx:coord>
        <when>2025-01-01T01:05:22.2860830Z</when>
        <gx:coord>12.649684 51.85605 861.472</gx:coord>
        <when>2025-01-01T01:05:27.2860830Z</when>
        <gx:coord>12.64595 51.85682 870.61597</gx:coord>
        <when>2025-01-01T01:05:31.1260830Z</when>
        <gx:coord>12.642989 51.857445 876.712</gx:coord>
        <when>2025-01-01T01:05:32.3040830Z</when>
        <gx:coord>12.642239 51.857613 882.808</gx:coord>
        <when>2025-01-01T01:05:33.1150830Z</when>
        <gx:coord>12.641508 51.857788 887.38007</gx:coord>
        <when>2025-01-01T01:05:36.3350830Z</when>
        <gx:coord>12.640071 51.85813 891.95197</gx:coord>
        <when>2025-01-01T01:05:37.2880830Z</when>
        <gx:coord>12.638612 51.858475 899.57196</gx:coord>
        <when>2025-01-01T01:05:42.2860830Z</when>
        <gx:coord>12.635007 51.85931 916.33606</gx:coord>
        <when>2025-01-01T01:05:44.1260830Z</when>
        <gx:coord>12.63357 51.85961 919.384</gx:coord>
        <when>2025-01-01T01:05:47.2950830Z</when>
        <gx:coord>12.631402 51.860016 922.43207</gx:coord>
        <when>2025-01-01T01:05:52.2860830Z</when>
        <gx:coord>12.627668 51.860596 914.812</gx:coord>
        <when>2025-01-01T01:05:55.1210830Z</when>
        <gx:coord>12.626123 51.860813 908.71606</gx:coord>
        <when>2025-01-01T01:05:57.2870830Z</when>
        <gx:coord>12.623741 51.861027 913.28796</gx:coord>
        <when>2025-01-01T01:06:02.3060830Z</when>
        <gx:coord>12.619729 51.861305 916.33606</gx:coord>
        <when>2025-01-01T01:06:06.1250830Z</when>
        <gx:coord>12.616531 51.861477 913.28796</gx:coord>
        <when>2025-01-01T01:06:07.2870830Z</when>
        <gx:coord>12.615717 51.86152 910.24005</gx:coord>
        <when>2025-01-01T01:06:12.2870830Z</when>
        <gx:coord>12.611639 51.86182 893.476</gx:coord>
        <when>2025-01-01T01:06:17.1210830Z</when>
        <gx:coord>12.607649 51.86223 885.85596</gx:coord>
        <when>2025-01-01T01:06:17.2870830Z</when>
        <gx:coord>12.607649 51.86223 885.85596</gx:coord>
        <when>2025-01-01T01:06:22.2960830Z</when>
        <gx:coord>12.603679 51.86257 885.85596</gx:coord>
        <when>2025-01-01T01:06:27.2870830Z</when>
        <gx:coord>12.599838 51.862957 898.048</gx:coord>
        <when>2025-01-01T01:06:32.3140830Z</when>
        <gx:coord>12.59604 51.863216 902.62006</gx:coord>
        <when>2025-01-01T01:06:37.2880830Z</when>
        <gx:coord>12.592199 51.8633 907.19196</gx:coord>
        <when>2025-01-01T01:06:41.1240830Z</when>
        <gx:coord>12.5890875 51.863365 901.09607</gx:coord>
        <when>2025-01-01T01:06:42.2870830Z</when>
        <gx:coord>12.588315 51.863388 898.048</gx:coord>
        <when>2025-01-01T01:06:47.2880830Z</when>
        <gx:coord>12.584389 51.863495 888.90405</gx:coord>
        <when>2025-01-01T01:06:52.2880830Z</when>
        <gx:coord>12.580526 51.863644 885.85596</gx:coord>
        <when>2025-01-01T01:06:57.2880830Z</when>
        <gx:coord>12.576728 51.863857 879.7601</gx:coord>
        <when>2025-01-01T01:07:02.2990830Z</when>
        <gx:coord>12.572887 51.864094 867.56805</gx:coord>
        <when>2025-01-01T01:07:07.2980830Z</when>
        <gx:coord>12.569003 51.864246 861.472</gx:coord>
        <when>2025-01-01T01:07:10.1140830Z</when>
        <gx:coord>12.56748 51.864246 862.996</gx:coord>
        <when>2025-01-01T01:07:12.2880830Z</when>
        <gx:coord>12.565184 51.8642 859.94806</gx:coord>
        <when>2025-01-01T01:07:14.1110830Z</when>
        <gx:coord>12.563639 51.8642 855.376</gx:coord>
        <when>2025-01-01T01:07:16.1160830Z</when>
        <gx:coord>12.562094 51.8642 852.32806</gx:coord>
        <when>2025-01-01T01:07:17.2880830Z</when>
        <gx:coord>12.561321 51.8642 849.27997</gx:coord>
        <when>2025-01-01T01:07:22.2880830Z</when>
        <gx:coord>12.557438 51.864223 840.136</gx:coord>
        <when>2025-01-01T01:07:27.2880830Z</when>
        <gx:coord>12.5535755 51.86416 841.66</gx:coord>
        <when>2025-01-01T01:07:32.2980830Z</when>
        <gx:coord>12.549863 51.863945 850.80396</gx:coord>
        <when>2025-01-01T01:07:37.2880830Z</when>
        <gx:coord>12.546108 51.86373 852.32806</gx:coord>
        <when>2025-01-01T01:07:42.2880830Z</when>
        <gx:coord>12.54231 51.86358 870.61597</gx:coord>
        <when>2025-01-01T01:07:47.1130830Z</when>
        <gx:coord>12.538511 51.86356 885.85596</gx:coord>
        <when>2025-01-01T01:07:47.2990830Z</when>
        <gx:coord>12.538511 51.86356 885.85596</gx:coord>
        <when>2025-01-01T01:07:52.1300830Z</when>
        <gx:coord>12.534714 51.86345 896.52405</gx:coord>
        <when>2025-01-01T01:07:52.2890830Z</when>
        <gx:coord>12.534714 51.86345 899.57196</gx:coord>
        <when>2025-01-01T01:07:57.2890830Z</when>
        <gx:coord>12.530916 51.863407 902.62006</gx:coord>
        <when>2025-01-01T01:08:02.2890830Z</when>
        <gx:coord>12.527096 51.863407 893.476</gx:coord>
        <when>2025-01-01T01:08:07.2970830Z</when>
        <gx:coord>12.523255 51.863365 882.808</gx:coord>
        <when>2025-01-01T01:08:12.2890830Z</when>
        <gx:coord>12.519415 51.863323 885.85596</gx:coord>
        <when>2025-01-01T01:08:17.2890830Z</when>
        <gx:coord>12.515616 51.86326 891.95197</gx:coord>
        <when>2025-01-01T01:08:22.2890830Z</when>
        <gx:coord>12.511904 51.863194 905.66797</gx:coord>
        <when>2025-01-01T01:08:25.1130830Z</when>
        <gx:coord>12.510467 51.86315 908.71606</gx:coord>
        <when>2025-01-01T01:08:27.2940830Z</when>
        <gx:coord>12.508343 51.863087 911.764</gx:coord>
        <when>2025-01-01T01:08:28.1270830Z</when>
        <gx:coord>12.507634 51.863064 911.764</gx:coord>
        <when>2025-01-01T01:08:32.3240830Z</when>
        <gx:coord>12.50478 51.863 904.144</gx:coord>
        <when>2025-01-01T01:08:37.2900830Z</when>
        <gx:coord>12.501175 51.862915 902.62006</gx:coord>
        <when>2025-01-01T01:08:42.2980830Z</when>
        <gx:coord>12.497656 51.862827 901.09607</gx:coord>
        <when>2025-01-01T01:08:47.2900830Z</when>
        <gx:coord>12.494245 51.862743 914.812</gx:coord>
        <when>2025-01-01T01:08:52.2890830Z</when>
        <gx:coord>12.490789 51.86268 908.71606</gx:coord>
        <when>2025-01-01T01:08:57.2900830Z</when>
        <gx:coord>12.487228 51.86257 901.09607</gx:coord>
        <when>2025-01-01T01:09:02.2910830Z</when>
        <gx:coord>12.4836445 51.862507 902.62006</gx:coord>
        <when>2025-01-01T01:09:07.1200830Z</when>
        <gx:coord>12.480061 51.862442 905.66797</gx:coord>
        <when>2025-01-01T01:09:07.2900830Z</when>
        <gx:coord>12.480061 51.862442 907.19196</gx:coord>
        <when>2025-01-01T01:09:12.2900830Z</when>
        <gx:coord>12.476435 51.862377 911.764</gx:coord>
        <when>2025-01-01T01:09:17.2900830Z</when>
        <gx:coord>12.47283 51.86225 908.71606</gx:coord>
        <when>2025-01-01T01:09:22.2900830Z</when>
        <gx:coord>12.469268 51.86223 911.764</gx:coord>
        <when>2025-01-01T01:09:27.2900830Z</when>
        <gx:coord>12.465771 51.862186 913.28796</gx:coord>
        <when>2025-01-01T01:09:32.2950830Z</when>
        <gx:coord>12.462187 51.86212 913.28796</gx:coord>
        <when>2025-01-01T01:09:34.1250830Z</when>
        <gx:coord>12.460749 51.8621 916.33606</gx:coord>
        <when>2025-01-01T01:09:37.2900830Z</when>
        <gx:coord>12.458582 51.862057 917.86</gx:coord>
        <when>2025-01-01T01:09:42.2900830Z</when>
        <gx:coord>12.454934 51.86197 933.1</gx:coord>
        <when>2025-01-01T01:09:45.1200830Z</when>
        <gx:coord>12.452724 51.86197 936.1481</gx:coord>
        <when>2025-01-01T01:09:47.2910830Z</when>
        <gx:coord>12.451221 51.86195 943.76807</gx:coord>
        <when>2025-01-01T01:09:49.1210830Z</when>
        <gx:coord>12.449741 51.86195 948.33997</gx:coord>
        <when>2025-01-01T01:09:52.2990830Z</when>
        <gx:coord>12.447553 51.861927 959.00806</gx:coord>
        <when>2025-01-01T01:09:57.1200830Z</when>
        <gx:coord>12.44397 51.861797 980.34406</gx:coord>
        <when>2025-01-01T01:09:57.2970830Z</when>
        <gx:coord>12.44397 51.861797 980.34406</gx:coord>
        <when>2025-01-01T01:10:02.2970830Z</when>
        <gx:coord>12.440365 51.86165 998.63196</gx:coord>
        <when>2025-01-01T01:10:07.2910830Z</when>
        <gx:coord>12.436674 51.86154 1006.25195</gx:coord>
        <when>2025-01-01T01:10:09.1250830Z</when>
        <gx:coord>12.435171 51.8615 1012.348</gx:coord>
        <when>2025-01-01T01:10:12.2910830Z</when>
        <gx:coord>12.43294 51.861454 1015.39606</gx:coord>
        <when>2025-01-01T01:10:17.2910830Z</when>
        <gx:coord>12.429228 51.861412 1010.824</gx:coord>
        <when>2025-01-01T01:10:22.1280830Z</when>
        <gx:coord>12.42543 51.861347 1001.68</gx:coord>
        <when>2025-01-01T01:10:22.2910830Z</when>
        <gx:coord>12.42543 51.861347 998.63196</gx:coord>
        <when>2025-01-01T01:10:27.2990830Z</when>
        <gx:coord>12.421589 51.861263 995.584</gx:coord>
        <when>2025-01-01T01:10:32.3170830Z</when>
        <gx:coord>12.417706 51.861134 987.96405</gx:coord>
        <when>2025-01-01T01:10:33.1170830Z</when>
        <gx:coord>12.417706 51.861134 987.96405</gx:coord>
        <when>2025-01-01T01:10:34.1190830Z</when>
        <gx:coord>12.416139 51.86109 975.772</gx:coord>
        <when>2025-01-01T01:10:37.2920830Z</when>
        <gx:coord>12.413778 51.86107 971.2</gx:coord>
        <when>2025-01-01T01:10:42.2920830Z</when>
        <gx:coord>12.409809 51.86107 952.91205</gx:coord>
        <when>2025-01-01T01:10:47.2920830Z</when>
        <gx:coord>12.405796 51.86107 948.33997</gx:coord>
        <when>2025-01-01T01:10:52.2920830Z</when>
        <gx:coord>12.401891 51.861046 949.86395</gx:coord>
        <when>2025-01-01T01:10:57.1370830Z</when>
        <gx:coord>12.39805 51.861027 945.29205</gx:coord>
        <when>2025-01-01T01:10:57.1370830Z</when>
        <gx:coord>12.39805 51.861027 942.24396</gx:coord>
        <when>2025-01-01T01:10:57.2920830Z</when>
        <gx:coord>12.39805 51.861027 942.24396</gx:coord>
        <when>2025-01-01T01:11:02.3000830Z</when>
        <gx:coord>12.394209 51.860985 928.52795</gx:coord>
        <when>2025-01-01T01:11:07.2920830Z</when>
        <gx:coord>12.390282 51.860962 931.57605</gx:coord>
        <when>2025-01-01T01:11:12.2920830Z</when>
        <gx:coord>12.386355 51.860897 939.196</gx:coord>
        <when>2025-01-01T01:11:17.2920830Z</when>
        <gx:coord>12.382407 51.860832 940.72</gx:coord>
        <when>2025-01-01T01:11:22.2920830Z</when>
        <gx:coord>12.378545 51.86066 948.33997</gx:coord>
        <when>2025-01-01T01:11:27.2920830Z</when>
        <gx:coord>12.374704 51.86049 952.91205</gx:coord>
        <when>2025-01-01T01:11:32.1240830Z</when>
        <gx:coord>12.370863 51.860424 954.436</gx:coord>
        <when>2025-01-01T01:11:32.3180830Z</when>
        <gx:coord>12.370863 51.860424 955.95996</gx:coord>
        <when>2025-01-01T01:11:37.2930830Z</when>
        <gx:coord>12.3670435 51.86034 957.4841</gx:coord>
        <when>2025-01-01T01:11:42.3000830Z</when>
        <gx:coord>12.363267 51.8603 963.57996</gx:coord>
        <when>2025-01-01T01:11:47.2990830Z</when>
        <gx:coord>12.35949 51.86036 968.152</gx:coord>
        <when>2025-01-01T01:11:52.2930830Z</when>
        <gx:coord>12.355671 51.86034 966.62805</gx:coord>
        <when>2025-01-01T01:11:57.1150830Z</when>
        <gx:coord>12.351744 51.86017 972.72406</gx:coord>
        <when>2025-01-01T01:11:57.2930830Z</when>
        <gx:coord>12.351744 51.86017 972.72406</gx:coord>
        <when>2025-01-01T01:12:02.2930830Z</when>
        <gx:coord>12.347817 51.859974 981.86804</gx:coord>
        <when>2025-01-01T01:12:07.1220830Z</when>
        <gx:coord>12.343933 51.859802 980.34406</gx:coord>
        <when>2025-01-01T01:12:07.2930830Z</when>
        <gx:coord>12.343933 51.859802 980.34406</gx:coord>
        <when>2025-01-01T01:12:12.2930830Z</when>
        <gx:coord>12.34005 51.859737 974.248</gx:coord>
        <when>2025-01-01T01:12:17.2940830Z</when>
        <gx:coord>12.3361225 51.859737 962.05597</gx:coord>
        <when>2025-01-01T01:12:21.1190830Z</when>
        <gx:coord>12.332969 51.85972 942.24396</gx:coord>
        <when>2025-01-01T01:12:22.3010830Z</when>
        <gx:coord>12.332174 51.859695 940.72</gx:coord>
        <when>2025-01-01T01:12:27.3000830Z</when>
        <gx:coord>12.328184 51.85959 936.1481</gx:coord>
        <when>2025-01-01T01:12:32.3100830Z</when>
        <gx:coord>12.324214 51.859524 943.76807</gx:coord>
        <when>2025-01-01T01:12:37.2940830Z</when>
        <gx:coord>12.320266 51.859505 940.72</gx:coord>
        <when>2025-01-01T01:12:42.1220830Z</when>
        <gx:coord>12.316296 51.85944 933.1</gx:coord>
        <when>2025-01-01T01:12:42.2940830Z</when>
        <gx:coord>12.316296 51.85944 931.57605</gx:coord>
        <when>2025-01-01T01:12:47.2940830Z</when>
        <gx:coord>12.312198 51.85931 928.52795</gx:coord>
        <when>2025-01-01T01:12:52.2940830Z</when>
        <gx:coord>12.308142 51.859203 933.1</gx:coord>
        <when>2025-01-01T01:12:57.3030830Z</when>
        <gx:coord>12.3041935 51.859116 942.24396</gx:coord>
        <when>2025-01-01T01:13:02.2950830Z</when>
        <gx:coord>12.300245 51.85901 949.86395</gx:coord>
        <when>2025-01-01T01:13:07.2940830Z</when>
        <gx:coord>12.296276 51.85886 943.76807</gx:coord>
        <when>2025-01-01T01:13:12.2950830Z</when>
        <gx:coord>12.292242 51.858707 937.67206</gx:coord>
        <when>2025-01-01T01:13:16.1200830Z</when>
        <gx:coord>12.289045 51.85858 931.57605</gx:coord>
        <when>2025-01-01T01:13:17.3010830Z</when>
        <gx:coord>12.288229 51.858536 927.00397</gx:coord>
        <when>2025-01-01T01:13:22.2950830Z</when>
        <gx:coord>12.284195 51.8583 916.33606</gx:coord>
        <when>2025-01-01T01:13:25.1200830Z</when>
        <gx:coord>12.281792 51.858215 911.764</gx:coord>
        <when>2025-01-01T01:13:27.2950830Z</when>
        <gx:coord>12.280183 51.858192 908.71606</gx:coord>
        <when>2025-01-01T01:13:32.3320830Z</when>
        <gx:coord>12.276127 51.85815 905.66797</gx:coord>
        <when>2025-01-01T01:13:37.2950830Z</when>
        <gx:coord>12.272072 51.85813 901.09607</gx:coord>
        <when>2025-01-01T01:13:42.2950830Z</when>
        <gx:coord>12.267973 51.85813 896.52405</gx:coord>
        <when>2025-01-01T01:13:47.3020830Z</when>
        <gx:coord>12.263832 51.85811 890.428</gx:coord>
        <when>2025-01-01T01:13:50.1280830Z</when>
        <gx:coord>12.261322 51.858044 890.428</gx:coord>
        <when>2025-01-01T01:13:52.2950830Z</when>
        <gx:coord>12.259626 51.85798 887.38007</gx:coord>
        <when>2025-01-01T01:13:57.2950830Z</when>
        <gx:coord>12.255442 51.857895 884.332</gx:coord>
        <when>2025-01-01T01:14:02.2960830Z</when>
        <gx:coord>12.251215 51.857742 885.85596</gx:coord>
        <when>2025-01-01T01:14:07.2950830Z</when>
        <gx:coord>12.247074 51.85757 891.15204</gx:coord>
        <when>2025-01-01T01:14:12.2960830Z</when>
        <gx:coord>12.243147 51.85742 891.15204</gx:coord>
        <when>2025-01-01T01:14:17.2950830Z</when>
        <gx:coord>12.239242 51.85727 885.056</gx:coord>
        <when>2025-01-01T01:14:19.1130830Z</when>
        <gx:coord>12.237654 51.85721 877.43604</gx:coord>
        <when>2025-01-01T01:14:22.2960830Z</when>
        <gx:coord>12.2352295 51.85708 868.292</gx:coord>
        <when>2025-01-01T01:14:23.1240830Z</when>
        <gx:coord>12.234413 51.857056 868.292</gx:coord>
        <when>2025-01-01T01:14:27.2960830Z</when>
        <gx:coord>12.2311735 51.85695 866.768</gx:coord>
        <when>2025-01-01T01:14:32.3000830Z</when>
        <gx:coord>12.227161 51.856842 866.768</gx:coord>
        <when>2025-01-01T01:14:37.2960830Z</when>
        <gx:coord>12.223234 51.8568 875.912</gx:coord>
        <when>2025-01-01T01:14:42.3280830Z</when>
        <gx:coord>12.219351 51.856777 874.388</gx:coord>
        <when>2025-01-01T01:14:47.2960830Z</when>
        <gx:coord>12.215424 51.856712 875.912</gx:coord>
        <when>2025-01-01T01:14:52.2960830Z</when>
        <gx:coord>12.211561 51.85667 885.056</gx:coord>
        <when>2025-01-01T01:14:57.2970830Z</when>
        <gx:coord>12.207785 51.85667 897.248</gx:coord>
        <when>2025-01-01T01:14:58.1270830Z</when>
        <gx:coord>12.207033 51.85667 897.248</gx:coord>
        <when>2025-01-01T01:15:02.2960830Z</when>
        <gx:coord>12.204029 51.856564 898.77203</gx:coord>
        <when>2025-01-01T01:15:07.2970830Z</when>
        <gx:coord>12.200232 51.856457 891.15204</gx:coord>
        <when>2025-01-01T01:15:12.2970830Z</when>
        <gx:coord>12.196348 51.856327 895.724</gx:coord>
        <when>2025-01-01T01:15:17.2970830Z</when>
        <gx:coord>12.192486 51.85624 901.82</gx:coord>
        <when>2025-01-01T01:15:22.2970830Z</when>
        <gx:coord>12.188644 51.856197 903.344</gx:coord>
        <when>2025-01-01T01:15:27.2960830Z</when>
        <gx:coord>12.184803 51.856133 901.82</gx:coord>
        <when>2025-01-01T01:15:32.3130830Z</when>
        <gx:coord>12.1809845 51.856007 897.248</gx:coord>
        <when>2025-01-01T01:15:34.1200830Z</when>
        <gx:coord>12.17944 51.85592 895.724</gx:coord>
        <when>2025-01-01T01:15:37.2970830Z</when>
        <gx:coord>12.1771 51.855835 892.676</gx:coord>
        <when>2025-01-01T01:15:42.3010830Z</when>
        <gx:coord>12.173238 51.855812 888.104</gx:coord>
        <when>2025-01-01T01:15:47.2970830Z</when>
        <gx:coord>12.1693535 51.855812 888.104</gx:coord>
        <when>2025-01-01T01:15:52.2980830Z</when>
        <gx:coord>12.165427 51.855682 875.912</gx:coord>
        <when>2025-01-01T01:15:57.2980830Z</when>
        <gx:coord>12.161522 51.855534 875.912</gx:coord>
        <when>2025-01-01T01:16:02.2970830Z</when>
        <gx:coord>12.1576805 51.85547 880.484</gx:coord>
        <when>2025-01-01T01:16:07.2980830Z</when>
        <gx:coord>12.153904 51.85547 878.96</gx:coord>
        <when>2025-01-01T01:16:09.1210830Z</when>
        <gx:coord>12.152381 51.85549 878.96</gx:coord>
        <when>2025-01-01T01:16:12.2980830Z</when>
        <gx:coord>12.150085 51.85547 874.388</gx:coord>
        <when>2025-01-01T01:16:17.2980830Z</when>
        <gx:coord>12.146244 51.855427 871.34</gx:coord>
        <when>2025-01-01T01:16:22.2980830Z</when>
        <gx:coord>12.1424675 51.855362 869.81604</gx:coord>
        <when>2025-01-01T01:16:27.2980830Z</when>
        <gx:coord>12.138712 51.855255 871.34</gx:coord>
        <when>2025-01-01T01:16:32.3220830Z</when>
        <gx:coord>12.135 51.85521 872.864</gx:coord>
        <when>2025-01-01T01:16:37.2990830Z</when>
        <gx:coord>12.131267 51.85519 868.292</gx:coord>
        <when>2025-01-01T01:16:42.2990830Z</when>
        <gx:coord>12.12749 51.85515 860.672</gx:coord>
        <when>2025-01-01T01:16:45.1260830Z</when>
        <gx:coord>12.125216 51.855125 860.672</gx:coord>
        <when>2025-01-01T01:16:47.2990830Z</when>
        <gx:coord>12.123692 51.85515 860.672</gx:coord>
        <when>2025-01-01T01:16:52.2990830Z</when>
        <gx:coord>12.119873 51.855167 851.528</gx:coord>
        <when>2025-01-01T01:16:57.2990830Z</when>
        <gx:coord>12.116011 51.855103 853.052</gx:coord>
        <when>2025-01-01T01:17:02.2990830Z</when>
        <gx:coord>12.112148 51.85502 854.576</gx:coord>
        <when>2025-01-01T01:17:07.2990830Z</when>
        <gx:coord>12.108307 51.854866 853.052</gx:coord>
        <when>2025-01-01T01:17:12.2990830Z</when>
        <gx:coord>12.104487 51.854717 853.052</gx:coord>
        <when>2025-01-01T01:17:17.1260830Z</when>
        <gx:coord>12.100711 51.854523 846.956</gx:coord>
        <when>2025-01-01T01:17:17.2990830Z</when>
        <gx:coord>12.100711 51.854523 846.956</gx:coord>
        <when>2025-01-01T01:17:21.1410830Z</when>
        <gx:coord>12.097685 51.854374 846.956</gx:coord>
        <when>2025-01-01T01:17:22.2990830Z</when>
        <gx:coord>12.096912 51.854355 846.956</gx:coord>
        <when>2025-01-01T01:17:27.3000830Z</when>
        <gx:coord>12.093158 51.854225 846.956</gx:coord>
        <when>2025-01-01T01:17:32.3160830Z</when>
        <gx:coord>12.089359 51.854137 843.908</gx:coord>
        <when>2025-01-01T01:17:37.3090830Z</when>
        <gx:coord>12.085519 51.854073 834.76404</gx:coord>
        <when>2025-01-01T01:17:42.3070830Z</when>
        <gx:coord>12.0816345 51.85403 818</gx:coord>
        <when>2025-01-01T01:17:44.1190830Z</when>
        <gx:coord>12.08009 51.85401 816.476</gx:coord>
        <when>2025-01-01T01:17:47.3000830Z</when>
        <gx:coord>12.077772 51.85401 808.856</gx:coord>
        <when>2025-01-01T01:17:52.3000830Z</when>
        <gx:coord>12.073889 51.85401 807.33203</gx:coord>
        <when>2025-01-01T01:17:57.1280830Z</when>
        <gx:coord>12.070091 51.853947 827.14404</gx:coord>
        <when>2025-01-01T01:17:57.3000830Z</when>
        <gx:coord>12.070091 51.853947 830.192</gx:coord>
        <when>2025-01-01T01:18:02.3080830Z</when>
        <gx:coord>12.0664425 51.8539 845.432</gx:coord>
        <when>2025-01-01T01:18:03.1180830Z</when>
        <gx:coord>12.065714 51.8539 846.956</gx:coord>
        <when>2025-01-01T01:18:07.3000830Z</when>
        <gx:coord>12.062752 51.85386 846.956</gx:coord>
        <when>2025-01-01T01:18:12.3000830Z</when>
        <gx:coord>12.059083 51.853836 845.432</gx:coord>
        <when>2025-01-01T01:18:17.3010830Z</when>
        <gx:coord>12.055435 51.85386 840.86</gx:coord>
        <when>2025-01-01T01:18:22.3010830Z</when>
        <gx:coord>12.051765 51.853794 836.288</gx:coord>
        <when>2025-01-01T01:18:27.3010830Z</when>
        <gx:coord>12.048097 51.85373 836.288</gx:coord>
        <when>2025-01-01T01:18:32.3480830Z</when>
        <gx:coord>12.044428 51.853687 831.716</gx:coord>
        <when>2025-01-01T01:18:34.1170830Z</when>
        <gx:coord>12.042925 51.853687 828.668</gx:coord>
        <when>2025-01-01T01:18:37.3010830Z</when>
        <gx:coord>12.040651 51.853516 828.668</gx:coord>
        <when>2025-01-01T01:18:38.1190830Z</when>
        <gx:coord>12.040651 51.853516 828.668</gx:coord>
        <when>2025-01-01T01:18:41.1260830Z</when>
        <gx:coord>12.038462 51.85309 840.86</gx:coord>
        <when>2025-01-01T01:18:42.3130830Z</when>
        <gx:coord>12.037088 51.852657 848.48004</gx:coord>
        <when>2025-01-01T01:18:44.2730830Z</when>
        <gx:coord>12.036424 51.8524 848.48004</gx:coord>
        <when>2025-01-01T01:18:45.1170830Z</when>
        <gx:coord>12.035801 51.852142 850.004</gx:coord>
        <when>2025-01-01T01:18:47.3010830Z</when>
        <gx:coord>12.034042 51.85122 850.004</gx:coord>
        <when>2025-01-01T01:18:49.1180830Z</when>
        <gx:coord>12.033505 51.850876 848.48004</gx:coord>
        <when>2025-01-01T01:18:52.3020830Z</when>
        <gx:coord>12.031639 51.84933 846.956</gx:coord>
        <when>2025-01-01T01:18:53.1200830Z</when>
        <gx:coord>12.031639 51.84933 846.956</gx:coord>
        <when>2025-01-01T01:18:57.3020830Z</when>
        <gx:coord>12.029986 51.847122 845.432</gx:coord>
        <when>2025-01-01T01:19:02.3100830Z</when>
        <gx:coord>12.028549 51.844784 830.192</gx:coord>
        <when>2025-01-01T01:19:07.3020830Z</when>
        <gx:coord>12.027004 51.842422 827.14404</gx:coord>
        <when>2025-01-01T01:19:11.1320830Z</when>
        <gx:coord>12.025631 51.840576 828.668</gx:coord>
        <when>2025-01-01T01:19:12.3020830Z</when>
        <gx:coord>12.025288 51.840126 828.668</gx:coord>
        <when>2025-01-01T01:19:17.3110830Z</when>
        <gx:coord>12.023506 51.837788 819.524</gx:coord>
        <when>2025-01-01T01:19:22.3020830Z</when>
        <gx:coord>12.021725 51.835472 825.62</gx:coord>
        <when>2025-01-01T01:19:27.3020830Z</when>
        <gx:coord>12.019987 51.83326 827.14404</gx:coord>
        <when>2025-01-01T01:19:32.3150830Z</when>
        <gx:coord>12.0182705 51.831135 830.192</gx:coord>
        <when>2025-01-01T01:19:37.3020830Z</when>
        <gx:coord>12.016554 51.82899 833.24</gx:coord>
        <when>2025-01-01T01:19:42.3090830Z</when>
        <gx:coord>12.014837 51.826824 842.38403</gx:coord>
        <when>2025-01-01T01:19:45.1150830Z</when>
        <gx:coord>12.013807 51.825516 848.48004</gx:coord>
        <when>2025-01-01T01:19:47.3090830Z</when>
        <gx:coord>12.013142 51.824654 859.148</gx:coord>
        <when>2025-01-01T01:19:52.3030830Z</when>
        <gx:coord>12.011447 51.822468 857.624</gx:coord>
        <when>2025-01-01T01:19:57.3030830Z</when>
        <gx:coord>12.009816 51.82013 860.672</gx:coord>
        <when>2025-01-01T01:20:02.3020830Z</when>
        <gx:coord>12.008271 51.817745 872.864</gx:coord>
        <when>2025-01-01T01:20:03.1200830Z</when>
        <gx:coord>12.007971 51.817276 877.43604</gx:coord>
        <when>2025-01-01T01:20:07.3130830Z</when>
        <gx:coord>12.006769 51.815384 882.008</gx:coord>
        <when>2025-01-01T01:20:12.3030830Z</when>
        <gx:coord>12.005353 51.81296 871.34</gx:coord>
        <when>2025-01-01T01:20:17.3030830Z</when>
        <gx:coord>12.003894 51.810535 875.912</gx:coord>
        <when>2025-01-01T01:20:18.1230830Z</when>
        <gx:coord>12.003572 51.810043 875.912</gx:coord>
        <when>2025-01-01T01:20:22.1180830Z</when>
        <gx:coord>12.002563 51.808582 878.96</gx:coord>
        <when>2025-01-01T01:20:22.3030830Z</when>
        <gx:coord>12.00222 51.80809 878.96</gx:coord>
        <when>2025-01-01T01:20:27.3030830Z</when>
        <gx:coord>12.000439 51.805622 869.81604</gx:coord>
        <when>2025-01-01T01:20:32.3310830Z</when>
        <gx:coord>11.998722 51.80307 859.148</gx:coord>
        <when>2025-01-01T01:20:37.3040830Z</when>
        <gx:coord>11.997113 51.800514 848.48004</gx:coord>
        <when>2025-01-01T01:20:39.1190830Z</when>
        <gx:coord>11.9964695 51.799507 846.956</gx:coord>
        <when>2025-01-01T01:20:42.3040830Z</when>
        <gx:coord>11.995504 51.797985 846.956</gx:coord>
        <when>2025-01-01T01:20:47.3040830Z</when>
        <gx:coord>11.993874 51.795536 846.956</gx:coord>
        <when>2025-01-01T01:20:49.1280830Z</when>
        <gx:coord>11.993229 51.79453 843.908</gx:coord>
        <when>2025-01-01T01:20:52.3100830Z</when>
        <gx:coord>11.992243 51.793026 837.812</gx:coord>
        <when>2025-01-01T01:20:57.3040830Z</when>
        <gx:coord>11.990612 51.790497 833.24</gx:coord>
        <when>2025-01-01T01:21:02.3040830Z</when>
        <gx:coord>11.988895 51.788006 827.14404</gx:coord>
        <when>2025-01-01T01:21:07.3040830Z</when>
        <gx:coord>11.987157 51.78556 822.572</gx:coord>
        <when>2025-01-01T01:21:12.3050830Z</when>
        <gx:coord>11.985526 51.78311 825.62</gx:coord>
        <when>2025-01-01T01:21:17.3050830Z</when>
        <gx:coord>11.983895 51.78071 831.716</gx:coord>
        <when>2025-01-01T01:21:21.1270830Z</when>
        <gx:coord>11.98263 51.778778 830.192</gx:coord>
        <when>2025-01-01T01:21:22.3050830Z</when>
        <gx:coord>11.982307 51.778286 833.24</gx:coord>
        <when>2025-01-01T01:21:27.3050830Z</when>
        <gx:coord>11.980698 51.77586 840.86</gx:coord>
        <when>2025-01-01T01:21:32.3270830Z</when>
        <gx:coord>11.979153 51.77339 848.48004</gx:coord>
        <when>2025-01-01T01:21:37.3050830Z</when>
        <gx:coord>11.977522 51.770905 850.004</gx:coord>
        <when>2025-01-01T01:21:42.3050830Z</when>
        <gx:coord>11.975827 51.768414 851.528</gx:coord>
        <when>2025-01-01T01:21:47.3050830Z</when>
        <gx:coord>11.974111 51.765926 854.576</gx:coord>
        <when>2025-01-01T01:21:52.3050830Z</when>
        <gx:coord>11.972308 51.763435 846.956</gx:coord>
        <when>2025-01-01T01:21:53.1240830Z</when>
        <gx:coord>11.971943 51.762943 846.956</gx:coord>
        <when>2025-01-01T01:21:57.3050830Z</when>
        <gx:coord>11.97042 51.760906 851.528</gx:coord>
        <when>2025-01-01T01:22:02.3050830Z</when>
        <gx:coord>11.968554 51.758373 857.624</gx:coord>
        <when>2025-01-01T01:22:07.3050830Z</when>
        <gx:coord>11.966729 51.75582 850.004</gx:coord>
        <when>2025-01-01T01:22:12.3050830Z</when>
        <gx:coord>11.964991 51.75333 846.956</gx:coord>
        <when>2025-01-01T01:22:17.3060830Z</when>
        <gx:coord>11.963318 51.750927 839.336</gx:coord>
        <when>2025-01-01T01:22:22.3130830Z</when>
        <gx:coord>11.961708 51.748524 824.04</gx:coord>
        <when>2025-01-01T01:22:24.1320830Z</when>
        <gx:coord>11.961064 51.74758 820.99207</gx:coord>
        <when>2025-01-01T01:22:26.1230830Z</when>
        <gx:coord>11.960442 51.746613 816.42</gx:coord>
        <when>2025-01-01T01:22:27.3130830Z</when>
        <gx:coord>11.960142 51.746143 816.42</gx:coord>
        <when>2025-01-01T01:22:32.3230830Z</when>
        <gx:coord>11.958597 51.74376 807.276</gx:coord>
        <when>2025-01-01T01:22:37.3060830Z</when>
        <gx:coord>11.957094 51.74138 799.65607</gx:coord>
        <when>2025-01-01T01:22:42.3060830Z</when>
        <gx:coord>11.955614 51.73904 796.608</gx:coord>
        <when>2025-01-01T01:22:46.1180830Z</when>
        <gx:coord>11.954799 51.737602 793.56</gx:coord>
        <when>2025-01-01T01:22:47.3060830Z</when>
        <gx:coord>11.954284 51.736656 787.464</gx:coord>
        <when>2025-01-01T01:22:48.1180830Z</when>
        <gx:coord>11.954026 51.736164 785.94</gx:coord>
        <when>2025-01-01T01:22:52.3060830Z</when>
        <gx:coord>11.95306 51.73421 775.272</gx:coord>
        <when>2025-01-01T01:22:57.1100830Z</when>
        <gx:coord>11.952116 51.731766 769.17596</gx:coord>
        <when>2025-01-01T01:22:57.3060830Z</when>
        <gx:coord>11.952116 51.731766 766.128</gx:coord>
        <when>2025-01-01T01:23:02.1180830Z</when>
        <gx:coord>11.951194 51.72934 753.936</gx:coord>
        <when>2025-01-01T01:23:02.3060830Z</when>
        <gx:coord>11.951194 51.72934 753.936</gx:coord>
        <when>2025-01-01T01:23:07.3160830Z</when>
        <gx:coord>11.950293 51.726917 746.316</gx:coord>
        <when>2025-01-01T01:23:12.3070830Z</when>
        <gx:coord>11.949477 51.72445 738.696</gx:coord>
        <when>2025-01-01T01:23:14.1260830Z</when>
        <gx:coord>11.949348 51.723953 738.696</gx:coord>
        <when>2025-01-01T01:23:17.4020830Z</when>
        <gx:coord>11.949091 51.72243 738.696</gx:coord>
        <when>2025-01-01T01:23:17.4370830Z</when>
        <gx:coord>11.94907 51.721916 738.696</gx:coord>
        <when>2025-01-01T01:23:20.1210830Z</when>
        <gx:coord>11.949091 51.72093 734.12396</gx:coord>
        <when>2025-01-01T01:23:22.3070830Z</when>
        <gx:coord>11.949348 51.71943 734.12396</gx:coord>
        <when>2025-01-01T01:23:25.1230830Z</when>
        <gx:coord>11.949692 51.71844 734.12396</gx:coord>
        <when>2025-01-01T01:23:27.3070830Z</when>
        <gx:coord>11.950399 51.71698 734.12396</gx:coord>
        <when>2025-01-01T01:23:31.1260830Z</when>
        <gx:coord>11.951451 51.715027 724.98</gx:coord>
        <when>2025-01-01T01:23:31.1260830Z</when>
        <gx:coord>11.951451 51.715027 723.456</gx:coord>
        <when>2025-01-01T01:23:32.3140830Z</when>
        <gx:coord>11.951687 51.714535 720.40796</gx:coord>
        <when>2025-01-01T01:23:37.3070830Z</when>
        <gx:coord>11.952932 51.712067 718.884</gx:coord>
        <when>2025-01-01T01:23:42.3150830Z</when>
        <gx:coord>11.954433 51.70964 711.264</gx:coord>
        <when>2025-01-01T01:23:47.3070830Z</when>
        <gx:coord>11.956 51.70726 703.644</gx:coord>
        <when>2025-01-01T01:23:52.3080830Z</when>
        <gx:coord>11.957674 51.7049 694.5</gx:coord>
        <when>2025-01-01T01:23:53.1260830Z</when>
        <gx:coord>11.958017 51.70443 692.97595</gx:coord>
        <when>2025-01-01T01:23:57.3140830Z</when>
        <gx:coord>11.959412 51.70256 689.928</gx:coord>
        <when>2025-01-01T01:24:02.3070830Z</when>
        <gx:coord>11.96115 51.700203 685.35596</gx:coord>
        <when>2025-01-01T01:24:04.1310830Z</when>
        <gx:coord>11.961815 51.699234 682.308</gx:coord>
        <when>2025-01-01T01:24:07.3070830Z</when>
        <gx:coord>11.962824 51.6978 671.63995</gx:coord>
        <when>2025-01-01T01:24:10.1220830Z</when>
        <gx:coord>11.963768 51.69634 660.972</gx:coord>
        <when>2025-01-01T01:24:12.3080830Z</when>
        <gx:coord>11.964369 51.69535 656.39996</gx:coord>
        <when>2025-01-01T01:24:17.3140830Z</when>
        <gx:coord>11.965763 51.69293 650.30396</gx:coord>
        <when>2025-01-01T01:24:22.3080830Z</when>
        <gx:coord>11.967244 51.690525 641.16</gx:coord>
        <when>2025-01-01T01:24:27.1180830Z</when>
        <gx:coord>11.96866 51.688164 628.96796</gx:coord>
        <when>2025-01-01T01:24:27.3080830Z</when>
        <gx:coord>11.96866 51.688164 628.96796</gx:coord>
        <when>2025-01-01T01:24:32.1230830Z</when>
        <gx:coord>11.969733 51.686295 624.396</gx:coord>
        <when>2025-01-01T01:24:32.3240830Z</when>
        <gx:coord>11.970013 51.685844 622.872</gx:coord>
        <when>2025-01-01T01:24:37.1270830Z</when>
        <gx:coord>11.971342 51.683594 621.34796</gx:coord>
        <when>2025-01-01T01:24:37.3150830Z</when>
        <gx:coord>11.971342 51.683594 618.3</gx:coord>
        <when>2025-01-01T01:24:42.3080830Z</when>
        <gx:coord>11.972673 51.68132 606.108</gx:coord>
        <when>2025-01-01T01:24:44.1220830Z</when>
        <gx:coord>11.97323 51.68035 596.964</gx:coord>
        <when>2025-01-01T01:24:47.3080830Z</when>
        <gx:coord>11.974089 51.678917 592.39197</gx:coord>
        <when>2025-01-01T01:24:52.3080830Z</when>
        <gx:coord>11.975506 51.67649 577.152</gx:coord>
        <when>2025-01-01T01:24:57.3080830Z</when>
        <gx:coord>11.9769 51.674065 578.67596</gx:coord>
        <when>2025-01-01T01:25:02.3080830Z</when>
        <gx:coord>11.97838 51.67162 581.724</gx:coord>
        <when>2025-01-01T01:25:07.3090830Z</when>
        <gx:coord>11.979775 51.66913 578.67596</gx:coord>
        <when>2025-01-01T01:25:10.1230830Z</when>
        <gx:coord>11.980612 51.66767 583.248</gx:coord>
        <when>2025-01-01T01:25:12.3090830Z</when>
        <gx:coord>11.981192 51.666706 584.772</gx:coord>
        <when>2025-01-01T01:25:17.3090830Z</when>
        <gx:coord>11.98263 51.66428 586.29596</gx:coord>
        <when>2025-01-01T01:25:22.3090830Z</when>
        <gx:coord>11.984131 51.66192 584.772</gx:coord>
        <when>2025-01-01T01:25:27.3090830Z</when>
        <gx:coord>11.985634 51.65956 580.19995</gx:coord>
        <when>2025-01-01T01:25:32.3270830Z</when>
        <gx:coord>11.987157 51.657223 572.57996</gx:coord>
        <when>2025-01-01T01:25:37.3090830Z</when>
        <gx:coord>11.988659 51.654884 571.05597</gx:coord>
        <when>2025-01-01T01:25:40.1220830Z</when>
        <gx:coord>11.989538 51.653465 566.484</gx:coord>
        <when>2025-01-01T01:25:42.3090830Z</when>
        <gx:coord>11.990118 51.652523 566.484</gx:coord>
        <when>2025-01-01T01:25:43.1270830Z</when>
        <gx:coord>11.9903965 51.65205 566.484</gx:coord>
        <when>2025-01-01T01:25:47.3090830Z</when>
        <gx:coord>11.991556 51.650185 564.95996</gx:coord>
        <when>2025-01-01T01:25:52.3090830Z</when>
        <gx:coord>11.992993 51.647865 563.436</gx:coord>
        <when>2025-01-01T01:25:57.3100830Z</when>
        <gx:coord>11.994452 51.645615 566.484</gx:coord>
        <when>2025-01-01T01:26:02.3090830Z</when>
        <gx:coord>11.9954605 51.643295 568.008</gx:coord>
        <when>2025-01-01T01:26:06.1250830Z</when>
        <gx:coord>11.995762 51.64188 564.95996</gx:coord>
        <when>2025-01-01T01:26:07.3100830Z</when>
        <gx:coord>11.995869 51.640934 563.436</gx:coord>
        <when>2025-01-01T01:26:12.3100830Z</when>
        <gx:coord>11.995826 51.638573 566.484</gx:coord>
        <when>2025-01-01T01:26:14.1220830Z</when>
        <gx:coord>11.995762 51.638123 566.484</gx:coord>
        <when>2025-01-01T01:26:17.3100830Z</when>
        <gx:coord>11.995225 51.636322 566.484</gx:coord>
        <when>2025-01-01T01:26:19.1300830Z</when>
        <gx:coord>11.994839 51.63544 564.95996</gx:coord>
        <when>2025-01-01T01:26:22.1220830Z</when>
        <gx:coord>11.99441 51.634563 566.484</gx:coord>
        <when>2025-01-01T01:26:22.3100830Z</when>
        <gx:coord>11.994195 51.634132 566.484</gx:coord>
        <when>2025-01-01T01:26:27.3100830Z</when>
        <gx:coord>11.992886 51.631924 566.484</gx:coord>
        <when>2025-01-01T01:26:32.3350830Z</when>
        <gx:coord>11.991556 51.62967 557.33997</gx:coord>
        <when>2025-01-01T01:26:37.3100830Z</when>
        <gx:coord>11.990139 51.627396 557.33997</gx:coord>
        <when>2025-01-01T01:26:42.3100830Z</when>
        <gx:coord>11.988745 51.62514 563.436</gx:coord>
        <when>2025-01-01T01:26:47.3100830Z</when>
        <gx:coord>11.9875 51.622932 569.532</gx:coord>
        <when>2025-01-01T01:26:52.3100830Z</when>
        <gx:coord>11.986448 51.620785 569.532</gx:coord>
        <when>2025-01-01T01:26:53.1200830Z</when>
        <gx:coord>11.986448 51.620785 569.532</gx:coord>
        <when>2025-01-01T01:26:55.1250830Z</when>
        <gx:coord>11.9858055 51.619522 569.532</gx:coord>
        <when>2025-01-01T01:26:57.3100830Z</when>
        <gx:coord>11.985397 51.618683 566.484</gx:coord>
        <when>2025-01-01T01:27:02.3100830Z</when>
        <gx:coord>11.984324 51.61658 552.768</gx:coord>
        <when>2025-01-01T01:27:07.3170830Z</when>
        <gx:coord>11.9832945 51.614433 548.196</gx:coord>
        <when>2025-01-01T01:27:12.3110830Z</when>
        <gx:coord>11.982372 51.612354 549.72</gx:coord>
        <when>2025-01-01T01:27:17.3110830Z</when>
        <gx:coord>11.981492 51.610313 549.72</gx:coord>
        <when>2025-01-01T01:27:22.3110830Z</when>
        <gx:coord>11.980656 51.6083 545.148</gx:coord>
        <when>2025-01-01T01:27:27.3110830Z</when>
        <gx:coord>11.979797 51.60626 542.1</gx:coord>
        <when>2025-01-01T01:27:32.3350830Z</when>
        <gx:coord>11.978874 51.60424 537.52795</gx:coord>
        <when>2025-01-01T01:27:34.1230830Z</when>
        <gx:coord>11.978488 51.603447 537.52795</gx:coord>
        <when>2025-01-01T01:27:35.1230830Z</when>
        <gx:coord>11.978294 51.603043 536.00397</gx:coord>
        <when>2025-01-01T01:27:37.3110830Z</when>
        <gx:coord>11.97793 51.602245 536.00397</gx:coord>
        <when>2025-01-01T01:27:42.3110830Z</when>
        <gx:coord>11.976921 51.600296 536.00397</gx:coord>
        <when>2025-01-01T01:27:47.3110830Z</when>
        <gx:coord>11.975784 51.598404 536.00397</gx:coord>
        <when>2025-01-01T01:27:52.3110830Z</when>
        <gx:coord>11.97454 51.596497 536.00397</gx:coord>
        <when>2025-01-01T01:27:57.3110830Z</when>
        <gx:coord>11.973274 51.594566 528.384</gx:coord>
        <when>2025-01-01T01:28:02.3110830Z</when>
        <gx:coord>11.971922 51.592632 517.716</gx:coord>
        <when>2025-01-01T01:28:07.1190830Z</when>
        <gx:coord>11.970506 51.590725 504</gx:coord>
        <when>2025-01-01T01:28:07.3170830Z</when>
        <gx:coord>11.970506 51.590725 504</gx:coord>
        <when>2025-01-01T01:28:12.3120830Z</when>
        <gx:coord>11.969132 51.588814 494.856</gx:coord>
        <when>2025-01-01T01:28:15.1280830Z</when>
        <gx:coord>11.968338 51.587654 493.33197</gx:coord>
        <when>2025-01-01T01:28:17.3120830Z</when>
        <gx:coord>11.967781 51.586906 488.76</gx:coord>
        <when>2025-01-01T01:28:22.3120830Z</when>
        <gx:coord>11.966408 51.585014 482.664</gx:coord>
        <when>2025-01-01T01:28:27.3120830Z</when>
        <gx:coord>11.9650345 51.583107 481.13998</gx:coord>
        <when>2025-01-01T01:28:32.3510830Z</when>
        <gx:coord>11.9640045 51.581112 494.856</gx:coord>
        <when>2025-01-01T01:28:37.3120830Z</when>
        <gx:coord>11.963339 51.579094 493.33197</gx:coord>
        <when>2025-01-01T01:28:39.1190830Z</when>
        <gx:coord>11.963253 51.57871 491.80798</gx:coord>
        <when>2025-01-01T01:28:42.3120830Z</when>
        <gx:coord>11.963102 51.577057 488.76</gx:coord>
        <when>2025-01-01T01:28:45.1230830Z</when>
        <gx:coord>11.963167 51.57624 485.71198</gx:coord>
        <when>2025-01-01T01:28:47.3250830Z</when>
        <gx:coord>11.963404 51.574997 482.664</gx:coord>
        <when>2025-01-01T01:28:51.1030830Z</when>
        <gx:coord>11.9640045 51.573364 473.52</gx:coord>
        <when>2025-01-01T01:28:52.1080830Z</when>
        <gx:coord>11.9640045 51.573364 473.52</gx:coord>
        <when>2025-01-01T01:28:52.3250830Z</when>
        <gx:coord>11.964197 51.572956 471.99597</gx:coord>
        <when>2025-01-01T01:28:57.1280830Z</when>
        <gx:coord>11.96527 51.57096 462.85202</gx:coord>
        <when>2025-01-01T01:28:57.3120830Z</when>
        <gx:coord>11.96527 51.57096 461.328</gx:coord>
        <when>2025-01-01T01:29:02.3370830Z</when>
        <gx:coord>11.966322 51.568966 461.328</gx:coord>
        <when>2025-01-01T01:29:07.3120830Z</when>
        <gx:coord>11.967438 51.56697 461.328</gx:coord>
        <when>2025-01-01T01:29:12.3120830Z</when>
        <gx:coord>11.968681 51.565018 452.18402</gx:coord>
        <when>2025-01-01T01:29:17.3190830Z</when>
        <gx:coord>11.970162 51.56313 449.136</gx:coord>
        <when>2025-01-01T01:29:18.1240830Z</when>
        <gx:coord>11.970162 51.56313 449.136</gx:coord>
        <when>2025-01-01T01:29:22.1170830Z</when>
        <gx:coord>11.97175 51.561325 443.03998</gx:coord>
        <when>2025-01-01T01:29:22.3130830Z</when>
        <gx:coord>11.97175 51.561325 443.03998</gx:coord>
        <when>2025-01-01T01:29:27.3130830Z</when>
        <gx:coord>11.973274 51.559525 435.41998</gx:coord>
        <when>2025-01-01T01:29:32.3320830Z</when>
        <gx:coord>11.974905 51.557724 432.372</gx:coord>
        <when>2025-01-01T01:29:37.3130830Z</when>
        <gx:coord>11.976578 51.555943 433.89603</gx:coord>
        <when>2025-01-01T01:29:38.1260830Z</when>
        <gx:coord>11.9769 51.555576 433.89603</gx:coord>
        <when>2025-01-01T01:29:42.3130830Z</when>
        <gx:coord>11.978167 51.55418 441.51602</gx:coord>
        <when>2025-01-01T01:29:47.3130830Z</when>
        <gx:coord>11.9797535 51.55242 444.56406</gx:coord>
        <when>2025-01-01T01:29:52.3130830Z</when>
        <gx:coord>11.981384 51.5506 441.51602</gx:coord>
        <when>2025-01-01T01:29:57.3130830Z</when>
        <gx:coord>11.983037 51.54875 432.372</gx:coord>
        <when>2025-01-01T01:30:02.3130830Z</when>
        <gx:coord>11.984925 51.54695 432.372</gx:coord>
        <when>2025-01-01T01:30:07.3130830Z</when>
        <gx:coord>11.986792 51.545235 426.276</gx:coord>
        <when>2025-01-01T01:30:12.3190830Z</when>
        <gx:coord>11.988659 51.543537 420.18002</gx:coord>
        <when>2025-01-01T01:30:13.1190830Z</when>
        <gx:coord>11.988659 51.543537 420.18002</gx:coord>
        <when>2025-01-01T01:30:14.1220830Z</when>
        <gx:coord>11.989045 51.54324 418.656</gx:coord>
        <when>2025-01-01T01:30:17.3130830Z</when>
        <gx:coord>11.990654 51.542057 414.08398</gx:coord>
        <when>2025-01-01T01:30:19.1220830Z</when>
        <gx:coord>11.99147 51.5415 412.56003</gx:coord>
        <when>2025-01-01T01:30:19.1230830Z</when>
        <gx:coord>11.99147 51.5415 411.036</gx:coord>
        <when>2025-01-01T01:30:22.3130830Z</when>
        <gx:coord>11.992758 51.540684 406.46402</gx:coord>
        <when>2025-01-01T01:30:27.1230830Z</when>
        <gx:coord>11.994474 51.539677 404.94</gx:coord>
        <when>2025-01-01T01:30:27.3130830Z</when>
        <gx:coord>11.994925 51.53944 403.41602</gx:coord>
        <when>2025-01-01T01:30:30.3690830Z</when>
        <gx:coord>11.995848 51.53899 397.32</gx:coord>
        <when>2025-01-01T01:30:32.3200830Z</when>
        <gx:coord>11.997371 51.538387 386.65198</gx:coord>
        <when>2025-01-01T01:30:33.1130830Z</when>
        <gx:coord>11.997371 51.538387 386.65198</gx:coord>
        <when>2025-01-01T01:30:37.3300830Z</when>
        <gx:coord>12.000225 51.53768 391.224</gx:coord>
        <when>2025-01-01T01:30:38.1230830Z</when>
        <gx:coord>12.000225 51.53768 391.224</gx:coord>
        <when>2025-01-01T01:30:42.1210830Z</when>
        <gx:coord>12.002649 51.537403 383.604</gx:coord>
        <when>2025-01-01T01:30:42.3140830Z</when>
        <gx:coord>12.003271 51.537403 383.604</gx:coord>
        <when>2025-01-01T01:30:45.1250830Z</when>
        <gx:coord>12.004473 51.537468 385.12802</gx:coord>
        <when>2025-01-01T01:30:47.3140830Z</when>
        <gx:coord>12.006211 51.537724 382.08002</gx:coord>
        <when>2025-01-01T01:30:49.1180830Z</when>
        <gx:coord>12.007391 51.537895 379.03198</gx:coord>
        <when>2025-01-01T01:30:52.3140830Z</when>
        <gx:coord>12.009193 51.538155 375.984</gx:coord>
        <when>2025-01-01T01:30:57.3180830Z</when>
        <gx:coord>12.012241 51.53858 366.84006</gx:coord>
        <when>2025-01-01T01:31:02.3130830Z</when>
        <gx:coord>12.015352 51.53901 362.268</gx:coord>
        <when>2025-01-01T01:31:07.1270830Z</when>
        <gx:coord>12.018549 51.539417 362.268</gx:coord>
        <when>2025-01-01T01:31:07.3140830Z</when>
        <gx:coord>12.018549 51.539417 365.31598</gx:coord>
        <when>2025-01-01T01:31:12.1220830Z</when>
        <gx:coord>12.021103 51.53957 365.31598</gx:coord>
        <when>2025-01-01T01:31:12.3140830Z</when>
        <gx:coord>12.021747 51.539528 366.84006</gx:coord>
        <when>2025-01-01T01:31:16.1190830Z</when>
        <gx:coord>12.023635 51.53931 360.74402</gx:coord>
        <when>2025-01-01T01:31:17.3140830Z</when>
        <gx:coord>12.024879 51.539097 356.17203</gx:coord>
        <when>2025-01-01T01:31:22.3130830Z</when>
        <gx:coord>12.027926 51.538433 351.59998</gx:coord>
        <when>2025-01-01T01:31:27.3140830Z</when>
        <gx:coord>12.030909 51.537617 354.648</gx:coord>
        <when>2025-01-01T01:31:32.3410830Z</when>
        <gx:coord>12.0339775 51.53706 350.07602</gx:coord>
        <when>2025-01-01T01:31:34.1200830Z</when>
        <gx:coord>12.035222 51.536842 347.028</gx:coord>
        <when>2025-01-01T01:31:36.3700830Z</when>
        <gx:coord>12.035845 51.536736 345.50397</gx:coord>
        <when>2025-01-01T01:31:36.3710830Z</when>
        <gx:coord>12.035845 51.536736 345.50397</gx:coord>
        <when>2025-01-01T01:31:37.1130830Z</when>
        <gx:coord>12.036295 51.536263 343.97998</gx:coord>
        <when>2025-01-01T01:31:37.1150830Z</when>
        <gx:coord>12.036295 51.536263 343.97998</gx:coord>
        <when>2025-01-01T01:31:37.3140830Z</when>
        <gx:coord>12.036896 51.536095 340.932</gx:coord>
        <when>2025-01-01T01:31:42.3150830Z</when>
        <gx:coord>12.039879 51.53517 334.836</gx:coord>
        <when>2025-01-01T01:31:47.3140830Z</when>
        <gx:coord>12.042839 51.534313 340.932</gx:coord>
        <when>2025-01-01T01:31:49.1210830Z</when>
        <gx:coord>12.043977 51.53399 342.45602</gx:coord>
        <when>2025-01-01T01:31:52.3140830Z</when>
        <gx:coord>12.0456295 51.53354 343.97998</gx:coord>
        <when>2025-01-01T01:31:57.3190830Z</when>
        <gx:coord>12.048311 51.53283 356.17203</gx:coord>
        <when>2025-01-01T01:32:02.3140830Z</when>
        <gx:coord>12.050972 51.53219 356.17203</gx:coord>
        <when>2025-01-01T01:32:03.1180830Z</when>
        <gx:coord>12.050972 51.53219 356.17203</gx:coord>
        <when>2025-01-01T01:32:07.3150830Z</when>
        <gx:coord>12.05359 51.531586 353.12402</gx:coord>
        <when>2025-01-01T01:32:12.3150830Z</when>
        <gx:coord>12.056208 51.53103 351.59998</gx:coord>
        <when>2025-01-01T01:32:17.3150830Z</when>
        <gx:coord>12.0588255 51.530514 354.648</gx:coord>
        <when>2025-01-01T01:32:22.3150830Z</when>
        <gx:coord>12.061422 51.529934 357.69598</gx:coord>
        <when>2025-01-01T01:32:27.3150830Z</when>
        <gx:coord>12.064083 51.52929 356.17203</gx:coord>
        <when>2025-01-01T01:32:32.3360830Z</when>
        <gx:coord>12.066765 51.52856 354.648</gx:coord>
        <when>2025-01-01T01:32:37.1260830Z</when>
        <gx:coord>12.069426 51.527916 359.21997</gx:coord>
        <when>2025-01-01T01:32:37.3150830Z</when>
        <gx:coord>12.069426 51.527916 359.21997</gx:coord>
        <when>2025-01-01T01:32:42.3150830Z</when>
        <gx:coord>12.072043 51.52736 360.74402</gx:coord>
        <when>2025-01-01T01:32:44.1210830Z</when>
        <gx:coord>12.072558 51.527275 360.74402</gx:coord>
        <when>2025-01-01T01:32:47.1190830Z</when>
        <gx:coord>12.074125 51.527103 360.74402</gx:coord>
        <when>2025-01-01T01:32:47.3150830Z</when>
        <gx:coord>12.07464 51.527103 360.74402</gx:coord>
        <when>2025-01-01T01:32:49.1160830Z</when>
        <gx:coord>12.075155 51.527145 357.69598</gx:coord>
        <when>2025-01-01T01:32:51.1150830Z</when>
        <gx:coord>12.076099 51.527317 356.17203</gx:coord>
        <when>2025-01-01T01:32:52.1150830Z</when>
        <gx:coord>12.076529 51.527466 356.17203</gx:coord>
        <when>2025-01-01T01:32:52.3150830Z</when>
        <gx:coord>12.076914 51.527637 356.17203</gx:coord>
        <when>2025-01-01T01:32:53.1200830Z</when>
        <gx:coord>12.076914 51.527637 356.17203</gx:coord>
        <when>2025-01-01T01:32:56.1220830Z</when>
        <gx:coord>12.077923 51.52826 351.59998</gx:coord>
        <when>2025-01-01T01:32:57.3150830Z</when>
        <gx:coord>12.078438 51.528755 347.028</gx:coord>
        <when>2025-01-01T01:33:02.3230830Z</when>
        <gx:coord>12.079575 51.530106 330.26398</gx:coord>
        <when>2025-01-01T01:33:07.3210830Z</when>
        <gx:coord>12.080734 51.531437 324.16797</gx:coord>
        <when>2025-01-01T01:33:12.3150830Z</when>
        <gx:coord>12.081892 51.53277 319.596</gx:coord>
        <when>2025-01-01T01:33:15.1160830Z</when>
        <gx:coord>12.082537 51.53358 315.024</gx:coord>
        <when>2025-01-01T01:33:16.1190830Z</when>
        <gx:coord>12.082537 51.53358 315.024</gx:coord>
        <when>2025-01-01T01:33:17.3150830Z</when>
        <gx:coord>12.082944 51.53412 310.45203</gx:coord>
        <when>2025-01-01T01:33:22.3150830Z</when>
        <gx:coord>12.083974 51.53547 322.64398</gx:coord>
        <when>2025-01-01T01:33:27.3150830Z</when>
        <gx:coord>12.085068 51.53678 313.5</gx:coord>
        <when>2025-01-01T01:33:32.3520830Z</when>
        <gx:coord>12.086034 51.53813 305.88</gx:coord>
        <when>2025-01-01T01:33:35.1250830Z</when>
        <gx:coord>12.086355 51.53869 302.83197</gx:coord>
        <when>2025-01-01T01:33:37.3260830Z</when>
        <gx:coord>12.086571 51.539547 302.83197</gx:coord>
        <when>2025-01-01T01:33:38.1430830Z</when>
        <gx:coord>12.086571 51.539547 302.83197</gx:coord>
        <when>2025-01-01T01:33:42.1240830Z</when>
        <gx:coord>12.086227 51.540985 301.30798</gx:coord>
        <when>2025-01-01T01:33:42.3160830Z</when>
        <gx:coord>12.086227 51.540985 299.784</gx:coord>
        <when>2025-01-01T01:33:44.0980830Z</when>
        <gx:coord>12.08612 51.541286 296.73602</gx:coord>
        <when>2025-01-01T01:33:46.1240830Z</when>
        <gx:coord>12.0856905 51.54212 283.02002</gx:coord>
        <when>2025-01-01T01:33:47.0980830Z</when>
        <gx:coord>12.0856905 51.54212 283.02002</gx:coord>
        <when>2025-01-01T01:33:47.3280830Z</when>
        <gx:coord>12.085433 51.54238 281.49597</gx:coord>
        <when>2025-01-01T01:33:49.1180830Z</when>
        <gx:coord>12.085154 51.542618 279.972</gx:coord>
        <when>2025-01-01T01:33:52.3160830Z</when>
        <gx:coord>12.083738 51.543365 272.352</gx:coord>
        <when>2025-01-01T01:33:55.1240830Z</when>
        <gx:coord>12.08303 51.54369 260.15997</gx:coord>
        <when>2025-01-01T01:33:57.3160830Z</when>
        <gx:coord>12.081892 51.54414 254.06401</gx:coord>
        <when>2025-01-01T01:33:58.1180830Z</when>
        <gx:coord>12.081507 51.54429 252.54</gx:coord>
        <when>2025-01-01T01:34:02.3160830Z</when>
        <gx:coord>12.079897 51.544827 243.39601</gx:coord>
        <when>2025-01-01T01:34:07.3160830Z</when>
        <gx:coord>12.077837 51.54545 229.68001</gx:coord>
        <when>2025-01-01T01:34:11.1370830Z</when>
        <gx:coord>12.076141 51.54594 220.536</gx:coord>
        <when>2025-01-01T01:34:12.3160830Z</when>
        <gx:coord>12.075712 51.54605 217.48799</gx:coord>
        <when>2025-01-01T01:34:17.3160830Z</when>
        <gx:coord>12.073588 51.546673 205.296</gx:coord>
        <when>2025-01-01T01:34:22.3160830Z</when>
        <gx:coord>12.0715065 51.547337 193.104</gx:coord>
        <when>2025-01-01T01:34:24.1220830Z</when>
        <gx:coord>12.07067 51.547592 187.008</gx:coord>
        <when>2025-01-01T01:34:27.3160830Z</when>
        <gx:coord>12.069405 51.547935 177.86401</gx:coord>
        <when>2025-01-01T01:34:32.3340830Z</when>
        <gx:coord>12.067366 51.548515 164.148</gx:coord>
        <when>2025-01-01T01:34:35.1200830Z</when>
        <gx:coord>12.066121 51.54888 155.004</gx:coord>
        <when>2025-01-01T01:34:37.3160830Z</when>
        <gx:coord>12.065263 51.549118 148.908</gx:coord>
        <when>2025-01-01T01:34:42.1070830Z</when>
        <gx:coord>12.063139 51.549717 136.716</gx:coord>
        <when>2025-01-01T01:34:42.3160830Z</when>
        <gx:coord>12.063139 51.549717 133.668</gx:coord>
        <when>2025-01-01T01:34:46.1330830Z</when>
        <gx:coord>12.061508 51.55019 121.476</gx:coord>
        <when>2025-01-01T01:34:47.3160830Z</when>
        <gx:coord>12.061121 51.550297 118.428</gx:coord>
        <when>2025-01-01T01:34:51.1200830Z</when>
        <gx:coord>12.059984 51.55062 113.856</gx:coord>
        <when>2025-01-01T01:34:52.3160830Z</when>
        <gx:coord>12.059277 51.550835 112.332</gx:coord>
        <when>2025-01-01T01:34:57.1180830Z</when>
        <gx:coord>12.057967 51.5512 112.332</gx:coord>
        <when>2025-01-01T01:34:57.3160830Z</when>
        <gx:coord>12.057667 51.551285 112.332</gx:coord>
        <when>2025-01-01T01:34:58.1370830Z</when>
        <gx:coord>12.057667 51.551285 112.332</gx:coord>
        <when>2025-01-01T01:35:02.3160830Z</when>
        <gx:coord>12.056314 51.55167 112.332</gx:coord>
        <when>2025-01-01T01:35:04.1180830Z</when>
        <gx:coord>12.056079 51.551735 112.332</gx:coord>
        <when>2025-01-01T01:35:07.3170830Z</when>
        <gx:coord>12.055306 51.55195 112.332</gx:coord>
        <when>2025-01-01T01:35:08.1260830Z</when>
        <gx:coord>12.055306 51.55195 112.332</gx:coord>
        <when>2025-01-01T01:35:08.1270830Z</when>
        <gx:coord>12.055306 51.55195 112.332</gx:coord>
        <when>2025-01-01T01:35:11.1230830Z</when>
        <gx:coord>12.054963 51.552036 112.332</gx:coord>
        <when>2025-01-01T01:35:11.1240830Z</when>
        <gx:coord>12.054963 51.552036 112.332</gx:coord>
        <when>2025-01-01T01:35:12.3170830Z</when>
        <gx:coord>12.054834 51.552036 112.332</gx:coord>
        <when>2025-01-01T01:35:14.2930830Z</when>
        <gx:coord>12.054791 51.552036 112.332</gx:coord>
        <when>2025-01-01T01:35:14.2930830Z</when>
        <gx:coord>12.054791 51.552036 112.332</gx:coord>
        <when>2025-01-01T01:35:15.0870830Z</when>
        <gx:coord>12.0547695 51.552055 112.332</gx:coord>
        <when>2025-01-01T01:35:15.0870830Z</when>
        <gx:coord>12.0547695 51.552055 112.332</gx:coord>
        <when>2025-01-01T01:35:16.0960830Z</when>
        <gx:coord>12.0547695 51.552055 112.332</gx:coord>
        <when>2025-01-01T01:35:17.0920830Z</when>
        <gx:coord>12.0547695 51.552055 112.332</gx:coord>
        <when>2025-01-01T01:35:17.1250830Z</when>
        <gx:coord>12.054791 51.55208 112.332</gx:coord>
        <when>2025-01-01T01:35:17.3170830Z</when>
        <gx:coord>12.054791 51.55208 112.332</gx:coord>
        <when>2025-01-01T01:35:18.0960830Z</when>
        <gx:coord>12.054791 51.55208 112.332</gx:coord>
        <when>2025-01-01T01:35:19.0910830Z</when>
        <gx:coord>12.054791 51.55208 112.332</gx:coord>
        <when>2025-01-01T01:35:20.1010830Z</when>
        <gx:coord>12.054813 51.5521 112.332</gx:coord>
        <when>2025-01-01T01:35:21.1000830Z</when>
        <gx:coord>12.054834 51.5521 112.332</gx:coord>
        <when>2025-01-01T01:35:22.1200830Z</when>
        <gx:coord>12.054877 51.5521 112.332</gx:coord>
        <when>2025-01-01T01:35:22.3170830Z</when>
        <gx:coord>12.05492 51.5521 112.332</gx:coord>
        <when>2025-01-01T01:35:27.3170830Z</when>
        <gx:coord>12.055157 51.552036 112.332</gx:coord>
        <when>2025-01-01T01:35:32.3360830Z</when>
        <gx:coord>12.055542 51.55193 112.332</gx:coord>
        <when>2025-01-01T01:35:35.1220830Z</when>
        <gx:coord>12.055672 51.551888 112.332</gx:coord>
        <when>2025-01-01T01:35:37.3160830Z</when>
        <gx:coord>12.055821 51.55184 112.332</gx:coord>
        <when>2025-01-01T01:35:38.1210830Z</when>
        <gx:coord>12.055821 51.55184 112.332</gx:coord>
        <when>2025-01-01T01:35:40.0970830Z</when>
        <gx:coord>12.055885 51.5518 112.332</gx:coord>
        <when>2025-01-01T01:35:42.1080830Z</when>
        <gx:coord>12.055907 51.551758 112.332</gx:coord>
        <when>2025-01-01T01:35:42.3170830Z</when>
        <gx:coord>12.055907 51.551735 112.332</gx:coord>
        <when>2025-01-01T01:35:43.1000830Z</when>
        <gx:coord>12.055907 51.551735 112.332</gx:coord>
        <when>2025-01-01T01:35:45.1220830Z</when>
        <gx:coord>12.055885 51.55167 112.332</gx:coord>
        <when>2025-01-01T01:35:47.3170830Z</when>
        <gx:coord>12.055821 51.551563 112.332</gx:coord>
        <when>2025-01-01T01:35:50.1200830Z</when>
        <gx:coord>12.0557575 51.55148 112.332</gx:coord>
        <when>2025-01-01T01:35:52.3170830Z</when>
        <gx:coord>12.055693 51.55139 112.332</gx:coord>
        <when>2025-01-01T01:35:57.3170830Z</when>
        <gx:coord>12.055672 51.55137 112.332</gx:coord>
        <when>2025-01-01T01:36:02.3170830Z</when>
        <gx:coord>12.055672 51.55137 112.332</gx:coord>
        <when>2025-01-01T01:36:07.3170830Z</when>
        <gx:coord>12.055672 51.55137 112.332</gx:coord>
        <when>2025-01-01T01:36:12.3170830Z</when>
        <gx:coord>12.055586 51.551285 112.332</gx:coord>
        <when>2025-01-01T01:36:17.3170830Z</when>
        <gx:coord>12.055456 51.551113 112.332</gx:coord>
        <when>2025-01-01T01:36:22.3170830Z</when>
        <gx:coord>12.055349 51.55094 112.332</gx:coord>
        <when>2025-01-01T01:36:23.1220830Z</when>
        <gx:coord>12.055349 51.55094 112.332</gx:coord>
        <when>2025-01-01T01:36:25.1200830Z</when>
        <gx:coord>12.055328 51.550877 112.332</gx:coord>
        <when>2025-01-01T01:36:27.1120830Z</when>
        <gx:coord>12.055349 51.55081 112.332</gx:coord>
        <when>2025-01-01T01:36:27.3170830Z</when>
        <gx:coord>12.05537 51.550793 112.332</gx:coord>
        <when>2025-01-01T01:36:28.1200830Z</when>
        <gx:coord>12.05537 51.550793 112.332</gx:coord>
        <when>2025-01-01T01:36:30.1190830Z</when>
        <gx:coord>12.055456 51.550728 112.332</gx:coord>
        <when>2025-01-01T01:36:30.1190830Z</when>
        <gx:coord>12.055456 51.550728 112.332</gx:coord>
        <when>2025-01-01T01:36:32.3400830Z</when>
        <gx:coord>12.055672 51.550663 112.332</gx:coord>
        <when>2025-01-01T01:36:33.1280830Z</when>
        <gx:coord>12.055672 51.550663 112.332</gx:coord>
        <when>2025-01-01T01:36:37.3180830Z</when>
        <gx:coord>12.056079 51.550556 112.332</gx:coord>
        <when>2025-01-01T01:36:42.3180830Z</when>
        <gx:coord>12.056508 51.55045 112.332</gx:coord>
        <when>2025-01-01T01:36:47.3180830Z</when>
        <gx:coord>12.056937 51.55032 112.332</gx:coord>
        <when>2025-01-01T01:36:52.3180830Z</when>
        <gx:coord>12.057323 51.550213 112.332</gx:coord>
        <when>2025-01-01T01:36:57.3180830Z</when>
        <gx:coord>12.05771 51.550106 112.332</gx:coord>
        <when>2025-01-01T01:37:02.3180830Z</when>
        <gx:coord>12.058031 51.549995 112.332</gx:coord>
        <when>2025-01-01T01:37:04.0970830Z</when>
        <gx:coord>12.058075 51.549976 112.332</gx:coord>
        <when>2025-01-01T01:37:06.1010830Z</when>
        <gx:coord>12.058139 51.549934 112.332</gx:coord>
        <when>2025-01-01T01:37:07.3180830Z</when>
        <gx:coord>12.058161 51.54987 112.332</gx:coord>
        <when>2025-01-01T01:37:08.1010830Z</when>
        <gx:coord>12.058161 51.54987 112.332</gx:coord>
        <when>2025-01-01T01:37:10.1250830Z</when>
        <gx:coord>12.058139 51.549805 112.332</gx:coord>
        <when>2025-01-01T01:37:12.3180830Z</when>
        <gx:coord>12.058096 51.549698 112.332</gx:coord>
        <when>2025-01-01T01:37:17.3180830Z</when>
        <gx:coord>12.05801 51.549503 112.332</gx:coord>
        <when>2025-01-01T01:37:22.3180830Z</when>
        <gx:coord>12.057924 51.54931 112.332</gx:coord>
        <when>2025-01-01T01:37:26.0960830Z</when>
        <gx:coord>12.057881 51.549202 112.332</gx:coord>
        <when>2025-01-01T01:37:27.1100830Z</when>
        <gx:coord>12.057881 51.549183 112.332</gx:coord>
        <when>2025-01-01T01:37:27.3180830Z</when>
        <gx:coord>12.057881 51.54916 112.332</gx:coord>
        <when>2025-01-01T01:37:28.0900830Z</when>
        <gx:coord>12.057881 51.54916 112.332</gx:coord>
        <when>2025-01-01T01:37:30.1060830Z</when>
        <gx:coord>12.057924 51.549118 112.332</gx:coord>
        <when>2025-01-01T01:37:31.1030830Z</when>
        <gx:coord>12.057967 51.549095 112.332</gx:coord>
        <when>2025-01-01T01:37:32.3350830Z</when>
        <gx:coord>12.058053 51.549076 112.332</gx:coord>
        <when>2025-01-01T01:37:33.1130830Z</when>
        <gx:coord>12.058053 51.549076 112.332</gx:coord>
        <when>2025-01-01T01:37:36.0970830Z</when>
        <gx:coord>12.058182 51.549053 112.332</gx:coord>
        <when>2025-01-01T01:37:37.0950830Z</when>
        <gx:coord>12.058203 51.549053 112.332</gx:coord>
        <when>2025-01-01T01:37:37.3180830Z</when>
        <gx:coord>12.058247 51.54903 112.332</gx:coord>
        <when>2025-01-01T01:37:38.1050830Z</when>
        <gx:coord>12.058247 51.54903 112.332</gx:coord>
        <when>2025-01-01T01:37:39.1300830Z</when>
        <gx:coord>12.058268 51.54901 112.332</gx:coord>
        <when>2025-01-01T01:37:40.1080830Z</when>
        <gx:coord>12.058289 51.54899 112.332</gx:coord>
        <when>2025-01-01T01:37:42.1010830Z</when>
        <gx:coord>12.058289 51.548946 112.332</gx:coord>
        <when>2025-01-01T01:37:42.3180830Z</when>
        <gx:coord>12.058289 51.548904 112.332</gx:coord>
        <when>2025-01-01T01:37:47.3180830Z</when>
        <gx:coord>12.058203 51.548775 112.332</gx:coord>
        <when>2025-01-01T01:37:52.3180830Z</when>
        <gx:coord>12.058139 51.54858 112.332</gx:coord>
        <when>2025-01-01T01:37:57.0940830Z</when>
        <gx:coord>12.058075 51.548454 113.856</gx:coord>
        <when>2025-01-01T01:37:57.3180830Z</when>
        <gx:coord>12.058053 51.54843 113.856</gx:coord>
        <when>2025-01-01T01:37:59.1110830Z</when>
        <gx:coord>12.058053 51.54843 113.856</gx:coord>
        <when>2025-01-01T01:38:00.0940830Z</when>
        <gx:coord>12.05801 51.54841 113.856</gx:coord>
        <when>2025-01-01T01:38:01.1050830Z</when>
        <gx:coord>12.057989 51.54839 113.856</gx:coord>
        <when>2025-01-01T01:38:02.0940830Z</when>
        <gx:coord>12.057945 51.54839 113.856</gx:coord>
        <when>2025-01-01T01:38:02.3180830Z</when>
        <gx:coord>12.057903 51.54839 113.856</gx:coord>
        <when>2025-01-01T01:38:07.3180830Z</when>
        <gx:coord>12.057796 51.54841 113.856</gx:coord>
        <when>2025-01-01T01:38:10.1080830Z</when>
        <gx:coord>12.057753 51.54843 113.856</gx:coord>
        <when>2025-01-01T01:38:12.3180830Z</when>
        <gx:coord>12.057753 51.54843 113.856</gx:coord>
        <when>2025-01-01T01:38:17.3190830Z</when>
        <gx:coord>12.057732 51.54843 113.856</gx:coord>
        <when>2025-01-01T01:38:22.3190830Z</when>
        <gx:coord>12.057732 51.54843 113.856</gx:coord>
        <when>2025-01-01T01:38:27.3190830Z</when>
        <gx:coord>12.057732 51.54843 113.856</gx:coord>
        <when>2025-01-01T01:38:32.3500830Z</when>
        <gx:coord>12.057732 51.54843 113.856</gx:coord>
        <when>2025-01-01T01:38:33.5680830Z</when>
        <gx:coord>12.057732 51.54843 113.856</gx:coord>
        <coordinates />
      </gx:Track>
    </Placemark>
    <Placemark>
      <name>Takeoff: 2025-01-01</name>
      <styleUrl>#downArrowIcon</styleUrl>
      <Point>
        <altitudeMode>relativeToGround</altitudeMode>
        <coordinates>12.060177,51.5506,20</coordinates>
      </Point>
    </Placemark>
    <Placemark>
      <name>Landing: 2025-01-01</name>
      <styleUrl>#downArrowIcon</styleUrl>
      <Point>
        <altitudeMode>relativeToGround</altitudeMode>
        <coordinates>12.054791,51.55208,20</coordinates>
      </Point>
    </Placemark>
    <Placemark>
      <name>Log Stop: 2025-01-01</name>
      <styleUrl>#downArrowIcon</styleUrl>
      <Point>
        <altitudeMode>relativeToGround</altitudeMode>
        <coordinates>12.057732,51.54843,20</coordinates>
      </Point>
    </Placemark>
  </Document>
</kml>
