<?xml version="1.0" encoding="utf-8"?>
<kml xmlns:gx="http://www.google.com/kml/ext/2.2" creator="kml-heatmap" xmlns="http://www.opengis.net/kml/2.2">
  <Document>
    <name>SkyDemon Track Log</name>
    <Style id="skydemonLogStyle">
      <LineStyle>
        <color>7f00ffff</color>
        <width>4</width>
      </LineStyle>
      <PolyStyle>
        <color>7fffa400</color>
      </PolyStyle>
    </Style>
    <Style id="downArrowIcon">
      <IconStyle>
        <href>http://maps.google.com/mapfiles/kml/pal4/icon28.png</href>
      </IconStyle>
    </Style>
    <Placemark>
      <name>Log Start: 2025-01-01</name>
      <styleUrl>#downArrowIcon</styleUrl>
      <Point>
        <altitudeMode>relativeToGround</altitudeMode>
        <coordinates>12.058253,51.550102,20</coordinates>
      </Point>
    </Placemark>
    <Placemark>
      <name>EDAQ Halle-Oppin - EDAQ Halle-Oppin</name>
      <styleUrl>#skydemonLogStyle</styleUrl>
      <gx:Track>
        <extrude>1</extrude>
        <altitudeMode>absolute</altitudeMode>
        <when>2025-01-01T00:00:00.7376040Z</when>
        <gx:coord>12.058253 51.550102 107.014</gx:coord>
        <when>2025-01-01T00:00:01.4506040Z</when>
        <gx:coord>12.058258 51.55012 106.97882</gx:coord>
        <when>2025-01-01T00:00:05.7386040Z</when>
        <gx:coord>12.058278 51.550182 107.04923</gx:coord>
        <when>2025-01-01T00:00:10.7386040Z</when>
        <gx:coord>12.058334 51.55032 107.07842</gx:coord>
        <when>2025-01-01T00:00:15.7386040Z</when>
        <gx:coord>12.058422 51.550507 106.986244</gx:coord>
        <when>2025-01-01T00:00:20.7386040Z</when>
        <gx:coord>12.058473 51.550625 107.23021</gx:coord>
        <when>2025-01-01T00:00:25.7386040Z</when>
        <gx:coord>12.058474 51.550625 107.17943</gx:coord>
        <when>2025-01-01T00:00:30.7386040Z</when>
        <gx:coord>12.058475 51.550625 107.08665</gx:coord>
        <when>2025-01-01T00:00:35.7376040Z</when>
        <gx:coord>12.058475 51.550625 107.07125</gx:coord>
        <when>2025-01-01T00:00:40.7376040Z</when>
        <gx:coord>12.058475 51.550625 107.032196</gx:coord>
        <when>2025-01-01T00:00:45.7376040Z</when>
        <gx:coord>12.058475 51.550625 107.08152</gx:coord>
        <when>2025-01-01T00:00:50.7376040Z</when>
        <gx:coord>12.058475 51.550625 107.099625</gx:coord>
        <when>2025-01-01T00:00:55.7376040Z</when>
        <gx:coord>12.0584755 51.55063 107.07834</gx:coord>
        <when>2025-01-01T00:01:00.7376040Z</when>
        <gx:coord>12.0584755 51.550625 107.052284</gx:coord>
        <when>2025-01-01T00:01:05.7376040Z</when>
        <gx:coord>12.0584755 51.550625 107.052284</gx:coord>
        <when>2025-01-01T00:01:10.7376040Z</when>
        <gx:coord>12.0584755 51.550625 107.052284</gx:coord>
        <when>2025-01-01T00:01:15.7376040Z</when>
        <gx:coord>12.0584755 51.550625 107.052284</gx:coord>
        <when>2025-01-01T00:01:20.7376040Z</when>
        <gx:coord>12.0584755 51.550625 107.052284</gx:coord>
        <when>2025-01-01T00:01:25.7376040Z</when>
        <gx:coord>12.0584755 51.55063 107.13976</gx:coord>
        <when>2025-01-01T00:01:30.7376040Z</when>
        <gx:coord>12.058476 51.55063 107.005585</gx:coord>
        <when>2025-01-01T00:01:35.7376040Z</when>
        <gx:coord>12.058476 51.55063 106.85427</gx:coord>
        <when>2025-01-01T00:01:40.7376040Z</when>
        <gx:coord>12.058476 51.55063 106.85427</gx:coord>
        <when>2025-01-01T00:01:45.7376040Z</when>
        <gx:coord>12.058477 51.550632 106.97076</gx:coord>
        <when>2025-01-01T00:01:50.7376040Z</when>
        <gx:coord>12.058477 51.55063 107.07621</gx:coord>
        <when>2025-01-01T00:01:55.7376040Z</when>
        <gx:coord>12.058477 51.55063 106.98882</gx:coord>
        <when>2025-01-01T00:02:00.7376040Z</when>
        <gx:coord>12.058477 51.550632 107.17483</gx:coord>
        <when>2025-01-01T00:02:05.7376040Z</when>
        <gx:coord>12.058478 51.550632 107.31282</gx:coord>
        <when>2025-01-01T00:02:10.7376040Z</when>
        <gx:coord>12.058478 51.550632 107.443665</gx:coord>
        <when>2025-01-01T00:02:15.7376040Z</when>
        <gx:coord>12.058477 51.550632 107.49144</gx:coord>
        <when>2025-01-01T00:02:20.7376040Z</when>
        <gx:coord>12.058478 51.550632 107.52454</gx:coord>
        <when>2025-01-01T00:02:25.7376040Z</when>
        <gx:coord>12.058478 51.550632 107.29466</gx:coord>
        <when>2025-01-01T00:02:30.7376040Z</when>
        <gx:coord>12.058478 51.550632 107.26046</gx:coord>
        <when>2025-01-01T00:02:35.7376040Z</when>
        <gx:coord>12.058501 51.55068 107.266846</gx:coord>
        <when>2025-01-01T00:02:40.7376040Z</when>
        <gx:coord>12.058555 51.550804 107.32118</gx:coord>
        <when>2025-01-01T00:02:45.1006040Z</when>
        <gx:coord>12.058595 51.550896 107.139275</gx:coord>
        <when>2025-01-01T00:02:45.7376040Z</when>
        <gx:coord>12.058635 51.55095 107.23673</gx:coord>
        <when>2025-01-01T00:02:46.0996040Z</when>
        <gx:coord>12.058635 51.55095 107.23673</gx:coord>
        <when>2025-01-01T00:02:47.1026040Z</when>
        <gx:coord>12.058663 51.55097 107.2636</gx:coord>
        <when>2025-01-01T00:02:48.1036040Z</when>
        <gx:coord>12.0587 51.550983 107.297325</gx:coord>
        <when>2025-01-01T00:02:49.0956040Z</when>
        <gx:coord>12.0587435 51.550995 107.27328</gx:coord>
        <when>2025-01-01T00:02:50.0996040Z</when>
        <gx:coord>12.0588 51.550995 107.34066</gx:coord>
        <when>2025-01-01T00:02:50.7366040Z</when>
        <gx:coord>12.058862 51.55099 107.282265</gx:coord>
        <when>2025-01-01T00:02:51.0976040Z</when>
        <gx:coord>12.058862 51.55099 107.282265</gx:coord>
        <when>2025-01-01T00:02:54.0966040Z</when>
        <gx:coord>12.059074 51.55094 107.200455</gx:coord>
        <when>2025-01-01T00:02:55.7376040Z</when>
        <gx:coord>12.059229 51.55089 107.143936</gx:coord>
        <when>2025-01-01T00:03:00.7376040Z</when>
        <gx:coord>12.059658 51.550766 107.13066</gx:coord>
        <when>2025-01-01T00:03:05.7366040Z</when>
        <gx:coord>12.060105 51.55064 107.127686</gx:coord>
        <when>2025-01-01T00:03:10.0986040Z</when>
        <gx:coord>12.060436 51.55053 107.10824</gx:coord>
        <when>2025-01-01T00:03:10.7376040Z</when>
        <gx:coord>12.060503 51.550495 107.0973</gx:coord>
        <when>2025-01-01T00:03:15.7376040Z</when>
        <gx:coord>12.060831 51.550343 107.011826</gx:coord>
        <when>2025-01-01T00:03:20.0986040Z</when>
        <gx:coord>12.061065 51.550255 106.98116</gx:coord>
        <when>2025-01-01T00:03:20.7376040Z</when>
        <gx:coord>12.0611105 51.55025 107.03861</gx:coord>
        <when>2025-01-01T00:03:21.0986040Z</when>
        <gx:coord>12.0611105 51.55025 107.03861</gx:coord>
        <when>2025-01-01T00:03:22.0996040Z</when>
        <gx:coord>12.061151 51.550255 107.03661</gx:coord>
        <when>2025-01-01T00:03:23.1006040Z</when>
        <gx:coord>12.061177 51.550262 107.05262</gx:coord>
        <when>2025-01-01T00:03:24.0996040Z</when>
        <gx:coord>12.061198 51.550274 107.06982</gx:coord>
        <when>2025-01-01T00:03:25.1016040Z</when>
        <gx:coord>12.061209 51.55029 107.05725</gx:coord>
        <when>2025-01-01T00:03:25.7366040Z</when>
        <gx:coord>12.061214 51.5503 107.02512</gx:coord>
        <when>2025-01-01T00:03:27.1166040Z</when>
        <gx:coord>12.061194 51.550323 107.025955</gx:coord>
        <when>2025-01-01T00:03:27.8556040Z</when>
        <gx:coord>12.061194 51.550323 107.025955</gx:coord>
        <when>2025-01-01T00:03:29.4556040Z</when>
        <gx:coord>12.061168 51.550335 107.02113</gx:coord>
        <when>2025-01-01T00:03:30.7376040Z</when>
        <gx:coord>12.061151 51.55034 106.991844</gx:coord>
        <when>2025-01-01T00:03:35.7376040Z</when>
        <gx:coord>12.061093 51.55035 106.938965</gx:coord>
        <when>2025-01-01T00:03:40.7376040Z</when>
        <gx:coord>12.061093 51.550354 106.8692</gx:coord>
        <when>2025-01-01T00:03:45.7366040Z</when>
        <gx:coord>12.061094 51.550354 106.82259</gx:coord>
        <when>2025-01-01T00:03:50.7366040Z</when>
        <gx:coord>12.061094 51.55035 106.73403</gx:coord>
        <when>2025-01-01T00:03:55.1026040Z</when>
        <gx:coord>12.061074 51.55036 106.79068</gx:coord>
        <when>2025-01-01T00:03:55.7366040Z</when>
        <gx:coord>12.06105 51.550373 106.770386</gx:coord>
        <when>2025-01-01T00:03:56.0996040Z</when>
        <gx:coord>12.06105 51.550373 106.770386</gx:coord>
        <when>2025-01-01T00:03:58.0996040Z</when>
        <gx:coord>12.060914 51.550407 106.78965</gx:coord>
        <when>2025-01-01T00:04:00.1026040Z</when>
        <gx:coord>12.0607395 51.55045 106.77598</gx:coord>
        <when>2025-01-01T00:04:00.7366040Z</when>
        <gx:coord>12.060622 51.55048 106.80242</gx:coord>
        <when>2025-01-01T00:04:03.0976040Z</when>
        <gx:coord>12.06031 51.550568 106.76678</gx:coord>
        <when>2025-01-01T00:04:04.1106040Z</when>
        <gx:coord>12.060116 51.55062 106.76439</gx:coord>
        <when>2025-01-01T00:04:05.7366040Z</when>
        <gx:coord>12.059653 51.55075 106.75469</gx:coord>
        <when>2025-01-01T00:04:06.0976040Z</when>
        <gx:coord>12.059653 51.55075 106.75469</gx:coord>
        <when>2025-01-01T00:04:10.0996040Z</when>
        <gx:coord>12.058459 51.551083 106.82104</gx:coord>
        <when>2025-01-01T00:04:10.7366040Z</when>
        <gx:coord>12.058108 51.55118 106.81778</gx:coord>
        <when>2025-01-01T00:04:15.1056040Z</when>
        <gx:coord>12.05654 51.55163 107.93216</gx:coord>
        <when>2025-01-01T00:04:15.7366040Z</when>
        <gx:coord>12.056116 51.55175 110.35044</gx:coord>
        <when>2025-01-01T00:04:20.7366040Z</when>
        <gx:coord>12.054018 51.552288 136.42296</gx:coord>
        <when>2025-01-01T00:04:21.1006040Z</when>
        <gx:coord>12.053613 51.552387 140.51257</gx:coord>
        <when>2025-01-01T00:04:25.7366040Z</when>
        <gx:coord>12.051981 51.552784 155.41705</gx:coord>
        <when>2025-01-01T00:04:29.0976040Z</when>
        <gx:coord>12.050331 51.55321 171.31</gx:coord>
        <when>2025-01-01T00:04:30.7366040Z</when>
        <gx:coord>12.049917 51.553314 175.96396</gx:coord>
        <when>2025-01-01T00:04:35.7366040Z</when>
        <gx:coord>12.047864 51.553776 197.25134</gx:coord>
        <when>2025-01-01T00:04:37.0996040Z</when>
        <gx:coord>12.0470495 51.553936 204.06671</gx:coord>
        <when>2025-01-01T00:04:40.7366040Z</when>
        <gx:coord>12.045831 51.55418 215.70793</gx:coord>
        <when>2025-01-01T00:04:44.0996040Z</when>
        <gx:coord>12.044258 51.554573 235.2064</gx:coord>
        <when>2025-01-01T00:04:45.7366040Z</when>
        <gx:coord>12.0438795 51.554676 240.13123</gx:coord>
        <when>2025-01-01T00:04:50.7366040Z</when>
        <gx:coord>12.042056 51.55528 261.0283</gx:coord>
        <when>2025-01-01T00:04:52.1076040Z</when>
        <gx:coord>12.041347 51.555534 269.35248</gx:coord>
        <when>2025-01-01T00:04:55.7366040Z</when>
        <gx:coord>12.040317 51.555927 281.06448</gx:coord>
        <when>2025-01-01T00:05:00.7366040Z</when>
        <gx:coord>12.03849 51.556553 290.91272</gx:coord>
        <when>2025-01-01T00:05:03.0976040Z</when>
        <gx:coord>12.0373 51.556908 300.7192</gx:coord>
        <when>2025-01-01T00:05:05.7366040Z</when>
        <gx:coord>12.036493 51.557125 308.87833</gx:coord>
        <when>2025-01-01T00:05:10.7366040Z</when>
        <gx:coord>12.034436 51.557602 326.64322</gx:coord>
        <when>2025-01-01T00:05:11.1116040Z</when>
        <gx:coord>12.034013 51.557686 326.64322</gx:coord>
        <when>2025-01-01T00:05:12.0976040Z</when>
        <gx:coord>12.03359 51.557766 334.72614</gx:coord>
        <when>2025-01-01T00:05:15.7366040Z</when>
        <gx:coord>12.03233 51.558006 345.96777</gx:coord>
        <when>2025-01-01T00:05:20.7366040Z</when>
        <gx:coord>12.030141 51.55844 355.7564</gx:coord>
        <when>2025-01-01T00:05:25.7366040Z</when>
        <gx:coord>12.027741 51.55889 362.236</gx:coord>
        <when>2025-01-01T00:05:27.0966040Z</when>
        <gx:coord>12.026739 51.55908 366.9193</gx:coord>
        <when>2025-01-01T00:05:30.7366040Z</when>
        <gx:coord>12.025277 51.55938 376.36267</gx:coord>
        <when>2025-01-01T00:05:35.7366040Z</when>
        <gx:coord>12.022951 51.559925 386.28104</gx:coord>
        <when>2025-01-01T00:05:40.7366040Z</when>
        <gx:coord>12.020579 51.56046 387.39377</gx:coord>
        <when>2025-01-01T00:05:45.7366040Z</when>
        <gx:coord>12.018131 51.561035 387.97754</gx:coord>
        <when>2025-01-01T00:05:48.5226040Z</when>
        <gx:coord>12.017131 51.561226 391.29822</gx:coord>
        <when>2025-01-01T00:05:50.7366040Z</when>
        <gx:coord>12.015581 51.56133 393.53665</gx:coord>
        <when>2025-01-01T00:05:51.0996040Z</when>
        <gx:coord>12.015581 51.56133 393.53665</gx:coord>
        <when>2025-01-01T00:05:53.1066040Z</when>
        <gx:coord>12.01453 51.561253 391.29517</gx:coord>
        <when>2025-01-01T00:05:54.0966040Z</when>
        <gx:coord>12.0140085 51.56116 389.73688</gx:coord>
        <when>2025-01-01T00:05:55.1026040Z</when>
        <gx:coord>12.0135 51.56103 389.05988</gx:coord>
        <when>2025-01-01T00:05:55.7366040Z</when>
        <gx:coord>12.0130205 51.56086 389.79053</gx:coord>
        <when>2025-01-01T00:05:57.0976040Z</when>
        <gx:coord>12.012565 51.56066 390.46652</gx:coord>
        <when>2025-01-01T00:06:00.1076040Z</when>
        <gx:coord>12.011382 51.559902 390.49298</gx:coord>
        <when>2025-01-01T00:06:00.7366040Z</when>
        <gx:coord>12.011019 51.55962 388.8937</gx:coord>
        <when>2025-01-01T00:06:04.1066040Z</when>
        <gx:coord>12.010055 51.558697 386.86432</gx:coord>
        <when>2025-01-01T00:06:05.7366040Z</when>
        <gx:coord>12.00953 51.558014 385.715</gx:coord>
        <when>2025-01-01T00:06:08.1026040Z</when>
        <gx:coord>12.009108 51.55729 385.8271</gx:coord>
        <when>2025-01-01T00:06:09.1006040Z</when>
        <gx:coord>12.008921 51.556923 385.6785</gx:coord>
        <when>2025-01-01T00:06:10.7366040Z</when>
        <gx:coord>12.008536 51.556183 384.557</gx:coord>
        <when>2025-01-01T00:06:14.1116040Z</when>
        <gx:coord>12.007592 51.554752 382.78928</gx:coord>
        <when>2025-01-01T00:06:15.7356040Z</when>
        <gx:coord>12.007328 51.5544 380.35483</gx:coord>
        <when>2025-01-01T00:06:20.7366040Z</when>
        <gx:coord>12.005952 51.552643 376.5098</gx:coord>
        <when>2025-01-01T00:06:25.7366040Z</when>
        <gx:coord>12.004656 51.55087 378.0911</gx:coord>
        <when>2025-01-01T00:06:30.7356040Z</when>
        <gx:coord>12.003687 51.549026 380.68143</gx:coord>
        <when>2025-01-01T00:06:32.1066040Z</when>
        <gx:coord>12.003598 51.548637 380.23975</gx:coord>
        <when>2025-01-01T00:06:35.1016040Z</when>
        <gx:coord>12.003631 51.547424 378.5397</gx:coord>
        <when>2025-01-01T00:06:35.7366040Z</when>
        <gx:coord>12.003759 51.547016 378.82083</gx:coord>
        <when>2025-01-01T00:06:38.0966040Z</when>
        <gx:coord>12.004159 51.54621 377.9415</gx:coord>
        <when>2025-01-01T00:06:40.1016040Z</when>
        <gx:coord>12.004772 51.545437 376.1478</gx:coord>
        <when>2025-01-01T00:06:40.7366040Z</when>
        <gx:coord>12.005157 51.545067 375.25412</gx:coord>
        <when>2025-01-01T00:06:41.1046040Z</when>
        <gx:coord>12.005157 51.545067 375.25412</gx:coord>
        <when>2025-01-01T00:06:44.0976040Z</when>
        <gx:coord>12.006579 51.54407 376.3669</gx:coord>
        <when>2025-01-01T00:06:45.7366040Z</when>
        <gx:coord>12.007698 51.543514 378.02457</gx:coord>
        <when>2025-01-01T00:06:47.0976040Z</when>
        <gx:coord>12.008301 51.543274 378.94528</gx:coord>
        <when>2025-01-01T00:06:50.7366040Z</when>
        <gx:coord>12.010911 51.54255 379.16064</gx:coord>
        <when>2025-01-01T00:06:51.0986040Z</when>
        <gx:coord>12.010911 51.54255 379.16064</gx:coord>
        <when>2025-01-01T00:06:55.7366040Z</when>
        <gx:coord>12.01441 51.541924 374.92105</gx:coord>
        <when>2025-01-01T00:07:00.7366040Z</when>
        <gx:coord>12.017879 51.541203 376.47858</gx:coord>
        <when>2025-01-01T00:07:05.0986040Z</when>
        <gx:coord>12.021242 51.540237 370.21405</gx:coord>
        <when>2025-01-01T00:07:05.7366040Z</when>
        <gx:coord>12.021242 51.540237 369.95056</gx:coord>
        <when>2025-01-01T00:07:10.7366040Z</when>
        <gx:coord>12.024622 51.539272 369.14142</gx:coord>
        <when>2025-01-01T00:07:15.7366040Z</when>
        <gx:coord>12.028054 51.53835 367.232</gx:coord>
        <when>2025-01-01T00:07:20.7366040Z</when>
        <gx:coord>12.031531 51.53746 364.59915</gx:coord>
        <when>2025-01-01T00:07:25.7366040Z</when>
        <gx:coord>12.034932 51.53651 366.77454</gx:coord>
        <when>2025-01-01T00:07:30.7366040Z</when>
        <gx:coord>12.038242 51.535477 368.66815</gx:coord>
        <when>2025-01-01T00:07:35.7366040Z</when>
        <gx:coord>12.041572 51.534428 371.29846</gx:coord>
        <when>2025-01-01T00:07:40.7356040Z</when>
        <gx:coord>12.044977 51.533497 371.76828</gx:coord>
        <when>2025-01-01T00:07:41.1026040Z</when>
        <gx:coord>12.045649 51.533325 371.76828</gx:coord>
        <when>2025-01-01T00:07:45.7366040Z</when>
        <gx:coord>12.048284 51.53268 368.5831</gx:coord>
        <when>2025-01-01T00:07:50.7366040Z</when>
        <gx:coord>12.05144 51.53189 365.184</gx:coord>
        <when>2025-01-01T00:07:55.7366040Z</when>
        <gx:coord>12.054461 51.53112 372.16937</gx:coord>
        <when>2025-01-01T00:08:00.7356040Z</when>
        <gx:coord>12.0574665 51.530357 370.9213</gx:coord>
        <when>2025-01-01T00:08:05.7366040Z</when>
        <gx:coord>12.060535 51.5296 366.20062</gx:coord>
        <when>2025-01-01T00:08:10.7366040Z</when>
        <gx:coord>12.06358 51.52881 366.14417</gx:coord>
        <when>2025-01-01T00:08:15.7366040Z</when>
        <gx:coord>12.066544 51.52805 366.95105</gx:coord>
        <when>2025-01-01T00:08:18.0976040Z</when>
        <gx:coord>12.067707 51.52775 367.48947</gx:coord>
        <when>2025-01-01T00:08:20.7356040Z</when>
        <gx:coord>12.069444 51.527317 367.7178</gx:coord>
        <when>2025-01-01T00:08:22.1026040Z</when>
        <gx:coord>12.070612 51.527054 367.15958</gx:coord>
        <when>2025-01-01T00:08:25.7366040Z</when>
        <gx:coord>12.072436 51.526806 363.47086</gx:coord>
        <when>2025-01-01T00:08:26.1016040Z</when>
        <gx:coord>12.072436 51.526806 363.47086</gx:coord>
        <when>2025-01-01T00:08:29.0986040Z</when>
        <gx:coord>12.07431 51.52682 358.60663</gx:coord>
        <when>2025-01-01T00:08:30.7366040Z</when>
        <gx:coord>12.075517 51.527008 355.81018</gx:coord>
        <when>2025-01-01T00:08:31.0996040Z</when>
        <gx:coord>12.075517 51.527008 355.81018</gx:coord>
        <when>2025-01-01T00:08:33.0976040Z</when>
        <gx:coord>12.076623 51.52734 352.56122</gx:coord>
        <when>2025-01-01T00:08:35.0966040Z</when>
        <gx:coord>12.077602 51.527782 348.23712</gx:coord>
        <when>2025-01-01T00:08:35.7366040Z</when>
        <gx:coord>12.078025 51.528046 346.5252</gx:coord>
        <when>2025-01-01T00:08:37.0986040Z</when>
        <gx:coord>12.078404 51.528328 345.10596</gx:coord>
        <when>2025-01-01T00:08:40.0886040Z</when>
        <gx:coord>12.079566 51.529583 335.8191</gx:coord>
        <when>2025-01-01T00:08:40.7366040Z</when>
        <gx:coord>12.079566 51.529583 335.8191</gx:coord>
        <when>2025-01-01T00:08:41.0916040Z</when>
        <gx:coord>12.079566 51.529583 335.8191</gx:coord>
        <when>2025-01-01T00:08:45.7366040Z</when>
        <gx:coord>12.080877 51.53125 325.60754</gx:coord>
        <when>2025-01-01T00:08:50.7366040Z</when>
        <gx:coord>12.082183 51.5329 315.44666</gx:coord>
        <when>2025-01-01T00:08:55.0986040Z</when>
        <gx:coord>12.083275 51.53457 303.91592</gx:coord>
        <when>2025-01-01T00:08:55.7366040Z</when>
        <gx:coord>12.083275 51.53457 303.91592</gx:coord>
        <when>2025-01-01T00:09:00.7356040Z</when>
        <gx:coord>12.084268 51.53624 295.908</gx:coord>
        <when>2025-01-01T00:09:05.7366040Z</when>
        <gx:coord>12.085316 51.5379 286.5441</gx:coord>
        <when>2025-01-01T00:09:08.0986040Z</when>
        <gx:coord>12.085641 51.538574 282.08218</gx:coord>
        <when>2025-01-01T00:09:10.1026040Z</when>
        <gx:coord>12.085822 51.539257 277.71143</gx:coord>
        <when>2025-01-01T00:09:10.7366040Z</when>
        <gx:coord>12.085852 51.539597 276.0114</gx:coord>
        <when>2025-01-01T00:09:11.0976040Z</when>
        <gx:coord>12.085852 51.539597 276.0114</gx:coord>
        <when>2025-01-01T00:09:12.0986040Z</when>
        <gx:coord>12.085841 51.53993 274.77383</gx:coord>
        <when>2025-01-01T00:09:13.1056040Z</when>
        <gx:coord>12.0857315 51.540577 272.37457</gx:coord>
        <when>2025-01-01T00:09:14.1026040Z</when>
        <gx:coord>12.085616 51.540886 272.37457</gx:coord>
        <when>2025-01-01T00:09:15.0986040Z</when>
        <gx:coord>12.085616 51.540886 271.04095</gx:coord>
        <when>2025-01-01T00:09:15.7356040Z</when>
        <gx:coord>12.085466 51.541187 269.57108</gx:coord>
        <when>2025-01-01T00:09:18.0986040Z</when>
        <gx:coord>12.085063 51.54176 266.04456</gx:coord>
        <when>2025-01-01T00:09:20.7366040Z</when>
        <gx:coord>12.084263 51.542534 260.28116</gx:coord>
        <when>2025-01-01T00:09:22.1006040Z</when>
        <gx:coord>12.083958 51.54277 258.04916</gx:coord>
        <when>2025-01-01T00:09:25.7366040Z</when>
        <gx:coord>12.082545 51.543606 249.47244</gx:coord>
        <when>2025-01-01T00:09:26.0966040Z</when>
        <gx:coord>12.082545 51.543606 249.47244</gx:coord>
        <when>2025-01-01T00:09:28.0986040Z</when>
        <gx:coord>12.08179 51.54397 249.52455</gx:coord>
        <when>2025-01-01T00:09:30.7366040Z</when>
        <gx:coord>12.080704 51.54444 247.90747</gx:coord>
        <when>2025-01-01T00:09:33.0996040Z</when>
        <gx:coord>12.079656 51.54488 239.07942</gx:coord>
        <when>2025-01-01T00:09:35.7366040Z</when>
        <gx:coord>12.078939 51.545155 232.22499</gx:coord>
        <when>2025-01-01T00:09:37.1006040Z</when>
        <gx:coord>12.078571 51.54528 229.71262</gx:coord>
        <when>2025-01-01T00:09:40.7366040Z</when>
        <gx:coord>12.07708 51.545727 219.99788</gx:coord>
        <when>2025-01-01T00:09:44.0966040Z</when>
        <gx:coord>12.075545 51.546143 207.32982</gx:coord>
        <when>2025-01-01T00:09:45.7366040Z</when>
        <gx:coord>12.075159 51.546257 203.96329</gx:coord>
        <when>2025-01-01T00:09:50.7366040Z</when>
        <gx:coord>12.073197 51.546852 188.81607</gx:coord>
        <when>2025-01-01T00:09:55.1006040Z</when>
        <gx:coord>12.071263 51.54746 176.11415</gx:coord>
        <when>2025-01-01T00:09:55.7366040Z</when>
        <gx:coord>12.071263 51.54746 176.11415</gx:coord>
        <when>2025-01-01T00:10:00.7366040Z</when>
        <gx:coord>12.069333 51.548016 162.20337</gx:coord>
        <when>2025-01-01T00:10:05.7366040Z</when>
        <gx:coord>12.067351 51.54856 147.00746</gx:coord>
        <when>2025-01-01T00:10:06.0976040Z</when>
        <gx:coord>12.066947 51.54868 144.5391</gx:coord>
        <when>2025-01-01T00:10:10.7366040Z</when>
        <gx:coord>12.065336 51.54915 134.89236</gx:coord>
        <when>2025-01-01T00:10:15.7366040Z</when>
        <gx:coord>12.063337 51.54972 122.15124</gx:coord>
        <when>2025-01-01T00:10:16.1006040Z</when>
        <gx:coord>12.062941 51.54983 122.15124</gx:coord>
        <when>2025-01-01T00:10:19.0976040Z</when>
        <gx:coord>12.061755 51.550163 111.80411</gx:coord>
        <when>2025-01-01T00:10:20.7366040Z</when>
        <gx:coord>12.061366 51.550274 108.882996</gx:coord>
        <when>2025-01-01T00:10:25.0946040Z</when>
        <gx:coord>12.059906 51.55069 106.0091</gx:coord>
        <when>2025-01-01T00:10:25.7366040Z</when>
        <gx:coord>12.059566 51.55079 105.60342</gx:coord>
        <when>2025-01-01T00:10:30.7366040Z</when>
        <gx:coord>12.057999 51.551205 105.95333</gx:coord>
        <when>2025-01-01T00:10:35.7366040Z</when>
        <gx:coord>12.056365 51.551674 106.242195</gx:coord>
        <when>2025-01-01T00:10:39.0936040Z</when>
        <gx:coord>12.0552025 51.552006 106.394035</gx:coord>
        <when>2025-01-01T00:10:40.7366040Z</when>
        <gx:coord>12.054357 51.552246 109.223045</gx:coord>
        <when>2025-01-01T00:10:45.7366040Z</when>
        <gx:coord>12.052147 51.55286 124.99772</gx:coord>
        <when>2025-01-01T00:10:50.0966040Z</when>
        <gx:coord>12.049937 51.553444 146.90366</gx:coord>
        <when>2025-01-01T00:10:50.7366040Z</when>
        <gx:coord>12.049937 51.553444 146.90366</gx:coord>
        <when>2025-01-01T00:10:55.7366040Z</when>
        <gx:coord>12.047787 51.553986 168.99742</gx:coord>
        <when>2025-01-01T00:10:58.0986040Z</when>
        <gx:coord>12.04648 51.554295 179.14421</gx:coord>
        <when>2025-01-01T00:11:00.7366040Z</when>
        <gx:coord>12.045617 51.554504 188.01227</gx:coord>
        <when>2025-01-01T00:11:05.7366040Z</when>
        <gx:coord>12.043488 51.555073 206.17207</gx:coord>
        <when>2025-01-01T00:11:06.0926040Z</when>
        <gx:coord>12.043064 51.555195 210.5304</gx:coord>
        <when>2025-01-01T00:11:10.7366040Z</when>
        <gx:coord>12.041388 51.55568 229.01721</gx:coord>
        <when>2025-01-01T00:11:13.0976040Z</when>
        <gx:coord>12.040158 51.556026 242.74965</gx:coord>
        <when>2025-01-01T00:11:15.7366040Z</when>
        <gx:coord>12.039364 51.556244 252.97783</gx:coord>
        <when>2025-01-01T00:11:18.1026040Z</when>
        <gx:coord>12.038204 51.55656 262.67502</gx:coord>
        <when>2025-01-01T00:11:19.1036040Z</when>
        <gx:coord>12.037828 51.55666 273.9647</gx:coord>
        <when>2025-01-01T00:11:20.7366040Z</when>
        <gx:coord>12.037456 51.55676 278.76346</gx:coord>
        <when>2025-01-01T00:11:25.7366040Z</when>
        <gx:coord>12.0355015 51.557255 291.44318</gx:coord>
        <when>2025-01-01T00:11:30.1016040Z</when>
        <gx:coord>12.033449 51.55778 306.14914</gx:coord>
        <when>2025-01-01T00:11:30.7366040Z</when>
        <gx:coord>12.033449 51.55778 306.14914</gx:coord>
        <when>2025-01-01T00:11:35.7366040Z</when>
        <gx:coord>12.031368 51.558296 324.03616</gx:coord>
        <when>2025-01-01T00:11:38.0946040Z</when>
        <gx:coord>12.030148 51.55859 338.6574</gx:coord>
        <when>2025-01-01T00:11:40.7366040Z</when>
        <gx:coord>12.029331 51.558796 344.53268</gx:coord>
        <when>2025-01-01T00:11:45.7366040Z</when>
        <gx:coord>12.027196 51.55938 353.88333</gx:coord>
        <when>2025-01-01T00:11:50.7366040Z</when>
        <gx:coord>12.024847 51.56002 358.24356</gx:coord>
        <when>2025-01-01T00:11:54.0956040Z</when>
        <gx:coord>12.023412 51.560425 361.27393</gx:coord>
        <when>2025-01-01T00:11:55.7366040Z</when>
        <gx:coord>12.022448 51.560703 361.94846</gx:coord>
        <when>2025-01-01T00:12:00.7366040Z</when>
        <gx:coord>12.020023 51.561443 363.67404</gx:coord>
        <when>2025-01-01T00:12:05.7366040Z</when>
        <gx:coord>12.017586 51.56219 367.7832</gx:coord>
        <when>2025-01-01T00:12:10.0996040Z</when>
        <gx:coord>12.01555 51.562725 367.91266</gx:coord>
        <when>2025-01-01T00:12:10.0996040Z</when>
        <gx:coord>12.015018 51.562813 369.6824</gx:coord>
        <when>2025-01-01T00:12:10.7366040Z</when>
        <gx:coord>12.015018 51.562813 369.6824</gx:coord>
        <when>2025-01-01T00:12:12.0996040Z</when>
        <gx:coord>12.014476 51.562866 370.584</gx:coord>
        <when>2025-01-01T00:12:13.0996040Z</when>
        <gx:coord>12.013376 51.562878 371.3425</gx:coord>
        <when>2025-01-01T00:12:14.0966040Z</when>
        <gx:coord>12.013376 51.562878 371.51944</gx:coord>
        <when>2025-01-01T00:12:15.7366040Z</when>
        <gx:coord>12.012292 51.562725 372.29855</gx:coord>
        <when>2025-01-01T00:12:16.0986040Z</when>
        <gx:coord>12.012292 51.562725 372.29855</gx:coord>
        <when>2025-01-01T00:12:18.0976040Z</when>
        <gx:coord>12.011278 51.562416 371.96494</gx:coord>
        <when>2025-01-01T00:12:20.0956040Z</when>
        <gx:coord>12.010386 51.561954 370.48642</gx:coord>
        <when>2025-01-01T00:12:20.7366040Z</when>
        <gx:coord>12.01 51.561676 370.10822</gx:coord>
        <when>2025-01-01T00:12:22.0976040Z</when>
        <gx:coord>12.009663 51.561367 370.07675</gx:coord>
        <when>2025-01-01T00:12:23.0976040Z</when>
        <gx:coord>12.009374 51.56104 370.03375</gx:coord>
        <when>2025-01-01T00:12:25.1026040Z</when>
        <gx:coord>12.0089 51.560333 367.75613</gx:coord>
        <when>2025-01-01T00:12:25.7366040Z</when>
        <gx:coord>12.008698 51.559967 366.12012</gx:coord>
        <when>2025-01-01T00:12:30.7366040Z</when>
        <gx:coord>12.00775 51.558056 359.7473</gx:coord>
        <when>2025-01-01T00:12:35.7356040Z</when>
        <gx:coord>12.006635 51.556156 359.7297</gx:coord>
        <when>2025-01-01T00:12:40.7366040Z</when>
        <gx:coord>12.005413 51.554306 358.79413</gx:coord>
        <when>2025-01-01T00:12:45.7366040Z</when>
        <gx:coord>12.004237 51.55243 354.60217</gx:coord>
        <when>2025-01-01T00:12:50.7356040Z</when>
        <gx:coord>12.003223 51.550518 358.63248</gx:coord>
        <when>2025-01-01T00:12:52.0956040Z</when>
        <gx:coord>12.003098 51.550125 360.27783</gx:coord>
        <when>2025-01-01T00:12:55.0936040Z</when>
        <gx:coord>12.002926 51.548923 362.4326</gx:coord>
        <when>2025-01-01T00:12:55.7366040Z</when>
        <gx:coord>12.002955 51.548515 363.26678</gx:coord>
        <when>2025-01-01T00:12:58.1016040Z</when>
        <gx:coord>12.003144 51.547688 361.99384</gx:coord>
        <when>2025-01-01T00:12:58.1046040Z</when>
        <gx:coord>12.003144 51.547688 361.99384</gx:coord>
        <when>2025-01-01T00:12:58.1086040Z</when>
        <gx:coord>12.003309 51.547276 361.99384</gx:coord>
        <when>2025-01-01T00:13:00.7366040Z</when>
        <gx:coord>12.003813 51.546455 355.99997</gx:coord>
        <when>2025-01-01T00:13:01.1096040Z</when>
        <gx:coord>12.003813 51.546455 355.99997</gx:coord>
        <when>2025-01-01T00:13:03.0956040Z</when>
        <gx:coord>12.004565 51.545677 354.33652</gx:coord>
        <when>2025-01-01T00:13:05.0996040Z</when>
        <gx:coord>12.005548 51.54498 353.24252</gx:coord>
        <when>2025-01-01T00:13:05.7366040Z</when>
        <gx:coord>12.006119 51.54467 353.2439</gx:coord>
        <when>2025-01-01T00:13:06.0976040Z</when>
        <gx:coord>12.006119 51.54467 353.2439</gx:coord>
        <when>2025-01-01T00:13:08.0946040Z</when>
        <gx:coord>12.0073805 51.544144 354.2702</gx:coord>
        <when>2025-01-01T00:13:10.7366040Z</when>
        <gx:coord>12.00947 51.54357 355.473</gx:coord>
        <when>2025-01-01T00:13:12.0956040Z</when>
        <gx:coord>12.010198 51.543423 354.70883</gx:coord>
        <when>2025-01-01T00:13:15.7366040Z</when>
        <gx:coord>12.013128 51.542828 352.3574</gx:coord>
        <when>2025-01-01T00:13:20.7376040Z</when>
        <gx:coord>12.016663 51.54187 349.3382</gx:coord>
        <when>2025-01-01T00:13:25.7376040Z</when>
        <gx:coord>12.020144 51.540825 351.41327</gx:coord>
        <when>2025-01-01T00:13:30.7376040Z</when>
        <gx:coord>12.023602 51.5399 360.93228</gx:coord>
        <when>2025-01-01T00:13:35.2196040Z</when>
        <gx:coord>12.027025 51.53902 360.60693</gx:coord>
        <when>2025-01-01T00:13:35.7376040Z</when>
        <gx:coord>12.027025 51.53902 359.832</gx:coord>
        <when>2025-01-01T00:13:40.7376040Z</when>
        <gx:coord>12.030456 51.53809 360.13156</gx:coord>
        <when>2025-01-01T00:13:45.7376040Z</when>
        <gx:coord>12.0338745 51.53717 361.96024</gx:coord>
        <when>2025-01-01T00:13:50.7376040Z</when>
        <gx:coord>12.037269 51.53625 363.3889</gx:coord>
        <when>2025-01-01T00:13:55.7376040Z</when>
        <gx:coord>12.0406475 51.535324 366.542</gx:coord>
        <when>2025-01-01T00:14:00.7376040Z</when>
        <gx:coord>12.044026 51.534386 370.77124</gx:coord>
        <when>2025-01-01T00:14:05.7376040Z</when>
        <gx:coord>12.047345 51.533497 374.99884</gx:coord>
        <when>2025-01-01T00:14:07.0956040Z</when>
        <gx:coord>12.047981 51.533333 375.3334</gx:coord>
        <when>2025-01-01T00:14:10.7376040Z</when>
        <gx:coord>12.05044 51.532703 375.51544</gx:coord>
        <when>2025-01-01T00:14:12.0996040Z</when>
        <gx:coord>12.051636 51.532402 375.76044</gx:coord>
        <when>2025-01-01T00:14:15.7376040Z</when>
        <gx:coord>12.053416 51.531975 377.59683</gx:coord>
        <when>2025-01-01T00:14:20.7376040Z</when>
        <gx:coord>12.056347 51.531284 374.0384</gx:coord>
        <when>2025-01-01T00:14:25.7376040Z</when>
        <gx:coord>12.059244 51.53058 373.93524</gx:coord>
        <when>2025-01-01T00:14:30.7376040Z</when>
        <gx:coord>12.062123 51.52986 371.9289</gx:coord>
        <when>2025-01-01T00:14:35.7376040Z</when>
        <gx:coord>12.065005 51.52913 366.788</gx:coord>
        <when>2025-01-01T00:14:40.7376040Z</when>
        <gx:coord>12.06789 51.52841 358.46762</gx:coord>
        <when>2025-01-01T00:14:45.7376040Z</when>
        <gx:coord>12.070826 51.527706 352.94205</gx:coord>
        <when>2025-01-01T00:14:49.0946040Z</when>
        <gx:coord>12.072693 51.527462 351.51245</gx:coord>
        <when>2025-01-01T00:14:50.8146040Z</when>
        <gx:coord>12.073963 51.527473 351.38565</gx:coord>
        <when>2025-01-01T00:14:52.0946040Z</when>
        <gx:coord>12.07459 51.52753 350.98602</gx:coord>
        <when>2025-01-01T00:14:54.0926040Z</when>
        <gx:coord>12.07579 51.52776 349.8119</gx:coord>
        <when>2025-01-01T00:14:55.7376040Z</when>
        <gx:coord>12.07687 51.528126 348.75647</gx:coord>
        <when>2025-01-01T00:14:56.0946040Z</when>
        <gx:coord>12.07687 51.528126 348.75647</gx:coord>
        <when>2025-01-01T00:14:57.0946040Z</when>
        <gx:coord>12.0773535 51.52835 347.4778</gx:coord>
        <when>2025-01-01T00:14:57.0996040Z</when>
        <gx:coord>12.077787 51.528603 347.4778</gx:coord>
        <when>2025-01-01T00:14:58.0946040Z</when>
        <gx:coord>12.077787 51.528603 345.76926</gx:coord>
        <when>2025-01-01T00:15:00.0946040Z</when>
        <gx:coord>12.078535 51.529167 341.08258</gx:coord>
        <when>2025-01-01T00:15:00.0956040Z</when>
        <gx:coord>12.078839 51.529476 338.1481</gx:coord>
        <when>2025-01-01T00:15:00.7376040Z</when>
        <gx:coord>12.078839 51.529476 338.1481</gx:coord>
        <when>2025-01-01T00:15:05.7376040Z</when>
        <gx:coord>12.080127 51.531116 324.15085</gx:coord>
        <when>2025-01-01T00:15:10.7366040Z</when>
        <gx:coord>12.081324 51.532806 313.26965</gx:coord>
        <when>2025-01-01T00:15:14.0946040Z</when>
        <gx:coord>12.082347 51.53416 305.63855</gx:coord>
        <when>2025-01-01T00:15:15.7376040Z</when>
        <gx:coord>12.082614 51.534492 303.1752</gx:coord>
        <when>2025-01-01T00:15:20.7376040Z</when>
        <gx:coord>12.083956 51.53617 292.459</gx:coord>
        <when>2025-01-01T00:15:25.0926040Z</when>
        <gx:coord>12.084969 51.53752 286.66263</gx:coord>
        <when>2025-01-01T00:15:25.7376040Z</when>
        <gx:coord>12.085175 51.53786 285.7021</gx:coord>
        <when>2025-01-01T00:15:28.0956040Z</when>
        <gx:coord>12.085472 51.53854 283.05444</gx:coord>
        <when>2025-01-01T00:15:30.7376040Z</when>
        <gx:coord>12.08562 51.53956 277.0421</gx:coord>
        <when>2025-01-01T00:15:31.0956040Z</when>
        <gx:coord>12.08562 51.53956 277.0421</gx:coord>
        <when>2025-01-01T00:15:32.0966040Z</when>
        <gx:coord>12.085514 51.54022 275.11996</gx:coord>
        <when>2025-01-01T00:15:34.1026040Z</when>
        <gx:coord>12.085423 51.54054 272.8292</gx:coord>
        <when>2025-01-01T00:15:35.0946040Z</when>
        <gx:coord>12.085306 51.540855 270.64462</gx:coord>
        <when>2025-01-01T00:15:35.7376040Z</when>
        <gx:coord>12.085151 51.54116 269.105</gx:coord>
        <when>2025-01-01T00:15:38.0956040Z</when>
        <gx:coord>12.084752 51.541733 266.8622</gx:coord>
        <when>2025-01-01T00:15:40.7376040Z</when>
        <gx:coord>12.0840225 51.54254 260.6274</gx:coord>
        <when>2025-01-01T00:15:43.1026040Z</when>
        <gx:coord>12.08344 51.54304 255.61346</gx:coord>
        <when>2025-01-01T00:15:45.7386040Z</when>
        <gx:coord>12.082427 51.543736 248.16946</gx:coord>
        <when>2025-01-01T00:15:47.0986040Z</when>
        <gx:coord>12.082053 51.543945 246.08577</gx:coord>
        <when>2025-01-01T00:15:47.0986040Z</when>
        <gx:coord>12.081664 51.544144 244.20587</gx:coord>
        <when>2025-01-01T00:15:50.7386040Z</when>
        <gx:coord>12.080445 51.544674 240.83284</gx:coord>
        <when>2025-01-01T00:15:51.1006040Z</when>
        <gx:coord>12.080445 51.544674 240.83284</gx:coord>
        <when>2025-01-01T00:15:54.1016040Z</when>
        <gx:coord>12.07922 51.54508 240.88115</gx:coord>
        <when>2025-01-01T00:15:55.0976040Z</when>
        <gx:coord>12.07844 51.545303 240.22142</gx:coord>
        <when>2025-01-01T00:15:55.7386040Z</when>
        <gx:coord>12.07844 51.545303 239.22026</gx:coord>
        <when>2025-01-01T00:16:00.7386040Z</when>
        <gx:coord>12.076552 51.54584 223.09227</gx:coord>
        <when>2025-01-01T00:16:04.1006040Z</when>
        <gx:coord>12.07501 51.546276 210.5344</gx:coord>
        <when>2025-01-01T00:16:05.7386040Z</when>
        <gx:coord>12.074628 51.546402 206.87604</gx:coord>
        <when>2025-01-01T00:16:10.7386040Z</when>
        <gx:coord>12.072738 51.547028 192.8611</gx:coord>
        <when>2025-01-01T00:16:15.0946040Z</when>
        <gx:coord>12.0708275 51.547596 177.84355</gx:coord>
        <when>2025-01-01T00:16:15.7376040Z</when>
        <gx:coord>12.0708275 51.547596 177.84355</gx:coord>
        <when>2025-01-01T00:16:20.7386040Z</when>
        <gx:coord>12.068853 51.548153 161.05435</gx:coord>
        <when>2025-01-01T00:16:25.0946040Z</when>
        <gx:coord>12.066831 51.548717 145.2857</gx:coord>
        <when>2025-01-01T00:16:25.7386040Z</when>
        <gx:coord>12.066831 51.548717 145.2857</gx:coord>
        <when>2025-01-01T00:16:30.7386040Z</when>
        <gx:coord>12.064788 51.5493 130.02658</gx:coord>
        <when>2025-01-01T00:16:35.7386040Z</when>
        <gx:coord>12.06274 51.5499 116.66966</gx:coord>
        <when>2025-01-01T00:16:36.0996040Z</when>
        <gx:coord>12.06233 51.55002 114.57082</gx:coord>
        <when>2025-01-01T00:16:40.7386040Z</when>
        <gx:coord>12.060785 51.55046 107.373795</gx:coord>
        <when>2025-01-01T00:16:45.0926040Z</when>
        <gx:coord>12.059393 51.550858 106.17608</gx:coord>
        <when>2025-01-01T00:16:45.7386040Z</when>
        <gx:coord>12.059071 51.55095 105.82597</gx:coord>
        <when>2025-01-01T00:16:50.7386040Z</when>
        <gx:coord>12.057589 51.551346 106.14395</gx:coord>
        <when>2025-01-01T00:16:55.7386040Z</when>
        <gx:coord>12.055962 51.551804 106.2839</gx:coord>
        <when>2025-01-01T00:16:58.0916040Z</when>
        <gx:coord>12.055189 51.552017 106.44737</gx:coord>
        <when>2025-01-01T00:17:00.0976040Z</when>
        <gx:coord>12.053919 51.552372 107.431816</gx:coord>
        <when>2025-01-01T00:17:00.7386040Z</when>
        <gx:coord>12.053919 51.552372 109.0874</gx:coord>
        <when>2025-01-01T00:17:05.7386040Z</when>
        <gx:coord>12.0517025 51.55298 128.44444</gx:coord>
        <when>2025-01-01T00:17:10.0966040Z</when>
        <gx:coord>12.049506 51.553577 149.44392</gx:coord>
        <when>2025-01-01T00:17:10.7386040Z</when>
        <gx:coord>12.049506 51.553577 149.44392</gx:coord>
        <when>2025-01-01T00:17:15.7386040Z</when>
        <gx:coord>12.047359 51.55413 172.3604</gx:coord>
        <when>2025-01-01T00:17:17.0906040Z</when>
        <gx:coord>12.046533 51.554356 183.11325</gx:coord>
        <when>2025-01-01T00:17:20.7386040Z</when>
        <gx:coord>12.045338 51.554703 195.7304</gx:coord>
        <when>2025-01-01T00:17:25.7376040Z</when>
        <gx:coord>12.043332 51.555332 212.46503</gx:coord>
        <when>2025-01-01T00:17:26.0956040Z</when>
        <gx:coord>12.042919 51.555447 217.04477</gx:coord>
        <when>2025-01-01T00:17:30.7386040Z</when>
        <gx:coord>12.041255 51.55591 228.69312</gx:coord>
        <when>2025-01-01T00:17:35.0936040Z</when>
        <gx:coord>12.039189 51.556465 248.0682</gx:coord>
        <when>2025-01-01T00:17:35.7386040Z</when>
        <gx:coord>12.039189 51.556465 248.0682</gx:coord>
        <when>2025-01-01T00:17:40.7386040Z</when>
        <gx:coord>12.037123 51.55701 264.3086</gx:coord>
        <when>2025-01-01T00:17:44.0916040Z</when>
        <gx:coord>12.035498 51.557404 283.5053</gx:coord>
        <when>2025-01-01T00:17:45.7386040Z</when>
        <gx:coord>12.035105 51.5575 287.55203</gx:coord>
        <when>2025-01-01T00:17:50.7386040Z</when>
        <gx:coord>12.033083 51.558006 298.55728</gx:coord>
        <when>2025-01-01T00:17:55.7386040Z</when>
        <gx:coord>12.030945 51.55856 312.24976</gx:coord>
        <when>2025-01-01T00:17:56.0946040Z</when>
        <gx:coord>12.03051 51.558678 315.38684</gx:coord>
        <when>2025-01-01T00:17:59.0976040Z</when>
        <gx:coord>12.029201 51.559044 320.88818</gx:coord>
        <when>2025-01-01T00:18:00.7396040Z</when>
        <gx:coord>12.028764 51.55917 328.06772</gx:coord>
        <when>2025-01-01T00:18:05.7396040Z</when>
        <gx:coord>12.026496 51.559772 340.58163</gx:coord>
        <when>2025-01-01T00:18:07.0926040Z</when>
        <gx:coord>12.025586 51.560013 350.9238</gx:coord>
        <when>2025-01-01T00:18:10.7396040Z</when>
        <gx:coord>12.024212 51.56039 358.41058</gx:coord>
        <when>2025-01-01T00:18:12.1006040Z</when>
        <gx:coord>12.023745 51.56052 360.2304</gx:coord>
        <when>2025-01-01T00:18:15.7396040Z</when>
        <gx:coord>12.02181 51.561054 369.4645</gx:coord>
        <when>2025-01-01T00:18:20.7396040Z</when>
        <gx:coord>12.019413 51.56167 381.2622</gx:coord>
        <when>2025-01-01T00:18:21.0906040Z</when>
        <gx:coord>12.018941 51.561787 384.05765</gx:coord>
        <when>2025-01-01T00:18:25.7396040Z</when>
        <gx:coord>12.0170355 51.562267 384.79932</gx:coord>
        <when>2025-01-01T00:18:29.0936040Z</when>
        <gx:coord>12.015548 51.562637 381.1259</gx:coord>
        <when>2025-01-01T00:18:30.7396040Z</when>
        <gx:coord>12.0145035 51.562813 381.5121</gx:coord>
        <when>2025-01-01T00:18:31.0966040Z</when>
        <gx:coord>12.0145035 51.562813 381.5121</gx:coord>
        <when>2025-01-01T00:18:33.0936040Z</when>
        <gx:coord>12.013421 51.56286 381.91516</gx:coord>
        <when>2025-01-01T00:18:35.0956040Z</when>
        <gx:coord>12.012339 51.56276 382.54492</gx:coord>
        <when>2025-01-01T00:18:35.7396040Z</when>
        <gx:coord>12.011813 51.562653 382.2675</gx:coord>
        <when>2025-01-01T00:18:37.0936040Z</when>
        <gx:coord>12.011309 51.5625 382.3372</gx:coord>
        <when>2025-01-01T00:18:39.0926040Z</when>
        <gx:coord>12.010397 51.562084 384.09537</gx:coord>
        <when>2025-01-01T00:18:40.7396040Z</when>
        <gx:coord>12.009659 51.56154 385.3105</gx:coord>
        <when>2025-01-01T00:18:41.0946040Z</when>
        <gx:coord>12.009659 51.56154 385.3105</gx:coord>
        <when>2025-01-01T00:18:43.0946040Z</when>
        <gx:coord>12.009116 51.56089 384.2452</gx:coord>
        <when>2025-01-01T00:18:43.0946040Z</when>
        <gx:coord>12.009116 51.56089 384.2452</gx:coord>
        <when>2025-01-01T00:18:45.7396040Z</when>
        <gx:coord>12.0085335 51.559807 378.8175</gx:coord>
        <when>2025-01-01T00:18:50.7396040Z</when>
        <gx:coord>12.007703 51.557865 369.76163</gx:coord>
        <when>2025-01-01T00:18:55.7386040Z</when>
        <gx:coord>12.006631 51.555935 369.4752</gx:coord>
        <when>2025-01-01T00:19:00.7396040Z</when>
        <gx:coord>12.005509 51.554005 367.86478</gx:coord>
        <when>2025-01-01T00:19:03.0926040Z</when>
        <gx:coord>12.005072 51.55322 364.7455</gx:coord>
        <when>2025-01-01T00:19:04.0986040Z</when>
        <gx:coord>12.004633 51.55242 363.1423</gx:coord>
        <when>2025-01-01T00:19:05.7396040Z</when>
        <gx:coord>12.004417 51.55202 361.2974</gx:coord>
        <when>2025-01-01T00:19:10.7396040Z</when>
        <gx:coord>12.003492 51.549953 360.23068</gx:coord>
        <when>2025-01-01T00:19:11.0946040Z</when>
        <gx:coord>12.003492 51.549953 360.23068</gx:coord>
        <when>2025-01-01T00:19:14.0996040Z</when>
        <gx:coord>12.003313 51.548656 360.79236</gx:coord>
        <when>2025-01-01T00:19:15.7396040Z</when>
        <gx:coord>12.00341 51.54777 359.79333</gx:coord>
        <when>2025-01-01T00:19:17.0926040Z</when>
        <gx:coord>12.003527 51.547325 359.11185</gx:coord>
        <when>2025-01-01T00:19:20.0926040Z</when>
        <gx:coord>12.004175 51.546017 359.3553</gx:coord>
        <when>2025-01-01T00:19:20.7396040Z</when>
        <gx:coord>12.004493 51.545597 359.57556</gx:coord>
        <when>2025-01-01T00:19:23.0956040Z</when>
        <gx:coord>12.005276 51.544807 361.3571</gx:coord>
        <when>2025-01-01T00:19:25.7396040Z</when>
        <gx:coord>12.006793 51.54378 364.59964</gx:coord>
        <when>2025-01-01T00:19:26.0906040Z</when>
        <gx:coord>12.006793 51.54378 364.59964</gx:coord>
        <when>2025-01-01T00:19:26.0916040Z</when>
        <gx:coord>12.006793 51.54378 364.59964</gx:coord>
        <when>2025-01-01T00:19:29.0986040Z</when>
        <gx:coord>12.008643 51.542984 365.07144</gx:coord>
        <when>2025-01-01T00:19:30.7396040Z</when>
        <gx:coord>12.010029 51.54259 363.79187</gx:coord>
        <when>2025-01-01T00:19:33.0946040Z</when>
        <gx:coord>12.011487 51.542294 361.7703</gx:coord>
        <when>2025-01-01T00:19:35.7396040Z</when>
        <gx:coord>12.013714 51.541885 360.8847</gx:coord>
        <when>2025-01-01T00:19:40.7396040Z</when>
        <gx:coord>12.017378 51.54107 357.37857</gx:coord>
        <when>2025-01-01T00:19:45.0966040Z</when>
        <gx:coord>12.021003 51.540146 352.90933</gx:coord>
        <when>2025-01-01T00:19:45.7396040Z</when>
        <gx:coord>12.021003 51.540146 352.90933</gx:coord>
        <when>2025-01-01T00:19:47.0986040Z</when>
        <gx:coord>12.022463 51.539772 352.0915</gx:coord>
        <when>2025-01-01T00:19:50.7396040Z</when>
        <gx:coord>12.024664 51.539223 351.5126</gx:coord>
        <when>2025-01-01T00:19:55.7396040Z</when>
        <gx:coord>12.028322 51.538338 354.775</gx:coord>
        <when>2025-01-01T00:20:00.7396040Z</when>
        <gx:coord>12.031968 51.53743 351.93466</gx:coord>
        <when>2025-01-01T00:20:05.7396040Z</when>
        <gx:coord>12.035637 51.53648 350.18008</gx:coord>
        <when>2025-01-01T00:20:10.7396040Z</when>
        <gx:coord>12.03928 51.53553 353.03824</gx:coord>
        <when>2025-01-01T00:20:15.7396040Z</when>
        <gx:coord>12.042943 51.53464 352.88242</gx:coord>
        <when>2025-01-01T00:20:20.7396040Z</when>
        <gx:coord>12.046633 51.533802 353.2364</gx:coord>
        <when>2025-01-01T00:20:21.0966040Z</when>
        <gx:coord>12.047355 51.533638 353.2364</gx:coord>
        <when>2025-01-01T00:20:25.7396040Z</when>
        <gx:coord>12.050128 51.532978 356.6596</gx:coord>
        <when>2025-01-01T00:20:30.7396040Z</when>
        <gx:coord>12.053413 51.532204 352.57678</gx:coord>
        <when>2025-01-01T00:20:34.0946040Z</when>
        <gx:coord>12.055329 51.53177 347.9745</gx:coord>
        <when>2025-01-01T00:20:35.7396040Z</when>
        <gx:coord>12.056584 51.531494 349.18777</gx:coord>
        <when>2025-01-01T00:20:40.7396040Z</when>
        <gx:coord>12.059666 51.53088 351.194</gx:coord>
        <when>2025-01-01T00:20:45.7396040Z</when>
        <gx:coord>12.06279 51.530342 355.30783</gx:coord>
        <when>2025-01-01T00:20:50.7396040Z</when>
        <gx:coord>12.065877 51.529808 357.56543</gx:coord>
        <when>2025-01-01T00:20:55.7406040Z</when>
        <gx:coord>12.068905 51.529156 354.5503</gx:coord>
        <when>2025-01-01T00:21:00.7406040Z</when>
        <gx:coord>12.072061 51.528625 349.24615</gx:coord>
        <when>2025-01-01T00:21:02.0976040Z</when>
        <gx:coord>12.073375 51.52851 347.40726</gx:coord>
        <when>2025-01-01T00:21:03.0936040Z</when>
        <gx:coord>12.073375 51.52851 345.91553</gx:coord>
        <when>2025-01-01T00:21:05.0926040Z</when>
        <gx:coord>12.074709 51.52853 344.73047</gx:coord>
        <when>2025-01-01T00:21:05.7406040Z</when>
        <gx:coord>12.075363 51.5286 346.09338</gx:coord>
        <when>2025-01-01T00:21:07.0926040Z</when>
        <gx:coord>12.075995 51.5287 348.1328</gx:coord>
        <when>2025-01-01T00:21:10.0946040Z</when>
        <gx:coord>12.077723 51.529198 351.47144</gx:coord>
        <when>2025-01-01T00:21:10.7406040Z</when>
        <gx:coord>12.078237 51.52942 351.09924</gx:coord>
        <when>2025-01-01T00:21:13.0956040Z</when>
        <gx:coord>12.079157 51.52993 349.9599</gx:coord>
        <when>2025-01-01T00:21:15.7396040Z</when>
        <gx:coord>12.080223 51.530834 347.43042</gx:coord>
        <when>2025-01-01T00:21:16.0946040Z</when>
        <gx:coord>12.080223 51.530834 347.43042</gx:coord>
        <when>2025-01-01T00:21:20.7406040Z</when>
        <gx:coord>12.081603 51.532513 337.20157</gx:coord>
        <when>2025-01-01T00:21:25.7406040Z</when>
        <gx:coord>12.082926 51.534218 324.55533</gx:coord>
        <when>2025-01-01T00:21:26.0976040Z</when>
        <gx:coord>12.083199 51.534557 321.8928</gx:coord>
        <when>2025-01-01T00:21:30.7406040Z</when>
        <gx:coord>12.084299 51.5359 310.60156</gx:coord>
        <when>2025-01-01T00:21:33.0936040Z</when>
        <gx:coord>12.084838 51.536564 305.2565</gx:coord>
        <when>2025-01-01T00:21:35.7406040Z</when>
        <gx:coord>12.085617 51.537556 297.62445</gx:coord>
        <when>2025-01-01T00:21:37.0946040Z</when>
        <gx:coord>12.086087 51.53822 291.20953</gx:coord>
        <when>2025-01-01T00:21:39.0956040Z</when>
        <gx:coord>12.08628 51.53856 288.94177</gx:coord>
        <when>2025-01-01T00:21:40.7406040Z</when>
        <gx:coord>12.086564 51.53924 284.8238</gx:coord>
        <when>2025-01-01T00:21:42.0876040Z</when>
        <gx:coord>12.086643 51.539585 283.1463</gx:coord>
        <when>2025-01-01T00:21:44.0936040Z</when>
        <gx:coord>12.086661 51.540253 281.0443</gx:coord>
        <when>2025-01-01T00:21:45.0906040Z</when>
        <gx:coord>12.08661 51.540577 279.64963</gx:coord>
        <when>2025-01-01T00:21:45.7406040Z</when>
        <gx:coord>12.086511 51.540894 278.0882</gx:coord>
        <when>2025-01-01T00:21:46.0986040Z</when>
        <gx:coord>12.086511 51.540894 278.0882</gx:coord>
        <when>2025-01-01T00:21:49.0986040Z</when>
        <gx:coord>12.086023 51.54178 271.71884</gx:coord>
        <when>2025-01-01T00:21:50.7406040Z</when>
        <gx:coord>12.085572 51.542324 267.39944</gx:coord>
        <when>2025-01-01T00:21:52.0936040Z</when>
        <gx:coord>12.085307 51.542576 265.0907</gx:coord>
        <when>2025-01-01T00:21:53.0966040Z</when>
        <gx:coord>12.084693 51.543034 259.20938</gx:coord>
        <when>2025-01-01T00:21:55.0956040Z</when>
        <gx:coord>12.08435 51.54324 256.86395</gx:coord>
        <when>2025-01-01T00:21:55.7406040Z</when>
        <gx:coord>12.083988 51.543438 253.81754</gx:coord>
        <when>2025-01-01T00:21:59.0946040Z</when>
        <gx:coord>12.082798 51.543953 244.06847</gx:coord>
        <when>2025-01-01T00:22:00.7406040Z</when>
        <gx:coord>12.081943 51.544243 238.23564</gx:coord>
        <when>2025-01-01T00:22:01.1036040Z</when>
        <gx:coord>12.081504 51.54438 238.23564</gx:coord>
        <when>2025-01-01T00:22:05.7406040Z</when>
        <gx:coord>12.079805 51.54486 231.54839</gx:coord>
        <when>2025-01-01T00:22:07.1016040Z</when>
        <gx:coord>12.078988 51.54509 227.12592</gx:coord>
        <when>2025-01-01T00:22:09.0936040Z</when>
        <gx:coord>12.07859 51.545208 225.33533</gx:coord>
        <when>2025-01-01T00:22:10.7406040Z</when>
        <gx:coord>12.077804 51.54544 221.11983</gx:coord>
        <when>2025-01-01T00:22:15.7406040Z</when>
        <gx:coord>12.0758505 51.54605 207.84587</gx:coord>
        <when>2025-01-01T00:22:20.7406040Z</when>
        <gx:coord>12.073965 51.546627 198.01805</gx:coord>
        <when>2025-01-01T00:22:21.0946040Z</when>
        <gx:coord>12.073593 51.546738 194.39755</gx:coord>
        <when>2025-01-01T00:22:25.7406040Z</when>
        <gx:coord>12.072101 51.54719 182.33038</gx:coord>
        <when>2025-01-01T00:22:30.7406040Z</when>
        <gx:coord>12.070218 51.547756 166.53606</gx:coord>
        <when>2025-01-01T00:22:31.0966040Z</when>
        <gx:coord>12.069836 51.54787 163.56714</gx:coord>
        <when>2025-01-01T00:22:35.7406040Z</when>
        <gx:coord>12.068263 51.54833 150.32858</gx:coord>
        <when>2025-01-01T00:22:40.7406040Z</when>
        <gx:coord>12.066233 51.548893 137.14717</gx:coord>
        <when>2025-01-01T00:22:42.0956040Z</when>
        <gx:coord>12.065433 51.549126 132.77728</gx:coord>
        <when>2025-01-01T00:22:45.7406040Z</when>
        <gx:coord>12.064263 51.549473 125.32479</gx:coord>
        <when>2025-01-01T00:22:50.7406040Z</when>
        <gx:coord>12.062353 51.550014 114.17321</gx:coord>
        <when>2025-01-01T00:22:55.7406040Z</when>
        <gx:coord>12.060523 51.55052 106.74054</gx:coord>
        <when>2025-01-01T00:22:57.0946040Z</when>
        <gx:coord>12.0601845 51.550617 106.342125</gx:coord>
        <when>2025-01-01T00:23:00.7406040Z</when>
        <gx:coord>12.058927 51.550957 106.055984</gx:coord>
        <when>2025-01-01T00:23:05.7406040Z</when>
        <gx:coord>12.057473 51.551365 106.27321</gx:coord>
        <when>2025-01-01T00:23:06.1086040Z</when>
        <gx:coord>12.057149 51.55146 106.27321</gx:coord>
        <when>2025-01-01T00:23:10.7406040Z</when>
        <gx:coord>12.055669 51.551876 106.378944</gx:coord>
        <when>2025-01-01T00:23:11.0946040Z</when>
        <gx:coord>12.055669 51.551876 106.378944</gx:coord>
        <when>2025-01-01T00:23:15.7406040Z</when>
        <gx:coord>12.053539 51.55247 116.3343</gx:coord>
        <when>2025-01-01T00:23:20.7416040Z</when>
        <gx:coord>12.051387 51.553032 140.42444</gx:coord>
        <when>2025-01-01T00:23:25.7416040Z</when>
        <gx:coord>12.0493 51.553547 162.97823</gx:coord>
        <when>2025-01-01T00:23:26.0986040Z</when>
        <gx:coord>12.04889 51.553654 167.42992</gx:coord>
        <when>2025-01-01T00:23:30.7406040Z</when>
        <gx:coord>12.047295 51.554085 183.78828</gx:coord>
        <when>2025-01-01T00:23:34.0976040Z</when>
        <gx:coord>12.045723 51.554527 198.1942</gx:coord>
        <when>2025-01-01T00:23:35.7416040Z</when>
        <gx:coord>12.045327 51.554634 201.58315</gx:coord>
        <when>2025-01-01T00:23:40.7416040Z</when>
        <gx:coord>12.043356 51.55521 220.0224</gx:coord>
        <when>2025-01-01T00:23:43.0946040Z</when>
        <gx:coord>12.042171 51.55557 230.55432</gx:coord>
        <when>2025-01-01T00:23:45.7416040Z</when>
        <gx:coord>12.041377 51.555813 236.9582</gx:coord>
        <when>2025-01-01T00:23:50.7406040Z</when>
        <gx:coord>12.039367 51.556377 254.58725</gx:coord>
        <when>2025-01-01T00:23:52.0956040Z</when>
        <gx:coord>12.038568 51.556583 262.38477</gx:coord>
        <when>2025-01-01T00:23:55.7406040Z</when>
        <gx:coord>12.03737 51.55689 272.89423</gx:coord>
        <when>2025-01-01T00:24:00.7416040Z</when>
        <gx:coord>12.035256 51.5574 283.47476</gx:coord>
        <when>2025-01-01T00:24:04.0926040Z</when>
        <gx:coord>12.033526 51.557907 296.91782</gx:coord>
        <when>2025-01-01T00:24:05.7406040Z</when>
        <gx:coord>12.033101 51.558044 300.9689</gx:coord>
        <when>2025-01-01T00:24:07.0976040Z</when>
        <gx:coord>12.032258 51.558323 305.08725</gx:coord>
        <when>2025-01-01T00:24:10.7406040Z</when>
        <gx:coord>12.030981 51.55873 319.6124</gx:coord>
        <when>2025-01-01T00:24:13.0986040Z</when>
        <gx:coord>12.029695 51.55916 327.8939</gx:coord>
        <when>2025-01-01T00:24:15.7416040Z</when>
        <gx:coord>12.028826 51.559444 334.3379</gx:coord>
        <when>2025-01-01T00:24:19.0976040Z</when>
        <gx:coord>12.027491 51.55987 340.32062</gx:coord>
        <when>2025-01-01T00:24:20.7416040Z</when>
        <gx:coord>12.02656 51.560173 341.81</gx:coord>
        <when>2025-01-01T00:24:25.7416040Z</when>
        <gx:coord>12.024125 51.560932 349.3148</gx:coord>
        <when>2025-01-01T00:24:30.7416040Z</when>
        <gx:coord>12.021705 51.561653 357.67212</gx:coord>
        <when>2025-01-01T00:24:31.0936040Z</when>
        <gx:coord>12.021221 51.561794 359.029</gx:coord>
        <when>2025-01-01T00:24:35.7416040Z</when>
        <gx:coord>12.019235 51.562325 356.25372</gx:coord>
        <when>2025-01-01T00:24:40.7416040Z</when>
        <gx:coord>12.016693 51.562977 358.3348</gx:coord>
        <when>2025-01-01T00:24:41.0946040Z</when>
        <gx:coord>12.016693 51.562977 358.3348</gx:coord>
        <when>2025-01-01T00:24:44.0976040Z</when>
        <gx:coord>12.015122 51.56322 364.09705</gx:coord>
        <when>2025-01-01T00:24:45.7416040Z</when>
        <gx:coord>12.014051 51.563232 366.72388</gx:coord>
        <when>2025-01-01T00:24:46.0966040Z</when>
        <gx:coord>12.014051 51.563232 366.72388</gx:coord>
        <when>2025-01-01T00:24:48.0916040Z</when>
        <gx:coord>12.012996 51.56309 368.83765</gx:coord>
        <when>2025-01-01T00:24:50.0966040Z</when>
        <gx:coord>12.012014 51.562786 369.967</gx:coord>
        <when>2025-01-01T00:24:50.7416040Z</when>
        <gx:coord>12.011562 51.56258 369.11444</gx:coord>
        <when>2025-01-01T00:24:52.0926040Z</when>
        <gx:coord>12.011144 51.562336 368.3852</gx:coord>
        <when>2025-01-01T00:24:54.0926040Z</when>
        <gx:coord>12.010428 51.561764 367.35452</gx:coord>
        <when>2025-01-01T00:24:55.0986040Z</when>
        <gx:coord>12.010138 51.56144 366.7958</gx:coord>
        <when>2025-01-01T00:24:55.7416040Z</when>
        <gx:coord>12.009887 51.561096 366.13458</gx:coord>
        <when>2025-01-01T00:24:57.0966040Z</when>
        <gx:coord>12.009661 51.56074 365.00906</gx:coord>
        <when>2025-01-01T00:25:00.7416040Z</when>
        <gx:coord>12.008882 51.559258 359.15033</gx:coord>
        <when>2025-01-01T00:25:05.7406040Z</when>
        <gx:coord>12.0079365 51.557323 353.07462</gx:coord>
        <when>2025-01-01T00:25:10.7416040Z</when>
        <gx:coord>12.006733 51.555424 350.7518</gx:coord>
        <when>2025-01-01T00:25:13.0986040Z</when>
        <gx:coord>12.005938 51.554302 350.04443</gx:coord>
        <when>2025-01-01T00:25:15.7416040Z</when>
        <gx:coord>12.005423 51.55355 348.76154</gx:coord>
        <when>2025-01-01T00:25:20.7416040Z</when>
        <gx:coord>12.004242 51.551624 346.16965</gx:coord>
        <when>2025-01-01T00:25:25.7416040Z</when>
        <gx:coord>12.003334 51.54963 346.2806</gx:coord>
        <when>2025-01-01T00:25:26.0946040Z</when>
        <gx:coord>12.003334 51.54963 346.2806</gx:coord>
        <when>2025-01-01T00:25:28.1036040Z</when>
        <gx:coord>12.003262 51.54879 348.82153</gx:coord>
        <when>2025-01-01T00:25:29.0966040Z</when>
        <gx:coord>12.003299 51.54837 349.5488</gx:coord>
        <when>2025-01-01T00:25:30.7416040Z</when>
        <gx:coord>12.003514 51.547523 348.74237</gx:coord>
        <when>2025-01-01T00:25:32.1006040Z</when>
        <gx:coord>12.003696 51.547104 347.98013</gx:coord>
        <when>2025-01-01T00:25:35.0956040Z</when>
        <gx:coord>12.00459 51.54589 348.37732</gx:coord>
        <when>2025-01-01T00:25:35.7416040Z</when>
        <gx:coord>12.004988 51.545517 348.89496</gx:coord>
        <when>2025-01-01T00:25:38.0926040Z</when>
        <gx:coord>12.005899 51.54481 349.494</gx:coord>
        <when>2025-01-01T00:25:40.7416040Z</when>
        <gx:coord>12.007522 51.543896 352.31558</gx:coord>
        <when>2025-01-01T00:25:41.0906040Z</when>
        <gx:coord>12.007522 51.543896 352.31558</gx:coord>
        <when>2025-01-01T00:25:45.0946040Z</when>
        <gx:coord>12.010018 51.542965 354.21954</gx:coord>
        <when>2025-01-01T00:25:45.7416040Z</when>
        <gx:coord>12.010689 51.542778 353.17352</gx:coord>
        <when>2025-01-01T00:25:50.7416040Z</when>
        <gx:coord>12.014141 51.541946 351.44623</gx:coord>
        <when>2025-01-01T00:25:55.7416040Z</when>
        <gx:coord>12.017582 51.541077 351.5363</gx:coord>
        <when>2025-01-01T00:26:00.1006040Z</when>
        <gx:coord>12.020958 51.540108 350.8988</gx:coord>
        <when>2025-01-01T00:26:00.7416040Z</when>
        <gx:coord>12.020958 51.540108 351.21402</gx:coord>
        <when>2025-01-01T00:26:05.7416040Z</when>
        <gx:coord>12.024361 51.539154 352.5075</gx:coord>
        <when>2025-01-01T00:26:10.0976040Z</when>
        <gx:coord>12.027093 51.538383 352.3434</gx:coord>
        <when>2025-01-01T00:26:10.7416040Z</when>
        <gx:coord>12.027776 51.53819 351.5231</gx:coord>
        <when>2025-01-01T00:26:15.7416040Z</when>
        <gx:coord>12.031216 51.5372 349.4012</gx:coord>
        <when>2025-01-01T00:26:20.7416040Z</when>
        <gx:coord>12.034692 51.536232 350.93295</gx:coord>
        <when>2025-01-01T00:26:25.7416040Z</when>
        <gx:coord>12.0381975 51.535328 351.8679</gx:coord>
        <when>2025-01-01T00:26:30.7416040Z</when>
        <gx:coord>12.041658 51.534447 357.3886</gx:coord>
        <when>2025-01-01T00:26:35.7426040Z</when>
        <gx:coord>12.044995 51.53352 359.86057</gx:coord>
        <when>2025-01-01T00:26:36.1026040Z</when>
        <gx:coord>12.045665 51.533344 359.86057</gx:coord>
        <when>2025-01-01T00:26:40.7426040Z</when>
        <gx:coord>12.048339 51.532646 361.76718</gx:coord>
        <when>2025-01-01T00:26:45.0916040Z</when>
        <gx:coord>12.050924 51.531998 363.75638</gx:coord>
        <when>2025-01-01T00:26:45.7426040Z</when>
        <gx:coord>12.051548 51.531845 364.2587</gx:coord>
        <when>2025-01-01T00:26:50.7426040Z</when>
        <gx:coord>12.054585 51.53108 365.8047</gx:coord>
        <when>2025-01-01T00:26:55.7426040Z</when>
        <gx:coord>12.057521 51.530334 365.32434</gx:coord>
        <when>2025-01-01T00:27:00.7426040Z</when>
        <gx:coord>12.060499 51.52963 363.46616</gx:coord>
        <when>2025-01-01T00:27:05.7426040Z</when>
        <gx:coord>12.063536 51.5289 358.6983</gx:coord>
        <when>2025-01-01T00:27:10.7426040Z</when>
        <gx:coord>12.066595 51.52814 355.695</gx:coord>
        <when>2025-01-01T00:27:15.7426040Z</when>
        <gx:coord>12.069614 51.527443 361.2712</gx:coord>
        <when>2025-01-01T00:27:17.0976040Z</when>
        <gx:coord>12.070813 51.527214 361.86133</gx:coord>
        <when>2025-01-01T00:27:18.0966040Z</when>
        <gx:coord>12.070813 51.527214 361.7255</gx:coord>
        <when>2025-01-01T00:27:20.0966040Z</when>
        <gx:coord>12.072044 51.527092 361.9699</gx:coord>
        <when>2025-01-01T00:27:20.7426040Z</when>
        <gx:coord>12.072668 51.527092 361.89917</gx:coord>
        <when>2025-01-01T00:27:22.0946040Z</when>
        <gx:coord>12.07329 51.527126 361.52164</gx:coord>
        <when>2025-01-01T00:27:24.0956040Z</when>
        <gx:coord>12.074505 51.5273 358.62088</gx:coord>
        <when>2025-01-01T00:27:25.7416040Z</when>
        <gx:coord>12.075648 51.52762 354.28436</gx:coord>
        <when>2025-01-01T00:27:26.0926040Z</when>
        <gx:coord>12.075648 51.52762 354.28436</gx:coord>
        <when>2025-01-01T00:27:28.0936040Z</when>
        <gx:coord>12.076652 51.52808 352.33252</gx:coord>
        <when>2025-01-01T00:27:30.0956040Z</when>
        <gx:coord>12.077486 51.52864 350.79385</gx:coord>
        <when>2025-01-01T00:27:30.7426040Z</when>
        <gx:coord>12.077836 51.52895 349.28232</gx:coord>
        <when>2025-01-01T00:27:32.0936040Z</when>
        <gx:coord>12.078152 51.52927 347.2971</gx:coord>
        <when>2025-01-01T00:27:34.0926040Z</when>
        <gx:coord>12.078712 51.529926 341.69095</gx:coord>
        <when>2025-01-01T00:27:35.7426040Z</when>
        <gx:coord>12.079242 51.53059 335.75812</gx:coord>
        <when>2025-01-01T00:27:38.0956040Z</when>
        <gx:coord>12.080008 51.53161 326.11777</gx:coord>
        <when>2025-01-01T00:27:40.7426040Z</when>
        <gx:coord>12.080508 51.53229 319.91205</gx:coord>
        <when>2025-01-01T00:27:45.7416040Z</when>
        <gx:coord>12.081742 51.53397 307.12064</gx:coord>
        <when>2025-01-01T00:27:50.0986040Z</when>
        <gx:coord>12.082973 51.535606 293.42413</gx:coord>
        <when>2025-01-01T00:27:50.7426040Z</when>
        <gx:coord>12.082973 51.535606 293.42413</gx:coord>
        <when>2025-01-01T00:27:55.7426040Z</when>
        <gx:coord>12.084191 51.537197 282.80118</gx:coord>
        <when>2025-01-01T00:28:00.7426040Z</when>
        <gx:coord>12.085405 51.538776 270.71713</gx:coord>
        <when>2025-01-01T00:28:03.0986040Z</when>
        <gx:coord>12.085773 51.53942 268.52396</gx:coord>
        <when>2025-01-01T00:28:05.1046040Z</when>
        <gx:coord>12.086072 51.54041 262.23105</gx:coord>
        <when>2025-01-01T00:28:05.7426040Z</when>
        <gx:coord>12.086072 51.54041 262.23105</gx:coord>
        <when>2025-01-01T00:28:06.0946040Z</when>
        <gx:coord>12.086072 51.54041 262.23105</gx:coord>
        <when>2025-01-01T00:28:07.0956040Z</when>
        <gx:coord>12.086099 51.54074 259.73117</gx:coord>
        <when>2025-01-01T00:28:07.1016040Z</when>
        <gx:coord>12.0860815 51.54107 259.73117</gx:coord>
        <when>2025-01-01T00:28:08.0966040Z</when>
        <gx:coord>12.0860815 51.54107 257.05176</gx:coord>
        <when>2025-01-01T00:28:10.0976040Z</when>
        <gx:coord>12.085917 51.541706 252.34778</gx:coord>
        <when>2025-01-01T00:28:10.7426040Z</when>
        <gx:coord>12.085776 51.54201 250.63354</gx:coord>
        <when>2025-01-01T00:28:13.0976040Z</when>
        <gx:coord>12.085382 51.542583 247.32866</gx:coord>
        <when>2025-01-01T00:28:15.0956040Z</when>
        <gx:coord>12.084849 51.543087 243.60783</gx:coord>
        <when>2025-01-01T00:28:15.7426040Z</when>
        <gx:coord>12.084528 51.54331 241.79749</gx:coord>
        <when>2025-01-01T00:28:17.0976040Z</when>
        <gx:coord>12.084174 51.543507 239.57153</gx:coord>
        <when>2025-01-01T00:28:19.0886040Z</when>
        <gx:coord>12.082978 51.544 231.71593</gx:coord>
        <when>2025-01-01T00:28:20.0896040Z</when>
        <gx:coord>12.082978 51.544 231.71593</gx:coord>
        <when>2025-01-01T00:28:20.7426040Z</when>
        <gx:coord>12.082552 51.544125 231.1427</gx:coord>
        <when>2025-01-01T00:28:23.0966040Z</when>
        <gx:coord>12.081722 51.54436 232.28253</gx:coord>
        <when>2025-01-01T00:28:25.7426040Z</when>
        <gx:coord>12.08055 51.54471 227.32652</gx:coord>
        <when>2025-01-01T00:28:30.7426040Z</when>
        <gx:coord>12.078652 51.54527 215.37178</gx:coord>
        <when>2025-01-01T00:28:35.7426040Z</when>
        <gx:coord>12.07676 51.545826 203.16539</gx:coord>
        <when>2025-01-01T00:28:36.0916040Z</when>
        <gx:coord>12.076381 51.545937 200.56967</gx:coord>
        <when>2025-01-01T00:28:40.7426040Z</when>
        <gx:coord>12.074863 51.546375 189.85522</gx:coord>
        <when>2025-01-01T00:28:45.7426040Z</when>
        <gx:coord>12.072975 51.54691 177.71982</gx:coord>
        <when>2025-01-01T00:28:49.0986040Z</when>
        <gx:coord>12.071481 51.54737 168.3159</gx:coord>
        <when>2025-01-01T00:28:50.7426040Z</when>
        <gx:coord>12.07111 51.547485 165.82982</gx:coord>
        <when>2025-01-01T00:28:55.7426040Z</when>
        <gx:coord>12.069249 51.548058 151.16368</gx:coord>
        <when>2025-01-01T00:28:59.0936040Z</when>
        <gx:coord>12.067704 51.548492 134.68066</gx:coord>
        <when>2025-01-01T00:29:00.7426040Z</when>
        <gx:coord>12.067319 51.548603 131.78654</gx:coord>
        <when>2025-01-01T00:29:05.7416040Z</when>
        <gx:coord>12.065422 51.54914 128.55296</gx:coord>
        <when>2025-01-01T00:29:10.7426040Z</when>
        <gx:coord>12.063545 51.54967 118.25732</gx:coord>
        <when>2025-01-01T00:29:11.1036040Z</when>
        <gx:coord>12.0631695 51.549774 118.25732</gx:coord>
        <when>2025-01-01T00:29:15.7426040Z</when>
        <gx:coord>12.061667 51.550186 110.12395</gx:coord>
        <when>2025-01-01T00:29:19.1006040Z</when>
        <gx:coord>12.060613 51.550488 107.62525</gx:coord>
        <when>2025-01-01T00:29:20.7426040Z</when>
        <gx:coord>12.059963 51.55068 106.67803</gx:coord>
        <when>2025-01-01T00:29:25.7426040Z</when>
        <gx:coord>12.058499 51.551083 106.54764</gx:coord>
        <when>2025-01-01T00:29:30.7426040Z</when>
        <gx:coord>12.0569515 51.551506 106.63324</gx:coord>
        <when>2025-01-01T00:29:34.0906040Z</when>
        <gx:coord>12.055825 51.551823 106.806</gx:coord>
        <when>2025-01-01T00:29:35.7426040Z</when>
        <gx:coord>12.054995 51.55206 107.54288</gx:coord>
        <when>2025-01-01T00:29:40.7426040Z</when>
        <gx:coord>12.052804 51.55265 125.20447</gx:coord>
        <when>2025-01-01T00:29:45.7426040Z</when>
        <gx:coord>12.050707 51.553234 148.10469</gx:coord>
        <when>2025-01-01T00:29:49.0976040Z</when>
        <gx:coord>12.049051 51.553677 166.058</gx:coord>
        <when>2025-01-01T00:29:50.7436040Z</when>
        <gx:coord>12.0486355 51.553783 170.15718</gx:coord>
        <when>2025-01-01T00:29:55.7436040Z</when>
        <gx:coord>12.04656 51.55431 190.55186</gx:coord>
        <when>2025-01-01T00:29:57.0996040Z</when>
        <gx:coord>12.045734 51.554504 198.06847</gx:coord>
        <when>2025-01-01T00:30:00.7426040Z</when>
        <gx:coord>12.044494 51.55482 208.87282</gx:coord>
        <when>2025-01-01T00:30:05.7436040Z</when>
        <gx:coord>12.042439 51.55534 228.30254</gx:coord>
        <when>2025-01-01T00:30:06.0956040Z</when>
        <gx:coord>12.042027 51.55545 231.59048</gx:coord>
        <when>2025-01-01T00:30:10.7436040Z</when>
        <gx:coord>12.040326 51.55588 245.76001</gx:coord>
        <when>2025-01-01T00:30:15.1006040Z</when>
        <gx:coord>12.0381975 51.556488 259.7255</gx:coord>
        <when>2025-01-01T00:30:15.1006040Z</when>
        <gx:coord>12.0381975 51.556488 264.7032</gx:coord>
        <when>2025-01-01T00:30:15.7436040Z</when>
        <gx:coord>12.0381975 51.556488 264.7032</gx:coord>
        <when>2025-01-01T00:30:20.7426040Z</when>
        <gx:coord>12.036232 51.557137 287.6718</gx:coord>
        <when>2025-01-01T00:30:25.7436040Z</when>
        <gx:coord>12.034142 51.557827 294.73926</gx:coord>
        <when>2025-01-01T00:30:26.0946040Z</when>
        <gx:coord>12.033705 51.557964 297.6724</gx:coord>
        <when>2025-01-01T00:30:30.7436040Z</when>
        <gx:coord>12.031953 51.558525 310.74023</gx:coord>
        <when>2025-01-01T00:30:35.7436040Z</when>
        <gx:coord>12.029714 51.559155 326.8542</gx:coord>
        <when>2025-01-01T00:30:36.0946040Z</when>
        <gx:coord>12.029257 51.559273 330.27353</gx:coord>
        <when>2025-01-01T00:30:40.7436040Z</when>
        <gx:coord>12.027439 51.559704 347.37656</gx:coord>
        <when>2025-01-01T00:30:43.0936040Z</when>
        <gx:coord>12.026505 51.559925 348.8894</gx:coord>
        <when>2025-01-01T00:30:45.7436040Z</when>
        <gx:coord>12.024996 51.560284 344.29318</gx:coord>
        <when>2025-01-01T00:30:50.7436040Z</when>
        <gx:coord>12.022361 51.56092 347.33487</gx:coord>
        <when>2025-01-01T00:30:55.7436040Z</when>
        <gx:coord>12.019741 51.561527 350.45303</gx:coord>
        <when>2025-01-01T00:31:00.7436040Z</when>
        <gx:coord>12.017127 51.562164 353.24948</gx:coord>
        <when>2025-01-01T00:31:03.0916040Z</when>
        <gx:coord>12.016061 51.562405 352.42776</gx:coord>
        <when>2025-01-01T00:31:05.7436040Z</when>
        <gx:coord>12.01439 51.56262 352.8491</gx:coord>
        <when>2025-01-01T00:31:06.0976040Z</when>
        <gx:coord>12.01439 51.56262 352.8491</gx:coord>
        <when>2025-01-01T00:31:07.0936040Z</when>
        <gx:coord>12.0132475 51.5626 353.11588</gx:coord>
        <when>2025-01-01T00:31:08.0896040Z</when>
        <gx:coord>12.0132475 51.5626 353.81116</gx:coord>
        <when>2025-01-01T00:31:10.0976040Z</when>
        <gx:coord>12.01215 51.562424 359.12604</gx:coord>
        <when>2025-01-01T00:31:10.0976040Z</when>
        <gx:coord>12.011636 51.562283 362.28812</gx:coord>
        <when>2025-01-01T00:31:10.7436040Z</when>
        <gx:coord>12.011636 51.562283 362.28812</gx:coord>
        <when>2025-01-01T00:31:12.0946040Z</when>
        <gx:coord>12.011152 51.562107 365.54572</gx:coord>
        <when>2025-01-01T00:31:14.0976040Z</when>
        <gx:coord>12.010299 51.561672 371.37265</gx:coord>
        <when>2025-01-01T00:31:15.7426040Z</when>
        <gx:coord>12.009589 51.561134 371.8406</gx:coord>
        <when>2025-01-01T00:31:16.0986040Z</when>
        <gx:coord>12.009589 51.561134 371.8406</gx:coord>
        <when>2025-01-01T00:31:18.0956040Z</when>
        <gx:coord>12.009033 51.560497 368.7252</gx:coord>
        <when>2025-01-01T00:31:19.0926040Z</when>
        <gx:coord>12.008811 51.56015 367.2554</gx:coord>
        <when>2025-01-01T00:31:20.7436040Z</when>
        <gx:coord>12.008425 51.55943 364.71997</gx:coord>
        <when>2025-01-01T00:31:25.7436040Z</when>
        <gx:coord>12.007505 51.557552 362.35416</gx:coord>
        <when>2025-01-01T00:31:30.7436040Z</when>
        <gx:coord>12.006461 51.555676 363.3344</gx:coord>
        <when>2025-01-01T00:31:35.7436040Z</when>
        <gx:coord>12.005377 51.553776 360.6896</gx:coord>
        <when>2025-01-01T00:31:40.7436040Z</when>
        <gx:coord>12.004215 51.551865 358.36417</gx:coord>
        <when>2025-01-01T00:31:45.7436040Z</when>
        <gx:coord>12.00318 51.549927 360.0703</gx:coord>
        <when>2025-01-01T00:31:47.0956040Z</when>
        <gx:coord>12.0030575 51.54952 360.2769</gx:coord>
        <when>2025-01-01T00:31:48.0936040Z</when>
        <gx:coord>12.002992 51.549107 360.48685</gx:coord>
        <when>2025-01-01T00:31:50.0976040Z</when>
        <gx:coord>12.00303 51.548267 360.63995</gx:coord>
        <when>2025-01-01T00:31:50.7436040Z</when>
        <gx:coord>12.003138 51.547848 360.5063</gx:coord>
        <when>2025-01-01T00:31:52.0976040Z</when>
        <gx:coord>12.003527 51.54703 360.65558</gx:coord>
        <when>2025-01-01T00:31:53.1016040Z</when>
        <gx:coord>12.003527 51.54703 360.91547</gx:coord>
        <when>2025-01-01T00:31:55.7436040Z</when>
        <gx:coord>12.004538 51.545895 362.67215</gx:coord>
        <when>2025-01-01T00:31:56.0936040Z</when>
        <gx:coord>12.004538 51.545895 362.67215</gx:coord>
        <when>2025-01-01T00:31:59.0956040Z</when>
        <gx:coord>12.005989 51.54495 365.56885</gx:coord>
        <when>2025-01-01T00:32:00.7436040Z</when>
        <gx:coord>12.007139 51.544445 366.46106</gx:coord>
        <when>2025-01-01T00:32:02.0976040Z</when>
        <gx:coord>12.007759 51.544235 366.35825</gx:coord>
        <when>2025-01-01T00:32:05.7436040Z</when>
        <gx:coord>12.010402 51.54355 361.7998</gx:coord>
        <when>2025-01-01T00:32:10.7436040Z</when>
        <gx:coord>12.01379 51.542667 356.48352</gx:coord>
        <when>2025-01-01T00:32:15.7436040Z</when>
        <gx:coord>12.017187 51.541737 357.03772</gx:coord>
        <when>2025-01-01T00:32:20.7436040Z</when>
        <gx:coord>12.02059 51.540825 359.42105</gx:coord>
        <when>2025-01-01T00:32:25.7436040Z</when>
        <gx:coord>12.024015 51.539944 360.55594</gx:coord>
        <when>2025-01-01T00:32:30.1006040Z</when>
        <gx:coord>12.027443 51.53908 362.40594</gx:coord>
        <when>2025-01-01T00:32:30.7436040Z</when>
        <gx:coord>12.027443 51.53908 363.5701</gx:coord>
        <when>2025-01-01T00:32:39.0896040Z</when>
        <gx:coord>12.032882 51.537624 363.38943</gx:coord>
        <when>2025-01-01T00:33:04.0976040Z</when>
        <gx:coord>12.049954 51.533817 370.18726</gx:coord>
        <when>2025-01-01T00:33:08.0976040Z</when>
        <gx:coord>12.053011 51.53318 371.19833</gx:coord>
        <when>2025-01-01T00:33:13.0916040Z</when>
        <gx:coord>12.055373 51.532715 381.56183</gx:coord>
        <when>2025-01-01T00:33:20.4016040Z</when>
        <gx:coord>12.060123 51.53195 378.9511</gx:coord>
        <when>2025-01-01T00:33:25.4016040Z</when>
        <gx:coord>12.063146 51.531605 381.36697</gx:coord>
        <when>2025-01-01T00:33:30.4016040Z</when>
        <gx:coord>12.066134 51.531143 378.03268</gx:coord>
        <when>2025-01-01T00:33:35.4016040Z</when>
        <gx:coord>12.069175 51.530605 370.53607</gx:coord>
        <when>2025-01-01T00:33:40.4016040Z</when>
        <gx:coord>12.072271 51.53005 368.68042</gx:coord>
        <when>2025-01-01T00:33:45.0936040Z</when>
        <gx:coord>12.0747795 51.529705 373.0675</gx:coord>
        <when>2025-01-01T00:33:45.4016040Z</when>
        <gx:coord>12.075408 51.529686 375.1886</gx:coord>
        <when>2025-01-01T00:33:48.0936040Z</when>
        <gx:coord>12.076643 51.52974 378.22845</gx:coord>
        <when>2025-01-01T00:33:50.0946040Z</when>
        <gx:coord>12.077831 51.529934 376.97778</gx:coord>
        <when>2025-01-01T00:33:50.4026040Z</when>
        <gx:coord>12.078389 51.53009 375.96597</gx:coord>
        <when>2025-01-01T00:33:52.1016040Z</when>
        <gx:coord>12.0789175 51.530277 375.07532</gx:coord>
        <when>2025-01-01T00:33:52.1076040Z</when>
        <gx:coord>12.079407 51.5305 375.07532</gx:coord>
        <when>2025-01-01T00:33:55.0926040Z</when>
        <gx:coord>12.0802765 51.531006 373.47528</gx:coord>
        <when>2025-01-01T00:33:55.4016040Z</when>
        <gx:coord>12.080655 51.53129 372.2169</gx:coord>
        <when>2025-01-01T00:33:56.0976040Z</when>
        <gx:coord>12.080655 51.53129 372.2169</gx:coord>
        <when>2025-01-01T00:33:58.0916040Z</when>
        <gx:coord>12.081307 51.531895 368.19354</gx:coord>
        <when>2025-01-01T00:34:00.4026040Z</when>
        <gx:coord>12.082168 51.532875 359.6044</gx:coord>
        <when>2025-01-01T00:34:05.4026040Z</when>
        <gx:coord>12.083608 51.53457 348.66873</gx:coord>
        <when>2025-01-01T00:34:10.4026040Z</when>
        <gx:coord>12.085018 51.53626 339.13785</gx:coord>
        <when>2025-01-01T00:34:14.0976040Z</when>
        <gx:coord>12.086113 51.537613 330.5006</gx:coord>
        <when>2025-01-01T00:34:15.4026040Z</when>
        <gx:coord>12.086385 51.537945 328.2335</gx:coord>
        <when>2025-01-01T00:34:20.0966040Z</when>
        <gx:coord>12.087375 51.539295 318.28214</gx:coord>
        <when>2025-01-01T00:34:20.4176040Z</when>
        <gx:coord>12.087558 51.539642 316.36307</gx:coord>
        <when>2025-01-01T00:34:23.0926040Z</when>
        <gx:coord>12.087778 51.540333 313.3597</gx:coord>
        <when>2025-01-01T00:34:24.0916040Z</when>
        <gx:coord>12.087807 51.540676 312.00525</gx:coord>
        <when>2025-01-01T00:34:25.4026040Z</when>
        <gx:coord>12.087711 51.541336 308.30176</gx:coord>
        <when>2025-01-01T00:34:26.0936040Z</when>
        <gx:coord>12.087711 51.541336 308.30176</gx:coord>
        <when>2025-01-01T00:34:27.0936040Z</when>
        <gx:coord>12.087595 51.54165 305.45282</gx:coord>
        <when>2025-01-01T00:34:28.0936040Z</when>
        <gx:coord>12.087437 51.54195 302.18002</gx:coord>
        <when>2025-01-01T00:34:28.0946040Z</when>
        <gx:coord>12.087232 51.542236 299.01245</gx:coord>
        <when>2025-01-01T00:34:30.1006040Z</when>
        <gx:coord>12.086984 51.542503 295.4961</gx:coord>
        <when>2025-01-01T00:34:30.4026040Z</when>
        <gx:coord>12.08669 51.542747 291.73038</gx:coord>
        <when>2025-01-01T00:34:32.0986040Z</when>
        <gx:coord>12.08636 51.54297 288.30746</gx:coord>
        <when>2025-01-01T00:34:34.0936040Z</when>
        <gx:coord>12.0856 51.543327 281.6149</gx:coord>
        <when>2025-01-01T00:34:35.4026040Z</when>
        <gx:coord>12.084752 51.54361 275.0331</gx:coord>
        <when>2025-01-01T00:34:39.0996040Z</when>
        <gx:coord>12.083411 51.543964 268.58832</gx:coord>
        <when>2025-01-01T00:34:39.0996040Z</when>
        <gx:coord>12.082967 51.544075 267.7979</gx:coord>
        <when>2025-01-01T00:34:40.4026040Z</when>
        <gx:coord>12.082532 51.54418 265.4259</gx:coord>
        <when>2025-01-01T00:34:45.4036040Z</when>
        <gx:coord>12.080444 51.54475 248.27296</gx:coord>
        <when>2025-01-01T00:34:48.0986040Z</when>
        <gx:coord>12.079224 51.545128 237.04695</gx:coord>
        <when>2025-01-01T00:34:50.4026040Z</when>
        <gx:coord>12.07842 51.54538 229.39833</gx:coord>
        <when>2025-01-01T00:34:55.4056040Z</when>
        <gx:coord>12.07639 51.54594 209.55737</gx:coord>
        <when>2025-01-01T00:34:56.0976040Z</when>
        <gx:coord>12.075982 51.546047 206.38763</gx:coord>
        <when>2025-01-01T00:35:00.4026040Z</when>
        <gx:coord>12.074385 51.54651 193.769</gx:coord>
        <when>2025-01-01T00:35:02.0956040Z</when>
        <gx:coord>12.073596 51.546745 189.50995</gx:coord>
        <when>2025-01-01T00:35:04.0926040Z</when>
        <gx:coord>12.073203 51.546864 182.77481</gx:coord>
        <when>2025-01-01T00:35:05.4026040Z</when>
        <gx:coord>12.07242 51.5471 176.93935</gx:coord>
        <when>2025-01-01T00:35:06.0986040Z</when>
        <gx:coord>12.07203 51.547215 174.0845</gx:coord>
        <when>2025-01-01T00:35:10.4026040Z</when>
        <gx:coord>12.070477 51.547684 160.58246</gx:coord>
        <when>2025-01-01T00:35:15.4026040Z</when>
        <gx:coord>12.068538 51.548244 145.51683</gx:coord>
        <when>2025-01-01T00:35:16.0986040Z</when>
        <gx:coord>12.068152 51.548355 143.26245</gx:coord>
        <when>2025-01-01T00:35:20.4246040Z</when>
        <gx:coord>12.0666275 51.548786 132.49434</gx:coord>
        <when>2025-01-01T00:35:25.4026040Z</when>
        <gx:coord>12.064736 51.54931 123.38331</gx:coord>
        <when>2025-01-01T00:35:30.4026040Z</when>
        <gx:coord>12.062831 51.549843 115.85325</gx:coord>
        <when>2025-01-01T00:35:32.0986040Z</when>
        <gx:coord>12.062097 51.550056 112.427536</gx:coord>
        <when>2025-01-01T00:35:35.4026040Z</when>
        <gx:coord>12.061022 51.550365 108.36434</gx:coord>
        <when>2025-01-01T00:35:38.0906040Z</when>
        <gx:coord>12.060348 51.550564 108.531784</gx:coord>
        <when>2025-01-01T00:35:40.4036040Z</when>
        <gx:coord>12.059405 51.55083 107.565796</gx:coord>
        <when>2025-01-01T00:35:45.4036040Z</when>
        <gx:coord>12.058007 51.55121 107.821106</gx:coord>
        <when>2025-01-01T00:35:50.4036040Z</when>
        <gx:coord>12.05642 51.551647 107.886215</gx:coord>
        <when>2025-01-01T00:35:53.0926040Z</when>
        <gx:coord>12.055659 51.551853 107.923775</gx:coord>
        <when>2025-01-01T00:35:55.4036040Z</when>
        <gx:coord>12.054407 51.55219 112.145256</gx:coord>
        <when>2025-01-01T00:36:00.4036040Z</when>
        <gx:coord>12.052242 51.55281 126.69617</gx:coord>
        <when>2025-01-01T00:36:04.0916040Z</when>
        <gx:coord>12.050502 51.553307 144.13383</gx:coord>
        <when>2025-01-01T00:36:05.4076040Z</when>
        <gx:coord>12.050071 51.553425 148.28651</gx:coord>
        <when>2025-01-01T00:36:07.0966040Z</when>
        <gx:coord>12.049219 51.55365 152.7706</gx:coord>
        <when>2025-01-01T00:36:10.4036040Z</when>
        <gx:coord>12.047949 51.55398 169.403</gx:coord>
        <when>2025-01-01T00:36:12.0926040Z</when>
        <gx:coord>12.047106 51.5542 176.8469</gx:coord>
        <when>2025-01-01T00:36:15.4086040Z</when>
        <gx:coord>12.045839 51.55451 189.60013</gx:coord>
        <when>2025-01-01T00:36:20.0926040Z</when>
        <gx:coord>12.043755 51.555065 209.85365</gx:coord>
        <when>2025-01-01T00:36:20.4216040Z</when>
        <gx:coord>12.043755 51.555065 209.85365</gx:coord>
        <when>2025-01-01T00:36:25.4036040Z</when>
        <gx:coord>12.041758 51.555614 231.61894</gx:coord>
        <when>2025-01-01T00:36:28.0936040Z</when>
        <gx:coord>12.040564 51.555935 242.27766</gx:coord>
        <when>2025-01-01T00:36:30.4036040Z</when>
        <gx:coord>12.039753 51.556152 248.3229</gx:coord>
        <when>2025-01-01T00:36:35.4036040Z</when>
        <gx:coord>12.037758 51.556664 269.50726</gx:coord>
        <when>2025-01-01T00:36:37.0926040Z</when>
        <gx:coord>12.03694 51.556877 273.08762</gx:coord>
        <when>2025-01-01T00:36:40.4036040Z</when>
        <gx:coord>12.0356455 51.557186 279.20023</gx:coord>
        <when>2025-01-01T00:36:45.4036040Z</when>
        <gx:coord>12.033399 51.557663 297.23392</gx:coord>
        <when>2025-01-01T00:36:47.0956040Z</when>
        <gx:coord>12.032508 51.557873 303.97617</gx:coord>
        <when>2025-01-01T00:36:50.4036040Z</when>
        <gx:coord>12.031196 51.558247 313.47183</gx:coord>
        <when>2025-01-01T00:36:55.4036040Z</when>
        <gx:coord>12.02905 51.55893 330.8672</gx:coord>
        <when>2025-01-01T00:36:57.0936040Z</when>
        <gx:coord>12.0282135 51.5592 337.82117</gx:coord>
        <when>2025-01-01T00:37:00.4046040Z</when>
        <gx:coord>12.026933 51.559624 343.43362</gx:coord>
        <when>2025-01-01T00:37:02.0916040Z</when>
        <gx:coord>12.026483 51.559765 343.73947</gx:coord>
        <when>2025-01-01T00:37:05.0956040Z</when>
        <gx:coord>12.024531 51.56037 340.3309</gx:coord>
        <when>2025-01-01T00:37:05.4046040Z</when>
        <gx:coord>12.024531 51.56037 340.67258</gx:coord>
        <when>2025-01-01T00:37:10.4046040Z</when>
        <gx:coord>12.021963 51.56108 343.4362</gx:coord>
        <when>2025-01-01T00:37:15.4046040Z</when>
        <gx:coord>12.019388 51.56179 345.96783</gx:coord>
        <when>2025-01-01T00:37:20.4246040Z</when>
        <gx:coord>12.016819 51.56247 345.8836</gx:coord>
        <when>2025-01-01T00:37:23.0956040Z</when>
        <gx:coord>12.015724 51.562645 345.62527</gx:coord>
        <when>2025-01-01T00:37:25.0906040Z</when>
        <gx:coord>12.014587 51.56269 345.8746</gx:coord>
        <when>2025-01-01T00:37:25.4046040Z</when>
        <gx:coord>12.014015 51.56266 346.3264</gx:coord>
        <when>2025-01-01T00:37:27.1026040Z</when>
        <gx:coord>12.013449 51.56259 346.66763</gx:coord>
        <when>2025-01-01T00:37:29.0946040Z</when>
        <gx:coord>12.012364 51.562344 348.87766</gx:coord>
        <when>2025-01-01T00:37:30.4046040Z</when>
        <gx:coord>12.011385 51.561954 353.21494</gx:coord>
        <when>2025-01-01T00:37:31.0926040Z</when>
        <gx:coord>12.011385 51.561954 353.21494</gx:coord>
        <when>2025-01-01T00:37:33.0966040Z</when>
        <gx:coord>12.010538 51.561455 357.39673</gx:coord>
        <when>2025-01-01T00:37:34.0906040Z</when>
        <gx:coord>12.010165 51.56117 358.28482</gx:coord>
        <when>2025-01-01T00:37:35.4046040Z</when>
        <gx:coord>12.009518 51.56054 359.83774</gx:coord>
        <when>2025-01-01T00:37:36.1016040Z</when>
        <gx:coord>12.009518 51.56054 359.83774</gx:coord>
        <when>2025-01-01T00:37:40.4046040Z</when>
        <gx:coord>12.008264 51.55876 352.9054</gx:coord>
        <when>2025-01-01T00:37:45.4046040Z</when>
        <gx:coord>12.007188 51.55684 351.2164</gx:coord>
        <when>2025-01-01T00:37:50.4046040Z</when>
        <gx:coord>12.006025 51.554962 353.9717</gx:coord>
        <when>2025-01-01T00:37:55.4046040Z</when>
        <gx:coord>12.004817 51.553104 351.95508</gx:coord>
        <when>2025-01-01T00:38:00.4046040Z</when>
        <gx:coord>12.003644 51.551212 348.86652</gx:coord>
        <when>2025-01-01T00:38:03.0926040Z</when>
        <gx:coord>12.003181 51.55044 348.77664</gx:coord>
        <when>2025-01-01T00:38:03.0986040Z</when>
        <gx:coord>12.0029745 51.55005 348.77664</gx:coord>
        <when>2025-01-01T00:38:05.0926040Z</when>
        <gx:coord>12.002803 51.549644 349.2901</gx:coord>
        <when>2025-01-01T00:38:05.4046040Z</when>
        <gx:coord>12.002673 51.549232 349.9682</gx:coord>
        <when>2025-01-01T00:38:06.0926040Z</when>
        <gx:coord>12.002673 51.549232 349.9682</gx:coord>
        <when>2025-01-01T00:38:09.0926040Z</when>
        <gx:coord>12.00258 51.54796 352.20343</gx:coord>
        <when>2025-01-01T00:38:10.4046040Z</when>
        <gx:coord>12.002758 51.547096 349.75626</gx:coord>
        <when>2025-01-01T00:38:12.0986040Z</when>
        <gx:coord>12.002928 51.546665 349.38077</gx:coord>
        <when>2025-01-01T00:38:15.0936040Z</when>
        <gx:coord>12.003757 51.54544 352.63928</gx:coord>
        <when>2025-01-01T00:38:15.4046040Z</when>
        <gx:coord>12.004132 51.545063 354.94153</gx:coord>
        <when>2025-01-01T00:38:18.0926040Z</when>
        <gx:coord>12.005003 51.54437 360.67923</gx:coord>
        <when>2025-01-01T00:38:20.4246040Z</when>
        <gx:coord>12.006559 51.54349 366.26517</gx:coord>
        <when>2025-01-01T00:38:21.1016040Z</when>
        <gx:coord>12.006559 51.54349 366.26517</gx:coord>
        <when>2025-01-01T00:38:24.5706040Z</when>
        <gx:coord>12.00837 51.542828 364.9825</gx:coord>
        <when>2025-01-01T00:38:25.4046040Z</when>
        <gx:coord>12.009687 51.54249 360.72992</gx:coord>
        <when>2025-01-01T00:38:30.4046040Z</when>
        <gx:coord>12.013143 51.54171 354.17184</gx:coord>
        <when>2025-01-01T00:38:35.4046040Z</when>
        <gx:coord>12.016571 51.540867 356.91367</gx:coord>
        <when>2025-01-01T00:38:40.4056040Z</when>
        <gx:coord>12.019959 51.54001 360.6279</gx:coord>
        <when>2025-01-01T00:38:45.0966040Z</when>
        <gx:coord>12.023301 51.539154 364.3972</gx:coord>
        <when>2025-01-01T00:38:45.4056040Z</when>
        <gx:coord>12.023301 51.539154 365.057</gx:coord>
        <when>2025-01-01T00:38:50.0986040Z</when>
        <gx:coord>12.026596 51.53828 369.175</gx:coord>
        <when>2025-01-01T00:38:50.4056040Z</when>
        <gx:coord>12.026596 51.53828 369.175</gx:coord>
        <when>2025-01-01T00:38:55.4056040Z</when>
        <gx:coord>12.029858 51.537376 367.28162</gx:coord>
        <when>2025-01-01T00:39:00.4056040Z</when>
        <gx:coord>12.033197 51.536446 362.27426</gx:coord>
        <when>2025-01-01T00:39:05.4056040Z</when>
        <gx:coord>12.036611 51.53555 359.9301</gx:coord>
        <when>2025-01-01T00:39:10.4056040Z</when>
        <gx:coord>12.040024 51.53462 358.66034</gx:coord>
        <when>2025-01-01T00:39:12.0926040Z</when>
        <gx:coord>12.040705 51.53443 357.9432</gx:coord>
        <when>2025-01-01T00:39:15.4056040Z</when>
        <gx:coord>12.043436 51.533665 356.25287</gx:coord>
        <when>2025-01-01T00:39:20.4246040Z</when>
        <gx:coord>12.046823 51.532715 355.96124</gx:coord>
        <when>2025-01-01T00:39:22.0996040Z</when>
        <gx:coord>12.048132 51.532352 356.25375</gx:coord>
        <when>2025-01-01T00:39:25.4056040Z</when>
        <gx:coord>12.050024 51.531826 359.50085</gx:coord>
        <when>2025-01-01T00:39:26.0936040Z</when>
        <gx:coord>12.050024 51.531826 359.50085</gx:coord>
        <when>2025-01-01T00:39:30.4056040Z</when>
        <gx:coord>12.053019 51.531075 362.97455</gx:coord>
        <when>2025-01-01T00:39:35.4056040Z</when>
        <gx:coord>12.055941 51.530457 362.57755</gx:coord>
        <when>2025-01-01T00:39:40.4056040Z</when>
        <gx:coord>12.058938 51.529835 359.2632</gx:coord>
        <when>2025-01-01T00:39:45.4056040Z</when>
        <gx:coord>12.061903 51.52917 362.16107</gx:coord>
        <when>2025-01-01T00:39:50.4056040Z</when>
        <gx:coord>12.064849 51.528553 364.44672</gx:coord>
        <when>2025-01-01T00:39:55.4056040Z</when>
        <gx:coord>12.067809 51.52798 365.00763</gx:coord>
        <when>2025-01-01T00:40:00.0946040Z</when>
        <gx:coord>12.070177 51.527565 364.9185</gx:coord>
        <when>2025-01-01T00:40:00.4056040Z</when>
        <gx:coord>12.070778 51.527473 364.51245</gx:coord>
        <when>2025-01-01T00:40:04.0966040Z</when>
        <gx:coord>12.072616 51.527313 365.80807</gx:coord>
        <when>2025-01-01T00:40:05.0996040Z</when>
        <gx:coord>12.07384 51.527363 366.49146</gx:coord>
        <when>2025-01-01T00:40:05.4056040Z</when>
        <gx:coord>12.07384 51.527363 367.67368</gx:coord>
        <when>2025-01-01T00:40:06.0966040Z</when>
        <gx:coord>12.07384 51.527363 367.67368</gx:coord>
        <when>2025-01-01T00:40:08.0956040Z</when>
        <gx:coord>12.075004 51.527557 370.32874</gx:coord>
        <when>2025-01-01T00:40:08.0956040Z</when>
        <gx:coord>12.075004 51.527557 370.32874</gx:coord>
        <when>2025-01-01T00:40:10.0956040Z</when>
        <gx:coord>12.076066 51.52788 371.8642</gx:coord>
        <when>2025-01-01T00:40:10.4066040Z</when>
        <gx:coord>12.076552 51.528084 371.29727</gx:coord>
        <when>2025-01-01T00:40:12.0946040Z</when>
        <gx:coord>12.076998 51.52832 370.90506</gx:coord>
        <when>2025-01-01T00:40:15.0956040Z</when>
        <gx:coord>12.078115 51.529156 365.08328</gx:coord>
        <when>2025-01-01T00:40:15.4056040Z</when>
        <gx:coord>12.078444 51.529465 362.3409</gx:coord>
        <when>2025-01-01T00:40:20.4196040Z</when>
        <gx:coord>12.08001 51.53111 349.57425</gx:coord>
        <when>2025-01-01T00:40:25.0946040Z</when>
        <gx:coord>12.081433 51.532867 337.5623</gx:coord>
        <when>2025-01-01T00:40:25.4056040Z</when>
        <gx:coord>12.081433 51.532867 337.5623</gx:coord>
        <when>2025-01-01T00:40:30.4056040Z</when>
        <gx:coord>12.082759 51.534634 332.96423</gx:coord>
        <when>2025-01-01T00:40:31.0906040Z</when>
        <gx:coord>12.082759 51.534634 332.96423</gx:coord>
        <when>2025-01-01T00:40:35.4086040Z</when>
        <gx:coord>12.083981 51.536297 322.5687</gx:coord>
        <when>2025-01-01T00:40:40.0936040Z</when>
        <gx:coord>12.085184 51.537937 305.89206</gx:coord>
        <when>2025-01-01T00:40:40.4066040Z</when>
        <gx:coord>12.085184 51.537937 305.89206</gx:coord>
        <when>2025-01-01T00:40:45.4106040Z</when>
        <gx:coord>12.086266 51.539593 291.61383</gx:coord>
        <when>2025-01-01T00:40:48.0926040Z</when>
        <gx:coord>12.086558 51.540268 286.08932</gx:coord>
        <when>2025-01-01T00:40:50.4176040Z</when>
        <gx:coord>12.086739 51.54127 279.38605</gx:coord>
        <when>2025-01-01T00:40:51.0956040Z</when>
        <gx:coord>12.086739 51.54127 279.38605</gx:coord>
        <when>2025-01-01T00:40:52.0946040Z</when>
        <gx:coord>12.086721 51.5416 276.67365</gx:coord>
        <when>2025-01-01T00:40:52.0956040Z</when>
        <gx:coord>12.086665 51.541916 273.86078</gx:coord>
        <when>2025-01-01T00:40:53.1026040Z</when>
        <gx:coord>12.086568 51.542225 273.86078</gx:coord>
        <when>2025-01-01T00:40:54.1036040Z</when>
        <gx:coord>12.086568 51.542225 270.85355</gx:coord>
        <when>2025-01-01T00:40:55.4066040Z</when>
        <gx:coord>12.086243 51.542812 263.8404</gx:coord>
        <when>2025-01-01T00:40:56.1016040Z</when>
        <gx:coord>12.086243 51.542812 263.8404</gx:coord>
        <when>2025-01-01T00:40:58.0926040Z</when>
        <gx:coord>12.085734 51.543324 257.07126</gx:coord>
        <when>2025-01-01T00:41:00.0956040Z</when>
        <gx:coord>12.085085 51.543743 248.9948</gx:coord>
        <when>2025-01-01T00:41:00.4076040Z</when>
        <gx:coord>12.084713 51.543915 245.82591</gx:coord>
        <when>2025-01-01T00:41:01.0956040Z</when>
        <gx:coord>12.084314 51.544064 243.1448</gx:coord>
        <when>2025-01-01T00:41:02.1046040Z</when>
        <gx:coord>12.084314 51.544064 243.1448</gx:coord>
        <when>2025-01-01T00:41:05.4066040Z</when>
        <gx:coord>12.08262 51.544514 230.9097</gx:coord>
        <when>2025-01-01T00:41:09.1026040Z</when>
        <gx:coord>12.0813265 51.54479 223.23701</gx:coord>
        <when>2025-01-01T00:41:10.0946040Z</when>
        <gx:coord>12.080897 51.54487 222.33914</gx:coord>
        <when>2025-01-01T00:41:10.4106040Z</when>
        <gx:coord>12.080479 51.54495 221.75449</gx:coord>
        <when>2025-01-01T00:41:15.0936040Z</when>
        <gx:coord>12.078524 51.545395 212.07106</gx:coord>
        <when>2025-01-01T00:41:15.4066040Z</when>
        <gx:coord>12.078524 51.545395 212.07106</gx:coord>
        <when>2025-01-01T00:41:20.4276040Z</when>
        <gx:coord>12.076664 51.545925 201.07207</gx:coord>
        <when>2025-01-01T00:41:25.4066040Z</when>
        <gx:coord>12.074792 51.546463 190.4347</gx:coord>
        <when>2025-01-01T00:41:29.0996040Z</when>
        <gx:coord>12.073272 51.546852 180.70123</gx:coord>
        <when>2025-01-01T00:41:30.4066040Z</when>
        <gx:coord>12.072893 51.54695 178.57576</gx:coord>
        <when>2025-01-01T00:41:35.4066040Z</when>
        <gx:coord>12.071013 51.547516 164.31467</gx:coord>
        <when>2025-01-01T00:41:40.4066040Z</when>
        <gx:coord>12.069051 51.548103 151.99124</gx:coord>
        <when>2025-01-01T00:41:41.0936040Z</when>
        <gx:coord>12.068654 51.548218 149.42186</gx:coord>
        <when>2025-01-01T00:41:45.4066040Z</when>
        <gx:coord>12.067086 51.54865 139.65355</gx:coord>
        <when>2025-01-01T00:41:50.4066040Z</when>
        <gx:coord>12.065192 51.549194 128.62274</gx:coord>
        <when>2025-01-01T00:41:55.4066040Z</when>
        <gx:coord>12.063359 51.549706 119.5672</gx:coord>
        <when>2025-01-01T00:41:56.1006040Z</when>
        <gx:coord>12.063005 51.549805 117.52753</gx:coord>
        <when>2025-01-01T00:41:57.0996040Z</when>
        <gx:coord>12.062655 51.549904 117.52753</gx:coord>
        <when>2025-01-01T00:42:00.4066040Z</when>
        <gx:coord>12.061617 51.550205 110.16647</gx:coord>
        <when>2025-01-01T00:42:02.0966040Z</when>
        <gx:coord>12.061278 51.550297 109.04313</gx:coord>
        <when>2025-01-01T00:42:05.4066040Z</when>
        <gx:coord>12.060025 51.55065 108.1237</gx:coord>
        <when>2025-01-01T00:42:09.0956040Z</when>
        <gx:coord>12.059185 51.55086 107.8234</gx:coord>
        <when>2025-01-01T00:42:10.4066040Z</when>
        <gx:coord>12.058676 51.551003 107.87544</gx:coord>
        <when>2025-01-01T00:42:15.4076040Z</when>
        <gx:coord>12.057351 51.551395 108.13628</gx:coord>
        <when>2025-01-01T00:42:18.1016040Z</when>
        <gx:coord>12.056732 51.55157 108.19441</gx:coord>
        <when>2025-01-01T00:42:20.4376040Z</when>
        <gx:coord>12.05566 51.551872 108.33208</gx:coord>
        <when>2025-01-01T00:42:22.0976040Z</when>
        <gx:coord>12.055271 51.551983 108.409004</gx:coord>
        <when>2025-01-01T00:42:25.4076040Z</when>
        <gx:coord>12.053603 51.552456 116.46123</gx:coord>
        <when>2025-01-01T00:42:30.4076040Z</when>
        <gx:coord>12.05149 51.55302 139.81276</gx:coord>
        <when>2025-01-01T00:42:32.0976040Z</when>
        <gx:coord>12.05068 51.55326 149.71712</gx:coord>
        <when>2025-01-01T00:42:35.4116040Z</when>
        <gx:coord>12.049474 51.553623 159.21017</gx:coord>
        <when>2025-01-01T00:42:40.4076040Z</when>
        <gx:coord>12.047436 51.554214 176.42079</gx:coord>
        <when>2025-01-01T00:42:41.0976040Z</when>
        <gx:coord>12.047034 51.554333 180.33255</gx:coord>
        <when>2025-01-01T00:42:45.4116040Z</when>
        <gx:coord>12.045443 51.554787 196.04123</gx:coord>
        <when>2025-01-01T00:42:49.0966040Z</when>
        <gx:coord>12.043829 51.55522 211.78766</gx:coord>
        <when>2025-01-01T00:42:50.4076040Z</when>
        <gx:coord>12.043419 51.55533 215.45695</gx:coord>
        <when>2025-01-01T00:42:55.4076040Z</when>
        <gx:coord>12.041388 51.55588 234.334</gx:coord>
        <when>2025-01-01T00:42:57.0896040Z</when>
        <gx:coord>12.040591 51.556118 243.14732</gx:coord>
        <when>2025-01-01T00:43:00.4076040Z</when>
        <gx:coord>12.0394335 51.556458 258.74094</gx:coord>
        <when>2025-01-01T00:43:03.0966040Z</when>
        <gx:coord>12.038265 51.556793 264.97467</gx:coord>
        <when>2025-01-01T00:43:05.0986040Z</when>
        <gx:coord>12.03748 51.55702 274.73087</gx:coord>
        <when>2025-01-01T00:43:05.4076040Z</when>
        <gx:coord>12.03748 51.55702 274.73087</gx:coord>
        <when>2025-01-01T00:43:10.4076040Z</when>
        <gx:coord>12.035406 51.557617 284.16797</gx:coord>
        <when>2025-01-01T00:43:15.4076040Z</when>
        <gx:coord>12.033231 51.55821 300.7511</gx:coord>
        <when>2025-01-01T00:43:17.0936040Z</when>
        <gx:coord>12.032344 51.55845 306.67328</gx:coord>
        <when>2025-01-01T00:43:20.4256040Z</when>
        <gx:coord>12.031055 51.558823 319.7997</gx:coord>
        <when>2025-01-01T00:43:25.0926040Z</when>
        <gx:coord>12.028927 51.559444 337.28845</gx:coord>
        <when>2025-01-01T00:43:25.4136040Z</when>
        <gx:coord>12.028927 51.559444 337.28845</gx:coord>
        <when>2025-01-01T00:43:28.0926040Z</when>
        <gx:coord>12.028075 51.559704 343.72134</gx:coord>
        <when>2025-01-01T00:43:30.4126040Z</when>
        <gx:coord>12.026767 51.560135 346.72974</gx:coord>
        <when>2025-01-01T00:43:31.0976040Z</when>
        <gx:coord>12.026767 51.560135 346.72974</gx:coord>
        <when>2025-01-01T00:43:35.4076040Z</when>
        <gx:coord>12.024341 51.560886 347.28207</gx:coord>
        <when>2025-01-01T00:43:40.4076040Z</when>
        <gx:coord>12.0218115 51.561607 351.73938</gx:coord>
        <when>2025-01-01T00:43:45.4076040Z</when>
        <gx:coord>12.019294 51.562298 353.05902</gx:coord>
        <when>2025-01-01T00:43:50.4076040Z</when>
        <gx:coord>12.016705 51.56296 356.391</gx:coord>
        <when>2025-01-01T00:43:51.0966040Z</when>
        <gx:coord>12.016705 51.56296 356.391</gx:coord>
        <when>2025-01-01T00:43:53.1016040Z</when>
        <gx:coord>12.015634 51.563114 361.7985</gx:coord>
        <when>2025-01-01T00:43:55.0916040Z</when>
        <gx:coord>12.014547 51.56313 366.58566</gx:coord>
        <when>2025-01-01T00:43:55.4076040Z</when>
        <gx:coord>12.014004 51.563095 367.3143</gx:coord>
        <when>2025-01-01T00:43:57.0996040Z</when>
        <gx:coord>12.012919 51.562935 365.99042</gx:coord>
        <when>2025-01-01T00:43:58.0986040Z</when>
        <gx:coord>12.012919 51.562935 364.77133</gx:coord>
        <when>2025-01-01T00:44:00.1016040Z</when>
        <gx:coord>12.011875 51.562637 363.03983</gx:coord>
        <when>2025-01-01T00:44:00.4226040Z</when>
        <gx:coord>12.011384 51.562435 362.52103</gx:coord>
        <when>2025-01-01T00:44:01.0916040Z</when>
        <gx:coord>12.011384 51.562435 362.52103</gx:coord>
        <when>2025-01-01T00:44:02.0976040Z</when>
        <gx:coord>12.010922 51.5622 362.32108</gx:coord>
        <when>2025-01-01T00:44:04.0926040Z</when>
        <gx:coord>12.010103 51.56164 362.5418</gx:coord>
        <when>2025-01-01T00:44:05.4076040Z</when>
        <gx:coord>12.009439 51.56099 364.51883</gx:coord>
        <when>2025-01-01T00:44:07.0926040Z</when>
        <gx:coord>12.009168 51.560635 365.645</gx:coord>
        <when>2025-01-01T00:44:10.4076040Z</when>
        <gx:coord>12.008316 51.55913 363.06284</gx:coord>
        <when>2025-01-01T00:44:15.4076040Z</when>
        <gx:coord>12.007441 51.557148 359.64395</gx:coord>
        <when>2025-01-01T00:44:20.4306040Z</when>
        <gx:coord>12.006269 51.55525 363.4242</gx:coord>
        <when>2025-01-01T00:44:25.4076040Z</when>
        <gx:coord>12.004984 51.553368 361.73444</gx:coord>
        <when>2025-01-01T00:44:28.0956040Z</when>
        <gx:coord>12.004516 51.552593 360.0637</gx:coord>
        <when>2025-01-01T00:44:30.4076040Z</when>
        <gx:coord>12.003842 51.55141 354.39868</gx:coord>
        <when>2025-01-01T00:44:35.4096040Z</when>
        <gx:coord>12.002843 51.549408 350.45728</gx:coord>
        <when>2025-01-01T00:44:36.0926040Z</when>
        <gx:coord>12.002843 51.549408 350.45728</gx:coord>
        <when>2025-01-01T00:44:39.1006040Z</when>
        <gx:coord>12.002685 51.548134 352.04056</gx:coord>
        <when>2025-01-01T00:44:40.1016040Z</when>
        <gx:coord>12.002819 51.54728 352.86093</gx:coord>
        <when>2025-01-01T00:44:40.4086040Z</when>
        <gx:coord>12.002819 51.54728 353.66837</gx:coord>
        <when>2025-01-01T00:44:42.0926040Z</when>
        <gx:coord>12.002961 51.546856 354.58862</gx:coord>
        <when>2025-01-01T00:44:45.0986040Z</when>
        <gx:coord>12.003694 51.545624 354.5014</gx:coord>
        <when>2025-01-01T00:44:45.4086040Z</when>
        <gx:coord>12.004048 51.545235 354.60748</gx:coord>
        <when>2025-01-01T00:44:48.0926040Z</when>
        <gx:coord>12.004897 51.544518 354.82043</gx:coord>
        <when>2025-01-01T00:44:50.4216040Z</when>
        <gx:coord>12.006516 51.54363 359.9055</gx:coord>
        <when>2025-01-01T00:44:51.0966040Z</when>
        <gx:coord>12.006516 51.54363 359.9055</gx:coord>
        <when>2025-01-01T00:44:55.0986040Z</when>
        <gx:coord>12.009056 51.54281 363.74203</gx:coord>
        <when>2025-01-01T00:44:55.4086040Z</when>
        <gx:coord>12.009722 51.542645 363.12567</gx:coord>
        <when>2025-01-01T00:45:00.4086040Z</when>
        <gx:coord>12.013093 51.54187 360.7702</gx:coord>
        <when>2025-01-01T00:45:05.4096040Z</when>
        <gx:coord>12.016389 51.540977 364.6095</gx:coord>
        <when>2025-01-01T00:45:08.0936040Z</when>
        <gx:coord>12.018344 51.540455 368.9139</gx:coord>
        <when>2025-01-01T00:45:10.4086040Z</when>
        <gx:coord>12.019651 51.540115 369.45102</gx:coord>
        <when>2025-01-01T00:45:15.4086040Z</when>
        <gx:coord>12.022923 51.539276 371.12958</gx:coord>
        <when>2025-01-01T00:45:20.1046040Z</when>
        <gx:coord>12.026139 51.5384 373.67352</gx:coord>
        <when>2025-01-01T00:45:20.4306040Z</when>
        <gx:coord>12.026139 51.5384 373.3704</gx:coord>
        <when>2025-01-01T00:45:25.4086040Z</when>
        <gx:coord>12.029351 51.53746 373.96292</gx:coord>
        <when>2025-01-01T00:45:30.4086040Z</when>
        <gx:coord>12.032562 51.536507 373.3445</gx:coord>
        <when>2025-01-01T00:45:35.4086040Z</when>
        <gx:coord>12.035828 51.5356 368.19086</gx:coord>
        <when>2025-01-01T00:45:40.4086040Z</when>
        <gx:coord>12.039124 51.534668 364.97375</gx:coord>
        <when>2025-01-01T00:45:45.4086040Z</when>
        <gx:coord>12.042387 51.53366 365.28403</gx:coord>
        <when>2025-01-01T00:45:50.4086040Z</when>
        <gx:coord>12.045612 51.53265 364.9799</gx:coord>
        <when>2025-01-01T00:45:55.4086040Z</when>
        <gx:coord>12.0488825 51.5317 364.8631</gx:coord>
        <when>2025-01-01T00:45:58.0986040Z</when>
        <gx:coord>12.050845 51.531246 366.0175</gx:coord>
        <when>2025-01-01T00:46:00.4086040Z</when>
        <gx:coord>12.052127 51.530964 365.27084</gx:coord>
        <when>2025-01-01T00:46:05.4086040Z</when>
        <gx:coord>12.055202 51.53026 362.43958</gx:coord>
        <when>2025-01-01T00:46:10.4086040Z</when>
        <gx:coord>12.058192 51.52962 363.5178</gx:coord>
        <when>2025-01-01T00:46:15.4086040Z</when>
        <gx:coord>12.06117 51.529057 361.498</gx:coord>
        <when>2025-01-01T00:46:20.4266040Z</when>
        <gx:coord>12.064103 51.528423 365.6011</gx:coord>
        <when>2025-01-01T00:46:25.4086040Z</when>
        <gx:coord>12.066977 51.527737 366.25885</gx:coord>
        <when>2025-01-01T00:46:30.4096040Z</when>
        <gx:coord>12.069889 51.527084 365.12387</gx:coord>
        <when>2025-01-01T00:46:33.0936040Z</when>
        <gx:coord>12.071088 51.526875 365.025</gx:coord>
        <when>2025-01-01T00:46:35.0966040Z</when>
        <gx:coord>12.072324 51.52678 364.84695</gx:coord>
        <when>2025-01-01T00:46:35.4096040Z</when>
        <gx:coord>12.072947 51.526794 364.71936</gx:coord>
        <when>2025-01-01T00:46:37.0926040Z</when>
        <gx:coord>12.073561 51.526848 365.29025</gx:coord>
        <when>2025-01-01T00:46:39.0966040Z</when>
        <gx:coord>12.074734 51.527065 365.49292</gx:coord>
        <when>2025-01-01T00:46:40.4096040Z</when>
        <gx:coord>12.075817 51.5274 363.4827</gx:coord>
        <when>2025-01-01T00:46:41.0966040Z</when>
        <gx:coord>12.075817 51.5274 363.4827</gx:coord>
        <when>2025-01-01T00:46:43.0946040Z</when>
        <gx:coord>12.07676 51.527874 362.55286</gx:coord>
        <when>2025-01-01T00:46:43.0986040Z</when>
        <gx:coord>12.077164 51.52815 362.55286</gx:coord>
        <when>2025-01-01T00:46:44.0946040Z</when>
        <gx:coord>12.077164 51.52815 363.62747</gx:coord>
        <when>2025-01-01T00:46:45.4096040Z</when>
        <gx:coord>12.0778475 51.528744 363.64987</gx:coord>
        <when>2025-01-01T00:46:46.0896040Z</when>
        <gx:coord>12.0778475 51.528744 363.64987</gx:coord>
        <when>2025-01-01T00:46:50.4096040Z</when>
        <gx:coord>12.079212 51.530334 356.87482</gx:coord>
        <when>2025-01-01T00:46:55.4096040Z</when>
        <gx:coord>12.080532 51.531937 344.14343</gx:coord>
        <when>2025-01-01T00:46:57.0956040Z</when>
        <gx:coord>12.0810375 51.532593 337.86703</gx:coord>
        <when>2025-01-01T00:47:00.4116040Z</when>
        <gx:coord>12.0818 51.533585 330.91608</gx:coord>
        <when>2025-01-01T00:47:05.4136040Z</when>
        <gx:coord>12.083144 51.535213 321.82397</gx:coord>
        <when>2025-01-01T00:47:10.4096040Z</when>
        <gx:coord>12.084492 51.536804 310.25168</gx:coord>
        <when>2025-01-01T00:47:12.0936040Z</when>
        <gx:coord>12.085018 51.537434 304.8798</gx:coord>
        <when>2025-01-01T00:47:15.4096040Z</when>
        <gx:coord>12.0857935 51.538387 297.21982</gx:coord>
        <when>2025-01-01T00:47:18.0946040Z</when>
        <gx:coord>12.086213 51.539036 293.925</gx:coord>
        <when>2025-01-01T00:47:20.4336040Z</when>
        <gx:coord>12.08656 51.540035 287.89548</gx:coord>
        <when>2025-01-01T00:47:21.0966040Z</when>
        <gx:coord>12.08656 51.540035 287.89548</gx:coord>
        <when>2025-01-01T00:47:22.0966040Z</when>
        <gx:coord>12.086588 51.540367 285.15466</gx:coord>
        <when>2025-01-01T00:47:24.0936040Z</when>
        <gx:coord>12.086513 51.54102 279.63083</gx:coord>
        <when>2025-01-01T00:47:25.1006040Z</when>
        <gx:coord>12.086413 51.541332 276.51178</gx:coord>
        <when>2025-01-01T00:47:25.1006040Z</when>
        <gx:coord>12.086272 51.541637 273.66306</gx:coord>
        <when>2025-01-01T00:47:25.4096040Z</when>
        <gx:coord>12.086272 51.541637 273.66306</gx:coord>
        <when>2025-01-01T00:47:28.0956040Z</when>
        <gx:coord>12.085889 51.542213 268.1167</gx:coord>
        <when>2025-01-01T00:47:30.4096040Z</when>
        <gx:coord>12.085069 51.542976 259.53012</gx:coord>
        <when>2025-01-01T00:47:31.0976040Z</when>
        <gx:coord>12.085069 51.542976 259.53012</gx:coord>
        <when>2025-01-01T00:47:34.1016040Z</when>
        <gx:coord>12.084025 51.543606 250.1702</gx:coord>
        <when>2025-01-01T00:47:35.4096040Z</when>
        <gx:coord>12.083219 51.54394 243.44939</gx:coord>
        <when>2025-01-01T00:47:36.0956040Z</when>
        <gx:coord>12.082791 51.54409 239.62012</gx:coord>
        <when>2025-01-01T00:47:38.3716040Z</when>
        <gx:coord>12.082356 51.544235 236.01288</gx:coord>
        <when>2025-01-01T00:47:40.1006040Z</when>
        <gx:coord>12.081035 51.544617 234.06825</gx:coord>
        <when>2025-01-01T00:47:40.4226040Z</when>
        <gx:coord>12.081035 51.544617 234.73758</gx:coord>
        <when>2025-01-01T00:47:44.0956040Z</when>
        <gx:coord>12.079799 51.54497 231.80164</gx:coord>
        <when>2025-01-01T00:47:45.4096040Z</when>
        <gx:coord>12.079014 51.545197 226.60735</gx:coord>
        <when>2025-01-01T00:47:50.4136040Z</when>
        <gx:coord>12.077116 51.54574 212.74599</gx:coord>
        <when>2025-01-01T00:47:52.0976040Z</when>
        <gx:coord>12.076372 51.54595 208.07045</gx:coord>
        <when>2025-01-01T00:47:55.4096040Z</when>
        <gx:coord>12.075263 51.546272 200.48987</gx:coord>
        <when>2025-01-01T00:48:00.4096040Z</when>
        <gx:coord>12.073382 51.546825 185.41217</gx:coord>
        <when>2025-01-01T00:48:04.0986040Z</when>
        <gx:coord>12.071843 51.547283 175.7107</gx:coord>
        <when>2025-01-01T00:48:05.4096040Z</when>
        <gx:coord>12.071454 51.547394 173.75719</gx:coord>
        <when>2025-01-01T00:48:10.4096040Z</when>
        <gx:coord>12.069491 51.547928 156.58272</gx:coord>
        <when>2025-01-01T00:48:13.0976040Z</when>
        <gx:coord>12.068324 51.54828 142.35446</gx:coord>
        <when>2025-01-01T00:48:15.4106040Z</when>
        <gx:coord>12.06756 51.548508 136.55026</gx:coord>
        <when>2025-01-01T00:48:20.4326040Z</when>
        <gx:coord>12.065712 51.549053 133.8182</gx:coord>
        <when>2025-01-01T00:48:25.4106040Z</when>
        <gx:coord>12.063886 51.54954 122.11367</gx:coord>
        <when>2025-01-01T00:48:30.4106040Z</when>
        <gx:coord>12.062091 51.550045 112.69825</gx:coord>
        <when>2025-01-01T00:48:31.0936040Z</when>
        <gx:coord>12.061737 51.55014 111.72604</gx:coord>
        <when>2025-01-01T00:48:35.0956040Z</when>
        <gx:coord>12.0607195 51.55043 108.26142</gx:coord>
        <when>2025-01-01T00:48:35.4136040Z</when>
        <gx:coord>12.060397 51.550526 107.83607</gx:coord>
        <when>2025-01-01T00:48:40.4106040Z</when>
        <gx:coord>12.058923 51.55093 107.43842</gx:coord>
        <when>2025-01-01T00:48:45.4106040Z</when>
        <gx:coord>12.057567 51.551315 107.58376</gx:coord>
        <when>2025-01-01T00:48:48.1006040Z</when>
        <gx:coord>12.056644 51.551586 107.644165</gx:coord>
        <when>2025-01-01T00:48:50.4106040Z</when>
        <gx:coord>12.055936 51.551785 107.71059</gx:coord>
        <when>2025-01-01T00:48:53.1036040Z</when>
        <gx:coord>12.05516 51.552002 107.89942</gx:coord>
        <when>2025-01-01T00:48:55.4106040Z</when>
        <gx:coord>12.053893 51.552353 113.23497</gx:coord>
        <when>2025-01-01T00:49:00.4146040Z</when>
        <gx:coord>12.051814 51.55293 138.12791</gx:coord>
        <when>2025-01-01T00:49:02.0976040Z</when>
        <gx:coord>12.051 51.55315 145.29457</gx:coord>
        <when>2025-01-01T00:49:05.4106040Z</when>
        <gx:coord>12.049776 51.55346 158.08215</gx:coord>
        <when>2025-01-01T00:49:10.4106040Z</when>
        <gx:coord>12.047738 51.554 175.1653</gx:coord>
        <when>2025-01-01T00:49:11.0956040Z</when>
        <gx:coord>12.047331 51.55412 177.67868</gx:coord>
        <when>2025-01-01T00:49:15.4106040Z</when>
        <gx:coord>12.045678 51.554592 189.84639</gx:coord>
        <when>2025-01-01T00:49:20.0916040Z</when>
        <gx:coord>12.043638 51.555214 209.50764</gx:coord>
        <when>2025-01-01T00:49:20.4286040Z</when>
        <gx:coord>12.043638 51.555214 209.50764</gx:coord>
        <when>2025-01-01T00:49:25.4106040Z</when>
        <gx:coord>12.041636 51.555817 230.16504</gx:coord>
        <when>2025-01-01T00:49:28.0936040Z</when>
        <gx:coord>12.040435 51.55618 240.07478</gx:coord>
        <when>2025-01-01T00:49:30.4106040Z</when>
        <gx:coord>12.039616 51.556416 245.91063</gx:coord>
        <when>2025-01-01T00:49:35.4106040Z</when>
        <gx:coord>12.037561 51.557007 262.44415</gx:coord>
        <when>2025-01-01T00:49:38.0966040Z</when>
        <gx:coord>12.036334 51.557373 270.96582</gx:coord>
        <when>2025-01-01T00:49:40.4106040Z</when>
        <gx:coord>12.035501 51.55763 276.60925</gx:coord>
        <when>2025-01-01T00:49:45.4106040Z</when>
        <gx:coord>12.033345 51.558285 291.23773</gx:coord>
        <when>2025-01-01T00:49:48.3776040Z</when>
        <gx:coord>12.032014 51.558697 297.88132</gx:coord>
        <when>2025-01-01T00:49:48.3776040Z</when>
        <gx:coord>12.032014 51.558697 301.78632</gx:coord>
        <when>2025-01-01T00:49:50.4106040Z</when>
        <gx:coord>12.031128 51.55897 309.633</gx:coord>
        <when>2025-01-01T00:49:55.4106040Z</when>
        <gx:coord>12.02894 51.559643 329.6308</gx:coord>
        <when>2025-01-01T00:49:56.0976040Z</when>
        <gx:coord>12.028515 51.559772 333.47562</gx:coord>
        <when>2025-01-01T00:50:00.4116040Z</when>
        <gx:coord>12.026843 51.560307 350.2181</gx:coord>
        <when>2025-01-01T00:50:05.4156040Z</when>
        <gx:coord>12.024655 51.561012 349.87833</gx:coord>
        <when>2025-01-01T00:50:06.0926040Z</when>
        <gx:coord>12.024655 51.561012 349.87833</gx:coord>
        <when>2025-01-01T00:50:10.4116040Z</when>
        <gx:coord>12.022184 51.561745 351.8285</gx:coord>
        <when>2025-01-01T00:50:15.4116040Z</when>
        <gx:coord>12.0196495 51.562458 352.8253</gx:coord>
        <when>2025-01-01T00:50:20.4366040Z</when>
        <gx:coord>12.017056 51.56317 355.2224</gx:coord>
        <when>2025-01-01T00:50:22.0986040Z</when>
        <gx:coord>12.0165205 51.563293 356.3537</gx:coord>
        <when>2025-01-01T00:50:24.0996040Z</when>
        <gx:coord>12.015413 51.563446 359.64297</gx:coord>
        <when>2025-01-01T00:50:25.4106040Z</when>
        <gx:coord>12.014289 51.563465 362.2367</gx:coord>
        <when>2025-01-01T00:50:26.0966040Z</when>
        <gx:coord>12.014289 51.563465 362.2367</gx:coord>
        <when>2025-01-01T00:50:27.0956040Z</when>
        <gx:coord>12.01319 51.563335 364.3663</gx:coord>
        <when>2025-01-01T00:50:28.0946040Z</when>
        <gx:coord>12.01319 51.563335 364.3663</gx:coord>
        <when>2025-01-01T00:50:30.1006040Z</when>
        <gx:coord>12.012161 51.563057 364.62717</gx:coord>
        <when>2025-01-01T00:50:30.4116040Z</when>
        <gx:coord>12.01169 51.562855 364.24573</gx:coord>
        <when>2025-01-01T00:50:32.0966040Z</when>
        <gx:coord>12.011263 51.562614 364.18533</gx:coord>
        <when>2025-01-01T00:50:34.1036040Z</when>
        <gx:coord>12.010563 51.562046 365.50574</gx:coord>
        <when>2025-01-01T00:50:35.4116040Z</when>
        <gx:coord>12.01004 51.56139 364.29178</gx:coord>
        <when>2025-01-01T00:50:37.1026040Z</when>
        <gx:coord>12.009827 51.56104 362.28424</gx:coord>
        <when>2025-01-01T00:50:38.0946040Z</when>
        <gx:coord>12.009638 51.56068 359.8751</gx:coord>
        <when>2025-01-01T00:50:40.4246040Z</when>
        <gx:coord>12.009146 51.559547 352.37164</gx:coord>
        <when>2025-01-01T00:50:45.4116040Z</when>
        <gx:coord>12.008113 51.557663 350.67575</gx:coord>
        <when>2025-01-01T00:50:50.4116040Z</when>
        <gx:coord>12.006905 51.555878 353.36548</gx:coord>
        <when>2025-01-01T00:50:54.1066040Z</when>
        <gx:coord>12.005958 51.554443 352.70517</gx:coord>
        <when>2025-01-01T00:50:55.4116040Z</when>
        <gx:coord>12.005727 51.55408 354.50665</gx:coord>
        <when>2025-01-01T00:51:00.4116040Z</when>
        <gx:coord>12.004621 51.552277 357.76276</gx:coord>
        <when>2025-01-01T00:51:05.4116040Z</when>
        <gx:coord>12.003675 51.550404 355.78516</gx:coord>
        <when>2025-01-01T00:51:08.0956040Z</when>
        <gx:coord>12.00345 51.549614 356.03073</gx:coord>
        <when>2025-01-01T00:51:10.4116040Z</when>
        <gx:coord>12.003483 51.548397 357.6422</gx:coord>
        <when>2025-01-01T00:51:11.0946040Z</when>
        <gx:coord>12.003483 51.548397 357.6422</gx:coord>
        <when>2025-01-01T00:51:14.0986040Z</when>
        <gx:coord>12.00396 51.547195 360.8348</gx:coord>
        <when>2025-01-01T00:51:15.4116040Z</when>
        <gx:coord>12.004528 51.546432 362.9666</gx:coord>
        <when>2025-01-01T00:51:17.0976040Z</when>
        <gx:coord>12.004885 51.546074 364.21844</gx:coord>
        <when>2025-01-01T00:51:20.0936040Z</when>
        <gx:coord>12.006198 51.545105 365.12924</gx:coord>
        <when>2025-01-01T00:51:20.4326040Z</when>
        <gx:coord>12.00671 51.544827 365.44675</gx:coord>
        <when>2025-01-01T00:51:23.0946040Z</when>
        <gx:coord>12.007826 51.544346 367.21234</gx:coord>
        <when>2025-01-01T00:51:25.4116040Z</when>
        <gx:coord>12.009663 51.5438 367.98352</gx:coord>
        <when>2025-01-01T00:51:27.0946040Z</when>
        <gx:coord>12.010307 51.543655 367.1592</gx:coord>
        <when>2025-01-01T00:51:27.0946040Z</when>
        <gx:coord>12.010307 51.543655 367.1592</gx:coord>
        <when>2025-01-01T00:51:30.4116040Z</when>
        <gx:coord>12.012923 51.54305 369.26013</gx:coord>
        <when>2025-01-01T00:51:35.4116040Z</when>
        <gx:coord>12.016122 51.542126 365.95657</gx:coord>
        <when>2025-01-01T00:51:43.0906040Z</when>
        <gx:coord>12.021244 51.54056 366.62204</gx:coord>
        <when>2025-01-01T00:51:51.3376040Z</when>
        <gx:coord>12.0263605 51.53913 377.16922</gx:coord>
        <when>2025-01-01T00:51:56.3386040Z</when>
        <gx:coord>12.029636 51.538353 375.57523</gx:coord>
        <when>2025-01-01T00:52:01.3386040Z</when>
        <gx:coord>12.03299 51.537544 369.47858</gx:coord>
        <when>2025-01-01T00:52:06.3386040Z</when>
        <gx:coord>12.036382 51.536682 369.3176</gx:coord>
        <when>2025-01-01T00:52:11.3386040Z</when>
        <gx:coord>12.039746 51.535748 368.58633</gx:coord>
        <when>2025-01-01T00:52:16.3386040Z</when>
        <gx:coord>12.043042 51.534775 368.0743</gx:coord>
        <when>2025-01-01T00:52:21.0996040Z</when>
        <gx:coord>12.046261 51.533802 369.22812</gx:coord>
        <when>2025-01-01T00:52:21.3386040Z</when>
        <gx:coord>12.046261 51.533802 369.36673</gx:coord>
        <when>2025-01-01T00:52:26.3376040Z</when>
        <gx:coord>12.04929 51.532867 369.07147</gx:coord>
        <when>2025-01-01T00:52:31.3386040Z</when>
        <gx:coord>12.052172 51.532013 364.34964</gx:coord>
        <when>2025-01-01T00:52:34.0966040Z</when>
        <gx:coord>12.053308 51.531696 363.75574</gx:coord>
        <when>2025-01-01T00:52:36.3386040Z</when>
        <gx:coord>12.055 51.531265 365.09717</gx:coord>
        <when>2025-01-01T00:52:41.3386040Z</when>
        <gx:coord>12.057904 51.530598 361.06024</gx:coord>
        <when>2025-01-01T00:52:46.3386040Z</when>
        <gx:coord>12.060909 51.52995 355.94333</gx:coord>
        <when>2025-01-01T00:52:51.3616040Z</when>
        <gx:coord>12.063953 51.529255 350.81735</gx:coord>
        <when>2025-01-01T00:52:56.3386040Z</when>
        <gx:coord>12.066981 51.528507 351.10208</gx:coord>
        <when>2025-01-01T00:53:01.3386040Z</when>
        <gx:coord>12.069896 51.52776 352.48853</gx:coord>
        <when>2025-01-01T00:53:03.1046040Z</when>
        <gx:coord>12.0710335 51.527493 351.25638</gx:coord>
        <when>2025-01-01T00:53:06.3396040Z</when>
        <gx:coord>12.072805 51.527233 342.76193</gx:coord>
        <when>2025-01-01T00:53:07.1026040Z</when>
        <gx:coord>12.072805 51.527233 342.76193</gx:coord>
        <when>2025-01-01T00:53:09.0976040Z</when>
        <gx:coord>12.074022 51.527252 339.98123</gx:coord>
        <when>2025-01-01T00:53:11.0956040Z</when>
        <gx:coord>12.075193 51.527416 339.443</gx:coord>
        <when>2025-01-01T00:53:11.3396040Z</when>
        <gx:coord>12.075744 51.52756 339.23642</gx:coord>
        <when>2025-01-01T00:53:13.0956040Z</when>
        <gx:coord>12.076265 51.52773 338.2835</gx:coord>
        <when>2025-01-01T00:53:15.0946040Z</when>
        <gx:coord>12.077203 51.528152 335.91592</gx:coord>
        <when>2025-01-01T00:53:16.1126040Z</when>
        <gx:coord>12.077973 51.528675 333.2429</gx:coord>
        <when>2025-01-01T00:53:16.3396040Z</when>
        <gx:coord>12.077973 51.528675 333.2429</gx:coord>
        <when>2025-01-01T00:53:18.0966040Z</when>
        <gx:coord>12.0783 51.52896 330.61838</gx:coord>
        <when>2025-01-01T00:53:21.3536040Z</when>
        <gx:coord>12.07935 51.530212 317.5577</gx:coord>
        <when>2025-01-01T00:53:26.3396040Z</when>
        <gx:coord>12.080587 51.531853 303.54385</gx:coord>
        <when>2025-01-01T00:53:27.0986040Z</when>
        <gx:coord>12.080837 51.532185 301.55338</gx:coord>
        <when>2025-01-01T00:53:31.3416040Z</when>
        <gx:coord>12.081866 51.53349 292.11642</gx:coord>
        <when>2025-01-01T00:53:36.3396040Z</when>
        <gx:coord>12.083173 51.53513 278.23648</gx:coord>
        <when>2025-01-01T00:53:39.0966040Z</when>
        <gx:coord>12.083942 51.536106 270.04083</gx:coord>
        <when>2025-01-01T00:53:41.3396040Z</when>
        <gx:coord>12.084448 51.536755 268.227</gx:coord>
        <when>2025-01-01T00:53:45.0956040Z</when>
        <gx:coord>12.085165 51.537743 261.2012</gx:coord>
        <when>2025-01-01T00:53:46.3396040Z</when>
        <gx:coord>12.085578 51.538418 254.90909</gx:coord>
        <when>2025-01-01T00:53:49.0966040Z</when>
        <gx:coord>12.08586 51.53912 249.24065</gx:coord>
        <when>2025-01-01T00:53:51.3566040Z</when>
        <gx:coord>12.085974 51.540188 240.71564</gx:coord>
        <when>2025-01-01T00:53:52.0946040Z</when>
        <gx:coord>12.085974 51.540188 240.71564</gx:coord>
        <when>2025-01-01T00:53:52.0946040Z</when>
        <gx:coord>12.085921 51.54054 239.17932</gx:coord>
        <when>2025-01-01T00:53:55.0966040Z</when>
        <gx:coord>12.085697 51.54121 237.30946</gx:coord>
        <when>2025-01-01T00:53:55.0966040Z</when>
        <gx:coord>12.085697 51.54121 237.30946</gx:coord>
        <when>2025-01-01T00:53:55.1046040Z</when>
        <gx:coord>12.085528 51.54153 237.30946</gx:coord>
        <when>2025-01-01T00:53:56.3396040Z</when>
        <gx:coord>12.0853405 51.54184 236.44849</gx:coord>
        <when>2025-01-01T00:53:58.0926040Z</when>
        <gx:coord>12.085129 51.542133 235.14645</gx:coord>
        <when>2025-01-01T00:54:01.0956040Z</when>
        <gx:coord>12.084316 51.542942 234.99313</gx:coord>
        <when>2025-01-01T00:54:01.3396040Z</when>
        <gx:coord>12.083995 51.543182 233.93997</gx:coord>
        <when>2025-01-01T00:54:04.0986040Z</when>
        <gx:coord>12.083286 51.54363 228.95976</gx:coord>
        <when>2025-01-01T00:54:06.3396040Z</when>
        <gx:coord>12.082044 51.544147 223.63779</gx:coord>
        <when>2025-01-01T00:54:07.0946040Z</when>
        <gx:coord>12.082044 51.544147 223.63779</gx:coord>
        <when>2025-01-01T00:54:09.0966040Z</when>
        <gx:coord>12.081202 51.544422 225.90813</gx:coord>
        <when>2025-01-01T00:54:11.3396040Z</when>
        <gx:coord>12.080021 51.544834 221.40433</gx:coord>
        <when>2025-01-01T00:54:16.3416040Z</when>
        <gx:coord>12.078109 51.545456 214.98033</gx:coord>
        <when>2025-01-01T00:54:19.1046040Z</when>
        <gx:coord>12.076963 51.545776 206.21951</gx:coord>
        <when>2025-01-01T00:54:21.3396040Z</when>
        <gx:coord>12.076181 51.54598 201.20013</gx:coord>
        <when>2025-01-01T00:54:26.3396040Z</when>
        <gx:coord>12.074216 51.54651 191.18398</gx:coord>
        <when>2025-01-01T00:54:31.3406040Z</when>
        <gx:coord>12.072264 51.547115 179.62015</gx:coord>
        <when>2025-01-01T00:54:33.0926040Z</when>
        <gx:coord>12.071475 51.547367 175.28265</gx:coord>
        <when>2025-01-01T00:54:36.3396040Z</when>
        <gx:coord>12.070296 51.547726 167.88441</gx:coord>
        <when>2025-01-01T00:54:41.3426040Z</when>
        <gx:coord>12.068333 51.548275 151.82416</gx:coord>
        <when>2025-01-01T00:54:44.0986040Z</when>
        <gx:coord>12.0671835 51.54861 141.99155</gx:coord>
        <when>2025-01-01T00:54:46.3406040Z</when>
        <gx:coord>12.066416 51.54883 138.44107</gx:coord>
        <when>2025-01-01T00:54:51.3606040Z</when>
        <gx:coord>12.064539 51.549347 127.84422</gx:coord>
        <when>2025-01-01T00:54:56.3406040Z</when>
        <gx:coord>12.062682 51.549892 116.66806</gx:coord>
        <when>2025-01-01T00:54:57.1086040Z</when>
        <gx:coord>12.062313 51.55 116.66806</gx:coord>
        <when>2025-01-01T00:54:59.0956040Z</when>
        <gx:coord>12.061577 51.55021 110.30246</gx:coord>
        <when>2025-01-01T00:55:01.0966040Z</when>
        <gx:coord>12.061216 51.550312 109.019104</gx:coord>
        <when>2025-01-01T00:55:01.3406040Z</when>
        <gx:coord>12.060869 51.550415 108.58727</gx:coord>
        <when>2025-01-01T00:55:06.3406040Z</when>
        <gx:coord>12.059299 51.55086 107.27765</gx:coord>
        <when>2025-01-01T00:55:08.0956040Z</when>
        <gx:coord>12.059013 51.550934 107.39311</gx:coord>
        <when>2025-01-01T00:55:11.3406040Z</when>
        <gx:coord>12.05798 51.55121 107.637474</gx:coord>
        <when>2025-01-01T00:55:15.0996040Z</when>
        <gx:coord>12.057324 51.55138 107.72794</gx:coord>
        <when>2025-01-01T00:55:16.3406040Z</when>
        <gx:coord>12.056935 51.55149 107.76968</gx:coord>
        <when>2025-01-01T00:55:20.0986040Z</when>
        <gx:coord>12.05648 51.55163 107.81283</gx:coord>
        <when>2025-01-01T00:55:21.3406040Z</when>
        <gx:coord>12.056287 51.551685 107.81066</gx:coord>
        <when>2025-01-01T00:55:24.0966040Z</when>
        <gx:coord>12.056158 51.551716 107.81073</gx:coord>
        <when>2025-01-01T00:55:25.0946040Z</when>
        <gx:coord>12.056106 51.551723 107.81394</gx:coord>
        <when>2025-01-01T00:55:26.0966040Z</when>
        <gx:coord>12.056062 51.551723 107.814384</gx:coord>
        <when>2025-01-01T00:55:26.3406040Z</when>
        <gx:coord>12.056021 51.551716 107.77864</gx:coord>
        <when>2025-01-01T00:55:28.0946040Z</when>
        <gx:coord>12.05598 51.55171 107.73683</gx:coord>
        <when>2025-01-01T00:55:29.1136040Z</when>
        <gx:coord>12.055907 51.551685 107.67759</gx:coord>
        <when>2025-01-01T00:55:30.0906040Z</when>
        <gx:coord>12.055907 51.551685 107.67759</gx:coord>
        <when>2025-01-01T00:55:31.3406040Z</when>
        <gx:coord>12.055841 51.551643 107.647285</gx:coord>
        <when>2025-01-01T00:55:32.0966040Z</when>
        <gx:coord>12.055841 51.551643 107.647285</gx:coord>
        <when>2025-01-01T00:55:34.0976040Z</when>
        <gx:coord>12.05579 51.551594 107.59939</gx:coord>
        <when>2025-01-01T00:55:36.3406040Z</when>
        <gx:coord>12.055738 51.551514 107.58849</gx:coord>
        <when>2025-01-01T00:55:38.0966040Z</when>
        <gx:coord>12.055726 51.55149 107.54568</gx:coord>
        <when>2025-01-01T00:55:41.3406040Z</when>
        <gx:coord>12.055683 51.551422 107.5293</gx:coord>
        <when>2025-01-01T00:55:46.3406040Z</when>
        <gx:coord>12.055685 51.551426 107.57555</gx:coord>
        <when>2025-01-01T00:55:51.3596040Z</when>
        <gx:coord>12.055684 51.551426 107.546364</gx:coord>
        <when>2025-01-01T00:55:56.3406040Z</when>
        <gx:coord>12.055685 51.551426 107.505875</gx:coord>
        <when>2025-01-01T00:56:01.3406040Z</when>
        <gx:coord>12.055685 51.55143 107.549675</gx:coord>
        <when>2025-01-01T00:56:06.3416040Z</when>
        <gx:coord>12.055662 51.551395 107.48715</gx:coord>
        <when>2025-01-01T00:56:11.3406040Z</when>
        <gx:coord>12.055571 51.551254 107.34364</gx:coord>
        <when>2025-01-01T00:56:16.3406040Z</when>
        <gx:coord>12.055443 51.551086 107.1567</gx:coord>
        <when>2025-01-01T00:56:21.3406040Z</when>
        <gx:coord>12.055335 51.550938 107.112144</gx:coord>
        <when>2025-01-01T00:56:23.0946040Z</when>
        <gx:coord>12.055328 51.550903 107.09264</gx:coord>
        <when>2025-01-01T00:56:24.0996040Z</when>
        <gx:coord>12.055329 51.550873 107.086525</gx:coord>
        <when>2025-01-01T00:56:25.0956040Z</when>
        <gx:coord>12.055345 51.55084 107.05171</gx:coord>
        <when>2025-01-01T00:56:26.3416040Z</when>
        <gx:coord>12.0554085 51.550774 107.026306</gx:coord>
        <when>2025-01-01T00:56:27.0956040Z</when>
        <gx:coord>12.0554085 51.550774 107.026306</gx:coord>
        <when>2025-01-01T00:56:28.1046040Z</when>
        <gx:coord>12.05546 51.550747 107.004715</gx:coord>
        <when>2025-01-01T00:56:30.0936040Z</when>
        <gx:coord>12.055596 51.5507 106.93509</gx:coord>
        <when>2025-01-01T00:56:31.3416040Z</when>
        <gx:coord>12.055739 51.550674 106.9992</gx:coord>
        <when>2025-01-01T00:56:36.3416040Z</when>
        <gx:coord>12.056069 51.5506 107.07559</gx:coord>
        <when>2025-01-01T00:56:41.3416040Z</when>
        <gx:coord>12.056449 51.55048 107.18989</gx:coord>
        <when>2025-01-01T00:56:46.3416040Z</when>
        <gx:coord>12.056923 51.550327 107.28108</gx:coord>
        <when>2025-01-01T00:56:51.3616040Z</when>
        <gx:coord>12.057422 51.55019 107.33013</gx:coord>
        <when>2025-01-01T00:56:56.3416040Z</when>
        <gx:coord>12.0577965 51.550083 107.46559</gx:coord>
        <when>2025-01-01T00:57:01.3416040Z</when>
        <gx:coord>12.058063 51.55 107.43606</gx:coord>
        <when>2025-01-01T00:57:02.0936040Z</when>
        <gx:coord>12.058063 51.55 107.43606</gx:coord>
        <when>2025-01-01T00:57:04.0976040Z</when>
        <gx:coord>12.058133 51.549942 107.4387</gx:coord>
        <when>2025-01-01T00:57:05.0976040Z</when>
        <gx:coord>12.058155 51.54991 107.48816</gx:coord>
        <when>2025-01-01T00:57:06.0986040Z</when>
        <gx:coord>12.058166 51.54988 107.51337</gx:coord>
        <when>2025-01-01T00:57:06.3416040Z</when>
        <gx:coord>12.058168 51.549847 107.56588</gx:coord>
        <when>2025-01-01T00:57:07.0976040Z</when>
        <gx:coord>12.058168 51.549847 107.56588</gx:coord>
        <when>2025-01-01T00:57:09.0936040Z</when>
        <gx:coord>12.058147 51.54978 107.60384</gx:coord>
        <when>2025-01-01T00:57:11.3416040Z</when>
        <gx:coord>12.05808 51.549686 107.53422</gx:coord>
        <when>2025-01-01T00:57:16.3416040Z</when>
        <gx:coord>12.057992 51.54948 107.40847</gx:coord>
        <when>2025-01-01T00:57:21.3416040Z</when>
        <gx:coord>12.057908 51.549286 107.292725</gx:coord>
        <when>2025-01-01T00:57:26.3416040Z</when>
        <gx:coord>12.057876 51.54916 107.21193</gx:coord>
        <when>2025-01-01T00:57:27.0946040Z</when>
        <gx:coord>12.057876 51.54916 107.21193</gx:coord>
        <when>2025-01-01T00:57:28.0956040Z</when>
        <gx:coord>12.057889 51.549137 107.13898</gx:coord>
        <when>2025-01-01T00:57:29.0976040Z</when>
        <gx:coord>12.057914 51.549118 107.205</gx:coord>
        <when>2025-01-01T00:57:30.0966040Z</when>
        <gx:coord>12.057943 51.5491 107.214775</gx:coord>
        <when>2025-01-01T00:57:31.0936040Z</when>
        <gx:coord>12.057983 51.549088 107.194016</gx:coord>
        <when>2025-01-01T00:57:31.3416040Z</when>
        <gx:coord>12.058026 51.54908 107.19003</gx:coord>
        <when>2025-01-01T00:57:33.0946040Z</when>
        <gx:coord>12.058066 51.549076 107.21035</gx:coord>
        <when>2025-01-01T00:57:36.3416040Z</when>
        <gx:coord>12.058182 51.549057 107.26073</gx:coord>
        <when>2025-01-01T00:57:38.0966040Z</when>
        <gx:coord>12.058209 51.549046 107.30226</gx:coord>
        <when>2025-01-01T00:57:39.1006040Z</when>
        <gx:coord>12.058236 51.54903 107.31817</gx:coord>
        <when>2025-01-01T00:57:40.0976040Z</when>
        <gx:coord>12.058256 51.549007 107.3257</gx:coord>
        <when>2025-01-01T00:57:41.0946040Z</when>
        <gx:coord>12.058271 51.548985 107.338554</gx:coord>
        <when>2025-01-01T00:57:41.3416040Z</when>
        <gx:coord>12.058278 51.54896 107.34894</gx:coord>
        <when>2025-01-01T00:57:43.0956040Z</when>
        <gx:coord>12.05828 51.54894 107.378006</gx:coord>
        <when>2025-01-01T00:57:45.0926040Z</when>
        <gx:coord>12.0582695 51.548893 107.44286</gx:coord>
        <when>2025-01-01T00:57:46.3416040Z</when>
        <gx:coord>12.058246 51.548855 107.437256</gx:coord>
        <when>2025-01-01T00:57:51.3656040Z</when>
        <gx:coord>12.058192 51.548744 107.51663</gx:coord>
        <when>2025-01-01T00:57:55.0986040Z</when>
        <gx:coord>12.058189 51.54868 107.56005</gx:coord>
        <when>2025-01-01T00:57:56.3416040Z</when>
        <gx:coord>12.058209 51.54864 107.629776</gx:coord>
        <when>2025-01-01T00:57:57.0976040Z</when>
        <gx:coord>12.058209 51.54864 107.629776</gx:coord>
        <when>2025-01-01T00:58:01.3426040Z</when>
        <gx:coord>12.058295 51.548542 107.71421</gx:coord>
        <when>2025-01-01T00:58:04.0996040Z</when>
        <gx:coord>12.058306 51.5485 107.77163</gx:coord>
        <when>2025-01-01T00:58:06.0966040Z</when>
        <gx:coord>12.058283 51.548443 107.8312</gx:coord>
        <when>2025-01-01T00:58:06.3426040Z</when>
        <gx:coord>12.05827 51.54842 107.83196</gx:coord>
        <when>2025-01-01T00:58:10.0976040Z</when>
        <gx:coord>12.05824 51.54835 107.91841</gx:coord>
        <when>2025-01-01T00:58:11.3426040Z</when>
        <gx:coord>12.058206 51.548332 107.93895</gx:coord>
        <when>2025-01-01T00:58:12.1076040Z</when>
        <gx:coord>12.058193 51.548336 107.913445</gx:coord>
        <when>2025-01-01T00:58:12.7676040Z</when>
        <gx:coord>12.058193 51.548336 107.913445</gx:coord>
        <when>2025-01-01T00:58:16.3426040Z</when>
        <gx:coord>12.058184 51.54834 107.92773</gx:coord>
        <when>2025-01-01T00:58:21.3416040Z</when>
        <gx:coord>12.058185 51.54834 108.04151</gx:coord>
        <when>2025-01-01T00:58:26.3426040Z</when>
        <gx:coord>12.058186 51.54834 108.11464</gx:coord>
        <when>2025-01-01T00:58:31.3416040Z</when>
        <gx:coord>12.058187 51.54834 108.17483</gx:coord>
        <when>2025-01-01T00:58:36.3416040Z</when>
        <gx:coord>12.058187 51.54834 108.17476</gx:coord>
        <when>2025-01-01T00:58:41.3426040Z</when>
        <gx:coord>12.058187 51.54834 108.17476</gx:coord>
        <when>2025-01-01T00:58:41.6646040Z</when>
        <gx:coord>12.058187 51.54834 108.17476</gx:coord>
        <when>2025-01-01T00:58:41.9246040Z</when>
        <gx:coord>12.058187 51.54834 108.17476</gx:coord>
        <when>2025-01-01T00:58:42.0246040Z</when>
        <gx:coord>12.058187 51.54834 108.17476</gx:coord>
        <when>2025-01-01T00:58:42.1246040Z</when>
        <gx:coord>12.058187 51.54834 108.17476</gx:coord>
        <when>2025-01-01T00:58:42.2246040Z</when>
        <gx:coord>12.058187 51.54834 108.17476</gx:coord>
        <when>2025-01-01T00:58:42.3516040Z</when>
        <gx:coord>12.058187 51.54834 108.17476</gx:coord>
        <when>2025-01-01T00:58:42.6446040Z</when>
        <gx:coord>12.058187 51.54834 108.17476</gx:coord>
        <when>2025-01-01T00:58:42.7646040Z</when>
        <gx:coord>12.058187 51.54834 108.17476</gx:coord>
        <when>2025-01-01T00:58:43.1866040Z</when>
        <gx:coord>12.058187 51.548344 108.02285</gx:coord>
        <when>2025-01-01T00:58:43.9046040Z</when>
        <gx:coord>12.058187 51.548344 108.02285</gx:coord>
        <when>2025-01-01T00:58:46.3426040Z</when>
        <gx:coord>12.05819 51.548347 107.74758</gx:coord>
        <when>2025-01-01T00:58:51.3636040Z</when>
        <gx:coord>12.05819 51.548347 107.74758</gx:coord>
        <when>2025-01-01T00:58:56.3426040Z</when>
        <gx:coord>12.05819 51.548347 107.74758</gx:coord>
        <when>2025-01-01T00:58:56.9336040Z</when>
        <gx:coord>12.05819 51.548347 107.74758</gx:coord>
        <when>2025-01-01T00:58:58.6156040Z</when>
        <gx:coord>12.058185 51.548344 108.53836</gx:coord>
        <when>2025-01-01T00:58:58.8546040Z</when>
        <gx:coord>12.058185 51.548344 108.53836</gx:coord>
        <when>2025-01-01T00:59:00.1246040Z</when>
        <gx:coord>12.058183 51.548344 108.470276</gx:coord>
        <coordinates />
      </gx:Track>
    </Placemark>
    <Placemark>
      <name>Takeoff: 2025-01-01</name>
      <styleUrl>#downArrowIcon</styleUrl>
      <Point>
        <altitudeMode>relativeToGround</altitudeMode>
        <coordinates>12.060116,51.55062,20</coordinates>
      </Point>
    </Placemark>
    <Placemark>
      <name>Landing: 2025-01-01</name>
      <styleUrl>#downArrowIcon</styleUrl>
      <Point>
        <altitudeMode>relativeToGround</altitudeMode>
        <coordinates>12.055907,51.551685,20</coordinates>
      </Point>
    </Placemark>
    <Placemark>
      <name>Log Stop: 2025-01-01</name>
      <styleUrl>#downArrowIcon</styleUrl>
      <Point>
        <altitudeMode>relativeToGround</altitudeMode>
        <coordinates>12.058183,51.548344,20</coordinates>
      </Point>
    </Placemark>
  </Document>
</kml>
