<?xml version="1.0" encoding="utf-8"?>
<kml xmlns:gx="http://www.google.com/kml/ext/2.2" creator="kml-heatmap" xmlns="http://www.opengis.net/kml/2.2">
  <Document>
    <name>SkyDemon Track Log</name>
    <Style id="skydemonLogStyle">
      <LineStyle>
        <color>7f00ffff</color>
        <width>4</width>
      </LineStyle>
      <PolyStyle>
        <color>7fffa400</color>
      </PolyStyle>
    </Style>
    <Style id="downArrowIcon">
      <IconStyle>
        <href>http://maps.google.com/mapfiles/kml/pal4/icon28.png</href>
      </IconStyle>
    </Style>
    <Placemark>
      <name>Log Start: 2025-01-01</name>
      <styleUrl>#downArrowIcon</styleUrl>
      <Point>
        <altitudeMode>relativeToGround</altitudeMode>
        <coordinates>12.25997,51.394,20</coordinates>
      </Point>
    </Placemark>
    <Placemark>
      <name>EDAQ Halle-Oppin - EDAQ Halle-Oppin</name>
      <styleUrl>#skydemonLogStyle</styleUrl>
      <gx:Track>
        <extrude>1</extrude>
        <altitudeMode>absolute</altitudeMode>
        <when>2025-01-01T00:00:00.2133110Z</when>
        <gx:coord>12.05698 51.548622 113.112</gx:coord>
        <when>2025-01-01T00:00:00.2173110Z</when>
        <gx:coord>12.057001 51.548622 112.332</gx:coord>
        <when>2025-01-01T00:00:00.2183110Z</when>
        <gx:coord>12.057001 51.548622 112.332</gx:coord>
        <when>2025-01-01T00:00:00.2193110Z</when>
        <gx:coord>12.057001 51.548622 112.332</gx:coord>
        <when>2025-01-01T00:00:00.2193110Z</when>
        <gx:coord>12.057001 51.548622 112.332</gx:coord>
        <when>2025-01-01T00:00:00.2203110Z</when>
        <gx:coord>12.054362 51.55105 115.38001</gx:coord>
        <when>2025-01-01T00:00:00.4193110Z</when>
        <gx:coord>12.051638 51.5518 113.856</gx:coord>
        <when>2025-01-01T00:00:05.4203110Z</when>
        <gx:coord>12.051079 51.55195 113.856</gx:coord>
        <when>2025-01-01T00:00:10.4203110Z</when>
        <gx:coord>12.050522 51.55212 115.38001</gx:coord>
        <when>2025-01-01T00:00:15.4203110Z</when>
        <gx:coord>12.049877 51.55229 115.38001</gx:coord>
        <when>2025-01-01T00:00:20.4203110Z</when>
        <gx:coord>12.049448 51.5524 115.38001</gx:coord>
        <when>2025-01-01T00:00:25.4203110Z</when>
        <gx:coord>12.048783 51.552593 116.90401</gx:coord>
        <when>2025-01-01T00:00:30.4203110Z</when>
        <gx:coord>12.048332 51.552723 116.90401</gx:coord>
        <when>2025-01-01T00:00:35.4203110Z</when>
        <gx:coord>12.047604 51.552937 116.90401</gx:coord>
        <when>2025-01-01T00:00:40.4203110Z</when>
        <gx:coord>12.047174 51.553043 118.428</gx:coord>
        <when>2025-01-01T00:00:45.1153110Z</when>
        <gx:coord>12.046873 51.55313 118.428</gx:coord>
        <when>2025-01-01T00:00:45.4203110Z</when>
        <gx:coord>12.046766 51.553196 118.428</gx:coord>
        <when>2025-01-01T00:00:47.1053110Z</when>
        <gx:coord>12.046766 51.553196 118.428</gx:coord>
        <when>2025-01-01T00:00:49.1103110Z</when>
        <gx:coord>12.046723 51.553238 118.428</gx:coord>
        <when>2025-01-01T00:00:50.4203110Z</when>
        <gx:coord>12.04668 51.553303 118.428</gx:coord>
        <when>2025-01-01T00:00:53.1173110Z</when>
        <gx:coord>12.04668 51.553387 118.428</gx:coord>
        <when>2025-01-01T00:00:55.4203110Z</when>
        <gx:coord>12.04668 51.553604 118.428</gx:coord>
        <when>2025-01-01T00:00:57.1153110Z</when>
        <gx:coord>12.04668 51.553604 118.428</gx:coord>
        <when>2025-01-01T00:01:00.4863110Z</when>
        <gx:coord>12.04668 51.553795 118.428</gx:coord>
        <when>2025-01-01T00:01:05.1133110Z</when>
        <gx:coord>12.04668 51.5539 118.428</gx:coord>
        <when>2025-01-01T00:01:05.4203110Z</when>
        <gx:coord>12.04668 51.553925 118.428</gx:coord>
        <when>2025-01-01T00:01:10.4203110Z</when>
        <gx:coord>12.04668 51.553925 118.428</gx:coord>
        <when>2025-01-01T00:01:15.4203110Z</when>
        <gx:coord>12.04668 51.553925 118.428</gx:coord>
        <when>2025-01-01T00:01:20.4203110Z</when>
        <gx:coord>12.04668 51.553925 118.428</gx:coord>
        <when>2025-01-01T00:01:25.4203110Z</when>
        <gx:coord>12.04668 51.553925 118.428</gx:coord>
        <when>2025-01-01T00:01:30.4203110Z</when>
        <gx:coord>12.04668 51.553925 118.428</gx:coord>
        <when>2025-01-01T00:01:35.4203110Z</when>
        <gx:coord>12.04668 51.553925 118.428</gx:coord>
        <when>2025-01-01T00:01:40.4203110Z</when>
        <gx:coord>12.04668 51.553925 118.428</gx:coord>
        <when>2025-01-01T00:01:45.4203110Z</when>
        <gx:coord>12.04668 51.553925 118.428</gx:coord>
        <when>2025-01-01T00:01:50.4203110Z</when>
        <gx:coord>12.04668 51.553925 118.428</gx:coord>
        <when>2025-01-01T00:01:55.4193110Z</when>
        <gx:coord>12.04668 51.553925 118.428</gx:coord>
        <when>2025-01-01T00:02:00.4493110Z</when>
        <gx:coord>12.04668 51.553925 118.428</gx:coord>
        <when>2025-01-01T00:02:05.4203110Z</when>
        <gx:coord>12.04668 51.553925 118.428</gx:coord>
        <when>2025-01-01T00:02:10.4203110Z</when>
        <gx:coord>12.04668 51.553925 118.428</gx:coord>
        <when>2025-01-01T00:02:15.4193110Z</when>
        <gx:coord>12.04668 51.553925 118.428</gx:coord>
        <when>2025-01-01T00:02:20.4203110Z</when>
        <gx:coord>12.04668 51.553925 118.428</gx:coord>
        <when>2025-01-01T00:02:25.4203110Z</when>
        <gx:coord>12.04668 51.553925 118.428</gx:coord>
        <when>2025-01-01T00:02:30.4203110Z</when>
        <gx:coord>12.04668 51.553925 118.428</gx:coord>
        <when>2025-01-01T00:02:35.4203110Z</when>
        <gx:coord>12.04668 51.553925 118.428</gx:coord>
        <when>2025-01-01T00:02:40.4203110Z</when>
        <gx:coord>12.04668 51.553925 118.428</gx:coord>
        <when>2025-01-01T00:02:45.4203110Z</when>
        <gx:coord>12.04668 51.553925 118.428</gx:coord>
        <when>2025-01-01T00:02:50.4203110Z</when>
        <gx:coord>12.04668 51.553925 118.428</gx:coord>
        <when>2025-01-01T00:02:55.4203110Z</when>
        <gx:coord>12.04668 51.553967 118.428</gx:coord>
        <when>2025-01-01T00:03:00.4433110Z</when>
        <gx:coord>12.046659 51.554054 118.428</gx:coord>
        <when>2025-01-01T00:03:01.1173110Z</when>
        <gx:coord>12.046659 51.554054 118.428</gx:coord>
        <when>2025-01-01T00:03:03.8203110Z</when>
        <gx:coord>12.04668 51.55416 118.428</gx:coord>
        <when>2025-01-01T00:03:05.1113110Z</when>
        <gx:coord>12.04668 51.55416 118.428</gx:coord>
        <when>2025-01-01T00:03:05.4203110Z</when>
        <gx:coord>12.046701 51.554203 118.428</gx:coord>
        <when>2025-01-01T00:03:07.1173110Z</when>
        <gx:coord>12.046701 51.554203 118.428</gx:coord>
        <when>2025-01-01T00:03:09.1183110Z</when>
        <gx:coord>12.046787 51.554268 118.428</gx:coord>
        <when>2025-01-01T00:03:10.4203110Z</when>
        <gx:coord>12.046895 51.55431 118.428</gx:coord>
        <when>2025-01-01T00:03:11.1133110Z</when>
        <gx:coord>12.046895 51.55431 118.428</gx:coord>
        <when>2025-01-01T00:03:13.0983110Z</when>
        <gx:coord>12.047003 51.55431 118.428</gx:coord>
        <when>2025-01-01T00:03:15.1203110Z</when>
        <gx:coord>12.0471525 51.55429 118.428</gx:coord>
        <when>2025-01-01T00:03:15.1213110Z</when>
        <gx:coord>12.0471525 51.55429 118.428</gx:coord>
        <when>2025-01-01T00:03:15.4203110Z</when>
        <gx:coord>12.047238 51.554268 118.428</gx:coord>
        <when>2025-01-01T00:03:17.1173110Z</when>
        <gx:coord>12.047238 51.554268 118.428</gx:coord>
        <when>2025-01-01T00:03:20.4203110Z</when>
        <gx:coord>12.047346 51.554245 118.428</gx:coord>
        <when>2025-01-01T00:03:23.1193110Z</when>
        <gx:coord>12.047474 51.554203 118.428</gx:coord>
        <when>2025-01-01T00:03:25.4203110Z</when>
        <gx:coord>12.048033 51.554054 116.90401</gx:coord>
        <when>2025-01-01T00:03:27.1273110Z</when>
        <gx:coord>12.048033 51.554054 116.90401</gx:coord>
        <when>2025-01-01T00:03:27.1273110Z</when>
        <gx:coord>12.048033 51.554054 116.90401</gx:coord>
        <when>2025-01-01T00:03:30.4203110Z</when>
        <gx:coord>12.048998 51.553772 116.90401</gx:coord>
        <when>2025-01-01T00:03:31.1213110Z</when>
        <gx:coord>12.048998 51.553772 116.90401</gx:coord>
        <when>2025-01-01T00:03:35.0993110Z</when>
        <gx:coord>12.050306 51.55341 115.38001</gx:coord>
        <when>2025-01-01T00:03:35.4203110Z</when>
        <gx:coord>12.051058 51.553215 116.90401</gx:coord>
        <when>2025-01-01T00:03:40.4203110Z</when>
        <gx:coord>12.052668 51.552765 124.524</gx:coord>
        <when>2025-01-01T00:03:45.1203110Z</when>
        <gx:coord>12.055178 51.5521 148.908</gx:coord>
        <when>2025-01-01T00:03:45.4193110Z</when>
        <gx:coord>12.055178 51.5521 148.908</gx:coord>
        <when>2025-01-01T00:03:50.4263110Z</when>
        <gx:coord>12.056766 51.551712 164.148</gx:coord>
        <when>2025-01-01T00:03:53.1213110Z</when>
        <gx:coord>12.058418 51.551327 179.38802</gx:coord>
        <when>2025-01-01T00:03:55.4203110Z</when>
        <gx:coord>12.059233 51.551136 187.008</gx:coord>
        <when>2025-01-01T00:04:00.4653110Z</when>
        <gx:coord>12.060822 51.550747 205.296</gx:coord>
        <when>2025-01-01T00:04:01.1233110Z</when>
        <gx:coord>12.061594 51.550556 211.39201</gx:coord>
        <when>2025-01-01T00:04:05.4203110Z</when>
        <gx:coord>12.063117 51.550213 228.15599</gx:coord>
        <when>2025-01-01T00:04:10.4203110Z</when>
        <gx:coord>12.064662 51.54987 241.872</gx:coord>
        <when>2025-01-01T00:04:11.1193110Z</when>
        <gx:coord>12.065434 51.549675 251.016</gx:coord>
        <when>2025-01-01T00:04:15.4203110Z</when>
        <gx:coord>12.066979 51.54929 267.77997</gx:coord>
        <when>2025-01-01T00:04:19.1213110Z</when>
        <gx:coord>12.068481 51.54888 287.59198</gx:coord>
        <when>2025-01-01T00:04:20.4203110Z</when>
        <gx:coord>12.068481 51.54888 287.59198</gx:coord>
        <when>2025-01-01T00:04:25.4253110Z</when>
        <gx:coord>12.070842 51.548325 307.404</gx:coord>
        <when>2025-01-01T00:04:29.1123110Z</when>
        <gx:coord>12.0724945 51.54798 318.07202</gx:coord>
        <when>2025-01-01T00:04:30.4203110Z</when>
        <gx:coord>12.0724945 51.54798 318.07202</gx:coord>
        <when>2025-01-01T00:04:35.4203110Z</when>
        <gx:coord>12.07509 51.547443 339.40802</gx:coord>
        <when>2025-01-01T00:04:39.1193110Z</when>
        <gx:coord>12.076828 51.54708 353.12402</gx:coord>
        <when>2025-01-01T00:04:40.4203110Z</when>
        <gx:coord>12.076828 51.54708 353.12402</gx:coord>
        <when>2025-01-01T00:04:45.4203110Z</when>
        <gx:coord>12.079403 51.546585 372.93597</gx:coord>
        <when>2025-01-01T00:04:49.1233110Z</when>
        <gx:coord>12.081163 51.546265 388.17606</gx:coord>
        <when>2025-01-01T00:04:50.4203110Z</when>
        <gx:coord>12.081163 51.546265 388.17606</gx:coord>
        <when>2025-01-01T00:04:55.1173110Z</when>
        <gx:coord>12.083845 51.545834 401.89197</gx:coord>
        <when>2025-01-01T00:04:55.4203110Z</when>
        <gx:coord>12.083845 51.545834 414.08398</gx:coord>
        <when>2025-01-01T00:04:57.1123110Z</when>
        <gx:coord>12.084746 51.545708 421.70398</gx:coord>
        <when>2025-01-01T00:05:00.4423110Z</when>
        <gx:coord>12.085669 51.545578 429.32397</gx:coord>
        <when>2025-01-01T00:05:03.1163110Z</when>
        <gx:coord>12.086592 51.54549 435.41998</gx:coord>
        <when>2025-01-01T00:05:05.1163110Z</when>
        <gx:coord>12.088394 51.545364 452.18402</gx:coord>
        <when>2025-01-01T00:05:05.4203110Z</when>
        <gx:coord>12.088394 51.545364 452.18402</gx:coord>
        <when>2025-01-01T00:05:10.4193110Z</when>
        <gx:coord>12.090154 51.54532 468.94803</gx:coord>
        <when>2025-01-01T00:05:13.1183110Z</when>
        <gx:coord>12.091956 51.545364 482.664</gx:coord>
        <when>2025-01-01T00:05:15.4203110Z</when>
        <gx:coord>12.092836 51.545383 491.80798</gx:coord>
        <when>2025-01-01T00:05:17.1153110Z</when>
        <gx:coord>12.092836 51.545383 491.80798</gx:coord>
        <when>2025-01-01T00:05:20.4203110Z</when>
        <gx:coord>12.094574 51.54549 510.096</gx:coord>
        <when>2025-01-01T00:05:21.1193110Z</when>
        <gx:coord>12.095432 51.545555 514.66797</gx:coord>
        <when>2025-01-01T00:05:25.4203110Z</when>
        <gx:coord>12.09717 51.545727 528.384</gx:coord>
        <when>2025-01-01T00:05:30.4193110Z</when>
        <gx:coord>12.0988655 51.545986 543.62396</gx:coord>
        <when>2025-01-01T00:05:31.1203110Z</when>
        <gx:coord>12.099724 51.546112 552.768</gx:coord>
        <when>2025-01-01T00:05:35.4203110Z</when>
        <gx:coord>12.1013975 51.54637 563.436</gx:coord>
        <when>2025-01-01T00:05:37.1143110Z</when>
        <gx:coord>12.1013975 51.54637 563.436</gx:coord>
        <when>2025-01-01T00:05:40.4253110Z</when>
        <gx:coord>12.103071 51.546715 575.628</gx:coord>
        <when>2025-01-01T00:05:41.1173110Z</when>
        <gx:coord>12.103909 51.546886 583.248</gx:coord>
        <when>2025-01-01T00:05:45.4203110Z</when>
        <gx:coord>12.105581 51.54723 598.488</gx:coord>
        <when>2025-01-01T00:05:50.4203110Z</when>
        <gx:coord>12.107277 51.5474 612.204</gx:coord>
        <when>2025-01-01T00:05:51.1233110Z</when>
        <gx:coord>12.107277 51.5474 612.204</gx:coord>
        <when>2025-01-01T00:05:51.1243110Z</when>
        <gx:coord>12.108156 51.547424 618.3</gx:coord>
        <when>2025-01-01T00:05:55.4293110Z</when>
        <gx:coord>12.109959 51.547337 624.396</gx:coord>
        <when>2025-01-01T00:05:57.1183110Z</when>
        <gx:coord>12.110882 51.54727 624.396</gx:coord>
        <when>2025-01-01T00:06:00.4603110Z</when>
        <gx:coord>12.111847 51.547207 627.444</gx:coord>
        <when>2025-01-01T00:06:01.1163110Z</when>
        <gx:coord>12.111847 51.547207 627.444</gx:coord>
        <when>2025-01-01T00:06:05.4203110Z</when>
        <gx:coord>12.114851 51.547016 633.54</gx:coord>
        <when>2025-01-01T00:06:10.4203110Z</when>
        <gx:coord>12.116933 51.546886 632.016</gx:coord>
        <when>2025-01-01T00:06:15.4203110Z</when>
        <gx:coord>12.120194 51.54678 630.49207</gx:coord>
        <when>2025-01-01T00:06:19.1213110Z</when>
        <gx:coord>12.12131 51.546757 630.49207</gx:coord>
        <when>2025-01-01T00:06:20.4203110Z</when>
        <gx:coord>12.122448 51.546738 630.49207</gx:coord>
        <when>2025-01-01T00:06:25.4203110Z</when>
        <gx:coord>12.125859 51.54665 632.016</gx:coord>
        <when>2025-01-01T00:06:30.4233110Z</when>
        <gx:coord>12.128177 51.546627 628.96796</gx:coord>
        <when>2025-01-01T00:06:35.4423110Z</when>
        <gx:coord>12.13161 51.546585 636.58795</gx:coord>
        <when>2025-01-01T00:06:40.4423110Z</when>
        <gx:coord>12.133799 51.546436 647.256</gx:coord>
        <when>2025-01-01T00:06:41.1103110Z</when>
        <gx:coord>12.133799 51.546436 647.256</gx:coord>
        <when>2025-01-01T00:06:41.1103110Z</when>
        <gx:coord>12.134829 51.546284 651.828</gx:coord>
        <when>2025-01-01T00:06:45.4263110Z</when>
        <gx:coord>12.1368885 51.546093 657.92395</gx:coord>
        <when>2025-01-01T00:06:47.1203110Z</when>
        <gx:coord>12.137939 51.546005 657.92395</gx:coord>
        <when>2025-01-01T00:06:50.4213110Z</when>
        <gx:coord>12.139013 51.54592 656.39996</gx:coord>
        <when>2025-01-01T00:06:55.4213110Z</when>
        <gx:coord>12.142361 51.54562 650.30396</gx:coord>
        <when>2025-01-01T00:07:00.4573110Z</when>
        <gx:coord>12.144656 51.545383 648.77997</gx:coord>
        <when>2025-01-01T00:07:05.4213110Z</when>
        <gx:coord>12.148132 51.545082 653.352</gx:coord>
        <when>2025-01-01T00:07:10.4213110Z</when>
        <gx:coord>12.15045 51.54491 654.876</gx:coord>
        <when>2025-01-01T00:07:15.4213110Z</when>
        <gx:coord>12.153904 51.544632 665.54407</gx:coord>
        <when>2025-01-01T00:07:20.4203110Z</when>
        <gx:coord>12.1562 51.54446 667.068</gx:coord>
        <when>2025-01-01T00:07:25.4213110Z</when>
        <gx:coord>12.159655 51.544224 670.11597</gx:coord>
        <when>2025-01-01T00:07:30.4203110Z</when>
        <gx:coord>12.161951 51.544052 673.164</gx:coord>
        <when>2025-01-01T00:07:35.1263110Z</when>
        <gx:coord>12.165405 51.543755 677.73596</gx:coord>
        <when>2025-01-01T00:07:35.4213110Z</when>
        <gx:coord>12.165405 51.543755 680.784</gx:coord>
        <when>2025-01-01T00:07:37.1133110Z</when>
        <gx:coord>12.166543 51.543648 683.832</gx:coord>
        <when>2025-01-01T00:07:40.4203110Z</when>
        <gx:coord>12.167681 51.543537 691.45197</gx:coord>
        <when>2025-01-01T00:07:45.4253110Z</when>
        <gx:coord>12.17107 51.54324 696.024</gx:coord>
        <when>2025-01-01T00:07:50.4203110Z</when>
        <gx:coord>12.173302 51.543022 697.548</gx:coord>
        <when>2025-01-01T00:07:55.4213110Z</when>
        <gx:coord>12.176757 51.54281 689.928</gx:coord>
        <when>2025-01-01T00:08:00.4593110Z</when>
        <gx:coord>12.179138 51.54266 685.35596</gx:coord>
        <when>2025-01-01T00:08:05.4243110Z</when>
        <gx:coord>12.182722 51.54238 676.212</gx:coord>
        <when>2025-01-01T00:08:29.6243110Z</when>
        <gx:coord>12.192486 51.541477 668.592</gx:coord>
        <when>2025-01-01T00:08:29.9453110Z</when>
        <gx:coord>12.19727 51.541027 671.63995</gx:coord>
        <when>2025-01-01T00:08:35.0773110Z</when>
        <gx:coord>12.199674 51.54077 671.63995</gx:coord>
        <when>2025-01-01T00:08:40.0783110Z</when>
        <gx:coord>12.2033 51.54043 674.688</gx:coord>
        <when>2025-01-01T00:08:45.0783110Z</when>
        <gx:coord>12.205704 51.54019 676.212</gx:coord>
        <when>2025-01-01T00:08:50.0783110Z</when>
        <gx:coord>12.2093725 51.539806 679.2601</gx:coord>
        <when>2025-01-01T00:08:53.1223110Z</when>
        <gx:coord>12.210596 51.539677 680.784</gx:coord>
        <when>2025-01-01T00:08:55.0983110Z</when>
        <gx:coord>12.211819 51.539783 680.784</gx:coord>
        <when>2025-01-01T00:09:00.0783110Z</when>
        <gx:coord>12.215338 51.539978 689.928</gx:coord>
        <when>2025-01-01T00:09:01.1203110Z</when>
        <gx:coord>12.215338 51.539978 689.928</gx:coord>
        <when>2025-01-01T00:09:05.0783110Z</when>
        <gx:coord>12.217848 51.539055 692.97595</gx:coord>
        <when>2025-01-01T00:09:05.1173110Z</when>
        <gx:coord>12.218986 51.538902 692.97595</gx:coord>
        <when>2025-01-01T00:09:10.0773110Z</when>
        <gx:coord>12.221325 51.538647 685.35596</gx:coord>
        <when>2025-01-01T00:09:15.0783110Z</when>
        <gx:coord>12.22377 51.53841 680.784</gx:coord>
        <when>2025-01-01T00:09:19.7693110Z</when>
        <gx:coord>12.227461 51.538174 680.784</gx:coord>
        <when>2025-01-01T00:09:21.5833110Z</when>
        <gx:coord>12.228684 51.53811 680.784</gx:coord>
        <when>2025-01-01T00:09:22.7883110Z</when>
        <gx:coord>12.228684 51.53811 680.784</gx:coord>
        <when>2025-01-01T00:09:27.7903110Z</when>
        <gx:coord>12.232311 51.537872 682.308</gx:coord>
        <when>2025-01-01T00:09:32.7903110Z</when>
        <gx:coord>12.2347355 51.537724 682.308</gx:coord>
        <when>2025-01-01T00:09:37.7903110Z</when>
        <gx:coord>12.238361 51.537487 676.212</gx:coord>
        <when>2025-01-01T00:09:42.7903110Z</when>
        <gx:coord>12.240829 51.537273 673.164</gx:coord>
        <when>2025-01-01T00:09:47.7893110Z</when>
        <gx:coord>12.244541 51.536907 682.308</gx:coord>
        <when>2025-01-01T00:09:49.1203110Z</when>
        <gx:coord>12.245787 51.5368 682.308</gx:coord>
        <when>2025-01-01T00:09:52.7903110Z</when>
        <gx:coord>12.247009 51.536694 685.35596</gx:coord>
        <when>2025-01-01T00:09:57.7903110Z</when>
        <gx:coord>12.250635 51.536392 692.97595</gx:coord>
        <when>2025-01-01T00:10:02.7903110Z</when>
        <gx:coord>12.253038 51.5362 693.756</gx:coord>
        <when>2025-01-01T00:10:07.7903110Z</when>
        <gx:coord>12.256643 51.53592 696.8041</gx:coord>
        <when>2025-01-01T00:10:12.7893110Z</when>
        <gx:coord>12.258983 51.535706 701.37604</gx:coord>
        <when>2025-01-01T00:10:17.7903110Z</when>
        <gx:coord>12.26248 51.535408 693.756</gx:coord>
        <when>2025-01-01T00:10:22.8143110Z</when>
        <gx:coord>12.264862 51.535213 686.136</gx:coord>
        <when>2025-01-01T00:10:27.7903110Z</when>
        <gx:coord>12.268446 51.534954 683.0881</gx:coord>
        <when>2025-01-01T00:10:32.7903110Z</when>
        <gx:coord>12.270805 51.53472 681.5641</gx:coord>
        <when>2025-01-01T00:10:35.1193110Z</when>
        <gx:coord>12.273167 51.534485 680.04004</gx:coord>
        <when>2025-01-01T00:10:37.7903110Z</when>
        <gx:coord>12.274368 51.53442 672.42</gx:coord>
        <when>2025-01-01T00:10:42.7903110Z</when>
        <gx:coord>12.276835 51.53425 669.372</gx:coord>
        <when>2025-01-01T00:10:47.7903110Z</when>
        <gx:coord>12.28059 51.534035 664.8</gx:coord>
        <when>2025-01-01T00:10:52.7903110Z</when>
        <gx:coord>12.283101 51.53386 661.7521</gx:coord>
        <when>2025-01-01T00:10:57.7903110Z</when>
        <gx:coord>12.286856 51.533516 664.8</gx:coord>
        <when>2025-01-01T00:11:02.7903110Z</when>
        <gx:coord>12.289281 51.53326 660.2281</gx:coord>
        <when>2025-01-01T00:11:07.1213110Z</when>
        <gx:coord>12.292972 51.533005 652.60803</gx:coord>
        <when>2025-01-01T00:11:07.7903110Z</when>
        <gx:coord>12.292972 51.533005 652.60803</gx:coord>
        <when>2025-01-01T00:11:19.1073110Z</when>
        <gx:coord>12.30031 51.532616 652.60803</gx:coord>
        <when>2025-01-01T00:11:19.2213110Z</when>
        <gx:coord>12.30031 51.532616 657.18</gx:coord>
        <when>2025-01-01T00:11:24.2223110Z</when>
        <gx:coord>12.302756 51.532444 661.7521</gx:coord>
        <when>2025-01-01T00:11:29.2223110Z</when>
        <gx:coord>12.306469 51.53219 663.276</gx:coord>
        <when>2025-01-01T00:11:34.2223110Z</when>
        <gx:coord>12.308979 51.531994 660.2281</gx:coord>
        <when>2025-01-01T00:11:35.1203110Z</when>
        <gx:coord>12.308979 51.531994 660.2281</gx:coord>
        <when>2025-01-01T00:11:39.2223110Z</when>
        <gx:coord>12.3127985 51.531715 654.1321</gx:coord>
        <when>2025-01-01T00:11:44.2223110Z</when>
        <gx:coord>12.3153305 51.531544 652.60803</gx:coord>
        <when>2025-01-01T00:11:49.2233110Z</when>
        <gx:coord>12.319042 51.53129 655.656</gx:coord>
        <when>2025-01-01T00:11:54.2223110Z</when>
        <gx:coord>12.321445 51.531094 651.084</gx:coord>
        <when>2025-01-01T00:11:59.2223110Z</when>
        <gx:coord>12.325029 51.53071 648.036</gx:coord>
        <when>2025-01-01T00:12:03.1203110Z</when>
        <gx:coord>12.32739 51.530426 648.036</gx:coord>
        <when>2025-01-01T00:12:04.2223110Z</when>
        <gx:coord>12.32739 51.530426 646.5121</gx:coord>
        <when>2025-01-01T00:12:09.2223110Z</when>
        <gx:coord>12.330909 51.529915 646.5121</gx:coord>
        <when>2025-01-01T00:12:14.2223110Z</when>
        <gx:coord>12.333269 51.529633 646.5121</gx:coord>
        <when>2025-01-01T00:12:19.2483110Z</when>
        <gx:coord>12.336831 51.52927 658.704</gx:coord>
        <when>2025-01-01T00:12:37.4333110Z</when>
        <gx:coord>12.347239 51.52843 660.2281</gx:coord>
        <when>2025-01-01T00:12:42.4353110Z</when>
        <gx:coord>12.349598 51.528305 660.2281</gx:coord>
        <when>2025-01-01T00:12:47.4353110Z</when>
        <gx:coord>12.353161 51.52807 654.1321</gx:coord>
        <when>2025-01-01T00:12:49.1303110Z</when>
        <gx:coord>12.3543625 51.52796 654.1321</gx:coord>
        <when>2025-01-01T00:12:52.4353110Z</when>
        <gx:coord>12.355542 51.527874 654.1321</gx:coord>
        <when>2025-01-01T00:12:57.4353110Z</when>
        <gx:coord>12.35919 51.527573 648.036</gx:coord>
        <when>2025-01-01T00:13:02.4353110Z</when>
        <gx:coord>12.361679 51.5274 644.98804</gx:coord>
        <when>2025-01-01T00:13:07.4353110Z</when>
        <gx:coord>12.365327 51.527145 641.94</gx:coord>
        <when>2025-01-01T00:13:12.4353110Z</when>
        <gx:coord>12.367687 51.52693 648.036</gx:coord>
        <when>2025-01-01T00:13:17.4353110Z</when>
        <gx:coord>12.371163 51.526608 651.084</gx:coord>
        <when>2025-01-01T00:13:22.4353110Z</when>
        <gx:coord>12.373567 51.52646 651.084</gx:coord>
        <when>2025-01-01T00:13:27.4353110Z</when>
        <gx:coord>12.377257 51.526245 646.5121</gx:coord>
        <when>2025-01-01T00:13:32.4353110Z</when>
        <gx:coord>12.379683 51.52605 643.464</gx:coord>
        <when>2025-01-01T00:13:35.1233110Z</when>
        <gx:coord>12.382086 51.525795 643.464</gx:coord>
        <when>2025-01-01T00:13:37.4703110Z</when>
        <gx:coord>12.383287 51.525665 646.5121</gx:coord>
        <when>2025-01-01T00:13:42.4353110Z</when>
        <gx:coord>12.385712 51.52545 648.036</gx:coord>
        <when>2025-01-01T00:13:47.4353110Z</when>
        <gx:coord>12.389296 51.52511 646.5121</gx:coord>
        <when>2025-01-01T00:13:52.4353110Z</when>
        <gx:coord>12.391699 51.52489 646.5121</gx:coord>
        <when>2025-01-01T00:15:21.8623110Z</when>
        <gx:coord>12.4086075 51.523476 649.56</gx:coord>
        <when>2025-01-01T00:15:21.8723110Z</when>
        <gx:coord>12.420473 51.52247 684.612</gx:coord>
        <when>2025-01-01T00:15:21.8733110Z</when>
        <gx:coord>12.42985 51.52189 707.472</gx:coord>
        <when>2025-01-01T00:15:21.8783110Z</when>
        <gx:coord>12.435622 51.52176 708.99603</gx:coord>
        <when>2025-01-01T00:15:21.9163110Z</when>
        <gx:coord>12.441481 51.521523 702.9001</gx:coord>
        <when>2025-01-01T00:15:21.9163110Z</when>
        <gx:coord>12.442532 51.521374 698.328</gx:coord>
        <when>2025-01-01T00:15:21.9173110Z</when>
        <gx:coord>12.443819 51.521458 693.756</gx:coord>
        <when>2025-01-01T00:15:22.1723110Z</when>
        <gx:coord>12.445 51.521416 689.1841</gx:coord>
        <when>2025-01-01T00:16:02.2183110Z</when>
        <gx:coord>12.4486685 51.521202 675.4681</gx:coord>
        <when>2025-01-01T00:16:02.2343110Z</when>
        <gx:coord>12.462788 51.52 696.8041</gx:coord>
        <when>2025-01-01T00:16:02.5763110Z</when>
        <gx:coord>12.470384 51.51927 696.8041</gx:coord>
        <when>2025-01-01T00:17:02.2883110Z</when>
        <gx:coord>12.489117 51.5171 704.424</gx:coord>
        <when>2025-01-01T00:17:02.2903110Z</when>
        <gx:coord>12.500381 51.51575 715.092</gx:coord>
        <when>2025-01-01T00:17:02.2903110Z</when>
        <gx:coord>12.504244 51.51526 718.1401</gx:coord>
        <when>2025-01-01T00:17:02.5723110Z</when>
        <gx:coord>12.508041 51.514614 721.188</gx:coord>
        <when>2025-01-01T00:17:07.5733110Z</when>
        <gx:coord>12.511797 51.51401 734.904</gx:coord>
        <when>2025-01-01T00:17:12.5733110Z</when>
        <gx:coord>12.514286 51.513733 742.524</gx:coord>
        <when>2025-01-01T00:17:13.1263110Z</when>
        <gx:coord>12.5155525 51.513626 742.524</gx:coord>
        <when>2025-01-01T00:17:17.5733110Z</when>
        <gx:coord>12.518127 51.51339 731.8561</gx:coord>
        <when>2025-01-01T00:17:22.5733110Z</when>
        <gx:coord>12.520723 51.513176 733.38</gx:coord>
        <when>2025-01-01T00:17:45.5913110Z</when>
        <gx:coord>12.536022 51.51191 705.948</gx:coord>
        <when>2025-01-01T00:17:50.5923110Z</when>
        <gx:coord>12.538555 51.511673 708.99603</gx:coord>
        <when>2025-01-01T00:17:55.1313110Z</when>
        <gx:coord>12.542374 51.51133 699.852</gx:coord>
        <when>2025-01-01T00:17:55.5923110Z</when>
        <gx:coord>12.542374 51.51133 692.232</gx:coord>
        <when>2025-01-01T00:17:59.1303110Z</when>
        <gx:coord>12.544992 51.511093 681.5641</gx:coord>
        <when>2025-01-01T00:18:00.5933110Z</when>
        <gx:coord>12.544992 51.511093 681.5641</gx:coord>
        <when>2025-01-01T00:18:05.6163110Z</when>
        <gx:coord>12.548876 51.510666 673.9441</gx:coord>
        <when>2025-01-01T00:18:10.5933110Z</when>
        <gx:coord>12.551451 51.510406 666.32404</gx:coord>
        <when>2025-01-01T00:18:13.1223110Z</when>
        <gx:coord>12.554047 51.510193 651.084</gx:coord>
        <when>2025-01-01T00:18:15.5923110Z</when>
        <gx:coord>12.555334 51.510086 649.56</gx:coord>
        <when>2025-01-01T00:18:20.5923110Z</when>
        <gx:coord>12.557845 51.509872 644.98804</gx:coord>
        <when>2025-01-01T00:18:25.5923110Z</when>
        <gx:coord>12.561665 51.50953 646.5121</gx:coord>
        <when>2025-01-01T00:18:30.5933110Z</when>
        <gx:coord>12.564197 51.50927 648.036</gx:coord>
        <when>2025-01-01T00:18:35.5933110Z</when>
        <gx:coord>12.567973 51.50899 644.98804</gx:coord>
        <when>2025-01-01T00:18:37.1233110Z</when>
        <gx:coord>12.569261 51.50895 644.98804</gx:coord>
        <when>2025-01-01T00:18:40.5933110Z</when>
        <gx:coord>12.570526 51.508884 648.036</gx:coord>
        <when>2025-01-01T00:18:45.6153110Z</when>
        <gx:coord>12.574282 51.50867 657.18</gx:coord>
        <when>2025-01-01T00:18:50.5933110Z</when>
        <gx:coord>12.576706 51.50854 663.276</gx:coord>
        <when>2025-01-01T00:19:52.8913110Z</when>
        <gx:coord>12.59634 51.506676 648.036</gx:coord>
        <when>2025-01-01T00:19:52.8913110Z</when>
        <gx:coord>12.59634 51.506676 651.084</gx:coord>
        <when>2025-01-01T00:19:52.8933110Z</when>
        <gx:coord>12.599902 51.50648 657.18</gx:coord>
        <when>2025-01-01T00:19:52.8943110Z</when>
        <gx:coord>12.60104 51.50603 655.656</gx:coord>
        <when>2025-01-01T00:19:53.2253110Z</when>
        <gx:coord>12.614965 51.504913 658.704</gx:coord>
        <when>2025-01-01T00:19:58.2263110Z</when>
        <gx:coord>12.617262 51.504723 666.32404</gx:coord>
        <when>2025-01-01T00:20:01.1163110Z</when>
        <gx:coord>12.618399 51.504658 667.8481</gx:coord>
        <when>2025-01-01T00:20:03.2263110Z</when>
        <gx:coord>12.620673 51.50455 666.32404</gx:coord>
        <when>2025-01-01T00:20:07.1273110Z</when>
        <gx:coord>12.622927 51.50442 667.8481</gx:coord>
        <when>2025-01-01T00:20:08.2263110Z</when>
        <gx:coord>12.622927 51.50442 666.32404</gx:coord>
        <when>2025-01-01T00:20:13.2263110Z</when>
        <gx:coord>12.626274 51.504227 663.276</gx:coord>
        <when>2025-01-01T00:20:18.2263110Z</when>
        <gx:coord>12.628506 51.504055 657.18</gx:coord>
        <when>2025-01-01T00:20:23.2363110Z</when>
        <gx:coord>12.631874 51.503822 649.56</gx:coord>
        <when>2025-01-01T00:20:28.2263110Z</when>
        <gx:coord>12.6342125 51.503628 641.94</gx:coord>
        <when>2025-01-01T00:20:33.2263110Z</when>
        <gx:coord>12.6377535 51.50337 643.464</gx:coord>
        <when>2025-01-01T00:20:38.2273110Z</when>
        <gx:coord>12.640093 51.503197 640.4161</gx:coord>
        <when>2025-01-01T00:20:43.2353110Z</when>
        <gx:coord>12.643633 51.50294 631.27203</gx:coord>
        <when>2025-01-01T00:20:48.2273110Z</when>
        <gx:coord>12.64595 51.50264 629.748</gx:coord>
        <when>2025-01-01T00:20:53.2633110Z</when>
        <gx:coord>12.649426 51.502274 623.65204</gx:coord>
        <when>2025-01-01T00:20:55.1303110Z</when>
        <gx:coord>12.650585 51.502125 623.65204</gx:coord>
        <when>2025-01-01T00:20:58.2273110Z</when>
        <gx:coord>12.651701 51.501976 635.844</gx:coord>
        <when>2025-01-01T00:21:03.2273110Z</when>
        <gx:coord>12.655091 51.501526 634.32</gx:coord>
        <when>2025-01-01T00:21:08.2273110Z</when>
        <gx:coord>12.657452 51.50131 635.844</gx:coord>
        <when>2025-01-01T00:21:13.2373110Z</when>
        <gx:coord>12.661099 51.501053 646.5121</gx:coord>
        <when>2025-01-01T00:21:18.2273110Z</when>
        <gx:coord>12.663567 51.50086 649.56</gx:coord>
        <when>2025-01-01T00:21:23.2273110Z</when>
        <gx:coord>12.667343 51.500603 654.1321</gx:coord>
        <when>2025-01-01T00:21:28.2273110Z</when>
        <gx:coord>12.669876 51.50041 654.1321</gx:coord>
        <when>2025-01-01T00:21:33.2273110Z</when>
        <gx:coord>12.673609 51.500153 654.1321</gx:coord>
        <when>2025-01-01T00:21:37.4753110Z</when>
        <gx:coord>12.676077 51.500065 654.1321</gx:coord>
        <when>2025-01-01T00:21:39.1253110Z</when>
        <gx:coord>12.677321 51.500046 654.1321</gx:coord>
        <when>2025-01-01T00:21:41.7313110Z</when>
        <gx:coord>12.678566 51.5 646.5121</gx:coord>
        <when>2025-01-01T00:21:57.6443110Z</when>
        <gx:coord>12.683587 51.499893 623.65204</gx:coord>
        <when>2025-01-01T00:21:57.6463110Z</when>
        <gx:coord>12.684853 51.49987 616.032</gx:coord>
        <when>2025-01-01T00:21:57.9913110Z</when>
        <gx:coord>12.688715 51.49981 608.412</gx:coord>
        <when>2025-01-01T00:22:02.9923110Z</when>
        <gx:coord>12.691204 51.499744 616.032</gx:coord>
        <when>2025-01-01T00:22:07.9913110Z</when>
        <gx:coord>12.694917 51.49968 625.1761</gx:coord>
        <when>2025-01-01T00:22:12.9913110Z</when>
        <gx:coord>12.697384 51.499615 634.32</gx:coord>
        <when>2025-01-01T00:22:17.9913110Z</when>
        <gx:coord>12.70116 51.49942 643.464</gx:coord>
        <when>2025-01-01T00:22:19.1193110Z</when>
        <gx:coord>12.702448 51.499336 648.036</gx:coord>
        <when>2025-01-01T00:22:22.9913110Z</when>
        <gx:coord>12.703714 51.49925 648.036</gx:coord>
        <when>2025-01-01T00:22:23.1213110Z</when>
        <gx:coord>12.704981 51.499165 648.036</gx:coord>
        <when>2025-01-01T00:22:27.9943110Z</when>
        <gx:coord>12.707512 51.498993 640.4161</gx:coord>
        <when>2025-01-01T00:22:32.9913110Z</when>
        <gx:coord>12.710023 51.498863 637.368</gx:coord>
        <when>2025-01-01T00:22:37.9913110Z</when>
        <gx:coord>12.713736 51.49869 646.5121</gx:coord>
        <when>2025-01-01T00:22:42.9913110Z</when>
        <gx:coord>12.716139 51.49856 657.18</gx:coord>
        <when>2025-01-01T00:22:45.1163110Z</when>
        <gx:coord>12.717276 51.498413 664.8</gx:coord>
        <when>2025-01-01T00:22:47.9913110Z</when>
        <gx:coord>12.719464 51.49794 672.42</gx:coord>
        <when>2025-01-01T00:22:49.1003110Z</when>
        <gx:coord>12.719464 51.49794 672.42</gx:coord>
        <when>2025-01-01T00:22:52.9923110Z</when>
        <gx:coord>12.72146 51.497147 667.8481</gx:coord>
        <when>2025-01-01T00:22:53.1183110Z</when>
        <gx:coord>12.72146 51.497147 667.8481</gx:coord>
        <when>2025-01-01T00:22:57.1133110Z</when>
        <gx:coord>12.723263 51.496033 660.2281</gx:coord>
        <when>2025-01-01T00:22:58.0023110Z</when>
        <gx:coord>12.724013 51.495365 661.7521</gx:coord>
        <when>2025-01-01T00:23:01.1203110Z</when>
        <gx:coord>12.724636 51.49466 664.8</gx:coord>
        <when>2025-01-01T00:23:02.9923110Z</when>
        <gx:coord>12.725151 51.493908 664.8</gx:coord>
        <when>2025-01-01T00:23:07.1243110Z</when>
        <gx:coord>12.726395 51.491524 661.7521</gx:coord>
        <when>2025-01-01T00:23:07.9923110Z</when>
        <gx:coord>12.726395 51.491524 657.18</gx:coord>
        <when>2025-01-01T00:23:11.1253110Z</when>
        <gx:coord>12.727297 51.489895 651.084</gx:coord>
        <when>2025-01-01T00:23:12.9923110Z</when>
        <gx:coord>12.727297 51.489895 644.98804</gx:coord>
        <when>2025-01-01T00:23:13.1173110Z</when>
        <gx:coord>12.727297 51.489895 644.98804</gx:coord>
        <when>2025-01-01T00:23:17.9923110Z</when>
        <gx:coord>12.72867 51.487343 638.8921</gx:coord>
        <when>2025-01-01T00:23:22.9923110Z</when>
        <gx:coord>12.729485 51.48567 634.32</gx:coord>
        <when>2025-01-01T00:23:27.9923110Z</when>
        <gx:coord>12.730794 51.483177 632.7961</gx:coord>
        <when>2025-01-01T00:23:32.9923110Z</when>
        <gx:coord>12.731738 51.48159 637.368</gx:coord>
        <when>2025-01-01T00:23:37.9923110Z</when>
        <gx:coord>12.7330475 51.47921 643.464</gx:coord>
        <when>2025-01-01T00:23:41.1213110Z</when>
        <gx:coord>12.733477 51.478436 646.5121</gx:coord>
        <when>2025-01-01T00:23:42.9933110Z</when>
        <gx:coord>12.733884 51.477665 651.084</gx:coord>
        <when>2025-01-01T00:23:47.9923110Z</when>
        <gx:coord>12.735149 51.475452 657.18</gx:coord>
        <when>2025-01-01T00:23:51.1183110Z</when>
        <gx:coord>12.735966 51.474037 663.276</gx:coord>
        <when>2025-01-01T00:23:53.0293110Z</when>
        <gx:coord>12.735966 51.474037 667.8481</gx:coord>
        <when>2025-01-01T00:23:58.0363110Z</when>
        <gx:coord>12.737167 51.471977 676.992</gx:coord>
        <when>2025-01-01T00:24:01.1203110Z</when>
        <gx:coord>12.737918 51.470562 680.04004</gx:coord>
        <when>2025-01-01T00:24:02.9933110Z</when>
        <gx:coord>12.737918 51.470562 680.04004</gx:coord>
        <when>2025-01-01T00:24:07.9933110Z</when>
        <gx:coord>12.739012 51.468414 689.1841</gx:coord>
        <when>2025-01-01T00:24:12.9933110Z</when>
        <gx:coord>12.739742 51.467 699.852</gx:coord>
        <when>2025-01-01T00:24:15.1243110Z</when>
        <gx:coord>12.740493 51.46556 713.568</gx:coord>
        <when>2025-01-01T00:24:17.9933110Z</when>
        <gx:coord>12.740836 51.464832 719.664</gx:coord>
        <when>2025-01-01T00:24:22.9943110Z</when>
        <gx:coord>12.741587 51.46337 724.2361</gx:coord>
        <when>2025-01-01T00:24:27.9933110Z</when>
        <gx:coord>12.742596 51.461098 734.904</gx:coord>
        <when>2025-01-01T00:24:32.9943110Z</when>
        <gx:coord>12.743154 51.459534 741</gx:coord>
        <when>2025-01-01T00:24:33.1133110Z</when>
        <gx:coord>12.743154 51.459534 741</gx:coord>
        <when>2025-01-01T00:24:33.1133110Z</when>
        <gx:coord>12.743368 51.458736 744.04803</gx:coord>
        <when>2025-01-01T00:24:35.1283110Z</when>
        <gx:coord>12.743583 51.457943 744.04803</gx:coord>
        <when>2025-01-01T00:24:37.9933110Z</when>
        <gx:coord>12.743776 51.45715 748.62</gx:coord>
        <when>2025-01-01T00:24:42.9943110Z</when>
        <gx:coord>12.744141 51.45558 756.24</gx:coord>
        <when>2025-01-01T00:24:47.9933110Z</when>
        <gx:coord>12.744613 51.45316 753.1921</gx:coord>
        <when>2025-01-01T00:24:52.9943110Z</when>
        <gx:coord>12.744913 51.45155 753.1921</gx:coord>
        <when>2025-01-01T00:24:58.0303110Z</when>
        <gx:coord>12.745299 51.449104 759.2881</gx:coord>
        <when>2025-01-01T00:25:02.9943110Z</when>
        <gx:coord>12.745535 51.447517 760.8121</gx:coord>
        <when>2025-01-01T00:25:07.9933110Z</when>
        <gx:coord>12.746094 51.44509 762.336</gx:coord>
        <when>2025-01-01T00:25:12.9943110Z</when>
        <gx:coord>12.746565 51.443417 769.956</gx:coord>
        <when>2025-01-01T00:25:17.1203110Z</when>
        <gx:coord>12.747445 51.440884 773.0041</gx:coord>
        <when>2025-01-01T00:25:17.1203110Z</when>
        <gx:coord>12.747445 51.440884 776.052</gx:coord>
        <when>2025-01-01T00:25:17.9943110Z</when>
        <gx:coord>12.747445 51.440884 776.052</gx:coord>
        <when>2025-01-01T00:25:22.9943110Z</when>
        <gx:coord>12.748024 51.439213 774.5281</gx:coord>
        <when>2025-01-01T00:25:27.1083110Z</when>
        <gx:coord>12.748325 51.437496 769.956</gx:coord>
        <when>2025-01-01T00:25:27.9943110Z</when>
        <gx:coord>12.748389 51.436592 765.38403</gx:coord>
        <when>2025-01-01T00:25:32.9943110Z</when>
        <gx:coord>12.748518 51.43475 757.76404</gx:coord>
        <when>2025-01-01T00:25:37.9943110Z</when>
        <gx:coord>12.7487545 51.432022 760.8121</gx:coord>
        <when>2025-01-01T00:25:42.9943110Z</when>
        <gx:coord>12.748904 51.430286 759.2881</gx:coord>
        <when>2025-01-01T00:25:47.9943110Z</when>
        <gx:coord>12.749162 51.427666 750.144</gx:coord>
        <when>2025-01-01T00:25:52.9943110Z</when>
        <gx:coord>12.749376 51.425972 754.716</gx:coord>
        <when>2025-01-01T00:25:55.1213110Z</when>
        <gx:coord>12.749634 51.424297 756.24</gx:coord>
        <when>2025-01-01T00:25:58.0403110Z</when>
        <gx:coord>12.749784 51.423485 763.86</gx:coord>
        <when>2025-01-01T00:26:02.9943110Z</when>
        <gx:coord>12.750084 51.42183 779.64</gx:coord>
        <when>2025-01-01T00:26:07.9953110Z</when>
        <gx:coord>12.750513 51.41932 790.308</gx:coord>
        <when>2025-01-01T00:26:12.9953110Z</when>
        <gx:coord>12.750814 51.41765 794.88</gx:coord>
        <when>2025-01-01T00:26:17.9943110Z</when>
        <gx:coord>12.7512 51.415134 779.64</gx:coord>
        <when>2025-01-01T00:26:22.9953110Z</when>
        <gx:coord>12.751415 51.413464 776.59204</gx:coord>
        <when>2025-01-01T00:26:27.6973110Z</when>
        <gx:coord>12.751801 51.41093 768.972</gx:coord>
        <when>2025-01-01T00:26:28.7063110Z</when>
        <gx:coord>12.751801 51.41093 768.972</gx:coord>
        <when>2025-01-01T00:26:29.8373110Z</when>
        <gx:coord>12.751886 51.410072 765.924</gx:coord>
        <when>2025-01-01T00:26:37.1323110Z</when>
        <gx:coord>12.752209 51.40754 759.828</gx:coord>
        <when>2025-01-01T00:26:37.6293110Z</when>
        <gx:coord>12.7523155 51.40668 761.352</gx:coord>
        <when>2025-01-01T00:26:39.4173110Z</when>
        <gx:coord>12.752401 51.4058 765.924</gx:coord>
        <when>2025-01-01T00:26:44.4183110Z</when>
        <gx:coord>12.752595 51.404064 773.544</gx:coord>
        <when>2025-01-01T00:26:49.4183110Z</when>
        <gx:coord>12.752852 51.401424 788.784</gx:coord>
        <when>2025-01-01T00:26:54.4193110Z</when>
        <gx:coord>12.753002 51.399685 785.736</gx:coord>
        <when>2025-01-01T00:26:59.4193110Z</when>
        <gx:coord>12.7533455 51.397068 791.83203</gx:coord>
        <when>2025-01-01T00:27:04.4193110Z</when>
        <gx:coord>12.753582 51.39535 805.54803</gx:coord>
        <when>2025-01-01T00:27:05.1153110Z</when>
        <gx:coord>12.753689 51.39447 807.072</gx:coord>
        <when>2025-01-01T00:27:09.4193110Z</when>
        <gx:coord>12.753925 51.392693 804.024</gx:coord>
        <when>2025-01-01T00:27:13.1253110Z</when>
        <gx:coord>12.754097 51.39089 804.024</gx:coord>
        <when>2025-01-01T00:27:14.4193110Z</when>
        <gx:coord>12.754097 51.39089 804.024</gx:coord>
        <when>2025-01-01T00:27:19.4193110Z</when>
        <gx:coord>12.754526 51.38823 807.072</gx:coord>
        <when>2025-01-01T00:27:24.4193110Z</when>
        <gx:coord>12.754784 51.386406 802.5</gx:coord>
        <when>2025-01-01T00:27:29.4193110Z</when>
        <gx:coord>12.755041 51.38357 790.308</gx:coord>
        <when>2025-01-01T00:27:34.4193110Z</when>
        <gx:coord>12.755234 51.38166 790.308</gx:coord>
        <when>2025-01-01T00:27:39.4603110Z</when>
        <gx:coord>12.755642 51.378742 791.83203</gx:coord>
        <when>2025-01-01T00:27:44.4193110Z</when>
        <gx:coord>12.755878 51.37677 791.83203</gx:coord>
        <when>2025-01-01T00:27:45.1083110Z</when>
        <gx:coord>12.755878 51.37677 791.83203</gx:coord>
        <when>2025-01-01T00:27:49.1043110Z</when>
        <gx:coord>12.756114 51.373764 790.308</gx:coord>
        <when>2025-01-01T00:27:49.4193110Z</when>
        <gx:coord>12.756114 51.373764 790.308</gx:coord>
        <when>2025-01-01T00:27:54.4193110Z</when>
        <gx:coord>12.756222 51.37179 787.26</gx:coord>
        <when>2025-01-01T00:27:59.4193110Z</when>
        <gx:coord>12.7565 51.36885 778.116</gx:coord>
        <when>2025-01-01T00:28:01.1143110Z</when>
        <gx:coord>12.756586 51.367844 775.068</gx:coord>
        <when>2025-01-01T00:28:04.4193110Z</when>
        <gx:coord>12.756672 51.366856 773.544</gx:coord>
        <when>2025-01-01T00:28:09.4193110Z</when>
        <gx:coord>12.756865 51.363873 756.78</gx:coord>
        <when>2025-01-01T00:28:14.4193110Z</when>
        <gx:coord>12.756994 51.361855 747.636</gx:coord>
        <when>2025-01-01T00:28:15.1233110Z</when>
        <gx:coord>12.757036 51.360847 743.064</gx:coord>
        <when>2025-01-01T00:28:19.4193110Z</when>
        <gx:coord>12.757208 51.35883 740.016</gx:coord>
        <when>2025-01-01T00:28:23.1213110Z</when>
        <gx:coord>12.757423 51.35688 740.016</gx:coord>
        <when>2025-01-01T00:28:24.4193110Z</when>
        <gx:coord>12.757423 51.35688 740.016</gx:coord>
        <when>2025-01-01T00:28:29.4193110Z</when>
        <gx:coord>12.757788 51.35398 738.492</gx:coord>
        <when>2025-01-01T00:28:34.4203110Z</when>
        <gx:coord>12.758024 51.352093 736.96796</gx:coord>
        <when>2025-01-01T00:28:39.4623110Z</when>
        <gx:coord>12.758368 51.34928 735.44403</gx:coord>
        <when>2025-01-01T00:28:44.4203110Z</when>
        <gx:coord>12.75856 51.347393 733.92</gx:coord>
        <when>2025-01-01T00:28:49.4203110Z</when>
        <gx:coord>12.758797 51.34458 733.92</gx:coord>
        <when>2025-01-01T00:28:54.4203110Z</when>
        <gx:coord>12.759032 51.342716 732.396</gx:coord>
        <when>2025-01-01T00:28:59.1163110Z</when>
        <gx:coord>12.759483 51.339928 732.396</gx:coord>
        <when>2025-01-01T00:28:59.4203110Z</when>
        <gx:coord>12.759483 51.339928 729.348</gx:coord>
        <when>2025-01-01T00:29:04.4203110Z</when>
        <gx:coord>12.759869 51.33804 726.3</gx:coord>
        <when>2025-01-01T00:29:09.4203110Z</when>
        <gx:coord>12.760534 51.335228 724.776</gx:coord>
        <when>2025-01-01T00:29:14.4203110Z</when>
        <gx:coord>12.760942 51.333405 730.872</gx:coord>
        <when>2025-01-01T00:29:15.1153110Z</when>
        <gx:coord>12.760942 51.333405 730.872</gx:coord>
        <when>2025-01-01T00:29:19.4203110Z</when>
        <gx:coord>12.7614355 51.330723 733.92</gx:coord>
        <when>2025-01-01T00:29:24.4203110Z</when>
        <gx:coord>12.761715 51.328896 736.96796</gx:coord>
        <when>2025-01-01T00:29:29.4203110Z</when>
        <gx:coord>12.762036 51.32617 735.44403</gx:coord>
        <when>2025-01-01T00:29:34.4203110Z</when>
        <gx:coord>12.762186 51.32437 730.872</gx:coord>
        <when>2025-01-01T00:29:37.1233110Z</when>
        <gx:coord>12.762358 51.322567 727.82404</gx:coord>
        <when>2025-01-01T00:29:39.4613110Z</when>
        <gx:coord>12.7624655 51.321667 723.252</gx:coord>
        <when>2025-01-01T00:29:44.4203110Z</when>
        <gx:coord>12.762723 51.319862 723.252</gx:coord>
        <when>2025-01-01T00:29:49.4213110Z</when>
        <gx:coord>12.76313 51.317245 729.348</gx:coord>
        <when>2025-01-01T00:29:54.4213110Z</when>
        <gx:coord>12.763432 51.31557 733.92</gx:coord>
        <when>2025-01-01T00:29:59.4213110Z</when>
        <gx:coord>12.763903 51.313103 732.396</gx:coord>
        <when>2025-01-01T00:30:04.4213110Z</when>
        <gx:coord>12.764204 51.31141 732.396</gx:coord>
        <when>2025-01-01T00:30:09.4203110Z</when>
        <gx:coord>12.764633 51.308815 724.776</gx:coord>
        <when>2025-01-01T00:30:14.4213110Z</when>
        <gx:coord>12.764869 51.307053 727.82404</gx:coord>
        <when>2025-01-01T00:30:17.1193110Z</when>
        <gx:coord>12.765062 51.305294 729.348</gx:coord>
        <when>2025-01-01T00:30:19.4213110Z</when>
        <gx:coord>12.765169 51.304413 729.348</gx:coord>
        <when>2025-01-01T00:30:24.4213110Z</when>
        <gx:coord>12.765362 51.302677 727.82404</gx:coord>
        <when>2025-01-01T00:30:29.4213110Z</when>
        <gx:coord>12.765684 51.300144 738.492</gx:coord>
        <when>2025-01-01T00:30:34.4213110Z</when>
        <gx:coord>12.765856 51.29847 741.54004</gx:coord>
        <when>2025-01-01T00:30:39.4593110Z</when>
        <gx:coord>12.766285 51.29596 729.348</gx:coord>
        <when>2025-01-01T00:30:44.4213110Z</when>
        <gx:coord>12.766735 51.294285 729.348</gx:coord>
        <when>2025-01-01T00:30:49.4213110Z</when>
        <gx:coord>12.767336 51.291733 738.492</gx:coord>
        <when>2025-01-01T00:30:54.4213110Z</when>
        <gx:coord>12.767679 51.289993 747.636</gx:coord>
        <when>2025-01-01T00:30:57.1153110Z</when>
        <gx:coord>12.768023 51.288277 755.256</gx:coord>
        <when>2025-01-01T00:30:59.4203110Z</when>
        <gx:coord>12.768216 51.28742 767.448</gx:coord>
        <when>2025-01-01T00:31:03.1203110Z</when>
        <gx:coord>12.768559 51.285683 773.544</gx:coord>
        <when>2025-01-01T00:31:04.4213110Z</when>
        <gx:coord>12.768559 51.285683 773.544</gx:coord>
        <when>2025-01-01T00:31:09.4203110Z</when>
        <gx:coord>12.769074 51.283043 781.164</gx:coord>
        <when>2025-01-01T00:31:14.4213110Z</when>
        <gx:coord>12.769375 51.28126 788.784</gx:coord>
        <when>2025-01-01T00:31:19.4223110Z</when>
        <gx:coord>12.769869 51.27862 785.736</gx:coord>
        <when>2025-01-01T00:31:24.4223110Z</when>
        <gx:coord>12.770147 51.27684 785.736</gx:coord>
        <when>2025-01-01T00:31:29.4223110Z</when>
        <gx:coord>12.770426 51.27414 788.784</gx:coord>
        <when>2025-01-01T00:31:34.4223110Z</when>
        <gx:coord>12.770683 51.272358 796.404</gx:coord>
        <when>2025-01-01T00:31:35.1253110Z</when>
        <gx:coord>12.770813 51.271454 796.404</gx:coord>
        <when>2025-01-01T00:31:39.4563110Z</when>
        <gx:coord>12.771049 51.269653 799.452</gx:coord>
        <when>2025-01-01T00:31:43.1043110Z</when>
        <gx:coord>12.771328 51.26785 805.54803</gx:coord>
        <when>2025-01-01T00:31:44.4213110Z</when>
        <gx:coord>12.771328 51.26785 805.54803</gx:coord>
        <when>2025-01-01T00:31:49.4223110Z</when>
        <gx:coord>12.771649 51.265167 826.88403</gx:coord>
        <when>2025-01-01T00:31:54.4223110Z</when>
        <gx:coord>12.771843 51.263344 822.312</gx:coord>
        <when>2025-01-01T00:31:59.4223110Z</when>
        <gx:coord>12.772272 51.26062 817.74</gx:coord>
        <when>2025-01-01T00:32:04.4223110Z</when>
        <gx:coord>12.77253 51.258797 822.312</gx:coord>
        <when>2025-01-01T00:32:09.4213110Z</when>
        <gx:coord>12.772743 51.256027 810.12</gx:coord>
        <when>2025-01-01T00:32:13.1253110Z</when>
        <gx:coord>12.772851 51.25414 805.54803</gx:coord>
        <when>2025-01-01T00:32:14.4223110Z</when>
        <gx:coord>12.772851 51.25414 807.072</gx:coord>
        <when>2025-01-01T00:32:19.4223110Z</when>
        <gx:coord>12.773001 51.25137 811.644</gx:coord>
        <when>2025-01-01T00:32:24.4223110Z</when>
        <gx:coord>12.77313 51.249546 802.854</gx:coord>
        <when>2025-01-01T00:32:29.4223110Z</when>
        <gx:coord>12.773323 51.2468 796.758</gx:coord>
        <when>2025-01-01T00:32:34.4223110Z</when>
        <gx:coord>12.773452 51.244976 796.758</gx:coord>
        <when>2025-01-01T00:32:39.4623110Z</when>
        <gx:coord>12.773666 51.24221 792.186</gx:coord>
        <when>2025-01-01T00:32:44.4233110Z</when>
        <gx:coord>12.773795 51.240364 795.234</gx:coord>
        <when>2025-01-01T00:32:49.4233110Z</when>
        <gx:coord>12.774096 51.23757 787.614</gx:coord>
        <when>2025-01-01T00:32:51.1283110Z</when>
        <gx:coord>12.774202 51.236652 787.614</gx:coord>
        <when>2025-01-01T00:32:54.4223110Z</when>
        <gx:coord>12.774332 51.235706 781.518</gx:coord>
        <when>2025-01-01T00:32:59.4233110Z</when>
        <gx:coord>12.774739 51.232918 787.614</gx:coord>
        <when>2025-01-01T00:33:04.4233110Z</when>
        <gx:coord>12.774975 51.23107 786.0901</gx:coord>
        <when>2025-01-01T00:33:09.4233110Z</when>
        <gx:coord>12.775512 51.228348 787.614</gx:coord>
        <when>2025-01-01T00:33:14.4233110Z</when>
        <gx:coord>12.775855 51.226566 796.758</gx:coord>
        <when>2025-01-01T00:33:19.4613110Z</when>
        <gx:coord>12.77637 51.223904 799.8061</gx:coord>
        <when>2025-01-01T00:33:24.4233110Z</when>
        <gx:coord>12.776649 51.222145 810.474</gx:coord>
        <when>2025-01-01T00:33:29.1243110Z</when>
        <gx:coord>12.776971 51.219505 808.95</gx:coord>
        <when>2025-01-01T00:33:29.4233110Z</when>
        <gx:coord>12.776971 51.219505 808.95</gx:coord>
        <when>2025-01-01T00:33:34.4233110Z</when>
        <gx:coord>12.777121 51.21777 807.4261</gx:coord>
        <when>2025-01-01T00:33:39.4653110Z</when>
        <gx:coord>12.777357 51.21513 815.046</gx:coord>
        <when>2025-01-01T00:33:44.4243110Z</when>
        <gx:coord>12.777529 51.21337 815.046</gx:coord>
        <when>2025-01-01T00:33:49.4243110Z</when>
        <gx:coord>12.777958 51.210667 815.046</gx:coord>
        <when>2025-01-01T00:33:54.4243110Z</when>
        <gx:coord>12.778236 51.20882 815.046</gx:coord>
        <when>2025-01-01T00:33:59.4243110Z</when>
        <gx:coord>12.778709 51.206074 825.714</gx:coord>
        <when>2025-01-01T00:34:04.4243110Z</when>
        <gx:coord>12.779095 51.20425 834.8581</gx:coord>
        <when>2025-01-01T00:34:05.1153110Z</when>
        <gx:coord>12.779288 51.203327 837.906</gx:coord>
        <when>2025-01-01T00:34:07.1273110Z</when>
        <gx:coord>12.779482 51.202427 837.906</gx:coord>
        <when>2025-01-01T00:34:09.4243110Z</when>
        <gx:coord>12.779632 51.20148 839.43</gx:coord>
        <when>2025-01-01T00:34:14.4243110Z</when>
        <gx:coord>12.779953 51.199615 827.238</gx:coord>
        <when>2025-01-01T00:34:19.4243110Z</when>
        <gx:coord>12.780554 51.19674 810.474</gx:coord>
        <when>2025-01-01T00:34:23.1183110Z</when>
        <gx:coord>12.781005 51.19483 805.902</gx:coord>
        <when>2025-01-01T00:34:24.4243110Z</when>
        <gx:coord>12.781005 51.19483 805.902</gx:coord>
        <when>2025-01-01T00:34:29.4243110Z</when>
        <gx:coord>12.781563 51.191933 799.8061</gx:coord>
        <when>2025-01-01T00:34:34.4243110Z</when>
        <gx:coord>12.781971 51.18998 792.186</gx:coord>
        <when>2025-01-01T00:34:37.1073110Z</when>
        <gx:coord>12.782164 51.189014 786.0901</gx:coord>
        <when>2025-01-01T00:34:39.4663110Z</when>
        <gx:coord>12.78255 51.18702 787.614</gx:coord>
        <when>2025-01-01T00:34:43.1333110Z</when>
        <gx:coord>12.782957 51.185043 790.662</gx:coord>
        <when>2025-01-01T00:34:44.4243110Z</when>
        <gx:coord>12.782957 51.185043 793.7101</gx:coord>
        <when>2025-01-01T00:34:49.4243110Z</when>
        <gx:coord>12.783516 51.182083 798.282</gx:coord>
        <when>2025-01-01T00:34:54.4243110Z</when>
        <gx:coord>12.783837 51.180088 792.186</gx:coord>
        <when>2025-01-01T00:34:59.4253110Z</when>
        <gx:coord>12.784352 51.177105 784.566</gx:coord>
        <when>2025-01-01T00:35:04.4243110Z</when>
        <gx:coord>12.784632 51.17511 781.518</gx:coord>
        <when>2025-01-01T00:35:09.4253110Z</when>
        <gx:coord>12.784931 51.172108 779.994</gx:coord>
        <when>2025-01-01T00:35:14.4253110Z</when>
        <gx:coord>12.785103 51.170113 778.4701</gx:coord>
        <when>2025-01-01T00:35:17.1263110Z</when>
        <gx:coord>12.785382 51.168095 783.042</gx:coord>
        <when>2025-01-01T00:35:19.4253110Z</when>
        <gx:coord>12.785554 51.16713 795.234</gx:coord>
        <when>2025-01-01T00:35:24.4253110Z</when>
        <gx:coord>12.785961 51.165154 799.8061</gx:coord>
        <when>2025-01-01T00:35:29.4253110Z</when>
        <gx:coord>12.786434 51.16226 804.378</gx:coord>
        <when>2025-01-01T00:35:34.4253110Z</when>
        <gx:coord>12.786648 51.160282 802.854</gx:coord>
        <when>2025-01-01T00:35:39.4653110Z</when>
        <gx:coord>12.787035 51.1573 799.8061</gx:coord>
        <when>2025-01-01T00:35:44.4253110Z</when>
        <gx:coord>12.7872925 51.15535 804.378</gx:coord>
        <when>2025-01-01T00:35:49.4253110Z</when>
        <gx:coord>12.787614 51.152367 804.378</gx:coord>
        <when>2025-01-01T00:35:51.1293110Z</when>
        <gx:coord>12.787743 51.15138 804.378</gx:coord>
        <when>2025-01-01T00:35:54.4253110Z</when>
        <gx:coord>12.787871 51.150368 805.902</gx:coord>
        <when>2025-01-01T00:35:59.4253110Z</when>
        <gx:coord>12.788322 51.147324 787.614</gx:coord>
        <when>2025-01-01T00:36:04.4253110Z</when>
        <gx:coord>12.788644 51.145306 776.946</gx:coord>
        <when>2025-01-01T00:36:05.1173110Z</when>
        <gx:coord>12.7888155 51.1443 775.422</gx:coord>
        <when>2025-01-01T00:36:09.4583110Z</when>
        <gx:coord>12.789181 51.14228 767.802</gx:coord>
        <when>2025-01-01T00:36:14.4263110Z</when>
        <gx:coord>12.789545 51.140305 770.85</gx:coord>
        <when>2025-01-01T00:36:19.4263110Z</when>
        <gx:coord>12.789974 51.137367 773.898</gx:coord>
        <when>2025-01-01T00:36:24.4253110Z</when>
        <gx:coord>12.790275 51.135437 772.3741</gx:coord>
        <when>2025-01-01T00:36:25.1253110Z</when>
        <gx:coord>12.790468 51.134468 772.3741</gx:coord>
        <when>2025-01-01T00:36:29.4263110Z</when>
        <gx:coord>12.790918 51.132538 790.662</gx:coord>
        <when>2025-01-01T00:36:34.4263110Z</when>
        <gx:coord>12.791412 51.130672 799.8061</gx:coord>
        <when>2025-01-01T00:36:39.4683110Z</when>
        <gx:coord>12.79212 51.127796 796.758</gx:coord>
        <when>2025-01-01T00:36:44.4263110Z</when>
        <gx:coord>12.792463 51.125824 784.566</gx:coord>
        <when>2025-01-01T00:36:49.4263110Z</when>
        <gx:coord>12.792807 51.122776 767.802</gx:coord>
        <when>2025-01-01T00:36:54.4263110Z</when>
        <gx:coord>12.792978 51.120735 766.278</gx:coord>
        <when>2025-01-01T00:36:59.1313110Z</when>
        <gx:coord>12.793514 51.11771 773.898</gx:coord>
        <when>2025-01-01T00:36:59.4263110Z</when>
        <gx:coord>12.793514 51.11771 776.946</gx:coord>
        <when>2025-01-01T00:37:04.4263110Z</when>
        <gx:coord>12.794073 51.115715 779.994</gx:coord>
        <when>2025-01-01T00:37:09.4263110Z</when>
        <gx:coord>12.79476 51.112648 779.994</gx:coord>
        <when>2025-01-01T00:37:14.4263110Z</when>
        <gx:coord>12.795038 51.110542 792.186</gx:coord>
        <when>2025-01-01T00:37:19.4263110Z</when>
        <gx:coord>12.795275 51.107433 796.758</gx:coord>
        <when>2025-01-01T00:37:24.4273110Z</when>
        <gx:coord>12.795467 51.10535 786.0901</gx:coord>
        <when>2025-01-01T00:37:29.4263110Z</when>
        <gx:coord>12.7959175 51.10226 778.4701</gx:coord>
        <when>2025-01-01T00:37:33.1333110Z</when>
        <gx:coord>12.79624 51.1002 773.898</gx:coord>
        <when>2025-01-01T00:37:34.4273110Z</when>
        <gx:coord>12.79624 51.1002 769.326</gx:coord>
        <when>2025-01-01T00:37:39.4713110Z</when>
        <gx:coord>12.796734 51.097153 773.898</gx:coord>
        <when>2025-01-01T00:37:44.4273110Z</when>
        <gx:coord>12.797012 51.09514 767.802</gx:coord>
        <when>2025-01-01T00:37:49.4273110Z</when>
        <gx:coord>12.7974415 51.092068 763.23</gx:coord>
        <when>2025-01-01T00:37:54.4273110Z</when>
        <gx:coord>12.797656 51.090054 760.182</gx:coord>
        <when>2025-01-01T00:37:59.4273110Z</when>
        <gx:coord>12.798021 51.08703 754.086</gx:coord>
        <when>2025-01-01T00:38:04.4273110Z</when>
        <gx:coord>12.798321 51.084988 747.99</gx:coord>
        <when>2025-01-01T00:38:07.1213110Z</when>
        <gx:coord>12.798664 51.082928 749.514</gx:coord>
        <when>2025-01-01T00:38:09.4273110Z</when>
        <gx:coord>12.798836 51.081898 752.562</gx:coord>
        <when>2025-01-01T00:38:13.1203110Z</when>
        <gx:coord>12.799158 51.07988 743.4181</gx:coord>
        <when>2025-01-01T00:38:14.4273110Z</when>
        <gx:coord>12.799158 51.07988 743.4181</gx:coord>
        <when>2025-01-01T00:38:19.4273110Z</when>
        <gx:coord>12.799501 51.07679 737.322</gx:coord>
        <when>2025-01-01T00:38:24.4273110Z</when>
        <gx:coord>12.799716 51.07473 737.322</gx:coord>
        <when>2025-01-01T00:38:29.4273110Z</when>
        <gx:coord>12.799952 51.071663 737.322</gx:coord>
        <when>2025-01-01T00:38:34.4273110Z</when>
        <gx:coord>12.800188 51.069645 743.4181</gx:coord>
        <when>2025-01-01T00:38:39.4683110Z</when>
        <gx:coord>12.800467 51.06662 749.514</gx:coord>
        <when>2025-01-01T00:38:41.1303110Z</when>
        <gx:coord>12.800531 51.065613 749.514</gx:coord>
        <when>2025-01-01T00:38:44.4283110Z</when>
        <gx:coord>12.800617 51.0646 751.0381</gx:coord>
        <when>2025-01-01T00:38:49.4283110Z</when>
        <gx:coord>12.801067 51.061665 754.086</gx:coord>
        <when>2025-01-01T00:38:54.4283110Z</when>
        <gx:coord>12.801411 51.05969 754.086</gx:coord>
        <when>2025-01-01T00:38:59.4283110Z</when>
        <gx:coord>12.801884 51.05677 754.086</gx:coord>
        <when>2025-01-01T00:39:04.4283110Z</when>
        <gx:coord>12.802227 51.054863 751.0381</gx:coord>
        <when>2025-01-01T00:39:09.4283110Z</when>
        <gx:coord>12.802677 51.051945 735.798</gx:coord>
        <when>2025-01-01T00:39:14.4283110Z</when>
        <gx:coord>12.802892 51.04995 726.654</gx:coord>
        <when>2025-01-01T00:39:15.1373110Z</when>
        <gx:coord>12.802956 51.04896 726.654</gx:coord>
        <when>2025-01-01T00:39:19.4283110Z</when>
        <gx:coord>12.803106 51.04701 726.654</gx:coord>
        <when>2025-01-01T00:39:24.4283110Z</when>
        <gx:coord>12.803321 51.045097 734.274</gx:coord>
        <when>2025-01-01T00:39:29.4283110Z</when>
        <gx:coord>12.803728 51.042286 747.99</gx:coord>
        <when>2025-01-01T00:39:34.4283110Z</when>
        <gx:coord>12.80405 51.040443 744.942</gx:coord>
        <when>2025-01-01T00:39:39.4403110Z</when>
        <gx:coord>12.804586 51.037716 740.37</gx:coord>
        <when>2025-01-01T00:39:44.4283110Z</when>
        <gx:coord>12.804888 51.035873 729.7021</gx:coord>
        <when>2025-01-01T00:39:49.4283110Z</when>
        <gx:coord>12.805145 51.033062 723.606</gx:coord>
        <when>2025-01-01T00:39:51.1303110Z</when>
        <gx:coord>12.805231 51.032116 723.606</gx:coord>
        <when>2025-01-01T00:39:54.4283110Z</when>
        <gx:coord>12.805317 51.031193 719.034</gx:coord>
        <when>2025-01-01T00:39:59.1193110Z</when>
        <gx:coord>12.805616 51.028404 712.938</gx:coord>
        <when>2025-01-01T00:39:59.4283110Z</when>
        <gx:coord>12.805616 51.028404 712.938</gx:coord>
        <when>2025-01-01T00:40:04.4283110Z</when>
        <gx:coord>12.805853 51.026558 709.89</gx:coord>
        <when>2025-01-01T00:40:09.4283110Z</when>
        <gx:coord>12.806282 51.02377 708.3661</gx:coord>
        <when>2025-01-01T00:40:14.4293110Z</when>
        <gx:coord>12.80669 51.021946 720.558</gx:coord>
        <when>2025-01-01T00:40:15.1273110Z</when>
        <gx:coord>12.80669 51.021946 720.558</gx:coord>
        <when>2025-01-01T00:40:19.1263110Z</when>
        <gx:coord>12.807312 51.019306 747.99</gx:coord>
        <when>2025-01-01T00:40:19.4553110Z</when>
        <gx:coord>12.807312 51.019306 747.99</gx:coord>
        <when>2025-01-01T00:40:24.4283110Z</when>
        <gx:coord>12.807676 51.017548 747.99</gx:coord>
        <when>2025-01-01T00:40:29.1263110Z</when>
        <gx:coord>12.80802 51.014866 747.99</gx:coord>
        <when>2025-01-01T00:40:29.4293110Z</when>
        <gx:coord>12.80802 51.014866 747.99</gx:coord>
        <when>2025-01-01T00:40:34.4293110Z</when>
        <gx:coord>12.808191 51.013103 743.4181</gx:coord>
        <when>2025-01-01T00:40:39.4573110Z</when>
        <gx:coord>12.808557 51.01051 744.942</gx:coord>
        <when>2025-01-01T00:40:44.4293110Z</when>
        <gx:coord>12.808792 51.008812 754.086</gx:coord>
        <when>2025-01-01T00:40:49.4293110Z</when>
        <gx:coord>12.809093 51.006325 766.278</gx:coord>
        <when>2025-01-01T00:40:54.4293110Z</when>
        <gx:coord>12.809329 51.00463 764.7541</gx:coord>
        <when>2025-01-01T00:40:59.4293110Z</when>
        <gx:coord>12.809866 51.00214 767.802</gx:coord>
        <when>2025-01-01T00:41:04.4293110Z</when>
        <gx:coord>12.810123 51.000465 769.326</gx:coord>
        <when>2025-01-01T00:41:09.1343110Z</when>
        <gx:coord>12.810359 50.997932 769.326</gx:coord>
        <when>2025-01-01T00:41:09.4293110Z</when>
        <gx:coord>12.810359 50.997932 769.326</gx:coord>
        <when>2025-01-01T00:41:14.4293110Z</when>
        <gx:coord>12.810595 50.99624 772.3741</gx:coord>
        <when>2025-01-01T00:41:19.4293110Z</when>
        <gx:coord>12.810938 50.993706 769.326</gx:coord>
        <when>2025-01-01T00:41:24.4293110Z</when>
        <gx:coord>12.811153 50.992035 770.85</gx:coord>
        <when>2025-01-01T00:41:29.4303110Z</when>
        <gx:coord>12.811453 50.989525 776.946</gx:coord>
        <when>2025-01-01T00:41:31.1233110Z</when>
        <gx:coord>12.811583 50.988686 778.4701</gx:coord>
        <when>2025-01-01T00:41:34.4293110Z</when>
        <gx:coord>12.811732 50.98785 781.518</gx:coord>
        <when>2025-01-01T00:41:39.4703110Z</when>
        <gx:coord>12.812183 50.985317 786.0901</gx:coord>
        <when>2025-01-01T00:41:44.4303110Z</when>
        <gx:coord>12.812419 50.983578 792.186</gx:coord>
        <when>2025-01-01T00:41:49.1283110Z</when>
        <gx:coord>12.812848 50.980984 799.8061</gx:coord>
        <when>2025-01-01T00:41:49.4303110Z</when>
        <gx:coord>12.812848 50.980984 799.8061</gx:coord>
        <when>2025-01-01T00:41:54.4303110Z</when>
        <gx:coord>12.813213 50.979225 801.33</gx:coord>
        <when>2025-01-01T00:41:59.4303110Z</when>
        <gx:coord>12.813792 50.976604 804.378</gx:coord>
        <when>2025-01-01T00:42:04.4303110Z</when>
        <gx:coord>12.8141575 50.974823 805.902</gx:coord>
        <when>2025-01-01T00:42:07.1213110Z</when>
        <gx:coord>12.814457 50.973064 810.474</gx:coord>
        <when>2025-01-01T00:42:09.4303110Z</when>
        <gx:coord>12.814543 50.97214 804.378</gx:coord>
        <when>2025-01-01T00:42:14.4303110Z</when>
        <gx:coord>12.814587 50.9703 801.33</gx:coord>
        <when>2025-01-01T00:42:19.4303110Z</when>
        <gx:coord>12.814693 50.967464 799.8061</gx:coord>
        <when>2025-01-01T00:42:24.4303110Z</when>
        <gx:coord>12.814822 50.9656 799.8061</gx:coord>
        <when>2025-01-01T00:42:27.1253110Z</when>
        <gx:coord>12.815016 50.96373 801.33</gx:coord>
        <when>2025-01-01T00:42:29.4303110Z</when>
        <gx:coord>12.815144 50.962807 798.282</gx:coord>
        <when>2025-01-01T00:42:34.4303110Z</when>
        <gx:coord>12.815445 50.960983 801.33</gx:coord>
        <when>2025-01-01T00:42:39.4643110Z</when>
        <gx:coord>12.816024 50.958324 827.238</gx:coord>
        <when>2025-01-01T00:42:44.4303110Z</when>
        <gx:coord>12.816389 50.956543 834.8581</gx:coord>
        <when>2025-01-01T00:42:47.1053110Z</when>
        <gx:coord>12.816625 50.95476 840.954</gx:coord>
        <when>2025-01-01T00:42:49.4303110Z</when>
        <gx:coord>12.81671 50.95386 842.4781</gx:coord>
        <when>2025-01-01T00:42:54.4303110Z</when>
        <gx:coord>12.81686 50.952057 844.002</gx:coord>
        <when>2025-01-01T00:42:59.4303110Z</when>
        <gx:coord>12.817162 50.949333 845.526</gx:coord>
        <when>2025-01-01T00:43:04.4303110Z</when>
        <gx:coord>12.817505 50.94753 844.002</gx:coord>
        <when>2025-01-01T00:43:05.1253110Z</when>
        <gx:coord>12.817677 50.94663 844.002</gx:coord>
        <when>2025-01-01T00:45:07.9403110Z</when>
        <gx:coord>12.821238 50.930084 831.81</gx:coord>
        <when>2025-01-01T00:45:07.9443110Z</when>
        <gx:coord>12.8243065 50.91674 810.474</gx:coord>
        <when>2025-01-01T00:45:07.9513110Z</when>
        <gx:coord>12.825272 50.912853 821.1421</gx:coord>
        <when>2025-01-01T00:45:07.9523110Z</when>
        <gx:coord>12.826002 50.909958 840.954</gx:coord>
        <when>2025-01-01T00:45:07.9673110Z</when>
        <gx:coord>12.829563 50.89571 833.334</gx:coord>
        <when>2025-01-01T00:45:07.9673110Z</when>
        <gx:coord>12.831044 50.890945 810.474</gx:coord>
        <when>2025-01-01T00:45:08.2773110Z</when>
        <gx:coord>12.831688 50.889057 807.4261</gx:coord>
        <when>2025-01-01T00:45:13.2933110Z</when>
        <gx:coord>12.832783 50.88627 808.95</gx:coord>
        <when>2025-01-01T00:45:18.2783110Z</when>
        <gx:coord>12.833384 50.88434 810.474</gx:coord>
        <when>2025-01-01T00:45:19.1213110Z</when>
        <gx:coord>12.833384 50.88434 810.474</gx:coord>
        <when>2025-01-01T00:45:23.3013110Z</when>
        <gx:coord>12.834091 50.88138 810.474</gx:coord>
        <when>2025-01-01T00:45:27.1253110Z</when>
        <gx:coord>12.834414 50.879337 811.998</gx:coord>
        <when>2025-01-01T00:45:28.3003110Z</when>
        <gx:coord>12.834414 50.879337 807.4261</gx:coord>
        <when>2025-01-01T00:45:33.2783110Z</when>
        <gx:coord>12.835014 50.876377 802.854</gx:coord>
        <when>2025-01-01T00:45:38.3003110Z</when>
        <gx:coord>12.83555 50.874466 815.046</gx:coord>
        <when>2025-01-01T00:45:43.2793110Z</when>
        <gx:coord>12.83643 50.87172 831.81</gx:coord>
        <when>2025-01-01T00:45:48.2983110Z</when>
        <gx:coord>12.837138 50.869938 830.286</gx:coord>
        <when>2025-01-01T00:45:53.2793110Z</when>
        <gx:coord>12.838383 50.867302 830.286</gx:coord>
        <when>2025-01-01T00:45:58.2793110Z</when>
        <gx:coord>12.839155 50.86554 830.286</gx:coord>
        <when>2025-01-01T00:45:59.1013110Z</when>
        <gx:coord>12.839155 50.86554 830.286</gx:coord>
        <when>2025-01-01T00:46:03.1243110Z</when>
        <gx:coord>12.840292 50.863007 839.43</gx:coord>
        <when>2025-01-01T00:46:03.1243110Z</when>
        <gx:coord>12.840292 50.863007 842.4781</gx:coord>
        <when>2025-01-01T00:46:03.2793110Z</when>
        <gx:coord>12.840292 50.863007 842.4781</gx:coord>
        <when>2025-01-01T00:46:08.2983110Z</when>
        <gx:coord>12.841043 50.861355 844.002</gx:coord>
        <when>2025-01-01T00:46:13.2793110Z</when>
        <gx:coord>12.842266 50.858932 837.906</gx:coord>
        <when>2025-01-01T00:46:18.2793110Z</when>
        <gx:coord>12.843168 50.8573 839.43</gx:coord>
        <when>2025-01-01T00:46:23.3003110Z</when>
        <gx:coord>12.844262 50.854725 833.334</gx:coord>
        <when>2025-01-01T00:46:28.2793110Z</when>
        <gx:coord>12.844863 50.852943 827.238</gx:coord>
        <when>2025-01-01T00:46:52.2753110Z</when>
        <gx:coord>12.846516 50.846573 825.714</gx:coord>
        <when>2025-01-01T00:46:52.3853110Z</when>
        <gx:coord>12.848232 50.84215 831.81</gx:coord>
        <when>2025-01-01T00:46:57.3863110Z</when>
        <gx:coord>12.849304 50.83934 831.81</gx:coord>
        <when>2025-01-01T00:47:02.3863110Z</when>
        <gx:coord>12.849755 50.837475 828.7621</gx:coord>
        <when>2025-01-01T00:47:07.3863110Z</when>
        <gx:coord>12.850121 50.834705 825.714</gx:coord>
        <when>2025-01-01T00:47:11.1063110Z</when>
        <gx:coord>12.850464 50.83284 811.998</gx:coord>
        <when>2025-01-01T00:47:12.3863110Z</when>
        <gx:coord>12.850464 50.83284 811.998</gx:coord>
        <when>2025-01-01T00:47:17.1213110Z</when>
        <gx:coord>12.851021 50.830093 811.998</gx:coord>
        <when>2025-01-01T00:47:17.3863110Z</when>
        <gx:coord>12.851021 50.830093 813.5221</gx:coord>
        <when>2025-01-01T00:47:22.3863110Z</when>
        <gx:coord>12.85145 50.82827 815.046</gx:coord>
        <when>2025-01-01T00:47:27.3853110Z</when>
        <gx:coord>12.852073 50.825565 824.19</gx:coord>
        <when>2025-01-01T00:47:31.1103110Z</when>
        <gx:coord>12.852631 50.823784 844.002</gx:coord>
        <when>2025-01-01T00:47:32.3863110Z</when>
        <gx:coord>12.852631 50.823784 844.002</gx:coord>
        <when>2025-01-01T00:47:37.3863110Z</when>
        <gx:coord>12.853446 50.821102 862.29</gx:coord>
        <when>2025-01-01T00:47:42.3863110Z</when>
        <gx:coord>12.853939 50.81932 872.958</gx:coord>
        <when>2025-01-01T00:47:43.1253110Z</when>
        <gx:coord>12.854155 50.81842 880.578</gx:coord>
        <when>2025-01-01T00:47:47.3863110Z</when>
        <gx:coord>12.854626 50.816658 888.198</gx:coord>
        <when>2025-01-01T00:47:52.4133110Z</when>
        <gx:coord>12.85512 50.814922 891.2461</gx:coord>
        <when>2025-01-01T00:47:55.1283110Z</when>
        <gx:coord>12.855614 50.813183 894.294</gx:coord>
        <when>2025-01-01T00:47:57.3873110Z</when>
        <gx:coord>12.855849 50.812325 901.914</gx:coord>
        <when>2025-01-01T00:48:01.1133110Z</when>
        <gx:coord>12.856428 50.810608 914.106</gx:coord>
        <when>2025-01-01T00:48:02.3873110Z</when>
        <gx:coord>12.856428 50.810608 914.106</gx:coord>
        <when>2025-01-01T00:48:07.3873110Z</when>
        <gx:coord>12.857502 50.80799 897.342</gx:coord>
        <when>2025-01-01T00:48:12.3873110Z</when>
        <gx:coord>12.858189 50.806145 892.77</gx:coord>
        <when>2025-01-01T00:48:17.3873110Z</when>
        <gx:coord>12.858596 50.80325 885.1501</gx:coord>
        <when>2025-01-01T00:48:19.1193110Z</when>
        <gx:coord>12.858596 50.80325 885.1501</gx:coord>
        <when>2025-01-01T00:48:19.1203110Z</when>
        <gx:coord>12.858596 50.80325 885.1501</gx:coord>
        <when>2025-01-01T00:48:19.1203110Z</when>
        <gx:coord>12.85851 50.80226 882.102</gx:coord>
        <when>2025-01-01T00:48:22.3873110Z</when>
        <gx:coord>12.858295 50.801273 882.102</gx:coord>
        <when>2025-01-01T00:48:25.0993110Z</when>
        <gx:coord>12.857952 50.80031 883.626</gx:coord>
        <when>2025-01-01T00:48:27.3883110Z</when>
        <gx:coord>12.856879 50.79842 885.1501</gx:coord>
        <when>2025-01-01T00:48:32.4243110Z</when>
        <gx:coord>12.855442 50.79662 882.102</gx:coord>
        <when>2025-01-01T00:48:33.1243110Z</when>
        <gx:coord>12.85467 50.795715 882.102</gx:coord>
        <when>2025-01-01T00:48:37.3883110Z</when>
        <gx:coord>12.853125 50.793915 891.2461</gx:coord>
        <when>2025-01-01T00:48:42.3883110Z</when>
        <gx:coord>12.851644 50.792133 894.294</gx:coord>
        <when>2025-01-01T00:48:47.1163110Z</when>
        <gx:coord>12.850142 50.79035 897.342</gx:coord>
        <when>2025-01-01T00:48:47.9073110Z</when>
        <gx:coord>12.849326 50.789494 897.342</gx:coord>
        <when>2025-01-01T00:48:52.4213110Z</when>
        <gx:coord>12.84746 50.78782 898.8661</gx:coord>
        <when>2025-01-01T00:48:57.1193110Z</when>
        <gx:coord>12.845378 50.786232 895.818</gx:coord>
        <when>2025-01-01T00:48:57.3883110Z</when>
        <gx:coord>12.84424 50.78546 897.342</gx:coord>
        <when>2025-01-01T00:49:02.3883110Z</when>
        <gx:coord>12.841687 50.78409 898.8661</gx:coord>
        <when>2025-01-01T00:49:05.1213110Z</when>
        <gx:coord>12.840314 50.783485 894.294</gx:coord>
        <when>2025-01-01T00:49:07.1213110Z</when>
        <gx:coord>12.837503 50.78222 889.722</gx:coord>
        <when>2025-01-01T00:49:07.3883110Z</when>
        <gx:coord>12.837503 50.78222 891.2461</gx:coord>
        <when>2025-01-01T00:49:11.1143110Z</when>
        <gx:coord>12.83613 50.781597 897.342</gx:coord>
        <when>2025-01-01T00:49:12.3883110Z</when>
        <gx:coord>12.834757 50.781017 901.914</gx:coord>
        <when>2025-01-01T00:49:17.3883110Z</when>
        <gx:coord>12.830529 50.779346 903.438</gx:coord>
        <when>2025-01-01T00:49:22.3883110Z</when>
        <gx:coord>12.827783 50.778145 903.438</gx:coord>
        <when>2025-01-01T00:49:27.3893110Z</when>
        <gx:coord>12.8237705 50.77617 908.01</gx:coord>
        <when>2025-01-01T00:49:31.1193110Z</when>
        <gx:coord>12.821174 50.77482 912.5821</gx:coord>
        <when>2025-01-01T00:49:32.3893110Z</when>
        <gx:coord>12.821174 50.77482 912.5821</gx:coord>
        <when>2025-01-01T00:49:37.3893110Z</when>
        <gx:coord>12.817225 50.77289 917.154</gx:coord>
        <when>2025-01-01T00:49:39.1263110Z</when>
        <gx:coord>12.815852 50.77231 917.154</gx:coord>
        <when>2025-01-01T00:49:41.4473110Z</when>
        <gx:coord>12.814415 50.771793 920.2021</gx:coord>
        <when>2025-01-01T00:49:42.3893110Z</when>
        <gx:coord>12.814415 50.771793 923.25</gx:coord>
        <when>2025-01-01T00:49:45.1233110Z</when>
        <gx:coord>12.812956 50.77134 929.346</gx:coord>
        <when>2025-01-01T00:49:47.3893110Z</when>
        <gx:coord>12.80993 50.77059 935.442</gx:coord>
        <when>2025-01-01T00:49:52.3903110Z</when>
        <gx:coord>12.806754 50.77001 940.014</gx:coord>
        <when>2025-01-01T00:49:55.1173110Z</when>
        <gx:coord>12.805145 50.769775 936.966</gx:coord>
        <when>2025-01-01T00:49:57.3893110Z</when>
        <gx:coord>12.801776 50.769516 933.9181</gx:coord>
        <when>2025-01-01T00:50:02.3893110Z</when>
        <gx:coord>12.798321 50.769497 926.298</gx:coord>
        <when>2025-01-01T00:50:07.1183110Z</when>
        <gx:coord>12.794781 50.76956 926.298</gx:coord>
        <when>2025-01-01T00:50:07.3893110Z</when>
        <gx:coord>12.792999 50.769604 927.8221</gx:coord>
        <when>2025-01-01T00:50:11.1293110Z</when>
        <gx:coord>12.78948 50.76971 930.87</gx:coord>
        <when>2025-01-01T00:50:12.4213110Z</when>
        <gx:coord>12.78948 50.76971 933.9181</gx:coord>
        <when>2025-01-01T00:50:17.3893110Z</when>
        <gx:coord>12.784245 50.76999 938.49</gx:coord>
        <when>2025-01-01T00:50:22.3973110Z</when>
        <gx:coord>12.780747 50.770267 943.062</gx:coord>
        <when>2025-01-01T00:50:23.1313110Z</when>
        <gx:coord>12.779031 50.770462 947.634</gx:coord>
        <when>2025-01-01T00:50:25.1073110Z</when>
        <gx:coord>12.779031 50.770462 947.634</gx:coord>
        <when>2025-01-01T00:50:27.3903110Z</when>
        <gx:coord>12.775791 50.771126 956.778</gx:coord>
        <when>2025-01-01T00:50:31.1203110Z</when>
        <gx:coord>12.774246 50.771557 953.73</gx:coord>
        <when>2025-01-01T00:50:32.3903110Z</when>
        <gx:coord>12.772765 50.77205 952.206</gx:coord>
        <when>2025-01-01T00:50:37.3903110Z</when>
        <gx:coord>12.768559 50.773808 946.11</gx:coord>
        <when>2025-01-01T00:50:42.3903110Z</when>
        <gx:coord>12.76577 50.775032 933.9181</gx:coord>
        <when>2025-01-01T00:50:43.1263110Z</when>
        <gx:coord>12.764332 50.775654 933.9181</gx:coord>
        <when>2025-01-01T00:50:47.3903110Z</when>
        <gx:coord>12.761457 50.77688 927.8221</gx:coord>
        <when>2025-01-01T00:50:52.4163110Z</when>
        <gx:coord>12.758646 50.778145 927.8221</gx:coord>
        <when>2025-01-01T00:50:57.3903110Z</when>
        <gx:coord>12.754505 50.780052 924.774</gx:coord>
        <when>2025-01-01T00:51:01.1233110Z</when>
        <gx:coord>12.751715 50.78136 911.058</gx:coord>
        <when>2025-01-01T00:51:02.3903110Z</when>
        <gx:coord>12.751715 50.78136 911.058</gx:coord>
        <when>2025-01-01T00:51:07.3913110Z</when>
        <gx:coord>12.747381 50.783314 887.5281</gx:coord>
        <when>2025-01-01T00:51:12.3913110Z</when>
        <gx:coord>12.744463 50.78456 884.48004</gx:coord>
        <when>2025-01-01T00:51:15.1193110Z</when>
        <gx:coord>12.741609 50.785805 886.004</gx:coord>
        <when>2025-01-01T00:51:17.3913110Z</when>
        <gx:coord>12.740257 50.786446 889.05206</gx:coord>
        <when>2025-01-01T00:51:22.3913110Z</when>
        <gx:coord>12.737638 50.787735 887.5281</gx:coord>
        <when>2025-01-01T00:51:27.1163110Z</when>
        <gx:coord>12.733604 50.78958 879.9081</gx:coord>
        <when>2025-01-01T00:51:27.3913110Z</when>
        <gx:coord>12.733604 50.78958 879.9081</gx:coord>
        <when>2025-01-01T00:51:32.3913110Z</when>
        <gx:coord>12.73088 50.790783 876.86005</gx:coord>
        <when>2025-01-01T00:51:37.3913110Z</when>
        <gx:coord>12.726803 50.792564 873.8121</gx:coord>
        <when>2025-01-01T00:52:01.2293110Z</when>
        <gx:coord>12.719143 50.79621 869.24</gx:coord>
        <when>2025-01-01T00:52:01.5073110Z</when>
        <gx:coord>12.711418 50.800053 855.52405</gx:coord>
        <when>2025-01-01T00:52:06.5083110Z</when>
        <gx:coord>12.708843 50.801296 860.09607</gx:coord>
        <when>2025-01-01T00:52:11.5083110Z</when>
        <gx:coord>12.70483 50.802925 864.668</gx:coord>
        <when>2025-01-01T00:52:16.5083110Z</when>
        <gx:coord>12.702148 50.80402 858.572</gx:coord>
        <when>2025-01-01T00:52:21.5083110Z</when>
        <gx:coord>12.698156 50.805737 858.572</gx:coord>
        <when>2025-01-01T00:52:23.1243110Z</when>
        <gx:coord>12.696848 50.806316 858.572</gx:coord>
        <when>2025-01-01T00:52:26.5093110Z</when>
        <gx:coord>12.69556 50.806896 855.52405</gx:coord>
        <when>2025-01-01T00:52:29.1173110Z</when>
        <gx:coord>12.692965 50.808075 847.904</gx:coord>
        <when>2025-01-01T00:52:31.5143110Z</when>
        <gx:coord>12.691633 50.808655 850.952</gx:coord>
        <when>2025-01-01T00:52:40.4883110Z</when>
        <gx:coord>12.686205 50.81091 864.668</gx:coord>
        <when>2025-01-01T00:52:45.4893110Z</when>
        <gx:coord>12.682171 50.812668 855.52405</gx:coord>
        <when>2025-01-01T00:52:50.4893110Z</when>
        <gx:coord>12.67951 50.81387 846.38007</gx:coord>
        <when>2025-01-01T00:52:55.4893110Z</when>
        <gx:coord>12.675455 50.81561 852.4761</gx:coord>
        <when>2025-01-01T00:52:57.1233110Z</when>
        <gx:coord>12.674124 50.816166 852.4761</gx:coord>
        <when>2025-01-01T00:53:00.4903110Z</when>
        <gx:coord>12.672772 50.816723 849.42804</gx:coord>
        <when>2025-01-01T00:53:05.4903110Z</when>
        <gx:coord>12.66891 50.818527 850.952</gx:coord>
        <when>2025-01-01T00:53:10.4903110Z</when>
        <gx:coord>12.666335 50.819706 854.00006</gx:coord>
        <when>2025-01-01T00:53:15.4903110Z</when>
        <gx:coord>12.662495 50.82153 857.04803</gx:coord>
        <when>2025-01-01T00:53:20.4903110Z</when>
        <gx:coord>12.659941 50.82273 855.52405</gx:coord>
        <when>2025-01-01T00:53:25.4903110Z</when>
        <gx:coord>12.656164 50.8246 860.09607</gx:coord>
        <when>2025-01-01T00:53:30.4903110Z</when>
        <gx:coord>12.653654 50.82582 860.09607</gx:coord>
        <when>2025-01-01T00:53:31.1213110Z</when>
        <gx:coord>12.652367 50.826424 860.09607</gx:coord>
        <when>2025-01-01T00:53:35.4903110Z</when>
        <gx:coord>12.649813 50.827625 857.04803</gx:coord>
        <when>2025-01-01T00:53:40.5273110Z</when>
        <gx:coord>12.647217 50.82887 847.904</gx:coord>
        <when>2025-01-01T00:53:45.4903110Z</when>
        <gx:coord>12.6433325 50.830692 846.38007</gx:coord>
        <when>2025-01-01T00:53:50.4903110Z</when>
        <gx:coord>12.6408 50.83194 841.80804</gx:coord>
        <when>2025-01-01T00:53:55.4903110Z</when>
        <gx:coord>12.636959 50.833763 835.71204</gx:coord>
        <when>2025-01-01T00:54:00.4913110Z</when>
        <gx:coord>12.634428 50.834965 835.71204</gx:coord>
        <when>2025-01-01T00:54:03.0963110Z</when>
        <gx:coord>12.633183 50.835587 835.71204</gx:coord>
        <when>2025-01-01T00:54:05.1193110Z</when>
        <gx:coord>12.630651 50.836765 838.7601</gx:coord>
        <when>2025-01-01T00:54:05.4913110Z</when>
        <gx:coord>12.630651 50.836765 841.80804</gx:coord>
        <when>2025-01-01T00:54:10.4913110Z</when>
        <gx:coord>12.628077 50.837902 849.42804</gx:coord>
        <when>2025-01-01T00:54:15.4913110Z</when>
        <gx:coord>12.624235 50.839535 867.71606</gx:coord>
        <when>2025-01-01T00:54:20.4913110Z</when>
        <gx:coord>12.621617 50.84063 873.8121</gx:coord>
        <when>2025-01-01T00:54:23.1153110Z</when>
        <gx:coord>12.6189785 50.8417 878.38403</gx:coord>
        <when>2025-01-01T00:54:25.4913110Z</when>
        <gx:coord>12.617647 50.842216 878.38403</gx:coord>
        <when>2025-01-01T00:54:30.4913110Z</when>
        <gx:coord>12.614965 50.843246 878.38403</gx:coord>
        <when>2025-01-01T00:54:35.4923110Z</when>
        <gx:coord>12.611038 50.84481 875.33606</gx:coord>
        <when>2025-01-01T00:54:39.1223110Z</when>
        <gx:coord>12.608507 50.84593 873.8121</gx:coord>
        <when>2025-01-01T00:54:40.5243110Z</when>
        <gx:coord>12.608507 50.84593 870.76404</gx:coord>
        <when>2025-01-01T00:54:45.4923110Z</when>
        <gx:coord>12.604731 50.847668 869.24</gx:coord>
        <when>2025-01-01T00:54:50.4923110Z</when>
        <gx:coord>12.602134 50.84878 861.62</gx:coord>
        <when>2025-01-01T00:54:55.4923110Z</when>
        <gx:coord>12.598186 50.850456 860.09607</gx:coord>
        <when>2025-01-01T00:55:00.4923110Z</when>
        <gx:coord>12.595633 50.851616 860.09607</gx:coord>
        <when>2025-01-01T00:55:05.4923110Z</when>
        <gx:coord>12.591963 50.853374 867.71606</gx:coord>
        <when>2025-01-01T00:55:10.4923110Z</when>
        <gx:coord>12.589474 50.854534 870.76404</gx:coord>
        <when>2025-01-01T00:55:13.1203110Z</when>
        <gx:coord>12.586964 50.855648 875.33606</gx:coord>
        <when>2025-01-01T00:55:15.4923110Z</when>
        <gx:coord>12.58574 50.856228 873.8121</gx:coord>
        <when>2025-01-01T00:55:20.4933110Z</when>
        <gx:coord>12.583208 50.857365 861.62</gx:coord>
        <when>2025-01-01T00:55:25.4933110Z</when>
        <gx:coord>12.579432 50.859104 855.52405</gx:coord>
        <when>2025-01-01T00:55:30.4933110Z</when>
        <gx:coord>12.5769 50.860306 849.42804</gx:coord>
        <when>2025-01-01T00:55:31.1083110Z</when>
        <gx:coord>12.575612 50.860905 844.8561</gx:coord>
        <when>2025-01-01T00:55:35.4933110Z</when>
        <gx:coord>12.573059 50.862152 837.236</gx:coord>
        <when>2025-01-01T00:55:39.1113110Z</when>
        <gx:coord>12.571793 50.862774 841.80804</gx:coord>
        <when>2025-01-01T00:55:40.5223110Z</when>
        <gx:coord>12.570526 50.863415 846.38007</gx:coord>
        <when>2025-01-01T00:55:45.4933110Z</when>
        <gx:coord>12.5667715 50.865242 860.09607</gx:coord>
        <when>2025-01-01T00:55:47.1193110Z</when>
        <gx:coord>12.565527 50.86584 860.09607</gx:coord>
        <when>2025-01-01T00:55:50.4933110Z</when>
        <gx:coord>12.564282 50.86642 864.668</gx:coord>
        <when>2025-01-01T00:55:55.4933110Z</when>
        <gx:coord>12.560549 50.868156 863.14404</gx:coord>
        <when>2025-01-01T00:56:00.4933110Z</when>
        <gx:coord>12.558039 50.86934 861.62</gx:coord>
        <when>2025-01-01T00:56:05.4933110Z</when>
        <gx:coord>12.554197 50.87108 854.00006</gx:coord>
        <when>2025-01-01T00:56:10.4933110Z</when>
        <gx:coord>12.551665 50.872234 861.62</gx:coord>
        <when>2025-01-01T00:56:13.1083110Z</when>
        <gx:coord>12.549219 50.873436 876.86005</gx:coord>
        <when>2025-01-01T00:56:15.4943110Z</when>
        <gx:coord>12.547975 50.874016 881.43207</gx:coord>
        <when>2025-01-01T00:56:20.4943110Z</when>
        <gx:coord>12.545464 50.875175 887.5281</gx:coord>
        <when>2025-01-01T00:56:21.1173110Z</when>
        <gx:coord>12.544198 50.875755 887.5281</gx:coord>
        <when>2025-01-01T00:56:25.4943110Z</when>
        <gx:coord>12.541645 50.876915 893.624</gx:coord>
        <when>2025-01-01T00:56:30.4943110Z</when>
        <gx:coord>12.539091 50.878094 901.2441</gx:coord>
        <when>2025-01-01T00:56:33.1173110Z</when>
        <gx:coord>12.536537 50.879253 908.8641</gx:coord>
        <when>2025-01-01T00:56:35.4943110Z</when>
        <gx:coord>12.535272 50.87981 910.38806</gx:coord>
        <when>2025-01-01T00:56:40.5013110Z</when>
        <gx:coord>12.532654 50.880924 908.8641</gx:coord>
        <when>2025-01-01T00:56:45.4943110Z</when>
        <gx:coord>12.528577 50.882557 902.76807</gx:coord>
        <when>2025-01-01T00:56:50.4943110Z</when>
        <gx:coord>12.525873 50.883736 896.67206</gx:coord>
        <when>2025-01-01T00:56:55.1203110Z</when>
        <gx:coord>12.521774 50.88554 893.624</gx:coord>
        <when>2025-01-01T00:56:55.4953110Z</when>
        <gx:coord>12.521774 50.88554 892.10004</gx:coord>
        <when>2025-01-01T00:57:00.4953110Z</when>
        <gx:coord>12.519072 50.88676 889.05206</gx:coord>
        <when>2025-01-01T00:57:05.5223110Z</when>
        <gx:coord>12.5150585 50.888607 884.48004</gx:coord>
        <when>2025-01-01T00:57:10.4953110Z</when>
        <gx:coord>12.512441 50.88983 881.43207</gx:coord>
        <when>2025-01-01T00:57:15.4953110Z</when>
        <gx:coord>12.508492 50.89159 881.43207</gx:coord>
        <when>2025-01-01T00:57:20.4953110Z</when>
        <gx:coord>12.505875 50.89275 882.956</gx:coord>
        <when>2025-01-01T00:57:25.1133110Z</when>
        <gx:coord>12.502012 50.89451 878.38403</gx:coord>
        <when>2025-01-01T00:57:25.4953110Z</when>
        <gx:coord>12.502012 50.89451 878.38403</gx:coord>
        <when>2025-01-01T00:57:29.1233110Z</when>
        <gx:coord>12.499458 50.895733 875.33606</gx:coord>
        <when>2025-01-01T00:57:30.4953110Z</when>
        <gx:coord>12.499458 50.895733 875.33606</gx:coord>
        <when>2025-01-01T00:57:35.4953110Z</when>
        <gx:coord>12.495661 50.897533 876.86005</gx:coord>
        <when>2025-01-01T00:57:40.5213110Z</when>
        <gx:coord>12.493086 50.898693 876.86005</gx:coord>
        <when>2025-01-01T00:57:45.4963110Z</when>
        <gx:coord>12.489244 50.900387 881.43207</gx:coord>
        <when>2025-01-01T00:57:50.4963110Z</when>
        <gx:coord>12.486713 50.90148 884.48004</gx:coord>
        <when>2025-01-01T00:57:55.4963110Z</when>
        <gx:coord>12.482851 50.903114 889.05206</gx:coord>
        <when>2025-01-01T00:58:00.4963110Z</when>
        <gx:coord>12.480232 50.90425 896.67206</gx:coord>
        <when>2025-01-01T00:58:03.1223110Z</when>
        <gx:coord>12.477593 50.905388 899.72003</gx:coord>
        <when>2025-01-01T00:58:05.4963110Z</when>
        <gx:coord>12.476263 50.905968 905.81604</gx:coord>
        <when>2025-01-01T00:58:10.4963110Z</when>
        <gx:coord>12.473581 50.907146 902.76807</gx:coord>
        <when>2025-01-01T00:58:15.4963110Z</when>
        <gx:coord>12.469633 50.908993 898.19604</gx:coord>
        <when>2025-01-01T00:58:19.1153110Z</when>
        <gx:coord>12.467058 50.910217 910.38806</gx:coord>
        <when>2025-01-01T00:58:20.4963110Z</when>
        <gx:coord>12.467058 50.910217 910.38806</gx:coord>
        <when>2025-01-01T00:58:25.4963110Z</when>
        <gx:coord>12.46311 50.911976 914.96</gx:coord>
        <when>2025-01-01T00:58:30.4973110Z</when>
        <gx:coord>12.460384 50.91307 910.38806</gx:coord>
        <when>2025-01-01T00:58:35.4973110Z</when>
        <gx:coord>12.456307 50.914764 901.2441</gx:coord>
        <when>2025-01-01T00:58:37.2113110Z</when>
        <gx:coord>12.454956 50.915344 901.2441</gx:coord>
        <when>2025-01-01T00:58:40.5293110Z</when>
        <gx:coord>12.453583 50.915943 898.19604</gx:coord>
        <when>2025-01-01T00:58:45.4973110Z</when>
        <gx:coord>12.449527 50.917706 899.72003</gx:coord>
        <when>2025-01-01T00:58:50.4973110Z</when>
        <gx:coord>12.446823 50.91886 905.81604</gx:coord>
        <when>2025-01-01T00:58:55.4973110Z</when>
        <gx:coord>12.442961 50.92056 913.43604</gx:coord>
        <when>2025-01-01T00:59:00.4973110Z</when>
        <gx:coord>12.440407 50.921715 907.34</gx:coord>
        <when>2025-01-01T00:59:05.4973110Z</when>
        <gx:coord>12.436459 50.923477 904.292</gx:coord>
        <when>2025-01-01T00:59:10.4973110Z</when>
        <gx:coord>12.433863 50.924656 905.81604</gx:coord>
        <when>2025-01-01T00:59:11.1213110Z</when>
        <gx:coord>12.432575 50.925236 905.81604</gx:coord>
        <when>2025-01-01T00:59:15.4973110Z</when>
        <gx:coord>12.429979 50.926395 896.67206</gx:coord>
        <when>2025-01-01T00:59:20.4973110Z</when>
        <gx:coord>12.42734 50.927574 886.004</gx:coord>
        <when>2025-01-01T00:59:21.1123110Z</when>
        <gx:coord>12.426009 50.928177 879.9081</gx:coord>
        <when>2025-01-01T00:59:25.4973110Z</when>
        <gx:coord>12.423348 50.92938 869.24</gx:coord>
        <when>2025-01-01T00:59:30.4983110Z</when>
        <gx:coord>12.420624 50.9306 866.1921</gx:coord>
        <when>2025-01-01T00:59:35.4973110Z</when>
        <gx:coord>12.416546 50.93251 861.62</gx:coord>
        <when>2025-01-01T00:59:40.5283110Z</when>
        <gx:coord>12.413843 50.93382 876.86005</gx:coord>
        <when>2025-01-01T00:59:43.1243110Z</when>
        <gx:coord>12.411053 50.935043 882.956</gx:coord>
        <when>2025-01-01T00:59:45.4973110Z</when>
        <gx:coord>12.409637 50.935642 893.624</gx:coord>
        <when>2025-01-01T00:59:49.1153110Z</when>
        <gx:coord>12.40822 50.936222 898.19604</gx:coord>
        <when>2025-01-01T00:59:50.4983110Z</when>
        <gx:coord>12.406783 50.936844 901.2441</gx:coord>
        <when>2025-01-01T00:59:55.4983110Z</when>
        <gx:coord>12.402492 50.93869 908.8641</gx:coord>
        <when>2025-01-01T01:00:00.4983110Z</when>
        <gx:coord>12.399637 50.939957 902.76807</gx:coord>
        <when>2025-01-01T01:00:05.4983110Z</when>
        <gx:coord>12.395282 50.94191 889.05206</gx:coord>
        <when>2025-01-01T01:00:10.4983110Z</when>
        <gx:coord>12.3923855 50.943237 879.9081</gx:coord>
        <when>2025-01-01T01:00:15.1153110Z</when>
        <gx:coord>12.388072 50.945236 870.76404</gx:coord>
        <when>2025-01-01T01:00:15.4983110Z</when>
        <gx:coord>12.388072 50.945236 867.71606</gx:coord>
        <when>2025-01-01T01:00:20.4993110Z</when>
        <gx:coord>12.385218 50.946545 857.04803</gx:coord>
        <when>2025-01-01T01:00:23.1203110Z</when>
        <gx:coord>12.382385 50.947872 849.42804</gx:coord>
        <when>2025-01-01T01:00:25.4993110Z</when>
        <gx:coord>12.38097 50.94856 846.38007</gx:coord>
        <when>2025-01-01T01:00:30.4983110Z</when>
        <gx:coord>12.378159 50.949913 840.284</gx:coord>
        <when>2025-01-01T01:00:35.4993110Z</when>
        <gx:coord>12.373953 50.951927 840.284</gx:coord>
        <when>2025-01-01T01:00:40.5333110Z</when>
        <gx:coord>12.371078 50.953194 840.284</gx:coord>
        <when>2025-01-01T01:00:45.1183110Z</when>
        <gx:coord>12.366636 50.955105 838.7601</gx:coord>
        <when>2025-01-01T01:00:45.4993110Z</when>
        <gx:coord>12.366636 50.955105 838.7601</gx:coord>
        <when>2025-01-01T01:00:50.4993110Z</when>
        <gx:coord>12.363718 50.95639 849.42804</gx:coord>
        <when>2025-01-01T01:00:55.4993110Z</when>
        <gx:coord>12.3594265 50.958344 869.24</gx:coord>
        <when>2025-01-01T01:01:00.4993110Z</when>
        <gx:coord>12.356594 50.959633 870.76404</gx:coord>
        <when>2025-01-01T01:01:05.4993110Z</when>
        <gx:coord>12.352281 50.961605 860.09607</gx:coord>
        <when>2025-01-01T01:01:10.4993110Z</when>
        <gx:coord>12.349362 50.962894 858.572</gx:coord>
        <when>2025-01-01T01:01:15.1203110Z</when>
        <gx:coord>12.344963 50.964783 854.00006</gx:coord>
        <when>2025-01-01T01:01:15.4993110Z</when>
        <gx:coord>12.344963 50.964783 852.4761</gx:coord>
        <when>2025-01-01T01:01:20.4993110Z</when>
        <gx:coord>12.342067 50.966026 847.904</gx:coord>
        <when>2025-01-01T01:01:25.4993110Z</when>
        <gx:coord>12.337753 50.967937 849.42804</gx:coord>
        <when>2025-01-01T01:01:30.5003110Z</when>
        <gx:coord>12.3349 50.96918 841.80804</gx:coord>
        <when>2025-01-01T01:01:35.5003110Z</when>
        <gx:coord>12.330651 50.97111 828.09204</gx:coord>
        <when>2025-01-01T01:01:40.5053110Z</when>
        <gx:coord>12.327819 50.97236 826.568</gx:coord>
        <when>2025-01-01T01:01:43.1173110Z</when>
        <gx:coord>12.324965 50.973602 818.94806</gx:coord>
        <when>2025-01-01T01:01:45.5003110Z</when>
        <gx:coord>12.323549 50.974224 812.85205</gx:coord>
        <when>2025-01-01T01:01:47.1223110Z</when>
        <gx:coord>12.322111 50.97487 812.85205</gx:coord>
        <when>2025-01-01T01:01:50.5003110Z</when>
        <gx:coord>12.320673 50.97549 803.70807</gx:coord>
        <when>2025-01-01T01:01:55.4993110Z</when>
        <gx:coord>12.316275 50.977356 802.184</gx:coord>
        <when>2025-01-01T01:02:00.5003110Z</when>
        <gx:coord>12.313356 50.97858 799.13605</gx:coord>
        <when>2025-01-01T01:02:05.5003110Z</when>
        <gx:coord>12.309 50.98047 793.04004</gx:coord>
        <when>2025-01-01T01:02:10.5003110Z</when>
        <gx:coord>12.306104 50.981777 791.516</gx:coord>
        <when>2025-01-01T01:02:11.1163110Z</when>
        <gx:coord>12.3046665 50.98244 788.4681</gx:coord>
        <when>2025-01-01T01:02:15.5003110Z</when>
        <gx:coord>12.301726 50.98373 783.896</gx:coord>
        <when>2025-01-01T01:02:17.1213110Z</when>
        <gx:coord>12.300224 50.984352 783.896</gx:coord>
        <when>2025-01-01T01:02:20.5003110Z</when>
        <gx:coord>12.2987 50.984997 774.7521</gx:coord>
        <when>2025-01-01T01:02:25.1113110Z</when>
        <gx:coord>12.294109 50.986885 756.46405</gx:coord>
        <when>2025-01-01T01:02:25.5003110Z</when>
        <gx:coord>12.294109 50.986885 756.46405</gx:coord>
        <when>2025-01-01T01:02:30.5003110Z</when>
        <gx:coord>12.29104 50.98815 761.0361</gx:coord>
        <when>2025-01-01T01:02:35.5013110Z</when>
        <gx:coord>12.286491 50.990017 768.65607</gx:coord>
        <when>2025-01-01T01:02:40.5033110Z</when>
        <gx:coord>12.283552 50.99124 767.1321</gx:coord>
        <when>2025-01-01T01:02:45.5013110Z</when>
        <gx:coord>12.279217 50.993065 777.80005</gx:coord>
        <when>2025-01-01T01:02:47.1153110Z</when>
        <gx:coord>12.2778225 50.993664 777.80005</gx:coord>
        <when>2025-01-01T01:02:50.5013110Z</when>
        <gx:coord>12.276428 50.994267 782.3721</gx:coord>
        <when>2025-01-01T01:02:55.5013110Z</when>
        <gx:coord>12.272179 50.996048 780.848</gx:coord>
        <when>2025-01-01T01:03:00.5013110Z</when>
        <gx:coord>12.269325 50.997204 776.27606</gx:coord>
        <when>2025-01-01T01:03:05.5013110Z</when>
        <gx:coord>12.265141 50.998943 776.27606</gx:coord>
        <when>2025-01-01T01:03:10.5013110Z</when>
        <gx:coord>12.262394 51.000122 783.896</gx:coord>
        <when>2025-01-01T01:03:15.5013110Z</when>
        <gx:coord>12.25836 51.001926 779.32404</gx:coord>
        <when>2025-01-01T01:03:19.1143110Z</when>
        <gx:coord>12.255699 51.00317 774.7521</gx:coord>
        <when>2025-01-01T01:03:20.5013110Z</when>
        <gx:coord>12.255699 51.00317 773.228</gx:coord>
        <when>2025-01-01T01:03:25.5013110Z</when>
        <gx:coord>12.251623 51.00506 765.60803</gx:coord>
        <when>2025-01-01T01:03:30.5013110Z</when>
        <gx:coord>12.248919 51.0063 754.25</gx:coord>
        <when>2025-01-01T01:03:35.5013110Z</when>
        <gx:coord>12.244821 51.00815 746.63</gx:coord>
        <when>2025-01-01T01:03:40.5363110Z</when>
        <gx:coord>12.242052 51.009373 743.5821</gx:coord>
        <when>2025-01-01T01:03:45.5023110Z</when>
        <gx:coord>12.237825 51.011066 746.63</gx:coord>
        <when>2025-01-01T01:03:50.5023110Z</when>
        <gx:coord>12.235079 51.012203 748.154</gx:coord>
        <when>2025-01-01T01:03:51.1193110Z</when>
        <gx:coord>12.2337055 51.012783 748.154</gx:coord>
        <when>2025-01-01T01:03:55.5023110Z</when>
        <gx:coord>12.231002 51.01392 763.3941</gx:coord>
        <when>2025-01-01T01:04:00.5023110Z</when>
        <gx:coord>12.228255 51.01508 767.966</gx:coord>
        <when>2025-01-01T01:04:05.5023110Z</when>
        <gx:coord>12.224199 51.01686 767.966</gx:coord>
        <when>2025-01-01T01:04:10.5023110Z</when>
        <gx:coord>12.221432 51.01802 767.966</gx:coord>
        <when>2025-01-01T01:04:15.5023110Z</when>
        <gx:coord>12.217355 51.01978 764.918</gx:coord>
        <when>2025-01-01T01:04:20.5023110Z</when>
        <gx:coord>12.214694 51.020935 763.3941</gx:coord>
        <when>2025-01-01T01:04:25.1253110Z</when>
        <gx:coord>12.210703 51.02265 767.966</gx:coord>
        <when>2025-01-01T01:04:25.5023110Z</when>
        <gx:coord>12.210703 51.02265 769.49</gx:coord>
        <when>2025-01-01T01:04:30.5023110Z</when>
        <gx:coord>12.208021 51.023792 767.966</gx:coord>
        <when>2025-01-01T01:04:35.5053110Z</when>
        <gx:coord>12.203943 51.025444 761.87</gx:coord>
        <when>2025-01-01T01:04:40.5333110Z</when>
        <gx:coord>12.2012615 51.026558 761.87</gx:coord>
        <when>2025-01-01T01:04:45.5033110Z</when>
        <gx:coord>12.1972275 51.02819 766.442</gx:coord>
        <when>2025-01-01T01:04:47.1113110Z</when>
        <gx:coord>12.1972275 51.02819 766.442</gx:coord>
        <when>2025-01-01T01:04:50.5033110Z</when>
        <gx:coord>12.194588 51.029285 774.062</gx:coord>
        <when>2025-01-01T01:04:55.5033110Z</when>
        <gx:coord>12.1906395 51.030937 774.062</gx:coord>
        <when>2025-01-01T01:04:59.1213110Z</when>
        <gx:coord>12.187979 51.032116 771.0141</gx:coord>
        <when>2025-01-01T01:05:00.5033110Z</when>
        <gx:coord>12.187979 51.032116 767.966</gx:coord>
        <when>2025-01-01T01:05:05.5033110Z</when>
        <gx:coord>12.183903 51.03398 764.918</gx:coord>
        <when>2025-01-01T01:05:10.5033110Z</when>
        <gx:coord>12.181112 51.035164 761.87</gx:coord>
        <when>2025-01-01T01:05:15.5033110Z</when>
        <gx:coord>12.176907 51.036922 764.918</gx:coord>
        <when>2025-01-01T01:05:20.5033110Z</when>
        <gx:coord>12.174074 51.03806 757.2981</gx:coord>
        <when>2025-01-01T01:05:25.5033110Z</when>
        <gx:coord>12.1698475 51.039818 751.202</gx:coord>
        <when>2025-01-01T01:05:30.5033110Z</when>
        <gx:coord>12.167058 51.041 755.7741</gx:coord>
        <when>2025-01-01T01:05:31.1253110Z</when>
        <gx:coord>12.165707 51.0416 755.7741</gx:coord>
        <when>2025-01-01T01:05:35.5033110Z</when>
        <gx:coord>12.162981 51.0428 751.202</gx:coord>
        <when>2025-01-01T01:05:40.5353110Z</when>
        <gx:coord>12.16032 51.04405 752.726</gx:coord>
        <when>2025-01-01T01:05:45.5033110Z</when>
        <gx:coord>12.156329 51.04589 761.87</gx:coord>
        <when>2025-01-01T01:05:50.5033110Z</when>
        <gx:coord>12.153646 51.047092 769.49</gx:coord>
        <when>2025-01-01T01:05:55.5033110Z</when>
        <gx:coord>12.149549 51.048832 771.0141</gx:coord>
        <when>2025-01-01T01:06:00.5033110Z</when>
        <gx:coord>12.146716 51.04997 772.538</gx:coord>
        <when>2025-01-01T01:06:03.1153110Z</when>
        <gx:coord>12.14382 51.051064 778.6341</gx:coord>
        <when>2025-01-01T01:06:05.5033110Z</when>
        <gx:coord>12.142382 51.051643 783.206</gx:coord>
        <when>2025-01-01T01:06:10.5033110Z</when>
        <gx:coord>12.139549 51.052803 784.7301</gx:coord>
        <when>2025-01-01T01:06:15.1143110Z</when>
        <gx:coord>12.136782 51.05407 783.206</gx:coord>
        <when>2025-01-01T01:06:15.5043110Z</when>
        <gx:coord>12.135408 51.054733 781.682</gx:coord>
        <when>2025-01-01T01:06:20.5043110Z</when>
        <gx:coord>12.132576 51.05602 775.586</gx:coord>
        <when>2025-01-01T01:06:25.5043110Z</when>
        <gx:coord>12.128177 51.057865 771.0141</gx:coord>
        <when>2025-01-01T01:06:30.5043110Z</when>
        <gx:coord>12.125258 51.059044 766.442</gx:coord>
        <when>2025-01-01T01:06:35.1233110Z</when>
        <gx:coord>12.120903 51.06085 761.87</gx:coord>
        <when>2025-01-01T01:06:35.5043110Z</when>
        <gx:coord>12.120903 51.06085 758.822</gx:coord>
        <when>2025-01-01T01:06:40.5123110Z</when>
        <gx:coord>12.118049 51.062073 754.25</gx:coord>
        <when>2025-01-01T01:06:45.5103110Z</when>
        <gx:coord>12.113821 51.063896 749.6781</gx:coord>
        <when>2025-01-01T01:06:50.5043110Z</when>
        <gx:coord>12.111053 51.065075 755.7741</gx:coord>
        <when>2025-01-01T01:06:55.5053110Z</when>
        <gx:coord>12.106998 51.066833 761.87</gx:coord>
        <when>2025-01-01T01:07:00.5043110Z</when>
        <gx:coord>12.104294 51.067993 771.0141</gx:coord>
        <when>2025-01-01T01:07:05.5053110Z</when>
        <gx:coord>12.100239 51.069645 780.158</gx:coord>
        <when>2025-01-01T01:07:07.1203110Z</when>
        <gx:coord>12.0988865 51.070206 780.158</gx:coord>
        <when>2025-01-01T01:07:10.5053110Z</when>
        <gx:coord>12.097513 51.07078 781.682</gx:coord>
        <when>2025-01-01T01:07:15.5343110Z</when>
        <gx:coord>12.093415 51.07252 769.49</gx:coord>
        <when>2025-01-01T01:07:20.5053110Z</when>
        <gx:coord>12.090583 51.073658 761.87</gx:coord>
        <when>2025-01-01T01:07:25.5053110Z</when>
        <gx:coord>12.086291 51.075397 755.7741</gx:coord>
        <when>2025-01-01T01:07:30.5433110Z</when>
        <gx:coord>12.083395 51.076553 758.822</gx:coord>
        <when>2025-01-01T01:07:35.5053110Z</when>
        <gx:coord>12.079189 51.07838 771.0141</gx:coord>
        <when>2025-01-01T01:07:39.1183110Z</when>
        <gx:coord>12.076443 51.079624 771.0141</gx:coord>
        <when>2025-01-01T01:07:40.5393110Z</when>
        <gx:coord>12.076443 51.079624 772.538</gx:coord>
        <when>2025-01-01T01:07:45.5053110Z</when>
        <gx:coord>12.072258 51.081383 778.6341</gx:coord>
        <when>2025-01-01T01:07:50.5053110Z</when>
        <gx:coord>12.069426 51.082542 781.682</gx:coord>
        <when>2025-01-01T01:07:51.1143110Z</when>
        <gx:coord>12.067987 51.08314 787.778</gx:coord>
        <when>2025-01-01T01:07:55.5053110Z</when>
        <gx:coord>12.065113 51.084343 789.302</gx:coord>
        <when>2025-01-01T01:08:00.5053110Z</when>
        <gx:coord>12.062195 51.085545 784.7301</gx:coord>
        <when>2025-01-01T01:08:05.5053110Z</when>
        <gx:coord>12.057667 51.087456 780.158</gx:coord>
        <when>2025-01-01T01:08:10.5053110Z</when>
        <gx:coord>12.054642 51.088745 786.254</gx:coord>
        <when>2025-01-01T01:08:11.1173110Z</when>
        <gx:coord>12.053161 51.089367 786.254</gx:coord>
        <when>2025-01-01T01:08:15.5063110Z</when>
        <gx:coord>12.050179 51.09057 792.3501</gx:coord>
        <when>2025-01-01T01:08:20.5063110Z</when>
        <gx:coord>12.04726 51.09177 796.922</gx:coord>
        <when>2025-01-01T01:08:25.5063110Z</when>
        <gx:coord>12.042947 51.093594 792.3501</gx:coord>
        <when>2025-01-01T01:08:30.5053110Z</when>
        <gx:coord>12.040136 51.09486 790.826</gx:coord>
        <when>2025-01-01T01:08:35.5063110Z</when>
        <gx:coord>12.035909 51.096684 793.874</gx:coord>
        <when>2025-01-01T01:08:40.5433110Z</when>
        <gx:coord>12.033119 51.09784 795.398</gx:coord>
        <when>2025-01-01T01:08:43.1163110Z</when>
        <gx:coord>12.030373 51.099022 793.874</gx:coord>
        <when>2025-01-01T01:08:45.5063110Z</when>
        <gx:coord>12.028978 51.0996 793.874</gx:coord>
        <when>2025-01-01T01:08:50.5063110Z</when>
        <gx:coord>12.02621 51.10076 789.302</gx:coord>
        <when>2025-01-01T01:08:55.5063110Z</when>
        <gx:coord>12.02194 51.102478 783.206</gx:coord>
        <when>2025-01-01T01:09:00.5063110Z</when>
        <gx:coord>12.019022 51.103615 777.1101</gx:coord>
        <when>2025-01-01T01:09:05.5063110Z</when>
        <gx:coord>12.014623 51.10533 772.538</gx:coord>
        <when>2025-01-01T01:09:10.5063110Z</when>
        <gx:coord>12.011704 51.106422 778.6341</gx:coord>
        <when>2025-01-01T01:09:15.1173110Z</when>
        <gx:coord>12.007499 51.108055 781.682</gx:coord>
        <when>2025-01-01T01:09:15.5063110Z</when>
        <gx:coord>12.007499 51.108055 781.682</gx:coord>
        <when>2025-01-01T01:09:20.5073110Z</when>
        <gx:coord>12.004709 51.10915 778.6341</gx:coord>
        <when>2025-01-01T01:09:25.5073110Z</when>
        <gx:coord>12.0005245 51.11078 775.586</gx:coord>
        <when>2025-01-01T01:09:30.5073110Z</when>
        <gx:coord>11.997736 51.111897 764.918</gx:coord>
        <when>2025-01-01T01:09:35.5073110Z</when>
        <gx:coord>11.993658 51.11359 767.966</gx:coord>
        <when>2025-01-01T01:09:40.5363110Z</when>
        <gx:coord>11.991083 51.11479 769.49</gx:coord>
        <when>2025-01-01T01:09:45.5073110Z</when>
        <gx:coord>11.987286 51.116703 772.538</gx:coord>
        <when>2025-01-01T01:09:49.1163110Z</when>
        <gx:coord>11.984646 51.117947 772.538</gx:coord>
        <when>2025-01-01T01:09:50.5073110Z</when>
        <gx:coord>11.984646 51.117947 774.062</gx:coord>
        <when>2025-01-01T01:09:55.5073110Z</when>
        <gx:coord>11.980656 51.119812 789.302</gx:coord>
        <when>2025-01-01T01:10:00.5073110Z</when>
        <gx:coord>11.977887 51.12106 807.59</gx:coord>
        <when>2025-01-01T01:10:03.1143110Z</when>
        <gx:coord>11.975119 51.12228 825.878</gx:coord>
        <when>2025-01-01T01:10:05.5073110Z</when>
        <gx:coord>11.973745 51.122902 828.926</gx:coord>
        <when>2025-01-01T01:10:10.5073110Z</when>
        <gx:coord>11.971043 51.12417 833.4981</gx:coord>
        <when>2025-01-01T01:10:15.5073110Z</when>
        <gx:coord>11.9670725 51.126102 825.878</gx:coord>
        <when>2025-01-01T01:10:20.5083110Z</when>
        <gx:coord>11.964369 51.12741 815.21</gx:coord>
        <when>2025-01-01T01:10:21.1163110Z</when>
        <gx:coord>11.9630165 51.128075 815.21</gx:coord>
        <when>2025-01-01T01:10:25.5083110Z</when>
        <gx:coord>11.96027 51.129383 821.3061</gx:coord>
        <when>2025-01-01T01:10:30.5083110Z</when>
        <gx:coord>11.957545 51.13065 825.878</gx:coord>
        <when>2025-01-01T01:10:35.5083110Z</when>
        <gx:coord>11.953489 51.13256 828.926</gx:coord>
        <when>2025-01-01T01:10:40.5433110Z</when>
        <gx:coord>11.950787 51.133827 816.734</gx:coord>
        <when>2025-01-01T01:10:45.5083110Z</when>
        <gx:coord>11.946731 51.135757 804.542</gx:coord>
        <when>2025-01-01T01:10:50.5083110Z</when>
        <gx:coord>11.944006 51.137024 801.494</gx:coord>
        <when>2025-01-01T01:10:53.1073110Z</when>
        <gx:coord>11.941259 51.138245 799.9701</gx:coord>
        <when>2025-01-01T01:10:55.1103110Z</when>
        <gx:coord>11.939886 51.13887 793.874</gx:coord>
        <when>2025-01-01T01:10:55.5083110Z</when>
        <gx:coord>11.939886 51.13887 793.874</gx:coord>
        <when>2025-01-01T01:11:00.5083110Z</when>
        <gx:coord>11.9371395 51.140114 789.302</gx:coord>
        <when>2025-01-01T01:11:05.5083110Z</when>
        <gx:coord>11.932955 51.141937 786.254</gx:coord>
        <when>2025-01-01T01:11:10.5083110Z</when>
        <gx:coord>11.930122 51.143074 784.7301</gx:coord>
        <when>2025-01-01T01:11:15.5083110Z</when>
        <gx:coord>11.925896 51.14479 784.7301</gx:coord>
        <when>2025-01-01T01:11:20.5083110Z</when>
        <gx:coord>11.923105 51.14597 786.254</gx:coord>
        <when>2025-01-01T01:11:25.1203110Z</when>
        <gx:coord>11.919007 51.147858 792.3501</gx:coord>
        <when>2025-01-01T01:11:25.5093110Z</when>
        <gx:coord>11.919007 51.147858 793.874</gx:coord>
        <when>2025-01-01T01:11:30.5093110Z</when>
        <gx:coord>11.916283 51.149124 796.922</gx:coord>
        <when>2025-01-01T01:11:35.5093110Z</when>
        <gx:coord>11.912227 51.151054 807.59</gx:coord>
        <when>2025-01-01T01:11:40.5413110Z</when>
        <gx:coord>11.909523 51.15232 806.0661</gx:coord>
        <when>2025-01-01T01:11:45.5093110Z</when>
        <gx:coord>11.905274 51.15419 793.874</gx:coord>
        <when>2025-01-01T01:11:50.5083110Z</when>
        <gx:coord>11.902313 51.15539 790.826</gx:coord>
        <when>2025-01-01T01:11:55.5093110Z</when>
        <gx:coord>11.897915 51.1573 784.7301</gx:coord>
        <when>2025-01-01T01:11:57.1163110Z</when>
        <gx:coord>11.896477 51.157967 784.7301</gx:coord>
        <when>2025-01-01T01:12:00.5093110Z</when>
        <gx:coord>11.895039 51.158607 777.1101</gx:coord>
        <when>2025-01-01T01:12:05.5093110Z</when>
        <gx:coord>11.890661 51.16052 766.442</gx:coord>
        <when>2025-01-01T01:12:07.1133110Z</when>
        <gx:coord>11.889181 51.16112 761.87</gx:coord>
        <when>2025-01-01T01:12:10.5093110Z</when>
        <gx:coord>11.887722 51.161743 755.7741</gx:coord>
        <when>2025-01-01T01:12:15.5093110Z</when>
        <gx:coord>11.883324 51.163544 754.25</gx:coord>
        <when>2025-01-01T01:12:20.5093110Z</when>
        <gx:coord>11.880405 51.164703 754.25</gx:coord>
        <when>2025-01-01T01:12:25.5093110Z</when>
        <gx:coord>11.876178 51.16657 764.918</gx:coord>
        <when>2025-01-01T01:12:29.1233110Z</when>
        <gx:coord>11.873474 51.1679 769.49</gx:coord>
        <when>2025-01-01T01:12:30.5103110Z</when>
        <gx:coord>11.873474 51.1679 766.442</gx:coord>
        <when>2025-01-01T01:12:35.5103110Z</when>
        <gx:coord>11.869333 51.169853 760.346</gx:coord>
        <when>2025-01-01T01:12:40.5423110Z</when>
        <gx:coord>11.866457 51.171078 758.822</gx:coord>
        <when>2025-01-01T01:12:45.5093110Z</when>
        <gx:coord>11.862102 51.17286 752.726</gx:coord>
        <when>2025-01-01T01:12:50.5103110Z</when>
        <gx:coord>11.859226 51.174103 746.63</gx:coord>
        <when>2025-01-01T01:12:55.5103110Z</when>
        <gx:coord>11.855 51.17599 739.01</gx:coord>
        <when>2025-01-01T01:13:00.5103110Z</when>
        <gx:coord>11.852167 51.177258 735.9621</gx:coord>
        <when>2025-01-01T01:13:01.1153110Z</when>
        <gx:coord>11.850772 51.17788 735.9621</gx:coord>
        <when>2025-01-01T01:13:03.1093110Z</when>
        <gx:coord>11.849356 51.1785 731.39</gx:coord>
        <when>2025-01-01T01:13:05.5103110Z</when>
        <gx:coord>11.847918 51.179146 726.818</gx:coord>
        <when>2025-01-01T01:13:10.5103110Z</when>
        <gx:coord>11.845064 51.18039 720.7221</gx:coord>
        <when>2025-01-01T01:13:15.5103110Z</when>
        <gx:coord>11.84073 51.18217 726.818</gx:coord>
        <when>2025-01-01T01:13:20.5103110Z</when>
        <gx:coord>11.837897 51.183308 732.914</gx:coord>
        <when>2025-01-01T01:13:25.5103110Z</when>
        <gx:coord>11.833777 51.184982 734.438</gx:coord>
        <when>2025-01-01T01:13:30.5093110Z</when>
        <gx:coord>11.831139 51.186096 731.39</gx:coord>
        <when>2025-01-01T01:13:31.1093110Z</when>
        <gx:coord>11.831139 51.186096 731.39</gx:coord>
        <when>2025-01-01T01:13:33.1173110Z</when>
        <gx:coord>11.828499 51.18719 732.914</gx:coord>
        <when>2025-01-01T01:13:35.5113110Z</when>
        <gx:coord>11.82719 51.18773 735.9621</gx:coord>
        <when>2025-01-01T01:13:40.5513110Z</when>
        <gx:coord>11.824551 51.1888 735.9621</gx:coord>
        <when>2025-01-01T01:13:45.5113110Z</when>
        <gx:coord>11.820517 51.190495 746.63</gx:coord>
        <when>2025-01-01T01:13:50.5113110Z</when>
        <gx:coord>11.817835 51.191677 748.154</gx:coord>
        <when>2025-01-01T01:13:55.5113110Z</when>
        <gx:coord>11.813779 51.193478 734.438</gx:coord>
        <when>2025-01-01T01:14:00.5113110Z</when>
        <gx:coord>11.811054 51.194744 729.866</gx:coord>
        <when>2025-01-01T01:14:05.5113110Z</when>
        <gx:coord>11.806976 51.19659 737.486</gx:coord>
        <when>2025-01-01T01:14:07.1183110Z</when>
        <gx:coord>11.805603 51.19719 737.486</gx:coord>
        <when>2025-01-01T01:14:10.5113110Z</when>
        <gx:coord>11.804252 51.197792 740.534</gx:coord>
        <when>2025-01-01T01:14:15.5113110Z</when>
        <gx:coord>11.800154 51.199528 748.154</gx:coord>
        <when>2025-01-01T01:14:20.5113110Z</when>
        <gx:coord>11.797407 51.200645 754.25</gx:coord>
        <when>2025-01-01T01:14:25.5113110Z</when>
        <gx:coord>11.793265 51.202297 754.25</gx:coord>
        <when>2025-01-01T01:14:30.5113110Z</when>
        <gx:coord>11.790497 51.203392 757.2981</gx:coord>
        <when>2025-01-01T01:14:35.5113110Z</when>
        <gx:coord>11.786356 51.205044 752.726</gx:coord>
        <when>2025-01-01T01:14:40.5463110Z</when>
        <gx:coord>11.783588 51.20616 752.726</gx:coord>
        <when>2025-01-01T01:14:41.1213110Z</when>
        <gx:coord>11.782171 51.206696 752.726</gx:coord>
        <when>2025-01-01T01:14:45.5123110Z</when>
        <gx:coord>11.779318 51.207767 751.202</gx:coord>
        <when>2025-01-01T01:14:49.1093110Z</when>
        <gx:coord>11.776464 51.208797 764.918</gx:coord>
        <when>2025-01-01T01:14:50.5123110Z</when>
        <gx:coord>11.776464 51.208797 764.918</gx:coord>
        <when>2025-01-01T01:14:55.5123110Z</when>
        <gx:coord>11.772301 51.21039 763.3941</gx:coord>
        <when>2025-01-01T01:15:00.5123110Z</when>
        <gx:coord>11.769533 51.21142 764.918</gx:coord>
        <when>2025-01-01T01:15:05.5123110Z</when>
        <gx:coord>11.76552 51.213028 766.442</gx:coord>
        <when>2025-01-01T01:15:10.5123110Z</when>
        <gx:coord>11.762989 51.214165 769.49</gx:coord>
        <when>2025-01-01T01:15:15.1203110Z</when>
        <gx:coord>11.759556 51.216053 772.538</gx:coord>
        <when>2025-01-01T01:15:15.5123110Z</when>
        <gx:coord>11.759556 51.216053 772.538</gx:coord>
        <when>2025-01-01T01:15:20.5113110Z</when>
        <gx:coord>11.757452 51.217403 771.0141</gx:coord>
        <when>2025-01-01T01:15:23.1133110Z</when>
        <gx:coord>11.756444 51.218113 774.062</gx:coord>
        <when>2025-01-01T01:15:25.5123110Z</when>
        <gx:coord>11.754513 51.21957 775.586</gx:coord>
        <when>2025-01-01T01:15:30.5123110Z</when>
        <gx:coord>11.752604 51.221073 774.062</gx:coord>
        <when>2025-01-01T01:15:35.5123110Z</when>
        <gx:coord>11.749727 51.22341 777.1101</gx:coord>
        <when>2025-01-01T01:15:40.5483110Z</when>
        <gx:coord>11.747861 51.22498 781.322</gx:coord>
        <when>2025-01-01T01:15:45.5123110Z</when>
        <gx:coord>11.7452 51.227448 788.942</gx:coord>
        <when>2025-01-01T01:15:50.5123110Z</when>
        <gx:coord>11.74342 51.22914 790.466</gx:coord>
        <when>2025-01-01T01:15:51.1163110Z</when>
        <gx:coord>11.742539 51.229977 790.466</gx:coord>
        <when>2025-01-01T01:15:55.5123110Z</when>
        <gx:coord>11.740823 51.231693 787.41797</gx:coord>
        <when>2025-01-01T01:16:00.5133110Z</when>
        <gx:coord>11.739214 51.23345 779.798</gx:coord>
        <when>2025-01-01T01:16:01.1053110Z</when>
        <gx:coord>11.739214 51.23345 779.798</gx:coord>
        <when>2025-01-01T01:16:05.5133110Z</when>
        <gx:coord>11.736938 51.236156 767.606</gx:coord>
        <when>2025-01-01T01:16:10.5133110Z</when>
        <gx:coord>11.73533 51.238003 764.558</gx:coord>
        <when>2025-01-01T01:16:15.5133110Z</when>
        <gx:coord>11.732841 51.240726 761.51</gx:coord>
        <when>2025-01-01T01:16:20.5133110Z</when>
        <gx:coord>11.731253 51.242596 764.558</gx:coord>
        <when>2025-01-01T01:16:25.1113110Z</when>
        <gx:coord>11.729042 51.245384 772.178</gx:coord>
        <when>2025-01-01T01:16:25.5133110Z</when>
        <gx:coord>11.729042 51.245384 775.226</gx:coord>
        <when>2025-01-01T01:16:30.5133110Z</when>
        <gx:coord>11.727734 51.247272 773.70197</gx:coord>
        <when>2025-01-01T01:16:35.5133110Z</when>
        <gx:coord>11.725974 51.250084 776.75</gx:coord>
        <when>2025-01-01T01:16:39.1093110Z</when>
        <gx:coord>11.725459 51.251007 783.816</gx:coord>
        <when>2025-01-01T01:16:40.5513110Z</when>
        <gx:coord>11.724987 51.25195 789.912</gx:coord>
        <when>2025-01-01T01:16:41.2453110Z</when>
        <gx:coord>11.724537 51.252872 789.912</gx:coord>
        <when>2025-01-01T01:16:45.5133110Z</when>
        <gx:coord>11.723593 51.25472 794.4841</gx:coord>
        <when>2025-01-01T01:16:47.1143110Z</when>
        <gx:coord>11.72312 51.255642 796.008</gx:coord>
        <when>2025-01-01T01:16:50.5133110Z</when>
        <gx:coord>11.722649 51.256542 797.532</gx:coord>
        <when>2025-01-01T01:16:55.5143110Z</when>
        <gx:coord>11.721361 51.259266 791.436</gx:coord>
        <when>2025-01-01T01:17:00.5143110Z</when>
        <gx:coord>11.720567 51.261112 791.436</gx:coord>
        <when>2025-01-01T01:17:01.1223110Z</when>
        <gx:coord>11.720223 51.262012 791.436</gx:coord>
        <when>2025-01-01T01:17:05.5143110Z</when>
        <gx:coord>11.719645 51.263817 794.4841</gx:coord>
        <when>2025-01-01T01:17:10.5133110Z</when>
        <gx:coord>11.719022 51.265663 792.9601</gx:coord>
        <when>2025-01-01T01:17:15.0973110Z</when>
        <gx:coord>11.718507 51.26755 791.436</gx:coord>
        <when>2025-01-01T01:17:15.5143110Z</when>
        <gx:coord>11.718313 51.268517 794.4841</gx:coord>
        <when>2025-01-01T01:17:20.5143110Z</when>
        <gx:coord>11.718185 51.270447 799.056</gx:coord>
        <when>2025-01-01T01:17:21.1053110Z</when>
        <gx:coord>11.718185 51.270447 799.056</gx:coord>
        <when>2025-01-01T01:17:25.5143110Z</when>
        <gx:coord>11.718529 51.273323 812.77203</gx:coord>
        <when>2025-01-01T01:17:30.5563110Z</when>
        <gx:coord>11.719022 51.27521 821.9161</gx:coord>
        <when>2025-01-01T01:17:31.1103110Z</when>
        <gx:coord>11.719343 51.276134 829.5361</gx:coord>
        <when>2025-01-01T01:17:35.5133110Z</when>
        <gx:coord>11.720009 51.277958 837.15607</gx:coord>
        <when>2025-01-01T01:17:37.1223110Z</when>
        <gx:coord>11.720331 51.27888 837.15607</gx:coord>
        <when>2025-01-01T01:17:40.5523110Z</when>
        <gx:coord>11.7206745 51.279823 838.68</gx:coord>
        <when>2025-01-01T01:17:43.1103110Z</when>
        <gx:coord>11.721018 51.280746 837.15607</gx:coord>
        <when>2025-01-01T01:17:45.5143110Z</when>
        <gx:coord>11.72179 51.28261 828.0121</gx:coord>
        <when>2025-01-01T01:17:50.5133110Z</when>
        <gx:coord>11.722755 51.284416 818.868</gx:coord>
        <when>2025-01-01T01:17:55.1113110Z</when>
        <gx:coord>11.724343 51.287033 797.532</gx:coord>
        <when>2025-01-01T01:17:55.5143110Z</when>
        <gx:coord>11.724343 51.287033 797.532</gx:coord>
        <when>2025-01-01T01:17:57.1093110Z</when>
        <gx:coord>11.724343 51.287033 797.532</gx:coord>
        <when>2025-01-01T01:17:59.1133110Z</when>
        <gx:coord>11.724901 51.28785 791.436</gx:coord>
        <when>2025-01-01T01:18:00.5143110Z</when>
        <gx:coord>11.725502 51.288666 785.34</gx:coord>
        <when>2025-01-01T01:18:05.5143110Z</when>
        <gx:coord>11.727347 51.291023 770.1</gx:coord>
        <when>2025-01-01T01:18:07.1093110Z</when>
        <gx:coord>11.727926 51.29184 764.004</gx:coord>
        <when>2025-01-01T01:18:10.5143110Z</when>
        <gx:coord>11.728463 51.29268 759.43207</gx:coord>
        <when>2025-01-01T01:18:15.1203110Z</when>
        <gx:coord>11.73003 51.295166 756.38403</gx:coord>
        <when>2025-01-01T01:18:15.5143110Z</when>
        <gx:coord>11.73003 51.295166 754.86</gx:coord>
        <when>2025-01-01T01:18:20.5143110Z</when>
        <gx:coord>11.731016 51.296883 751.8121</gx:coord>
        <when>2025-01-01T01:18:25.5153110Z</when>
        <gx:coord>11.732519 51.299435 757.9081</gx:coord>
        <when>2025-01-01T01:18:30.5153110Z</when>
        <gx:coord>11.733527 51.301086 754.86</gx:coord>
        <when>2025-01-01T01:18:35.5153110Z</when>
        <gx:coord>11.735008 51.303577 745.71606</gx:coord>
        <when>2025-01-01T01:18:40.5463110Z</when>
        <gx:coord>11.735952 51.305294 741.144</gx:coord>
        <when>2025-01-01T01:18:45.5153110Z</when>
        <gx:coord>11.737368 51.307804 735.048</gx:coord>
        <when>2025-01-01T01:18:47.1113110Z</when>
        <gx:coord>11.737819 51.30864 732</gx:coord>
        <when>2025-01-01T01:18:50.5153110Z</when>
        <gx:coord>11.738291 51.3095 728.952</gx:coord>
        <when>2025-01-01T01:18:53.1123110Z</when>
        <gx:coord>11.739256 51.31122 725.904</gx:coord>
        <when>2025-01-01T01:18:55.5153110Z</when>
        <gx:coord>11.739729 51.312073 721.33203</gx:coord>
        <when>2025-01-01T01:19:00.5153110Z</when>
        <gx:coord>11.740737 51.31379 718.284</gx:coord>
        <when>2025-01-01T01:19:05.5153110Z</when>
        <gx:coord>11.74239 51.316345 715.2361</gx:coord>
        <when>2025-01-01T01:19:10.5153110Z</when>
        <gx:coord>11.743484 51.318085 715.2361</gx:coord>
        <when>2025-01-01T01:19:15.5153110Z</when>
        <gx:coord>11.745286 51.3207 710.664</gx:coord>
        <when>2025-01-01T01:19:20.5153110Z</when>
        <gx:coord>11.746488 51.322502 709.1401</gx:coord>
        <when>2025-01-01T01:19:25.5153110Z</when>
        <gx:coord>11.748333 51.325165 710.664</gx:coord>
        <when>2025-01-01T01:19:29.1253110Z</when>
        <gx:coord>11.7495775 51.326946 712.188</gx:coord>
        <when>2025-01-01T01:19:30.5153110Z</when>
        <gx:coord>11.7495775 51.326946 713.712</gx:coord>
        <when>2025-01-01T01:19:31.1123110Z</when>
        <gx:coord>11.7502 51.327847 698.472</gx:coord>
        <when>2025-01-01T01:19:35.5163110Z</when>
        <gx:coord>11.751423 51.329647 699.07196</gx:coord>
        <when>2025-01-01T01:19:39.1063110Z</when>
        <gx:coord>11.752045 51.33055 699.07196</gx:coord>
        <when>2025-01-01T01:19:40.5483110Z</when>
        <gx:coord>11.7526455 51.33145 700.59607</gx:coord>
        <when>2025-01-01T01:19:45.5163110Z</when>
        <gx:coord>11.754406 51.334175 712.78796</gx:coord>
        <when>2025-01-01T01:19:50.5163110Z</when>
        <gx:coord>11.7555 51.335938 705.16797</gx:coord>
        <when>2025-01-01T01:19:55.5163110Z</when>
        <gx:coord>11.757023 51.33862 685.35596</gx:coord>
        <when>2025-01-01T01:20:00.5163110Z</when>
        <gx:coord>11.758053 51.340378 674.688</gx:coord>
        <when>2025-01-01T01:20:05.1073110Z</when>
        <gx:coord>11.759127 51.342094 671.63995</gx:coord>
        <when>2025-01-01T01:20:05.1203110Z</when>
        <gx:coord>11.759684 51.34293 671.63995</gx:coord>
        <when>2025-01-01T01:20:05.5163110Z</when>
        <gx:coord>11.759684 51.34293 670.11597</gx:coord>
        <when>2025-01-01T01:20:07.1103110Z</when>
        <gx:coord>11.760221 51.34377 665.54407</gx:coord>
        <when>2025-01-01T01:20:10.5153110Z</when>
        <gx:coord>11.760757 51.344604 664.01996</gx:coord>
        <when>2025-01-01T01:20:15.5163110Z</when>
        <gx:coord>11.762344 51.34709 659.448</gx:coord>
        <when>2025-01-01T01:20:20.5163110Z</when>
        <gx:coord>11.763374 51.348747 654.876</gx:coord>
        <when>2025-01-01T01:20:25.5163110Z</when>
        <gx:coord>11.764963 51.35121 654.876</gx:coord>
        <when>2025-01-01T01:20:30.5163110Z</when>
        <gx:coord>11.766035 51.352802 660.972</gx:coord>
        <when>2025-01-01T01:20:35.5163110Z</when>
        <gx:coord>11.767602 51.355183 676.212</gx:coord>
        <when>2025-01-01T01:20:40.5533110Z</when>
        <gx:coord>11.768589 51.356792 683.832</gx:coord>
        <when>2025-01-01T01:20:43.1243110Z</when>
        <gx:coord>11.769533 51.35842 688.404</gx:coord>
        <when>2025-01-01T01:20:45.5153110Z</when>
        <gx:coord>11.770005 51.359238 696.024</gx:coord>
        <when>2025-01-01T01:20:50.5163110Z</when>
        <gx:coord>11.770927 51.36087 696.024</gx:coord>
        <when>2025-01-01T01:20:55.5163110Z</when>
        <gx:coord>11.77243 51.363445 686.88007</gx:coord>
        <when>2025-01-01T01:21:00.5163110Z</when>
        <gx:coord>11.773524 51.36516 677.73596</gx:coord>
        <when>2025-01-01T01:21:05.5173110Z</when>
        <gx:coord>11.775177 51.367756 665.54407</gx:coord>
        <when>2025-01-01T01:21:10.5173110Z</when>
        <gx:coord>11.776271 51.36952 657.92395</gx:coord>
        <when>2025-01-01T01:21:15.5163110Z</when>
        <gx:coord>11.777902 51.372154 660.972</gx:coord>
        <when>2025-01-01T01:21:20.5173110Z</when>
        <gx:coord>11.779039 51.373917 660.972</gx:coord>
        <when>2025-01-01T01:21:21.1203110Z</when>
        <gx:coord>11.779596 51.374775 660.972</gx:coord>
        <when>2025-01-01T01:21:25.5173110Z</when>
        <gx:coord>11.780712 51.37649 654.876</gx:coord>
        <when>2025-01-01T01:21:30.5173110Z</when>
        <gx:coord>11.781893 51.37821 644.20807</gx:coord>
        <when>2025-01-01T01:21:35.5173110Z</when>
        <gx:coord>11.783652 51.380825 638.112</gx:coord>
        <when>2025-01-01T01:21:40.5483110Z</when>
        <gx:coord>11.784746 51.38254 638.112</gx:coord>
        <when>2025-01-01T01:21:45.5173110Z</when>
        <gx:coord>11.786356 51.38505 641.16</gx:coord>
        <when>2025-01-01T01:21:50.5173110Z</when>
        <gx:coord>11.787451 51.38666 644.20807</gx:coord>
        <when>2025-01-01T01:21:55.5173110Z</when>
        <gx:coord>11.789038 51.389 651.828</gx:coord>
        <when>2025-01-01T01:21:59.1333110Z</when>
        <gx:coord>11.79009 51.390503 654.876</gx:coord>
        <when>2025-01-01T01:22:00.5173110Z</when>
        <gx:coord>11.79009 51.390503 654.876</gx:coord>
        <when>2025-01-01T01:22:05.5163110Z</when>
        <gx:coord>11.791742 51.392735 653.352</gx:coord>
        <when>2025-01-01T01:22:10.5173110Z</when>
        <gx:coord>11.792922 51.39428 648.77997</gx:coord>
        <when>2025-01-01T01:22:15.5173110Z</when>
        <gx:coord>11.794639 51.396683 650.30396</gx:coord>
        <when>2025-01-01T01:22:20.5173110Z</when>
        <gx:coord>11.7957325 51.39827 653.352</gx:coord>
        <when>2025-01-01T01:22:25.5183110Z</when>
        <gx:coord>11.797385 51.400673 645.732</gx:coord>
        <when>2025-01-01T01:22:30.5183110Z</when>
        <gx:coord>11.798479 51.402283 642.68396</gx:coord>
        <when>2025-01-01T01:22:35.5183110Z</when>
        <gx:coord>11.800132 51.404663 641.16</gx:coord>
        <when>2025-01-01T01:22:39.1203110Z</when>
        <gx:coord>11.8012905 51.40619 642.68396</gx:coord>
        <when>2025-01-01T01:22:40.5233110Z</when>
        <gx:coord>11.8012905 51.40619 644.20807</gx:coord>
        <when>2025-01-01T01:22:45.1053110Z</when>
        <gx:coord>11.803028 51.408527 635.06396</gx:coord>
        <when>2025-01-01T01:22:45.5183110Z</when>
        <gx:coord>11.803028 51.408527 635.06396</gx:coord>
        <when>2025-01-01T01:22:50.5183110Z</when>
        <gx:coord>11.804123 51.410095 632.016</gx:coord>
        <when>2025-01-01T01:22:55.5183110Z</when>
        <gx:coord>11.805647 51.4125 622.872</gx:coord>
        <when>2025-01-01T01:23:00.5183110Z</when>
        <gx:coord>11.806633 51.414127 624.396</gx:coord>
        <when>2025-01-01T01:23:05.5183110Z</when>
        <gx:coord>11.808092 51.41649 625.92</gx:coord>
        <when>2025-01-01T01:23:10.5183110Z</when>
        <gx:coord>11.80908 51.418034 625.92</gx:coord>
        <when>2025-01-01T01:23:15.5183110Z</when>
        <gx:coord>11.810581 51.420307 625.92</gx:coord>
        <when>2025-01-01T01:23:19.1243110Z</when>
        <gx:coord>11.81159 51.42183 624.396</gx:coord>
        <when>2025-01-01T01:23:20.5183110Z</when>
        <gx:coord>11.81159 51.42183 622.872</gx:coord>
        <when>2025-01-01T01:23:25.5183110Z</when>
        <gx:coord>11.813092 51.424107 625.92</gx:coord>
        <when>2025-01-01T01:23:30.5183110Z</when>
        <gx:coord>11.8141 51.42563 630.49207</gx:coord>
        <when>2025-01-01T01:23:35.5193110Z</when>
        <gx:coord>11.815624 51.427948 644.20807</gx:coord>
        <when>2025-01-01T01:23:39.1083110Z</when>
        <gx:coord>11.816096 51.428696 647.256</gx:coord>
        <when>2025-01-01T01:23:40.5483110Z</when>
        <gx:coord>11.816589 51.42947 648.77997</gx:coord>
        <when>2025-01-01T01:23:45.5193110Z</when>
        <gx:coord>11.817899 51.431767 641.16</gx:coord>
        <when>2025-01-01T01:23:50.5193110Z</when>
        <gx:coord>11.818821 51.433353 628.96796</gx:coord>
        <when>2025-01-01T01:23:55.5193110Z</when>
        <gx:coord>11.820238 51.435844 613.72797</gx:coord>
        <when>2025-01-01T01:23:59.1273110Z</when>
        <gx:coord>11.821138 51.437496 616.776</gx:coord>
        <when>2025-01-01T01:24:00.5193110Z</when>
        <gx:coord>11.821138 51.437496 618.3</gx:coord>
        <when>2025-01-01T01:24:05.5193110Z</when>
        <gx:coord>11.822556 51.439964 621.34796</gx:coord>
        <when>2025-01-01T01:24:10.5193110Z</when>
        <gx:coord>11.8236065 51.44155 622.872</gx:coord>
        <when>2025-01-01T01:24:15.5193110Z</when>
        <gx:coord>11.825237 51.44389 624.396</gx:coord>
        <when>2025-01-01T01:24:20.5193110Z</when>
        <gx:coord>11.826332 51.445457 615.25195</gx:coord>
        <when>2025-01-01T01:24:25.5193110Z</when>
        <gx:coord>11.827963 51.447838 615.25195</gx:coord>
        <when>2025-01-01T01:24:30.5193110Z</when>
        <gx:coord>11.829035 51.44936 618.3</gx:coord>
        <when>2025-01-01T01:24:35.5193110Z</when>
        <gx:coord>11.830666 51.451637 612.204</gx:coord>
        <when>2025-01-01T01:24:39.1243110Z</when>
        <gx:coord>11.831739 51.45318 609.156</gx:coord>
        <when>2025-01-01T01:24:40.5443110Z</when>
        <gx:coord>11.831739 51.45318 607.63196</gx:coord>
        <when>2025-01-01T01:24:45.5193110Z</when>
        <gx:coord>11.833284 51.45552 610.68</gx:coord>
        <when>2025-01-01T01:24:50.5193110Z</when>
        <gx:coord>11.8342285 51.457066 618.3</gx:coord>
        <when>2025-01-01T01:24:55.5203110Z</when>
        <gx:coord>11.835602 51.45938 613.72797</gx:coord>
        <when>2025-01-01T01:25:00.5203110Z</when>
        <gx:coord>11.836481 51.460926 606.108</gx:coord>
        <when>2025-01-01T01:25:01.1083110Z</when>
        <gx:coord>11.836931 51.4617 601.536</gx:coord>
        <when>2025-01-01T01:25:05.5203110Z</when>
        <gx:coord>11.837811 51.463287 590.868</gx:coord>
        <when>2025-01-01T01:25:10.5203110Z</when>
        <gx:coord>11.838778 51.46485 600.01196</gx:coord>
        <when>2025-01-01T01:25:15.5203110Z</when>
        <gx:coord>11.840279 51.46713 627.444</gx:coord>
        <when>2025-01-01T01:25:17.1053110Z</when>
        <gx:coord>11.840816 51.46788 633.54</gx:coord>
        <when>2025-01-01T01:25:20.5193110Z</when>
        <gx:coord>11.841331 51.468628 635.06396</gx:coord>
        <when>2025-01-01T01:25:21.1203110Z</when>
        <gx:coord>11.841867 51.46936 635.06396</gx:coord>
        <when>2025-01-01T01:25:25.5203110Z</when>
        <gx:coord>11.842961 51.470863 632.016</gx:coord>
        <when>2025-01-01T01:25:30.5203110Z</when>
        <gx:coord>11.843991 51.472385 630.49207</gx:coord>
        <when>2025-01-01T01:25:35.5203110Z</when>
        <gx:coord>11.845472 51.47466 628.96796</gx:coord>
        <when>2025-01-01T01:25:40.5453110Z</when>
        <gx:coord>11.846437 51.47618 625.92</gx:coord>
        <when>2025-01-01T01:25:45.5203110Z</when>
        <gx:coord>11.847854 51.4785 622.872</gx:coord>
        <when>2025-01-01T01:25:50.5203110Z</when>
        <gx:coord>11.849033 51.47994 612.204</gx:coord>
        <when>2025-01-01T01:25:53.2513110Z</when>
        <gx:coord>11.849742 51.480625 607.63196</gx:coord>
        <when>2025-01-01T01:25:53.2523110Z</when>
        <gx:coord>11.849742 51.480625 607.63196</gx:coord>
        <when>2025-01-01T01:25:55.1143110Z</when>
        <gx:coord>11.851501 51.481785 601.536</gx:coord>
        <when>2025-01-01T01:25:55.5203110Z</when>
        <gx:coord>11.851501 51.481785 601.536</gx:coord>
        <when>2025-01-01T01:25:57.1103110Z</when>
        <gx:coord>11.851501 51.481785 601.536</gx:coord>
        <when>2025-01-01T01:26:00.5203110Z</when>
        <gx:coord>11.853647 51.482727 592.39197</gx:coord>
        <when>2025-01-01T01:26:03.1103110Z</when>
        <gx:coord>11.855986 51.48361 589.344</gx:coord>
        <when>2025-01-01T01:26:05.5203110Z</when>
        <gx:coord>11.857166 51.484035 581.724</gx:coord>
        <when>2025-01-01T01:26:10.5233110Z</when>
        <gx:coord>11.859549 51.484894 577.152</gx:coord>
        <when>2025-01-01T01:26:15.5213110Z</when>
        <gx:coord>11.86326 51.486202 577.152</gx:coord>
        <when>2025-01-01T01:26:20.5213110Z</when>
        <gx:coord>11.865728 51.487083 580.19995</gx:coord>
        <when>2025-01-01T01:26:25.5213110Z</when>
        <gx:coord>11.869354 51.488373 577.152</gx:coord>
        <when>2025-01-01T01:26:29.1123110Z</when>
        <gx:coord>11.8717575 51.48925 566.484</gx:coord>
        <when>2025-01-01T01:26:30.5213110Z</when>
        <gx:coord>11.8717575 51.48925 566.484</gx:coord>
        <when>2025-01-01T01:26:35.1173110Z</when>
        <gx:coord>11.874204 51.49015 557.33997</gx:coord>
        <when>2025-01-01T01:26:35.5213110Z</when>
        <gx:coord>11.875427 51.4906 549.72</gx:coord>
        <when>2025-01-01T01:26:40.5493110Z</when>
        <gx:coord>11.877894 51.49157 537.52795</gx:coord>
        <when>2025-01-01T01:26:41.1173110Z</when>
        <gx:coord>11.879118 51.49204 537.52795</gx:coord>
        <when>2025-01-01T01:26:41.1173110Z</when>
        <gx:coord>11.879118 51.49204 532.956</gx:coord>
        <when>2025-01-01T01:26:45.5203110Z</when>
        <gx:coord>11.881521 51.493027 525.336</gx:coord>
        <when>2025-01-01T01:26:50.5213110Z</when>
        <gx:coord>11.883881 51.49399 520.764</gx:coord>
        <when>2025-01-01T01:26:55.5203110Z</when>
        <gx:coord>11.887379 51.495365 507.04797</gx:coord>
        <when>2025-01-01T01:26:57.1173110Z</when>
        <gx:coord>11.88858 51.495796 499.42798</gx:coord>
        <when>2025-01-01T01:27:00.5213110Z</when>
        <gx:coord>11.889782 51.496223 496.38</gx:coord>
        <when>2025-01-01T01:27:05.5213110Z</when>
        <gx:coord>11.893322 51.497513 491.80798</gx:coord>
        <when>2025-01-01T01:27:10.5213110Z</when>
        <gx:coord>11.895683 51.49833 485.71198</gx:coord>
        <when>2025-01-01T01:27:15.5213110Z</when>
        <gx:coord>11.89918 51.49955 479.61597</gx:coord>
        <when>2025-01-01T01:27:20.5223110Z</when>
        <gx:coord>11.901498 51.50039 475.044</gx:coord>
        <when>2025-01-01T01:27:21.1223110Z</when>
        <gx:coord>11.902657 51.500816 475.044</gx:coord>
        <when>2025-01-01T01:27:25.5223110Z</when>
        <gx:coord>11.905039 51.50161 471.99597</gx:coord>
        <when>2025-01-01T01:27:29.1113110Z</when>
        <gx:coord>11.90624 51.501995 473.52</gx:coord>
        <when>2025-01-01T01:27:30.5223110Z</when>
        <gx:coord>11.907463 51.50234 476.56802</gx:coord>
        <when>2025-01-01T01:27:35.5223110Z</when>
        <gx:coord>11.911219 51.50326 478.09198</gx:coord>
        <when>2025-01-01T01:27:40.5543110Z</when>
        <gx:coord>11.913708 51.503822 473.52</gx:coord>
        <when>2025-01-01T01:27:43.1103110Z</when>
        <gx:coord>11.916218 51.504333 467.424</gx:coord>
        <when>2025-01-01T01:27:45.5223110Z</when>
        <gx:coord>11.917484 51.50457 471.99597</gx:coord>
        <when>2025-01-01T01:27:50.5223110Z</when>
        <gx:coord>11.919994 51.505066 468.94803</gx:coord>
        <when>2025-01-01T01:27:51.1123110Z</when>
        <gx:coord>11.919994 51.505066 468.94803</gx:coord>
        <when>2025-01-01T01:27:55.5223110Z</when>
        <gx:coord>11.923685 51.505795 465.90005</gx:coord>
        <when>2025-01-01T01:28:00.5223110Z</when>
        <gx:coord>11.926153 51.506245 467.424</gx:coord>
        <when>2025-01-01T01:28:03.1123110Z</when>
        <gx:coord>11.928577 51.506653 468.94803</gx:coord>
        <when>2025-01-01T01:28:05.5223110Z</when>
        <gx:coord>11.9298 51.506866 468.94803</gx:coord>
        <when>2025-01-01T01:28:10.5223110Z</when>
        <gx:coord>11.932182 51.507362 467.424</gx:coord>
        <when>2025-01-01T01:28:15.5223110Z</when>
        <gx:coord>11.935701 51.508198 464.37598</gx:coord>
        <when>2025-01-01T01:28:20.5223110Z</when>
        <gx:coord>11.937998 51.508755 467.424</gx:coord>
        <when>2025-01-01T01:28:25.5223110Z</when>
        <gx:coord>11.941431 51.509613 467.424</gx:coord>
        <when>2025-01-01T01:28:30.5223110Z</when>
        <gx:coord>11.943748 51.510216 467.424</gx:coord>
        <when>2025-01-01T01:28:35.5223110Z</when>
        <gx:coord>11.947268 51.51118 467.424</gx:coord>
        <when>2025-01-01T01:28:40.5333110Z</when>
        <gx:coord>11.949627 51.511868 468.94803</gx:coord>
        <when>2025-01-01T01:28:45.5233110Z</when>
        <gx:coord>11.953146 51.512897 461.328</gx:coord>
        <when>2025-01-01T01:28:47.1103110Z</when>
        <gx:coord>11.954327 51.51324 461.328</gx:coord>
        <when>2025-01-01T01:28:50.5223110Z</when>
        <gx:coord>11.955528 51.513542 458.27997</gx:coord>
        <when>2025-01-01T01:28:55.5233110Z</when>
        <gx:coord>11.959068 51.514526 465.90005</gx:coord>
        <when>2025-01-01T01:29:00.5233110Z</when>
        <gx:coord>11.96143 51.51513 467.424</gx:coord>
        <when>2025-01-01T01:29:05.5233110Z</when>
        <gx:coord>11.964991 51.515987 468.94803</gx:coord>
        <when>2025-01-01T01:29:10.5233110Z</when>
        <gx:coord>11.967373 51.516567 470.472</gx:coord>
        <when>2025-01-01T01:29:15.5233110Z</when>
        <gx:coord>11.970849 51.517532 470.472</gx:coord>
        <when>2025-01-01T01:29:20.5233110Z</when>
        <gx:coord>11.973081 51.51822 468.94803</gx:coord>
        <when>2025-01-01T01:29:25.5223110Z</when>
        <gx:coord>11.976342 51.519333 471.99597</gx:coord>
        <when>2025-01-01T01:29:30.5223110Z</when>
        <gx:coord>11.97851 51.520084 479.61597</gx:coord>
        <when>2025-01-01T01:29:31.1093110Z</when>
        <gx:coord>11.979604 51.52041 479.61597</gx:coord>
        <when>2025-01-01T01:29:35.5233110Z</when>
        <gx:coord>11.981792 51.521008 478.09198</gx:coord>
        <when>2025-01-01T01:29:40.5513110Z</when>
        <gx:coord>11.983938 51.521652 471.99597</gx:coord>
        <when>2025-01-01T01:29:45.1063110Z</when>
        <gx:coord>11.986127 51.522167 465.90005</gx:coord>
        <when>2025-01-01T01:29:45.5233110Z</when>
        <gx:coord>11.987243 51.52236 462.85202</gx:coord>
        <when>2025-01-01T01:29:47.1163110Z</when>
        <gx:coord>11.987243 51.52236 462.85202</gx:coord>
        <when>2025-01-01T01:29:50.5233110Z</when>
        <gx:coord>11.989452 51.52266 453.708</gx:coord>
        <when>2025-01-01T01:29:55.5243110Z</when>
        <gx:coord>11.992865 51.523003 441.51602</gx:coord>
        <when>2025-01-01T01:29:57.1093110Z</when>
        <gx:coord>11.99398 51.52309 436.94397</gx:coord>
        <when>2025-01-01T01:30:00.5233110Z</when>
        <gx:coord>11.995096 51.523155 432.372</gx:coord>
        <when>2025-01-01T01:30:05.5243110Z</when>
        <gx:coord>11.998423 51.52339 423.22806</gx:coord>
        <when>2025-01-01T01:30:10.5243110Z</when>
        <gx:coord>12.000568 51.52356 427.80002</gx:coord>
        <when>2025-01-01T01:30:15.5243110Z</when>
        <gx:coord>12.003786 51.52382 421.70398</gx:coord>
        <when>2025-01-01T01:30:19.1133110Z</when>
        <gx:coord>12.005954 51.52395 420.18002</gx:coord>
        <when>2025-01-01T01:30:20.5243110Z</when>
        <gx:coord>12.005954 51.52395 420.18002</gx:coord>
        <when>2025-01-01T01:30:25.5243110Z</when>
        <gx:coord>12.009215 51.52414 414.08398</gx:coord>
        <when>2025-01-01T01:30:30.5243110Z</when>
        <gx:coord>12.011404 51.524334 407.98798</gx:coord>
        <when>2025-01-01T01:30:35.5243110Z</when>
        <gx:coord>12.014687 51.524677 407.98798</gx:coord>
        <when>2025-01-01T01:30:40.5543110Z</when>
        <gx:coord>12.016811 51.524933 411.036</gx:coord>
        <when>2025-01-01T01:30:43.1053110Z</when>
        <gx:coord>12.018914 51.525257 404.94</gx:coord>
        <when>2025-01-01T01:30:45.5243110Z</when>
        <gx:coord>12.019987 51.52543 403.41602</gx:coord>
        <when>2025-01-01T01:30:50.5243110Z</when>
        <gx:coord>12.022154 51.525814 404.94</gx:coord>
        <when>2025-01-01T01:30:55.5243110Z</when>
        <gx:coord>12.025501 51.526436 400.36798</gx:coord>
        <when>2025-01-01T01:31:00.5243110Z</when>
        <gx:coord>12.027798 51.526844 394.27197</gx:coord>
        <when>2025-01-01T01:31:05.5243110Z</when>
        <gx:coord>12.031296 51.527447 391.224</gx:coord>
        <when>2025-01-01T01:31:07.1163110Z</when>
        <gx:coord>12.032454 51.52766 391.224</gx:coord>
        <when>2025-01-01T01:31:09.1153110Z</when>
        <gx:coord>12.032454 51.52766 391.224</gx:coord>
        <when>2025-01-01T01:31:10.5273110Z</when>
        <gx:coord>12.033569 51.52794 391.224</gx:coord>
        <when>2025-01-01T01:31:13.1153110Z</when>
        <gx:coord>12.034578 51.528282 392.748</gx:coord>
        <when>2025-01-01T01:31:15.5243110Z</when>
        <gx:coord>12.036316 51.529205 389.7</gx:coord>
        <when>2025-01-01T01:31:17.1083110Z</when>
        <gx:coord>12.036316 51.529205 389.7</gx:coord>
        <when>2025-01-01T01:31:20.5243110Z</when>
        <gx:coord>12.037625 51.530426 383.604</gx:coord>
        <when>2025-01-01T01:31:21.1053110Z</when>
        <gx:coord>12.037625 51.530426 383.604</gx:coord>
        <when>2025-01-01T01:31:25.0913110Z</when>
        <gx:coord>12.038269 51.531845 385.12802</gx:coord>
        <when>2025-01-01T01:31:25.5243110Z</when>
        <gx:coord>12.038269 51.532574 385.12802</gx:coord>
        <when>2025-01-01T01:31:29.1093110Z</when>
        <gx:coord>12.038076 51.533325 386.65198</gx:coord>
        <when>2025-01-01T01:31:30.5253110Z</when>
        <gx:coord>12.037689 51.534035 385.12802</gx:coord>
        <when>2025-01-01T01:31:33.1093110Z</when>
        <gx:coord>12.037132 51.53472 383.604</gx:coord>
        <when>2025-01-01T01:31:35.5243110Z</when>
        <gx:coord>12.035651 51.535984 375.984</gx:coord>
        <when>2025-01-01T01:31:37.1123110Z</when>
        <gx:coord>12.035651 51.535984 375.984</gx:coord>
        <when>2025-01-01T01:31:37.1133110Z</when>
        <gx:coord>12.034729 51.536522 372.93597</gx:coord>
        <when>2025-01-01T01:31:40.5523110Z</when>
        <gx:coord>12.033677 51.536972 372.93597</gx:coord>
        <when>2025-01-01T01:31:41.1103110Z</when>
        <gx:coord>12.033677 51.536972 372.93597</gx:coord>
        <when>2025-01-01T01:31:45.5253110Z</when>
        <gx:coord>12.030201 51.53796 362.268</gx:coord>
        <when>2025-01-01T01:31:50.5253110Z</when>
        <gx:coord>12.027841 51.53854 359.21997</gx:coord>
        <when>2025-01-01T01:31:55.5253110Z</when>
        <gx:coord>12.0243 51.539375 356.17203</gx:coord>
        <when>2025-01-01T01:32:00.5243110Z</when>
        <gx:coord>12.021896 51.53989 359.21997</gx:coord>
        <when>2025-01-01T01:32:01.1093110Z</when>
        <gx:coord>12.021896 51.53989 359.21997</gx:coord>
        <when>2025-01-01T01:32:05.5253110Z</when>
        <gx:coord>12.018335 51.5406 372.93597</gx:coord>
        <when>2025-01-01T01:32:09.1143110Z</when>
        <gx:coord>12.015996 51.54107 375.984</gx:coord>
        <when>2025-01-01T01:32:10.5253110Z</when>
        <gx:coord>12.015996 51.54107 377.50803</gx:coord>
        <when>2025-01-01T01:32:15.5253110Z</when>
        <gx:coord>12.012413 51.541756 379.03198</gx:coord>
        <when>2025-01-01T01:32:20.5253110Z</when>
        <gx:coord>12.010074 51.54225 379.03198</gx:coord>
        <when>2025-01-01T01:32:23.0993110Z</when>
        <gx:coord>12.008936 51.542553 379.03198</gx:coord>
        <when>2025-01-01T01:32:25.5253110Z</when>
        <gx:coord>12.006984 51.54343 382.08002</gx:coord>
        <when>2025-01-01T01:32:27.1143110Z</when>
        <gx:coord>12.006984 51.54343 382.08002</gx:coord>
        <when>2025-01-01T01:32:30.5253110Z</when>
        <gx:coord>12.005568 51.544567 380.55597</gx:coord>
        <when>2025-01-01T01:32:31.1143110Z</when>
        <gx:coord>12.005568 51.544567 380.55597</gx:coord>
        <when>2025-01-01T01:32:35.1153110Z</when>
        <gx:coord>12.004752 51.545815 375.984</gx:coord>
        <when>2025-01-01T01:32:35.5253110Z</when>
        <gx:coord>12.004538 51.54648 369.888</gx:coord>
        <when>2025-01-01T01:32:39.0923110Z</when>
        <gx:coord>12.004452 51.547123 366.84006</gx:coord>
        <when>2025-01-01T01:32:40.5403110Z</when>
        <gx:coord>12.004452 51.547768 363.79202</gx:coord>
        <when>2025-01-01T01:32:45.1093110Z</when>
        <gx:coord>12.004644 51.54901 360.74402</gx:coord>
        <when>2025-01-01T01:32:45.5253110Z</when>
        <gx:coord>12.004838 51.549633 357.69598</gx:coord>
        <when>2025-01-01T01:32:50.5263110Z</when>
        <gx:coord>12.005375 51.550877 360.74402</gx:coord>
        <when>2025-01-01T01:32:55.1113110Z</when>
        <gx:coord>12.006083 51.5521 363.79202</gx:coord>
        <when>2025-01-01T01:32:55.5263110Z</when>
        <gx:coord>12.006469 51.552723 365.31598</gx:coord>
        <when>2025-01-01T01:33:00.5263110Z</when>
        <gx:coord>12.007241 51.553925 363.79202</gx:coord>
        <when>2025-01-01T01:33:05.5263110Z</when>
        <gx:coord>12.008421 51.555725 362.268</gx:coord>
        <when>2025-01-01T01:33:07.1093110Z</when>
        <gx:coord>12.008421 51.555725 362.268</gx:coord>
        <when>2025-01-01T01:33:09.1063110Z</when>
        <gx:coord>12.008786 51.556305 359.21997</gx:coord>
        <when>2025-01-01T01:33:10.5263110Z</when>
        <gx:coord>12.009108 51.556885 356.17203</gx:coord>
        <when>2025-01-01T01:33:11.1093110Z</when>
        <gx:coord>12.009473 51.55744 356.17203</gx:coord>
        <when>2025-01-01T01:33:15.1083110Z</when>
        <gx:coord>12.010331 51.558537 340.932</gx:coord>
        <when>2025-01-01T01:33:15.5263110Z</when>
        <gx:coord>12.010331 51.558537 340.932</gx:coord>
        <when>2025-01-01T01:33:20.5263110Z</when>
        <gx:coord>12.011253 51.55959 334.836</gx:coord>
        <when>2025-01-01T01:33:21.1153110Z</when>
        <gx:coord>12.011253 51.55959 334.836</gx:coord>
        <when>2025-01-01T01:33:25.5263110Z</when>
        <gx:coord>12.012949 51.560963 324.16797</gx:coord>
        <when>2025-01-01T01:33:27.1103110Z</when>
        <gx:coord>12.012949 51.560963 324.16797</gx:coord>
        <when>2025-01-01T01:33:30.5263110Z</when>
        <gx:coord>12.014387 51.56167 315.024</gx:coord>
        <when>2025-01-01T01:33:31.1083110Z</when>
        <gx:coord>12.014387 51.56167 315.024</gx:coord>
        <when>2025-01-01T01:33:31.1083110Z</when>
        <gx:coord>12.015181 51.561928 308.92798</gx:coord>
        <when>2025-01-01T01:33:35.1043110Z</when>
        <gx:coord>12.016018 51.562122 304.35602</gx:coord>
        <when>2025-01-01T01:33:35.5263110Z</when>
        <gx:coord>12.016897 51.56225 298.26</gx:coord>
        <when>2025-01-01T01:33:39.1073110Z</when>
        <gx:coord>12.01782 51.56227 292.164</gx:coord>
        <when>2025-01-01T01:33:40.5453110Z</when>
        <gx:coord>12.0187645 51.562206 284.544</gx:coord>
        <when>2025-01-01T01:33:43.1103110Z</when>
        <gx:coord>12.019665 51.562057 279.972</gx:coord>
        <when>2025-01-01T01:33:43.1103110Z</when>
        <gx:coord>12.020523 51.561844 276.924</gx:coord>
        <when>2025-01-01T01:33:45.5263110Z</when>
        <gx:coord>12.021296 51.561584 270.828</gx:coord>
        <when>2025-01-01T01:33:49.1083110Z</when>
        <gx:coord>12.022068 51.561348 264.732</gx:coord>
        <when>2025-01-01T01:33:50.5263110Z</when>
        <gx:coord>12.0228405 51.561134 260.15997</gx:coord>
        <when>2025-01-01T01:33:55.1153110Z</when>
        <gx:coord>12.025094 51.56049 246.444</gx:coord>
        <when>2025-01-01T01:33:55.5263110Z</when>
        <gx:coord>12.025094 51.56049 246.444</gx:coord>
        <when>2025-01-01T01:34:00.5263110Z</when>
        <gx:coord>12.026596 51.560104 240.348</gx:coord>
        <when>2025-01-01T01:34:05.5273110Z</when>
        <gx:coord>12.028807 51.55959 231.204</gx:coord>
        <when>2025-01-01T01:34:10.5273110Z</when>
        <gx:coord>12.030308 51.55918 223.58401</gx:coord>
        <when>2025-01-01T01:34:15.1193110Z</when>
        <gx:coord>12.032625 51.55847 211.39201</gx:coord>
        <when>2025-01-01T01:34:15.5273110Z</when>
        <gx:coord>12.032625 51.55847 211.39201</gx:coord>
        <when>2025-01-01T01:34:20.5273110Z</when>
        <gx:coord>12.034214 51.558002 206.81999</gx:coord>
        <when>2025-01-01T01:34:25.1113110Z</when>
        <gx:coord>12.036595 51.557316 199.2</gx:coord>
        <when>2025-01-01T01:34:25.5273110Z</when>
        <gx:coord>12.036595 51.557316 196.152</gx:coord>
        <when>2025-01-01T01:34:30.5273110Z</when>
        <gx:coord>12.038162 51.55686 183.95999</gx:coord>
        <when>2025-01-01T01:34:31.1023110Z</when>
        <gx:coord>12.038956 51.55663 179.38802</gx:coord>
        <when>2025-01-01T01:34:35.5273110Z</when>
        <gx:coord>12.040607 51.556175 168.72002</gx:coord>
        <when>2025-01-01T01:34:40.5473110Z</when>
        <gx:coord>12.04226 51.555725 158.05202</gx:coord>
        <when>2025-01-01T01:34:45.1093110Z</when>
        <gx:coord>12.044685 51.55504 144.336</gx:coord>
        <when>2025-01-01T01:34:45.5273110Z</when>
        <gx:coord>12.044685 51.55504 144.336</gx:coord>
        <when>2025-01-01T01:34:50.5273110Z</when>
        <gx:coord>12.046208 51.55459 130.62</gx:coord>
        <when>2025-01-01T01:34:53.2083110Z</when>
        <gx:coord>12.046959 51.554375 126.04801</gx:coord>
        <when>2025-01-01T01:34:55.5273110Z</when>
        <gx:coord>12.048376 51.553947 118.428</gx:coord>
        <when>2025-01-01T01:34:59.1093110Z</when>
        <gx:coord>12.049019 51.553753 118.428</gx:coord>
        <when>2025-01-01T01:35:00.5273110Z</when>
        <gx:coord>12.049642 51.55358 116.90401</gx:coord>
        <when>2025-01-01T01:35:05.5273110Z</when>
        <gx:coord>12.0512295 51.55315 115.38001</gx:coord>
        <when>2025-01-01T01:35:07.1053110Z</when>
        <gx:coord>12.0512295 51.55315 115.38001</gx:coord>
        <when>2025-01-01T01:35:10.5273110Z</when>
        <gx:coord>12.052131 51.552895 115.38001</gx:coord>
        <when>2025-01-01T01:35:11.1083110Z</when>
        <gx:coord>12.052538 51.552765 113.856</gx:coord>
        <when>2025-01-01T01:35:15.5283110Z</when>
        <gx:coord>12.053268 51.55255 113.856</gx:coord>
        <when>2025-01-01T01:35:19.1083110Z</when>
        <gx:coord>12.053612 51.552464 113.856</gx:coord>
        <when>2025-01-01T01:35:20.5273110Z</when>
        <gx:coord>12.053911 51.55238 113.856</gx:coord>
        <when>2025-01-01T01:35:25.5283110Z</when>
        <gx:coord>12.054749 51.552166 113.856</gx:coord>
        <when>2025-01-01T01:35:30.5283110Z</when>
        <gx:coord>12.055199 51.552036 113.856</gx:coord>
        <when>2025-01-01T01:35:31.1123110Z</when>
        <gx:coord>12.055199 51.552036 113.856</gx:coord>
        <when>2025-01-01T01:35:35.5283110Z</when>
        <gx:coord>12.055672 51.551888 113.856</gx:coord>
        <when>2025-01-01T01:35:37.0993110Z</when>
        <gx:coord>12.055672 51.551888 113.856</gx:coord>
        <when>2025-01-01T01:35:39.1113110Z</when>
        <gx:coord>12.0557785 51.55184 113.856</gx:coord>
        <when>2025-01-01T01:35:40.1113110Z</when>
        <gx:coord>12.055821 51.551777 113.856</gx:coord>
        <when>2025-01-01T01:35:40.5433110Z</when>
        <gx:coord>12.055821 51.551777 113.856</gx:coord>
        <when>2025-01-01T01:35:41.1123110Z</when>
        <gx:coord>12.055821 51.551777 113.856</gx:coord>
        <when>2025-01-01T01:35:43.1143110Z</when>
        <gx:coord>12.055843 51.551693 112.332</gx:coord>
        <when>2025-01-01T01:35:45.1113110Z</when>
        <gx:coord>12.055821 51.55163 112.332</gx:coord>
        <when>2025-01-01T01:35:45.5283110Z</when>
        <gx:coord>12.0557785 51.551544 112.332</gx:coord>
        <when>2025-01-01T01:35:50.5283110Z</when>
        <gx:coord>12.055693 51.551434 112.332</gx:coord>
        <when>2025-01-01T01:35:53.1013110Z</when>
        <gx:coord>12.055672 51.55139 112.332</gx:coord>
        <when>2025-01-01T01:35:55.5283110Z</when>
        <gx:coord>12.05565 51.55137 112.332</gx:coord>
        <when>2025-01-01T01:36:00.5283110Z</when>
        <gx:coord>12.05565 51.55137 112.332</gx:coord>
        <when>2025-01-01T01:36:05.5283110Z</when>
        <gx:coord>12.05565 51.55137 112.332</gx:coord>
        <when>2025-01-01T01:36:10.5303110Z</when>
        <gx:coord>12.055628 51.551327 112.332</gx:coord>
        <when>2025-01-01T01:36:15.5273110Z</when>
        <gx:coord>12.055521 51.551178 112.332</gx:coord>
        <when>2025-01-01T01:36:20.5283110Z</when>
        <gx:coord>12.055414 51.551025 112.332</gx:coord>
        <when>2025-01-01T01:36:23.1103110Z</when>
        <gx:coord>12.05537 51.550983 112.332</gx:coord>
        <when>2025-01-01T01:36:25.0913110Z</when>
        <gx:coord>12.055349 51.55092 112.332</gx:coord>
        <when>2025-01-01T01:36:25.5283110Z</when>
        <gx:coord>12.055349 51.550858 112.332</gx:coord>
        <when>2025-01-01T01:36:27.1053110Z</when>
        <gx:coord>12.055349 51.550858 112.332</gx:coord>
        <when>2025-01-01T01:36:29.1083110Z</when>
        <gx:coord>12.05537 51.55081 112.332</gx:coord>
        <when>2025-01-01T01:36:30.5283110Z</when>
        <gx:coord>12.055435 51.550747 112.332</gx:coord>
        <when>2025-01-01T01:36:31.1163110Z</when>
        <gx:coord>12.055435 51.550747 112.332</gx:coord>
        <when>2025-01-01T01:36:35.5283110Z</when>
        <gx:coord>12.055843 51.55062 112.332</gx:coord>
        <when>2025-01-01T01:36:37.1133110Z</when>
        <gx:coord>12.055843 51.55062 112.332</gx:coord>
        <when>2025-01-01T01:36:40.5463110Z</when>
        <gx:coord>12.056187 51.550533 112.332</gx:coord>
        <when>2025-01-01T01:36:45.5283110Z</when>
        <gx:coord>12.05668 51.550404 112.332</gx:coord>
        <when>2025-01-01T01:36:50.5293110Z</when>
        <gx:coord>12.05698 51.55032 112.332</gx:coord>
        <when>2025-01-01T01:36:55.5293110Z</when>
        <gx:coord>12.057366 51.550213 112.332</gx:coord>
        <when>2025-01-01T01:37:00.5293110Z</when>
        <gx:coord>12.057624 51.550125 112.332</gx:coord>
        <when>2025-01-01T01:37:05.5293110Z</when>
        <gx:coord>12.057967 51.55004 112.332</gx:coord>
        <when>2025-01-01T01:37:07.1093110Z</when>
        <gx:coord>12.057967 51.55004 112.332</gx:coord>
        <when>2025-01-01T01:37:09.1113110Z</when>
        <gx:coord>12.058053 51.549995 112.332</gx:coord>
        <when>2025-01-01T01:37:10.5293110Z</when>
        <gx:coord>12.058139 51.549953 112.332</gx:coord>
        <when>2025-01-01T01:37:11.0983110Z</when>
        <gx:coord>12.058139 51.549953 112.332</gx:coord>
        <when>2025-01-01T01:37:13.0913110Z</when>
        <gx:coord>12.058161 51.54989 112.332</gx:coord>
        <when>2025-01-01T01:37:15.1143110Z</when>
        <gx:coord>12.058161 51.549828 112.332</gx:coord>
        <when>2025-01-01T01:37:15.5293110Z</when>
        <gx:coord>12.058139 51.549763 112.332</gx:coord>
        <when>2025-01-01T01:37:20.5293110Z</when>
        <gx:coord>12.058075 51.549633 112.332</gx:coord>
        <when>2025-01-01T01:37:25.5293110Z</when>
        <gx:coord>12.057967 51.549374 112.332</gx:coord>
        <when>2025-01-01T01:37:30.5293110Z</when>
        <gx:coord>12.057903 51.549225 112.332</gx:coord>
        <when>2025-01-01T01:37:31.0983110Z</when>
        <gx:coord>12.057903 51.549225 112.332</gx:coord>
        <when>2025-01-01T01:37:33.0953110Z</when>
        <gx:coord>12.057881 51.549183 112.332</gx:coord>
        <when>2025-01-01T01:37:35.1063110Z</when>
        <gx:coord>12.057924 51.54914 112.332</gx:coord>
        <when>2025-01-01T01:37:35.5293110Z</when>
        <gx:coord>12.05801 51.549076 112.332</gx:coord>
        <when>2025-01-01T01:37:37.1143110Z</when>
        <gx:coord>12.05801 51.549076 112.332</gx:coord>
        <when>2025-01-01T01:37:40.5473110Z</when>
        <gx:coord>12.058203 51.549053 112.332</gx:coord>
        <when>2025-01-01T01:37:41.0973110Z</when>
        <gx:coord>12.058203 51.549053 112.332</gx:coord>
        <when>2025-01-01T01:37:43.1013110Z</when>
        <gx:coord>12.058289 51.54903 112.332</gx:coord>
        <when>2025-01-01T01:37:43.8883110Z</when>
        <gx:coord>12.058332 51.54901 112.332</gx:coord>
        <when>2025-01-01T01:37:45.1033110Z</when>
        <gx:coord>12.058332 51.54901 112.332</gx:coord>
        <when>2025-01-01T01:37:45.5293110Z</when>
        <gx:coord>12.058353 51.548965 112.332</gx:coord>
        <when>2025-01-01T01:37:47.1053110Z</when>
        <gx:coord>12.058353 51.548965 112.332</gx:coord>
        <when>2025-01-01T01:37:50.5293110Z</when>
        <gx:coord>12.058353 51.54886 112.332</gx:coord>
        <when>2025-01-01T01:37:55.5293110Z</when>
        <gx:coord>12.058332 51.548687 112.332</gx:coord>
        <when>2025-01-01T01:37:59.0923110Z</when>
        <gx:coord>12.0583105 51.548668 112.332</gx:coord>
        <when>2025-01-01T01:37:59.0933110Z</when>
        <gx:coord>12.0583105 51.548668 112.332</gx:coord>
        <when>2025-01-01T01:37:59.8953110Z</when>
        <gx:coord>12.0583105 51.548645 112.332</gx:coord>
        <when>2025-01-01T01:38:00.5293110Z</when>
        <gx:coord>12.0583105 51.548645 112.332</gx:coord>
        <when>2025-01-01T01:38:01.0913110Z</when>
        <gx:coord>12.0583105 51.548645 112.332</gx:coord>
        <when>2025-01-01T01:38:01.8953110Z</when>
        <gx:coord>12.058289 51.548645 112.332</gx:coord>
        <when>2025-01-01T01:38:03.0913110Z</when>
        <gx:coord>12.058289 51.548645 112.332</gx:coord>
        <when>2025-01-01T01:38:03.8883110Z</when>
        <gx:coord>12.058268 51.548645 112.332</gx:coord>
        <when>2025-01-01T01:38:05.1043110Z</when>
        <gx:coord>12.058268 51.548645 112.332</gx:coord>
        <when>2025-01-01T01:38:05.5293110Z</when>
        <gx:coord>12.058247 51.548668 112.332</gx:coord>
        <when>2025-01-01T01:38:07.1063110Z</when>
        <gx:coord>12.058247 51.548668 112.332</gx:coord>
        <when>2025-01-01T01:38:07.8953110Z</when>
        <gx:coord>12.058225 51.54871 112.332</gx:coord>
        <when>2025-01-01T01:38:10.5303110Z</when>
        <gx:coord>12.058225 51.54875 112.332</gx:coord>
        <when>2025-01-01T01:38:11.1073110Z</when>
        <gx:coord>12.058225 51.54875 112.332</gx:coord>
        <when>2025-01-01T01:38:13.1073110Z</when>
        <gx:coord>12.058225 51.548798 112.332</gx:coord>
        <when>2025-01-01T01:38:15.1083110Z</when>
        <gx:coord>12.058247 51.54886 112.332</gx:coord>
        <when>2025-01-01T01:38:15.5303110Z</when>
        <gx:coord>12.058289 51.548904 112.332</gx:coord>
        <when>2025-01-01T01:38:17.0963110Z</when>
        <gx:coord>12.058289 51.548904 112.332</gx:coord>
        <when>2025-01-01T01:38:19.0993110Z</when>
        <gx:coord>12.058353 51.548946 112.332</gx:coord>
        <when>2025-01-01T01:38:20.5293110Z</when>
        <gx:coord>12.058439 51.548965 112.332</gx:coord>
        <when>2025-01-01T01:38:23.1143110Z</when>
        <gx:coord>12.058568 51.54899 112.332</gx:coord>
        <when>2025-01-01T01:38:25.5303110Z</when>
        <gx:coord>12.0588255 51.548965 112.332</gx:coord>
        <when>2025-01-01T01:38:27.1123110Z</when>
        <gx:coord>12.0588255 51.548965 112.332</gx:coord>
        <when>2025-01-01T01:38:30.5303110Z</when>
        <gx:coord>12.059169 51.548904 112.332</gx:coord>
        <when>2025-01-01T01:38:35.1093110Z</when>
        <gx:coord>12.059662 51.548817 112.332</gx:coord>
        <when>2025-01-01T01:38:35.5303110Z</when>
        <gx:coord>12.059662 51.548817 112.332</gx:coord>
        <when>2025-01-01T01:38:40.5503110Z</when>
        <gx:coord>12.060005 51.548775 113.856</gx:coord>
        <when>2025-01-01T01:38:45.5293110Z</when>
        <gx:coord>12.06052 51.548687 113.856</gx:coord>
        <when>2025-01-01T01:38:50.5303110Z</when>
        <gx:coord>12.060885 51.548622 113.856</gx:coord>
        <when>2025-01-01T01:38:55.5303110Z</when>
        <gx:coord>12.061293 51.54856 113.856</gx:coord>
        <when>2025-01-01T01:38:57.1183110Z</when>
        <gx:coord>12.061293 51.54856 113.856</gx:coord>
        <when>2025-01-01T01:38:59.1053110Z</when>
        <gx:coord>12.0613785 51.54854 113.856</gx:coord>
        <when>2025-01-01T01:38:59.8873110Z</when>
        <gx:coord>12.061422 51.548515 113.856</gx:coord>
        <when>2025-01-01T01:39:00.5303110Z</when>
        <gx:coord>12.061422 51.548515 113.856</gx:coord>
        <when>2025-01-01T01:39:01.0963110Z</when>
        <gx:coord>12.061422 51.548515 113.856</gx:coord>
        <when>2025-01-01T01:39:03.1213110Z</when>
        <gx:coord>12.061443 51.548473 113.856</gx:coord>
        <when>2025-01-01T01:39:05.5303110Z</when>
        <gx:coord>12.061422 51.548344 113.856</gx:coord>
        <when>2025-01-01T01:39:10.5303110Z</when>
        <gx:coord>12.0613785 51.548172 113.856</gx:coord>
        <when>2025-01-01T01:39:15.5303110Z</when>
        <gx:coord>12.0613365 51.54798 113.856</gx:coord>
        <when>2025-01-01T01:39:17.1183110Z</when>
        <gx:coord>12.0613365 51.54798 113.856</gx:coord>
        <when>2025-01-01T01:39:19.0903110Z</when>
        <gx:coord>12.061315 51.547935 113.856</gx:coord>
        <when>2025-01-01T01:39:20.5303110Z</when>
        <gx:coord>12.061272 51.547916 113.856</gx:coord>
        <when>2025-01-01T01:39:21.1023110Z</when>
        <gx:coord>12.061272 51.547916 113.856</gx:coord>
        <when>2025-01-01T01:39:23.0913110Z</when>
        <gx:coord>12.061229 51.547894 113.856</gx:coord>
        <when>2025-01-01T01:39:25.1163110Z</when>
        <gx:coord>12.061165 51.547894 113.856</gx:coord>
        <when>2025-01-01T01:39:25.5303110Z</when>
        <gx:coord>12.061057 51.547916 113.856</gx:coord>
        <when>2025-01-01T01:39:30.5303110Z</when>
        <gx:coord>12.0608635 51.54796 113.856</gx:coord>
        <when>2025-01-01T01:39:33.1213110Z</when>
        <gx:coord>12.060757 51.54798 113.856</gx:coord>
        <when>2025-01-01T01:39:35.5313110Z</when>
        <gx:coord>12.060606 51.548 113.856</gx:coord>
        <when>2025-01-01T01:39:40.5433110Z</when>
        <gx:coord>12.060499 51.548023 113.856</gx:coord>
        <when>2025-01-01T01:39:41.1053110Z</when>
        <gx:coord>12.060499 51.548023 113.856</gx:coord>
        <when>2025-01-01T01:39:45.5313110Z</when>
        <gx:coord>12.060499 51.548023 112.332</gx:coord>
        <when>2025-01-01T01:39:50.5313110Z</when>
        <gx:coord>12.060499 51.548023 112.332</gx:coord>
        <when>2025-01-01T01:39:55.5313110Z</when>
        <gx:coord>12.060499 51.548023 112.332</gx:coord>
        <when>2025-01-01T01:40:00.5313110Z</when>
        <gx:coord>12.060499 51.548023 112.332</gx:coord>
        <when>2025-01-01T01:40:02.8983110Z</when>
        <gx:coord>12.060499 51.548023 112.332</gx:coord>
        <coordinates />
      </gx:Track>
    </Placemark>
    <Placemark>
      <name>Takeoff: 2025-01-01</name>
      <styleUrl>#downArrowIcon</styleUrl>
      <Point>
        <altitudeMode>relativeToGround</altitudeMode>
        <coordinates>12.048033,51.554054,20</coordinates>
      </Point>
    </Placemark>
    <Placemark>
      <name>Landing: 2025-01-01</name>
      <styleUrl>#downArrowIcon</styleUrl>
      <Point>
        <altitudeMode>relativeToGround</altitudeMode>
        <coordinates>12.055821,51.551777,20</coordinates>
      </Point>
    </Placemark>
    <Placemark>
      <name>Log Stop: 2025-01-01</name>
      <styleUrl>#downArrowIcon</styleUrl>
      <Point>
        <altitudeMode>relativeToGround</altitudeMode>
        <coordinates>12.060499,51.548023,20</coordinates>
      </Point>
    </Placemark>
  </Document>
</kml>
