<?xml version="1.0" encoding="utf-8"?>
<kml xmlns:gx="http://www.google.com/kml/ext/2.2" creator="kml-heatmap" xmlns="http://www.opengis.net/kml/2.2">
  <Document>
    <name>SkyDemon Track Log</name>
    <Style id="skydemonLogStyle">
      <LineStyle>
        <color>7f00ffff</color>
        <width>4</width>
      </LineStyle>
      <PolyStyle>
        <color>7fffa400</color>
      </PolyStyle>
    </Style>
    <Style id="downArrowIcon">
      <IconStyle>
        <href>http://maps.google.com/mapfiles/kml/pal4/icon28.png</href>
      </IconStyle>
    </Style>
    <Placemark>
      <name>Log Start: 2025-01-01</name>
      <styleUrl>#downArrowIcon</styleUrl>
      <Point>
        <altitudeMode>relativeToGround</altitudeMode>
        <coordinates>12.05811,51.54823,20</coordinates>
      </Point>
    </Placemark>
    <Placemark>
      <name>EDAQ Halle-Oppin - EDAQ Halle-Oppin</name>
      <styleUrl>#skydemonLogStyle</styleUrl>
      <gx:Track>
        <extrude>1</extrude>
        <altitudeMode>absolute</altitudeMode>
        <when>2025-01-01T00:00:00.6052910Z</when>
        <gx:coord>12.05811 51.54823 108.046036</gx:coord>
        <when>2025-01-01T00:00:05.6062910Z</when>
        <gx:coord>12.05809 51.54822 107.904335</gx:coord>
        <when>2025-01-01T00:00:10.6062910Z</when>
        <gx:coord>12.058087 51.548214 107.91838</gx:coord>
        <when>2025-01-01T00:00:15.6062910Z</when>
        <gx:coord>12.058099 51.548214 107.96607</gx:coord>
        <when>2025-01-01T00:00:20.6062910Z</when>
        <gx:coord>12.058102 51.548214 108.212654</gx:coord>
        <when>2025-01-01T00:00:25.6062910Z</when>
        <gx:coord>12.058097 51.548218 108.63877</gx:coord>
        <when>2025-01-01T00:00:30.6062910Z</when>
        <gx:coord>12.058101 51.548225 108.71541</gx:coord>
        <when>2025-01-01T00:00:35.6062910Z</when>
        <gx:coord>12.058095 51.54823 108.81443</gx:coord>
        <when>2025-01-01T00:00:37.3032910Z</when>
        <gx:coord>12.058096 51.548233 108.745346</gx:coord>
        <when>2025-01-01T00:00:38.5832910Z</when>
        <gx:coord>12.058081 51.548237 108.60793</gx:coord>
        <when>2025-01-01T00:00:39.7252910Z</when>
        <gx:coord>12.058064 51.54824 108.66324</gx:coord>
        <when>2025-01-01T00:00:40.6052910Z</when>
        <gx:coord>12.058048 51.548252 108.62582</gx:coord>
        <when>2025-01-01T00:00:42.0872910Z</when>
        <gx:coord>12.058036 51.548264 108.67431</gx:coord>
        <when>2025-01-01T00:00:43.0902910Z</when>
        <gx:coord>12.058025 51.54828 108.61085</gx:coord>
        <when>2025-01-01T00:00:45.0902910Z</when>
        <gx:coord>12.058012 51.548332 108.58613</gx:coord>
        <when>2025-01-01T00:00:45.6052910Z</when>
        <gx:coord>12.058011 51.548367 108.606026</gx:coord>
        <when>2025-01-01T00:00:46.0872910Z</when>
        <gx:coord>12.058011 51.548367 108.606026</gx:coord>
        <when>2025-01-01T00:00:50.0932910Z</when>
        <gx:coord>12.058066 51.5485 108.319885</gx:coord>
        <when>2025-01-01T00:00:50.6052910Z</when>
        <gx:coord>12.058082 51.54854 108.23269</gx:coord>
        <when>2025-01-01T00:00:55.6052910Z</when>
        <gx:coord>12.058162 51.548725 107.97568</gx:coord>
        <when>2025-01-01T00:01:00.6052910Z</when>
        <gx:coord>12.058236 51.548904 107.65478</gx:coord>
        <when>2025-01-01T00:01:04.0892910Z</when>
        <gx:coord>12.058268 51.548977 107.56272</gx:coord>
        <when>2025-01-01T00:01:05.0962910Z</when>
        <gx:coord>12.058254 51.549 107.51486</gx:coord>
        <when>2025-01-01T00:01:05.6132910Z</when>
        <gx:coord>12.058242 51.549015 107.53972</gx:coord>
        <when>2025-01-01T00:01:06.0892910Z</when>
        <gx:coord>12.058242 51.549015 107.53972</gx:coord>
        <when>2025-01-01T00:01:07.0952910Z</when>
        <gx:coord>12.058219 51.549034 107.53667</gx:coord>
        <when>2025-01-01T00:01:08.0892910Z</when>
        <gx:coord>12.058193 51.549046 107.51493</gx:coord>
        <when>2025-01-01T00:01:09.0882910Z</when>
        <gx:coord>12.05816 51.549053 107.42833</gx:coord>
        <when>2025-01-01T00:01:10.6052910Z</when>
        <gx:coord>12.058079 51.549065 107.33656</gx:coord>
        <when>2025-01-01T00:01:15.0892910Z</when>
        <gx:coord>12.057922 51.549107 107.504715</gx:coord>
        <when>2025-01-01T00:01:15.6052910Z</when>
        <gx:coord>12.057892 51.54912 107.42829</gx:coord>
        <when>2025-01-01T00:01:16.0862910Z</when>
        <gx:coord>12.057892 51.54912 107.42829</gx:coord>
        <when>2025-01-01T00:01:17.0932910Z</when>
        <gx:coord>12.057868 51.549145 107.47551</gx:coord>
        <when>2025-01-01T00:01:18.0912910Z</when>
        <gx:coord>12.057852 51.54917 107.63966</gx:coord>
        <when>2025-01-01T00:01:19.0862910Z</when>
        <gx:coord>12.057846 51.5492 107.69559</gx:coord>
        <when>2025-01-01T00:01:20.0872910Z</when>
        <gx:coord>12.057848 51.549225 107.733406</gx:coord>
        <when>2025-01-01T00:01:20.6092910Z</when>
        <gx:coord>12.057858 51.549255 107.69204</gx:coord>
        <when>2025-01-01T00:01:23.0862910Z</when>
        <gx:coord>12.057897 51.549328 107.54859</gx:coord>
        <when>2025-01-01T00:01:25.0942910Z</when>
        <gx:coord>12.05794 51.54941 107.547714</gx:coord>
        <when>2025-01-01T00:01:25.6052910Z</when>
        <gx:coord>12.057961 51.549458 107.61663</gx:coord>
        <when>2025-01-01T00:01:30.6052910Z</when>
        <gx:coord>12.058065 51.5497 107.44827</gx:coord>
        <when>2025-01-01T00:01:35.6052910Z</when>
        <gx:coord>12.05817 51.54993 107.15041</gx:coord>
        <when>2025-01-01T00:01:40.6052910Z</when>
        <gx:coord>12.0582695 51.55017 107.085175</gx:coord>
        <when>2025-01-01T00:01:45.6052910Z</when>
        <gx:coord>12.058363 51.55039 107.1055</gx:coord>
        <when>2025-01-01T00:01:50.6042910Z</when>
        <gx:coord>12.058433 51.55057 107.02685</gx:coord>
        <when>2025-01-01T00:01:54.3142910Z</when>
        <gx:coord>12.058455 51.550613 107.16591</gx:coord>
        <when>2025-01-01T00:01:55.6052910Z</when>
        <gx:coord>12.058458 51.550613 107.076546</gx:coord>
        <when>2025-01-01T00:01:58.0882910Z</when>
        <gx:coord>12.058467 51.550617 107.136925</gx:coord>
        <when>2025-01-01T00:02:00.6052910Z</when>
        <gx:coord>12.058466 51.550617 107.26261</gx:coord>
        <when>2025-01-01T00:02:05.6052910Z</when>
        <gx:coord>12.058467 51.550617 107.30145</gx:coord>
        <when>2025-01-01T00:02:10.6052910Z</when>
        <gx:coord>12.058468 51.550617 107.396095</gx:coord>
        <when>2025-01-01T00:02:15.6052910Z</when>
        <gx:coord>12.058468 51.550617 107.59175</gx:coord>
        <when>2025-01-01T00:02:20.6052910Z</when>
        <gx:coord>12.05847 51.550617 107.67489</gx:coord>
        <when>2025-01-01T00:02:25.6052910Z</when>
        <gx:coord>12.05847 51.550613 107.41657</gx:coord>
        <when>2025-01-01T00:02:30.6052910Z</when>
        <gx:coord>12.05847 51.550613 107.35883</gx:coord>
        <when>2025-01-01T00:02:35.6042910Z</when>
        <gx:coord>12.05847 51.550617 107.239105</gx:coord>
        <when>2025-01-01T00:02:40.6052910Z</when>
        <gx:coord>12.05847 51.550617 107.08291</gx:coord>
        <when>2025-01-01T00:02:45.6042910Z</when>
        <gx:coord>12.05847 51.550617 107.12594</gx:coord>
        <when>2025-01-01T00:02:50.6042910Z</when>
        <gx:coord>12.058469 51.550617 106.98042</gx:coord>
        <when>2025-01-01T00:02:55.6042910Z</when>
        <gx:coord>12.05847 51.550617 106.94547</gx:coord>
        <when>2025-01-01T00:03:00.6042910Z</when>
        <gx:coord>12.05847 51.550613 106.80247</gx:coord>
        <when>2025-01-01T00:03:05.6042910Z</when>
        <gx:coord>12.05847 51.550617 106.97461</gx:coord>
        <when>2025-01-01T00:03:10.6042910Z</when>
        <gx:coord>12.058471 51.550617 106.86845</gx:coord>
        <when>2025-01-01T00:03:15.6042910Z</when>
        <gx:coord>12.05847 51.550617 106.96046</gx:coord>
        <when>2025-01-01T00:03:20.6042910Z</when>
        <gx:coord>12.05847 51.550617 106.897545</gx:coord>
        <when>2025-01-01T00:03:25.6042910Z</when>
        <gx:coord>12.05847 51.550617 107.12153</gx:coord>
        <when>2025-01-01T00:03:30.6042910Z</when>
        <gx:coord>12.058469 51.550617 107.11705</gx:coord>
        <when>2025-01-01T00:03:35.6042910Z</when>
        <gx:coord>12.05847 51.550617 107.15242</gx:coord>
        <when>2025-01-01T00:03:40.6042910Z</when>
        <gx:coord>12.05847 51.55062 107.16603</gx:coord>
        <when>2025-01-01T00:03:45.6042910Z</when>
        <gx:coord>12.058469 51.55062 107.16777</gx:coord>
        <when>2025-01-01T00:03:50.6042910Z</when>
        <gx:coord>12.05847 51.55062 107.08041</gx:coord>
        <when>2025-01-01T00:03:55.6032910Z</when>
        <gx:coord>12.05847 51.55062 107.0219</gx:coord>
        <when>2025-01-01T00:04:00.6042910Z</when>
        <gx:coord>12.05847 51.55062 107.041695</gx:coord>
        <when>2025-01-01T00:04:05.6042910Z</when>
        <gx:coord>12.058468 51.55062 107.0346</gx:coord>
        <when>2025-01-01T00:04:10.6042910Z</when>
        <gx:coord>12.058467 51.550617 107.06972</gx:coord>
        <when>2025-01-01T00:04:15.6042910Z</when>
        <gx:coord>12.058467 51.550617 107.161606</gx:coord>
        <when>2025-01-01T00:04:20.6042910Z</when>
        <gx:coord>12.058466 51.550617 107.194435</gx:coord>
        <when>2025-01-01T00:04:25.6032910Z</when>
        <gx:coord>12.058466 51.550617 107.17752</gx:coord>
        <when>2025-01-01T00:04:30.6042910Z</when>
        <gx:coord>12.058466 51.550617 107.20936</gx:coord>
        <when>2025-01-01T00:04:35.6042910Z</when>
        <gx:coord>12.058466 51.550617 107.196976</gx:coord>
        <when>2025-01-01T00:04:40.6042910Z</when>
        <gx:coord>12.058465 51.550617 107.18755</gx:coord>
        <when>2025-01-01T00:04:45.6042910Z</when>
        <gx:coord>12.058466 51.550617 107.17903</gx:coord>
        <when>2025-01-01T00:04:50.6032910Z</when>
        <gx:coord>12.058466 51.550617 107.13367</gx:coord>
        <when>2025-01-01T00:04:51.7022910Z</when>
        <gx:coord>12.058466 51.550617 107.155945</gx:coord>
        <when>2025-01-01T00:04:55.6042910Z</when>
        <gx:coord>12.058467 51.550617 107.18106</gx:coord>
        <when>2025-01-01T00:05:00.6042910Z</when>
        <gx:coord>12.058468 51.550617 107.16379</gx:coord>
        <when>2025-01-01T00:05:05.6032910Z</when>
        <gx:coord>12.058468 51.550617 107.12354</gx:coord>
        <when>2025-01-01T00:05:10.6032910Z</when>
        <gx:coord>12.058468 51.550617 107.00577</gx:coord>
        <when>2025-01-01T00:05:15.6032910Z</when>
        <gx:coord>12.058468 51.550617 106.97835</gx:coord>
        <when>2025-01-01T00:05:20.6032910Z</when>
        <gx:coord>12.058471 51.55062 106.97762</gx:coord>
        <when>2025-01-01T00:05:21.6902910Z</when>
        <gx:coord>12.058475 51.55062 106.98795</gx:coord>
        <when>2025-01-01T00:05:23.0732910Z</when>
        <gx:coord>12.058482 51.55063 106.97157</gx:coord>
        <when>2025-01-01T00:05:23.0892910Z</when>
        <gx:coord>12.058482 51.55063 106.97157</gx:coord>
        <when>2025-01-01T00:05:25.6032910Z</when>
        <gx:coord>12.058507 51.55067 107.01748</gx:coord>
        <when>2025-01-01T00:05:26.0892910Z</when>
        <gx:coord>12.058507 51.55067 107.01748</gx:coord>
        <when>2025-01-01T00:05:30.6032910Z</when>
        <gx:coord>12.058546 51.55079 107.119354</gx:coord>
        <when>2025-01-01T00:05:34.0832910Z</when>
        <gx:coord>12.058598 51.550873 107.160324</gx:coord>
        <when>2025-01-01T00:05:35.6072910Z</when>
        <gx:coord>12.05866 51.55092 107.09768</gx:coord>
        <when>2025-01-01T00:05:36.0782910Z</when>
        <gx:coord>12.05866 51.55092 107.09768</gx:coord>
        <when>2025-01-01T00:05:37.0992910Z</when>
        <gx:coord>12.058699 51.550934 107.16362</gx:coord>
        <when>2025-01-01T00:05:39.0912910Z</when>
        <gx:coord>12.058792 51.55095 107.35585</gx:coord>
        <when>2025-01-01T00:05:40.6032910Z</when>
        <gx:coord>12.058904 51.550953 107.430244</gx:coord>
        <when>2025-01-01T00:05:41.0872910Z</when>
        <gx:coord>12.058904 51.550953 107.430244</gx:coord>
        <when>2025-01-01T00:05:43.0832910Z</when>
        <gx:coord>12.05903 51.55093 107.524445</gx:coord>
        <when>2025-01-01T00:05:44.0922910Z</when>
        <gx:coord>12.059097 51.550915 107.60157</gx:coord>
        <when>2025-01-01T00:05:45.6032910Z</when>
        <gx:coord>12.059243 51.550873 107.61509</gx:coord>
        <when>2025-01-01T00:05:50.6032910Z</when>
        <gx:coord>12.059657 51.550755 107.66984</gx:coord>
        <when>2025-01-01T00:05:55.6032910Z</when>
        <gx:coord>12.060082 51.55063 107.58928</gx:coord>
        <when>2025-01-01T00:05:56.0792910Z</when>
        <gx:coord>12.060082 51.55063 107.58928</gx:coord>
        <when>2025-01-01T00:06:00.6032910Z</when>
        <gx:coord>12.060478 51.55048 107.53561</gx:coord>
        <when>2025-01-01T00:06:05.6032910Z</when>
        <gx:coord>12.060848 51.550323 107.40632</gx:coord>
        <when>2025-01-01T00:06:10.6032910Z</when>
        <gx:coord>12.061104 51.55024 107.43843</gx:coord>
        <when>2025-01-01T00:06:11.0912910Z</when>
        <gx:coord>12.061104 51.55024 107.43843</gx:coord>
        <when>2025-01-01T00:06:12.0882910Z</when>
        <gx:coord>12.06114 51.550243 107.51732</gx:coord>
        <when>2025-01-01T00:06:13.0902910Z</when>
        <gx:coord>12.06116 51.55025 107.62306</gx:coord>
        <when>2025-01-01T00:06:14.0872910Z</when>
        <gx:coord>12.061178 51.55026 107.67975</gx:coord>
        <when>2025-01-01T00:06:15.6032910Z</when>
        <gx:coord>12.061196 51.550285 107.87139</gx:coord>
        <when>2025-01-01T00:06:16.1062910Z</when>
        <gx:coord>12.061195 51.550297 107.84105</gx:coord>
        <when>2025-01-01T00:06:16.7022910Z</when>
        <gx:coord>12.061195 51.550297 107.84105</gx:coord>
        <when>2025-01-01T00:06:17.3232910Z</when>
        <gx:coord>12.061192 51.55031 107.88387</gx:coord>
        <when>2025-01-01T00:06:17.9422910Z</when>
        <gx:coord>12.061192 51.55031 107.88387</gx:coord>
        <when>2025-01-01T00:06:18.7832910Z</when>
        <gx:coord>12.061183 51.55032 107.94379</gx:coord>
        <when>2025-01-01T00:06:19.7842910Z</when>
        <gx:coord>12.061168 51.550327 107.96386</gx:coord>
        <when>2025-01-01T00:06:20.6032910Z</when>
        <gx:coord>12.061148 51.55034 107.98851</gx:coord>
        <when>2025-01-01T00:06:25.1052910Z</when>
        <gx:coord>12.061036 51.55037 108.00359</gx:coord>
        <when>2025-01-01T00:06:25.6032910Z</when>
        <gx:coord>12.061036 51.55037 108.00359</gx:coord>
        <when>2025-01-01T00:06:28.0882910Z</when>
        <gx:coord>12.0610075 51.550377 108.07012</gx:coord>
        <when>2025-01-01T00:06:30.6032910Z</when>
        <gx:coord>12.061003 51.550377 108.10399</gx:coord>
        <when>2025-01-01T00:06:35.6032910Z</when>
        <gx:coord>12.061001 51.550377 108.11637</gx:coord>
        <when>2025-01-01T00:06:40.6032910Z</when>
        <gx:coord>12.060995 51.55038 108.10221</gx:coord>
        <when>2025-01-01T00:06:42.0892910Z</when>
        <gx:coord>12.060979 51.550385 108.12437</gx:coord>
        <when>2025-01-01T00:06:43.0872910Z</when>
        <gx:coord>12.0609455 51.550396 108.130844</gx:coord>
        <when>2025-01-01T00:06:44.0862910Z</when>
        <gx:coord>12.060855 51.550415 108.13105</gx:coord>
        <when>2025-01-01T00:06:45.6032910Z</when>
        <gx:coord>12.060651 51.55047 108.040596</gx:coord>
        <when>2025-01-01T00:06:47.0882910Z</when>
        <gx:coord>12.060516 51.550507 108.053185</gx:coord>
        <when>2025-01-01T00:06:49.0962910Z</when>
        <gx:coord>12.060179 51.550602 107.93311</gx:coord>
        <when>2025-01-01T00:06:50.6032910Z</when>
        <gx:coord>12.059754 51.55072 107.95393</gx:coord>
        <when>2025-01-01T00:06:51.0852910Z</when>
        <gx:coord>12.059754 51.55072 107.95393</gx:coord>
        <when>2025-01-01T00:06:55.0882910Z</when>
        <gx:coord>12.058662 51.551033 108.1563</gx:coord>
        <when>2025-01-01T00:06:55.6022910Z</when>
        <gx:coord>12.058343 51.55112 108.22901</gx:coord>
        <when>2025-01-01T00:07:00.0832910Z</when>
        <gx:coord>12.05689 51.55152 108.54766</gx:coord>
        <when>2025-01-01T00:07:00.6032910Z</when>
        <gx:coord>12.056487 51.551624 109.140236</gx:coord>
        <when>2025-01-01T00:07:05.6022910Z</when>
        <gx:coord>12.054404 51.55223 120.45636</gx:coord>
        <when>2025-01-01T00:07:10.6032910Z</when>
        <gx:coord>12.052245 51.552826 136.9246</gx:coord>
        <when>2025-01-01T00:07:11.0862910Z</when>
        <gx:coord>12.05182 51.552944 140.89957</gx:coord>
        <when>2025-01-01T00:07:15.6032910Z</when>
        <gx:coord>12.050153 51.55342 154.53233</gx:coord>
        <when>2025-01-01T00:07:17.0922910Z</when>
        <gx:coord>12.049728 51.55352 157.28119</gx:coord>
        <when>2025-01-01T00:07:20.6022910Z</when>
        <gx:coord>12.048021 51.553925 169.35315</gx:coord>
        <when>2025-01-01T00:07:21.0892910Z</when>
        <gx:coord>12.047601 51.55403 173.56448</gx:coord>
        <when>2025-01-01T00:07:25.6022910Z</when>
        <gx:coord>12.045954 51.55449 191.40727</gx:coord>
        <when>2025-01-01T00:07:28.0882910Z</when>
        <gx:coord>12.044765 51.554848 204.6674</gx:coord>
        <when>2025-01-01T00:07:30.6022910Z</when>
        <gx:coord>12.043975 51.555065 211.36868</gx:coord>
        <when>2025-01-01T00:07:35.6022910Z</when>
        <gx:coord>12.04197 51.555557 225.71892</gx:coord>
        <when>2025-01-01T00:07:40.0912910Z</when>
        <gx:coord>12.039936 51.556084 236.87288</gx:coord>
        <when>2025-01-01T00:07:40.6022910Z</when>
        <gx:coord>12.039936 51.556084 236.87288</gx:coord>
        <when>2025-01-01T00:07:45.6022910Z</when>
        <gx:coord>12.037919 51.556675 249.98193</gx:coord>
        <when>2025-01-01T00:07:50.6022910Z</when>
        <gx:coord>12.035826 51.557175 258.64822</gx:coord>
        <when>2025-01-01T00:07:51.0992910Z</when>
        <gx:coord>12.035408 51.557285 258.64822</gx:coord>
        <when>2025-01-01T00:07:53.0852910Z</when>
        <gx:coord>12.034588 51.557514 269.63138</gx:coord>
        <when>2025-01-01T00:07:55.6022910Z</when>
        <gx:coord>12.0337715 51.557728 278.37003</gx:coord>
        <when>2025-01-01T00:08:00.6022910Z</when>
        <gx:coord>12.031782 51.558243 299.17755</gx:coord>
        <when>2025-01-01T00:08:01.0832910Z</when>
        <gx:coord>12.031395 51.558346 302.7322</gx:coord>
        <when>2025-01-01T00:08:05.6022910Z</when>
        <gx:coord>12.02986 51.55877 315.65338</gx:coord>
        <when>2025-01-01T00:08:10.6022910Z</when>
        <gx:coord>12.027959 51.55929 329.10477</gx:coord>
        <when>2025-01-01T00:08:12.0862910Z</when>
        <gx:coord>12.027191 51.5595 333.3061</gx:coord>
        <when>2025-01-01T00:08:15.6022910Z</when>
        <gx:coord>12.026011 51.55982 339.1914</gx:coord>
        <when>2025-01-01T00:08:20.6022910Z</when>
        <gx:coord>12.024017 51.56035 349.2576</gx:coord>
        <when>2025-01-01T00:08:25.6022910Z</when>
        <gx:coord>12.021887 51.560802 359.6569</gx:coord>
        <when>2025-01-01T00:08:27.0852910Z</when>
        <gx:coord>12.021429 51.560852 363.05115</gx:coord>
        <when>2025-01-01T00:08:27.0852910Z</when>
        <gx:coord>12.020961 51.560863 367.28018</gx:coord>
        <when>2025-01-01T00:08:29.0832910Z</when>
        <gx:coord>12.020489 51.560844 370.83612</gx:coord>
        <when>2025-01-01T00:08:30.6032910Z</when>
        <gx:coord>12.019538 51.560707 375.79248</gx:coord>
        <when>2025-01-01T00:08:31.0842910Z</when>
        <gx:coord>12.019538 51.560707 375.79248</gx:coord>
        <when>2025-01-01T00:08:33.0852910Z</when>
        <gx:coord>12.0186205 51.56043 381.9974</gx:coord>
        <when>2025-01-01T00:08:33.0862910Z</when>
        <gx:coord>12.0186205 51.56043 381.9974</gx:coord>
        <when>2025-01-01T00:08:35.6022910Z</when>
        <gx:coord>12.017389 51.55983 390.3214</gx:coord>
        <when>2025-01-01T00:08:36.0982910Z</when>
        <gx:coord>12.017389 51.55983 390.3214</gx:coord>
        <when>2025-01-01T00:08:40.6022910Z</when>
        <gx:coord>12.015621 51.55846 386.90607</gx:coord>
        <when>2025-01-01T00:08:41.0882910Z</when>
        <gx:coord>12.015621 51.55846 386.90607</gx:coord>
        <when>2025-01-01T00:08:42.0872910Z</when>
        <gx:coord>12.01528 51.55815 386.4569</gx:coord>
        <when>2025-01-01T00:08:45.6022910Z</when>
        <gx:coord>12.013929 51.556866 386.00363</gx:coord>
        <when>2025-01-01T00:08:50.6022910Z</when>
        <gx:coord>12.012249 51.555176 389.6041</gx:coord>
        <when>2025-01-01T00:08:55.6012910Z</when>
        <gx:coord>12.010696 51.553352 386.16345</gx:coord>
        <when>2025-01-01T00:08:56.0812910Z</when>
        <gx:coord>12.010696 51.553352 386.16345</gx:coord>
        <when>2025-01-01T00:08:58.0962910Z</when>
        <gx:coord>12.0098 51.55222 386.48044</gx:coord>
        <when>2025-01-01T00:09:00.6022910Z</when>
        <gx:coord>12.00921 51.55146 383.20615</gx:coord>
        <when>2025-01-01T00:09:05.6022910Z</when>
        <gx:coord>12.007711 51.549614 393.10257</gx:coord>
        <when>2025-01-01T00:09:08.0862910Z</when>
        <gx:coord>12.00716 51.54888 394.78146</gx:coord>
        <when>2025-01-01T00:09:09.0962910Z</when>
        <gx:coord>12.006836 51.54809 399.1277</gx:coord>
        <when>2025-01-01T00:09:10.0912910Z</when>
        <gx:coord>12.006836 51.54809 399.1277</gx:coord>
        <when>2025-01-01T00:09:10.6082910Z</when>
        <gx:coord>12.006769 51.547684 401.53174</gx:coord>
        <when>2025-01-01T00:09:12.0842910Z</when>
        <gx:coord>12.006772 51.54727 402.81317</gx:coord>
        <when>2025-01-01T00:09:14.0952910Z</when>
        <gx:coord>12.007025 51.54646 403.12888</gx:coord>
        <when>2025-01-01T00:09:15.6022910Z</when>
        <gx:coord>12.007567 51.545692 404.79532</gx:coord>
        <when>2025-01-01T00:09:16.0862910Z</when>
        <gx:coord>12.007567 51.545692 404.79532</gx:coord>
        <when>2025-01-01T00:09:18.0842910Z</when>
        <gx:coord>12.008354 51.545002 406.242</gx:coord>
        <when>2025-01-01T00:09:20.6022910Z</when>
        <gx:coord>12.00992 51.544147 406.79822</gx:coord>
        <when>2025-01-01T00:09:21.0862910Z</when>
        <gx:coord>12.00992 51.544147 406.79822</gx:coord>
        <when>2025-01-01T00:09:25.1032910Z</when>
        <gx:coord>12.012426 51.543316 399.30692</gx:coord>
        <when>2025-01-01T00:09:25.6022910Z</when>
        <gx:coord>12.013091 51.54314 396.2076</gx:coord>
        <when>2025-01-01T00:09:30.6022910Z</when>
        <gx:coord>12.016552 51.542324 384.17798</gx:coord>
        <when>2025-01-01T00:09:31.0842910Z</when>
        <gx:coord>12.016552 51.542324 384.17798</gx:coord>
        <when>2025-01-01T00:09:35.6022910Z</when>
        <gx:coord>12.02007 51.541492 382.2024</gx:coord>
        <when>2025-01-01T00:09:40.6022910Z</when>
        <gx:coord>12.023556 51.540573 379.1444</gx:coord>
        <when>2025-01-01T00:09:45.6022910Z</when>
        <gx:coord>12.027019 51.539646 378.75446</gx:coord>
        <when>2025-01-01T00:09:46.0902910Z</when>
        <gx:coord>12.027706 51.539463 378.75446</gx:coord>
        <when>2025-01-01T00:09:50.6032910Z</when>
        <gx:coord>12.030451 51.538757 377.14484</gx:coord>
        <when>2025-01-01T00:09:55.6022910Z</when>
        <gx:coord>12.033872 51.53788 373.5705</gx:coord>
        <when>2025-01-01T00:10:00.6032910Z</when>
        <gx:coord>12.037255 51.53702 372.33447</gx:coord>
        <when>2025-01-01T00:10:05.6052910Z</when>
        <gx:coord>12.040589 51.536133 370.5613</gx:coord>
        <when>2025-01-01T00:10:10.6052910Z</when>
        <gx:coord>12.043913 51.535267 369.9845</gx:coord>
        <when>2025-01-01T00:10:12.0872910Z</when>
        <gx:coord>12.045239 51.53492 367.09024</gx:coord>
        <when>2025-01-01T00:10:15.6032910Z</when>
        <gx:coord>12.047231 51.53442 368.31464</gx:coord>
        <when>2025-01-01T00:10:20.6022910Z</when>
        <gx:coord>12.050469 51.53363 372.2471</gx:coord>
        <when>2025-01-01T00:10:21.0882910Z</when>
        <gx:coord>12.050469 51.53363 372.2471</gx:coord>
        <when>2025-01-01T00:10:24.0902910Z</when>
        <gx:coord>12.0529175 51.53308 377.344</gx:coord>
        <when>2025-01-01T00:10:25.6022910Z</when>
        <gx:coord>12.053503 51.532955 379.6112</gx:coord>
        <when>2025-01-01T00:10:29.0842910Z</when>
        <gx:coord>12.055197 51.53255 380.48804</gx:coord>
        <when>2025-01-01T00:10:30.6042910Z</when>
        <gx:coord>12.056277 51.53226 380.51672</gx:coord>
        <when>2025-01-01T00:10:35.6032910Z</when>
        <gx:coord>12.058885 51.53154 377.72226</gx:coord>
        <when>2025-01-01T00:10:40.6032910Z</when>
        <gx:coord>12.061435 51.530834 371.47125</gx:coord>
        <when>2025-01-01T00:10:45.6032910Z</when>
        <gx:coord>12.064036 51.53022 365.43307</gx:coord>
        <when>2025-01-01T00:10:50.6042910Z</when>
        <gx:coord>12.066658 51.529583 357.92328</gx:coord>
        <when>2025-01-01T00:10:55.6012910Z</when>
        <gx:coord>12.0692835 51.52895 352.21933</gx:coord>
        <when>2025-01-01T00:11:00.6042910Z</when>
        <gx:coord>12.071914 51.528423 354.2036</gx:coord>
        <when>2025-01-01T00:11:02.0842910Z</when>
        <gx:coord>12.072444 51.528347 354.99628</gx:coord>
        <when>2025-01-01T00:11:04.0892910Z</when>
        <gx:coord>12.073497 51.528255 360.09738</gx:coord>
        <when>2025-01-01T00:11:05.0862910Z</when>
        <gx:coord>12.07402 51.528263 362.74228</gx:coord>
        <when>2025-01-01T00:11:05.6032910Z</when>
        <gx:coord>12.0745325 51.528313 364.11917</gx:coord>
        <when>2025-01-01T00:11:06.0822910Z</when>
        <gx:coord>12.0745325 51.528313 364.11917</gx:coord>
        <when>2025-01-01T00:11:08.0892910Z</when>
        <gx:coord>12.075514 51.528507 364.2696</gx:coord>
        <when>2025-01-01T00:11:10.0912910Z</when>
        <gx:coord>12.076419 51.52882 361.55438</gx:coord>
        <when>2025-01-01T00:11:10.6072910Z</when>
        <gx:coord>12.076833 51.529015 359.0343</gx:coord>
        <when>2025-01-01T00:11:13.0892910Z</when>
        <gx:coord>12.077599 51.529457 353.36337</gx:coord>
        <when>2025-01-01T00:11:15.6012910Z</when>
        <gx:coord>12.07866 51.530212 342.8175</gx:coord>
        <when>2025-01-01T00:11:18.0962910Z</when>
        <gx:coord>12.079704 51.531006 337.96655</gx:coord>
        <when>2025-01-01T00:11:19.0862910Z</when>
        <gx:coord>12.080045 51.531273 335.52936</gx:coord>
        <when>2025-01-01T00:11:20.6042910Z</when>
        <gx:coord>12.0803795 51.531544 333.74896</gx:coord>
        <when>2025-01-01T00:11:25.6072910Z</when>
        <gx:coord>12.081943 51.53291 330.18997</gx:coord>
        <when>2025-01-01T00:11:30.0902910Z</when>
        <gx:coord>12.083135 51.534023 323.32584</gx:coord>
        <when>2025-01-01T00:11:30.6062910Z</when>
        <gx:coord>12.083426 51.534306 320.7948</gx:coord>
        <when>2025-01-01T00:11:35.6012910Z</when>
        <gx:coord>12.084822 51.535744 307.29446</gx:coord>
        <when>2025-01-01T00:11:36.0912910Z</when>
        <gx:coord>12.085095 51.536034 304.5093</gx:coord>
        <when>2025-01-01T00:11:40.6002910Z</when>
        <gx:coord>12.086117 51.5372 296.2351</gx:coord>
        <when>2025-01-01T00:11:45.6012910Z</when>
        <gx:coord>12.087241 51.53866 283.8402</gx:coord>
        <when>2025-01-01T00:11:46.0882910Z</when>
        <gx:coord>12.087241 51.53866 283.8402</gx:coord>
        <when>2025-01-01T00:11:49.0862910Z</when>
        <gx:coord>12.087661 51.539566 277.65848</gx:coord>
        <when>2025-01-01T00:11:50.6012910Z</when>
        <gx:coord>12.087728 51.540173 274.05295</gx:coord>
        <when>2025-01-01T00:11:51.0842910Z</when>
        <gx:coord>12.087728 51.540173 274.05295</gx:coord>
        <when>2025-01-01T00:11:51.0842910Z</when>
        <gx:coord>12.087704 51.540474 271.7385</gx:coord>
        <when>2025-01-01T00:11:53.0892910Z</when>
        <gx:coord>12.08762 51.540764 270.38608</gx:coord>
        <when>2025-01-01T00:11:55.0982910Z</when>
        <gx:coord>12.087301 51.541313 267.93158</gx:coord>
        <when>2025-01-01T00:11:55.6112910Z</when>
        <gx:coord>12.087078 51.541565 265.80624</gx:coord>
        <when>2025-01-01T00:11:58.0852910Z</when>
        <gx:coord>12.086546 51.54204 261.72244</gx:coord>
        <when>2025-01-01T00:12:00.6012910Z</when>
        <gx:coord>12.085601 51.54269 255.61354</gx:coord>
        <when>2025-01-01T00:12:04.0862910Z</when>
        <gx:coord>12.084571 51.543297 248.66057</gx:coord>
        <when>2025-01-01T00:12:05.6012910Z</when>
        <gx:coord>12.083809 51.543633 245.44493</gx:coord>
        <when>2025-01-01T00:12:08.0882910Z</when>
        <gx:coord>12.083002 51.543915 242.9984</gx:coord>
        <when>2025-01-01T00:12:08.0882910Z</when>
        <gx:coord>12.082591 51.54405 241.02664</gx:coord>
        <when>2025-01-01T00:12:10.6012910Z</when>
        <gx:coord>12.081775 51.54431 236.5115</gx:coord>
        <when>2025-01-01T00:12:14.0902910Z</when>
        <gx:coord>12.080569 51.544693 229.44064</gx:coord>
        <when>2025-01-01T00:12:15.6012910Z</when>
        <gx:coord>12.07978 51.544933 223.86583</gx:coord>
        <when>2025-01-01T00:12:20.6012910Z</when>
        <gx:coord>12.077833 51.54551 211.2833</gx:coord>
        <when>2025-01-01T00:12:21.0872910Z</when>
        <gx:coord>12.077446 51.545616 209.01169</gx:coord>
        <when>2025-01-01T00:12:25.6012910Z</when>
        <gx:coord>12.075913 51.546043 200.16566</gx:coord>
        <when>2025-01-01T00:12:30.6012910Z</when>
        <gx:coord>12.074029 51.546593 189.31792</gx:coord>
        <when>2025-01-01T00:12:34.0912910Z</when>
        <gx:coord>12.07252 51.54703 180.97801</gx:coord>
        <when>2025-01-01T00:12:35.0932910Z</when>
        <gx:coord>12.07214 51.547142 177.17143</gx:coord>
        <when>2025-01-01T00:12:35.6012910Z</when>
        <gx:coord>12.07214 51.547142 177.17143</gx:coord>
        <when>2025-01-01T00:12:40.6012910Z</when>
        <gx:coord>12.070262 51.547703 165.07452</gx:coord>
        <when>2025-01-01T00:12:45.6012910Z</when>
        <gx:coord>12.06833 51.54825 155.73157</gx:coord>
        <when>2025-01-01T00:12:49.0932910Z</when>
        <gx:coord>12.066787 51.548702 143.76408</gx:coord>
        <when>2025-01-01T00:12:50.6012910Z</when>
        <gx:coord>12.0664015 51.54882 141.38165</gx:coord>
        <when>2025-01-01T00:12:55.6012910Z</when>
        <gx:coord>12.064421 51.54935 130.72238</gx:coord>
        <when>2025-01-01T00:13:00.6012910Z</when>
        <gx:coord>12.06254 51.54992 117.84382</gx:coord>
        <when>2025-01-01T00:13:02.0882910Z</when>
        <gx:coord>12.061816 51.55014 113.09892</gx:coord>
        <when>2025-01-01T00:13:05.6012910Z</when>
        <gx:coord>12.060741 51.55044 108.827965</gx:coord>
        <when>2025-01-01T00:13:07.0892910Z</when>
        <gx:coord>12.0604 51.550537 107.917946</gx:coord>
        <when>2025-01-01T00:13:10.6012910Z</when>
        <gx:coord>12.059132 51.550896 107.80405</gx:coord>
        <when>2025-01-01T00:13:15.6002910Z</when>
        <gx:coord>12.057744 51.551296 107.90382</gx:coord>
        <when>2025-01-01T00:13:20.6012910Z</when>
        <gx:coord>12.056192 51.551723 108.09049</gx:coord>
        <when>2025-01-01T00:13:25.0822910Z</when>
        <gx:coord>12.054669 51.552155 109.32632</gx:coord>
        <when>2025-01-01T00:13:25.6012910Z</when>
        <gx:coord>12.054259 51.55227 110.647026</gx:coord>
        <when>2025-01-01T00:13:30.6012910Z</when>
        <gx:coord>12.052158 51.552864 126.03401</gx:coord>
        <when>2025-01-01T00:13:35.0882910Z</when>
        <gx:coord>12.050083 51.55347 145.96744</gx:coord>
        <when>2025-01-01T00:13:35.6012910Z</when>
        <gx:coord>12.050083 51.55347 145.96744</gx:coord>
        <when>2025-01-01T00:13:40.0892910Z</when>
        <gx:coord>12.048016 51.554028 162.10126</gx:coord>
        <when>2025-01-01T00:13:40.6012910Z</when>
        <gx:coord>12.048016 51.554028 166.88055</gx:coord>
        <when>2025-01-01T00:13:43.0852910Z</when>
        <gx:coord>12.046773 51.55436 180.64584</gx:coord>
        <when>2025-01-01T00:13:45.6012910Z</when>
        <gx:coord>12.045931 51.554585 187.77473</gx:coord>
        <when>2025-01-01T00:13:50.6002910Z</when>
        <gx:coord>12.043818 51.555145 201.9638</gx:coord>
        <when>2025-01-01T00:13:53.0832910Z</when>
        <gx:coord>12.042547 51.55547 211.68565</gx:coord>
        <when>2025-01-01T00:13:55.6002910Z</when>
        <gx:coord>12.041711 51.555687 219.1156</gx:coord>
        <when>2025-01-01T00:14:00.6002910Z</when>
        <gx:coord>12.039657 51.55628 239.35507</gx:coord>
        <when>2025-01-01T00:14:01.0902910Z</when>
        <gx:coord>12.039258 51.556396 243.37775</gx:coord>
        <when>2025-01-01T00:14:05.6002910Z</when>
        <gx:coord>12.03766 51.556854 258.6414</gx:coord>
        <when>2025-01-01T00:14:10.0872910Z</when>
        <gx:coord>12.035702 51.557426 274.03384</gx:coord>
        <when>2025-01-01T00:14:10.6002910Z</when>
        <gx:coord>12.035702 51.557426 274.03384</gx:coord>
        <when>2025-01-01T00:14:15.6002910Z</when>
        <gx:coord>12.033681 51.557972 284.92352</gx:coord>
        <when>2025-01-01T00:14:20.6002910Z</when>
        <gx:coord>12.031573 51.55844 298.48984</gx:coord>
        <when>2025-01-01T00:14:23.0962910Z</when>
        <gx:coord>12.030308 51.558735 306.43005</gx:coord>
        <when>2025-01-01T00:14:25.6002910Z</when>
        <gx:coord>12.02948 51.55896 311.10834</gx:coord>
        <when>2025-01-01T00:14:30.6002910Z</when>
        <gx:coord>12.027449 51.559536 325.0557</gx:coord>
        <when>2025-01-01T00:14:35.0852910Z</when>
        <gx:coord>12.025403 51.5601 338.68796</gx:coord>
        <when>2025-01-01T00:14:35.6002910Z</when>
        <gx:coord>12.025403 51.5601 338.68796</gx:coord>
        <when>2025-01-01T00:14:40.0972910Z</when>
        <gx:coord>12.023305 51.56071 343.85953</gx:coord>
        <when>2025-01-01T00:14:40.6072910Z</when>
        <gx:coord>12.023305 51.56071 346.5411</gx:coord>
        <when>2025-01-01T00:14:45.6012910Z</when>
        <gx:coord>12.021145 51.561356 358.38943</gx:coord>
        <when>2025-01-01T00:14:50.0842910Z</when>
        <gx:coord>12.019281 51.561855 360.13422</gx:coord>
        <when>2025-01-01T00:14:50.6002910Z</when>
        <gx:coord>12.018798 51.56198 359.71085</gx:coord>
        <when>2025-01-01T00:14:55.6002910Z</when>
        <gx:coord>12.01626 51.56258 363.42053</gx:coord>
        <when>2025-01-01T00:14:58.0842910Z</when>
        <gx:coord>12.014732 51.562916 370.64407</gx:coord>
        <when>2025-01-01T00:15:00.0852910Z</when>
        <gx:coord>12.014229 51.563026 372.86618</gx:coord>
        <when>2025-01-01T00:15:00.6002910Z</when>
        <gx:coord>12.013718 51.563118 374.1646</gx:coord>
        <when>2025-01-01T00:15:02.0942910Z</when>
        <gx:coord>12.013192 51.56318 375.08356</gx:coord>
        <when>2025-01-01T00:15:04.0832910Z</when>
        <gx:coord>12.012123 51.56316 378.90567</gx:coord>
        <when>2025-01-01T00:15:05.6002910Z</when>
        <gx:coord>12.011074 51.56297 380.30316</gx:coord>
        <when>2025-01-01T00:15:06.0912910Z</when>
        <gx:coord>12.011074 51.56297 380.30316</gx:coord>
        <when>2025-01-01T00:15:08.0872910Z</when>
        <gx:coord>12.0100975 51.56261 377.8303</gx:coord>
        <when>2025-01-01T00:15:10.0852910Z</when>
        <gx:coord>12.009275 51.56207 374.26404</gx:coord>
        <when>2025-01-01T00:15:10.0852910Z</when>
        <gx:coord>12.009275 51.56207 374.26404</gx:coord>
        <when>2025-01-01T00:15:10.6002910Z</when>
        <gx:coord>12.008928 51.56175 372.1783</gx:coord>
        <when>2025-01-01T00:15:13.0852910Z</when>
        <gx:coord>12.008346 51.56105 367.05826</gx:coord>
        <when>2025-01-01T00:15:15.6002910Z</when>
        <gx:coord>12.007632 51.55991 363.47852</gx:coord>
        <when>2025-01-01T00:15:20.6002910Z</when>
        <gx:coord>12.006553 51.557945 368.70126</gx:coord>
        <when>2025-01-01T00:15:25.6002910Z</when>
        <gx:coord>12.005394 51.555977 377.73434</gx:coord>
        <when>2025-01-01T00:15:29.0932910Z</when>
        <gx:coord>12.0047 51.55478 379.1193</gx:coord>
        <when>2025-01-01T00:15:30.6002910Z</when>
        <gx:coord>12.004241 51.553974 377.676</gx:coord>
        <when>2025-01-01T00:15:35.0822910Z</when>
        <gx:coord>12.003398 51.55232 371.88885</gx:coord>
        <when>2025-01-01T00:15:35.6002910Z</when>
        <gx:coord>12.003234 51.55189 370.91266</gx:coord>
        <when>2025-01-01T00:15:38.0972910Z</when>
        <gx:coord>12.003059 51.55101 371.73944</gx:coord>
        <when>2025-01-01T00:15:40.1092910Z</when>
        <gx:coord>12.003203 51.549694 375.23</gx:coord>
        <when>2025-01-01T00:15:40.6002910Z</when>
        <gx:coord>12.003203 51.549694 377.99283</gx:coord>
        <when>2025-01-01T00:15:41.0872910Z</when>
        <gx:coord>12.003203 51.549694 377.99283</gx:coord>
        <when>2025-01-01T00:15:44.0872910Z</when>
        <gx:coord>12.003891 51.548454 387.01755</gx:coord>
        <when>2025-01-01T00:15:45.6002910Z</when>
        <gx:coord>12.004565 51.547684 387.35474</gx:coord>
        <when>2025-01-01T00:15:47.0842910Z</when>
        <gx:coord>12.004988 51.547325 387.72845</gx:coord>
        <when>2025-01-01T00:15:50.0882910Z</when>
        <gx:coord>12.0065365 51.546375 386.33847</gx:coord>
        <when>2025-01-01T00:15:50.6002910Z</when>
        <gx:coord>12.007138 51.54611 384.6989</gx:coord>
        <when>2025-01-01T00:15:55.0882910Z</when>
        <gx:coord>12.009756 51.545197 376.98737</gx:coord>
        <when>2025-01-01T00:15:55.0882910Z</when>
        <gx:coord>12.009756 51.545197 376.98737</gx:coord>
        <when>2025-01-01T00:15:55.6002910Z</when>
        <gx:coord>12.010454 51.545 376.50317</gx:coord>
        <when>2025-01-01T00:16:00.6002910Z</when>
        <gx:coord>12.013965 51.54399 377.55844</gx:coord>
        <when>2025-01-01T00:16:05.6002910Z</when>
        <gx:coord>12.017525 51.543022 377.21848</gx:coord>
        <when>2025-01-01T00:16:10.6002910Z</when>
        <gx:coord>12.021123 51.542072 375.08752</gx:coord>
        <when>2025-01-01T00:16:15.5992910Z</when>
        <gx:coord>12.02469 51.541115 377.16162</gx:coord>
        <when>2025-01-01T00:16:17.0992910Z</when>
        <gx:coord>12.026103 51.540733 377.81042</gx:coord>
        <when>2025-01-01T00:16:20.6002910Z</when>
        <gx:coord>12.028217 51.54014 375.84375</gx:coord>
        <when>2025-01-01T00:16:25.6022910Z</when>
        <gx:coord>12.031735 51.539135 370.69876</gx:coord>
        <when>2025-01-01T00:16:30.6042910Z</when>
        <gx:coord>12.035252 51.53814 366.12137</gx:coord>
        <when>2025-01-01T00:16:35.6022910Z</when>
        <gx:coord>12.0387535 51.53715 367.79074</gx:coord>
        <when>2025-01-01T00:16:40.6002910Z</when>
        <gx:coord>12.042236 51.536175 366.05298</gx:coord>
        <when>2025-01-01T00:16:45.6072910Z</when>
        <gx:coord>12.045707 51.535194 360.5067</gx:coord>
        <when>2025-01-01T00:16:50.6042910Z</when>
        <gx:coord>12.049176 51.534176 356.20694</gx:coord>
        <when>2025-01-01T00:16:52.0872910Z</when>
        <gx:coord>12.050566 51.533775 355.6739</gx:coord>
        <when>2025-01-01T00:16:55.6082910Z</when>
        <gx:coord>12.052609 51.533176 355.3607</gx:coord>
        <when>2025-01-01T00:17:00.6062910Z</when>
        <gx:coord>12.055826 51.532246 358.55792</gx:coord>
        <when>2025-01-01T00:17:01.0902910Z</when>
        <gx:coord>12.055826 51.532246 358.55792</gx:coord>
        <when>2025-01-01T00:17:05.6052910Z</when>
        <gx:coord>12.058826 51.531425 355.26105</gx:coord>
        <when>2025-01-01T00:17:08.0902910Z</when>
        <gx:coord>12.05997 51.53113 356.0192</gx:coord>
        <when>2025-01-01T00:17:10.6092910Z</when>
        <gx:coord>12.061611 51.530727 360.37415</gx:coord>
        <when>2025-01-01T00:17:15.5992910Z</when>
        <gx:coord>12.064248 51.5301 357.98395</gx:coord>
        <when>2025-01-01T00:17:20.6062910Z</when>
        <gx:coord>12.066847 51.52947 348.86853</gx:coord>
        <when>2025-01-01T00:17:25.6022910Z</when>
        <gx:coord>12.069457 51.528862 341.93466</gx:coord>
        <when>2025-01-01T00:17:26.0892910Z</when>
        <gx:coord>12.069981 51.528736 339.99554</gx:coord>
        <when>2025-01-01T00:17:30.6022910Z</when>
        <gx:coord>12.07206 51.528255 339.35532</gx:coord>
        <when>2025-01-01T00:17:32.0852910Z</when>
        <gx:coord>12.072579 51.528164 339.7028</gx:coord>
        <when>2025-01-01T00:17:33.0842910Z</when>
        <gx:coord>12.073104 51.5281 339.82718</gx:coord>
        <when>2025-01-01T00:17:34.0862910Z</when>
        <gx:coord>12.073628 51.528065 339.97522</gx:coord>
        <when>2025-01-01T00:17:35.6032910Z</when>
        <gx:coord>12.074647 51.528107 340.70865</gx:coord>
        <when>2025-01-01T00:17:36.0852910Z</when>
        <gx:coord>12.074647 51.528107 340.70865</gx:coord>
        <when>2025-01-01T00:17:38.0892910Z</when>
        <gx:coord>12.0756 51.528267 340.2133</gx:coord>
        <when>2025-01-01T00:17:38.0942910Z</when>
        <gx:coord>12.076038 51.528393 340.2133</gx:coord>
        <when>2025-01-01T00:17:40.0902910Z</when>
        <gx:coord>12.076455 51.52854 335.6498</gx:coord>
        <when>2025-01-01T00:17:40.6052910Z</when>
        <gx:coord>12.076852 51.528717 331.70355</gx:coord>
        <when>2025-01-01T00:17:43.0852910Z</when>
        <gx:coord>12.077596 51.52912 325.24268</gx:coord>
        <when>2025-01-01T00:17:45.5982910Z</when>
        <gx:coord>12.0786085 51.529823 315.7091</gx:coord>
        <when>2025-01-01T00:17:48.0882910Z</when>
        <gx:coord>12.079222 51.530346 309.56076</gx:coord>
        <when>2025-01-01T00:17:48.0892910Z</when>
        <gx:coord>12.07952 51.530617 305.69537</gx:coord>
        <when>2025-01-01T00:17:50.6002910Z</when>
        <gx:coord>12.080119 51.531166 299.21582</gx:coord>
        <when>2025-01-01T00:17:55.6022910Z</when>
        <gx:coord>12.08152 51.53258 288.07733</gx:coord>
        <when>2025-01-01T00:18:00.6002910Z</when>
        <gx:coord>12.082862 51.534023 279.40045</gx:coord>
        <when>2025-01-01T00:18:03.0882910Z</when>
        <gx:coord>12.08369 51.53489 275.0564</gx:coord>
        <when>2025-01-01T00:18:05.6012910Z</when>
        <gx:coord>12.084233 51.53546 272.41284</gx:coord>
        <when>2025-01-01T00:18:10.5992910Z</when>
        <gx:coord>12.085529 51.5369 260.4055</gx:coord>
        <when>2025-01-01T00:18:13.0882910Z</when>
        <gx:coord>12.086018 51.53749 257.01584</gx:coord>
        <when>2025-01-01T00:18:15.5992910Z</when>
        <gx:coord>12.0865345 51.538403 253.22914</gx:coord>
        <when>2025-01-01T00:18:16.0952910Z</when>
        <gx:coord>12.0865345 51.538403 253.22914</gx:coord>
        <when>2025-01-01T00:18:19.0892910Z</when>
        <gx:coord>12.086641 51.539318 251.0068</gx:coord>
        <when>2025-01-01T00:18:20.6062910Z</when>
        <gx:coord>12.086509 51.5399 248.01158</gx:coord>
        <when>2025-01-01T00:18:21.0872910Z</when>
        <gx:coord>12.086509 51.5399 248.01158</gx:coord>
        <when>2025-01-01T00:18:24.0882910Z</when>
        <gx:coord>12.086031 51.54072 247.33832</gx:coord>
        <when>2025-01-01T00:18:25.5982910Z</when>
        <gx:coord>12.085611 51.54125 245.19899</gx:coord>
        <when>2025-01-01T00:18:26.0942910Z</when>
        <gx:coord>12.0853815 51.541508 243.29967</gx:coord>
        <when>2025-01-01T00:18:30.5992910Z</when>
        <gx:coord>12.084368 51.542538 233.91483</gx:coord>
        <when>2025-01-01T00:18:33.0872910Z</when>
        <gx:coord>12.083814 51.54305 232.16742</gx:coord>
        <when>2025-01-01T00:18:35.6012910Z</when>
        <gx:coord>12.082866 51.543736 227.41382</gx:coord>
        <when>2025-01-01T00:18:37.0962910Z</when>
        <gx:coord>12.082516 51.543938 225.79648</gx:coord>
        <when>2025-01-01T00:18:40.0852910Z</when>
        <gx:coord>12.08139 51.544445 220.35818</gx:coord>
        <when>2025-01-01T00:18:40.0872910Z</when>
        <gx:coord>12.08139 51.544445 220.35818</gx:coord>
        <when>2025-01-01T00:18:40.5992910Z</when>
        <gx:coord>12.080995 51.54458 217.82884</gx:coord>
        <when>2025-01-01T00:18:43.0942910Z</when>
        <gx:coord>12.0798 51.54495 214.2361</gx:coord>
        <when>2025-01-01T00:18:45.0972910Z</when>
        <gx:coord>12.079 51.545177 210.8306</gx:coord>
        <when>2025-01-01T00:18:45.5982910Z</when>
        <gx:coord>12.079 51.545177 210.8306</gx:coord>
        <when>2025-01-01T00:18:50.5992910Z</when>
        <gx:coord>12.07705 51.545784 202.2619</gx:coord>
        <when>2025-01-01T00:18:55.5992910Z</when>
        <gx:coord>12.075094 51.546364 192.77657</gx:coord>
        <when>2025-01-01T00:19:00.5992910Z</when>
        <gx:coord>12.073115 51.54692 184.10551</gx:coord>
        <when>2025-01-01T00:19:01.0862910Z</when>
        <gx:coord>12.072717 51.547024 180.15121</gx:coord>
        <when>2025-01-01T00:19:05.5982910Z</when>
        <gx:coord>12.071121 51.54744 169.79024</gx:coord>
        <when>2025-01-01T00:19:10.5982910Z</when>
        <gx:coord>12.069221 51.548008 156.89082</gx:coord>
        <when>2025-01-01T00:19:13.0872910Z</when>
        <gx:coord>12.068096 51.548344 149.466</gx:coord>
        <when>2025-01-01T00:19:15.5982910Z</when>
        <gx:coord>12.0673485 51.548557 143.86372</gx:coord>
        <when>2025-01-01T00:19:20.5982910Z</when>
        <gx:coord>12.065455 51.54908 131.77486</gx:coord>
        <when>2025-01-01T00:19:25.5982910Z</when>
        <gx:coord>12.063591 51.549614 123.053734</gx:coord>
        <when>2025-01-01T00:19:28.0902910Z</when>
        <gx:coord>12.062498 51.549934 116.33078</gx:coord>
        <when>2025-01-01T00:19:30.5982910Z</when>
        <gx:coord>12.061786 51.550137 112.03308</gx:coord>
        <when>2025-01-01T00:19:33.0912910Z</when>
        <gx:coord>12.0610895 51.550327 110.53276</gx:coord>
        <when>2025-01-01T00:19:35.5982910Z</when>
        <gx:coord>12.060111 51.550606 108.33276</gx:coord>
        <when>2025-01-01T00:19:40.5982910Z</when>
        <gx:coord>12.058661 51.55103 107.6106</gx:coord>
        <when>2025-01-01T00:19:45.5982910Z</when>
        <gx:coord>12.057251 51.551414 107.822296</gx:coord>
        <when>2025-01-01T00:19:50.0942910Z</when>
        <gx:coord>12.055472 51.551914 107.882256</gx:coord>
        <when>2025-01-01T00:19:50.5982910Z</when>
        <gx:coord>12.055472 51.551914 107.94343</gx:coord>
        <when>2025-01-01T00:19:52.0942910Z</when>
        <gx:coord>12.055067 51.55202 108.065155</gx:coord>
        <when>2025-01-01T00:19:55.5992910Z</when>
        <gx:coord>12.053355 51.55249 112.51485</gx:coord>
        <when>2025-01-01T00:20:00.6042910Z</when>
        <gx:coord>12.051089 51.553143 122.94979</gx:coord>
        <when>2025-01-01T00:20:05.5972910Z</when>
        <gx:coord>12.04879 51.5538 142.22546</gx:coord>
        <when>2025-01-01T00:20:06.0892910Z</when>
        <gx:coord>12.048349 51.55393 147.05737</gx:coord>
        <when>2025-01-01T00:20:10.5982910Z</when>
        <gx:coord>12.046634 51.5544 165.90547</gx:coord>
        <when>2025-01-01T00:20:13.0912910Z</when>
        <gx:coord>12.045389 51.554756 178.30188</gx:coord>
        <when>2025-01-01T00:20:15.5982910Z</when>
        <gx:coord>12.0445595 51.554985 185.4789</gx:coord>
        <when>2025-01-01T00:20:20.5982910Z</when>
        <gx:coord>12.042493 51.555523 202.72551</gx:coord>
        <when>2025-01-01T00:20:22.0882910Z</when>
        <gx:coord>12.0416765 51.555714 209.09026</gx:coord>
        <when>2025-01-01T00:20:25.5982910Z</when>
        <gx:coord>12.040477 51.556004 221.42862</gx:coord>
        <when>2025-01-01T00:20:30.5982910Z</when>
        <gx:coord>12.038585 51.5566 235.83913</gx:coord>
        <when>2025-01-01T00:20:32.0922910Z</when>
        <gx:coord>12.03783 51.556843 239.86484</gx:coord>
        <when>2025-01-01T00:20:35.5982910Z</when>
        <gx:coord>12.03668 51.557186 248.2514</gx:coord>
        <when>2025-01-01T00:20:40.5972910Z</when>
        <gx:coord>12.034746 51.55776 262.45547</gx:coord>
        <when>2025-01-01T00:20:43.0882910Z</when>
        <gx:coord>12.033551 51.558098 270.50943</gx:coord>
        <when>2025-01-01T00:20:45.5982910Z</when>
        <gx:coord>12.0327425 51.558327 276.49335</gx:coord>
        <when>2025-01-01T00:20:50.0962910Z</when>
        <gx:coord>12.030694 51.55887 288.924</gx:coord>
        <when>2025-01-01T00:20:50.5982910Z</when>
        <gx:coord>12.030694 51.55887 292.44168</gx:coord>
        <when>2025-01-01T00:20:53.0882910Z</when>
        <gx:coord>12.029454 51.559208 303.21002</gx:coord>
        <when>2025-01-01T00:20:55.5982910Z</when>
        <gx:coord>12.028627 51.559437 309.7962</gx:coord>
        <when>2025-01-01T00:21:00.5982910Z</when>
        <gx:coord>12.026582 51.56003 323.28458</gx:coord>
        <when>2025-01-01T00:21:04.0862910Z</when>
        <gx:coord>12.02494 51.560482 335.4115</gx:coord>
        <when>2025-01-01T00:21:05.5972910Z</when>
        <gx:coord>12.024523 51.560593 338.18335</gx:coord>
        <when>2025-01-01T00:21:10.5972910Z</when>
        <gx:coord>12.0224285 51.561214 352.39194</gx:coord>
        <when>2025-01-01T00:21:15.5972910Z</when>
        <gx:coord>12.020248 51.561832 363.1032</gx:coord>
        <when>2025-01-01T00:21:17.0862910Z</when>
        <gx:coord>12.019312 51.56208 366.65518</gx:coord>
        <when>2025-01-01T00:21:19.0892910Z</when>
        <gx:coord>12.018825 51.5622 368.75812</gx:coord>
        <when>2025-01-01T00:21:19.0892910Z</when>
        <gx:coord>12.018825 51.5622 368.75812</gx:coord>
        <when>2025-01-01T00:21:20.5972910Z</when>
        <gx:coord>12.017814 51.562393 373.2766</gx:coord>
        <when>2025-01-01T00:21:22.0902910Z</when>
        <gx:coord>12.017284 51.562458 374.83295</gx:coord>
        <when>2025-01-01T00:21:24.0962910Z</when>
        <gx:coord>12.016189 51.562473 378.95068</gx:coord>
        <when>2025-01-01T00:21:25.6072910Z</when>
        <gx:coord>12.015097 51.562355 384.42645</gx:coord>
        <when>2025-01-01T00:21:26.0902910Z</when>
        <gx:coord>12.015097 51.562355 384.42645</gx:coord>
        <when>2025-01-01T00:21:28.0942910Z</when>
        <gx:coord>12.014056 51.562096 389.17868</gx:coord>
        <when>2025-01-01T00:21:30.5972910Z</when>
        <gx:coord>12.012656 51.56149 394.82983</gx:coord>
        <when>2025-01-01T00:21:31.0902910Z</when>
        <gx:coord>12.012656 51.56149 394.82983</gx:coord>
        <when>2025-01-01T00:21:33.0892910Z</when>
        <gx:coord>12.011446 51.56069 397.61963</gx:coord>
        <when>2025-01-01T00:21:34.0972910Z</when>
        <gx:coord>12.011446 51.56069 397.61963</gx:coord>
        <when>2025-01-01T00:21:35.0932910Z</when>
        <gx:coord>12.011098 51.560387 398.2099</gx:coord>
        <when>2025-01-01T00:21:35.5972910Z</when>
        <gx:coord>12.0107765 51.56007 398.02826</gx:coord>
        <when>2025-01-01T00:21:37.0962910Z</when>
        <gx:coord>12.010492 51.559734 397.1284</gx:coord>
        <when>2025-01-01T00:21:40.5972910Z</when>
        <gx:coord>12.009486 51.55828 390.93604</gx:coord>
        <when>2025-01-01T00:21:45.5972910Z</when>
        <gx:coord>12.008269 51.556362 382.52774</gx:coord>
        <when>2025-01-01T00:21:50.5972910Z</when>
        <gx:coord>12.007026 51.55444 380.268</gx:coord>
        <when>2025-01-01T00:21:55.0932910Z</when>
        <gx:coord>12.005846 51.55249 377.04028</gx:coord>
        <when>2025-01-01T00:21:55.5972910Z</when>
        <gx:coord>12.005846 51.55249 377.21658</gx:coord>
        <when>2025-01-01T00:21:58.0962910Z</when>
        <gx:coord>12.005368 51.55171 378.8562</gx:coord>
        <when>2025-01-01T00:22:00.0872910Z</when>
        <gx:coord>12.004947 51.550903 380.5018</gx:coord>
        <when>2025-01-01T00:22:00.5972910Z</when>
        <gx:coord>12.004777 51.55049 382.73502</gx:coord>
        <when>2025-01-01T00:22:03.0892910Z</when>
        <gx:coord>12.004566 51.549652 387.8926</gx:coord>
        <when>2025-01-01T00:22:05.5972910Z</when>
        <gx:coord>12.004632 51.54839 394.5269</gx:coord>
        <when>2025-01-01T00:22:06.0852910Z</when>
        <gx:coord>12.004632 51.54839 394.5269</gx:coord>
        <when>2025-01-01T00:22:08.0912910Z</when>
        <gx:coord>12.004947 51.54757 396.70294</gx:coord>
        <when>2025-01-01T00:22:10.0902910Z</when>
        <gx:coord>12.005503 51.546803 400.17532</gx:coord>
        <when>2025-01-01T00:22:10.5972910Z</when>
        <gx:coord>12.005878 51.546444 401.00977</gx:coord>
        <when>2025-01-01T00:22:12.0902910Z</when>
        <gx:coord>12.006307 51.546104 401.44516</gx:coord>
        <when>2025-01-01T00:22:15.0882910Z</when>
        <gx:coord>12.007862 51.545223 398.8873</gx:coord>
        <when>2025-01-01T00:22:15.6072910Z</when>
        <gx:coord>12.008446 51.544975 397.71768</gx:coord>
        <when>2025-01-01T00:22:20.5972910Z</when>
        <gx:coord>12.011649 51.54394 382.96588</gx:coord>
        <when>2025-01-01T00:22:21.0882910Z</when>
        <gx:coord>12.011649 51.54394 382.96588</gx:coord>
        <when>2025-01-01T00:22:25.5972910Z</when>
        <gx:coord>12.015027 51.54299 372.96683</gx:coord>
        <when>2025-01-01T00:22:30.5972910Z</when>
        <gx:coord>12.018485 51.542114 369.81192</gx:coord>
        <when>2025-01-01T00:22:35.6022910Z</when>
        <gx:coord>12.021945 51.54131 372.42188</gx:coord>
        <when>2025-01-01T00:22:39.0962910Z</when>
        <gx:coord>12.024704 51.540615 371.97784</gx:coord>
        <when>2025-01-01T00:22:40.6022910Z</when>
        <gx:coord>12.025384 51.54042 369.7413</gx:coord>
        <when>2025-01-01T00:22:42.0862910Z</when>
        <gx:coord>12.02606 51.540222 369.56235</gx:coord>
        <when>2025-01-01T00:22:45.6042910Z</when>
        <gx:coord>12.028782 51.53942 370.63815</gx:coord>
        <when>2025-01-01T00:22:50.6042910Z</when>
        <gx:coord>12.032168 51.538414 367.5728</gx:coord>
        <when>2025-01-01T00:22:51.0892910Z</when>
        <gx:coord>12.032843 51.53821 366.6257</gx:coord>
        <when>2025-01-01T00:22:55.6052910Z</when>
        <gx:coord>12.035535 51.537403 364.3451</gx:coord>
        <when>2025-01-01T00:23:00.6032910Z</when>
        <gx:coord>12.0389185 51.536438 363.70087</gx:coord>
        <when>2025-01-01T00:23:05.6002910Z</when>
        <gx:coord>12.042273 51.53549 368.1537</gx:coord>
        <when>2025-01-01T00:23:10.6022910Z</when>
        <gx:coord>12.045599 51.534542 375.3724</gx:coord>
        <when>2025-01-01T00:23:15.6042910Z</when>
        <gx:coord>12.048891 51.533638 379.42682</gx:coord>
        <when>2025-01-01T00:23:16.0952910Z</when>
        <gx:coord>12.0495405 51.53346 379.42682</gx:coord>
        <when>2025-01-01T00:23:20.5982910Z</when>
        <gx:coord>12.052103 51.532787 380.2556</gx:coord>
        <when>2025-01-01T00:23:22.0872910Z</when>
        <gx:coord>12.052729 51.532627 379.83316</gx:coord>
        <when>2025-01-01T00:23:25.6022910Z</when>
        <gx:coord>12.055153 51.532 381.6783</gx:coord>
        <when>2025-01-01T00:23:30.5962910Z</when>
        <gx:coord>12.058032 51.53127 380.449</gx:coord>
        <when>2025-01-01T00:23:35.6062910Z</when>
        <gx:coord>12.060829 51.53053 374.38922</gx:coord>
        <when>2025-01-01T00:23:40.5962910Z</when>
        <gx:coord>12.063612 51.52978 366.65012</gx:coord>
        <when>2025-01-01T00:23:45.6052910Z</when>
        <gx:coord>12.066411 51.52908 358.07806</gx:coord>
        <when>2025-01-01T00:23:50.0902910Z</when>
        <gx:coord>12.068664 51.528553 351.87875</gx:coord>
        <when>2025-01-01T00:23:50.6062910Z</when>
        <gx:coord>12.069223 51.528427 351.83282</gx:coord>
        <when>2025-01-01T00:23:53.0862910Z</when>
        <gx:coord>12.070336 51.52821 352.19598</gx:coord>
        <when>2025-01-01T00:23:55.6042910Z</when>
        <gx:coord>12.071988 51.528023 354.31583</gx:coord>
        <when>2025-01-01T00:23:56.0922910Z</when>
        <gx:coord>12.071988 51.528023 354.31583</gx:coord>
        <when>2025-01-01T00:23:59.0902910Z</when>
        <gx:coord>12.073593 51.528065 351.0117</gx:coord>
        <when>2025-01-01T00:24:00.6042910Z</when>
        <gx:coord>12.074601 51.52825 347.19635</gx:coord>
        <when>2025-01-01T00:24:01.0932910Z</when>
        <gx:coord>12.074601 51.52825 347.19635</gx:coord>
        <when>2025-01-01T00:24:01.0932910Z</when>
        <gx:coord>12.074601 51.52825 347.19635</gx:coord>
        <when>2025-01-01T00:24:01.0972910Z</when>
        <gx:coord>12.075072 51.52839 347.19635</gx:coord>
        <when>2025-01-01T00:24:03.0912910Z</when>
        <gx:coord>12.075522 51.528553 342.0385</gx:coord>
        <when>2025-01-01T00:24:05.0912910Z</when>
        <gx:coord>12.076715 51.52919 335.762</gx:coord>
        <when>2025-01-01T00:24:05.6062910Z</when>
        <gx:coord>12.076715 51.52919 335.762</gx:coord>
        <when>2025-01-01T00:24:06.0922910Z</when>
        <gx:coord>12.076715 51.52919 335.762</gx:coord>
        <when>2025-01-01T00:24:10.6022910Z</when>
        <gx:coord>12.078428 51.53046 322.61884</gx:coord>
        <when>2025-01-01T00:24:15.6032910Z</when>
        <gx:coord>12.080064 51.531837 310.0812</gx:coord>
        <when>2025-01-01T00:24:17.0932910Z</when>
        <gx:coord>12.0807085 51.532394 304.9873</gx:coord>
        <when>2025-01-01T00:24:20.6072910Z</when>
        <gx:coord>12.081666 51.533222 296.048</gx:coord>
        <when>2025-01-01T00:24:23.0892910Z</when>
        <gx:coord>12.08228 51.533783 290.11383</gx:coord>
        <when>2025-01-01T00:24:25.6042910Z</when>
        <gx:coord>12.083168 51.534634 283.45026</gx:coord>
        <when>2025-01-01T00:24:30.0872910Z</when>
        <gx:coord>12.084541 51.536114 273.8051</gx:coord>
        <when>2025-01-01T00:24:30.5972910Z</when>
        <gx:coord>12.084541 51.536114 273.8051</gx:coord>
        <when>2025-01-01T00:24:35.5982910Z</when>
        <gx:coord>12.085893 51.537632 263.34576</gx:coord>
        <when>2025-01-01T00:24:40.0892910Z</when>
        <gx:coord>12.086868 51.538857 254.7923</gx:coord>
        <when>2025-01-01T00:24:40.5962910Z</when>
        <gx:coord>12.087048 51.53917 252.88074</gx:coord>
        <when>2025-01-01T00:24:43.0912910Z</when>
        <gx:coord>12.087287 51.539803 250.06824</gx:coord>
        <when>2025-01-01T00:24:45.0872910Z</when>
        <gx:coord>12.087344 51.540424 248.57497</gx:coord>
        <when>2025-01-01T00:24:45.6002910Z</when>
        <gx:coord>12.087301 51.540726 247.22215</gx:coord>
        <when>2025-01-01T00:24:48.0932910Z</when>
        <gx:coord>12.087114 51.541298 243.60307</gx:coord>
        <when>2025-01-01T00:24:48.0932910Z</when>
        <gx:coord>12.086969 51.541573 241.62944</gx:coord>
        <when>2025-01-01T00:24:50.5962910Z</when>
        <gx:coord>12.086582 51.542103 238.06729</gx:coord>
        <when>2025-01-01T00:24:51.0952910Z</when>
        <gx:coord>12.086582 51.542103 238.06729</gx:coord>
        <when>2025-01-01T00:24:54.0952910Z</when>
        <gx:coord>12.08579 51.54282 232.19543</gx:coord>
        <when>2025-01-01T00:24:55.5962910Z</when>
        <gx:coord>12.085125 51.543213 227.82504</gx:coord>
        <when>2025-01-01T00:24:58.0912910Z</when>
        <gx:coord>12.084403 51.54356 222.5964</gx:coord>
        <when>2025-01-01T00:24:59.0872910Z</when>
        <gx:coord>12.084027 51.543713 220.99222</gx:coord>
        <when>2025-01-01T00:25:00.5962910Z</when>
        <gx:coord>12.083259 51.543972 216.61244</gx:coord>
        <when>2025-01-01T00:25:04.0892910Z</when>
        <gx:coord>12.081736 51.544426 209.44728</gx:coord>
        <when>2025-01-01T00:25:05.5952910Z</when>
        <gx:coord>12.081364 51.544533 207.09955</gx:coord>
        <when>2025-01-01T00:25:06.0942910Z</when>
        <gx:coord>12.080993 51.544643 207.09955</gx:coord>
        <when>2025-01-01T00:25:10.5952910Z</when>
        <gx:coord>12.079496 51.545074 200.49605</gx:coord>
        <when>2025-01-01T00:25:15.5952910Z</when>
        <gx:coord>12.0776 51.545654 194.68831</gx:coord>
        <when>2025-01-01T00:25:20.5952910Z</when>
        <gx:coord>12.075672 51.54624 188.86539</gx:coord>
        <when>2025-01-01T00:25:22.0892910Z</when>
        <gx:coord>12.075278 51.546352 186.43872</gx:coord>
        <when>2025-01-01T00:25:25.0882910Z</when>
        <gx:coord>12.073671 51.546806 177.99428</gx:coord>
        <when>2025-01-01T00:25:25.5952910Z</when>
        <gx:coord>12.073671 51.546806 177.99428</gx:coord>
        <when>2025-01-01T00:25:30.5952910Z</when>
        <gx:coord>12.07164 51.54734 166.28937</gx:coord>
        <when>2025-01-01T00:25:35.5952910Z</when>
        <gx:coord>12.069693 51.547886 156.04573</gx:coord>
        <when>2025-01-01T00:25:39.0872910Z</when>
        <gx:coord>12.068214 51.54832 146.52795</gx:coord>
        <when>2025-01-01T00:25:40.5952910Z</when>
        <gx:coord>12.067847 51.548424 144.90933</gx:coord>
        <when>2025-01-01T00:25:45.5952910Z</when>
        <gx:coord>12.065999 51.548916 136.19734</gx:coord>
        <when>2025-01-01T00:25:50.5952910Z</when>
        <gx:coord>12.064184 51.549446 126.42523</gx:coord>
        <when>2025-01-01T00:25:55.5952910Z</when>
        <gx:coord>12.06237 51.549973 117.67617</gx:coord>
        <when>2025-01-01T00:25:56.0842910Z</when>
        <gx:coord>12.062012 51.550076 115.6974</gx:coord>
        <when>2025-01-01T00:26:00.5952910Z</when>
        <gx:coord>12.060626 51.550484 109.945595</gx:coord>
        <when>2025-01-01T00:26:02.0922910Z</when>
        <gx:coord>12.060296 51.55058 109.10415</gx:coord>
        <when>2025-01-01T00:26:05.5952910Z</when>
        <gx:coord>12.059056 51.550934 108.19296</gx:coord>
        <when>2025-01-01T00:26:10.5992910Z</when>
        <gx:coord>12.057701 51.551327 108.43579</gx:coord>
        <when>2025-01-01T00:26:14.0922910Z</when>
        <gx:coord>12.056571 51.551636 108.5701</gx:coord>
        <when>2025-01-01T00:26:15.5952910Z</when>
        <gx:coord>12.056254 51.551723 108.60933</gx:coord>
        <when>2025-01-01T00:26:20.5952910Z</when>
        <gx:coord>12.054422 51.552227 109.26479</gx:coord>
        <when>2025-01-01T00:26:21.0892910Z</when>
        <gx:coord>12.054422 51.552227 109.26479</gx:coord>
        <when>2025-01-01T00:26:25.5992910Z</when>
        <gx:coord>12.052304 51.552814 116.93832</gx:coord>
        <when>2025-01-01T00:26:30.6002910Z</when>
        <gx:coord>12.050087 51.553463 132.28488</gx:coord>
        <when>2025-01-01T00:26:34.0892910Z</when>
        <gx:coord>12.048341 51.553947 149.74385</gx:coord>
        <when>2025-01-01T00:26:35.5962910Z</when>
        <gx:coord>12.0479145 51.554073 154.44377</gx:coord>
        <when>2025-01-01T00:26:40.5982910Z</when>
        <gx:coord>12.045829 51.554718 176.62032</gx:coord>
        <when>2025-01-01T00:26:41.0832910Z</when>
        <gx:coord>12.045408 51.554844 181.73598</gx:coord>
        <when>2025-01-01T00:26:45.5982910Z</when>
        <gx:coord>12.043738 51.555344 199.21275</gx:coord>
        <when>2025-01-01T00:26:49.0862910Z</when>
        <gx:coord>12.042051 51.555813 213.63303</gx:coord>
        <when>2025-01-01T00:26:50.5962910Z</when>
        <gx:coord>12.041627 51.55592 217.66528</gx:coord>
        <when>2025-01-01T00:26:55.5972910Z</when>
        <gx:coord>12.039545 51.556488 234.81622</gx:coord>
        <when>2025-01-01T00:26:58.0882910Z</when>
        <gx:coord>12.038322 51.55685 245.7161</gx:coord>
        <when>2025-01-01T00:27:00.5952910Z</when>
        <gx:coord>12.037517 51.5571 252.24323</gx:coord>
        <when>2025-01-01T00:27:05.5942910Z</when>
        <gx:coord>12.035466 51.55769 268.09125</gx:coord>
        <when>2025-01-01T00:27:08.0882910Z</when>
        <gx:coord>12.034249 51.558025 279.43332</gx:coord>
        <when>2025-01-01T00:27:10.5942910Z</when>
        <gx:coord>12.033435 51.558235 284.38046</gx:coord>
        <when>2025-01-01T00:27:13.0952910Z</when>
        <gx:coord>12.032214 51.55855 291.01242</gx:coord>
        <when>2025-01-01T00:27:15.5942910Z</when>
        <gx:coord>12.031417 51.558777 304.30267</gx:coord>
        <when>2025-01-01T00:27:17.0962910Z</when>
        <gx:coord>12.030646 51.55902 312.04233</gx:coord>
        <when>2025-01-01T00:27:20.5942910Z</when>
        <gx:coord>12.029481 51.559376 323.28094</gx:coord>
        <when>2025-01-01T00:27:25.0932910Z</when>
        <gx:coord>12.027529 51.559948 342.5727</gx:coord>
        <when>2025-01-01T00:27:25.5942910Z</when>
        <gx:coord>12.027529 51.559948 342.5727</gx:coord>
        <when>2025-01-01T00:27:30.5942910Z</when>
        <gx:coord>12.025606 51.56062 360.67868</gx:coord>
        <when>2025-01-01T00:27:35.6012910Z</when>
        <gx:coord>12.023576 51.561268 365.84613</gx:coord>
        <when>2025-01-01T00:27:40.6032910Z</when>
        <gx:coord>12.021266 51.561924 367.19165</gx:coord>
        <when>2025-01-01T00:27:44.0882910Z</when>
        <gx:coord>12.019343 51.56238 374.20102</gx:coord>
        <when>2025-01-01T00:27:45.5942910Z</when>
        <gx:coord>12.018846 51.56246 376.2457</gx:coord>
        <when>2025-01-01T00:27:46.0852910Z</when>
        <gx:coord>12.018846 51.56246 376.2457</gx:coord>
        <when>2025-01-01T00:27:47.0862910Z</when>
        <gx:coord>12.018336 51.562508 378.159</gx:coord>
        <when>2025-01-01T00:27:48.0962910Z</when>
        <gx:coord>12.017818 51.562527 379.26523</gx:coord>
        <when>2025-01-01T00:27:50.6032910Z</when>
        <gx:coord>12.016245 51.5624 381.05542</gx:coord>
        <when>2025-01-01T00:27:51.0832910Z</when>
        <gx:coord>12.016245 51.5624 381.05542</gx:coord>
        <when>2025-01-01T00:27:53.0882910Z</when>
        <gx:coord>12.015206 51.562164 380.71817</gx:coord>
        <when>2025-01-01T00:27:55.5932910Z</when>
        <gx:coord>12.013751 51.56157 380.0605</gx:coord>
        <when>2025-01-01T00:27:56.0862910Z</when>
        <gx:coord>12.013751 51.56157 380.0605</gx:coord>
        <when>2025-01-01T00:27:56.0872910Z</when>
        <gx:coord>12.013751 51.56157 380.0605</gx:coord>
        <when>2025-01-01T00:27:59.0852910Z</when>
        <gx:coord>12.0124855 51.56073 381.63446</gx:coord>
        <when>2025-01-01T00:28:00.5942910Z</when>
        <gx:coord>12.011752 51.560078 381.7027</gx:coord>
        <when>2025-01-01T00:28:03.0902910Z</when>
        <gx:coord>12.01111 51.55937 381.97952</gx:coord>
        <when>2025-01-01T00:28:05.5942910Z</when>
        <gx:coord>12.010309 51.558224 377.9429</gx:coord>
        <when>2025-01-01T00:28:07.0892910Z</when>
        <gx:coord>12.010047 51.557835 375.83545</gx:coord>
        <when>2025-01-01T00:28:10.5942910Z</when>
        <gx:coord>12.0089855 51.55628 369.67902</gx:coord>
        <when>2025-01-01T00:28:15.5942910Z</when>
        <gx:coord>12.00761 51.554317 362.9811</gx:coord>
        <when>2025-01-01T00:28:18.1042910Z</when>
        <gx:coord>12.006821 51.553116 359.4007</gx:coord>
        <when>2025-01-01T00:28:20.5942910Z</when>
        <gx:coord>12.006284 51.5523 356.77768</gx:coord>
        <when>2025-01-01T00:28:25.0922910Z</when>
        <gx:coord>12.005304 51.550648 355.8656</gx:coord>
        <when>2025-01-01T00:28:25.5942910Z</when>
        <gx:coord>12.005137 51.550217 356.1949</gx:coord>
        <when>2025-01-01T00:28:28.0922910Z</when>
        <gx:coord>12.00498 51.54933 359.12213</gx:coord>
        <when>2025-01-01T00:28:30.0872910Z</when>
        <gx:coord>12.005059 51.548443 361.70917</gx:coord>
        <when>2025-01-01T00:28:30.6052910Z</when>
        <gx:coord>12.005196 51.548004 362.61414</gx:coord>
        <when>2025-01-01T00:28:32.0862910Z</when>
        <gx:coord>12.005421 51.547577 364.92236</gx:coord>
        <when>2025-01-01T00:28:34.0872910Z</when>
        <gx:coord>12.006077 51.546772 369.87262</gx:coord>
        <when>2025-01-01T00:28:35.5942910Z</when>
        <gx:coord>12.006969 51.54605 373.85797</gx:coord>
        <when>2025-01-01T00:28:36.0872910Z</when>
        <gx:coord>12.006969 51.54605 373.85797</gx:coord>
        <when>2025-01-01T00:28:39.0902910Z</when>
        <gx:coord>12.008659 51.545177 375.43704</gx:coord>
        <when>2025-01-01T00:28:40.5952910Z</when>
        <gx:coord>12.009958 51.54472 372.34708</gx:coord>
        <when>2025-01-01T00:28:41.0842910Z</when>
        <gx:coord>12.009958 51.54472 372.34708</gx:coord>
        <when>2025-01-01T00:28:45.5932910Z</when>
        <gx:coord>12.013436 51.543724 365.973</gx:coord>
        <when>2025-01-01T00:28:50.5942910Z</when>
        <gx:coord>12.016968 51.542713 366.75925</gx:coord>
        <when>2025-01-01T00:28:55.5932910Z</when>
        <gx:coord>12.020486 51.54172 366.1442</gx:coord>
        <when>2025-01-01T00:29:00.5932910Z</when>
        <gx:coord>12.02398 51.540783 371.37463</gx:coord>
        <when>2025-01-01T00:29:01.0922910Z</when>
        <gx:coord>12.024666 51.540596 371.37463</gx:coord>
        <when>2025-01-01T00:29:05.5932910Z</when>
        <gx:coord>12.02742 51.53986 367.0565</gx:coord>
        <when>2025-01-01T00:29:10.5932910Z</when>
        <gx:coord>12.030848 51.538937 367.73236</gx:coord>
        <when>2025-01-01T00:29:15.6032910Z</when>
        <gx:coord>12.034232 51.538013 365.35333</gx:coord>
        <when>2025-01-01T00:29:20.6042910Z</when>
        <gx:coord>12.037627 51.537113 361.18893</gx:coord>
        <when>2025-01-01T00:29:25.6052910Z</when>
        <gx:coord>12.041031 51.536224 360.57886</gx:coord>
        <when>2025-01-01T00:29:30.6052910Z</when>
        <gx:coord>12.044454 51.535324 356.063</gx:coord>
        <when>2025-01-01T00:29:35.6022910Z</when>
        <gx:coord>12.047837 51.534462 360.38007</gx:coord>
        <when>2025-01-01T00:29:38.0922910Z</when>
        <gx:coord>12.049833 51.533928 357.98935</gx:coord>
        <when>2025-01-01T00:29:40.6022910Z</when>
        <gx:coord>12.05114 51.53357 356.49393</gx:coord>
        <when>2025-01-01T00:29:44.0872910Z</when>
        <gx:coord>12.053045 51.533043 359.19717</gx:coord>
        <when>2025-01-01T00:29:45.6052910Z</when>
        <gx:coord>12.054262 51.53273 363.33875</gx:coord>
        <when>2025-01-01T00:29:50.6042910Z</when>
        <gx:coord>12.057128 51.531986 367.75012</gx:coord>
        <when>2025-01-01T00:29:53.0852910Z</when>
        <gx:coord>12.058235 51.531696 368.45392</gx:coord>
        <when>2025-01-01T00:29:55.6012910Z</when>
        <gx:coord>12.059884 51.531254 369.08524</gx:coord>
        <when>2025-01-01T00:30:00.6022910Z</when>
        <gx:coord>12.0626135 51.53052 369.14368</gx:coord>
        <when>2025-01-01T00:30:05.6052910Z</when>
        <gx:coord>12.065322 51.529793 363.1818</gx:coord>
        <when>2025-01-01T00:30:10.6072910Z</when>
        <gx:coord>12.068047 51.52909 357.3311</gx:coord>
        <when>2025-01-01T00:30:11.0912910Z</when>
        <gx:coord>12.068047 51.52909 357.3311</gx:coord>
        <when>2025-01-01T00:30:15.6042910Z</when>
        <gx:coord>12.070781 51.528446 352.3542</gx:coord>
        <when>2025-01-01T00:30:20.0882910Z</when>
        <gx:coord>12.072986 51.528057 351.769</gx:coord>
        <when>2025-01-01T00:30:20.6032910Z</when>
        <gx:coord>12.073543 51.52801 352.39124</gx:coord>
        <when>2025-01-01T00:30:23.0882910Z</when>
        <gx:coord>12.07465 51.52799 353.10706</gx:coord>
        <when>2025-01-01T00:30:23.0932910Z</when>
        <gx:coord>12.075196 51.528023 353.10706</gx:coord>
        <when>2025-01-01T00:30:25.0892910Z</when>
        <gx:coord>12.075734 51.528088 352.3249</gx:coord>
        <when>2025-01-01T00:30:25.6032910Z</when>
        <gx:coord>12.076253 51.528187 351.99847</gx:coord>
        <when>2025-01-01T00:30:27.0872910Z</when>
        <gx:coord>12.076747 51.52832 351.40338</gx:coord>
        <when>2025-01-01T00:30:29.0902910Z</when>
        <gx:coord>12.077648 51.52867 349.08847</gx:coord>
        <when>2025-01-01T00:30:30.6052910Z</when>
        <gx:coord>12.078419 51.52912 345.06076</gx:coord>
        <when>2025-01-01T00:30:31.0902910Z</when>
        <gx:coord>12.078761 51.52937 341.78815</gx:coord>
        <when>2025-01-01T00:30:32.0932910Z</when>
        <gx:coord>12.078761 51.52937 341.78815</gx:coord>
        <when>2025-01-01T00:30:35.5922910Z</when>
        <gx:coord>12.07999 51.530464 327.63367</gx:coord>
        <when>2025-01-01T00:30:40.0872910Z</when>
        <gx:coord>12.081488 51.531918 310.396</gx:coord>
        <when>2025-01-01T00:30:40.6032910Z</when>
        <gx:coord>12.081488 51.531918 310.396</gx:coord>
        <when>2025-01-01T00:30:45.6012910Z</when>
        <gx:coord>12.08298 51.533405 302.5505</gx:coord>
        <when>2025-01-01T00:30:50.6012910Z</when>
        <gx:coord>12.084423 51.534866 297.9066</gx:coord>
        <when>2025-01-01T00:30:55.0892910Z</when>
        <gx:coord>12.085492 51.53603 291.26556</gx:coord>
        <when>2025-01-01T00:30:55.6022910Z</when>
        <gx:coord>12.085749 51.536316 288.74194</gx:coord>
        <when>2025-01-01T00:31:00.0862910Z</when>
        <gx:coord>12.087037 51.53778 279.02838</gx:coord>
        <when>2025-01-01T00:31:00.5992910Z</when>
        <gx:coord>12.087037 51.53778 279.02838</gx:coord>
        <when>2025-01-01T00:31:05.0942910Z</when>
        <gx:coord>12.087903 51.53898 267.69336</gx:coord>
        <when>2025-01-01T00:31:05.0942910Z</when>
        <gx:coord>12.087903 51.53898 267.69336</gx:coord>
        <when>2025-01-01T00:31:05.5922910Z</when>
        <gx:coord>12.088037 51.539295 265.34338</gx:coord>
        <when>2025-01-01T00:31:08.0892910Z</when>
        <gx:coord>12.088192 51.53992 261.59326</gx:coord>
        <when>2025-01-01T00:31:09.0892910Z</when>
        <gx:coord>12.08821 51.540226 259.8512</gx:coord>
        <when>2025-01-01T00:31:10.6022910Z</when>
        <gx:coord>12.088152 51.540817 256.70758</gx:coord>
        <when>2025-01-01T00:31:12.0902910Z</when>
        <gx:coord>12.088083 51.5411 254.41425</gx:coord>
        <when>2025-01-01T00:31:13.1092910Z</when>
        <gx:coord>12.0879755 51.541374 252.05516</gx:coord>
        <when>2025-01-01T00:31:14.0872910Z</when>
        <gx:coord>12.087835 51.541634 249.59177</gx:coord>
        <when>2025-01-01T00:31:14.0882910Z</when>
        <gx:coord>12.087657 51.54188 247.77173</gx:coord>
        <when>2025-01-01T00:31:15.5922910Z</when>
        <gx:coord>12.087449 51.542118 245.12238</gx:coord>
        <when>2025-01-01T00:31:16.0912910Z</when>
        <gx:coord>12.087449 51.542118 245.12238</gx:coord>
        <when>2025-01-01T00:31:18.0872910Z</when>
        <gx:coord>12.0869255 51.54254 239.11375</gx:coord>
        <when>2025-01-01T00:31:20.5922910Z</when>
        <gx:coord>12.085968 51.54308 231.69142</gx:coord>
        <when>2025-01-01T00:31:22.0972910Z</when>
        <gx:coord>12.085622 51.543236 228.54503</gx:coord>
        <when>2025-01-01T00:31:24.1002910Z</when>
        <gx:coord>12.084528 51.54365 222.07855</gx:coord>
        <when>2025-01-01T00:31:25.5922910Z</when>
        <gx:coord>12.084161 51.543774 218.10712</gx:coord>
        <when>2025-01-01T00:31:26.0892910Z</when>
        <gx:coord>12.083786 51.543884 216.7592</gx:coord>
        <when>2025-01-01T00:31:30.5922910Z</when>
        <gx:coord>12.082275 51.544342 208.28036</gx:coord>
        <when>2025-01-01T00:31:32.0882910Z</when>
        <gx:coord>12.081896 51.544453 205.53436</gx:coord>
        <when>2025-01-01T00:31:35.5922910Z</when>
        <gx:coord>12.080342 51.54486 195.38185</gx:coord>
        <when>2025-01-01T00:31:40.5922910Z</when>
        <gx:coord>12.078437 51.545403 187.29852</gx:coord>
        <when>2025-01-01T00:31:41.0882910Z</when>
        <gx:coord>12.078057 51.545513 184.01822</gx:coord>
        <when>2025-01-01T00:31:45.5912910Z</when>
        <gx:coord>12.076557 51.545948 174.75444</gx:coord>
        <when>2025-01-01T00:31:50.5922910Z</when>
        <gx:coord>12.074753 51.546467 166.44946</gx:coord>
        <when>2025-01-01T00:31:55.5922910Z</when>
        <gx:coord>12.073 51.54695 158.95297</gx:coord>
        <when>2025-01-01T00:31:59.0882910Z</when>
        <gx:coord>12.071603 51.54733 152.63991</gx:coord>
        <when>2025-01-01T00:32:00.5922910Z</when>
        <gx:coord>12.0712595 51.547424 150.73222</gx:coord>
        <when>2025-01-01T00:32:05.5922910Z</when>
        <gx:coord>12.0695715 51.547924 144.56543</gx:coord>
        <when>2025-01-01T00:32:06.0852910Z</when>
        <gx:coord>12.0695715 51.547924 144.56543</gx:coord>
        <when>2025-01-01T00:32:10.5922910Z</when>
        <gx:coord>12.067925 51.548424 137.02563</gx:coord>
        <when>2025-01-01T00:32:15.5922910Z</when>
        <gx:coord>12.066316 51.548885 131.47797</gx:coord>
        <when>2025-01-01T00:32:20.5922910Z</when>
        <gx:coord>12.064699 51.54932 126.47486</gx:coord>
        <when>2025-01-01T00:32:23.0822910Z</when>
        <gx:coord>12.063718 51.54959 121.4511</gx:coord>
        <when>2025-01-01T00:32:25.5912910Z</when>
        <gx:coord>12.063063 51.549786 118.03634</gx:coord>
        <when>2025-01-01T00:32:30.5912910Z</when>
        <gx:coord>12.061406 51.550262 109.8986</gx:coord>
        <when>2025-01-01T00:32:34.0912910Z</when>
        <gx:coord>12.060107 51.550632 106.758934</gx:coord>
        <when>2025-01-01T00:32:35.5922910Z</when>
        <gx:coord>12.059795 51.55072 105.534</gx:coord>
        <when>2025-01-01T00:32:40.5922910Z</when>
        <gx:coord>12.058351 51.55113 108.94272</gx:coord>
        <when>2025-01-01T00:32:41.0902910Z</when>
        <gx:coord>12.058351 51.55113 108.94272</gx:coord>
        <when>2025-01-01T00:32:45.5922910Z</when>
        <gx:coord>12.057113 51.551476 107.95318</gx:coord>
        <when>2025-01-01T00:32:50.5922910Z</when>
        <gx:coord>12.055766 51.55184 108.11354</gx:coord>
        <when>2025-01-01T00:32:52.0872910Z</when>
        <gx:coord>12.055446 51.551933 108.18776</gx:coord>
        <when>2025-01-01T00:32:55.5922910Z</when>
        <gx:coord>12.053985 51.552345 108.654655</gx:coord>
        <when>2025-01-01T00:32:57.0882910Z</when>
        <gx:coord>12.05358 51.552456 108.81155</gx:coord>
        <when>2025-01-01T00:33:00.5952910Z</when>
        <gx:coord>12.051837 51.55294 113.58317</gx:coord>
        <when>2025-01-01T00:33:05.5912910Z</when>
        <gx:coord>12.04955 51.55356 130.67763</gx:coord>
        <when>2025-01-01T00:33:10.0902910Z</when>
        <gx:coord>12.047367 51.554173 156.98235</gx:coord>
        <when>2025-01-01T00:33:10.5912910Z</when>
        <gx:coord>12.047367 51.554173 156.98235</gx:coord>
        <when>2025-01-01T00:33:15.5912910Z</when>
        <gx:coord>12.045366 51.554768 177.43068</gx:coord>
        <when>2025-01-01T00:33:19.0862910Z</when>
        <gx:coord>12.043789 51.555244 189.00829</gx:coord>
        <when>2025-01-01T00:33:20.5912910Z</when>
        <gx:coord>12.043396 51.555367 191.33374</gx:coord>
        <when>2025-01-01T00:33:25.5912910Z</when>
        <gx:coord>12.041392 51.55598 203.65007</gx:coord>
        <when>2025-01-01T00:33:30.0882910Z</when>
        <gx:coord>12.0393715 51.556572 221.25775</gx:coord>
        <when>2025-01-01T00:33:30.5912910Z</when>
        <gx:coord>12.0393715 51.556572 221.25775</gx:coord>
        <when>2025-01-01T00:33:35.5902910Z</when>
        <gx:coord>12.037357 51.557117 238.42184</gx:coord>
        <when>2025-01-01T00:33:39.0932910Z</when>
        <gx:coord>12.035709 51.557552 244.44911</gx:coord>
        <when>2025-01-01T00:33:40.5912910Z</when>
        <gx:coord>12.03529 51.55766 248.59209</gx:coord>
        <when>2025-01-01T00:33:42.0882910Z</when>
        <gx:coord>12.034449 51.557873 254.95113</gx:coord>
        <when>2025-01-01T00:33:45.5912910Z</when>
        <gx:coord>12.033192 51.558174 266.06705</gx:coord>
        <when>2025-01-01T00:33:50.5912910Z</when>
        <gx:coord>12.031156 51.558716 280.5463</gx:coord>
        <when>2025-01-01T00:33:52.0882910Z</when>
        <gx:coord>12.030357 51.55896 285.9783</gx:coord>
        <when>2025-01-01T00:33:55.5912910Z</when>
        <gx:coord>12.029165 51.559334 294.8129</gx:coord>
        <when>2025-01-01T00:34:00.5912910Z</when>
        <gx:coord>12.027155 51.559956 313.10788</gx:coord>
        <when>2025-01-01T00:34:01.0882910Z</when>
        <gx:coord>12.02676 51.56009 317.9033</gx:coord>
        <when>2025-01-01T00:34:05.5912910Z</when>
        <gx:coord>12.025157 51.56062 336.30997</gx:coord>
        <when>2025-01-01T00:34:08.0872910Z</when>
        <gx:coord>12.023926 51.561024 349.9318</gx:coord>
        <when>2025-01-01T00:34:10.5912910Z</when>
        <gx:coord>12.023102 51.561302 358.9996</gx:coord>
        <when>2025-01-01T00:34:15.5912910Z</when>
        <gx:coord>12.020858 51.56196 368.39352</gx:coord>
        <when>2025-01-01T00:34:17.0872910Z</when>
        <gx:coord>12.020358 51.562073 369.26447</gx:coord>
        <when>2025-01-01T00:34:18.0872910Z</when>
        <gx:coord>12.019842 51.562164 369.8266</gx:coord>
        <when>2025-01-01T00:34:20.5912910Z</when>
        <gx:coord>12.018216 51.562286 372.2193</gx:coord>
        <when>2025-01-01T00:34:21.0902910Z</when>
        <gx:coord>12.018216 51.562286 372.2193</gx:coord>
        <when>2025-01-01T00:34:23.0882910Z</when>
        <gx:coord>12.017115 51.562214 373.6883</gx:coord>
        <when>2025-01-01T00:34:25.0892910Z</when>
        <gx:coord>12.016044 51.561996 375.33673</gx:coord>
        <when>2025-01-01T00:34:25.5912910Z</when>
        <gx:coord>12.015531 51.561832 375.76303</gx:coord>
        <when>2025-01-01T00:34:27.0892910Z</when>
        <gx:coord>12.015042 51.56163 375.4357</gx:coord>
        <when>2025-01-01T00:34:29.0862910Z</when>
        <gx:coord>12.01414 51.56114 375.08957</gx:coord>
        <when>2025-01-01T00:34:30.0832910Z</when>
        <gx:coord>12.013723 51.56086 374.171</gx:coord>
        <when>2025-01-01T00:34:30.5912910Z</when>
        <gx:coord>12.013334 51.560555 372.63312</gx:coord>
        <when>2025-01-01T00:34:35.5912910Z</when>
        <gx:coord>12.011593 51.558872 364.46402</gx:coord>
        <when>2025-01-01T00:34:37.0942910Z</when>
        <gx:coord>12.011263 51.558514 362.65714</gx:coord>
        <when>2025-01-01T00:34:40.5912910Z</when>
        <gx:coord>12.009995 51.557056 360.20966</gx:coord>
        <when>2025-01-01T00:34:42.0842910Z</when>
        <gx:coord>12.009694 51.556675 358.78128</gx:coord>
        <when>2025-01-01T00:34:44.0972910Z</when>
        <gx:coord>12.008793 51.55552 358.53094</gx:coord>
        <when>2025-01-01T00:34:45.5912910Z</when>
        <gx:coord>12.008495 51.555134 360.58942</gx:coord>
        <when>2025-01-01T00:34:50.5912910Z</when>
        <gx:coord>12.007002 51.553196 363.4471</gx:coord>
        <when>2025-01-01T00:34:55.5912910Z</when>
        <gx:coord>12.005541 51.551228 358.09122</gx:coord>
        <when>2025-01-01T00:34:58.0912910Z</when>
        <gx:coord>12.005039 51.550407 356.8913</gx:coord>
        <when>2025-01-01T00:35:00.5912910Z</when>
        <gx:coord>12.004646 51.549118 362.54086</gx:coord>
        <when>2025-01-01T00:35:01.0892910Z</when>
        <gx:coord>12.004646 51.549118 362.54086</gx:coord>
        <when>2025-01-01T00:35:04.0872910Z</when>
        <gx:coord>12.004787 51.54781 367.08224</gx:coord>
        <when>2025-01-01T00:35:05.5912910Z</when>
        <gx:coord>12.005171 51.546963 368.5663</gx:coord>
        <when>2025-01-01T00:35:07.0952910Z</when>
        <gx:coord>12.0054455 51.546555 368.25925</gx:coord>
        <when>2025-01-01T00:35:09.0882910Z</when>
        <gx:coord>12.006215 51.545803 368.91705</gx:coord>
        <when>2025-01-01T00:35:10.5912910Z</when>
        <gx:coord>12.007222 51.54516 370.57675</gx:coord>
        <when>2025-01-01T00:35:11.0872910Z</when>
        <gx:coord>12.007222 51.54516 370.57675</gx:coord>
        <when>2025-01-01T00:35:14.0972910Z</when>
        <gx:coord>12.009049 51.544415 369.35767</gx:coord>
        <when>2025-01-01T00:35:15.5912910Z</when>
        <gx:coord>12.010386 51.544033 364.88165</gx:coord>
        <when>2025-01-01T00:35:18.0852910Z</when>
        <gx:coord>12.0117855 51.5437 360.55515</gx:coord>
        <when>2025-01-01T00:35:20.5902910Z</when>
        <gx:coord>12.013925 51.543186 353.48947</gx:coord>
        <when>2025-01-01T00:35:25.5902910Z</when>
        <gx:coord>12.01755 51.542282 348.76602</gx:coord>
        <when>2025-01-01T00:35:30.5902910Z</when>
        <gx:coord>12.02116 51.541306 354.3594</gx:coord>
        <when>2025-01-01T00:35:32.1032910Z</when>
        <gx:coord>12.022604 51.540936 357.61948</gx:coord>
        <when>2025-01-01T00:35:35.5902910Z</when>
        <gx:coord>12.024711 51.540344 365.33154</gx:coord>
        <when>2025-01-01T00:35:40.6032910Z</when>
        <gx:coord>12.028151 51.53937 362.36493</gx:coord>
        <when>2025-01-01T00:35:45.5902910Z</when>
        <gx:coord>12.031562 51.538383 360.4701</gx:coord>
        <when>2025-01-01T00:35:50.5962910Z</when>
        <gx:coord>12.034972 51.537407 362.19424</gx:coord>
        <when>2025-01-01T00:35:55.6012910Z</when>
        <gx:coord>12.038384 51.536446 366.31573</gx:coord>
        <when>2025-01-01T00:36:00.5902910Z</when>
        <gx:coord>12.041791 51.535507 368.74255</gx:coord>
        <when>2025-01-01T00:36:05.5902910Z</when>
        <gx:coord>12.045198 51.534588 373.28525</gx:coord>
        <when>2025-01-01T00:36:08.0962910Z</when>
        <gx:coord>12.047238 51.534027 373.2849</gx:coord>
        <when>2025-01-01T00:36:10.5892910Z</when>
        <gx:coord>12.048589 51.53365 375.7687</gx:coord>
        <when>2025-01-01T00:36:13.0862910Z</when>
        <gx:coord>12.050556 51.53309 381.13385</gx:coord>
        <when>2025-01-01T00:36:15.5902910Z</when>
        <gx:coord>12.051836 51.53273 385.98672</gx:coord>
        <when>2025-01-01T00:36:18.0882910Z</when>
        <gx:coord>12.053082 51.532368 388.4624</gx:coord>
        <when>2025-01-01T00:36:20.6022910Z</when>
        <gx:coord>12.054909 51.53185 387.80685</gx:coord>
        <when>2025-01-01T00:36:25.5902910Z</when>
        <gx:coord>12.05776 51.531033 391.5279</gx:coord>
        <when>2025-01-01T00:36:26.0862910Z</when>
        <gx:coord>12.05776 51.531033 391.5279</gx:coord>
        <when>2025-01-01T00:36:30.5892910Z</when>
        <gx:coord>12.060521 51.53037 383.19104</gx:coord>
        <when>2025-01-01T00:36:35.5892910Z</when>
        <gx:coord>12.0633135 51.529808 370.45456</gx:coord>
        <when>2025-01-01T00:36:37.0872910Z</when>
        <gx:coord>12.063875 51.5297 368.46887</gx:coord>
        <when>2025-01-01T00:36:40.6022910Z</when>
        <gx:coord>12.066127 51.529297 362.3886</gx:coord>
        <when>2025-01-01T00:36:45.6022910Z</when>
        <gx:coord>12.06892 51.528763 351.6489</gx:coord>
        <when>2025-01-01T00:36:46.0872910Z</when>
        <gx:coord>12.069479 51.52865 348.6428</gx:coord>
        <when>2025-01-01T00:36:50.6012910Z</when>
        <gx:coord>12.071738 51.528206 338.0331</gx:coord>
        <when>2025-01-01T00:36:51.0942910Z</when>
        <gx:coord>12.072311 51.52811 338.0331</gx:coord>
        <when>2025-01-01T00:36:54.0862910Z</when>
        <gx:coord>12.073465 51.52799 333.86856</gx:coord>
        <when>2025-01-01T00:36:55.5902910Z</when>
        <gx:coord>12.074607 51.527992 332.78323</gx:coord>
        <when>2025-01-01T00:36:56.0892910Z</when>
        <gx:coord>12.074607 51.527992 332.78323</gx:coord>
        <when>2025-01-01T00:36:58.0942910Z</when>
        <gx:coord>12.075693 51.528145 332.47824</gx:coord>
        <when>2025-01-01T00:37:00.0882910Z</when>
        <gx:coord>12.076657 51.528442 330.95853</gx:coord>
        <when>2025-01-01T00:37:00.5892910Z</when>
        <gx:coord>12.077101 51.528625 328.65524</gx:coord>
        <when>2025-01-01T00:37:02.0912910Z</when>
        <gx:coord>12.077513 51.52884 325.82446</gx:coord>
        <when>2025-01-01T00:37:04.0872910Z</when>
        <gx:coord>12.078622 51.529575 316.7825</gx:coord>
        <when>2025-01-01T00:37:05.5992910Z</when>
        <gx:coord>12.078955 51.52985 314.71957</gx:coord>
        <when>2025-01-01T00:37:06.0912910Z</when>
        <gx:coord>12.078955 51.52985 314.71957</gx:coord>
        <when>2025-01-01T00:37:10.5902910Z</when>
        <gx:coord>12.080508 51.53131 301.23456</gx:coord>
        <when>2025-01-01T00:37:15.5982910Z</when>
        <gx:coord>12.082008 51.53283 290.17874</gx:coord>
        <when>2025-01-01T00:37:18.0892910Z</when>
        <gx:coord>12.08286 51.533783 283.3476</gx:coord>
        <when>2025-01-01T00:37:20.5902910Z</when>
        <gx:coord>12.083444 51.53442 277.48615</gx:coord>
        <when>2025-01-01T00:37:25.5892910Z</when>
        <gx:coord>12.084916 51.536022 269.52548</gx:coord>
        <when>2025-01-01T00:37:30.5962910Z</when>
        <gx:coord>12.086507 51.537594 259.5117</gx:coord>
        <when>2025-01-01T00:37:32.0882910Z</when>
        <gx:coord>12.087139 51.538216 252.00769</gx:coord>
        <when>2025-01-01T00:37:35.5882910Z</when>
        <gx:coord>12.088068 51.53913 243.93713</gx:coord>
        <when>2025-01-01T00:37:38.0902910Z</when>
        <gx:coord>12.088628 51.53974 239.64314</gx:coord>
        <when>2025-01-01T00:37:40.0822910Z</when>
        <gx:coord>12.089008 51.540375 238.16881</gx:coord>
        <when>2025-01-01T00:37:40.0842910Z</when>
        <gx:coord>12.089008 51.540375 238.16881</gx:coord>
        <when>2025-01-01T00:37:40.5962910Z</when>
        <gx:coord>12.089118 51.540688 237.9718</gx:coord>
        <when>2025-01-01T00:37:42.0902910Z</when>
        <gx:coord>12.08917 51.541 236.94832</gx:coord>
        <when>2025-01-01T00:37:42.0942910Z</when>
        <gx:coord>12.089147 51.5413 236.94832</gx:coord>
        <when>2025-01-01T00:37:43.0912910Z</when>
        <gx:coord>12.089147 51.5413 235.87584</gx:coord>
        <when>2025-01-01T00:37:45.0802910Z</when>
        <gx:coord>12.0889435 51.541866 232.30367</gx:coord>
        <when>2025-01-01T00:37:45.5892910Z</when>
        <gx:coord>12.088765 51.54213 230.16919</gx:coord>
        <when>2025-01-01T00:37:47.0852910Z</when>
        <gx:coord>12.088532 51.542366 228.12308</gx:coord>
        <when>2025-01-01T00:37:47.0852910Z</when>
        <gx:coord>12.088532 51.542366 228.12308</gx:coord>
        <when>2025-01-01T00:37:49.0862910Z</when>
        <gx:coord>12.087923 51.542767 223.7564</gx:coord>
        <when>2025-01-01T00:37:49.0862910Z</when>
        <gx:coord>12.087566 51.542927 220.82742</gx:coord>
        <when>2025-01-01T00:37:50.5892910Z</when>
        <gx:coord>12.087185 51.543068 217.93245</gx:coord>
        <when>2025-01-01T00:37:51.0872910Z</when>
        <gx:coord>12.087185 51.543068 217.93245</gx:coord>
        <when>2025-01-01T00:37:55.5892910Z</when>
        <gx:coord>12.085122 51.543606 205.99342</gx:coord>
        <when>2025-01-01T00:38:00.5952910Z</when>
        <gx:coord>12.083129 51.54404 199.60129</gx:coord>
        <when>2025-01-01T00:38:05.5952910Z</when>
        <gx:coord>12.081273 51.54454 190.61261</gx:coord>
        <when>2025-01-01T00:38:06.0902910Z</when>
        <gx:coord>12.0809 51.544643 189.08852</gx:coord>
        <when>2025-01-01T00:38:10.5892910Z</when>
        <gx:coord>12.079414 51.54508 183.76532</gx:coord>
        <when>2025-01-01T00:38:15.5892910Z</when>
        <gx:coord>12.077519 51.545635 175.75418</gx:coord>
        <when>2025-01-01T00:38:20.5892910Z</when>
        <gx:coord>12.075583 51.546238 171.13028</gx:coord>
        <when>2025-01-01T00:38:25.5892910Z</when>
        <gx:coord>12.073604 51.546787 164.76736</gx:coord>
        <when>2025-01-01T00:38:30.0862910Z</when>
        <gx:coord>12.071622 51.547295 156.96571</gx:coord>
        <when>2025-01-01T00:38:30.5992910Z</when>
        <gx:coord>12.071622 51.547295 156.96571</gx:coord>
        <when>2025-01-01T00:38:35.5892910Z</when>
        <gx:coord>12.069699 51.547863 149.13905</gx:coord>
        <when>2025-01-01T00:38:40.5882910Z</when>
        <gx:coord>12.067797 51.54842 142.3661</gx:coord>
        <when>2025-01-01T00:38:45.5882910Z</when>
        <gx:coord>12.065895 51.548954 135.431</gx:coord>
        <when>2025-01-01T00:38:47.0882910Z</when>
        <gx:coord>12.065131 51.54917 134.13875</gx:coord>
        <when>2025-01-01T00:38:50.0892910Z</when>
        <gx:coord>12.063971 51.549507 126.24406</gx:coord>
        <when>2025-01-01T00:38:50.5892910Z</when>
        <gx:coord>12.063971 51.549507 126.24406</gx:coord>
        <when>2025-01-01T00:38:55.5882910Z</when>
        <gx:coord>12.0620165 51.55006 115.81442</gx:coord>
        <when>2025-01-01T00:39:00.5892910Z</when>
        <gx:coord>12.060185 51.55058 109.34096</gx:coord>
        <when>2025-01-01T00:39:02.0842910Z</when>
        <gx:coord>12.059849 51.550674 108.88033</gx:coord>
        <when>2025-01-01T00:39:05.5892910Z</when>
        <gx:coord>12.05861 51.551033 107.75037</gx:coord>
        <when>2025-01-01T00:39:09.0862910Z</when>
        <gx:coord>12.057777 51.551266 107.1865</gx:coord>
        <when>2025-01-01T00:39:10.5892910Z</when>
        <gx:coord>12.057272 51.551414 107.304634</gx:coord>
        <when>2025-01-01T00:39:15.5932910Z</when>
        <gx:coord>12.056007 51.55177 107.53514</gx:coord>
        <when>2025-01-01T00:39:19.0862910Z</when>
        <gx:coord>12.055075 51.552032 107.69113</gx:coord>
        <when>2025-01-01T00:39:20.5892910Z</when>
        <gx:coord>12.054364 51.552227 107.92343</gx:coord>
        <when>2025-01-01T00:39:25.0902910Z</when>
        <gx:coord>12.052772 51.55265 111.54544</gx:coord>
        <when>2025-01-01T00:39:25.5892910Z</when>
        <gx:coord>12.05235 51.552757 113.36269</gx:coord>
        <when>2025-01-01T00:39:30.5922910Z</when>
        <gx:coord>12.050217 51.55336 127.13768</gx:coord>
        <when>2025-01-01T00:39:35.5882910Z</when>
        <gx:coord>12.048106 51.55395 146.28249</gx:coord>
        <when>2025-01-01T00:39:38.0932910Z</when>
        <gx:coord>12.046879 51.55431 157.76135</gx:coord>
        <when>2025-01-01T00:39:40.5882910Z</when>
        <gx:coord>12.046079 51.55455 166.18336</gx:coord>
        <when>2025-01-01T00:39:45.5892910Z</when>
        <gx:coord>12.044057 51.555126 185.97557</gx:coord>
        <when>2025-01-01T00:39:46.0862910Z</when>
        <gx:coord>12.043648 51.55523 189.47186</gx:coord>
        <when>2025-01-01T00:39:50.5892910Z</when>
        <gx:coord>12.041991 51.55564 200.89511</gx:coord>
        <when>2025-01-01T00:39:54.0892910Z</when>
        <gx:coord>12.04033 51.55607 209.24168</gx:coord>
        <when>2025-01-01T00:39:55.5882910Z</when>
        <gx:coord>12.039916 51.55618 216.90831</gx:coord>
        <when>2025-01-01T00:39:56.0882910Z</when>
        <gx:coord>12.039504 51.556286 220.64584</gx:coord>
        <when>2025-01-01T00:40:00.5882910Z</when>
        <gx:coord>12.037878 51.55676 232.3125</gx:coord>
        <when>2025-01-01T00:40:05.5882910Z</when>
        <gx:coord>12.035814 51.557323 250.91397</gx:coord>
        <when>2025-01-01T00:40:06.0902910Z</when>
        <gx:coord>12.035394 51.557438 254.54745</gx:coord>
        <when>2025-01-01T00:40:10.5932910Z</when>
        <gx:coord>12.033723 51.557915 268.24982</gx:coord>
        <when>2025-01-01T00:40:15.0842910Z</when>
        <gx:coord>12.0316515 51.558582 287.62552</gx:coord>
        <when>2025-01-01T00:40:15.5922910Z</when>
        <gx:coord>12.0316515 51.558582 287.62552</gx:coord>
        <when>2025-01-01T00:40:20.5922910Z</when>
        <gx:coord>12.029614 51.55924 306.12167</gx:coord>
        <when>2025-01-01T00:40:24.0872910Z</when>
        <gx:coord>12.027965 51.559673 320.10583</gx:coord>
        <when>2025-01-01T00:40:25.5882910Z</when>
        <gx:coord>12.027552 51.55977 321.8637</gx:coord>
        <when>2025-01-01T00:40:30.5882910Z</when>
        <gx:coord>12.025432 51.560234 331.94745</gx:coord>
        <when>2025-01-01T00:40:35.5902910Z</when>
        <gx:coord>12.023323 51.560776 344.41858</gx:coord>
        <when>2025-01-01T00:40:37.0872910Z</when>
        <gx:coord>12.022469 51.56101 350.7699</gx:coord>
        <when>2025-01-01T00:40:40.5982910Z</when>
        <gx:coord>12.021118 51.561363 358.036</gx:coord>
        <when>2025-01-01T00:40:45.5882910Z</when>
        <gx:coord>12.01874 51.56194 375.7362</gx:coord>
        <when>2025-01-01T00:40:48.0962910Z</when>
        <gx:coord>12.017769 51.562176 380.3766</gx:coord>
        <when>2025-01-01T00:40:48.0962910Z</when>
        <gx:coord>12.017273 51.562294 381.4493</gx:coord>
        <when>2025-01-01T00:40:50.5882910Z</when>
        <gx:coord>12.016261 51.56252 384.04413</gx:coord>
        <when>2025-01-01T00:40:52.0902910Z</when>
        <gx:coord>12.015224 51.562744 384.9977</gx:coord>
        <when>2025-01-01T00:40:53.0872910Z</when>
        <gx:coord>12.015224 51.562744 386.29977</gx:coord>
        <when>2025-01-01T00:40:55.5882910Z</when>
        <gx:coord>12.013605 51.56297 388.97656</gx:coord>
        <when>2025-01-01T00:40:56.0872910Z</when>
        <gx:coord>12.013605 51.56297 388.97656</gx:coord>
        <when>2025-01-01T00:40:58.0842910Z</when>
        <gx:coord>12.012478 51.56296 390.71603</gx:coord>
        <when>2025-01-01T00:41:00.0832910Z</when>
        <gx:coord>12.011362 51.562824 393.19357</gx:coord>
        <when>2025-01-01T00:41:00.5882910Z</when>
        <gx:coord>12.010816 51.56271 394.25952</gx:coord>
        <when>2025-01-01T00:41:02.0882910Z</when>
        <gx:coord>12.010289 51.562546 396.6549</gx:coord>
        <when>2025-01-01T00:41:04.0842910Z</when>
        <gx:coord>12.009306 51.56213 399.32285</gx:coord>
        <when>2025-01-01T00:41:04.0852910Z</when>
        <gx:coord>12.009306 51.56213 399.32285</gx:coord>
        <when>2025-01-01T00:41:05.5882910Z</when>
        <gx:coord>12.008452 51.56158 400.11176</gx:coord>
        <when>2025-01-01T00:41:06.0862910Z</when>
        <gx:coord>12.008452 51.56158 400.11176</gx:coord>
        <when>2025-01-01T00:41:09.0842910Z</when>
        <gx:coord>12.007447 51.560596 401.99677</gx:coord>
        <when>2025-01-01T00:41:10.5882910Z</when>
        <gx:coord>12.006892 51.559875 398.73138</gx:coord>
        <when>2025-01-01T00:41:15.5882910Z</when>
        <gx:coord>12.005628 51.558002 390.05695</gx:coord>
        <when>2025-01-01T00:41:20.5882910Z</when>
        <gx:coord>12.004475 51.5561 384.3328</gx:coord>
        <when>2025-01-01T00:41:25.5882910Z</when>
        <gx:coord>12.003461 51.55417 372.74094</gx:coord>
        <when>2025-01-01T00:41:30.5882910Z</when>
        <gx:coord>12.002418 51.552235 361.84265</gx:coord>
        <when>2025-01-01T00:41:32.0882910Z</when>
        <gx:coord>12.0022135 51.55184 360.12192</gx:coord>
        <when>2025-01-01T00:41:35.0972910Z</when>
        <gx:coord>12.001749 51.55062 359.97177</gx:coord>
        <when>2025-01-01T00:41:35.0982910Z</when>
        <gx:coord>12.001749 51.55062 359.97177</gx:coord>
        <when>2025-01-01T00:41:35.5882910Z</when>
        <gx:coord>12.001694 51.550198 360.38907</gx:coord>
        <when>2025-01-01T00:41:37.0862910Z</when>
        <gx:coord>12.00171 51.549763 361.12463</gx:coord>
        <when>2025-01-01T00:41:39.0862910Z</when>
        <gx:coord>12.001949 51.5489 363.30734</gx:coord>
        <when>2025-01-01T00:41:40.0932910Z</when>
        <gx:coord>12.002455 51.54808 364.77914</gx:coord>
        <when>2025-01-01T00:41:40.5882910Z</when>
        <gx:coord>12.002455 51.54808 366.53726</gx:coord>
        <when>2025-01-01T00:41:41.1002910Z</when>
        <gx:coord>12.002455 51.54808 366.53726</gx:coord>
        <when>2025-01-01T00:41:44.0862910Z</when>
        <gx:coord>12.003654 51.546993 370.08905</gx:coord>
        <when>2025-01-01T00:41:45.5882910Z</when>
        <gx:coord>12.004698 51.546406 370.5387</gx:coord>
        <when>2025-01-01T00:41:47.0872910Z</when>
        <gx:coord>12.005274 51.546146 370.5952</gx:coord>
        <when>2025-01-01T00:41:50.5882910Z</when>
        <gx:coord>12.007875 51.545307 370.96185</gx:coord>
        <when>2025-01-01T00:41:54.0852910Z</when>
        <gx:coord>12.009934 51.544727 368.13022</gx:coord>
        <when>2025-01-01T00:41:55.5882910Z</when>
        <gx:coord>12.011337 51.544342 365.86398</gx:coord>
        <when>2025-01-01T00:42:00.5882910Z</when>
        <gx:coord>12.014906 51.543385 359.68713</gx:coord>
        <when>2025-01-01T00:42:05.5882910Z</when>
        <gx:coord>12.018467 51.5424 356.45255</gx:coord>
        <when>2025-01-01T00:42:10.5872910Z</when>
        <gx:coord>12.021938 51.541428 356.58917</gx:coord>
        <when>2025-01-01T00:42:15.5882910Z</when>
        <gx:coord>12.025336 51.54043 354.9574</gx:coord>
        <when>2025-01-01T00:42:17.0902910Z</when>
        <gx:coord>12.026687 51.54003 354.64285</gx:coord>
        <when>2025-01-01T00:42:20.5872910Z</when>
        <gx:coord>12.028698 51.539444 356.63446</gx:coord>
        <when>2025-01-01T00:42:25.5882910Z</when>
        <gx:coord>12.032032 51.538517 358.6622</gx:coord>
        <when>2025-01-01T00:42:30.0852910Z</when>
        <gx:coord>12.034687 51.537807 357.06683</gx:coord>
        <when>2025-01-01T00:42:30.5872910Z</when>
        <gx:coord>12.035352 51.537636 356.42834</gx:coord>
        <when>2025-01-01T00:42:35.5872910Z</when>
        <gx:coord>12.038692 51.536808 356.2785</gx:coord>
        <when>2025-01-01T00:42:40.5872910Z</when>
        <gx:coord>12.042016 51.53595 355.06885</gx:coord>
        <when>2025-01-01T00:42:45.6012910Z</when>
        <gx:coord>12.045328 51.53498 359.2991</gx:coord>
        <when>2025-01-01T00:42:50.6002910Z</when>
        <gx:coord>12.048614 51.53405 370.33774</gx:coord>
        <when>2025-01-01T00:42:54.0912910Z</when>
        <gx:coord>12.051253 51.533337 372.87778</gx:coord>
        <when>2025-01-01T00:42:55.5972910Z</when>
        <gx:coord>12.051919 51.53316 374.94565</gx:coord>
        <when>2025-01-01T00:43:00.5872910Z</when>
        <gx:coord>12.055265 51.53229 381.81824</gx:coord>
        <when>2025-01-01T00:43:05.5872910Z</when>
        <gx:coord>12.0586405 51.531372 386.99026</gx:coord>
        <when>2025-01-01T00:43:10.6002910Z</when>
        <gx:coord>12.061975 51.53042 391.0408</gx:coord>
        <when>2025-01-01T00:43:15.5872910Z</when>
        <gx:coord>12.065114 51.529457 390.5679</gx:coord>
        <when>2025-01-01T00:43:16.0852910Z</when>
        <gx:coord>12.065114 51.529457 390.5679</gx:coord>
        <when>2025-01-01T00:43:20.5872910Z</when>
        <gx:coord>12.068171 51.528576 386.80157</gx:coord>
        <when>2025-01-01T00:43:25.0872910Z</when>
        <gx:coord>12.070494 51.527973 387.38776</gx:coord>
        <when>2025-01-01T00:43:25.5872910Z</when>
        <gx:coord>12.071048 51.52783 387.39642</gx:coord>
        <when>2025-01-01T00:43:30.5872910Z</when>
        <gx:coord>12.07374 51.527203 381.05917</gx:coord>
        <when>2025-01-01T00:43:34.0922910Z</when>
        <gx:coord>12.0758915 51.526768 379.54492</gx:coord>
        <when>2025-01-01T00:43:35.5862910Z</when>
        <gx:coord>12.076428 51.526665 376.94638</gx:coord>
        <when>2025-01-01T00:43:40.5872910Z</when>
        <gx:coord>12.079158 51.52621 374.96704</gx:coord>
        <when>2025-01-01T00:43:45.5992910Z</when>
        <gx:coord>12.081872 51.525772 372.27316</gx:coord>
        <when>2025-01-01T00:43:50.5872910Z</when>
        <gx:coord>12.084557 51.525345 367.29602</gx:coord>
        <when>2025-01-01T00:43:52.0872910Z</when>
        <gx:coord>12.0850935 51.52527 363.8253</gx:coord>
        <when>2025-01-01T00:43:55.5862910Z</when>
        <gx:coord>12.087285 51.52498 355.19934</gx:coord>
        <when>2025-01-01T00:44:00.5872910Z</when>
        <gx:coord>12.0899935 51.52462 354.92908</gx:coord>
        <when>2025-01-01T00:44:03.0852910Z</when>
        <gx:coord>12.091071 51.524536 355.43335</gx:coord>
        <when>2025-01-01T00:44:05.0972910Z</when>
        <gx:coord>12.092147 51.524563 354.96997</gx:coord>
        <when>2025-01-01T00:44:05.5872910Z</when>
        <gx:coord>12.092674 51.524624 353.95258</gx:coord>
        <when>2025-01-01T00:44:07.0862910Z</when>
        <gx:coord>12.093188 51.524723 352.66156</gx:coord>
        <when>2025-01-01T00:44:07.0862910Z</when>
        <gx:coord>12.093681 51.524853 350.25015</gx:coord>
        <when>2025-01-01T00:44:09.0872910Z</when>
        <gx:coord>12.094146 51.525013 348.23978</gx:coord>
        <when>2025-01-01T00:44:09.0872910Z</when>
        <gx:coord>12.094146 51.525013 348.23978</gx:coord>
        <when>2025-01-01T00:44:10.5872910Z</when>
        <gx:coord>12.094965 51.52542 344.16855</gx:coord>
        <when>2025-01-01T00:44:11.0982910Z</when>
        <gx:coord>12.094965 51.52542 344.16855</gx:coord>
        <when>2025-01-01T00:44:13.0862910Z</when>
        <gx:coord>12.095605 51.52592 338.47638</gx:coord>
        <when>2025-01-01T00:44:15.0882910Z</when>
        <gx:coord>12.09603 51.52649 334.29257</gx:coord>
        <when>2025-01-01T00:44:15.5872910Z</when>
        <gx:coord>12.096179 51.526783 331.513</gx:coord>
        <when>2025-01-01T00:44:19.0852910Z</when>
        <gx:coord>12.096615 51.52801 318.64954</gx:coord>
        <when>2025-01-01T00:44:20.5862910Z</when>
        <gx:coord>12.096734 51.528324 316.06503</gx:coord>
        <when>2025-01-01T00:44:25.5872910Z</when>
        <gx:coord>12.09733 51.529915 311.0265</gx:coord>
        <when>2025-01-01T00:44:30.0972910Z</when>
        <gx:coord>12.097694 51.531193 310.57324</gx:coord>
        <when>2025-01-01T00:44:30.5872910Z</when>
        <gx:coord>12.097774 51.531513 310.37503</gx:coord>
        <when>2025-01-01T00:44:35.5872910Z</when>
        <gx:coord>12.098139 51.533096 308.69562</gx:coord>
        <when>2025-01-01T00:44:40.5862910Z</when>
        <gx:coord>12.098369 51.53469 306.89035</gx:coord>
        <when>2025-01-01T00:44:43.0882910Z</when>
        <gx:coord>12.098384 51.53533 307.02875</gx:coord>
        <when>2025-01-01T00:44:44.0902910Z</when>
        <gx:coord>12.098276 51.535965 307.50336</gx:coord>
        <when>2025-01-01T00:44:45.5872910Z</when>
        <gx:coord>12.0981865 51.536274 309.80823</gx:coord>
        <when>2025-01-01T00:44:47.0832910Z</when>
        <gx:coord>12.098083 51.53658 310.59528</gx:coord>
        <when>2025-01-01T00:44:50.5862910Z</when>
        <gx:coord>12.097403 51.53771 308.76962</gx:coord>
        <when>2025-01-01T00:44:51.0912910Z</when>
        <gx:coord>12.097403 51.53771 308.76962</gx:coord>
        <when>2025-01-01T00:44:55.0852910Z</when>
        <gx:coord>12.096404 51.538746 300.96024</gx:coord>
        <when>2025-01-01T00:44:55.5872910Z</when>
        <gx:coord>12.0961075 51.53899 299.06174</gx:coord>
        <when>2025-01-01T00:44:59.0872910Z</when>
        <gx:coord>12.094791 51.539913 287.83884</gx:coord>
        <when>2025-01-01T00:45:00.5862910Z</when>
        <gx:coord>12.094438 51.540134 284.84525</gx:coord>
        <when>2025-01-01T00:45:02.0932910Z</when>
        <gx:coord>12.094075 51.54035 281.0459</gx:coord>
        <when>2025-01-01T00:45:05.5862910Z</when>
        <gx:coord>12.092488 51.54113 269.79126</gx:coord>
        <when>2025-01-01T00:45:08.0952910Z</when>
        <gx:coord>12.091622 51.54148 264.56998</gx:coord>
        <when>2025-01-01T00:45:10.5862910Z</when>
        <gx:coord>12.090274 51.541954 263.19952</gx:coord>
        <when>2025-01-01T00:45:15.5862910Z</when>
        <gx:coord>12.088141 51.542553 258.57193</gx:coord>
        <when>2025-01-01T00:45:16.0852910Z</when>
        <gx:coord>12.088141 51.542553 258.57193</gx:coord>
        <when>2025-01-01T00:45:16.0852910Z</when>
        <gx:coord>12.087724 51.542656 256.66544</gx:coord>
        <when>2025-01-01T00:45:20.5862910Z</when>
        <gx:coord>12.0861025 51.54309 245.87532</gx:coord>
        <when>2025-01-01T00:45:25.5862910Z</when>
        <gx:coord>12.084195 51.543655 233.53764</gx:coord>
        <when>2025-01-01T00:45:29.0942910Z</when>
        <gx:coord>12.082713 51.544075 225.88333</gx:coord>
        <when>2025-01-01T00:45:30.5862910Z</when>
        <gx:coord>12.082352 51.54418 223.49109</gx:coord>
        <when>2025-01-01T00:45:35.5862910Z</when>
        <gx:coord>12.080537 51.54473 211.3581</gx:coord>
        <when>2025-01-01T00:45:40.5862910Z</when>
        <gx:coord>12.078678 51.545242 198.53287</gx:coord>
        <when>2025-01-01T00:45:42.0832910Z</when>
        <gx:coord>12.077923 51.545433 194.39865</gx:coord>
        <when>2025-01-01T00:45:45.5862910Z</when>
        <gx:coord>12.076802 51.54574 188.71027</gx:coord>
        <when>2025-01-01T00:45:46.0892910Z</when>
        <gx:coord>12.076437 51.545845 188.71027</gx:coord>
        <when>2025-01-01T00:45:50.5862910Z</when>
        <gx:coord>12.075001 51.54629 178.78981</gx:coord>
        <when>2025-01-01T00:45:55.5862910Z</when>
        <gx:coord>12.073166 51.54684 169.25784</gx:coord>
        <when>2025-01-01T00:45:58.0892910Z</when>
        <gx:coord>12.0720825 51.54717 163.39864</gx:coord>
        <when>2025-01-01T00:46:00.5862910Z</when>
        <gx:coord>12.071377 51.547398 158.10518</gx:coord>
        <when>2025-01-01T00:46:05.5862910Z</when>
        <gx:coord>12.069571 51.547913 145.97215</gx:coord>
        <when>2025-01-01T00:46:10.5862910Z</when>
        <gx:coord>12.0677805 51.548424 136.97998</gx:coord>
        <when>2025-01-01T00:46:13.0882910Z</when>
        <gx:coord>12.066745 51.548725 131.8811</gx:coord>
        <when>2025-01-01T00:46:15.5852910Z</when>
        <gx:coord>12.066056 51.548923 129.52237</gx:coord>
        <when>2025-01-01T00:46:20.5862910Z</when>
        <gx:coord>12.064326 51.549397 124.3153</gx:coord>
        <when>2025-01-01T00:46:25.5862910Z</when>
        <gx:coord>12.062577 51.54989 116.510155</gx:coord>
        <when>2025-01-01T00:46:30.0862910Z</when>
        <gx:coord>12.061183 51.550293 111.00806</gx:coord>
        <when>2025-01-01T00:46:30.5862910Z</when>
        <gx:coord>12.060843 51.550392 110.449165</gx:coord>
        <when>2025-01-01T00:46:35.5852910Z</when>
        <gx:coord>12.059252 51.550854 107.26037</gx:coord>
        <when>2025-01-01T00:46:38.0842910Z</when>
        <gx:coord>12.058684 51.55101 107.258675</gx:coord>
        <when>2025-01-01T00:46:40.5862910Z</when>
        <gx:coord>12.057881 51.551224 107.308556</gx:coord>
        <when>2025-01-01T00:46:45.5862910Z</when>
        <gx:coord>12.05645 51.551632 107.35959</gx:coord>
        <when>2025-01-01T00:46:47.0892910Z</when>
        <gx:coord>12.056112 51.551723 107.36077</gx:coord>
        <when>2025-01-01T00:46:50.5862910Z</when>
        <gx:coord>12.05462 51.552147 109.87565</gx:coord>
        <when>2025-01-01T00:46:55.0852910Z</when>
        <gx:coord>12.052986 51.552586 116.06433</gx:coord>
        <when>2025-01-01T00:46:55.5862910Z</when>
        <gx:coord>12.05257 51.552708 117.51199</gx:coord>
        <when>2025-01-01T00:46:56.0912910Z</when>
        <gx:coord>12.052152 51.552834 117.51199</gx:coord>
        <when>2025-01-01T00:46:58.0862910Z</when>
        <gx:coord>12.05173 51.552948 121.84673</gx:coord>
        <when>2025-01-01T00:47:00.5912910Z</when>
        <gx:coord>12.050454 51.553307 128.38629</gx:coord>
        <when>2025-01-01T00:47:05.5862910Z</when>
        <gx:coord>12.048318 51.553894 151.05367</gx:coord>
        <when>2025-01-01T00:47:08.0842910Z</when>
        <gx:coord>12.0470495 51.554245 162.80463</gx:coord>
        <when>2025-01-01T00:47:10.5862910Z</when>
        <gx:coord>12.04621 51.554478 169.83768</gx:coord>
        <when>2025-01-01T00:47:15.5862910Z</when>
        <gx:coord>12.044115 51.555023 190.7943</gx:coord>
        <when>2025-01-01T00:47:16.0862910Z</when>
        <gx:coord>12.043698 51.555134 195.38129</gx:coord>
        <when>2025-01-01T00:47:20.5852910Z</when>
        <gx:coord>12.042047 51.555565 213.08127</gx:coord>
        <when>2025-01-01T00:47:24.0832910Z</when>
        <gx:coord>12.040439 51.556015 227.92273</gx:coord>
        <when>2025-01-01T00:47:25.5862910Z</when>
        <gx:coord>12.040035 51.556126 231.07841</gx:coord>
        <when>2025-01-01T00:47:30.5852910Z</when>
        <gx:coord>12.038006 51.556644 245.97064</gx:coord>
        <when>2025-01-01T00:47:34.0862910Z</when>
        <gx:coord>12.036359 51.55706 259.8128</gx:coord>
        <when>2025-01-01T00:47:35.5852910Z</when>
        <gx:coord>12.035951 51.55718 262.7094</gx:coord>
        <when>2025-01-01T00:47:40.5852910Z</when>
        <gx:coord>12.033887 51.55778 278.12695</gx:coord>
        <when>2025-01-01T00:47:44.0882910Z</when>
        <gx:coord>12.032233 51.558266 290.35712</gx:coord>
        <when>2025-01-01T00:47:45.5852910Z</when>
        <gx:coord>12.031819 51.558388 292.48676</gx:coord>
        <when>2025-01-01T00:47:50.5852910Z</when>
        <gx:coord>12.029718 51.55893 313.60138</gx:coord>
        <when>2025-01-01T00:47:52.0892910Z</when>
        <gx:coord>12.028887 51.559135 321.19083</gx:coord>
        <when>2025-01-01T00:47:55.5852910Z</when>
        <gx:coord>12.027656 51.559475 332.1518</gx:coord>
        <when>2025-01-01T00:47:56.0892910Z</when>
        <gx:coord>12.027242 51.559593 332.1518</gx:coord>
        <when>2025-01-01T00:48:00.0862910Z</when>
        <gx:coord>12.02558 51.560074 356.06976</gx:coord>
        <when>2025-01-01T00:48:00.5852910Z</when>
        <gx:coord>12.02558 51.560074 356.06976</gx:coord>
        <when>2025-01-01T00:48:05.5852910Z</when>
        <gx:coord>12.0234165 51.560726 369.12375</gx:coord>
        <when>2025-01-01T00:48:10.5852910Z</when>
        <gx:coord>12.021177 51.561428 380.6904</gx:coord>
        <when>2025-01-01T00:48:15.5852910Z</when>
        <gx:coord>12.018887 51.56214 383.22165</gx:coord>
        <when>2025-01-01T00:48:18.0882910Z</when>
        <gx:coord>12.017939 51.562428 383.27808</gx:coord>
        <when>2025-01-01T00:48:20.5852910Z</when>
        <gx:coord>12.016435 51.562824 382.8413</gx:coord>
        <when>2025-01-01T00:48:22.0892910Z</when>
        <gx:coord>12.015336 51.56299 386.85095</gx:coord>
        <when>2025-01-01T00:48:23.0862910Z</when>
        <gx:coord>12.015336 51.56299 386.85095</gx:coord>
        <when>2025-01-01T00:48:25.5852910Z</when>
        <gx:coord>12.0135975 51.56299 388.0412</gx:coord>
        <when>2025-01-01T00:48:26.0882910Z</when>
        <gx:coord>12.0135975 51.56299 388.0412</gx:coord>
        <when>2025-01-01T00:48:28.0852910Z</when>
        <gx:coord>12.012423 51.562824 388.7306</gx:coord>
        <when>2025-01-01T00:48:29.0822910Z</when>
        <gx:coord>12.011855 51.562687 390.05795</gx:coord>
        <when>2025-01-01T00:48:30.0942910Z</when>
        <gx:coord>12.011302 51.562527 391.0571</gx:coord>
        <when>2025-01-01T00:48:30.5852910Z</when>
        <gx:coord>12.0107765 51.562325 391.90085</gx:coord>
        <when>2025-01-01T00:48:32.0852910Z</when>
        <gx:coord>12.010283 51.56209 393.01633</gx:coord>
        <when>2025-01-01T00:48:35.0902910Z</when>
        <gx:coord>12.008985 51.561245 393.7495</gx:coord>
        <when>2025-01-01T00:48:35.5852910Z</when>
        <gx:coord>12.008622 51.560917 394.73813</gx:coord>
        <when>2025-01-01T00:48:38.0872910Z</when>
        <gx:coord>12.008018 51.56021 397.85217</gx:coord>
        <when>2025-01-01T00:48:40.5852910Z</when>
        <gx:coord>12.007271 51.559082 393.22397</gx:coord>
        <when>2025-01-01T00:48:45.5852910Z</when>
        <gx:coord>12.006122 51.557133 386.39395</gx:coord>
        <when>2025-01-01T00:48:50.5852910Z</when>
        <gx:coord>12.0050335 51.555157 379.79672</gx:coord>
        <when>2025-01-01T00:48:55.5852910Z</when>
        <gx:coord>12.003892 51.553192 368.8238</gx:coord>
        <when>2025-01-01T00:48:58.0882910Z</when>
        <gx:coord>12.003162 51.552017 364.62393</gx:coord>
        <when>2025-01-01T00:49:00.5852910Z</when>
        <gx:coord>12.002692 51.55123 359.8329</gx:coord>
        <when>2025-01-01T00:49:03.0862910Z</when>
        <gx:coord>12.002313 51.550426 359.22552</gx:coord>
        <when>2025-01-01T00:49:05.5852910Z</when>
        <gx:coord>12.002123 51.549164 364.98257</gx:coord>
        <when>2025-01-01T00:49:06.0892910Z</when>
        <gx:coord>12.002123 51.549164 364.98257</gx:coord>
        <when>2025-01-01T00:49:07.0992910Z</when>
        <gx:coord>12.002185 51.54874 366.44644</gx:coord>
        <when>2025-01-01T00:49:09.0992910Z</when>
        <gx:coord>12.002459 51.547905 366.54395</gx:coord>
        <when>2025-01-01T00:49:10.5842910Z</when>
        <gx:coord>12.002947 51.547096 364.63275</gx:coord>
        <when>2025-01-01T00:49:12.0952910Z</when>
        <gx:coord>12.003278 51.54671 363.93655</gx:coord>
        <when>2025-01-01T00:49:14.0902910Z</when>
        <gx:coord>12.004126 51.545998 362.63245</gx:coord>
        <when>2025-01-01T00:49:15.5852910Z</when>
        <gx:coord>12.005185 51.545387 360.8342</gx:coord>
        <when>2025-01-01T00:49:16.0882910Z</when>
        <gx:coord>12.005185 51.545387 360.8342</gx:coord>
        <when>2025-01-01T00:49:18.0862910Z</when>
        <gx:coord>12.007055 51.544666 355.83972</gx:coord>
        <when>2025-01-01T00:49:19.0942910Z</when>
        <gx:coord>12.007055 51.544666 355.83972</gx:coord>
        <when>2025-01-01T00:49:20.5842910Z</when>
        <gx:coord>12.0084 51.54427 350.7605</gx:coord>
        <when>2025-01-01T00:49:25.5852910Z</when>
        <gx:coord>12.0118685 51.543358 344.45813</gx:coord>
        <when>2025-01-01T00:49:26.0852910Z</when>
        <gx:coord>12.0118685 51.543358 344.45813</gx:coord>
        <when>2025-01-01T00:49:30.5852910Z</when>
        <gx:coord>12.015386 51.542477 351.25745</gx:coord>
        <when>2025-01-01T00:49:35.5852910Z</when>
        <gx:coord>12.018803 51.541565 360.7038</gx:coord>
        <when>2025-01-01T00:49:40.5842910Z</when>
        <gx:coord>12.022207 51.540676 367.1117</gx:coord>
        <when>2025-01-01T00:49:41.0992910Z</when>
        <gx:coord>12.022886 51.540497 367.1117</gx:coord>
        <when>2025-01-01T00:49:45.5852910Z</when>
        <gx:coord>12.025634 51.539787 371.45837</gx:coord>
        <when>2025-01-01T00:49:50.5842910Z</when>
        <gx:coord>12.029061 51.538853 371.62976</gx:coord>
        <when>2025-01-01T00:49:55.5852910Z</when>
        <gx:coord>12.032433 51.537895 371.39587</gx:coord>
        <when>2025-01-01T00:50:00.5842910Z</when>
        <gx:coord>12.03577 51.53694 371.1427</gx:coord>
        <when>2025-01-01T00:50:05.5842910Z</when>
        <gx:coord>12.039091 51.536003 369.90494</gx:coord>
        <when>2025-01-01T00:50:10.5842910Z</when>
        <gx:coord>12.04242 51.5351 364.77652</gx:coord>
        <when>2025-01-01T00:50:15.5842910Z</when>
        <gx:coord>12.045782 51.5342 357.6998</gx:coord>
        <when>2025-01-01T00:50:18.0882910Z</when>
        <gx:coord>12.047807 51.53366 356.7507</gx:coord>
        <when>2025-01-01T00:50:20.5952910Z</when>
        <gx:coord>12.049145 51.533302 357.24582</gx:coord>
        <when>2025-01-01T00:50:25.0842910Z</when>
        <gx:coord>12.051707 51.532604 358.9256</gx:coord>
        <when>2025-01-01T00:50:25.5842910Z</when>
        <gx:coord>12.052326 51.53244 359.3379</gx:coord>
        <when>2025-01-01T00:50:30.5962910Z</when>
        <gx:coord>12.055273 51.531666 363.5785</gx:coord>
        <when>2025-01-01T00:50:35.0862910Z</when>
        <gx:coord>12.057518 51.531075 364.69318</gx:coord>
        <when>2025-01-01T00:50:35.5842910Z</when>
        <gx:coord>12.058068 51.530926 363.69785</gx:coord>
        <when>2025-01-01T00:50:40.5842910Z</when>
        <gx:coord>12.060763 51.530174 360.4743</gx:coord>
        <when>2025-01-01T00:50:45.5842910Z</when>
        <gx:coord>12.063443 51.52941 352.7337</gx:coord>
        <when>2025-01-01T00:50:50.5842910Z</when>
        <gx:coord>12.066154 51.52864 348.69992</gx:coord>
        <when>2025-01-01T00:50:55.5842910Z</when>
        <gx:coord>12.068883 51.52795 351.50934</gx:coord>
        <when>2025-01-01T00:51:00.5842910Z</when>
        <gx:coord>12.071578 51.52732 350.35602</gx:coord>
        <when>2025-01-01T00:51:02.0972910Z</when>
        <gx:coord>12.072657 51.5271 348.92078</gx:coord>
        <when>2025-01-01T00:51:03.0852910Z</when>
        <gx:coord>12.072657 51.5271 347.72174</gx:coord>
        <when>2025-01-01T00:51:05.5842910Z</when>
        <gx:coord>12.074285 51.526863 345.08676</gx:coord>
        <when>2025-01-01T00:51:06.0872910Z</when>
        <gx:coord>12.074285 51.526863 345.08676</gx:coord>
        <when>2025-01-01T00:51:08.0862910Z</when>
        <gx:coord>12.075351 51.52684 344.04807</gx:coord>
        <when>2025-01-01T00:51:08.0862910Z</when>
        <gx:coord>12.075351 51.52684 344.04807</gx:coord>
        <when>2025-01-01T00:51:10.0882910Z</when>
        <gx:coord>12.076362 51.52696 339.51733</gx:coord>
        <when>2025-01-01T00:51:10.5842910Z</when>
        <gx:coord>12.076828 51.52708 337.06595</gx:coord>
        <when>2025-01-01T00:51:12.0892910Z</when>
        <gx:coord>12.077256 51.52724 334.851</gx:coord>
        <when>2025-01-01T00:51:14.0922910Z</when>
        <gx:coord>12.077997 51.52765 332.10196</gx:coord>
        <when>2025-01-01T00:51:15.5842910Z</when>
        <gx:coord>12.078613 51.528133 327.86066</gx:coord>
        <when>2025-01-01T00:51:16.0872910Z</when>
        <gx:coord>12.078894 51.528397 325.20746</gx:coord>
        <when>2025-01-01T00:51:18.0912910Z</when>
        <gx:coord>12.079166 51.52867 322.95508</gx:coord>
        <when>2025-01-01T00:51:20.5842910Z</when>
        <gx:coord>12.079998 51.529537 317.4391</gx:coord>
        <when>2025-01-01T00:51:25.5842910Z</when>
        <gx:coord>12.081304 51.531048 303.256</gx:coord>
        <when>2025-01-01T00:51:28.0912910Z</when>
        <gx:coord>12.082072 51.53195 293.93292</gx:coord>
        <when>2025-01-01T00:51:30.5842910Z</when>
        <gx:coord>12.082579 51.532555 288.69672</gx:coord>
        <when>2025-01-01T00:51:35.5842910Z</when>
        <gx:coord>12.083839 51.53406 279.33102</gx:coord>
        <when>2025-01-01T00:51:40.5842910Z</when>
        <gx:coord>12.085065 51.53555 268.93143</gx:coord>
        <when>2025-01-01T00:51:43.0872910Z</when>
        <gx:coord>12.085813 51.536434 262.62524</gx:coord>
        <when>2025-01-01T00:51:45.5842910Z</when>
        <gx:coord>12.086298 51.537025 257.28513</gx:coord>
        <when>2025-01-01T00:51:49.0872910Z</when>
        <gx:coord>12.086945 51.537914 249.69057</gx:coord>
        <when>2025-01-01T00:51:50.5842910Z</when>
        <gx:coord>12.087204 51.53852 247.0731</gx:coord>
        <when>2025-01-01T00:51:51.0942910Z</when>
        <gx:coord>12.087204 51.53852 247.0731</gx:coord>
        <when>2025-01-01T00:51:53.0902910Z</when>
        <gx:coord>12.087266 51.539127 246.02248</gx:coord>
        <when>2025-01-01T00:51:55.0892910Z</when>
        <gx:coord>12.087167 51.539707 243.45174</gx:coord>
        <when>2025-01-01T00:51:55.5842910Z</when>
        <gx:coord>12.087061 51.53998 241.75227</gx:coord>
        <when>2025-01-01T00:51:57.0922910Z</when>
        <gx:coord>12.086928 51.54025 241.07906</gx:coord>
        <when>2025-01-01T00:51:59.0892910Z</when>
        <gx:coord>12.086598 51.540768 238.80466</gx:coord>
        <when>2025-01-01T00:52:00.5842910Z</when>
        <gx:coord>12.086217 51.54127 235.54628</gx:coord>
        <when>2025-01-01T00:52:01.0932910Z</when>
        <gx:coord>12.0859995 51.54152 235.54628</gx:coord>
        <when>2025-01-01T00:52:03.0942910Z</when>
        <gx:coord>12.085523 51.542 230.11327</gx:coord>
        <when>2025-01-01T00:52:05.0872910Z</when>
        <gx:coord>12.085271 51.542233 227.20992</gx:coord>
        <when>2025-01-01T00:52:05.5842910Z</when>
        <gx:coord>12.085006 51.54246 224.40007</gx:coord>
        <when>2025-01-01T00:52:10.0892910Z</when>
        <gx:coord>12.083799 51.543312 218.36876</gx:coord>
        <when>2025-01-01T00:52:10.5842910Z</when>
        <gx:coord>12.083469 51.54351 216.49185</gx:coord>
        <when>2025-01-01T00:52:14.0852910Z</when>
        <gx:coord>12.08243 51.544018 213.4058</gx:coord>
        <when>2025-01-01T00:52:15.5832910Z</when>
        <gx:coord>12.081707 51.5443 209.49161</gx:coord>
        <when>2025-01-01T00:52:20.0862910Z</when>
        <gx:coord>12.079896 51.544903 199.11551</gx:coord>
        <when>2025-01-01T00:52:20.5832910Z</when>
        <gx:coord>12.079896 51.544903 199.11551</gx:coord>
        <when>2025-01-01T00:52:25.5832910Z</when>
        <gx:coord>12.078106 51.54544 189.44054</gx:coord>
        <when>2025-01-01T00:52:30.5832910Z</when>
        <gx:coord>12.076326 51.545937 181.86568</gx:coord>
        <when>2025-01-01T00:52:34.0862910Z</when>
        <gx:coord>12.075288 51.546223 177.08252</gx:coord>
        <when>2025-01-01T00:52:34.0862910Z</when>
        <gx:coord>12.075288 51.546223 177.08252</gx:coord>
        <when>2025-01-01T00:52:35.5832910Z</when>
        <gx:coord>12.07461 51.546406 173.1394</gx:coord>
        <when>2025-01-01T00:52:38.0962910Z</when>
        <gx:coord>12.073588 51.54668 166.81635</gx:coord>
        <when>2025-01-01T00:52:40.5832910Z</when>
        <gx:coord>12.0729065 51.546875 163.50018</gx:coord>
        <when>2025-01-01T00:52:45.5832910Z</when>
        <gx:coord>12.071223 51.547417 154.05269</gx:coord>
        <when>2025-01-01T00:52:50.5832910Z</when>
        <gx:coord>12.069484 51.547943 146.42204</gx:coord>
        <when>2025-01-01T00:52:55.5832910Z</when>
        <gx:coord>12.067717 51.548462 139.30997</gx:coord>
        <when>2025-01-01T00:52:57.0892910Z</when>
        <gx:coord>12.066999 51.54866 135.21393</gx:coord>
        <when>2025-01-01T00:53:00.5832910Z</when>
        <gx:coord>12.065934 51.54896 130.37495</gx:coord>
        <when>2025-01-01T00:53:05.5832910Z</when>
        <gx:coord>12.06417 51.549458 124.0141</gx:coord>
        <when>2025-01-01T00:53:09.0912910Z</when>
        <gx:coord>12.062766 51.549843 120.119644</gx:coord>
        <when>2025-01-01T00:53:10.5832910Z</when>
        <gx:coord>12.062417 51.549934 116.83704</gx:coord>
        <when>2025-01-01T00:53:15.5832910Z</when>
        <gx:coord>12.060748 51.550423 107.45312</gx:coord>
        <when>2025-01-01T00:53:20.5832910Z</when>
        <gx:coord>12.059258 51.550846 106.00599</gx:coord>
        <when>2025-01-01T00:53:22.0872910Z</when>
        <gx:coord>12.058993 51.55092 105.710396</gx:coord>
        <when>2025-01-01T00:53:25.5832910Z</when>
        <gx:coord>12.058001 51.551197 106.38279</gx:coord>
        <when>2025-01-01T00:53:30.5822910Z</when>
        <gx:coord>12.0565605 51.551586 106.564285</gx:coord>
        <when>2025-01-01T00:53:32.0932910Z</when>
        <gx:coord>12.056215 51.551685 106.70033</gx:coord>
        <when>2025-01-01T00:53:35.5832910Z</when>
        <gx:coord>12.054696 51.552105 108.013985</gx:coord>
        <when>2025-01-01T00:53:39.0932910Z</when>
        <gx:coord>12.053458 51.55245 114.037056</gx:coord>
        <when>2025-01-01T00:53:40.5822910Z</when>
        <gx:coord>12.052616 51.552696 118.28325</gx:coord>
        <when>2025-01-01T00:53:45.5832910Z</when>
        <gx:coord>12.050452 51.553303 132.21103</gx:coord>
        <when>2025-01-01T00:53:50.5832910Z</when>
        <gx:coord>12.048224 51.553875 149.56299</gx:coord>
        <when>2025-01-01T00:53:54.0892910Z</when>
        <gx:coord>12.04652 51.55438 168.03888</gx:coord>
        <when>2025-01-01T00:53:55.5832910Z</when>
        <gx:coord>12.046103 51.55451 172.89183</gx:coord>
        <when>2025-01-01T00:54:00.5832910Z</when>
        <gx:coord>12.044049 51.55521 192.25691</gx:coord>
        <when>2025-01-01T00:54:02.0882910Z</when>
        <gx:coord>12.043221 51.555473 201.1439</gx:coord>
        <when>2025-01-01T00:54:05.5832910Z</when>
        <gx:coord>12.041973 51.555847 211.15343</gx:coord>
        <when>2025-01-01T00:54:10.5822910Z</when>
        <gx:coord>12.039896 51.556454 226.1195</gx:coord>
        <when>2025-01-01T00:54:12.0872910Z</when>
        <gx:coord>12.039065 51.556694 232.81236</gx:coord>
        <when>2025-01-01T00:54:14.0972910Z</when>
        <gx:coord>12.03823 51.556923 236.62532</gx:coord>
        <when>2025-01-01T00:54:15.5822910Z</when>
        <gx:coord>12.037812 51.55703 244.8877</gx:coord>
        <when>2025-01-01T00:54:20.0902910Z</when>
        <gx:coord>12.035743 51.557583 263.8828</gx:coord>
        <when>2025-01-01T00:54:20.5832910Z</when>
        <gx:coord>12.035743 51.557583 263.8828</gx:coord>
        <when>2025-01-01T00:54:25.5832910Z</when>
        <gx:coord>12.033644 51.558113 283.30988</gx:coord>
        <when>2025-01-01T00:54:28.0862910Z</when>
        <gx:coord>12.03239 51.55842 298.24585</gx:coord>
        <when>2025-01-01T00:54:30.5832910Z</when>
        <gx:coord>12.031552 51.558624 308.88992</gx:coord>
        <when>2025-01-01T00:54:35.0842910Z</when>
        <gx:coord>12.029469 51.559113 331.82266</gx:coord>
        <when>2025-01-01T00:54:35.5832910Z</when>
        <gx:coord>12.029469 51.559113 331.82266</gx:coord>
        <when>2025-01-01T00:54:40.5822910Z</when>
        <gx:coord>12.027443 51.559708 350.27887</gx:coord>
        <when>2025-01-01T00:54:45.5822910Z</when>
        <gx:coord>12.025278 51.56039 355.74683</gx:coord>
        <when>2025-01-01T00:54:48.0862910Z</when>
        <gx:coord>12.024328 51.560673 357.73715</gx:coord>
        <when>2025-01-01T00:54:49.0952910Z</when>
        <gx:coord>12.023366 51.56098 362.4387</gx:coord>
        <when>2025-01-01T00:54:50.5822910Z</when>
        <gx:coord>12.022886 51.561134 363.26712</gx:coord>
        <when>2025-01-01T00:54:55.5822910Z</when>
        <gx:coord>12.020455 51.561947 357.77524</gx:coord>
        <when>2025-01-01T00:54:59.0852910Z</when>
        <gx:coord>12.018904 51.562283 357.63638</gx:coord>
        <when>2025-01-01T00:55:00.5822910Z</when>
        <gx:coord>12.017794 51.562317 359.2147</gx:coord>
        <when>2025-01-01T00:55:01.0842910Z</when>
        <gx:coord>12.017794 51.562317 359.2147</gx:coord>
        <when>2025-01-01T00:55:03.0912910Z</when>
        <gx:coord>12.016685 51.56219 361.39163</gx:coord>
        <when>2025-01-01T00:55:05.0942910Z</when>
        <gx:coord>12.01562 51.561913 364.2802</gx:coord>
        <when>2025-01-01T00:55:05.5822910Z</when>
        <gx:coord>12.015115 51.561718 365.8072</gx:coord>
        <when>2025-01-01T00:55:07.0942910Z</when>
        <gx:coord>12.014633 51.561497 366.2005</gx:coord>
        <when>2025-01-01T00:55:09.0852910Z</when>
        <gx:coord>12.013765 51.56096 366.2394</gx:coord>
        <when>2025-01-01T00:55:10.0862910Z</when>
        <gx:coord>12.013376 51.560654 366.68167</gx:coord>
        <when>2025-01-01T00:55:10.5822910Z</when>
        <gx:coord>12.01303 51.56032 367.23138</gx:coord>
        <when>2025-01-01T00:55:14.0882910Z</when>
        <gx:coord>12.012106 51.559242 367.04974</gx:coord>
        <when>2025-01-01T00:55:15.0922910Z</when>
        <gx:coord>12.01154 51.558483 368.191</gx:coord>
        <when>2025-01-01T00:55:15.5822910Z</when>
        <gx:coord>12.01154 51.558483 368.71167</gx:coord>
        <when>2025-01-01T00:55:20.5822910Z</when>
        <gx:coord>12.010133 51.556572 361.0111</gx:coord>
        <when>2025-01-01T00:55:25.5822910Z</when>
        <gx:coord>12.0086155 51.55472 356.27612</gx:coord>
        <when>2025-01-01T00:55:30.5822910Z</when>
        <gx:coord>12.007091 51.552887 350.7471</gx:coord>
        <when>2025-01-01T00:55:35.5822910Z</when>
        <gx:coord>12.005609 51.551006 344.98123</gx:coord>
        <when>2025-01-01T00:55:39.0952910Z</when>
        <gx:coord>12.004859 51.549816 347.24802</gx:coord>
        <when>2025-01-01T00:55:40.5822910Z</when>
        <gx:coord>12.004623 51.548977 352.67355</gx:coord>
        <when>2025-01-01T00:55:41.0972910Z</when>
        <gx:coord>12.004623 51.548977 352.67355</gx:coord>
        <when>2025-01-01T00:55:44.0872910Z</when>
        <gx:coord>12.004756 51.547703 358.68997</gx:coord>
        <when>2025-01-01T00:55:45.5822910Z</when>
        <gx:coord>12.005144 51.54689 359.9814</gx:coord>
        <when>2025-01-01T00:55:46.0972910Z</when>
        <gx:coord>12.005144 51.54689 359.9814</gx:coord>
        <when>2025-01-01T00:55:48.0882910Z</when>
        <gx:coord>12.005811 51.546143 360.79645</gx:coord>
        <when>2025-01-01T00:55:48.0882910Z</when>
        <gx:coord>12.005811 51.546143 360.79645</gx:coord>
        <when>2025-01-01T00:55:50.0882910Z</when>
        <gx:coord>12.006725 51.54549 360.25253</gx:coord>
        <when>2025-01-01T00:55:50.5822910Z</when>
        <gx:coord>12.007257 51.545204 359.32513</gx:coord>
        <when>2025-01-01T00:55:53.0872910Z</when>
        <gx:coord>12.008431 51.5447 357.4968</gx:coord>
        <when>2025-01-01T00:55:55.5822910Z</when>
        <gx:coord>12.010369 51.544094 350.67358</gx:coord>
        <when>2025-01-01T00:56:00.5822910Z</when>
        <gx:coord>12.0137415 51.543137 347.42358</gx:coord>
        <when>2025-01-01T00:56:05.5822910Z</when>
        <gx:coord>12.017103 51.54222 348.2578</gx:coord>
        <when>2025-01-01T00:56:06.0912910Z</when>
        <gx:coord>12.017771 51.54204 348.2578</gx:coord>
        <when>2025-01-01T00:56:10.5822910Z</when>
        <gx:coord>12.020415 51.5413 353.01904</gx:coord>
        <when>2025-01-01T00:56:15.5822910Z</when>
        <gx:coord>12.023657 51.54038 354.70642</gx:coord>
        <when>2025-01-01T00:56:20.5822910Z</when>
        <gx:coord>12.026979 51.539524 346.58328</gx:coord>
        <when>2025-01-01T00:56:25.5822910Z</when>
        <gx:coord>12.030414 51.53866 340.9186</gx:coord>
        <when>2025-01-01T00:56:30.5822910Z</when>
        <gx:coord>12.03382 51.53771 339.26358</gx:coord>
        <when>2025-01-01T00:56:35.5812910Z</when>
        <gx:coord>12.0371475 51.536728 349.1342</gx:coord>
        <when>2025-01-01T00:56:40.5822910Z</when>
        <gx:coord>12.040467 51.535778 349.89972</gx:coord>
        <when>2025-01-01T00:56:43.0902910Z</when>
        <gx:coord>12.042478 51.535206 350.0754</gx:coord>
        <when>2025-01-01T00:56:45.5822910Z</when>
        <gx:coord>12.043814 51.534824 352.8116</gx:coord>
        <when>2025-01-01T00:56:50.5822910Z</when>
        <gx:coord>12.047148 51.5339 354.4465</gx:coord>
        <when>2025-01-01T00:56:55.5822910Z</when>
        <gx:coord>12.050379 51.533035 363.09467</gx:coord>
        <when>2025-01-01T00:57:00.5822910Z</when>
        <gx:coord>12.053388 51.532257 371.14523</gx:coord>
        <when>2025-01-01T00:57:05.5812910Z</when>
        <gx:coord>12.056289 51.53151 368.11166</gx:coord>
        <when>2025-01-01T00:57:10.5812910Z</when>
        <gx:coord>12.05919 51.53078 363.53824</gx:coord>
        <when>2025-01-01T00:57:15.5812910Z</when>
        <gx:coord>12.06208 51.530083 360.8205</gx:coord>
        <when>2025-01-01T00:57:17.0872910Z</when>
        <gx:coord>12.062655 51.52995 359.1666</gx:coord>
        <when>2025-01-01T00:57:20.5812910Z</when>
        <gx:coord>12.064937 51.5294 352.31073</gx:coord>
        <when>2025-01-01T00:57:24.0912910Z</when>
        <gx:coord>12.067212 51.528843 348.3361</gx:coord>
        <when>2025-01-01T00:57:25.5812910Z</when>
        <gx:coord>12.067766 51.528694 346.47668</gx:coord>
        <when>2025-01-01T00:57:30.5812910Z</when>
        <gx:coord>12.070523 51.527958 338.01904</gx:coord>
        <when>2025-01-01T00:57:35.0882910Z</when>
        <gx:coord>12.072756 51.52742 338.62183</gx:coord>
        <when>2025-01-01T00:57:35.5812910Z</when>
        <gx:coord>12.073307 51.52731 340.39215</gx:coord>
        <when>2025-01-01T00:57:38.0882910Z</when>
        <gx:coord>12.074409 51.52717 342.91898</gx:coord>
        <when>2025-01-01T00:57:39.0882910Z</when>
        <gx:coord>12.074955 51.52715 343.62854</gx:coord>
        <when>2025-01-01T00:57:40.0892910Z</when>
        <gx:coord>12.07549 51.527164 343.99463</gx:coord>
        <when>2025-01-01T00:57:40.5812910Z</when>
        <gx:coord>12.076011 51.527214 344.0414</gx:coord>
        <when>2025-01-01T00:57:42.0872910Z</when>
        <gx:coord>12.0765085 51.5273 343.40897</gx:coord>
        <when>2025-01-01T00:57:44.0892910Z</when>
        <gx:coord>12.0774145 51.527573 340.72256</gx:coord>
        <when>2025-01-01T00:57:45.5812910Z</when>
        <gx:coord>12.078191 51.52795 335.0103</gx:coord>
        <when>2025-01-01T00:57:46.0912910Z</when>
        <gx:coord>12.078191 51.52795 335.0103</gx:coord>
        <when>2025-01-01T00:57:46.0912910Z</when>
        <gx:coord>12.078532 51.528168 331.68655</gx:coord>
        <when>2025-01-01T00:57:49.0932910Z</when>
        <gx:coord>12.0791445 51.528652 324.19202</gx:coord>
        <when>2025-01-01T00:57:50.5812910Z</when>
        <gx:coord>12.07971 51.52917 317.05533</gx:coord>
        <when>2025-01-01T00:57:55.5812910Z</when>
        <gx:coord>12.081028 51.530567 302.5088</gx:coord>
        <when>2025-01-01T00:57:56.0902910Z</when>
        <gx:coord>12.081276 51.530857 298.11182</gx:coord>
        <when>2025-01-01T00:58:00.0832910Z</when>
        <gx:coord>12.08198 51.531757 284.17468</gx:coord>
        <when>2025-01-01T00:58:00.5812910Z</when>
        <gx:coord>12.082211 51.532063 280.3496</gx:coord>
        <when>2025-01-01T00:58:05.0872910Z</when>
        <gx:coord>12.083404 51.533558 266.55197</gx:coord>
        <when>2025-01-01T00:58:05.5812910Z</when>
        <gx:coord>12.083404 51.533558 266.55197</gx:coord>
        <when>2025-01-01T00:58:10.5812910Z</when>
        <gx:coord>12.084609 51.535023 257.21323</gx:coord>
        <when>2025-01-01T00:58:15.5812910Z</when>
        <gx:coord>12.085778 51.53646 250.09691</gx:coord>
        <when>2025-01-01T00:58:20.5802910Z</when>
        <gx:coord>12.0868845 51.537907 242.58643</gx:coord>
        <when>2025-01-01T00:58:24.0942910Z</when>
        <gx:coord>12.087439 51.538788 238.747</gx:coord>
        <when>2025-01-01T00:58:25.5812910Z</when>
        <gx:coord>12.087638 51.539383 237.95982</gx:coord>
        <when>2025-01-01T00:58:26.0922910Z</when>
        <gx:coord>12.08767 51.53968 237.95982</gx:coord>
        <when>2025-01-01T00:58:27.0892910Z</when>
        <gx:coord>12.08767 51.53968 238.9856</gx:coord>
        <when>2025-01-01T00:58:28.0902910Z</when>
        <gx:coord>12.087673 51.53997 239.4794</gx:coord>
        <when>2025-01-01T00:58:29.0902910Z</when>
        <gx:coord>12.0876465 51.54026 240.07767</gx:coord>
        <when>2025-01-01T00:58:30.5812910Z</when>
        <gx:coord>12.08748 51.540817 241.2487</gx:coord>
        <when>2025-01-01T00:58:31.0882910Z</when>
        <gx:coord>12.08748 51.540817 241.2487</gx:coord>
        <when>2025-01-01T00:58:34.0902910Z</when>
        <gx:coord>12.087022 51.541573 237.26839</gx:coord>
        <when>2025-01-01T00:58:34.0912910Z</when>
        <gx:coord>12.086819 51.54181 234.81044</gx:coord>
        <when>2025-01-01T00:58:35.5802910Z</when>
        <gx:coord>12.086589 51.542034 234.06038</gx:coord>
        <when>2025-01-01T00:58:38.0862910Z</when>
        <gx:coord>12.086089 51.54247 230.50897</gx:coord>
        <when>2025-01-01T00:58:40.5802910Z</when>
        <gx:coord>12.0852375 51.543064 224.86665</gx:coord>
        <when>2025-01-01T00:58:42.0942910Z</when>
        <gx:coord>12.084917 51.543243 223.57129</gx:coord>
        <when>2025-01-01T00:58:45.5802910Z</when>
        <gx:coord>12.083542 51.54382 220.48586</gx:coord>
        <when>2025-01-01T00:58:46.0882910Z</when>
        <gx:coord>12.083542 51.54382 220.48586</gx:coord>
        <when>2025-01-01T00:58:50.5812910Z</when>
        <gx:coord>12.081727 51.54438 212.35045</gx:coord>
        <when>2025-01-01T00:58:55.5812910Z</when>
        <gx:coord>12.07992 51.544903 206.61588</gx:coord>
        <when>2025-01-01T00:58:57.0872910Z</when>
        <gx:coord>12.079216 51.545105 202.2903</gx:coord>
        <when>2025-01-01T00:59:00.5802910Z</when>
        <gx:coord>12.078145 51.545403 195.8952</gx:coord>
        <when>2025-01-01T00:59:05.5812910Z</when>
        <gx:coord>12.076329 51.545925 188.66092</gx:coord>
        <when>2025-01-01T00:59:10.5812910Z</when>
        <gx:coord>12.074491 51.546497 180.48874</gx:coord>
        <when>2025-01-01T00:59:15.0862910Z</when>
        <gx:coord>12.072543 51.547077 171.13385</gx:coord>
        <when>2025-01-01T00:59:15.5802910Z</when>
        <gx:coord>12.072543 51.547077 171.13385</gx:coord>
        <when>2025-01-01T00:59:20.5812910Z</when>
        <gx:coord>12.070583 51.54764 159.88464</gx:coord>
        <when>2025-01-01T00:59:25.5812910Z</when>
        <gx:coord>12.068678 51.54817 148.73917</gx:coord>
        <when>2025-01-01T00:59:29.0932910Z</when>
        <gx:coord>12.067217 51.54861 138.24773</gx:coord>
        <when>2025-01-01T00:59:30.5802910Z</when>
        <gx:coord>12.066849 51.548714 136.56319</gx:coord>
        <when>2025-01-01T00:59:34.0922910Z</when>
        <gx:coord>12.065351 51.549126 132.39227</gx:coord>
        <when>2025-01-01T00:59:35.5802910Z</when>
        <gx:coord>12.064978 51.54923 129.08624</gx:coord>
        <when>2025-01-01T00:59:40.5792910Z</when>
        <gx:coord>12.063148 51.54974 121.67691</gx:coord>
        <when>2025-01-01T00:59:45.5802910Z</when>
        <gx:coord>12.061359 51.55026 111.54365</gx:coord>
        <when>2025-01-01T00:59:46.0922910Z</when>
        <gx:coord>12.061359 51.55026 111.54365</gx:coord>
        <when>2025-01-01T00:59:50.0922910Z</when>
        <gx:coord>12.059701 51.55073 107.48934</gx:coord>
        <when>2025-01-01T00:59:50.5802910Z</when>
        <gx:coord>12.059701 51.55073 107.48934</gx:coord>
        <when>2025-01-01T00:59:54.0892910Z</when>
        <gx:coord>12.058825 51.550972 107.13892</gx:coord>
        <when>2025-01-01T00:59:55.5802910Z</when>
        <gx:coord>12.0582905 51.55112 107.05545</gx:coord>
        <when>2025-01-01T01:00:00.5802910Z</when>
        <gx:coord>12.057061 51.55146 107.18709</gx:coord>
        <when>2025-01-01T01:00:05.5802910Z</when>
        <gx:coord>12.055624 51.551865 107.28454</gx:coord>
        <when>2025-01-01T01:00:07.0942910Z</when>
        <gx:coord>12.055287 51.55196 107.27445</gx:coord>
        <when>2025-01-01T01:00:10.5802910Z</when>
        <gx:coord>12.053785 51.552383 109.06723</gx:coord>
        <when>2025-01-01T01:00:13.0892910Z</when>
        <gx:coord>12.052959 51.552605 110.9161</gx:coord>
        <when>2025-01-01T01:00:15.5802910Z</when>
        <gx:coord>12.0516615 51.552948 114.390434</gx:coord>
        <when>2025-01-01T01:00:20.5802910Z</when>
        <gx:coord>12.049468 51.55359 127.60993</gx:coord>
        <when>2025-01-01T01:00:23.0912910Z</when>
        <gx:coord>12.048156 51.553936 141.17232</gx:coord>
        <when>2025-01-01T01:00:25.5802910Z</when>
        <gx:coord>12.047313 51.554165 149.36296</gx:coord>
        <when>2025-01-01T01:00:30.5802910Z</when>
        <gx:coord>12.045346 51.554756 167.63829</gx:coord>
        <when>2025-01-01T01:00:32.0892910Z</when>
        <gx:coord>12.044583 51.555004 174.99217</gx:coord>
        <when>2025-01-01T01:00:35.5802910Z</when>
        <gx:coord>12.043431 51.555378 184.50912</gx:coord>
        <when>2025-01-01T01:00:40.5802910Z</when>
        <gx:coord>12.041432 51.555954 205.35115</gx:coord>
        <when>2025-01-01T01:00:41.0872910Z</when>
        <gx:coord>12.041009 51.55606 205.35115</gx:coord>
        <when>2025-01-01T01:00:41.0872910Z</when>
        <gx:coord>12.041009 51.55606 207.54832</gx:coord>
        <when>2025-01-01T01:00:43.0882910Z</when>
        <gx:coord>12.040578 51.55615 209.87437</gx:coord>
        <when>2025-01-01T01:00:45.5802910Z</when>
        <gx:coord>12.039244 51.556385 218.29486</gx:coord>
        <when>2025-01-01T01:00:50.5802910Z</when>
        <gx:coord>12.0370035 51.55685 234.87744</gx:coord>
        <when>2025-01-01T01:00:51.0862910Z</when>
        <gx:coord>12.036556 51.556957 239.06496</gx:coord>
        <when>2025-01-01T01:00:55.5792910Z</when>
        <gx:coord>12.034773 51.557415 249.3325</gx:coord>
        <when>2025-01-01T01:01:00.5802910Z</when>
        <gx:coord>12.032505 51.55803 262.08914</gx:coord>
        <when>2025-01-01T01:01:02.0872910Z</when>
        <gx:coord>12.031608 51.55829 272.53702</gx:coord>
        <when>2025-01-01T01:01:05.5802910Z</when>
        <gx:coord>12.030309 51.558704 287.48285</gx:coord>
        <when>2025-01-01T01:01:08.0882910Z</when>
        <gx:coord>12.029457 51.55899 293.6504</gx:coord>
        <when>2025-01-01T01:01:10.0902910Z</when>
        <gx:coord>12.028201 51.559425 304.3567</gx:coord>
        <when>2025-01-01T01:01:10.5802910Z</when>
        <gx:coord>12.028201 51.559425 304.3567</gx:coord>
        <when>2025-01-01T01:01:15.5802910Z</when>
        <gx:coord>12.026197 51.56017 320.81866</gx:coord>
        <when>2025-01-01T01:01:19.0912910Z</when>
        <gx:coord>12.024636 51.560757 334.84293</gx:coord>
        <when>2025-01-01T01:01:20.5802910Z</when>
        <gx:coord>12.024246 51.560905 337.45047</gx:coord>
        <when>2025-01-01T01:01:25.5802910Z</when>
        <gx:coord>12.022258 51.561638 349.81885</gx:coord>
        <when>2025-01-01T01:01:30.0892910Z</when>
        <gx:coord>12.020132 51.56228 367.27448</gx:coord>
        <when>2025-01-01T01:01:30.5802910Z</when>
        <gx:coord>12.020132 51.56228 367.27448</gx:coord>
        <when>2025-01-01T01:01:34.0972910Z</when>
        <gx:coord>12.0188 51.56261 377.0527</gx:coord>
        <when>2025-01-01T01:01:35.5802910Z</when>
        <gx:coord>12.017847 51.562744 382.9146</gx:coord>
        <when>2025-01-01T01:01:37.0872910Z</when>
        <gx:coord>12.017352 51.562767 385.52322</gx:coord>
        <when>2025-01-01T01:01:38.0932910Z</when>
        <gx:coord>12.016341 51.562706 387.83267</gx:coord>
        <when>2025-01-01T01:01:39.0892910Z</when>
        <gx:coord>12.016341 51.562706 390.2926</gx:coord>
        <when>2025-01-01T01:01:40.5802910Z</when>
        <gx:coord>12.015346 51.56251 396.98206</gx:coord>
        <when>2025-01-01T01:01:41.0902910Z</when>
        <gx:coord>12.015346 51.56251 396.98206</gx:coord>
        <when>2025-01-01T01:01:41.0902910Z</when>
        <gx:coord>12.014876 51.56235 400.4393</gx:coord>
        <when>2025-01-01T01:01:43.1012910Z</when>
        <gx:coord>12.014433 51.562164 404.98138</gx:coord>
        <when>2025-01-01T01:01:44.0902910Z</when>
        <gx:coord>12.014024 51.561943 408.85754</gx:coord>
        <when>2025-01-01T01:01:45.0912910Z</when>
        <gx:coord>12.013647 51.561695 412.32904</gx:coord>
        <when>2025-01-01T01:01:45.8012910Z</when>
        <gx:coord>12.013308 51.561424 415.56818</gx:coord>
        <when>2025-01-01T01:01:48.0892910Z</when>
        <gx:coord>12.012707 51.56083 421.576</gx:coord>
        <when>2025-01-01T01:01:50.5792910Z</when>
        <gx:coord>12.011985 51.559826 427.85416</gx:coord>
        <when>2025-01-01T01:01:52.1072910Z</when>
        <gx:coord>12.011544 51.55912 433.83905</gx:coord>
        <when>2025-01-01T01:01:54.0902910Z</when>
        <gx:coord>12.011331 51.558765 438.71317</gx:coord>
        <when>2025-01-01T01:01:55.5792910Z</when>
        <gx:coord>12.010872 51.558056 447.19604</gx:coord>
        <when>2025-01-01T01:01:59.0852910Z</when>
        <gx:coord>12.009901 51.55668 466.78607</gx:coord>
        <when>2025-01-01T01:02:00.5792910Z</when>
        <gx:coord>12.009671 51.556335 470.64697</gx:coord>
        <when>2025-01-01T01:02:05.5782910Z</when>
        <gx:coord>12.00856 51.554665 489.81396</gx:coord>
        <when>2025-01-01T01:02:08.0922910Z</when>
        <gx:coord>12.007869 51.55369 498.89908</gx:coord>
        <when>2025-01-01T01:02:10.5792910Z</when>
        <gx:coord>12.007399 51.55305 504.77258</gx:coord>
        <when>2025-01-01T01:02:15.5792910Z</when>
        <gx:coord>12.006318 51.551403 519.10974</gx:coord>
        <when>2025-01-01T01:02:17.0892910Z</when>
        <gx:coord>12.006122 51.551064 522.5113</gx:coord>
        <when>2025-01-01T01:02:19.0882910Z</when>
        <gx:coord>12.005709 51.550003 532.0449</gx:coord>
        <when>2025-01-01T01:02:20.0882910Z</when>
        <gx:coord>12.005709 51.550003 532.0449</gx:coord>
        <when>2025-01-01T01:02:20.5792910Z</when>
        <gx:coord>12.005664 51.549637 536.56354</gx:coord>
        <when>2025-01-01T01:02:22.0982910Z</when>
        <gx:coord>12.005673 51.54927 541.46124</gx:coord>
        <when>2025-01-01T01:02:24.0872910Z</when>
        <gx:coord>12.005852 51.54854 550.205</gx:coord>
        <when>2025-01-01T01:02:25.5792910Z</when>
        <gx:coord>12.006226 51.54783 557.4232</gx:coord>
        <when>2025-01-01T01:02:27.0912910Z</when>
        <gx:coord>12.006482 51.547485 560.4209</gx:coord>
        <when>2025-01-01T01:02:27.0962910Z</when>
        <gx:coord>12.006784 51.547153 560.4209</gx:coord>
        <when>2025-01-01T01:02:27.0962910Z</when>
        <gx:coord>12.006784 51.547153 563.034</gx:coord>
        <when>2025-01-01T01:02:30.0932910Z</when>
        <gx:coord>12.007524 51.546528 567.84265</gx:coord>
        <when>2025-01-01T01:02:30.5792910Z</when>
        <gx:coord>12.007956 51.54624 569.64386</gx:coord>
        <when>2025-01-01T01:02:33.0892910Z</when>
        <gx:coord>12.008926 51.545734 573.83527</gx:coord>
        <when>2025-01-01T01:02:35.5792910Z</when>
        <gx:coord>12.010563 51.545143 583.0244</gx:coord>
        <when>2025-01-01T01:02:37.0892910Z</when>
        <gx:coord>12.011129 51.544975 585.59454</gx:coord>
        <when>2025-01-01T01:02:40.0872910Z</when>
        <gx:coord>12.013417 51.54435 595.02313</gx:coord>
        <when>2025-01-01T01:02:40.5792910Z</when>
        <gx:coord>12.013417 51.54435 595.02313</gx:coord>
        <when>2025-01-01T01:02:45.5792910Z</when>
        <gx:coord>12.016291 51.54361 611.05005</gx:coord>
        <when>2025-01-01T01:02:49.1042910Z</when>
        <gx:coord>12.018528 51.543056 628.06683</gx:coord>
        <when>2025-01-01T01:02:50.5792910Z</when>
        <gx:coord>12.019085 51.54292 631.0956</gx:coord>
        <when>2025-01-01T01:02:55.5792910Z</when>
        <gx:coord>12.021857 51.5422 639.4751</gx:coord>
        <when>2025-01-01T01:03:00.5792910Z</when>
        <gx:coord>12.024591 51.54136 647.46716</gx:coord>
        <when>2025-01-01T01:03:05.5792910Z</when>
        <gx:coord>12.027404 51.54053 652.9544</gx:coord>
        <when>2025-01-01T01:03:07.0872910Z</when>
        <gx:coord>12.02856 51.540226 658.8264</gx:coord>
        <when>2025-01-01T01:03:10.5792910Z</when>
        <gx:coord>12.030312 51.539787 664.17206</gx:coord>
        <when>2025-01-01T01:03:11.0972910Z</when>
        <gx:coord>12.030902 51.539642 664.17206</gx:coord>
        <when>2025-01-01T01:03:15.5792910Z</when>
        <gx:coord>12.033323 51.539074 668.1295</gx:coord>
        <when>2025-01-01T01:03:20.5792910Z</when>
        <gx:coord>12.03631 51.538258 680.0748</gx:coord>
        <when>2025-01-01T01:03:24.0882910Z</when>
        <gx:coord>12.038631 51.53757 690.2372</gx:coord>
        <when>2025-01-01T01:03:25.5792910Z</when>
        <gx:coord>12.03921 51.53741 693.6584</gx:coord>
        <when>2025-01-01T01:03:30.5792910Z</when>
        <gx:coord>12.042159 51.536674 699.78613</gx:coord>
        <when>2025-01-01T01:03:35.7472910Z</when>
        <gx:coord>12.045267 51.535995 704.9862</gx:coord>
        <when>2025-01-01T01:03:40.5792910Z</when>
        <gx:coord>12.048409 51.53523 711.5617</gx:coord>
        <when>2025-01-01T01:03:41.0872910Z</when>
        <gx:coord>12.048409 51.53523 711.5617</gx:coord>
        <when>2025-01-01T01:03:45.5782910Z</when>
        <gx:coord>12.051756 51.534443 711.0446</gx:coord>
        <when>2025-01-01T01:03:50.5792910Z</when>
        <gx:coord>12.055197 51.533707 714.4414</gx:coord>
        <when>2025-01-01T01:03:51.0922910Z</when>
        <gx:coord>12.05589 51.53356 714.4414</gx:coord>
        <when>2025-01-01T01:03:55.5792910Z</when>
        <gx:coord>12.058655 51.532963 713.69794</gx:coord>
        <when>2025-01-01T01:04:00.5792910Z</when>
        <gx:coord>12.062187 51.53228 709.9194</gx:coord>
        <when>2025-01-01T01:04:01.0892910Z</when>
        <gx:coord>12.062187 51.53228 709.9194</gx:coord>
        <when>2025-01-01T01:04:05.0902910Z</when>
        <gx:coord>12.065073 51.532017 711.4222</gx:coord>
        <when>2025-01-01T01:04:05.5792910Z</when>
        <gx:coord>12.06579 51.53203 712.23486</gx:coord>
        <when>2025-01-01T01:04:08.0902910Z</when>
        <gx:coord>12.067195 51.53213 713.1511</gx:coord>
        <when>2025-01-01T01:04:10.5782910Z</when>
        <gx:coord>12.069185 51.5325 712.4012</gx:coord>
        <when>2025-01-01T01:04:11.0872910Z</when>
        <gx:coord>12.069185 51.5325 712.4012</gx:coord>
        <when>2025-01-01T01:04:14.0892910Z</when>
        <gx:coord>12.070933 51.533108 714.13635</gx:coord>
        <when>2025-01-01T01:04:15.5782910Z</when>
        <gx:coord>12.071917 51.53363 714.03577</gx:coord>
        <when>2025-01-01T01:04:17.0882910Z</when>
        <gx:coord>12.072345 51.533928 713.57855</gx:coord>
        <when>2025-01-01T01:04:20.0872910Z</when>
        <gx:coord>12.07336 51.534935 710.60834</gx:coord>
        <when>2025-01-01T01:04:20.5782910Z</when>
        <gx:coord>12.073635 51.535297 709.2419</gx:coord>
        <when>2025-01-01T01:04:24.0862910Z</when>
        <gx:coord>12.07429 51.53643 707.359</gx:coord>
        <when>2025-01-01T01:04:25.5782910Z</when>
        <gx:coord>12.074596 51.537212 706.4523</gx:coord>
        <when>2025-01-01T01:04:27.0892910Z</when>
        <gx:coord>12.074686 51.537613 707.75995</gx:coord>
        <when>2025-01-01T01:04:28.0862910Z</when>
        <gx:coord>12.0747175 51.538013 709.4794</gx:coord>
        <when>2025-01-01T01:04:30.5782910Z</when>
        <gx:coord>12.074551 51.539177 713.2918</gx:coord>
        <when>2025-01-01T01:04:32.0932910Z</when>
        <gx:coord>12.074435 51.53956 712.9857</gx:coord>
        <when>2025-01-01T01:04:35.5782910Z</when>
        <gx:coord>12.073772 51.54107 706.12683</gx:coord>
        <when>2025-01-01T01:04:40.5782910Z</when>
        <gx:coord>12.072759 51.54299 703.75946</gx:coord>
        <when>2025-01-01T01:04:43.0862910Z</when>
        <gx:coord>12.072285 51.54376 704.96246</gx:coord>
        <when>2025-01-01T01:04:45.5782910Z</when>
        <gx:coord>12.071453 51.54489 706.126</gx:coord>
        <when>2025-01-01T01:04:50.0862910Z</when>
        <gx:coord>12.070154 51.546345 710.13715</gx:coord>
        <when>2025-01-01T01:04:50.5782910Z</when>
        <gx:coord>12.06978 51.546688 712.74023</gx:coord>
        <when>2025-01-01T01:04:54.0902910Z</when>
        <gx:coord>12.068558 51.54764 719.03876</gx:coord>
        <when>2025-01-01T01:04:54.0912910Z</when>
        <gx:coord>12.068086 51.547913 721.1947</gx:coord>
        <when>2025-01-01T01:04:55.5782910Z</when>
        <gx:coord>12.067591 51.54816 723.73334</gx:coord>
        <when>2025-01-01T01:04:57.0892910Z</when>
        <gx:coord>12.067075 51.548386 725.91583</gx:coord>
        <when>2025-01-01T01:05:00.5782910Z</when>
        <gx:coord>12.064945 51.549194 721.65027</gx:coord>
        <when>2025-01-01T01:05:01.0932910Z</when>
        <gx:coord>12.064398 51.549385 721.65027</gx:coord>
        <when>2025-01-01T01:05:05.5782910Z</when>
        <gx:coord>12.062115 51.550114 707.39264</gx:coord>
        <when>2025-01-01T01:05:10.5782910Z</when>
        <gx:coord>12.059148 51.550934 701.5639</gx:coord>
        <when>2025-01-01T01:05:15.5782910Z</when>
        <gx:coord>12.056238 51.551746 692.5639</gx:coord>
        <when>2025-01-01T01:05:16.0892910Z</when>
        <gx:coord>12.055658 51.55191 690.5152</gx:coord>
        <when>2025-01-01T01:05:20.5782910Z</when>
        <gx:coord>12.053364 51.552574 687.9665</gx:coord>
        <when>2025-01-01T01:05:21.0842910Z</when>
        <gx:coord>12.053364 51.552574 687.9665</gx:coord>
        <when>2025-01-01T01:05:21.0842910Z</when>
        <gx:coord>12.053364 51.552574 687.9665</gx:coord>
        <when>2025-01-01T01:05:25.0892910Z</when>
        <gx:coord>12.051068 51.55302 683.4876</gx:coord>
        <when>2025-01-01T01:05:25.5782910Z</when>
        <gx:coord>12.050485 51.55307 681.2247</gx:coord>
        <when>2025-01-01T01:05:28.0902910Z</when>
        <gx:coord>12.049329 51.553078 679.85754</gx:coord>
        <when>2025-01-01T01:05:30.0892910Z</when>
        <gx:coord>12.048216 51.55297 677.54175</gx:coord>
        <when>2025-01-01T01:05:30.5782910Z</when>
        <gx:coord>12.047683 51.552868 676.00867</gx:coord>
        <when>2025-01-01T01:05:32.0842910Z</when>
        <gx:coord>12.047167 51.55274 674.0003</gx:coord>
        <when>2025-01-01T01:05:34.0892910Z</when>
        <gx:coord>12.046199 51.552395 670.4283</gx:coord>
        <when>2025-01-01T01:05:35.5782910Z</when>
        <gx:coord>12.045343 51.551945 667.07056</gx:coord>
        <when>2025-01-01T01:05:37.0912910Z</when>
        <gx:coord>12.044957 51.551693 665.04376</gx:coord>
        <when>2025-01-01T01:05:38.0852910Z</when>
        <gx:coord>12.044264 51.551144 659.2209</gx:coord>
        <when>2025-01-01T01:05:40.0862910Z</when>
        <gx:coord>12.043957 51.550842 656.22565</gx:coord>
        <when>2025-01-01T01:05:40.5782910Z</when>
        <gx:coord>12.0436735 51.55053 652.6584</gx:coord>
        <when>2025-01-01T01:05:43.0892910Z</when>
        <gx:coord>12.043199 51.54987 645.68896</gx:coord>
        <when>2025-01-01T01:05:45.5782910Z</when>
        <gx:coord>12.042716 51.548805 634.7252</gx:coord>
        <when>2025-01-01T01:05:46.0882910Z</when>
        <gx:coord>12.042716 51.548805 634.7252</gx:coord>
        <when>2025-01-01T01:05:49.0862910Z</when>
        <gx:coord>12.042568 51.547695 629.8324</gx:coord>
        <when>2025-01-01T01:05:50.0882910Z</when>
        <gx:coord>12.042642 51.546967 627.7672</gx:coord>
        <when>2025-01-01T01:05:50.5772910Z</when>
        <gx:coord>12.042642 51.546967 627.7672</gx:coord>
        <when>2025-01-01T01:05:53.0832910Z</when>
        <gx:coord>12.042838 51.546257 623.32166</gx:coord>
        <when>2025-01-01T01:05:55.5782910Z</when>
        <gx:coord>12.043343 51.545216 614.7481</gx:coord>
        <when>2025-01-01T01:05:58.0872910Z</when>
        <gx:coord>12.043792 51.54454 606.2019</gx:coord>
        <when>2025-01-01T01:05:59.0862910Z</when>
        <gx:coord>12.044298 51.543865 596.97076</gx:coord>
        <when>2025-01-01T01:06:00.5782910Z</when>
        <gx:coord>12.044561 51.54353 593.2327</gx:coord>
        <when>2025-01-01T01:06:05.5782910Z</when>
        <gx:coord>12.04586 51.54185 571.49524</gx:coord>
        <when>2025-01-01T01:06:07.0902910Z</when>
        <gx:coord>12.046372 51.54117 562.973</gx:coord>
        <when>2025-01-01T01:06:10.5782910Z</when>
        <gx:coord>12.047146 51.540142 552.4174</gx:coord>
        <when>2025-01-01T01:06:15.5772910Z</when>
        <gx:coord>12.04852 51.538464 538.92255</gx:coord>
        <when>2025-01-01T01:06:17.0902910Z</when>
        <gx:coord>12.049095 51.537796 531.6634</gx:coord>
        <when>2025-01-01T01:06:20.5782910Z</when>
        <gx:coord>12.049972 51.536797 522.611</gx:coord>
        <when>2025-01-01T01:06:24.0882910Z</when>
        <gx:coord>12.050955 51.53583 517.2307</gx:coord>
        <when>2025-01-01T01:06:25.5782910Z</when>
        <gx:coord>12.051712 51.535236 513.85974</gx:coord>
        <when>2025-01-01T01:06:28.0912910Z</when>
        <gx:coord>12.05257 51.5347 511.28668</gx:coord>
        <when>2025-01-01T01:06:30.0922910Z</when>
        <gx:coord>12.053998 51.534004 506.76343</gx:coord>
        <when>2025-01-01T01:06:30.5772910Z</when>
        <gx:coord>12.053998 51.534004 504.1473</gx:coord>
        <when>2025-01-01T01:06:32.0872910Z</when>
        <gx:coord>12.054504 51.533802 501.32166</gx:coord>
        <when>2025-01-01T01:06:32.0882910Z</when>
        <gx:coord>12.055027 51.53362 497.7111</gx:coord>
        <when>2025-01-01T01:06:35.5782910Z</when>
        <gx:coord>12.056686 51.533176 486.54434</gx:coord>
        <when>2025-01-01T01:06:36.0862910Z</when>
        <gx:coord>12.056686 51.533176 486.54434</gx:coord>
        <when>2025-01-01T01:06:40.0892910Z</when>
        <gx:coord>12.059069 51.53284 468.8534</gx:coord>
        <when>2025-01-01T01:06:40.0892910Z</when>
        <gx:coord>12.059678 51.532795 464.51956</gx:coord>
        <when>2025-01-01T01:06:40.5782910Z</when>
        <gx:coord>12.059678 51.532795 464.51956</gx:coord>
        <when>2025-01-01T01:06:45.0872910Z</when>
        <gx:coord>12.062118 51.532772 449.37</gx:coord>
        <when>2025-01-01T01:06:45.5772910Z</when>
        <gx:coord>12.062722 51.532795 445.91476</gx:coord>
        <when>2025-01-01T01:06:50.0892910Z</when>
        <gx:coord>12.065657 51.533035 431.93768</gx:coord>
        <when>2025-01-01T01:06:50.5772910Z</when>
        <gx:coord>12.065657 51.533035 431.93768</gx:coord>
        <when>2025-01-01T01:06:55.5772910Z</when>
        <gx:coord>12.068447 51.5334 420.6214</gx:coord>
        <when>2025-01-01T01:06:56.0882910Z</when>
        <gx:coord>12.068447 51.5334 420.6214</gx:coord>
        <when>2025-01-01T01:07:00.5772910Z</when>
        <gx:coord>12.071112 51.533833 407.62082</gx:coord>
        <when>2025-01-01T01:07:02.0902910Z</when>
        <gx:coord>12.0721655 51.534035 399.4367</gx:coord>
        <when>2025-01-01T01:07:05.5772910Z</when>
        <gx:coord>12.073766 51.534363 385.2948</gx:coord>
        <when>2025-01-01T01:07:10.5772910Z</when>
        <gx:coord>12.076452 51.53499 370.51407</gx:coord>
        <when>2025-01-01T01:07:11.0902910Z</when>
        <gx:coord>12.076975 51.53513 367.78177</gx:coord>
        <when>2025-01-01T01:07:12.0932910Z</when>
        <gx:coord>12.076975 51.53513 367.78177</gx:coord>
        <when>2025-01-01T01:07:15.5772910Z</when>
        <gx:coord>12.078959 51.535778 358.06793</gx:coord>
        <when>2025-01-01T01:07:17.0872910Z</when>
        <gx:coord>12.07943 51.535973 356.16446</gx:coord>
        <when>2025-01-01T01:07:19.0972910Z</when>
        <gx:coord>12.080719 51.536644 353.31653</gx:coord>
        <when>2025-01-01T01:07:20.5772910Z</when>
        <gx:coord>12.0810995 51.536892 353.42404</gx:coord>
        <when>2025-01-01T01:07:21.0892910Z</when>
        <gx:coord>12.0810995 51.536892 353.42404</gx:coord>
        <when>2025-01-01T01:07:21.0902910Z</when>
        <gx:coord>12.0810995 51.536892 353.42404</gx:coord>
        <when>2025-01-01T01:07:24.0872910Z</when>
        <gx:coord>12.082066 51.537678 347.74365</gx:coord>
        <when>2025-01-01T01:07:25.5772910Z</when>
        <gx:coord>12.082554 51.53825 344.64746</gx:coord>
        <when>2025-01-01T01:07:27.0882910Z</when>
        <gx:coord>12.08275 51.53855 343.4346</gx:coord>
        <when>2025-01-01T01:07:30.0872910Z</when>
        <gx:coord>12.083121 51.53947 338.78024</gx:coord>
        <when>2025-01-01T01:07:30.5772910Z</when>
        <gx:coord>12.083159 51.539776 337.63654</gx:coord>
        <when>2025-01-01T01:07:31.0902910Z</when>
        <gx:coord>12.08316 51.54008 335.88474</gx:coord>
        <when>2025-01-01T01:07:32.0892910Z</when>
        <gx:coord>12.08316 51.54008 335.88474</gx:coord>
        <when>2025-01-01T01:07:35.0902910Z</when>
        <gx:coord>12.082903 51.540966 327.21</gx:coord>
        <when>2025-01-01T01:07:35.5772910Z</when>
        <gx:coord>12.082751 51.54125 325.29077</gx:coord>
        <when>2025-01-01T01:07:37.0912910Z</when>
        <gx:coord>12.08258 51.541523 324.84183</gx:coord>
        <when>2025-01-01T01:07:38.0882910Z</when>
        <gx:coord>12.082388 51.541786 323.87753</gx:coord>
        <when>2025-01-01T01:07:40.5772910Z</when>
        <gx:coord>12.081696 51.542492 320.96472</gx:coord>
        <when>2025-01-01T01:07:42.0892910Z</when>
        <gx:coord>12.081441 51.5427 319.31927</gx:coord>
        <when>2025-01-01T01:07:45.0912910Z</when>
        <gx:coord>12.080323 51.543465 304.84903</gx:coord>
        <when>2025-01-01T01:07:45.5772910Z</when>
        <gx:coord>12.080323 51.543465 304.84903</gx:coord>
        <when>2025-01-01T01:07:50.0882910Z</when>
        <gx:coord>12.079075 51.5442 288.0251</gx:coord>
        <when>2025-01-01T01:07:50.5772910Z</when>
        <gx:coord>12.078751 51.54437 280.89676</gx:coord>
        <when>2025-01-01T01:07:52.0872910Z</when>
        <gx:coord>12.078085 51.5447 267.5289</gx:coord>
        <when>2025-01-01T01:07:55.5772910Z</when>
        <gx:coord>12.077025 51.545166 252.83873</gx:coord>
        <when>2025-01-01T01:07:58.0882910Z</when>
        <gx:coord>12.075956 51.545605 236.85501</gx:coord>
        <when>2025-01-01T01:08:00.5772910Z</when>
        <gx:coord>12.0752325 51.545895 226.71669</gx:coord>
        <when>2025-01-01T01:08:04.0882910Z</when>
        <gx:coord>12.07413 51.54631 214.727</gx:coord>
        <when>2025-01-01T01:08:05.0872910Z</when>
        <gx:coord>12.073396 51.546562 206.03114</gx:coord>
        <when>2025-01-01T01:08:05.5772910Z</when>
        <gx:coord>12.073396 51.546562 206.03114</gx:coord>
        <when>2025-01-01T01:08:10.5772910Z</when>
        <gx:coord>12.07154 51.5472 183.37419</gx:coord>
        <when>2025-01-01T01:08:13.0902910Z</when>
        <gx:coord>12.070441 51.547577 173.06665</gx:coord>
        <when>2025-01-01T01:08:15.5762910Z</when>
        <gx:coord>12.069726 51.54781 168.1851</gx:coord>
        <when>2025-01-01T01:08:18.0892910Z</when>
        <gx:coord>12.069017 51.54803 162.54022</gx:coord>
        <when>2025-01-01T01:08:20.5762910Z</when>
        <gx:coord>12.067984 51.54835 153.69041</gx:coord>
        <when>2025-01-01T01:08:24.0872910Z</when>
        <gx:coord>12.066619 51.54875 142.31927</gx:coord>
        <when>2025-01-01T01:08:25.5772910Z</when>
        <gx:coord>12.066268 51.548847 140.83673</gx:coord>
        <when>2025-01-01T01:08:30.5772910Z</when>
        <gx:coord>12.064334 51.54933 133.43582</gx:coord>
        <when>2025-01-01T01:08:32.0942910Z</when>
        <gx:coord>12.0634985 51.549572 132.57799</gx:coord>
        <when>2025-01-01T01:08:33.0862910Z</when>
        <gx:coord>12.0634985 51.549572 131.51277</gx:coord>
        <when>2025-01-01T01:08:35.5772910Z</when>
        <gx:coord>12.062229 51.54996 133.40656</gx:coord>
        <when>2025-01-01T01:08:40.5762910Z</when>
        <gx:coord>12.060247 51.55054 156.0501</gx:coord>
        <when>2025-01-01T01:08:45.5772910Z</when>
        <gx:coord>12.058402 51.551003 171.77577</gx:coord>
        <when>2025-01-01T01:08:46.0892910Z</when>
        <gx:coord>12.05802 51.55109 174.92337</gx:coord>
        <when>2025-01-01T01:08:50.5772910Z</when>
        <gx:coord>12.056504 51.55147 188.70941</gx:coord>
        <when>2025-01-01T01:08:55.5772910Z</when>
        <gx:coord>12.054542 51.55194 195.95671</gx:coord>
        <when>2025-01-01T01:08:56.0892910Z</when>
        <gx:coord>12.054542 51.55194 195.95671</gx:coord>
        <when>2025-01-01T01:09:00.0872910Z</when>
        <gx:coord>12.052367 51.552433 207.7742</gx:coord>
        <when>2025-01-01T01:09:00.5762910Z</when>
        <gx:coord>12.052367 51.552433 207.7742</gx:coord>
        <when>2025-01-01T01:09:05.5762910Z</when>
        <gx:coord>12.050149 51.553024 217.62515</gx:coord>
        <when>2025-01-01T01:09:10.5762910Z</when>
        <gx:coord>12.047969 51.553673 233.89072</gx:coord>
        <when>2025-01-01T01:09:12.0892910Z</when>
        <gx:coord>12.047119 51.55393 242.69652</gx:coord>
        <when>2025-01-01T01:09:15.5762910Z</when>
        <gx:coord>12.045863 51.554302 253.3018</gx:coord>
        <when>2025-01-01T01:09:20.5762910Z</when>
        <gx:coord>12.043749 51.554985 266.9982</gx:coord>
        <when>2025-01-01T01:09:22.0862910Z</when>
        <gx:coord>12.042919 51.55527 275.8714</gx:coord>
        <when>2025-01-01T01:09:25.5752910Z</when>
        <gx:coord>12.041667 51.5557 286.32083</gx:coord>
        <when>2025-01-01T01:09:30.5762910Z</when>
        <gx:coord>12.039511 51.556374 306.30444</gx:coord>
        <when>2025-01-01T01:09:31.0932910Z</when>
        <gx:coord>12.039073 51.556507 306.30444</gx:coord>
        <when>2025-01-01T01:09:31.0942910Z</when>
        <gx:coord>12.039073 51.556507 310.0136</gx:coord>
        <when>2025-01-01T01:09:35.5762910Z</when>
        <gx:coord>12.037309 51.55699 324.9825</gx:coord>
        <when>2025-01-01T01:09:40.5762910Z</when>
        <gx:coord>12.03502 51.557583 336.5944</gx:coord>
        <when>2025-01-01T01:09:45.0862910Z</when>
        <gx:coord>12.033054 51.558075 340.29495</gx:coord>
        <when>2025-01-01T01:09:45.5762910Z</when>
        <gx:coord>12.032556 51.55821 340.16528</gx:coord>
        <when>2025-01-01T01:09:46.0822910Z</when>
        <gx:coord>12.032052 51.558342 340.51355</gx:coord>
        <when>2025-01-01T01:09:50.5762910Z</when>
        <gx:coord>12.030006 51.55889 338.65073</gx:coord>
        <when>2025-01-01T01:09:55.5762910Z</when>
        <gx:coord>12.027462 51.55959 342.4803</gx:coord>
        <when>2025-01-01T01:10:00.5762910Z</when>
        <gx:coord>12.024954 51.560307 344.59482</gx:coord>
        <when>2025-01-01T01:10:05.5762910Z</when>
        <gx:coord>12.022502 51.561096 345.63126</gx:coord>
        <when>2025-01-01T01:10:07.0882910Z</when>
        <gx:coord>12.022018 51.561264 347.03485</gx:coord>
        <when>2025-01-01T01:10:10.5762910Z</when>
        <gx:coord>12.020081 51.56196 347.1307</gx:coord>
        <when>2025-01-01T01:10:14.0902910Z</when>
        <gx:coord>12.018543 51.562386 348.83868</gx:coord>
        <when>2025-01-01T01:10:15.5762910Z</when>
        <gx:coord>12.01745 51.562523 353.2393</gx:coord>
        <when>2025-01-01T01:10:16.0902910Z</when>
        <gx:coord>12.01745 51.562523 353.2393</gx:coord>
        <when>2025-01-01T01:10:18.0902910Z</when>
        <gx:coord>12.016344 51.56253 357.76413</gx:coord>
        <when>2025-01-01T01:10:20.0912910Z</when>
        <gx:coord>12.015259 51.562386 362.83115</gx:coord>
        <when>2025-01-01T01:10:20.5762910Z</when>
        <gx:coord>12.014732 51.562275 364.17218</gx:coord>
        <when>2025-01-01T01:10:22.0922910Z</when>
        <gx:coord>12.014223 51.562126 364.9164</gx:coord>
        <when>2025-01-01T01:10:22.0962910Z</when>
        <gx:coord>12.013733 51.56195 364.9164</gx:coord>
        <when>2025-01-01T01:10:24.0872910Z</when>
        <gx:coord>12.013264 51.561745 367.24033</gx:coord>
        <when>2025-01-01T01:10:25.5762910Z</when>
        <gx:coord>12.012416 51.56125 368.96097</gx:coord>
        <when>2025-01-01T01:10:27.0972910Z</when>
        <gx:coord>12.012032 51.560966 369.2986</gx:coord>
        <when>2025-01-01T01:10:29.0892910Z</when>
        <gx:coord>12.011366 51.560333 368.12216</gx:coord>
        <when>2025-01-01T01:10:30.0882910Z</when>
        <gx:coord>12.011081 51.559986 366.8303</gx:coord>
        <when>2025-01-01T01:10:30.5762910Z</when>
        <gx:coord>12.010826 51.55962 364.50357</gx:coord>
        <when>2025-01-01T01:10:35.5762910Z</when>
        <gx:coord>12.009626 51.557686 352.91507</gx:coord>
        <when>2025-01-01T01:10:40.5762910Z</when>
        <gx:coord>12.008342 51.555717 350.46683</gx:coord>
        <when>2025-01-01T01:10:45.5762910Z</when>
        <gx:coord>12.00688 51.553772 346.96674</gx:coord>
        <when>2025-01-01T01:10:46.0872910Z</when>
        <gx:coord>12.00688 51.553772 346.96674</gx:coord>
        <when>2025-01-01T01:10:50.5752910Z</when>
        <gx:coord>12.005553 51.551746 346.9483</gx:coord>
        <when>2025-01-01T01:10:51.0912910Z</when>
        <gx:coord>12.005553 51.551746 346.9483</gx:coord>
        <when>2025-01-01T01:10:53.0902910Z</when>
        <gx:coord>12.005285 51.55086 351.95987</gx:coord>
        <when>2025-01-01T01:10:55.5762910Z</when>
        <gx:coord>12.0053835 51.549522 365.1885</gx:coord>
        <when>2025-01-01T01:10:56.0902910Z</when>
        <gx:coord>12.0053835 51.549522 365.1885</gx:coord>
        <when>2025-01-01T01:10:57.0932910Z</when>
        <gx:coord>12.005732 51.54868 374.125</gx:coord>
        <when>2025-01-01T01:10:59.0892910Z</when>
        <gx:coord>12.005981 51.548275 376.90588</gx:coord>
        <when>2025-01-01T01:11:00.5762910Z</when>
        <gx:coord>12.006621 51.547516 383.01517</gx:coord>
        <when>2025-01-01T01:11:02.0912910Z</when>
        <gx:coord>12.007015 51.54716 384.65588</gx:coord>
        <when>2025-01-01T01:11:04.0902910Z</when>
        <gx:coord>12.007934 51.54652 385.96127</gx:coord>
        <when>2025-01-01T01:11:05.5752910Z</when>
        <gx:coord>12.009011 51.54597 382.4212</gx:coord>
        <when>2025-01-01T01:11:08.0882910Z</when>
        <gx:coord>12.010208 51.54548 374.59058</gx:coord>
        <when>2025-01-01T01:11:08.0922910Z</when>
        <gx:coord>12.010846 51.54525 374.59058</gx:coord>
        <when>2025-01-01T01:11:10.5762910Z</when>
        <gx:coord>12.012162 51.54483 365.6351</gx:coord>
        <when>2025-01-01T01:11:15.5752910Z</when>
        <gx:coord>12.015541 51.543804 359.81366</gx:coord>
        <when>2025-01-01T01:11:20.5752910Z</when>
        <gx:coord>12.018929 51.542812 354.66226</gx:coord>
        <when>2025-01-01T01:11:25.5752910Z</when>
        <gx:coord>12.022282 51.54184 358.17905</gx:coord>
        <when>2025-01-01T01:11:30.5752910Z</when>
        <gx:coord>12.025639 51.54088 361.65057</gx:coord>
        <when>2025-01-01T01:11:35.5752910Z</when>
        <gx:coord>12.029014 51.539898 356.1281</gx:coord>
        <when>2025-01-01T01:11:40.5752910Z</when>
        <gx:coord>12.03239 51.53887 350.68213</gx:coord>
        <when>2025-01-01T01:11:44.0932910Z</when>
        <gx:coord>12.035063 51.53808 348.06424</gx:coord>
        <when>2025-01-01T01:11:45.5752910Z</when>
        <gx:coord>12.035723 51.537876 345.41226</gx:coord>
        <when>2025-01-01T01:11:50.5752910Z</when>
        <gx:coord>12.039005 51.53686 349.1146</gx:coord>
        <when>2025-01-01T01:11:55.5752910Z</when>
        <gx:coord>12.042192 51.535904 360.28067</gx:coord>
        <when>2025-01-01T01:12:00.5752910Z</when>
        <gx:coord>12.045359 51.534954 366.42813</gx:coord>
        <when>2025-01-01T01:12:05.5752910Z</when>
        <gx:coord>12.048559 51.534004 361.81866</gx:coord>
        <when>2025-01-01T01:12:10.5752910Z</when>
        <gx:coord>12.051774 51.53312 351.9466</gx:coord>
        <when>2025-01-01T01:12:15.5752910Z</when>
        <gx:coord>12.054835 51.532288 358.99777</gx:coord>
        <when>2025-01-01T01:12:18.0902910Z</when>
        <gx:coord>12.055987 51.531986 361.0684</gx:coord>
        <when>2025-01-01T01:12:20.5752910Z</when>
        <gx:coord>12.057677 51.531563 362.28302</gx:coord>
        <when>2025-01-01T01:12:24.0892910Z</when>
        <gx:coord>12.059904 51.53101 360.6539</gx:coord>
        <when>2025-01-01T01:12:25.5752910Z</when>
        <gx:coord>12.060464 51.53087 358.71188</gx:coord>
        <when>2025-01-01T01:12:30.5752910Z</when>
        <gx:coord>12.063254 51.530155 356.75595</gx:coord>
        <when>2025-01-01T01:12:35.5752910Z</when>
        <gx:coord>12.066001 51.5294 358.79785</gx:coord>
        <when>2025-01-01T01:12:40.5752910Z</when>
        <gx:coord>12.06879 51.528667 352.7218</gx:coord>
        <when>2025-01-01T01:12:45.5752910Z</when>
        <gx:coord>12.071609 51.527954 350.88364</gx:coord>
        <when>2025-01-01T01:12:48.0872910Z</when>
        <gx:coord>12.07273 51.52768 351.44388</gx:coord>
        <when>2025-01-01T01:12:50.5752910Z</when>
        <gx:coord>12.074432 51.527367 352.90286</gx:coord>
        <when>2025-01-01T01:12:51.2292910Z</when>
        <gx:coord>12.074432 51.527367 352.90286</gx:coord>
        <when>2025-01-01T01:12:53.0952910Z</when>
        <gx:coord>12.07557 51.527294 355.37958</gx:coord>
        <when>2025-01-01T01:12:55.0952910Z</when>
        <gx:coord>12.076675 51.527348 358.6652</gx:coord>
        <when>2025-01-01T01:12:55.5752910Z</when>
        <gx:coord>12.077205 51.52742 360.53497</gx:coord>
        <when>2025-01-01T01:12:56.0892910Z</when>
        <gx:coord>12.077205 51.52742 360.53497</gx:coord>
        <when>2025-01-01T01:12:57.0892910Z</when>
        <gx:coord>12.077705 51.527542 362.30936</gx:coord>
        <when>2025-01-01T01:12:59.0902910Z</when>
        <gx:coord>12.078611 51.527866 362.5494</gx:coord>
        <when>2025-01-01T01:13:00.5742910Z</when>
        <gx:coord>12.079374 51.528286 358.67334</gx:coord>
        <when>2025-01-01T01:13:01.0912910Z</when>
        <gx:coord>12.079374 51.528286 358.67334</gx:coord>
        <when>2025-01-01T01:13:04.0882910Z</when>
        <gx:coord>12.080602 51.5293 340.85556</gx:coord>
        <when>2025-01-01T01:13:05.5752910Z</when>
        <gx:coord>12.080882 51.52957 335.58752</gx:coord>
        <when>2025-01-01T01:13:06.0882910Z</when>
        <gx:coord>12.080882 51.52957 335.58752</gx:coord>
        <when>2025-01-01T01:13:10.5742910Z</when>
        <gx:coord>12.082231 51.53099 311.79526</gx:coord>
        <when>2025-01-01T01:13:11.0922910Z</when>
        <gx:coord>12.08248 51.531284 309.1941</gx:coord>
        <when>2025-01-01T01:13:15.5742910Z</when>
        <gx:coord>12.083464 51.532463 302.82083</gx:coord>
        <when>2025-01-01T01:13:20.5742910Z</when>
        <gx:coord>12.084678 51.533936 292.36896</gx:coord>
        <when>2025-01-01T01:13:25.0912910Z</when>
        <gx:coord>12.08587 51.5354 285.91904</gx:coord>
        <when>2025-01-01T01:13:25.5742910Z</when>
        <gx:coord>12.08587 51.5354 285.09152</gx:coord>
        <when>2025-01-01T01:13:30.0872910Z</when>
        <gx:coord>12.087057 51.536854 277.61078</gx:coord>
        <when>2025-01-01T01:13:30.5742910Z</when>
        <gx:coord>12.087057 51.536854 277.61078</gx:coord>
        <when>2025-01-01T01:13:35.5742910Z</when>
        <gx:coord>12.088174 51.53834 261.44156</gx:coord>
        <when>2025-01-01T01:13:36.0902910Z</when>
        <gx:coord>12.088174 51.53834 261.44156</gx:coord>
        <when>2025-01-01T01:13:39.0912910Z</when>
        <gx:coord>12.088605 51.53926 255.09003</gx:coord>
        <when>2025-01-01T01:13:40.5742910Z</when>
        <gx:coord>12.088676 51.539867 254.96759</gx:coord>
        <when>2025-01-01T01:13:41.0902910Z</when>
        <gx:coord>12.088676 51.539867 254.96759</gx:coord>
        <when>2025-01-01T01:13:43.0922910Z</when>
        <gx:coord>12.088595 51.54045 254.03653</gx:coord>
        <when>2025-01-01T01:13:43.0942910Z</when>
        <gx:coord>12.088595 51.54045 254.03653</gx:coord>
        <when>2025-01-01T01:13:45.0872910Z</when>
        <gx:coord>12.088366 51.540993 253.17201</gx:coord>
        <when>2025-01-01T01:13:45.5742910Z</when>
        <gx:coord>12.088189 51.54124 253.20145</gx:coord>
        <when>2025-01-01T01:13:47.0912910Z</when>
        <gx:coord>12.087978 51.541473 252.82048</gx:coord>
        <when>2025-01-01T01:13:49.0932910Z</when>
        <gx:coord>12.087127 51.54208 245.47423</gx:coord>
        <when>2025-01-01T01:13:50.0892910Z</when>
        <gx:coord>12.087127 51.54208 245.47423</gx:coord>
        <when>2025-01-01T01:13:50.5742910Z</when>
        <gx:coord>12.086803 51.54227 241.80328</gx:coord>
        <when>2025-01-01T01:13:55.5742910Z</when>
        <gx:coord>12.085032 51.54317 228.23032</gx:coord>
        <when>2025-01-01T01:13:59.0922910Z</when>
        <gx:coord>12.0838995 51.543682 222.73914</gx:coord>
        <when>2025-01-01T01:14:00.5742910Z</when>
        <gx:coord>12.083111 51.543953 220.65083</gx:coord>
        <when>2025-01-01T01:14:04.0962910Z</when>
        <gx:coord>12.081545 51.544407 213.42397</gx:coord>
        <when>2025-01-01T01:14:05.5742910Z</when>
        <gx:coord>12.081168 51.544518 211.67879</gx:coord>
        <when>2025-01-01T01:14:10.5742910Z</when>
        <gx:coord>12.079347 51.545067 200.25424</gx:coord>
        <when>2025-01-01T01:14:15.5742910Z</when>
        <gx:coord>12.077534 51.545563 188.51315</gx:coord>
        <when>2025-01-01T01:14:17.0882910Z</when>
        <gx:coord>12.076832 51.54576 182.3392</gx:coord>
        <when>2025-01-01T01:14:20.5742910Z</when>
        <gx:coord>12.075738 51.54605 178.92093</gx:coord>
        <when>2025-01-01T01:14:25.5742910Z</when>
        <gx:coord>12.073903 51.546577 171.71442</gx:coord>
        <when>2025-01-01T01:14:30.5742910Z</when>
        <gx:coord>12.072108 51.547142 158.88293</gx:coord>
        <when>2025-01-01T01:14:35.0882910Z</when>
        <gx:coord>12.070283 51.547676 150.80675</gx:coord>
        <when>2025-01-01T01:14:35.5732910Z</when>
        <gx:coord>12.070283 51.547676 150.80675</gx:coord>
        <when>2025-01-01T01:14:40.0922910Z</when>
        <gx:coord>12.068448 51.54822 141.0507</gx:coord>
        <when>2025-01-01T01:14:40.5742910Z</when>
        <gx:coord>12.068448 51.54822 139.06056</gx:coord>
        <when>2025-01-01T01:14:45.5742910Z</when>
        <gx:coord>12.0666065 51.54875 132.317</gx:coord>
        <when>2025-01-01T01:14:50.5742910Z</when>
        <gx:coord>12.064772 51.549248 124.43482</gx:coord>
        <when>2025-01-01T01:14:52.0902910Z</when>
        <gx:coord>12.06405 51.549442 120.16444</gx:coord>
        <when>2025-01-01T01:14:55.5742910Z</when>
        <gx:coord>12.062991 51.549755 115.90909</gx:coord>
        <when>2025-01-01T01:15:00.5732910Z</when>
        <gx:coord>12.06123 51.55028 107.692154</gx:coord>
        <when>2025-01-01T01:15:03.0872910Z</when>
        <gx:coord>12.060523 51.55048 106.727104</gx:coord>
        <when>2025-01-01T01:15:05.5732910Z</when>
        <gx:coord>12.059531 51.55076 105.10094</gx:coord>
        <when>2025-01-01T01:15:10.5742910Z</when>
        <gx:coord>12.058059 51.551167 105.25553</gx:coord>
        <when>2025-01-01T01:15:11.0892910Z</when>
        <gx:coord>12.058059 51.551167 105.25553</gx:coord>
        <when>2025-01-01T01:15:15.5742910Z</when>
        <gx:coord>12.056801 51.55152 105.58153</gx:coord>
        <when>2025-01-01T01:15:18.0902910Z</when>
        <gx:coord>12.056388 51.55164 105.67068</gx:coord>
        <when>2025-01-01T01:15:20.5742910Z</when>
        <gx:coord>12.055933 51.55178 105.84735</gx:coord>
        <when>2025-01-01T01:15:21.0882910Z</when>
        <gx:coord>12.055933 51.55178 105.84735</gx:coord>
        <when>2025-01-01T01:15:25.0892910Z</when>
        <gx:coord>12.055665 51.551884 105.95478</gx:coord>
        <when>2025-01-01T01:15:25.0912910Z</when>
        <gx:coord>12.055665 51.551884 105.95478</gx:coord>
        <when>2025-01-01T01:15:25.5742910Z</when>
        <gx:coord>12.055635 51.55188 106.03973</gx:coord>
        <when>2025-01-01T01:15:26.0902910Z</when>
        <gx:coord>12.055635 51.55188 106.03973</gx:coord>
        <when>2025-01-01T01:15:27.1012910Z</when>
        <gx:coord>12.055623 51.55186 106.17718</gx:coord>
        <when>2025-01-01T01:15:27.6382910Z</when>
        <gx:coord>12.055623 51.55186 106.17718</gx:coord>
        <when>2025-01-01T01:15:28.1182910Z</when>
        <gx:coord>12.055623 51.551853 106.21127</gx:coord>
        <when>2025-01-01T01:15:28.5982910Z</when>
        <gx:coord>12.055623 51.551853 106.21127</gx:coord>
        <when>2025-01-01T01:15:29.0782910Z</when>
        <gx:coord>12.055623 51.551853 106.21127</gx:coord>
        <when>2025-01-01T01:15:29.0912910Z</when>
        <gx:coord>12.055623 51.551853 106.21127</gx:coord>
        <when>2025-01-01T01:15:29.6582910Z</when>
        <gx:coord>12.055626 51.55184 106.2424</gx:coord>
        <when>2025-01-01T01:15:30.5742910Z</when>
        <gx:coord>12.055637 51.55183 106.24975</gx:coord>
        <when>2025-01-01T01:15:33.2392910Z</when>
        <gx:coord>12.055685 51.551785 106.078476</gx:coord>
        <when>2025-01-01T01:15:34.0902910Z</when>
        <gx:coord>12.055685 51.551785 106.078476</gx:coord>
        <when>2025-01-01T01:15:35.5732910Z</when>
        <gx:coord>12.055713 51.551727 105.93741</gx:coord>
        <when>2025-01-01T01:15:36.0882910Z</when>
        <gx:coord>12.055713 51.551727 105.93741</gx:coord>
        <when>2025-01-01T01:15:40.0902910Z</when>
        <gx:coord>12.055739 51.551544 105.71956</gx:coord>
        <when>2025-01-01T01:15:40.5732910Z</when>
        <gx:coord>12.055724 51.551506 105.7382</gx:coord>
        <when>2025-01-01T01:15:43.0912910Z</when>
        <gx:coord>12.055687 51.55144 105.71452</gx:coord>
        <when>2025-01-01T01:15:45.5722910Z</when>
        <gx:coord>12.0556345 51.551376 105.660255</gx:coord>
        <when>2025-01-01T01:15:50.5732910Z</when>
        <gx:coord>12.055616 51.551353 105.737755</gx:coord>
        <when>2025-01-01T01:15:55.5732910Z</when>
        <gx:coord>12.055616 51.551353 105.84659</gx:coord>
        <when>2025-01-01T01:16:00.5732910Z</when>
        <gx:coord>12.055618 51.551353 105.987785</gx:coord>
        <when>2025-01-01T01:16:05.5732910Z</when>
        <gx:coord>12.055613 51.551346 106.01066</gx:coord>
        <when>2025-01-01T01:16:10.5732910Z</when>
        <gx:coord>12.055539 51.551247 105.98051</gx:coord>
        <when>2025-01-01T01:16:15.5732910Z</when>
        <gx:coord>12.055421 51.551083 105.81321</gx:coord>
        <when>2025-01-01T01:16:20.5732910Z</when>
        <gx:coord>12.055322 51.550934 105.79977</gx:coord>
        <when>2025-01-01T01:16:22.0892910Z</when>
        <gx:coord>12.055316 51.55091 105.79691</gx:coord>
        <when>2025-01-01T01:16:24.0902910Z</when>
        <gx:coord>12.055326 51.55085 105.733604</gx:coord>
        <when>2025-01-01T01:16:25.0872910Z</when>
        <gx:coord>12.055344 51.55082 105.73205</gx:coord>
        <when>2025-01-01T01:16:25.5732910Z</when>
        <gx:coord>12.055369 51.550793 105.68718</gx:coord>
        <when>2025-01-01T01:16:26.0902910Z</when>
        <gx:coord>12.055369 51.550793 105.68718</gx:coord>
        <when>2025-01-01T01:16:28.0912910Z</when>
        <gx:coord>12.055444 51.55074 105.68664</gx:coord>
        <when>2025-01-01T01:16:30.0902910Z</when>
        <gx:coord>12.0555525 51.550697 105.68726</gx:coord>
        <when>2025-01-01T01:16:30.5732910Z</when>
        <gx:coord>12.055621 51.55068 105.71964</gx:coord>
        <when>2025-01-01T01:16:35.5722910Z</when>
        <gx:coord>12.056001 51.55058 105.857086</gx:coord>
        <when>2025-01-01T01:16:40.5732910Z</when>
        <gx:coord>12.056415 51.55046 105.977646</gx:coord>
        <when>2025-01-01T01:16:45.5732910Z</when>
        <gx:coord>12.056855 51.55033 105.99821</gx:coord>
        <when>2025-01-01T01:16:50.5722910Z</when>
        <gx:coord>12.057324 51.550205 105.99547</gx:coord>
        <when>2025-01-01T01:16:55.5732910Z</when>
        <gx:coord>12.057717 51.5501 106.03295</gx:coord>
        <when>2025-01-01T01:17:00.5722910Z</when>
        <gx:coord>12.058017 51.55001 106.06149</gx:coord>
        <when>2025-01-01T01:17:02.0892910Z</when>
        <gx:coord>12.058064 51.549984 105.99585</gx:coord>
        <when>2025-01-01T01:17:03.0912910Z</when>
        <gx:coord>12.0581045 51.549953 105.97702</gx:coord>
        <when>2025-01-01T01:17:04.0932910Z</when>
        <gx:coord>12.058131 51.549923 106.088776</gx:coord>
        <when>2025-01-01T01:17:05.0932910Z</when>
        <gx:coord>12.058147 51.54989 106.11273</gx:coord>
        <when>2025-01-01T01:17:05.5722910Z</when>
        <gx:coord>12.05815 51.549854 106.10694</gx:coord>
        <when>2025-01-01T01:17:06.0922910Z</when>
        <gx:coord>12.05815 51.549854 106.10694</gx:coord>
        <when>2025-01-01T01:17:07.0932910Z</when>
        <gx:coord>12.058146 51.54982 106.12991</gx:coord>
        <when>2025-01-01T01:17:09.0922910Z</when>
        <gx:coord>12.058108 51.549747 106.155716</gx:coord>
        <when>2025-01-01T01:17:10.5722910Z</when>
        <gx:coord>12.058066 51.54968 106.09744</gx:coord>
        <when>2025-01-01T01:17:15.5732910Z</when>
        <gx:coord>12.05797 51.549454 105.93105</gx:coord>
        <when>2025-01-01T01:17:20.5732910Z</when>
        <gx:coord>12.057871 51.549236 105.79395</gx:coord>
        <when>2025-01-01T01:17:22.0862910Z</when>
        <gx:coord>12.05786 51.549202 105.744514</gx:coord>
        <when>2025-01-01T01:17:23.0932910Z</when>
        <gx:coord>12.057867 51.54917 105.738434</gx:coord>
        <when>2025-01-01T01:17:24.0902910Z</when>
        <gx:coord>12.057887 51.54914 105.61555</gx:coord>
        <when>2025-01-01T01:17:25.0892910Z</when>
        <gx:coord>12.0579195 51.549114 105.59739</gx:coord>
        <when>2025-01-01T01:17:25.5732910Z</when>
        <gx:coord>12.057956 51.54909 105.654594</gx:coord>
        <when>2025-01-01T01:17:26.0902910Z</when>
        <gx:coord>12.057956 51.54909 105.654594</gx:coord>
        <when>2025-01-01T01:17:28.0922910Z</when>
        <gx:coord>12.058037 51.54907 105.70124</gx:coord>
        <when>2025-01-01T01:17:30.5732910Z</when>
        <gx:coord>12.05817 51.54904 105.78912</gx:coord>
        <when>2025-01-01T01:17:32.0932910Z</when>
        <gx:coord>12.058205 51.549034 105.76243</gx:coord>
        <when>2025-01-01T01:17:33.0902910Z</when>
        <gx:coord>12.058235 51.549015 105.700676</gx:coord>
        <when>2025-01-01T01:17:34.0892910Z</when>
        <gx:coord>12.058254 51.548992 105.71407</gx:coord>
        <when>2025-01-01T01:17:35.0902910Z</when>
        <gx:coord>12.058264 51.548965 105.72525</gx:coord>
        <when>2025-01-01T01:17:35.5732910Z</when>
        <gx:coord>12.058264 51.548935 105.72058</gx:coord>
        <when>2025-01-01T01:17:36.0902910Z</when>
        <gx:coord>12.058264 51.548935 105.72058</gx:coord>
        <when>2025-01-01T01:17:39.0922910Z</when>
        <gx:coord>12.058234 51.548843 105.742516</gx:coord>
        <when>2025-01-01T01:17:40.5722910Z</when>
        <gx:coord>12.058209 51.548782 105.78465</gx:coord>
        <when>2025-01-01T01:17:45.5732910Z</when>
        <gx:coord>12.058123 51.548622 105.87881</gx:coord>
        <when>2025-01-01T01:17:50.5722910Z</when>
        <gx:coord>12.058071 51.54849 106.10551</gx:coord>
        <when>2025-01-01T01:17:51.0912910Z</when>
        <gx:coord>12.058071 51.54849 106.10551</gx:coord>
        <when>2025-01-01T01:17:52.0972910Z</when>
        <gx:coord>12.05808 51.54847 106.07881</gx:coord>
        <when>2025-01-01T01:17:53.0912910Z</when>
        <gx:coord>12.0581 51.548454 106.11556</gx:coord>
        <when>2025-01-01T01:17:54.0892910Z</when>
        <gx:coord>12.058128 51.548435 106.20271</gx:coord>
        <when>2025-01-01T01:17:55.5722910Z</when>
        <gx:coord>12.0581875 51.548412 106.147835</gx:coord>
        <when>2025-01-01T01:17:58.0872910Z</when>
        <gx:coord>12.0582285 51.548378 106.19652</gx:coord>
        <when>2025-01-01T01:17:59.0932910Z</when>
        <gx:coord>12.058232 51.54836 106.13432</gx:coord>
        <when>2025-01-01T01:18:00.5722910Z</when>
        <gx:coord>12.058227 51.54833 106.175224</gx:coord>
        <when>2025-01-01T01:18:01.0902910Z</when>
        <gx:coord>12.058227 51.54833 106.175224</gx:coord>
        <when>2025-01-01T01:18:02.1092910Z</when>
        <gx:coord>12.058203 51.548313 106.11285</gx:coord>
        <when>2025-01-01T01:18:03.0082910Z</when>
        <gx:coord>12.058203 51.548313 106.11285</gx:coord>
        <when>2025-01-01T01:18:03.8882910Z</when>
        <gx:coord>12.058191 51.548313 106.13251</gx:coord>
        <when>2025-01-01T01:18:04.7892910Z</when>
        <gx:coord>12.058181 51.548313 106.10906</gx:coord>
        <when>2025-01-01T01:18:05.5692910Z</when>
        <gx:coord>12.058172 51.548313 106.15681</gx:coord>
        <when>2025-01-01T01:18:05.5802910Z</when>
        <gx:coord>12.058172 51.548313 106.15681</gx:coord>
        <when>2025-01-01T01:18:06.4892910Z</when>
        <gx:coord>12.058164 51.548313 106.15184</gx:coord>
        <when>2025-01-01T01:18:10.5722910Z</when>
        <gx:coord>12.05815 51.548317 106.286865</gx:coord>
        <when>2025-01-01T01:18:15.5722910Z</when>
        <gx:coord>12.058149 51.548317 106.44474</gx:coord>
        <when>2025-01-01T01:18:20.5722910Z</when>
        <gx:coord>12.058149 51.548317 106.48659</gx:coord>
        <when>2025-01-01T01:18:25.5722910Z</when>
        <gx:coord>12.058148 51.548317 106.54952</gx:coord>
        <when>2025-01-01T01:18:30.5722910Z</when>
        <gx:coord>12.058147 51.548313 106.5649</gx:coord>
        <when>2025-01-01T01:18:35.5722910Z</when>
        <gx:coord>12.058147 51.548313 106.5649</gx:coord>
        <when>2025-01-01T01:18:40.5722910Z</when>
        <gx:coord>12.0581455 51.548317 106.45018</gx:coord>
        <when>2025-01-01T01:18:42.3622910Z</when>
        <gx:coord>12.0581455 51.548317 106.45018</gx:coord>
        <coordinates />
      </gx:Track>
    </Placemark>
    <Placemark>
      <name>Takeoff: 2025-01-01</name>
      <styleUrl>#downArrowIcon</styleUrl>
      <Point>
        <altitudeMode>relativeToGround</altitudeMode>
        <coordinates>12.060179,51.550602,20</coordinates>
      </Point>
    </Placemark>
    <Placemark>
      <name>Landing: 2025-01-01</name>
      <styleUrl>#downArrowIcon</styleUrl>
      <Point>
        <altitudeMode>relativeToGround</altitudeMode>
        <coordinates>12.055623,51.551853,20</coordinates>
      </Point>
    </Placemark>
    <Placemark>
      <name>Log Stop: 2025-01-01</name>
      <styleUrl>#downArrowIcon</styleUrl>
      <Point>
        <altitudeMode>relativeToGround</altitudeMode>
        <coordinates>12.0581455,51.548317,20</coordinates>
      </Point>
    </Placemark>
  </Document>
</kml>
