<?xml version="1.0" encoding="utf-8"?>
<kml xmlns:gx="http://www.google.com/kml/ext/2.2" creator="kml-heatmap" xmlns="http://www.opengis.net/kml/2.2">
  <Document>
    <name>SkyDemon Track Log</name>
    <Style id="skydemonLogStyle">
      <LineStyle>
        <color>7f00ffff</color>
        <width>4</width>
      </LineStyle>
      <PolyStyle>
        <color>7fffa400</color>
      </PolyStyle>
    </Style>
    <Style id="downArrowIcon">
      <IconStyle>
        <href>http://maps.google.com/mapfiles/kml/pal4/icon28.png</href>
      </IconStyle>
    </Style>
    <Placemark>
      <name>Log Start: 2025-01-01</name>
      <styleUrl>#downArrowIcon</styleUrl>
      <Point>
        <altitudeMode>relativeToGround</altitudeMode>
        <coordinates>12.058268,51.54854,20</coordinates>
      </Point>
    </Placemark>
    <Placemark>
      <name>EDAQ Halle-Oppin - EDAQ Halle-Oppin</name>
      <styleUrl>#skydemonLogStyle</styleUrl>
      <gx:Track>
        <extrude>1</extrude>
        <altitudeMode>absolute</altitudeMode>
        <when>2025-01-01T00:00:00.6820390Z</when>
        <gx:coord>12.058268 51.54854 113.856</gx:coord>
        <when>2025-01-01T00:00:05.6830390Z</when>
        <gx:coord>12.058268 51.54854 113.856</gx:coord>
        <when>2025-01-01T00:00:10.6830390Z</when>
        <gx:coord>12.058268 51.548515 113.856</gx:coord>
        <when>2025-01-01T00:00:15.6820390Z</when>
        <gx:coord>12.058268 51.54854 113.856</gx:coord>
        <when>2025-01-01T00:00:20.6830390Z</when>
        <gx:coord>12.058268 51.54854 113.856</gx:coord>
        <when>2025-01-01T00:00:25.6820390Z</when>
        <gx:coord>12.058247 51.54854 113.856</gx:coord>
        <when>2025-01-01T00:00:30.6820390Z</when>
        <gx:coord>12.058268 51.54854 113.856</gx:coord>
        <when>2025-01-01T00:00:35.6820390Z</when>
        <gx:coord>12.058268 51.548515 113.856</gx:coord>
        <when>2025-01-01T00:00:40.6820390Z</when>
        <gx:coord>12.058268 51.548515 113.856</gx:coord>
        <when>2025-01-01T00:00:45.6820390Z</when>
        <gx:coord>12.058268 51.54854 113.856</gx:coord>
        <when>2025-01-01T00:00:50.6820390Z</when>
        <gx:coord>12.058268 51.548515 113.856</gx:coord>
        <when>2025-01-01T00:00:55.6820390Z</when>
        <gx:coord>12.058268 51.548515 113.856</gx:coord>
        <when>2025-01-01T00:01:00.6820390Z</when>
        <gx:coord>12.058268 51.54854 113.856</gx:coord>
        <when>2025-01-01T00:01:05.6820390Z</when>
        <gx:coord>12.058268 51.54854 113.856</gx:coord>
        <when>2025-01-01T00:01:10.6820390Z</when>
        <gx:coord>12.058268 51.54854 113.856</gx:coord>
        <when>2025-01-01T00:01:15.6820390Z</when>
        <gx:coord>12.058268 51.54854 113.856</gx:coord>
        <when>2025-01-01T00:01:20.6820390Z</when>
        <gx:coord>12.058268 51.54854 113.856</gx:coord>
        <when>2025-01-01T00:01:25.6820390Z</when>
        <gx:coord>12.058289 51.548515 113.856</gx:coord>
        <when>2025-01-01T00:01:30.6820390Z</when>
        <gx:coord>12.058268 51.548515 113.856</gx:coord>
        <when>2025-01-01T00:01:35.6820390Z</when>
        <gx:coord>12.058268 51.548515 113.856</gx:coord>
        <when>2025-01-01T00:01:40.6820390Z</when>
        <gx:coord>12.058247 51.54854 113.856</gx:coord>
        <when>2025-01-01T00:01:45.6820390Z</when>
        <gx:coord>12.058268 51.54854 113.856</gx:coord>
        <when>2025-01-01T00:01:50.6820390Z</when>
        <gx:coord>12.058268 51.548515 113.856</gx:coord>
        <when>2025-01-01T00:01:55.6820390Z</when>
        <gx:coord>12.058268 51.548515 113.856</gx:coord>
        <when>2025-01-01T00:02:00.6820390Z</when>
        <gx:coord>12.058268 51.54854 113.856</gx:coord>
        <when>2025-01-01T00:02:05.6820390Z</when>
        <gx:coord>12.058268 51.54854 113.856</gx:coord>
        <when>2025-01-01T00:02:10.6820390Z</when>
        <gx:coord>12.058268 51.548515 113.856</gx:coord>
        <when>2025-01-01T00:02:15.6820390Z</when>
        <gx:coord>12.058268 51.54854 113.856</gx:coord>
        <when>2025-01-01T00:02:20.6820390Z</when>
        <gx:coord>12.058268 51.54854 113.856</gx:coord>
        <when>2025-01-01T00:02:25.6820390Z</when>
        <gx:coord>12.058268 51.54854 113.856</gx:coord>
        <when>2025-01-01T00:02:30.6820390Z</when>
        <gx:coord>12.058268 51.548515 113.856</gx:coord>
        <when>2025-01-01T00:02:35.6820390Z</when>
        <gx:coord>12.058268 51.548515 113.856</gx:coord>
        <when>2025-01-01T00:02:40.6820390Z</when>
        <gx:coord>12.058268 51.54854 113.856</gx:coord>
        <when>2025-01-01T00:02:45.6810390Z</when>
        <gx:coord>12.058268 51.54854 113.856</gx:coord>
        <when>2025-01-01T00:02:50.6810390Z</when>
        <gx:coord>12.058268 51.54854 113.856</gx:coord>
        <when>2025-01-01T00:02:55.6810390Z</when>
        <gx:coord>12.058268 51.54854 113.856</gx:coord>
        <when>2025-01-01T00:03:00.6810390Z</when>
        <gx:coord>12.058268 51.54854 113.856</gx:coord>
        <when>2025-01-01T00:03:05.6810390Z</when>
        <gx:coord>12.058247 51.54854 113.856</gx:coord>
        <when>2025-01-01T00:03:10.6810390Z</when>
        <gx:coord>12.058247 51.54854 113.856</gx:coord>
        <when>2025-01-01T00:03:15.6810390Z</when>
        <gx:coord>12.058268 51.54854 113.856</gx:coord>
        <when>2025-01-01T00:03:20.6810390Z</when>
        <gx:coord>12.058268 51.54854 113.856</gx:coord>
        <when>2025-01-01T00:03:25.6810390Z</when>
        <gx:coord>12.058268 51.54854 113.856</gx:coord>
        <when>2025-01-01T00:03:30.6810390Z</when>
        <gx:coord>12.058268 51.54854 113.856</gx:coord>
        <when>2025-01-01T00:03:35.6810390Z</when>
        <gx:coord>12.058268 51.54854 115.38001</gx:coord>
        <when>2025-01-01T00:03:40.6810390Z</when>
        <gx:coord>12.058268 51.54854 115.38001</gx:coord>
        <when>2025-01-01T00:03:45.6810390Z</when>
        <gx:coord>12.058268 51.54854 115.38001</gx:coord>
        <when>2025-01-01T00:03:50.6810390Z</when>
        <gx:coord>12.058268 51.54854 115.38001</gx:coord>
        <when>2025-01-01T00:03:55.6810390Z</when>
        <gx:coord>12.058268 51.54854 115.38001</gx:coord>
        <when>2025-01-01T00:04:00.6810390Z</when>
        <gx:coord>12.058268 51.54854 115.38001</gx:coord>
        <when>2025-01-01T00:04:05.6810390Z</when>
        <gx:coord>12.058268 51.54854 113.856</gx:coord>
        <when>2025-01-01T00:04:10.6810390Z</when>
        <gx:coord>12.058268 51.54854 113.856</gx:coord>
        <when>2025-01-01T00:04:15.6810390Z</when>
        <gx:coord>12.058268 51.54854 113.856</gx:coord>
        <when>2025-01-01T00:04:20.6820390Z</when>
        <gx:coord>12.058268 51.54854 113.856</gx:coord>
        <when>2025-01-01T00:04:25.6820390Z</when>
        <gx:coord>12.058268 51.54854 113.856</gx:coord>
        <when>2025-01-01T00:04:30.6810390Z</when>
        <gx:coord>12.058268 51.54854 113.856</gx:coord>
        <when>2025-01-01T00:04:35.6810390Z</when>
        <gx:coord>12.058268 51.54854 113.856</gx:coord>
        <when>2025-01-01T00:04:40.6810390Z</when>
        <gx:coord>12.058203 51.54854 113.856</gx:coord>
        <when>2025-01-01T00:04:41.1140390Z</when>
        <gx:coord>12.058203 51.54854 113.856</gx:coord>
        <when>2025-01-01T00:04:42.0890390Z</when>
        <gx:coord>12.058182 51.54856 113.856</gx:coord>
        <when>2025-01-01T00:04:43.1240390Z</when>
        <gx:coord>12.058161 51.54856 113.856</gx:coord>
        <when>2025-01-01T00:04:44.1070390Z</when>
        <gx:coord>12.058161 51.54856 113.856</gx:coord>
        <when>2025-01-01T00:04:45.0900390Z</when>
        <gx:coord>12.058139 51.54858 113.856</gx:coord>
        <when>2025-01-01T00:04:45.6810390Z</when>
        <gx:coord>12.058139 51.548603 113.856</gx:coord>
        <when>2025-01-01T00:04:46.1010390Z</when>
        <gx:coord>12.058139 51.548603 113.856</gx:coord>
        <when>2025-01-01T00:04:48.1110390Z</when>
        <gx:coord>12.058139 51.548668 113.856</gx:coord>
        <when>2025-01-01T00:04:50.6810390Z</when>
        <gx:coord>12.058182 51.54871 113.856</gx:coord>
        <when>2025-01-01T00:04:55.6810390Z</when>
        <gx:coord>12.058225 51.548817 113.856</gx:coord>
        <when>2025-01-01T00:05:00.1050390Z</when>
        <gx:coord>12.058268 51.548923 113.856</gx:coord>
        <when>2025-01-01T00:05:00.6810390Z</when>
        <gx:coord>12.058268 51.548946 113.856</gx:coord>
        <when>2025-01-01T00:05:01.1160390Z</when>
        <gx:coord>12.058268 51.548946 113.856</gx:coord>
        <when>2025-01-01T00:05:03.0900390Z</when>
        <gx:coord>12.058268 51.54899 113.856</gx:coord>
        <when>2025-01-01T00:05:04.1020390Z</when>
        <gx:coord>12.058247 51.54901 113.856</gx:coord>
        <when>2025-01-01T00:05:05.6810390Z</when>
        <gx:coord>12.058182 51.54903 113.856</gx:coord>
        <when>2025-01-01T00:05:06.1150390Z</when>
        <gx:coord>12.058182 51.54903 113.856</gx:coord>
        <when>2025-01-01T00:05:08.1180390Z</when>
        <gx:coord>12.058096 51.549053 113.856</gx:coord>
        <when>2025-01-01T00:05:09.1140390Z</when>
        <gx:coord>12.058053 51.549053 113.856</gx:coord>
        <when>2025-01-01T00:05:10.6810390Z</when>
        <gx:coord>12.057989 51.549076 113.856</gx:coord>
        <when>2025-01-01T00:05:12.1100390Z</when>
        <gx:coord>12.057945 51.549095 113.856</gx:coord>
        <when>2025-01-01T00:05:14.1160390Z</when>
        <gx:coord>12.057881 51.54914 113.856</gx:coord>
        <when>2025-01-01T00:05:15.1010390Z</when>
        <gx:coord>12.057881 51.54916 113.856</gx:coord>
        <when>2025-01-01T00:05:15.6810390Z</when>
        <gx:coord>12.057881 51.549183 113.856</gx:coord>
        <when>2025-01-01T00:05:16.0940390Z</when>
        <gx:coord>12.057881 51.549183 113.856</gx:coord>
        <when>2025-01-01T00:05:20.6800390Z</when>
        <gx:coord>12.057924 51.54933 113.856</gx:coord>
        <when>2025-01-01T00:05:25.6810390Z</when>
        <gx:coord>12.05801 51.549526 113.856</gx:coord>
        <when>2025-01-01T00:05:29.1330390Z</when>
        <gx:coord>12.058053 51.549652 113.856</gx:coord>
        <when>2025-01-01T00:05:30.6810390Z</when>
        <gx:coord>12.058096 51.54974 113.856</gx:coord>
        <when>2025-01-01T00:05:33.1140390Z</when>
        <gx:coord>12.058139 51.549828 113.856</gx:coord>
        <when>2025-01-01T00:05:35.6810390Z</when>
        <gx:coord>12.058203 51.549976 113.856</gx:coord>
        <when>2025-01-01T00:05:40.6810390Z</when>
        <gx:coord>12.0583105 51.550213 113.856</gx:coord>
        <when>2025-01-01T00:05:45.6810390Z</when>
        <gx:coord>12.058396 51.550426 113.856</gx:coord>
        <when>2025-01-01T00:05:46.1160390Z</when>
        <gx:coord>12.058396 51.550426 113.856</gx:coord>
        <when>2025-01-01T00:05:50.6810390Z</when>
        <gx:coord>12.05846 51.550556 113.856</gx:coord>
        <when>2025-01-01T00:05:51.0970390Z</when>
        <gx:coord>12.05846 51.550556 113.856</gx:coord>
        <when>2025-01-01T00:05:52.1000390Z</when>
        <gx:coord>12.05846 51.550575 113.856</gx:coord>
        <when>2025-01-01T00:05:53.1100390Z</when>
        <gx:coord>12.05846 51.550575 113.856</gx:coord>
        <when>2025-01-01T00:05:55.6810390Z</when>
        <gx:coord>12.05846 51.550575 113.856</gx:coord>
        <when>2025-01-01T00:06:00.6810390Z</when>
        <gx:coord>12.05846 51.550575 113.856</gx:coord>
        <when>2025-01-01T00:06:05.6810390Z</when>
        <gx:coord>12.05846 51.550575 113.856</gx:coord>
        <when>2025-01-01T00:06:10.6820390Z</when>
        <gx:coord>12.05846 51.550575 113.856</gx:coord>
        <when>2025-01-01T00:06:15.6820390Z</when>
        <gx:coord>12.05846 51.550575 113.856</gx:coord>
        <when>2025-01-01T00:06:20.6820390Z</when>
        <gx:coord>12.05846 51.550575 113.856</gx:coord>
        <when>2025-01-01T00:06:25.6820390Z</when>
        <gx:coord>12.058482 51.550575 113.856</gx:coord>
        <when>2025-01-01T00:06:30.6820390Z</when>
        <gx:coord>12.058482 51.550575 113.856</gx:coord>
        <when>2025-01-01T00:06:35.6820390Z</when>
        <gx:coord>12.058482 51.550575 113.856</gx:coord>
        <when>2025-01-01T00:06:40.6810390Z</when>
        <gx:coord>12.058482 51.550575 113.856</gx:coord>
        <when>2025-01-01T00:06:45.6820390Z</when>
        <gx:coord>12.058482 51.550575 113.856</gx:coord>
        <when>2025-01-01T00:06:50.6820390Z</when>
        <gx:coord>12.058482 51.550575 113.856</gx:coord>
        <when>2025-01-01T00:06:55.6820390Z</when>
        <gx:coord>12.058482 51.550575 113.856</gx:coord>
        <when>2025-01-01T00:07:00.6820390Z</when>
        <gx:coord>12.058482 51.550575 113.856</gx:coord>
        <when>2025-01-01T00:07:05.6810390Z</when>
        <gx:coord>12.058482 51.550575 113.856</gx:coord>
        <when>2025-01-01T00:07:10.6820390Z</when>
        <gx:coord>12.058482 51.550575 113.856</gx:coord>
        <when>2025-01-01T00:07:15.6820390Z</when>
        <gx:coord>12.058482 51.550575 113.856</gx:coord>
        <when>2025-01-01T00:07:20.6820390Z</when>
        <gx:coord>12.058482 51.550575 113.856</gx:coord>
        <when>2025-01-01T00:07:25.6810390Z</when>
        <gx:coord>12.058482 51.550575 113.856</gx:coord>
        <when>2025-01-01T00:07:30.6820390Z</when>
        <gx:coord>12.058482 51.550575 113.856</gx:coord>
        <when>2025-01-01T00:07:35.6820390Z</when>
        <gx:coord>12.05846 51.550575 113.856</gx:coord>
        <when>2025-01-01T00:07:40.6820390Z</when>
        <gx:coord>12.058482 51.550575 115.38001</gx:coord>
        <when>2025-01-01T00:07:45.6810390Z</when>
        <gx:coord>12.05846 51.550575 115.38001</gx:coord>
        <when>2025-01-01T00:07:50.6820390Z</when>
        <gx:coord>12.05846 51.550575 115.38001</gx:coord>
        <when>2025-01-01T00:07:55.6820390Z</when>
        <gx:coord>12.05846 51.550575 115.38001</gx:coord>
        <when>2025-01-01T00:08:00.6820390Z</when>
        <gx:coord>12.05846 51.550575 115.38001</gx:coord>
        <when>2025-01-01T00:08:05.6820390Z</when>
        <gx:coord>12.05846 51.550575 115.38001</gx:coord>
        <when>2025-01-01T00:08:10.6820390Z</when>
        <gx:coord>12.05846 51.550575 115.38001</gx:coord>
        <when>2025-01-01T00:08:15.6820390Z</when>
        <gx:coord>12.05846 51.550575 115.38001</gx:coord>
        <when>2025-01-01T00:08:20.6820390Z</when>
        <gx:coord>12.05846 51.550575 115.38001</gx:coord>
        <when>2025-01-01T00:08:25.6820390Z</when>
        <gx:coord>12.05846 51.550575 115.38001</gx:coord>
        <when>2025-01-01T00:08:30.6820390Z</when>
        <gx:coord>12.05846 51.550575 113.856</gx:coord>
        <when>2025-01-01T00:08:35.6820390Z</when>
        <gx:coord>12.05846 51.550575 115.38001</gx:coord>
        <when>2025-01-01T00:08:40.6820390Z</when>
        <gx:coord>12.05846 51.550575 113.856</gx:coord>
        <when>2025-01-01T00:08:45.6820390Z</when>
        <gx:coord>12.05846 51.550575 113.856</gx:coord>
        <when>2025-01-01T00:08:50.6830390Z</when>
        <gx:coord>12.05846 51.550575 113.856</gx:coord>
        <when>2025-01-01T00:08:55.6830390Z</when>
        <gx:coord>12.05846 51.550575 113.856</gx:coord>
        <when>2025-01-01T00:09:00.6830390Z</when>
        <gx:coord>12.05846 51.550575 115.38001</gx:coord>
        <when>2025-01-01T00:09:05.6820390Z</when>
        <gx:coord>12.05846 51.550575 115.38001</gx:coord>
        <when>2025-01-01T00:09:10.6820390Z</when>
        <gx:coord>12.05846 51.550575 115.38001</gx:coord>
        <when>2025-01-01T00:09:15.6830390Z</when>
        <gx:coord>12.05846 51.550575 113.856</gx:coord>
        <when>2025-01-01T00:09:20.6830390Z</when>
        <gx:coord>12.05846 51.550575 113.856</gx:coord>
        <when>2025-01-01T00:09:25.6830390Z</when>
        <gx:coord>12.05846 51.550575 113.856</gx:coord>
        <when>2025-01-01T00:09:30.6830390Z</when>
        <gx:coord>12.05846 51.550575 113.856</gx:coord>
        <when>2025-01-01T00:09:35.6830390Z</when>
        <gx:coord>12.05846 51.550575 115.38001</gx:coord>
        <when>2025-01-01T00:09:40.6830390Z</when>
        <gx:coord>12.05846 51.550575 113.856</gx:coord>
        <when>2025-01-01T00:09:45.6830390Z</when>
        <gx:coord>12.05846 51.550575 113.856</gx:coord>
        <when>2025-01-01T00:09:50.6830390Z</when>
        <gx:coord>12.05846 51.550575 113.856</gx:coord>
        <when>2025-01-01T00:09:55.6830390Z</when>
        <gx:coord>12.05846 51.550575 113.856</gx:coord>
        <when>2025-01-01T00:10:00.6830390Z</when>
        <gx:coord>12.05846 51.550575 113.856</gx:coord>
        <when>2025-01-01T00:10:05.6830390Z</when>
        <gx:coord>12.05846 51.550575 113.856</gx:coord>
        <when>2025-01-01T00:10:10.6830390Z</when>
        <gx:coord>12.05846 51.550575 113.856</gx:coord>
        <when>2025-01-01T00:10:15.6830390Z</when>
        <gx:coord>12.05846 51.550575 113.856</gx:coord>
        <when>2025-01-01T00:10:20.6830390Z</when>
        <gx:coord>12.05846 51.550575 113.856</gx:coord>
        <when>2025-01-01T00:10:25.6830390Z</when>
        <gx:coord>12.05846 51.550575 113.856</gx:coord>
        <when>2025-01-01T00:10:30.6830390Z</when>
        <gx:coord>12.05846 51.550575 113.856</gx:coord>
        <when>2025-01-01T00:10:35.6840390Z</when>
        <gx:coord>12.05846 51.550575 113.856</gx:coord>
        <when>2025-01-01T00:10:40.6840390Z</when>
        <gx:coord>12.05846 51.550575 113.856</gx:coord>
        <when>2025-01-01T00:10:45.6840390Z</when>
        <gx:coord>12.05846 51.550575 113.856</gx:coord>
        <when>2025-01-01T00:10:50.6840390Z</when>
        <gx:coord>12.05846 51.550575 113.856</gx:coord>
        <when>2025-01-01T00:10:55.6840390Z</when>
        <gx:coord>12.05846 51.550575 113.856</gx:coord>
        <when>2025-01-01T00:11:00.6840390Z</when>
        <gx:coord>12.05846 51.550575 113.856</gx:coord>
        <when>2025-01-01T00:11:05.6840390Z</when>
        <gx:coord>12.05846 51.550575 113.856</gx:coord>
        <when>2025-01-01T00:11:10.6840390Z</when>
        <gx:coord>12.05846 51.550575 113.856</gx:coord>
        <when>2025-01-01T00:11:15.6840390Z</when>
        <gx:coord>12.05846 51.550575 113.856</gx:coord>
        <when>2025-01-01T00:11:20.0970390Z</when>
        <gx:coord>12.05846 51.550575 113.856</gx:coord>
        <when>2025-01-01T00:11:20.6840390Z</when>
        <gx:coord>12.058482 51.5506 113.856</gx:coord>
        <when>2025-01-01T00:11:23.1090390Z</when>
        <gx:coord>12.058504 51.5506 113.856</gx:coord>
        <when>2025-01-01T00:11:25.6840390Z</when>
        <gx:coord>12.058504 51.550663 113.856</gx:coord>
        <when>2025-01-01T00:11:30.6840390Z</when>
        <gx:coord>12.058546 51.55077 113.856</gx:coord>
        <when>2025-01-01T00:11:34.1170390Z</when>
        <gx:coord>12.058611 51.550877 113.856</gx:coord>
        <when>2025-01-01T00:11:35.6840390Z</when>
        <gx:coord>12.058654 51.55092 113.856</gx:coord>
        <when>2025-01-01T00:11:36.1020390Z</when>
        <gx:coord>12.058654 51.55092 113.856</gx:coord>
        <when>2025-01-01T00:11:37.0900390Z</when>
        <gx:coord>12.058676 51.55094 113.856</gx:coord>
        <when>2025-01-01T00:11:38.1260390Z</when>
        <gx:coord>12.058718 51.55094 113.856</gx:coord>
        <when>2025-01-01T00:11:40.1040390Z</when>
        <gx:coord>12.058804 51.550964 113.856</gx:coord>
        <when>2025-01-01T00:11:40.6830390Z</when>
        <gx:coord>12.058868 51.550964 113.856</gx:coord>
        <when>2025-01-01T00:11:43.1170390Z</when>
        <gx:coord>12.058975 51.55094 113.856</gx:coord>
        <when>2025-01-01T00:11:45.1140390Z</when>
        <gx:coord>12.059126 51.5509 113.856</gx:coord>
        <when>2025-01-01T00:11:45.6840390Z</when>
        <gx:coord>12.059191 51.550877 113.856</gx:coord>
        <when>2025-01-01T00:11:50.6840390Z</when>
        <gx:coord>12.059576 51.55077 113.856</gx:coord>
        <when>2025-01-01T00:11:55.6840390Z</when>
        <gx:coord>12.059984 51.550663 113.856</gx:coord>
        <when>2025-01-01T00:12:00.6840390Z</when>
        <gx:coord>12.06037 51.550556 113.856</gx:coord>
        <when>2025-01-01T00:12:02.1120390Z</when>
        <gx:coord>12.060456 51.550533 113.856</gx:coord>
        <when>2025-01-01T00:12:02.1120390Z</when>
        <gx:coord>12.060456 51.550533 113.856</gx:coord>
        <when>2025-01-01T00:12:05.6840390Z</when>
        <gx:coord>12.060714 51.550404 113.856</gx:coord>
        <when>2025-01-01T00:12:10.6840390Z</when>
        <gx:coord>12.060993 51.550278 113.856</gx:coord>
        <when>2025-01-01T00:12:12.1190390Z</when>
        <gx:coord>12.061035 51.550255 113.856</gx:coord>
        <when>2025-01-01T00:12:13.1100390Z</when>
        <gx:coord>12.061079 51.550255 113.856</gx:coord>
        <when>2025-01-01T00:12:14.0950390Z</when>
        <gx:coord>12.061121 51.550255 113.856</gx:coord>
        <when>2025-01-01T00:12:15.0900390Z</when>
        <gx:coord>12.061165 51.550255 113.856</gx:coord>
        <when>2025-01-01T00:12:15.6840390Z</when>
        <gx:coord>12.061186 51.550255 113.856</gx:coord>
        <when>2025-01-01T00:12:16.0910390Z</when>
        <gx:coord>12.061186 51.550255 113.856</gx:coord>
        <when>2025-01-01T00:12:17.1020390Z</when>
        <gx:coord>12.061207 51.550255 113.856</gx:coord>
        <when>2025-01-01T00:12:18.1050390Z</when>
        <gx:coord>12.061207 51.550278 113.856</gx:coord>
        <when>2025-01-01T00:12:19.1210390Z</when>
        <gx:coord>12.061229 51.550278 113.856</gx:coord>
        <when>2025-01-01T00:12:20.0980390Z</when>
        <gx:coord>12.061229 51.550297 113.856</gx:coord>
        <when>2025-01-01T00:12:20.6840390Z</when>
        <gx:coord>12.061229 51.550297 113.856</gx:coord>
        <when>2025-01-01T00:12:21.0940390Z</when>
        <gx:coord>12.061229 51.550297 113.856</gx:coord>
        <when>2025-01-01T00:12:22.0890390Z</when>
        <gx:coord>12.061229 51.550297 113.856</gx:coord>
        <when>2025-01-01T00:12:22.0890390Z</when>
        <gx:coord>12.061229 51.550297 113.856</gx:coord>
        <when>2025-01-01T00:12:23.1020390Z</when>
        <gx:coord>12.061207 51.55032 113.856</gx:coord>
        <when>2025-01-01T00:12:24.0880390Z</when>
        <gx:coord>12.061207 51.55032 113.856</gx:coord>
        <when>2025-01-01T00:12:25.6850390Z</when>
        <gx:coord>12.061165 51.55032 113.856</gx:coord>
        <when>2025-01-01T00:12:30.6850390Z</when>
        <gx:coord>12.061121 51.55034 113.856</gx:coord>
        <when>2025-01-01T00:12:35.6850390Z</when>
        <gx:coord>12.061079 51.55036 113.856</gx:coord>
        <when>2025-01-01T00:12:37.1260390Z</when>
        <gx:coord>12.061035 51.55036 113.856</gx:coord>
        <when>2025-01-01T00:12:40.1180390Z</when>
        <gx:coord>12.060671 51.55047 113.856</gx:coord>
        <when>2025-01-01T00:12:40.6850390Z</when>
        <gx:coord>12.06052 51.550514 113.856</gx:coord>
        <when>2025-01-01T00:12:43.1280390Z</when>
        <gx:coord>12.060156 51.55062 113.856</gx:coord>
        <when>2025-01-01T00:12:44.1210390Z</when>
        <gx:coord>12.059941 51.550682 113.856</gx:coord>
        <when>2025-01-01T00:12:45.6850390Z</when>
        <gx:coord>12.059448 51.55081 113.856</gx:coord>
        <when>2025-01-01T00:12:48.1340390Z</when>
        <gx:coord>12.058911 51.550964 113.856</gx:coord>
        <when>2025-01-01T00:12:50.6850390Z</when>
        <gx:coord>12.057945 51.551243 113.856</gx:coord>
        <when>2025-01-01T00:12:54.1140390Z</when>
        <gx:coord>12.056894 51.551544 116.90401</gx:coord>
        <when>2025-01-01T00:12:55.6850390Z</when>
        <gx:coord>12.056143 51.551735 121.476</gx:coord>
        <when>2025-01-01T00:13:00.6850390Z</when>
        <gx:coord>12.054276 51.55223 135.192</gx:coord>
        <when>2025-01-01T00:13:02.1320390Z</when>
        <gx:coord>12.053526 51.552444 138.24</gx:coord>
        <when>2025-01-01T00:13:05.6850390Z</when>
        <gx:coord>12.052431 51.552742 150.43199</gx:coord>
        <when>2025-01-01T00:13:10.6860390Z</when>
        <gx:coord>12.050586 51.553238 164.148</gx:coord>
        <when>2025-01-01T00:13:15.1300390Z</when>
        <gx:coord>12.04874 51.55371 174.816</gx:coord>
        <when>2025-01-01T00:13:15.6860390Z</when>
        <gx:coord>12.04874 51.55371 174.816</gx:coord>
        <when>2025-01-01T00:13:20.6860390Z</when>
        <gx:coord>12.046938 51.554245 182.436</gx:coord>
        <when>2025-01-01T00:13:25.6860390Z</when>
        <gx:coord>12.0451145 51.554802 185.484</gx:coord>
        <when>2025-01-01T00:13:29.1140390Z</when>
        <gx:coord>12.043977 51.555126 190.05602</gx:coord>
        <when>2025-01-01T00:13:30.6860390Z</when>
        <gx:coord>12.043182 51.55532 194.628</gx:coord>
        <when>2025-01-01T00:13:34.1300390Z</when>
        <gx:coord>12.041616 51.555725 208.344</gx:coord>
        <when>2025-01-01T00:13:35.6860390Z</when>
        <gx:coord>12.04123 51.555832 208.344</gx:coord>
        <when>2025-01-01T00:13:40.6860390Z</when>
        <gx:coord>12.039234 51.55635 219.01201</gx:coord>
        <when>2025-01-01T00:13:45.6860390Z</when>
        <gx:coord>12.03726 51.55686 237.30002</gx:coord>
        <when>2025-01-01T00:13:46.1200390Z</when>
        <gx:coord>12.036875 51.556973 240.348</gx:coord>
        <when>2025-01-01T00:13:50.1170390Z</when>
        <gx:coord>12.03533 51.55738 247.96802</gx:coord>
        <when>2025-01-01T00:13:50.6860390Z</when>
        <gx:coord>12.03533 51.55738 251.016</gx:coord>
        <when>2025-01-01T00:13:55.6860390Z</when>
        <gx:coord>12.033398 51.557938 261.68402</gx:coord>
        <when>2025-01-01T00:14:00.6850390Z</when>
        <gx:coord>12.031467 51.558517 269.30402</gx:coord>
        <when>2025-01-01T00:14:01.1130390Z</when>
        <gx:coord>12.03108 51.558624 270.828</gx:coord>
        <when>2025-01-01T00:14:05.6860390Z</when>
        <gx:coord>12.029535 51.559097 278.448</gx:coord>
        <when>2025-01-01T00:14:10.6860390Z</when>
        <gx:coord>12.027605 51.559696 293.688</gx:coord>
        <when>2025-01-01T00:14:13.1080390Z</when>
        <gx:coord>12.026467 51.560062 302.83197</gx:coord>
        <when>2025-01-01T00:14:15.6860390Z</when>
        <gx:coord>12.025695 51.560295 304.35602</gx:coord>
        <when>2025-01-01T00:14:20.6860390Z</when>
        <gx:coord>12.023721 51.56094 311.976</gx:coord>
        <when>2025-01-01T00:14:25.6860390Z</when>
        <gx:coord>12.021639 51.561436 324.16797</gx:coord>
        <when>2025-01-01T00:14:26.1330390Z</when>
        <gx:coord>12.021639 51.561436 324.16797</gx:coord>
        <when>2025-01-01T00:14:30.1350390Z</when>
        <gx:coord>12.019815 51.561436 331.78806</gx:coord>
        <when>2025-01-01T00:14:30.1360390Z</when>
        <gx:coord>12.019365 51.561413 334.836</gx:coord>
        <when>2025-01-01T00:14:30.6860390Z</when>
        <gx:coord>12.019365 51.561413 334.836</gx:coord>
        <when>2025-01-01T00:14:32.1150390Z</when>
        <gx:coord>12.018892 51.561348 337.88397</gx:coord>
        <when>2025-01-01T00:14:33.1150390Z</when>
        <gx:coord>12.018421 51.561264 342.45602</gx:coord>
        <when>2025-01-01T00:14:35.6870390Z</when>
        <gx:coord>12.017048 51.56092 353.12402</gx:coord>
        <when>2025-01-01T00:14:39.0990390Z</when>
        <gx:coord>12.015675 51.56049 359.21997</gx:coord>
        <when>2025-01-01T00:14:40.6870390Z</when>
        <gx:coord>12.014816 51.560104 363.79202</gx:coord>
        <when>2025-01-01T00:14:42.0960390Z</when>
        <gx:coord>12.014408 51.55989 363.79202</gx:coord>
        <when>2025-01-01T00:14:42.0960390Z</when>
        <gx:coord>12.014044 51.559654 366.84006</gx:coord>
        <when>2025-01-01T00:14:45.1270390Z</when>
        <gx:coord>12.013378 51.559116 372.93597</gx:coord>
        <when>2025-01-01T00:14:45.1270390Z</when>
        <gx:coord>12.013378 51.559116 372.93597</gx:coord>
        <when>2025-01-01T00:14:45.6870390Z</when>
        <gx:coord>12.013078 51.558838 375.984</gx:coord>
        <when>2025-01-01T00:14:49.1320390Z</when>
        <gx:coord>12.012327 51.557873 382.08002</gx:coord>
        <when>2025-01-01T00:14:50.6870390Z</when>
        <gx:coord>12.011962 51.557186 385.12802</gx:coord>
        <when>2025-01-01T00:14:54.1270390Z</when>
        <gx:coord>12.011318 51.555813 401.89197</gx:coord>
        <when>2025-01-01T00:14:55.6870390Z</when>
        <gx:coord>12.011147 51.55547 409.51202</gx:coord>
        <when>2025-01-01T00:15:00.6870390Z</when>
        <gx:coord>12.010245 51.553883 427.80002</gx:coord>
        <when>2025-01-01T00:15:02.1200390Z</when>
        <gx:coord>12.009838 51.553238 432.372</gx:coord>
        <when>2025-01-01T00:15:04.1230390Z</when>
        <gx:coord>12.009451 51.552616 435.41998</gx:coord>
        <when>2025-01-01T00:15:05.6880390Z</when>
        <gx:coord>12.009279 51.552273 441.51602</gx:coord>
        <when>2025-01-01T00:15:10.1060390Z</when>
        <gx:coord>12.008678 51.55094 453.708</gx:coord>
        <when>2025-01-01T00:15:10.6880390Z</when>
        <gx:coord>12.008593 51.5506 456.75598</gx:coord>
        <when>2025-01-01T00:15:13.1430390Z</when>
        <gx:coord>12.008572 51.549526 462.85202</gx:coord>
        <when>2025-01-01T00:15:14.1130390Z</when>
        <gx:coord>12.008572 51.549526 462.85202</gx:coord>
        <when>2025-01-01T00:15:15.6870390Z</when>
        <gx:coord>12.008743 51.548798 465.90005</gx:coord>
        <when>2025-01-01T00:15:17.1180390Z</when>
        <gx:coord>12.008915 51.548454 467.424</gx:coord>
        <when>2025-01-01T00:15:20.1920390Z</when>
        <gx:coord>12.009581 51.5474 471.99597</gx:coord>
        <when>2025-01-01T00:15:20.6880390Z</when>
        <gx:coord>12.009859 51.54706 475.044</gx:coord>
        <when>2025-01-01T00:15:21.1090390Z</when>
        <gx:coord>12.009859 51.54706 475.044</gx:coord>
        <when>2025-01-01T00:15:25.1180390Z</when>
        <gx:coord>12.011275 51.545834 484.18802</gx:coord>
        <when>2025-01-01T00:15:25.6880390Z</when>
        <gx:coord>12.011662 51.545555 485.71198</gx:coord>
        <when>2025-01-01T00:15:28.1170390Z</when>
        <gx:coord>12.012563 51.545063 485.71198</gx:coord>
        <when>2025-01-01T00:15:30.1120390Z</when>
        <gx:coord>12.013571 51.544613 484.18802</gx:coord>
        <when>2025-01-01T00:15:30.6880390Z</when>
        <gx:coord>12.014108 51.54442 482.664</gx:coord>
        <when>2025-01-01T00:15:35.6880390Z</when>
        <gx:coord>12.01694 51.543453 488.76</gx:coord>
        <when>2025-01-01T00:15:37.1140390Z</when>
        <gx:coord>12.018056 51.543087 496.38</gx:coord>
        <when>2025-01-01T00:15:39.2130390Z</when>
        <gx:coord>12.018614 51.542915 499.42798</gx:coord>
        <when>2025-01-01T00:15:40.6880390Z</when>
        <gx:coord>12.01973 51.542572 505.52402</gx:coord>
        <when>2025-01-01T00:15:45.6880390Z</when>
        <gx:coord>12.022476 51.541714 520.764</gx:coord>
        <when>2025-01-01T00:15:46.1240390Z</when>
        <gx:coord>12.022476 51.541714 520.764</gx:coord>
        <when>2025-01-01T00:15:48.1190390Z</when>
        <gx:coord>12.024107 51.54122 529.90796</gx:coord>
        <when>2025-01-01T00:15:50.6880390Z</when>
        <gx:coord>12.025202 51.54092 534.48</gx:coord>
        <when>2025-01-01T00:15:55.1400390Z</when>
        <gx:coord>12.028034 51.540234 537.52795</gx:coord>
        <when>2025-01-01T00:15:55.6880390Z</when>
        <gx:coord>12.028034 51.540234 539.052</gx:coord>
        <when>2025-01-01T00:16:00.6880390Z</when>
        <gx:coord>12.030888 51.539635 548.196</gx:coord>
        <when>2025-01-01T00:16:05.6880390Z</when>
        <gx:coord>12.03372 51.539032 554.292</gx:coord>
        <when>2025-01-01T00:16:09.1130390Z</when>
        <gx:coord>12.0355015 51.53871 555.816</gx:coord>
        <when>2025-01-01T00:16:10.6880390Z</when>
        <gx:coord>12.036703 51.538517 555.816</gx:coord>
        <when>2025-01-01T00:16:15.6880390Z</when>
        <gx:coord>12.039793 51.53809 558.86395</gx:coord>
        <when>2025-01-01T00:16:16.1140390Z</when>
        <gx:coord>12.040415 51.538002 560.388</gx:coord>
        <when>2025-01-01T00:16:18.2080390Z</when>
        <gx:coord>12.041059 51.537937 558.86395</gx:coord>
        <when>2025-01-01T00:16:20.6880390Z</when>
        <gx:coord>12.043011 51.537746 555.816</gx:coord>
        <when>2025-01-01T00:16:24.1160390Z</when>
        <gx:coord>12.045029 51.537617 555.816</gx:coord>
        <when>2025-01-01T00:16:25.6880390Z</when>
        <gx:coord>12.04638 51.537575 554.292</gx:coord>
        <when>2025-01-01T00:16:30.6890390Z</when>
        <gx:coord>12.04977 51.537617 548.196</gx:coord>
        <when>2025-01-01T00:16:35.1180390Z</when>
        <gx:coord>12.052496 51.53779 546.672</gx:coord>
        <when>2025-01-01T00:16:35.6880390Z</when>
        <gx:coord>12.053183 51.537853 546.672</gx:coord>
        <when>2025-01-01T00:16:37.1210390Z</when>
        <gx:coord>12.054556 51.53798 548.196</gx:coord>
        <when>2025-01-01T00:16:40.6890390Z</when>
        <gx:coord>12.056594 51.53824 548.196</gx:coord>
        <when>2025-01-01T00:16:45.6890390Z</when>
        <gx:coord>12.059919 51.53882 549.72</gx:coord>
        <when>2025-01-01T00:16:50.6890390Z</when>
        <gx:coord>12.063117 51.53944 568.008</gx:coord>
        <when>2025-01-01T00:16:55.6890390Z</when>
        <gx:coord>12.066207 51.540062 569.532</gx:coord>
        <when>2025-01-01T00:16:59.1210390Z</when>
        <gx:coord>12.068073 51.540447 568.008</gx:coord>
        <when>2025-01-01T00:17:00.6900390Z</when>
        <gx:coord>12.06934 51.540726 564.95996</gx:coord>
        <when>2025-01-01T00:17:05.6900390Z</when>
        <gx:coord>12.072536 51.54146 561.912</gx:coord>
        <when>2025-01-01T00:17:10.6900390Z</when>
        <gx:coord>12.075712 51.54225 561.912</gx:coord>
        <when>2025-01-01T00:17:13.1130390Z</when>
        <gx:coord>12.077 51.542572 560.388</gx:coord>
        <when>2025-01-01T00:17:15.6900390Z</when>
        <gx:coord>12.078953 51.543087 557.33997</gx:coord>
        <when>2025-01-01T00:17:17.1180390Z</when>
        <gx:coord>12.080261 51.54343 558.86395</gx:coord>
        <when>2025-01-01T00:17:18.2600390Z</when>
        <gx:coord>12.080261 51.54343 558.86395</gx:coord>
        <when>2025-01-01T00:17:20.6900390Z</when>
        <gx:coord>12.082214 51.543945 560.388</gx:coord>
        <when>2025-01-01T00:17:25.6900390Z</when>
        <gx:coord>12.085497 51.54489 561.912</gx:coord>
        <when>2025-01-01T00:17:30.6900390Z</when>
        <gx:coord>12.088823 51.545834 564.95996</gx:coord>
        <when>2025-01-01T00:17:35.6900390Z</when>
        <gx:coord>12.092192 51.54678 560.388</gx:coord>
        <when>2025-01-01T00:17:40.6900390Z</when>
        <gx:coord>12.095604 51.547768 563.436</gx:coord>
        <when>2025-01-01T00:17:45.6900390Z</when>
        <gx:coord>12.099058 51.548733 569.532</gx:coord>
        <when>2025-01-01T00:17:50.6900390Z</when>
        <gx:coord>12.102491 51.549675 583.248</gx:coord>
        <when>2025-01-01T00:17:53.1150390Z</when>
        <gx:coord>12.104509 51.550255 595.44</gx:coord>
        <when>2025-01-01T00:17:54.1190390Z</when>
        <gx:coord>12.105174 51.55045 595.44</gx:coord>
        <when>2025-01-01T00:17:55.6900390Z</when>
        <gx:coord>12.105839 51.55064 600.01196</gx:coord>
        <when>2025-01-01T00:18:00.6900390Z</when>
        <gx:coord>12.109337 51.551308 606.108</gx:coord>
        <when>2025-01-01T00:18:01.1050390Z</when>
        <gx:coord>12.109337 51.551308 606.108</gx:coord>
        <when>2025-01-01T00:18:04.1150390Z</when>
        <gx:coord>12.111611 51.55137 606.108</gx:coord>
        <when>2025-01-01T00:18:04.1160390Z</when>
        <gx:coord>12.111611 51.55137 606.108</gx:coord>
        <when>2025-01-01T00:18:05.6900390Z</when>
        <gx:coord>12.113156 51.551285 604.584</gx:coord>
        <when>2025-01-01T00:18:10.6900390Z</when>
        <gx:coord>12.117147 51.551025 600.01196</gx:coord>
        <when>2025-01-01T00:18:15.6910390Z</when>
        <gx:coord>12.1211605 51.550728 600.01196</gx:coord>
        <when>2025-01-01T00:18:20.6900390Z</when>
        <gx:coord>12.125109 51.550404 601.536</gx:coord>
        <when>2025-01-01T00:18:25.6910390Z</when>
        <gx:coord>12.129121 51.550106 592.39197</gx:coord>
        <when>2025-01-01T00:18:29.1200390Z</when>
        <gx:coord>12.1323185 51.549847 589.344</gx:coord>
        <when>2025-01-01T00:18:30.6910390Z</when>
        <gx:coord>12.133133 51.54978 586.29596</gx:coord>
        <when>2025-01-01T00:18:35.6910390Z</when>
        <gx:coord>12.137167 51.549355 580.19995</gx:coord>
        <when>2025-01-01T00:18:40.6910390Z</when>
        <gx:coord>12.141201 51.54884 577.152</gx:coord>
        <when>2025-01-01T00:18:45.6910390Z</when>
        <gx:coord>12.145235 51.54826 574.104</gx:coord>
        <when>2025-01-01T00:18:49.1210390Z</when>
        <gx:coord>12.147682 51.547935 568.008</gx:coord>
        <when>2025-01-01T00:18:50.1140390Z</when>
        <gx:coord>12.149355 51.54772 564.95996</gx:coord>
        <when>2025-01-01T00:18:50.6910390Z</when>
        <gx:coord>12.149355 51.54772 564.95996</gx:coord>
        <when>2025-01-01T00:18:55.6920390Z</when>
        <gx:coord>12.1536045 51.54725 561.912</gx:coord>
        <when>2025-01-01T00:19:00.6910390Z</when>
        <gx:coord>12.157852 51.546757 561.912</gx:coord>
        <when>2025-01-01T00:19:01.1200390Z</when>
        <gx:coord>12.1586895 51.546673 561.912</gx:coord>
        <when>2025-01-01T00:19:05.6910390Z</when>
        <gx:coord>12.162058 51.546284 558.86395</gx:coord>
        <when>2025-01-01T00:19:10.6920390Z</when>
        <gx:coord>12.1662 51.54579 560.388</gx:coord>
        <when>2025-01-01T00:19:13.1160390Z</when>
        <gx:coord>12.167852 51.545532 564.95996</gx:coord>
        <when>2025-01-01T00:19:15.6920390Z</when>
        <gx:coord>12.170256 51.54502 564.95996</gx:coord>
        <when>2025-01-01T00:19:18.1160390Z</when>
        <gx:coord>12.171801 51.544567 563.436</gx:coord>
        <when>2025-01-01T00:19:20.6920390Z</when>
        <gx:coord>12.173946 51.54371 561.912</gx:coord>
        <when>2025-01-01T00:19:24.1140390Z</when>
        <gx:coord>12.175941 51.542725 555.816</gx:coord>
        <when>2025-01-01T00:19:25.6920390Z</when>
        <gx:coord>12.177186 51.542015 554.292</gx:coord>
        <when>2025-01-01T00:19:30.1140390Z</when>
        <gx:coord>12.179354 51.54043 548.196</gx:coord>
        <when>2025-01-01T00:19:30.6920390Z</when>
        <gx:coord>12.179847 51.54002 546.672</gx:coord>
        <when>2025-01-01T00:19:35.1180390Z</when>
        <gx:coord>12.181478 51.53824 552.768</gx:coord>
        <when>2025-01-01T00:19:35.1230390Z</when>
        <gx:coord>12.181821 51.53779 552.768</gx:coord>
        <when>2025-01-01T00:19:35.6920390Z</when>
        <gx:coord>12.181821 51.53779 555.816</gx:coord>
        <when>2025-01-01T00:19:38.1050390Z</when>
        <gx:coord>12.182743 51.536392 558.86395</gx:coord>
        <when>2025-01-01T00:19:40.6920390Z</when>
        <gx:coord>12.183258 51.535427 561.912</gx:coord>
        <when>2025-01-01T00:19:45.6920390Z</when>
        <gx:coord>12.184396 51.53298 563.436</gx:coord>
        <when>2025-01-01T00:19:47.1180390Z</when>
        <gx:coord>12.18461 51.532486 561.912</gx:coord>
        <when>2025-01-01T00:19:50.6920390Z</when>
        <gx:coord>12.185404 51.53045 563.436</gx:coord>
        <when>2025-01-01T00:19:55.6930390Z</when>
        <gx:coord>12.18622 51.527855 561.912</gx:coord>
        <when>2025-01-01T00:20:00.6930390Z</when>
        <gx:coord>12.186907 51.525215 561.912</gx:coord>
        <when>2025-01-01T00:20:05.6930390Z</when>
        <gx:coord>12.187572 51.522594 557.33997</gx:coord>
        <when>2025-01-01T00:20:07.1240390Z</when>
        <gx:coord>12.187829 51.521545 557.33997</gx:coord>
        <when>2025-01-01T00:20:10.6930390Z</when>
        <gx:coord>12.188194 51.52 554.292</gx:coord>
        <when>2025-01-01T00:20:15.6920390Z</when>
        <gx:coord>12.18873 51.517445 552.768</gx:coord>
        <when>2025-01-01T00:20:20.6930390Z</when>
        <gx:coord>12.189374 51.514915 545.148</gx:coord>
        <when>2025-01-01T00:20:25.6930390Z</when>
        <gx:coord>12.190061 51.512383 539.052</gx:coord>
        <when>2025-01-01T00:20:30.1090390Z</when>
        <gx:coord>12.190769 51.50985 534.48</gx:coord>
        <when>2025-01-01T00:20:30.6930390Z</when>
        <gx:coord>12.190769 51.50985 534.48</gx:coord>
        <when>2025-01-01T00:20:35.7670390Z</when>
        <gx:coord>12.191669 51.507298 520.764</gx:coord>
        <when>2025-01-01T00:20:40.1110390Z</when>
        <gx:coord>12.192743 51.50474 511.62003</gx:coord>
        <when>2025-01-01T00:20:40.6930390Z</when>
        <gx:coord>12.192743 51.50474 510.096</gx:coord>
        <when>2025-01-01T00:20:44.1210390Z</when>
        <gx:coord>12.193687 51.50268 502.47598</gx:coord>
        <when>2025-01-01T00:20:45.6920390Z</when>
        <gx:coord>12.193923 51.502167 497.90402</gx:coord>
        <when>2025-01-01T00:20:50.1200390Z</when>
        <gx:coord>12.19521 51.49955 471.99597</gx:coord>
        <when>2025-01-01T00:20:50.6930390Z</when>
        <gx:coord>12.19521 51.49955 471.99597</gx:coord>
        <when>2025-01-01T00:20:55.6940390Z</when>
        <gx:coord>12.1967125 51.496975 476.56802</gx:coord>
        <when>2025-01-01T00:21:00.6940390Z</when>
        <gx:coord>12.198322 51.494488 473.52</gx:coord>
        <when>2025-01-01T00:21:05.6940390Z</when>
        <gx:coord>12.199888 51.492085 476.56802</gx:coord>
        <when>2025-01-01T00:21:10.6940390Z</when>
        <gx:coord>12.201433 51.48968 475.044</gx:coord>
        <when>2025-01-01T00:21:12.1190390Z</when>
        <gx:coord>12.202013 51.488693 475.044</gx:coord>
        <when>2025-01-01T00:21:15.6940390Z</when>
        <gx:coord>12.202849 51.487213 471.99597</gx:coord>
        <when>2025-01-01T00:21:20.6940390Z</when>
        <gx:coord>12.204073 51.484745 468.94803</gx:coord>
        <when>2025-01-01T00:21:25.6940390Z</when>
        <gx:coord>12.205231 51.4823 465.90005</gx:coord>
        <when>2025-01-01T00:21:30.6940390Z</when>
        <gx:coord>12.206219 51.47983 471.99597</gx:coord>
        <when>2025-01-01T00:21:34.1170390Z</when>
        <gx:coord>12.206755 51.478416 478.09198</gx:coord>
        <when>2025-01-01T00:21:35.6940390Z</when>
        <gx:coord>12.207098 51.47747 479.61597</gx:coord>
        <when>2025-01-01T00:21:40.6940390Z</when>
        <gx:coord>12.2078705 51.475132 481.13998</gx:coord>
        <when>2025-01-01T00:21:45.6940390Z</when>
        <gx:coord>12.208471 51.472813 481.13998</gx:coord>
        <when>2025-01-01T00:21:46.1260390Z</when>
        <gx:coord>12.208557 51.472343 481.13998</gx:coord>
        <when>2025-01-01T00:21:49.1220390Z</when>
        <gx:coord>12.208664 51.47142 482.664</gx:coord>
        <when>2025-01-01T00:21:50.6950390Z</when>
        <gx:coord>12.20875 51.470474 484.18802</gx:coord>
        <when>2025-01-01T00:21:55.6950390Z</when>
        <gx:coord>12.20875 51.46816 487.236</gx:coord>
        <when>2025-01-01T00:22:00.6950390Z</when>
        <gx:coord>12.208578 51.46584 485.71198</gx:coord>
        <when>2025-01-01T00:22:02.1200390Z</when>
        <gx:coord>12.208492 51.46494 485.71198</gx:coord>
        <when>2025-01-01T00:22:05.6950390Z</when>
        <gx:coord>12.2083645 51.463566 481.13998</gx:coord>
        <when>2025-01-01T00:22:10.6950390Z</when>
        <gx:coord>12.208406 51.461227 476.56802</gx:coord>
        <when>2025-01-01T00:22:12.1180390Z</when>
        <gx:coord>12.208557 51.460754 476.56802</gx:coord>
        <when>2025-01-01T00:22:15.1250390Z</when>
        <gx:coord>12.20933 51.459446 476.56802</gx:coord>
        <when>2025-01-01T00:22:15.6950390Z</when>
        <gx:coord>12.209694 51.459015 476.56802</gx:coord>
        <when>2025-01-01T00:22:18.0990390Z</when>
        <gx:coord>12.210552 51.458244 476.56802</gx:coord>
        <when>2025-01-01T00:22:20.6950390Z</when>
        <gx:coord>12.212183 51.45728 471.99597</gx:coord>
        <when>2025-01-01T00:22:21.1200390Z</when>
        <gx:coord>12.212183 51.45728 471.99597</gx:coord>
        <when>2025-01-01T00:22:25.1200390Z</when>
        <gx:coord>12.214758 51.456314 467.424</gx:coord>
        <when>2025-01-01T00:22:25.1260390Z</when>
        <gx:coord>12.2154665 51.456142 467.424</gx:coord>
        <when>2025-01-01T00:22:25.6950390Z</when>
        <gx:coord>12.2154665 51.456142 465.90005</gx:coord>
        <when>2025-01-01T00:22:30.6940390Z</when>
        <gx:coord>12.219049 51.455498 459.80402</gx:coord>
        <when>2025-01-01T00:22:31.1190390Z</when>
        <gx:coord>12.219049 51.455498 459.80402</gx:coord>
        <when>2025-01-01T00:22:35.6950390Z</when>
        <gx:coord>12.222719 51.455112 458.27997</gx:coord>
        <when>2025-01-01T00:22:40.6950390Z</when>
        <gx:coord>12.226367 51.454895 452.18402</gx:coord>
        <when>2025-01-01T00:22:45.6950390Z</when>
        <gx:coord>12.230036 51.45477 443.03998</gx:coord>
        <when>2025-01-01T00:22:47.1180390Z</when>
        <gx:coord>12.231495 51.454727 439.992</gx:coord>
        <when>2025-01-01T00:22:50.6950390Z</when>
        <gx:coord>12.233685 51.45464 436.94397</gx:coord>
        <when>2025-01-01T00:22:55.6950390Z</when>
        <gx:coord>12.237331 51.45449 441.51602</gx:coord>
        <when>2025-01-01T00:23:00.6950390Z</when>
        <gx:coord>12.240915 51.454384 446.088</gx:coord>
        <when>2025-01-01T00:23:02.1220390Z</when>
        <gx:coord>12.2423315 51.454338 446.088</gx:coord>
        <when>2025-01-01T00:23:03.1220390Z</when>
        <gx:coord>12.2423315 51.454338 446.088</gx:coord>
        <when>2025-01-01T00:23:05.6960390Z</when>
        <gx:coord>12.244413 51.454273 446.088</gx:coord>
        <when>2025-01-01T00:23:10.6960390Z</when>
        <gx:coord>12.247825 51.454147 447.612</gx:coord>
        <when>2025-01-01T00:23:15.6960390Z</when>
        <gx:coord>12.251194 51.45404 448.392</gx:coord>
        <when>2025-01-01T00:23:20.6960390Z</when>
        <gx:coord>12.254498 51.453865 437.72403</gx:coord>
        <when>2025-01-01T00:23:24.2890390Z</when>
        <gx:coord>12.257158 51.45374 434.67603</gx:coord>
        <when>2025-01-01T00:23:25.6960390Z</when>
        <gx:coord>12.257824 51.453716 431.628</gx:coord>
        <when>2025-01-01T00:23:30.6960390Z</when>
        <gx:coord>12.261192 51.453568 422.484</gx:coord>
        <when>2025-01-01T00:23:35.6960390Z</when>
        <gx:coord>12.264476 51.453373 411.81598</gx:coord>
        <when>2025-01-01T00:23:37.1020390Z</when>
        <gx:coord>12.265827 51.45329 407.24402</gx:coord>
        <when>2025-01-01T00:23:40.2120390Z</when>
        <gx:coord>12.2672 51.45318 405.71997</gx:coord>
        <when>2025-01-01T00:23:40.6960390Z</when>
        <gx:coord>12.267866 51.453117 404.19598</gx:coord>
        <when>2025-01-01T00:23:42.1010390Z</when>
        <gx:coord>12.269218 51.452923 402.67203</gx:coord>
        <when>2025-01-01T00:23:45.1190390Z</when>
        <gx:coord>12.270506 51.452667 399.62402</gx:coord>
        <when>2025-01-01T00:23:45.6960390Z</when>
        <gx:coord>12.271128 51.45249 398.09998</gx:coord>
        <when>2025-01-01T00:23:49.1170390Z</when>
        <gx:coord>12.272909 51.45187 392.004</gx:coord>
        <when>2025-01-01T00:23:50.6960390Z</when>
        <gx:coord>12.274025 51.451378 387.432</gx:coord>
        <when>2025-01-01T00:23:53.1220390Z</when>
        <gx:coord>12.275055 51.45082 382.86</gx:coord>
        <when>2025-01-01T00:23:55.6960390Z</when>
        <gx:coord>12.276384 51.449856 378.28802</gx:coord>
        <when>2025-01-01T00:23:56.1190390Z</when>
        <gx:coord>12.276793 51.449512 376.76398</gx:coord>
        <when>2025-01-01T00:23:58.1210390Z</when>
        <gx:coord>12.277179 51.44917 375.24</gx:coord>
        <when>2025-01-01T00:24:00.6950390Z</when>
        <gx:coord>12.278187 51.448074 369.14398</gx:coord>
        <when>2025-01-01T00:24:05.6960390Z</when>
        <gx:coord>12.279539 51.446144 352.38004</gx:coord>
        <when>2025-01-01T00:24:06.1210390Z</when>
        <gx:coord>12.279539 51.446144 352.38004</gx:coord>
        <when>2025-01-01T00:24:08.1280390Z</when>
        <gx:coord>12.280205 51.44496 344.76</gx:coord>
        <when>2025-01-01T00:24:10.6960390Z</when>
        <gx:coord>12.280612 51.444168 340.188</gx:coord>
        <when>2025-01-01T00:24:14.1180390Z</when>
        <gx:coord>12.281084 51.44303 334.09198</gx:coord>
        <when>2025-01-01T00:24:15.6960390Z</when>
        <gx:coord>12.281321 51.44228 326.472</gx:coord>
        <when>2025-01-01T00:24:16.1210390Z</when>
        <gx:coord>12.281321 51.44228 326.472</gx:coord>
        <when>2025-01-01T00:24:18.1290390Z</when>
        <gx:coord>12.281513 51.44112 314.27997</gx:coord>
        <when>2025-01-01T00:24:20.1210390Z</when>
        <gx:coord>12.281513 51.440758 309.708</gx:coord>
        <when>2025-01-01T00:24:20.6970390Z</when>
        <gx:coord>12.28147 51.44037 306.65997</gx:coord>
        <when>2025-01-01T00:24:24.1020390Z</when>
        <gx:coord>12.281191 51.439297 295.992</gx:coord>
        <when>2025-01-01T00:24:25.6970390Z</when>
        <gx:coord>12.280848 51.43861 288.372</gx:coord>
        <when>2025-01-01T00:24:27.1270390Z</when>
        <gx:coord>12.280397 51.437946 279.22803</gx:coord>
        <when>2025-01-01T00:24:28.1260390Z</when>
        <gx:coord>12.280397 51.437946 279.22803</gx:coord>
        <when>2025-01-01T00:24:28.1290390Z</when>
        <gx:coord>12.28014 51.437645 279.22803</gx:coord>
        <when>2025-01-01T00:24:30.6970390Z</when>
        <gx:coord>12.279582 51.437042 263.98798</gx:coord>
        <when>2025-01-01T00:24:32.1350390Z</when>
        <gx:coord>12.279261 51.436745 260.94</gx:coord>
        <when>2025-01-01T00:24:34.1190390Z</when>
        <gx:coord>12.278166 51.43595 247.22398</gx:coord>
        <when>2025-01-01T00:24:35.6970390Z</when>
        <gx:coord>12.277758 51.435715 242.65201</gx:coord>
        <when>2025-01-01T00:24:36.1220390Z</when>
        <gx:coord>12.277758 51.435715 242.65201</gx:coord>
        <when>2025-01-01T00:24:40.6970390Z</when>
        <gx:coord>12.275419 51.434704 222.84003</gx:coord>
        <when>2025-01-01T00:24:41.1240390Z</when>
        <gx:coord>12.275419 51.434704 222.84003</gx:coord>
        <when>2025-01-01T00:24:42.1180390Z</when>
        <gx:coord>12.274904 51.434555 218.268</gx:coord>
        <when>2025-01-01T00:24:42.1180390Z</when>
        <gx:coord>12.27441 51.434406 215.21999</gx:coord>
        <when>2025-01-01T00:24:45.6970390Z</when>
        <gx:coord>12.272865 51.43404 204.552</gx:coord>
        <when>2025-01-01T00:24:46.1220390Z</when>
        <gx:coord>12.272865 51.43404 204.552</gx:coord>
        <when>2025-01-01T00:24:50.1240390Z</when>
        <gx:coord>12.270163 51.43372 183.216</gx:coord>
        <when>2025-01-01T00:24:50.6970390Z</when>
        <gx:coord>12.270163 51.43372 183.216</gx:coord>
        <when>2025-01-01T00:24:51.1250390Z</when>
        <gx:coord>12.270163 51.43372 183.216</gx:coord>
        <when>2025-01-01T00:24:55.6970390Z</when>
        <gx:coord>12.26733 51.43361 167.976</gx:coord>
        <when>2025-01-01T00:25:00.6970390Z</when>
        <gx:coord>12.26454 51.433502 160.356</gx:coord>
        <when>2025-01-01T00:25:05.6970390Z</when>
        <gx:coord>12.261837 51.433376 154.26</gx:coord>
        <when>2025-01-01T00:25:10.1250390Z</when>
        <gx:coord>12.259197 51.433247 152.736</gx:coord>
        <when>2025-01-01T00:25:10.6970390Z</when>
        <gx:coord>12.259197 51.433247 152.736</gx:coord>
        <when>2025-01-01T00:25:15.6960390Z</when>
        <gx:coord>12.256557 51.433117 151.21199</gx:coord>
        <when>2025-01-01T00:25:19.1250390Z</when>
        <gx:coord>12.254477 51.433033 151.21199</gx:coord>
        <when>2025-01-01T00:25:20.6970390Z</when>
        <gx:coord>12.253962 51.432987 149.688</gx:coord>
        <when>2025-01-01T00:25:25.6970390Z</when>
        <gx:coord>12.251387 51.43288 149.688</gx:coord>
        <when>2025-01-01T00:25:30.6970390Z</when>
        <gx:coord>12.248791 51.432774 138.24</gx:coord>
        <when>2025-01-01T00:25:35.6970390Z</when>
        <gx:coord>12.246172 51.432644 138.24</gx:coord>
        <when>2025-01-01T00:25:40.6980390Z</when>
        <gx:coord>12.243447 51.432518 138.24</gx:coord>
        <when>2025-01-01T00:25:45.6980390Z</when>
        <gx:coord>12.240615 51.43239 138.24</gx:coord>
        <when>2025-01-01T00:25:50.6980390Z</when>
        <gx:coord>12.2377825 51.43226 155.004</gx:coord>
        <when>2025-01-01T00:25:55.1240390Z</when>
        <gx:coord>12.2352295 51.432087 185.484</gx:coord>
        <when>2025-01-01T00:25:55.6980390Z</when>
        <gx:coord>12.2352295 51.432087 185.484</gx:coord>
        <when>2025-01-01T00:25:57.1220390Z</when>
        <gx:coord>12.234756 51.432045 190.05602</gx:coord>
        <when>2025-01-01T00:26:00.6980390Z</when>
        <gx:coord>12.232933 51.431915 206.81999</gx:coord>
        <when>2025-01-01T00:26:03.1210390Z</when>
        <gx:coord>12.231603 51.431786 215.964</gx:coord>
        <when>2025-01-01T00:26:05.6980390Z</when>
        <gx:coord>12.230701 51.431725 220.536</gx:coord>
        <when>2025-01-01T00:26:10.6980390Z</when>
        <gx:coord>12.228405 51.431637 228.15599</gx:coord>
        <when>2025-01-01T00:26:12.1250390Z</when>
        <gx:coord>12.227461 51.431595 231.204</gx:coord>
        <when>2025-01-01T00:26:15.6980390Z</when>
        <gx:coord>12.226046 51.43155 237.30002</gx:coord>
        <when>2025-01-01T00:26:20.1200390Z</when>
        <gx:coord>12.223706 51.431423 249.49199</gx:coord>
        <when>2025-01-01T00:26:20.6980390Z</when>
        <gx:coord>12.223706 51.431423 249.49199</gx:coord>
        <when>2025-01-01T00:26:25.6980390Z</when>
        <gx:coord>12.221389 51.43127 261.68402</gx:coord>
        <when>2025-01-01T00:26:30.6980390Z</when>
        <gx:coord>12.219028 51.4311 276.924</gx:coord>
        <when>2025-01-01T00:26:31.1170390Z</when>
        <gx:coord>12.218578 51.431057 279.972</gx:coord>
        <when>2025-01-01T00:26:35.6980390Z</when>
        <gx:coord>12.216711 51.43091 292.164</gx:coord>
        <when>2025-01-01T00:26:39.4190390Z</when>
        <gx:coord>12.215317 51.43078 299.784</gx:coord>
        <when>2025-01-01T00:26:40.6980390Z</when>
        <gx:coord>12.214394 51.43067 307.404</gx:coord>
        <when>2025-01-01T00:26:41.1180390Z</when>
        <gx:coord>12.2139435 51.43063 310.45203</gx:coord>
        <when>2025-01-01T00:26:45.6980390Z</when>
        <gx:coord>12.212162 51.430435 324.16797</gx:coord>
        <when>2025-01-01T00:26:50.6990390Z</when>
        <gx:coord>12.209909 51.430157 333.312</gx:coord>
        <when>2025-01-01T00:26:55.6990390Z</when>
        <gx:coord>12.207506 51.429855 340.932</gx:coord>
        <when>2025-01-01T00:26:56.1220390Z</when>
        <gx:coord>12.207012 51.42979 342.45602</gx:coord>
        <when>2025-01-01T00:27:00.6990390Z</when>
        <gx:coord>12.205017 51.429512 353.12402</gx:coord>
        <when>2025-01-01T00:27:05.1200390Z</when>
        <gx:coord>12.202999 51.42919 362.268</gx:coord>
        <when>2025-01-01T00:27:05.6990390Z</when>
        <gx:coord>12.202506 51.429127 365.31598</gx:coord>
        <when>2025-01-01T00:27:08.1280390Z</when>
        <gx:coord>12.201025 51.428867 368.364</gx:coord>
        <when>2025-01-01T00:27:10.6990390Z</when>
        <gx:coord>12.200017 51.428677 371.41202</gx:coord>
        <when>2025-01-01T00:27:12.1200390Z</when>
        <gx:coord>12.199009 51.428505 374.46002</gx:coord>
        <when>2025-01-01T00:27:15.1210390Z</when>
        <gx:coord>12.198 51.42829 379.03198</gx:coord>
        <when>2025-01-01T00:27:15.6990390Z</when>
        <gx:coord>12.197485 51.42814 382.08002</gx:coord>
        <when>2025-01-01T00:27:17.1230390Z</when>
        <gx:coord>12.196991 51.42801 383.604</gx:coord>
        <when>2025-01-01T00:27:20.1210390Z</when>
        <gx:coord>12.195576 51.42743 394.27197</gx:coord>
        <when>2025-01-01T00:27:20.6990390Z</when>
        <gx:coord>12.195147 51.427216 397.32</gx:coord>
        <when>2025-01-01T00:27:23.1210390Z</when>
        <gx:coord>12.193945 51.426464 404.94</gx:coord>
        <when>2025-01-01T00:27:24.1210390Z</when>
        <gx:coord>12.193945 51.426464 404.94</gx:coord>
        <when>2025-01-01T00:27:25.6990390Z</when>
        <gx:coord>12.193236 51.425888 411.036</gx:coord>
        <when>2025-01-01T00:27:29.1150390Z</when>
        <gx:coord>12.192314 51.42492 418.656</gx:coord>
        <when>2025-01-01T00:27:30.1130390Z</when>
        <gx:coord>12.192035 51.424576 421.70398</gx:coord>
        <when>2025-01-01T00:27:30.6990390Z</when>
        <gx:coord>12.191777 51.424232 423.22806</gx:coord>
        <when>2025-01-01T00:27:35.6990390Z</when>
        <gx:coord>12.190554 51.422367 429.32397</gx:coord>
        <when>2025-01-01T00:27:37.1200390Z</when>
        <gx:coord>12.190104 51.421616 436.94397</gx:coord>
        <when>2025-01-01T00:27:40.6990390Z</when>
        <gx:coord>12.189438 51.42052 449.136</gx:coord>
        <when>2025-01-01T00:27:45.1440390Z</when>
        <gx:coord>12.188473 51.418762 468.94803</gx:coord>
        <when>2025-01-01T00:27:45.6990390Z</when>
        <gx:coord>12.188473 51.418762 468.94803</gx:coord>
        <when>2025-01-01T00:27:50.6990390Z</when>
        <gx:coord>12.187635 51.417023 485.71198</gx:coord>
        <when>2025-01-01T00:27:55.6990390Z</when>
        <gx:coord>12.186713 51.415306 493.33197</gx:coord>
        <when>2025-01-01T00:27:57.1410390Z</when>
        <gx:coord>12.186348 51.41462 496.38</gx:coord>
        <when>2025-01-01T00:27:59.1210390Z</when>
        <gx:coord>12.185984 51.413933 502.47598</gx:coord>
        <when>2025-01-01T00:28:00.6990390Z</when>
        <gx:coord>12.185812 51.41359 505.52402</gx:coord>
        <when>2025-01-01T00:28:05.7000390Z</when>
        <gx:coord>12.184997 51.411854 513.144</gx:coord>
        <when>2025-01-01T00:28:10.7000390Z</when>
        <gx:coord>12.184116 51.410095 519.24</gx:coord>
        <when>2025-01-01T00:28:15.7000390Z</when>
        <gx:coord>12.183194 51.408333 529.90796</gx:coord>
        <when>2025-01-01T00:28:18.1270390Z</when>
        <gx:coord>12.182657 51.40726 534.48</gx:coord>
        <when>2025-01-01T00:28:20.7000390Z</when>
        <gx:coord>12.182314 51.40655 537.52795</gx:coord>
        <when>2025-01-01T00:28:21.1210390Z</when>
        <gx:coord>12.182314 51.40655 537.52795</gx:coord>
        <when>2025-01-01T00:28:25.7000390Z</when>
        <gx:coord>12.18152 51.40477 548.196</gx:coord>
        <when>2025-01-01T00:28:30.7000390Z</when>
        <gx:coord>12.180748 51.402946 551.24396</gx:coord>
        <when>2025-01-01T00:28:35.7000390Z</when>
        <gx:coord>12.180061 51.40108 558.86395</gx:coord>
        <when>2025-01-01T00:28:37.1220390Z</when>
        <gx:coord>12.179847 51.40033 564.95996</gx:coord>
        <when>2025-01-01T00:28:40.7000390Z</when>
        <gx:coord>12.179503 51.399235 572.57996</gx:coord>
        <when>2025-01-01T00:28:42.1200390Z</when>
        <gx:coord>12.179289 51.398506 575.628</gx:coord>
        <when>2025-01-01T00:28:45.7000390Z</when>
        <gx:coord>12.17901 51.39741 575.628</gx:coord>
        <when>2025-01-01T00:28:50.7000390Z</when>
        <gx:coord>12.178559 51.395416 568.008</gx:coord>
        <when>2025-01-01T00:28:53.1040390Z</when>
        <gx:coord>12.178431 51.39458 566.484</gx:coord>
        <when>2025-01-01T00:28:55.1240390Z</when>
        <gx:coord>12.178345 51.393723 564.95996</gx:coord>
        <when>2025-01-01T00:28:55.7000390Z</when>
        <gx:coord>12.178324 51.39329 564.95996</gx:coord>
        <when>2025-01-01T00:29:00.7000390Z</when>
        <gx:coord>12.17841 51.3911 561.912</gx:coord>
        <when>2025-01-01T00:29:05.7000390Z</when>
        <gx:coord>12.178753 51.388893 555.816</gx:coord>
        <when>2025-01-01T00:29:06.1530390Z</when>
        <gx:coord>12.178753 51.388893 555.816</gx:coord>
        <when>2025-01-01T00:29:10.7010390Z</when>
        <gx:coord>12.179224 51.38666 551.24396</gx:coord>
        <when>2025-01-01T00:29:15.7010390Z</when>
        <gx:coord>12.179825 51.384407 551.24396</gx:coord>
        <when>2025-01-01T00:29:20.7010390Z</when>
        <gx:coord>12.180405 51.38224 561.912</gx:coord>
        <when>2025-01-01T00:29:21.1510390Z</when>
        <gx:coord>12.180511 51.381813 561.912</gx:coord>
        <when>2025-01-01T00:29:25.7010390Z</when>
        <gx:coord>12.180963 51.380116 574.104</gx:coord>
        <when>2025-01-01T00:29:30.7010390Z</when>
        <gx:coord>12.181541 51.37799 586.29596</gx:coord>
        <when>2025-01-01T00:29:33.1160390Z</when>
        <gx:coord>12.181821 51.376747 596.964</gx:coord>
        <when>2025-01-01T00:29:35.7010390Z</when>
        <gx:coord>12.181971 51.37593 601.536</gx:coord>
        <when>2025-01-01T00:29:40.7010390Z</when>
        <gx:coord>12.182379 51.37387 607.63196</gx:coord>
        <when>2025-01-01T00:29:45.7010390Z</when>
        <gx:coord>12.182808 51.37181 606.108</gx:coord>
        <when>2025-01-01T00:29:50.7010390Z</when>
        <gx:coord>12.183172 51.369667 603.06</gx:coord>
        <when>2025-01-01T00:29:55.7010390Z</when>
        <gx:coord>12.183495 51.36746 601.536</gx:coord>
        <when>2025-01-01T00:30:00.1480390Z</when>
        <gx:coord>12.183687 51.36527 606.108</gx:coord>
        <when>2025-01-01T00:30:00.7010390Z</when>
        <gx:coord>12.183687 51.36527 606.108</gx:coord>
        <when>2025-01-01T00:30:05.7010390Z</when>
        <gx:coord>12.183709 51.363102 612.204</gx:coord>
        <when>2025-01-01T00:30:10.7020390Z</when>
        <gx:coord>12.183666 51.360935 612.204</gx:coord>
        <when>2025-01-01T00:30:11.3080390Z</when>
        <gx:coord>12.183623 51.36048 612.204</gx:coord>
        <when>2025-01-01T00:30:13.1160390Z</when>
        <gx:coord>12.183601 51.360054 612.204</gx:coord>
        <when>2025-01-01T00:30:15.7010390Z</when>
        <gx:coord>12.183452 51.358723 610.68</gx:coord>
        <when>2025-01-01T00:30:20.7020390Z</when>
        <gx:coord>12.183065 51.356514 612.204</gx:coord>
        <when>2025-01-01T00:30:25.7020390Z</when>
        <gx:coord>12.182571 51.3543 612.204</gx:coord>
        <when>2025-01-01T00:30:30.7020390Z</when>
        <gx:coord>12.181929 51.352158 619.824</gx:coord>
        <when>2025-01-01T00:30:35.7020390Z</when>
        <gx:coord>12.181134 51.350033 625.92</gx:coord>
        <when>2025-01-01T00:30:39.1280390Z</when>
        <gx:coord>12.180448 51.348316 625.92</gx:coord>
        <when>2025-01-01T00:30:40.7020390Z</when>
        <gx:coord>12.180276 51.34789 627.444</gx:coord>
        <when>2025-01-01T00:30:41.1200390Z</when>
        <gx:coord>12.180082 51.347458 628.96796</gx:coord>
        <when>2025-01-01T00:30:42.1510390Z</when>
        <gx:coord>12.180082 51.347458 628.96796</gx:coord>
        <when>2025-01-01T00:30:45.7020390Z</when>
        <gx:coord>12.17931 51.345764 633.54</gx:coord>
        <when>2025-01-01T00:30:50.7020390Z</when>
        <gx:coord>12.178173 51.343746 639.636</gx:coord>
        <when>2025-01-01T00:30:55.7020390Z</when>
        <gx:coord>12.177014 51.341774 644.20807</gx:coord>
        <when>2025-01-01T00:31:00.7020390Z</when>
        <gx:coord>12.175813 51.33984 650.30396</gx:coord>
        <when>2025-01-01T00:31:05.7020390Z</when>
        <gx:coord>12.174589 51.33795 654.876</gx:coord>
        <when>2025-01-01T00:31:10.7020390Z</when>
        <gx:coord>12.173238 51.336 656.39996</gx:coord>
        <when>2025-01-01T00:31:15.7030390Z</when>
        <gx:coord>12.171736 51.333984 657.92395</gx:coord>
        <when>2025-01-01T00:31:16.1430390Z</when>
        <gx:coord>12.171435 51.333595 659.448</gx:coord>
        <when>2025-01-01T00:31:17.1190390Z</when>
        <gx:coord>12.171435 51.333595 659.448</gx:coord>
        <when>2025-01-01T00:31:18.1560390Z</when>
        <gx:coord>12.170771 51.3328 648.77997</gx:coord>
        <when>2025-01-01T00:31:20.7030390Z</when>
        <gx:coord>12.170084 51.33201 651.828</gx:coord>
        <when>2025-01-01T00:31:25.7020390Z</when>
        <gx:coord>12.168303 51.32999 651.828</gx:coord>
        <when>2025-01-01T00:31:30.7030390Z</when>
        <gx:coord>12.166543 51.32793 660.972</gx:coord>
        <when>2025-01-01T00:31:35.1170390Z</when>
        <gx:coord>12.165192 51.326237 659.448</gx:coord>
        <when>2025-01-01T00:31:35.7030390Z</when>
        <gx:coord>12.164848 51.325806 659.448</gx:coord>
        <when>2025-01-01T00:31:40.7030390Z</when>
        <gx:coord>12.163153 51.32366 665.54407</gx:coord>
        <when>2025-01-01T00:31:45.7030390Z</when>
        <gx:coord>12.161457 51.321472 662.496</gx:coord>
        <when>2025-01-01T00:31:50.7020390Z</when>
        <gx:coord>12.159677 51.319283 664.01996</gx:coord>
        <when>2025-01-01T00:31:53.1220390Z</when>
        <gx:coord>12.158583 51.317997 667.068</gx:coord>
        <when>2025-01-01T00:31:55.7030390Z</when>
        <gx:coord>12.157831 51.31716 665.54407</gx:coord>
        <when>2025-01-01T00:32:00.7030390Z</when>
        <gx:coord>12.155964 51.314995 654.876</gx:coord>
        <when>2025-01-01T00:32:05.7030390Z</when>
        <gx:coord>12.154076 51.312847 656.39996</gx:coord>
        <when>2025-01-01T00:32:10.7030390Z</when>
        <gx:coord>12.152231 51.310787 657.92395</gx:coord>
        <when>2025-01-01T00:32:15.7030390Z</when>
        <gx:coord>12.150299 51.308792 656.39996</gx:coord>
        <when>2025-01-01T00:32:20.7040390Z</when>
        <gx:coord>12.148261 51.306816 651.828</gx:coord>
        <when>2025-01-01T00:32:25.7040390Z</when>
        <gx:coord>12.146201 51.304863 653.352</gx:coord>
        <when>2025-01-01T00:32:28.1290390Z</when>
        <gx:coord>12.1449995 51.303684 651.828</gx:coord>
        <when>2025-01-01T00:32:30.7040390Z</when>
        <gx:coord>12.144205 51.30289 650.30396</gx:coord>
        <when>2025-01-01T00:32:35.7040390Z</when>
        <gx:coord>12.142189 51.300938 651.828</gx:coord>
        <when>2025-01-01T00:32:40.7040390Z</when>
        <gx:coord>12.140064 51.299026 660.972</gx:coord>
        <when>2025-01-01T00:32:45.7040390Z</when>
        <gx:coord>12.137918 51.297184 662.496</gx:coord>
        <when>2025-01-01T00:32:50.7040390Z</when>
        <gx:coord>12.135773 51.295315 656.39996</gx:coord>
        <when>2025-01-01T00:32:55.7040390Z</when>
        <gx:coord>12.133648 51.293407 647.256</gx:coord>
        <when>2025-01-01T00:32:58.1210390Z</when>
        <gx:coord>12.132769 51.292633 644.20807</gx:coord>
        <when>2025-01-01T00:33:00.7040390Z</when>
        <gx:coord>12.1313095 51.291626 645.732</gx:coord>
        <when>2025-01-01T00:33:02.1210390Z</when>
        <gx:coord>12.130752 51.291348 647.256</gx:coord>
        <when>2025-01-01T00:33:03.1190390Z</when>
        <gx:coord>12.130215 51.29109 650.30396</gx:coord>
        <when>2025-01-01T00:33:05.3490390Z</when>
        <gx:coord>12.129057 51.29062 651.828</gx:coord>
        <when>2025-01-01T00:33:05.3550390Z</when>
        <gx:coord>12.128456 51.290424 651.828</gx:coord>
        <when>2025-01-01T00:33:05.7040390Z</when>
        <gx:coord>12.128456 51.290424 650.30396</gx:coord>
        <when>2025-01-01T00:33:06.1120390Z</when>
        <gx:coord>12.128456 51.290424 650.30396</gx:coord>
        <when>2025-01-01T00:33:09.1320390Z</when>
        <gx:coord>12.126589 51.289993 647.256</gx:coord>
        <when>2025-01-01T00:33:10.7040390Z</when>
        <gx:coord>12.12528 51.28982 647.256</gx:coord>
        <when>2025-01-01T00:33:15.7040390Z</when>
        <gx:coord>12.121933 51.289543 636.58795</gx:coord>
        <when>2025-01-01T00:33:19.1380390Z</when>
        <gx:coord>12.119164 51.28933 628.96796</gx:coord>
        <when>2025-01-01T00:33:20.7040390Z</when>
        <gx:coord>12.118478 51.289288 625.92</gx:coord>
        <when>2025-01-01T00:33:25.7040390Z</when>
        <gx:coord>12.114937 51.28907 621.34796</gx:coord>
        <when>2025-01-01T00:33:30.7040390Z</when>
        <gx:coord>12.111311 51.28892 619.824</gx:coord>
        <when>2025-01-01T00:33:31.1110390Z</when>
        <gx:coord>12.111311 51.28892 619.824</gx:coord>
        <when>2025-01-01T00:33:35.7050390Z</when>
        <gx:coord>12.107641 51.288902 615.25195</gx:coord>
        <when>2025-01-01T00:33:40.7050390Z</when>
        <gx:coord>12.103972 51.28888 610.68</gx:coord>
        <when>2025-01-01T00:33:43.1200390Z</when>
        <gx:coord>12.101805 51.28888 609.156</gx:coord>
        <when>2025-01-01T00:33:45.7050390Z</when>
        <gx:coord>12.100368 51.28888 604.584</gx:coord>
        <when>2025-01-01T00:33:50.7040390Z</when>
        <gx:coord>12.096806 51.28901 603.06</gx:coord>
        <when>2025-01-01T00:33:55.7050390Z</when>
        <gx:coord>12.0933075 51.289223 604.584</gx:coord>
        <when>2025-01-01T00:34:00.7050390Z</when>
        <gx:coord>12.089788 51.289394 601.536</gx:coord>
        <when>2025-01-01T00:34:05.1340390Z</when>
        <gx:coord>12.086291 51.289543 598.488</gx:coord>
        <when>2025-01-01T00:34:05.7050390Z</when>
        <gx:coord>12.086291 51.289543 598.488</gx:coord>
        <when>2025-01-01T00:34:10.7050390Z</when>
        <gx:coord>12.082794 51.289696 592.39197</gx:coord>
        <when>2025-01-01T00:34:15.7050390Z</when>
        <gx:coord>12.079317 51.28982 595.44</gx:coord>
        <when>2025-01-01T00:34:20.7050390Z</when>
        <gx:coord>12.07582 51.289932 595.44</gx:coord>
        <when>2025-01-01T00:34:21.1260390Z</when>
        <gx:coord>12.075111 51.28995 595.44</gx:coord>
        <when>2025-01-01T00:34:25.7050390Z</when>
        <gx:coord>12.072344 51.29004 600.01196</gx:coord>
        <when>2025-01-01T00:34:30.7050390Z</when>
        <gx:coord>12.068868 51.290165 598.488</gx:coord>
        <when>2025-01-01T00:34:35.7050390Z</when>
        <gx:coord>12.065371 51.290337 592.39197</gx:coord>
        <when>2025-01-01T00:34:40.7050390Z</when>
        <gx:coord>12.062001 51.290466 606.108</gx:coord>
        <when>2025-01-01T00:34:45.7050390Z</when>
        <gx:coord>12.058762 51.290573 606.108</gx:coord>
        <when>2025-01-01T00:34:50.7060390Z</when>
        <gx:coord>12.055564 51.29066 610.68</gx:coord>
        <when>2025-01-01T00:34:55.7060390Z</when>
        <gx:coord>12.052366 51.290768 609.156</gx:coord>
        <when>2025-01-01T00:35:00.7060390Z</when>
        <gx:coord>12.04917 51.290833 616.776</gx:coord>
        <when>2025-01-01T00:35:01.1230390Z</when>
        <gx:coord>12.048526 51.29085 616.776</gx:coord>
        <when>2025-01-01T00:35:05.7060390Z</when>
        <gx:coord>12.045973 51.290916 616.776</gx:coord>
        <when>2025-01-01T00:35:10.7050390Z</when>
        <gx:coord>12.042753 51.291004 624.396</gx:coord>
        <when>2025-01-01T00:35:14.1180390Z</when>
        <gx:coord>12.0402 51.291023 632.016</gx:coord>
        <when>2025-01-01T00:35:15.7060390Z</when>
        <gx:coord>12.0395775 51.291023 635.06396</gx:coord>
        <when>2025-01-01T00:35:20.7060390Z</when>
        <gx:coord>12.036381 51.29107 650.30396</gx:coord>
        <when>2025-01-01T00:35:25.7060390Z</when>
        <gx:coord>12.033162 51.29113 642.68396</gx:coord>
        <when>2025-01-01T00:35:30.7060390Z</when>
        <gx:coord>12.029964 51.291306 638.112</gx:coord>
        <when>2025-01-01T00:35:35.7060390Z</when>
        <gx:coord>12.026768 51.29152 633.54</gx:coord>
        <when>2025-01-01T00:35:40.7060390Z</when>
        <gx:coord>12.023571 51.29169 627.444</gx:coord>
        <when>2025-01-01T00:35:43.1190390Z</when>
        <gx:coord>12.021639 51.291798 624.396</gx:coord>
        <when>2025-01-01T00:35:45.7060390Z</when>
        <gx:coord>12.02033 51.291862 619.824</gx:coord>
        <when>2025-01-01T00:35:50.7060390Z</when>
        <gx:coord>12.01709 51.291992 616.776</gx:coord>
        <when>2025-01-01T00:35:55.7060390Z</when>
        <gx:coord>12.013828 51.292034 613.72797</gx:coord>
        <when>2025-01-01T00:36:00.7060390Z</when>
        <gx:coord>12.010503 51.292076 606.108</gx:coord>
        <when>2025-01-01T00:36:05.7070390Z</when>
        <gx:coord>12.007155 51.2921 607.63196</gx:coord>
        <when>2025-01-01T00:36:10.7070390Z</when>
        <gx:coord>12.003808 51.292053 607.63196</gx:coord>
        <when>2025-01-01T00:36:15.7070390Z</when>
        <gx:coord>12.000439 51.292053 610.68</gx:coord>
        <when>2025-01-01T00:36:20.7070390Z</when>
        <gx:coord>11.997199 51.29216 610.68</gx:coord>
        <when>2025-01-01T00:36:24.1250390Z</when>
        <gx:coord>11.994688 51.292313 612.204</gx:coord>
        <when>2025-01-01T00:36:25.7060390Z</when>
        <gx:coord>11.994045 51.292355 612.204</gx:coord>
        <when>2025-01-01T00:36:30.7070390Z</when>
        <gx:coord>11.990933 51.29257 612.204</gx:coord>
        <when>2025-01-01T00:36:35.7070390Z</when>
        <gx:coord>11.987801 51.292763 619.824</gx:coord>
        <when>2025-01-01T00:36:40.7060390Z</when>
        <gx:coord>11.984668 51.292976 627.444</gx:coord>
        <when>2025-01-01T00:36:45.7070390Z</when>
        <gx:coord>11.981535 51.293236 625.92</gx:coord>
        <when>2025-01-01T00:36:50.1360390Z</when>
        <gx:coord>11.979046 51.293472 624.396</gx:coord>
        <when>2025-01-01T00:36:50.7070390Z</when>
        <gx:coord>11.978424 51.293533 622.872</gx:coord>
        <when>2025-01-01T00:36:55.1230390Z</when>
        <gx:coord>11.975977 51.2939 621.34796</gx:coord>
        <when>2025-01-01T00:36:55.7070390Z</when>
        <gx:coord>11.975398 51.294052 619.824</gx:coord>
        <when>2025-01-01T00:36:58.1280390Z</when>
        <gx:coord>11.974325 51.294456 618.3</gx:coord>
        <when>2025-01-01T00:36:59.1210390Z</when>
        <gx:coord>11.973831 51.294693 618.3</gx:coord>
        <when>2025-01-01T00:37:00.7070390Z</when>
        <gx:coord>11.972952 51.29523 618.3</gx:coord>
        <when>2025-01-01T00:37:01.1270390Z</when>
        <gx:coord>11.972952 51.29523 618.3</gx:coord>
        <when>2025-01-01T00:37:04.1160390Z</when>
        <gx:coord>11.971857 51.296173 618.3</gx:coord>
        <when>2025-01-01T00:37:05.7070390Z</when>
        <gx:coord>11.971321 51.29686 618.3</gx:coord>
        <when>2025-01-01T00:37:08.1380390Z</when>
        <gx:coord>11.970892 51.297592 619.824</gx:coord>
        <when>2025-01-01T00:37:10.7070390Z</when>
        <gx:coord>11.970484 51.29873 615.25195</gx:coord>
        <when>2025-01-01T00:37:11.1260390Z</when>
        <gx:coord>11.970356 51.29909 615.25195</gx:coord>
        <when>2025-01-01T00:37:15.7080390Z</when>
        <gx:coord>11.969776 51.300617 607.63196</gx:coord>
        <when>2025-01-01T00:37:20.7080390Z</when>
        <gx:coord>11.968961 51.302483 613.72797</gx:coord>
        <when>2025-01-01T00:37:25.7080390Z</when>
        <gx:coord>11.968102 51.30433 613.72797</gx:coord>
        <when>2025-01-01T00:37:30.7080390Z</when>
        <gx:coord>11.967308 51.306175 609.156</gx:coord>
        <when>2025-01-01T00:37:35.7080390Z</when>
        <gx:coord>11.96645 51.308018 610.68</gx:coord>
        <when>2025-01-01T00:37:40.7080390Z</when>
        <gx:coord>11.965506 51.309822 616.776</gx:coord>
        <when>2025-01-01T00:37:45.7080390Z</when>
        <gx:coord>11.964561 51.311623 621.34796</gx:coord>
        <when>2025-01-01T00:37:50.7080390Z</when>
        <gx:coord>11.9635315 51.313446 624.396</gx:coord>
        <when>2025-01-01T00:37:55.1280390Z</when>
        <gx:coord>11.962523 51.315273 630.49207</gx:coord>
        <when>2025-01-01T00:37:55.7080390Z</when>
        <gx:coord>11.962523 51.315273 633.54</gx:coord>
        <when>2025-01-01T00:38:00.7080390Z</when>
        <gx:coord>11.961536 51.317097 641.16</gx:coord>
        <when>2025-01-01T00:38:05.7080390Z</when>
        <gx:coord>11.960592 51.31894 645.732</gx:coord>
        <when>2025-01-01T00:38:10.7080390Z</when>
        <gx:coord>11.959669 51.320786 647.256</gx:coord>
        <when>2025-01-01T00:38:15.7090390Z</when>
        <gx:coord>11.958704 51.322697 638.112</gx:coord>
        <when>2025-01-01T00:38:20.7090390Z</when>
        <gx:coord>11.95776 51.324608 635.06396</gx:coord>
        <when>2025-01-01T00:38:25.7090390Z</when>
        <gx:coord>11.956773 51.326492 635.06396</gx:coord>
        <when>2025-01-01T00:38:30.7090390Z</when>
        <gx:coord>11.9557 51.32834 636.58795</gx:coord>
        <when>2025-01-01T00:38:35.7090390Z</when>
        <gx:coord>11.95467 51.330162 644.20807</gx:coord>
        <when>2025-01-01T00:38:38.1250390Z</when>
        <gx:coord>11.954026 51.331257 644.20807</gx:coord>
        <when>2025-01-01T00:38:40.7090390Z</when>
        <gx:coord>11.953597 51.331944 645.732</gx:coord>
        <when>2025-01-01T00:38:45.7080390Z</when>
        <gx:coord>11.952481 51.333702 645.732</gx:coord>
        <when>2025-01-01T00:38:50.7090390Z</when>
        <gx:coord>11.951365 51.335464 644.20807</gx:coord>
        <when>2025-01-01T00:38:55.7090390Z</when>
        <gx:coord>11.950228 51.3372 644.20807</gx:coord>
        <when>2025-01-01T00:39:00.7090390Z</when>
        <gx:coord>11.94907 51.338963 651.828</gx:coord>
        <when>2025-01-01T00:39:05.7090390Z</when>
        <gx:coord>11.94791 51.340786 654.876</gx:coord>
        <when>2025-01-01T00:39:10.7090390Z</when>
        <gx:coord>11.946753 51.34265 650.30396</gx:coord>
        <when>2025-01-01T00:39:15.7090390Z</when>
        <gx:coord>11.945572 51.34454 642.68396</gx:coord>
        <when>2025-01-01T00:39:20.7090390Z</when>
        <gx:coord>11.944413 51.34645 639.636</gx:coord>
        <when>2025-01-01T00:39:21.1360390Z</when>
        <gx:coord>11.944178 51.346836 639.636</gx:coord>
        <when>2025-01-01T00:39:25.7090390Z</when>
        <gx:coord>11.9432335 51.34836 636.58795</gx:coord>
        <when>2025-01-01T00:39:30.7100390Z</when>
        <gx:coord>11.942053 51.35027 632.016</gx:coord>
        <when>2025-01-01T00:39:35.7090390Z</when>
        <gx:coord>11.94098 51.352222 627.444</gx:coord>
        <when>2025-01-01T00:39:40.7100390Z</when>
        <gx:coord>11.939928 51.354218 622.872</gx:coord>
        <when>2025-01-01T00:39:45.7100390Z</when>
        <gx:coord>11.938898 51.35617 622.872</gx:coord>
        <when>2025-01-01T00:39:50.7100390Z</when>
        <gx:coord>11.937933 51.3581 635.06396</gx:coord>
        <when>2025-01-01T00:39:55.7100390Z</when>
        <gx:coord>11.936989 51.35999 642.68396</gx:coord>
        <when>2025-01-01T00:40:00.7100390Z</when>
        <gx:coord>11.935938 51.3619 639.636</gx:coord>
        <when>2025-01-01T00:40:02.1140390Z</when>
        <gx:coord>11.93553 51.36267 639.636</gx:coord>
        <when>2025-01-01T00:40:05.7090390Z</when>
        <gx:coord>11.934908 51.36383 636.58795</gx:coord>
        <when>2025-01-01T00:40:10.7100390Z</when>
        <gx:coord>11.933856 51.365784 635.06396</gx:coord>
        <when>2025-01-01T00:40:15.7100390Z</when>
        <gx:coord>11.932826 51.3678 625.92</gx:coord>
        <when>2025-01-01T00:40:20.7100390Z</when>
        <gx:coord>11.931732 51.369816 625.92</gx:coord>
        <when>2025-01-01T00:40:25.7100390Z</when>
        <gx:coord>11.930594 51.371834 621.34796</gx:coord>
        <when>2025-01-01T00:40:30.7100390Z</when>
        <gx:coord>11.929393 51.37381 619.824</gx:coord>
        <when>2025-01-01T00:40:35.7100390Z</when>
        <gx:coord>11.928148 51.375805 613.72797</gx:coord>
        <when>2025-01-01T00:40:36.1330390Z</when>
        <gx:coord>11.928148 51.375805 613.72797</gx:coord>
        <when>2025-01-01T00:40:40.7110390Z</when>
        <gx:coord>11.926861 51.377823 607.63196</gx:coord>
        <when>2025-01-01T00:40:42.1210390Z</when>
        <gx:coord>11.926325 51.378635 609.156</gx:coord>
        <when>2025-01-01T00:40:45.7110390Z</when>
        <gx:coord>11.925573 51.37986 616.776</gx:coord>
        <when>2025-01-01T00:40:50.7110390Z</when>
        <gx:coord>11.924329 51.381878 618.3</gx:coord>
        <when>2025-01-01T00:40:55.7110390Z</when>
        <gx:coord>11.923041 51.38385 621.34796</gx:coord>
        <when>2025-01-01T00:41:00.7110390Z</when>
        <gx:coord>11.921797 51.38574 621.34796</gx:coord>
        <when>2025-01-01T00:41:05.7110390Z</when>
        <gx:coord>11.920552 51.387585 621.34796</gx:coord>
        <when>2025-01-01T00:41:10.7110390Z</when>
        <gx:coord>11.919287 51.389385 621.34796</gx:coord>
        <when>2025-01-01T00:41:13.1140390Z</when>
        <gx:coord>11.918793 51.390095 621.34796</gx:coord>
        <when>2025-01-01T00:41:14.1330390Z</when>
        <gx:coord>11.918535 51.39046 621.34796</gx:coord>
        <when>2025-01-01T00:41:15.7110390Z</when>
        <gx:coord>11.91802 51.391148 621.34796</gx:coord>
        <when>2025-01-01T00:41:20.7100390Z</when>
        <gx:coord>11.916733 51.392864 619.824</gx:coord>
        <when>2025-01-01T00:41:24.1250390Z</when>
        <gx:coord>11.915724 51.39419 621.34796</gx:coord>
        <when>2025-01-01T00:41:25.7110390Z</when>
        <gx:coord>11.915466 51.394535 621.34796</gx:coord>
        <when>2025-01-01T00:41:30.7110390Z</when>
        <gx:coord>11.914158 51.396168 622.872</gx:coord>
        <when>2025-01-01T00:41:35.7110390Z</when>
        <gx:coord>11.91287 51.397778 621.34796</gx:coord>
        <when>2025-01-01T00:41:40.7110390Z</when>
        <gx:coord>11.911626 51.399364 622.872</gx:coord>
        <when>2025-01-01T00:41:45.7110390Z</when>
        <gx:coord>11.910402 51.400974 616.776</gx:coord>
        <when>2025-01-01T00:41:50.7110390Z</when>
        <gx:coord>11.909094 51.402542 613.72797</gx:coord>
        <when>2025-01-01T00:41:55.7110390Z</when>
        <gx:coord>11.907827 51.40413 610.68</gx:coord>
        <when>2025-01-01T00:42:00.7110390Z</when>
        <gx:coord>11.906584 51.405674 609.156</gx:coord>
        <when>2025-01-01T00:42:01.1120390Z</when>
        <gx:coord>11.906584 51.405674 609.156</gx:coord>
        <when>2025-01-01T00:42:05.7110390Z</when>
        <gx:coord>11.90536 51.407154 612.204</gx:coord>
        <when>2025-01-01T00:42:10.7120390Z</when>
        <gx:coord>11.904244 51.4087 612.204</gx:coord>
        <when>2025-01-01T00:42:12.1260390Z</when>
        <gx:coord>11.903793 51.40932 612.204</gx:coord>
        <when>2025-01-01T00:42:15.7120390Z</when>
        <gx:coord>11.903086 51.410286 613.72797</gx:coord>
        <when>2025-01-01T00:42:20.7120390Z</when>
        <gx:coord>11.901949 51.411938 616.776</gx:coord>
        <when>2025-01-01T00:42:25.7120390Z</when>
        <gx:coord>11.900747 51.413612 616.776</gx:coord>
        <when>2025-01-01T00:42:30.7110390Z</when>
        <gx:coord>11.899502 51.41533 618.3</gx:coord>
        <when>2025-01-01T00:42:35.7110390Z</when>
        <gx:coord>11.898344 51.417088 624.396</gx:coord>
        <when>2025-01-01T00:42:40.7120390Z</when>
        <gx:coord>11.897142 51.418827 616.776</gx:coord>
        <when>2025-01-01T00:42:42.1200390Z</when>
        <gx:coord>11.896885 51.41917 615.25195</gx:coord>
        <when>2025-01-01T00:42:45.4080390Z</when>
        <gx:coord>11.895855 51.420586 612.204</gx:coord>
        <when>2025-01-01T00:42:45.7120390Z</when>
        <gx:coord>11.895855 51.420586 612.204</gx:coord>
        <when>2025-01-01T00:42:50.7120390Z</when>
        <gx:coord>11.894503 51.422344 607.63196</gx:coord>
        <when>2025-01-01T00:42:55.1190390Z</when>
        <gx:coord>11.893129 51.42415 600.01196</gx:coord>
        <when>2025-01-01T00:42:55.7120390Z</when>
        <gx:coord>11.893129 51.42415 600.01196</gx:coord>
        <when>2025-01-01T00:42:56.1400390Z</when>
        <gx:coord>11.892872 51.424515 600.01196</gx:coord>
        <when>2025-01-01T00:43:00.7120390Z</when>
        <gx:coord>11.891799 51.425995 598.488</gx:coord>
        <when>2025-01-01T00:43:05.7120390Z</when>
        <gx:coord>11.890554 51.427883 603.06</gx:coord>
        <when>2025-01-01T00:43:10.7120390Z</when>
        <gx:coord>11.889353 51.42975 601.536</gx:coord>
        <when>2025-01-01T00:43:15.7120390Z</when>
        <gx:coord>11.888172 51.431614 600.01196</gx:coord>
        <when>2025-01-01T00:43:20.7130390Z</when>
        <gx:coord>11.887056 51.43344 595.44</gx:coord>
        <when>2025-01-01T00:43:25.7130390Z</when>
        <gx:coord>11.88607 51.435284 592.39197</gx:coord>
        <when>2025-01-01T00:43:30.7130390Z</when>
        <gx:coord>11.885168 51.437153 589.344</gx:coord>
        <when>2025-01-01T00:43:35.7130390Z</when>
        <gx:coord>11.884289 51.438995 589.344</gx:coord>
        <when>2025-01-01T00:43:39.1250390Z</when>
        <gx:coord>11.883537 51.440456 592.39197</gx:coord>
        <when>2025-01-01T00:43:40.7130390Z</when>
        <gx:coord>11.883366 51.44082 593.91595</gx:coord>
        <when>2025-01-01T00:43:45.7130390Z</when>
        <gx:coord>11.882358 51.4426 603.06</gx:coord>
        <when>2025-01-01T00:43:50.7120390Z</when>
        <gx:coord>11.881328 51.44434 610.68</gx:coord>
        <when>2025-01-01T00:43:52.1010390Z</when>
        <gx:coord>11.881134 51.444706 610.68</gx:coord>
        <when>2025-01-01T00:43:55.7130390Z</when>
        <gx:coord>11.880727 51.446144 612.204</gx:coord>
        <when>2025-01-01T00:43:56.1240390Z</when>
        <gx:coord>11.880727 51.446144 612.204</gx:coord>
        <when>2025-01-01T00:43:57.1160390Z</when>
        <gx:coord>11.880684 51.446507 612.204</gx:coord>
        <when>2025-01-01T00:44:00.7130390Z</when>
        <gx:coord>11.880791 51.44803 609.156</gx:coord>
        <when>2025-01-01T00:44:05.1360390Z</when>
        <gx:coord>11.881178 51.449577 604.584</gx:coord>
        <when>2025-01-01T00:44:05.7130390Z</when>
        <gx:coord>11.881285 51.449963 603.06</gx:coord>
        <when>2025-01-01T00:44:10.7130390Z</when>
        <gx:coord>11.88195 51.451935 598.488</gx:coord>
        <when>2025-01-01T00:44:15.7130390Z</when>
        <gx:coord>11.882637 51.45391 596.964</gx:coord>
        <when>2025-01-01T00:44:20.7130390Z</when>
        <gx:coord>11.883495 51.455864 590.868</gx:coord>
        <when>2025-01-01T00:44:24.1230390Z</when>
        <gx:coord>11.884246 51.457428 587.82</gx:coord>
        <when>2025-01-01T00:44:25.7130390Z</when>
        <gx:coord>11.884439 51.457836 589.344</gx:coord>
        <when>2025-01-01T00:44:30.7130390Z</when>
        <gx:coord>11.885384 51.45983 587.82</gx:coord>
        <when>2025-01-01T00:44:35.7130390Z</when>
        <gx:coord>11.886328 51.461872 586.29596</gx:coord>
        <when>2025-01-01T00:44:40.7130390Z</when>
        <gx:coord>11.887272 51.46391 584.772</gx:coord>
        <when>2025-01-01T00:44:45.7130390Z</when>
        <gx:coord>11.888151 51.465927 596.964</gx:coord>
        <when>2025-01-01T00:44:50.7130390Z</when>
        <gx:coord>11.889074 51.467857 609.156</gx:coord>
        <when>2025-01-01T00:44:53.1410390Z</when>
        <gx:coord>11.88946 51.46861 613.72797</gx:coord>
        <when>2025-01-01T00:44:55.1370390Z</when>
        <gx:coord>11.890146 51.469273 615.25195</gx:coord>
        <when>2025-01-01T00:44:55.7140390Z</when>
        <gx:coord>11.890426 51.469658 615.25195</gx:coord>
        <when>2025-01-01T00:44:56.1230390Z</when>
        <gx:coord>11.890426 51.469658 615.25195</gx:coord>
        <when>2025-01-01T00:44:57.1200390Z</when>
        <gx:coord>11.890469 51.47011 615.25195</gx:coord>
        <when>2025-01-01T00:44:58.1190390Z</when>
        <gx:coord>11.890448 51.470497 615.25195</gx:coord>
        <when>2025-01-01T00:44:59.1350390Z</when>
        <gx:coord>11.890469 51.470863 616.776</gx:coord>
        <when>2025-01-01T00:45:00.7140390Z</when>
        <gx:coord>11.890855 51.471592 619.824</gx:coord>
        <when>2025-01-01T00:45:01.1180390Z</when>
        <gx:coord>11.890855 51.471592 619.824</gx:coord>
        <when>2025-01-01T00:45:03.1260390Z</when>
        <gx:coord>11.890898 51.472343 621.34796</gx:coord>
        <when>2025-01-01T00:45:04.1230390Z</when>
        <gx:coord>11.891713 51.472687 622.872</gx:coord>
        <when>2025-01-01T00:45:05.1330390Z</when>
        <gx:coord>11.892099 51.473392 624.396</gx:coord>
        <when>2025-01-01T00:45:05.7130390Z</when>
        <gx:coord>11.892099 51.473392 624.396</gx:coord>
        <when>2025-01-01T00:45:10.7140390Z</when>
        <gx:coord>11.893086 51.47515 628.96796</gx:coord>
        <when>2025-01-01T00:45:12.1240390Z</when>
        <gx:coord>11.893494 51.475838 630.49207</gx:coord>
        <when>2025-01-01T00:45:14.1230390Z</when>
        <gx:coord>11.893687 51.47618 632.016</gx:coord>
        <when>2025-01-01T00:45:15.1160390Z</when>
        <gx:coord>11.894116 51.476463 632.016</gx:coord>
        <when>2025-01-01T00:45:15.7140390Z</when>
        <gx:coord>11.894374 51.476784 632.016</gx:coord>
        <when>2025-01-01T00:45:17.1170390Z</when>
        <gx:coord>11.894631 51.477127 630.49207</gx:coord>
        <when>2025-01-01T00:45:18.1200390Z</when>
        <gx:coord>11.894503 51.477554 630.49207</gx:coord>
        <when>2025-01-01T00:45:20.7140390Z</when>
        <gx:coord>11.895103 51.478565 633.54</gx:coord>
        <when>2025-01-01T00:45:25.7140390Z</when>
        <gx:coord>11.896069 51.48028 630.49207</gx:coord>
        <when>2025-01-01T00:45:30.7140390Z</when>
        <gx:coord>11.897013 51.48204 621.34796</gx:coord>
        <when>2025-01-01T00:45:35.7140390Z</when>
        <gx:coord>11.897893 51.483864 622.872</gx:coord>
        <when>2025-01-01T00:45:40.7140390Z</when>
        <gx:coord>11.898837 51.48571 625.92</gx:coord>
        <when>2025-01-01T00:45:45.7140390Z</when>
        <gx:coord>11.899803 51.487556 625.92</gx:coord>
        <when>2025-01-01T00:45:50.1370390Z</when>
        <gx:coord>11.900768 51.48938 625.92</gx:coord>
        <when>2025-01-01T00:45:50.7140390Z</when>
        <gx:coord>11.900768 51.48938 625.92</gx:coord>
        <when>2025-01-01T00:45:55.7140390Z</when>
        <gx:coord>11.901691 51.49118 630.49207</gx:coord>
        <when>2025-01-01T00:46:00.7140390Z</when>
        <gx:coord>11.902571 51.493004 625.92</gx:coord>
        <when>2025-01-01T00:46:05.7140390Z</when>
        <gx:coord>11.903472 51.49485 624.396</gx:coord>
        <when>2025-01-01T00:46:10.7140390Z</when>
        <gx:coord>11.904438 51.49672 624.396</gx:coord>
        <when>2025-01-01T00:46:15.7140390Z</when>
        <gx:coord>11.905317 51.498627 630.49207</gx:coord>
        <when>2025-01-01T00:46:20.7140390Z</when>
        <gx:coord>11.906069 51.500557 633.54</gx:coord>
        <when>2025-01-01T00:46:25.7150390Z</when>
        <gx:coord>11.906905 51.50247 635.06396</gx:coord>
        <when>2025-01-01T00:46:30.7140390Z</when>
        <gx:coord>11.907827 51.50438 625.92</gx:coord>
        <when>2025-01-01T00:46:33.1220390Z</when>
        <gx:coord>11.908386 51.50554 622.872</gx:coord>
        <when>2025-01-01T00:46:35.7150390Z</when>
        <gx:coord>11.908793 51.50631 616.776</gx:coord>
        <when>2025-01-01T00:46:40.7150390Z</when>
        <gx:coord>11.9097805 51.508286 613.72797</gx:coord>
        <when>2025-01-01T00:46:45.7150390Z</when>
        <gx:coord>11.910746 51.5103 619.824</gx:coord>
        <when>2025-01-01T00:46:50.7150390Z</when>
        <gx:coord>11.91169 51.512318 628.96796</gx:coord>
        <when>2025-01-01T00:46:55.7150390Z</when>
        <gx:coord>11.912613 51.51429 627.444</gx:coord>
        <when>2025-01-01T00:47:00.7150390Z</when>
        <gx:coord>11.9136 51.51629 625.92</gx:coord>
        <when>2025-01-01T00:47:05.7150390Z</when>
        <gx:coord>11.914587 51.51826 627.444</gx:coord>
        <when>2025-01-01T00:47:10.7150390Z</when>
        <gx:coord>11.915596 51.520256 618.3</gx:coord>
        <when>2025-01-01T00:47:13.1240390Z</when>
        <gx:coord>11.916175 51.52148 615.25195</gx:coord>
        <when>2025-01-01T00:47:15.7150390Z</when>
        <gx:coord>11.916604 51.522274 612.204</gx:coord>
        <when>2025-01-01T00:47:20.7150390Z</when>
        <gx:coord>11.917698 51.524292 618.3</gx:coord>
        <when>2025-01-01T00:47:25.7150390Z</when>
        <gx:coord>11.918772 51.526306 613.72797</gx:coord>
        <when>2025-01-01T00:47:30.7150390Z</when>
        <gx:coord>11.919737 51.528347 606.108</gx:coord>
        <when>2025-01-01T00:47:33.1190390Z</when>
        <gx:coord>11.920317 51.52959 600.01196</gx:coord>
        <when>2025-01-01T00:47:34.1410390Z</when>
        <gx:coord>11.920317 51.52959 600.01196</gx:coord>
        <when>2025-01-01T00:47:35.7150390Z</when>
        <gx:coord>11.920681 51.530426 596.964</gx:coord>
        <when>2025-01-01T00:47:40.7150390Z</when>
        <gx:coord>11.921625 51.532486 587.82</gx:coord>
        <when>2025-01-01T00:47:45.7160390Z</when>
        <gx:coord>11.922548 51.53457 587.82</gx:coord>
        <when>2025-01-01T00:47:50.7150390Z</when>
        <gx:coord>11.9234705 51.536587 590.868</gx:coord>
        <when>2025-01-01T00:47:53.1220390Z</when>
        <gx:coord>11.924028 51.537766 590.868</gx:coord>
        <when>2025-01-01T00:47:55.7150390Z</when>
        <gx:coord>11.924351 51.53854 593.91595</gx:coord>
        <when>2025-01-01T00:47:58.1220390Z</when>
        <gx:coord>11.924672 51.53929 595.44</gx:coord>
        <when>2025-01-01T00:48:00.7160390Z</when>
        <gx:coord>11.925101 51.540405 601.536</gx:coord>
        <when>2025-01-01T00:48:05.7160390Z</when>
        <gx:coord>11.925766 51.54221 612.204</gx:coord>
        <when>2025-01-01T00:48:10.7160390Z</when>
        <gx:coord>11.926411 51.54399 616.776</gx:coord>
        <when>2025-01-01T00:48:15.7160390Z</when>
        <gx:coord>11.9270115 51.54579 618.3</gx:coord>
        <when>2025-01-01T00:48:20.7160390Z</when>
        <gx:coord>11.927568 51.547592 622.872</gx:coord>
        <when>2025-01-01T00:48:25.7160390Z</when>
        <gx:coord>11.928083 51.549355 627.444</gx:coord>
        <when>2025-01-01T00:48:28.1180390Z</when>
        <gx:coord>11.928277 51.55004 627.444</gx:coord>
        <when>2025-01-01T00:48:30.7160390Z</when>
        <gx:coord>11.9285345 51.55109 628.96796</gx:coord>
        <when>2025-01-01T00:48:34.1210390Z</when>
        <gx:coord>11.928878 51.552486 630.49207</gx:coord>
        <when>2025-01-01T00:48:35.7160390Z</when>
        <gx:coord>11.928942 51.55283 632.016</gx:coord>
        <when>2025-01-01T00:48:39.1250390Z</when>
        <gx:coord>11.929157 51.554203 636.58795</gx:coord>
        <when>2025-01-01T00:48:40.7160390Z</when>
        <gx:coord>11.929199 51.554546 636.58795</gx:coord>
        <when>2025-01-01T00:48:45.7160390Z</when>
        <gx:coord>11.92935 51.556305 635.06396</gx:coord>
        <when>2025-01-01T00:48:50.7160390Z</when>
        <gx:coord>11.929543 51.55815 632.016</gx:coord>
        <when>2025-01-01T00:48:55.7170390Z</when>
        <gx:coord>11.929714 51.560017 628.96796</gx:coord>
        <when>2025-01-01T00:49:00.7170390Z</when>
        <gx:coord>11.929758 51.561863 627.444</gx:coord>
        <when>2025-01-01T00:49:05.7170390Z</when>
        <gx:coord>11.929779 51.56371 625.92</gx:coord>
        <when>2025-01-01T00:49:10.7170390Z</when>
        <gx:coord>11.929951 51.565575 624.396</gx:coord>
        <when>2025-01-01T00:49:15.7170390Z</when>
        <gx:coord>11.930208 51.567505 625.92</gx:coord>
        <when>2025-01-01T00:49:20.7170390Z</when>
        <gx:coord>11.930445 51.56944 645.732</gx:coord>
        <when>2025-01-01T00:49:24.1280390Z</when>
        <gx:coord>11.930637 51.570877 657.92395</gx:coord>
        <when>2025-01-01T00:49:24.1290390Z</when>
        <gx:coord>11.930637 51.570877 662.496</gx:coord>
        <when>2025-01-01T00:49:25.7170390Z</when>
        <gx:coord>11.930702 51.57122 665.54407</gx:coord>
        <when>2025-01-01T00:49:28.1180390Z</when>
        <gx:coord>11.93083 51.571926 673.164</gx:coord>
        <when>2025-01-01T00:49:30.7170390Z</when>
        <gx:coord>11.931024 51.572914 688.404</gx:coord>
        <when>2025-01-01T00:49:31.1190390Z</when>
        <gx:coord>11.931109 51.573235 692.97595</gx:coord>
        <when>2025-01-01T00:49:35.7170390Z</when>
        <gx:coord>11.93141 51.5745 702.12</gx:coord>
        <when>2025-01-01T00:49:40.7170390Z</when>
        <gx:coord>11.931774 51.576027 717.36</gx:coord>
        <when>2025-01-01T00:49:42.1230390Z</when>
        <gx:coord>11.931839 51.576324 720.40796</gx:coord>
        <when>2025-01-01T00:49:42.1230390Z</when>
        <gx:coord>11.931904 51.576607 724.98</gx:coord>
        <when>2025-01-01T00:49:45.7170390Z</when>
        <gx:coord>11.932117 51.577484 732.6</gx:coord>
        <when>2025-01-01T00:49:50.7170390Z</when>
        <gx:coord>11.932526 51.5789 743.26807</gx:coord>
        <when>2025-01-01T00:49:55.7170390Z</when>
        <gx:coord>11.932976 51.58036 753.936</gx:coord>
        <when>2025-01-01T00:49:56.1200390Z</when>
        <gx:coord>11.933062 51.58066 755.45996</gx:coord>
        <when>2025-01-01T00:50:00.7170390Z</when>
        <gx:coord>11.933384 51.58184 766.128</gx:coord>
        <when>2025-01-01T00:50:05.1210390Z</when>
        <gx:coord>11.933792 51.583344 785.94</gx:coord>
        <when>2025-01-01T00:50:05.7170390Z</when>
        <gx:coord>11.933792 51.583344 785.94</gx:coord>
        <when>2025-01-01T00:50:10.7180390Z</when>
        <gx:coord>11.934285 51.584846 799.65607</gx:coord>
        <when>2025-01-01T00:50:15.7170390Z</when>
        <gx:coord>11.934822 51.586346 811.84796</gx:coord>
        <when>2025-01-01T00:50:18.1210390Z</when>
        <gx:coord>11.935186 51.58725 816.42</gx:coord>
        <when>2025-01-01T00:50:19.1280390Z</when>
        <gx:coord>11.935293 51.587547 816.42</gx:coord>
        <when>2025-01-01T00:50:20.7180390Z</when>
        <gx:coord>11.935401 51.58785 820.99207</gx:coord>
        <when>2025-01-01T00:50:25.7180390Z</when>
        <gx:coord>11.935873 51.58937 833.18396</gx:coord>
        <when>2025-01-01T00:50:30.1220390Z</when>
        <gx:coord>11.936409 51.590916 846.89996</gx:coord>
        <when>2025-01-01T00:50:30.7180390Z</when>
        <gx:coord>11.936409 51.590916 846.89996</gx:coord>
        <when>2025-01-01T00:50:35.7180390Z</when>
        <gx:coord>11.93701 51.59246 859.092</gx:coord>
        <when>2025-01-01T00:50:40.7180390Z</when>
        <gx:coord>11.937675 51.594006 871.284</gx:coord>
        <when>2025-01-01T00:50:43.1170390Z</when>
        <gx:coord>11.938105 51.59493 878.904</gx:coord>
        <when>2025-01-01T00:50:45.7180390Z</when>
        <gx:coord>11.938427 51.59555 883.47595</gx:coord>
        <when>2025-01-01T00:50:47.1220390Z</when>
        <gx:coord>11.938577 51.59585 888.048</gx:coord>
        <when>2025-01-01T00:50:50.7180390Z</when>
        <gx:coord>11.93922 51.59703 900.24</gx:coord>
        <when>2025-01-01T00:50:55.2510390Z</when>
        <gx:coord>11.939993 51.598557 903.28796</gx:coord>
        <when>2025-01-01T00:50:55.7180390Z</when>
        <gx:coord>11.939993 51.598557 906.336</gx:coord>
        <when>2025-01-01T00:50:57.1160390Z</when>
        <gx:coord>11.940271 51.59918 909.384</gx:coord>
        <when>2025-01-01T00:51:00.7180390Z</when>
        <gx:coord>11.940722 51.60012 917.00397</gx:coord>
        <when>2025-01-01T00:51:05.7180390Z</when>
        <gx:coord>11.941538 51.60171 930.72</gx:coord>
        <when>2025-01-01T00:51:08.1240390Z</when>
        <gx:coord>11.942074 51.602676 939.86395</gx:coord>
        <when>2025-01-01T00:51:10.1250390Z</when>
        <gx:coord>11.9422245 51.602997 942.912</gx:coord>
        <when>2025-01-01T00:51:10.7180390Z</when>
        <gx:coord>11.942396 51.60332 941.388</gx:coord>
        <when>2025-01-01T00:51:11.1270390Z</when>
        <gx:coord>11.942568 51.60364 941.388</gx:coord>
        <when>2025-01-01T00:51:15.7180390Z</when>
        <gx:coord>11.943254 51.605038 932.24396</gx:coord>
        <when>2025-01-01T00:51:17.1230390Z</when>
        <gx:coord>11.943426 51.6054 930.72</gx:coord>
        <when>2025-01-01T00:51:20.7190390Z</when>
        <gx:coord>11.944178 51.606903 930.72</gx:coord>
        <when>2025-01-01T00:51:25.7190390Z</when>
        <gx:coord>11.945078 51.60875 936.816</gx:coord>
        <when>2025-01-01T00:51:30.7190390Z</when>
        <gx:coord>11.945958 51.610573 944.436</gx:coord>
        <when>2025-01-01T00:51:35.7190390Z</when>
        <gx:coord>11.946859 51.612396 941.388</gx:coord>
        <when>2025-01-01T00:51:40.7190390Z</when>
        <gx:coord>11.947739 51.614326 935.292</gx:coord>
        <when>2025-01-01T00:51:45.7190390Z</when>
        <gx:coord>11.948597 51.616302 932.24396</gx:coord>
        <when>2025-01-01T00:51:50.7190390Z</when>
        <gx:coord>11.949627 51.618233 932.24396</gx:coord>
        <when>2025-01-01T00:51:54.1270390Z</when>
        <gx:coord>11.9508505 51.619736 932.24396</gx:coord>
        <when>2025-01-01T00:51:55.7190390Z</when>
        <gx:coord>11.951194 51.62012 929.196</gx:coord>
        <when>2025-01-01T00:51:56.1220390Z</when>
        <gx:coord>11.951194 51.62012 929.196</gx:coord>
        <when>2025-01-01T00:52:00.7190390Z</when>
        <gx:coord>11.9528675 51.622032 924.62396</gx:coord>
        <when>2025-01-01T00:52:05.7190390Z</when>
        <gx:coord>11.954433 51.623985 926.148</gx:coord>
        <when>2025-01-01T00:52:08.1160390Z</when>
        <gx:coord>11.954756 51.62478 927.672</gx:coord>
        <when>2025-01-01T00:52:09.1100390Z</when>
        <gx:coord>11.954799 51.625183 927.672</gx:coord>
        <when>2025-01-01T00:52:10.1110390Z</when>
        <gx:coord>11.954735 51.625572 927.672</gx:coord>
        <when>2025-01-01T00:52:10.1130390Z</when>
        <gx:coord>11.954735 51.625572 927.672</gx:coord>
        <when>2025-01-01T00:52:10.7190390Z</when>
        <gx:coord>11.954563 51.625935 927.672</gx:coord>
        <when>2025-01-01T00:52:12.1140390Z</when>
        <gx:coord>11.954284 51.626278 926.148</gx:coord>
        <when>2025-01-01T00:52:13.1190390Z</when>
        <gx:coord>11.953897 51.62658 923.1</gx:coord>
        <when>2025-01-01T00:52:14.1100390Z</when>
        <gx:coord>11.953425 51.626816 923.1</gx:coord>
        <when>2025-01-01T00:52:15.1150390Z</when>
        <gx:coord>11.9528885 51.626965 921.576</gx:coord>
        <when>2025-01-01T00:52:15.7190390Z</when>
        <gx:coord>11.952267 51.627052 918.52795</gx:coord>
        <when>2025-01-01T00:52:16.0970390Z</when>
        <gx:coord>11.952267 51.627052 918.52795</gx:coord>
        <when>2025-01-01T00:52:17.1100390Z</when>
        <gx:coord>11.951623 51.627052 915.48</gx:coord>
        <when>2025-01-01T00:52:18.0980390Z</when>
        <gx:coord>11.950979 51.626965 912.43207</gx:coord>
        <when>2025-01-01T00:52:18.1020390Z</when>
        <gx:coord>11.9503355 51.626793 907.86</gx:coord>
        <when>2025-01-01T00:52:19.1010390Z</when>
        <gx:coord>11.9503355 51.626793 907.86</gx:coord>
        <when>2025-01-01T00:52:19.1020390Z</when>
        <gx:coord>11.9503355 51.626793 907.86</gx:coord>
        <when>2025-01-01T00:52:20.1210390Z</when>
        <gx:coord>11.949757 51.626514 904.812</gx:coord>
        <when>2025-01-01T00:52:20.7190390Z</when>
        <gx:coord>11.949263 51.626152 904.812</gx:coord>
        <when>2025-01-01T00:52:21.1110390Z</when>
        <gx:coord>11.949263 51.626152 904.812</gx:coord>
        <when>2025-01-01T00:52:22.1140390Z</when>
        <gx:coord>11.948898 51.6257 901.764</gx:coord>
        <when>2025-01-01T00:52:23.1100390Z</when>
        <gx:coord>11.948683 51.625206 898.71606</gx:coord>
        <when>2025-01-01T00:52:24.1050390Z</when>
        <gx:coord>11.948619 51.624672 897.19196</gx:coord>
        <when>2025-01-01T00:52:25.1280390Z</when>
        <gx:coord>11.948705 51.624134 897.19196</gx:coord>
        <when>2025-01-01T00:52:25.7190390Z</when>
        <gx:coord>11.949005 51.62362 898.71606</gx:coord>
        <when>2025-01-01T00:52:26.1020390Z</when>
        <gx:coord>11.949005 51.62362 898.71606</gx:coord>
        <when>2025-01-01T00:52:27.1200390Z</when>
        <gx:coord>11.949434 51.623146 901.764</gx:coord>
        <when>2025-01-01T00:52:29.1150390Z</when>
        <gx:coord>11.950679 51.622375 907.86</gx:coord>
        <when>2025-01-01T00:52:30.7190390Z</when>
        <gx:coord>11.952224 51.621967 910.90796</gx:coord>
        <when>2025-01-01T00:52:31.1050390Z</when>
        <gx:coord>11.952224 51.621967 910.90796</gx:coord>
        <when>2025-01-01T00:52:33.1100390Z</when>
        <gx:coord>11.953833 51.62186 913.956</gx:coord>
        <when>2025-01-01T00:52:34.0990390Z</when>
        <gx:coord>11.954605 51.621944 913.956</gx:coord>
        <when>2025-01-01T00:52:35.1100390Z</when>
        <gx:coord>11.955336 51.622116 913.956</gx:coord>
        <when>2025-01-01T00:52:35.7200390Z</when>
        <gx:coord>11.955957 51.62233 915.48</gx:coord>
        <when>2025-01-01T00:52:36.1270390Z</when>
        <gx:coord>11.955957 51.62233 915.48</gx:coord>
        <when>2025-01-01T00:52:38.1110390Z</when>
        <gx:coord>11.956944 51.622955 913.956</gx:coord>
        <when>2025-01-01T00:52:40.7200390Z</when>
        <gx:coord>11.95806 51.624004 909.384</gx:coord>
        <when>2025-01-01T00:52:45.7200390Z</when>
        <gx:coord>11.959885 51.625786 912.43207</gx:coord>
        <when>2025-01-01T00:52:50.7200390Z</when>
        <gx:coord>11.961687 51.627525 918.52795</gx:coord>
        <when>2025-01-01T00:52:53.1080390Z</when>
        <gx:coord>11.962566 51.628166 921.576</gx:coord>
        <when>2025-01-01T00:52:55.1040390Z</when>
        <gx:coord>11.963768 51.62864 921.576</gx:coord>
        <when>2025-01-01T00:52:55.7200390Z</when>
        <gx:coord>11.964476 51.62879 921.576</gx:coord>
        <when>2025-01-01T00:52:56.1060390Z</when>
        <gx:coord>11.964476 51.62879 921.576</gx:coord>
        <when>2025-01-01T00:52:58.1080390Z</when>
        <gx:coord>11.9660425 51.628876 917.00397</gx:coord>
        <when>2025-01-01T00:52:59.0980390Z</when>
        <gx:coord>11.966837 51.62877 915.48</gx:coord>
        <when>2025-01-01T00:53:00.1210390Z</when>
        <gx:coord>11.967609 51.628597 913.956</gx:coord>
        <when>2025-01-01T00:53:00.7200390Z</when>
        <gx:coord>11.968338 51.62832 912.43207</gx:coord>
        <when>2025-01-01T00:53:02.1160390Z</when>
        <gx:coord>11.968961 51.627975 913.956</gx:coord>
        <when>2025-01-01T00:53:04.1130390Z</when>
        <gx:coord>11.969905 51.627136 913.956</gx:coord>
        <when>2025-01-01T00:53:05.7200390Z</when>
        <gx:coord>11.970312 51.626194 918.52795</gx:coord>
        <when>2025-01-01T00:53:06.1300390Z</when>
        <gx:coord>11.970312 51.626194 918.52795</gx:coord>
        <when>2025-01-01T00:53:07.1230390Z</when>
        <gx:coord>11.970291 51.62572 920.05206</gx:coord>
        <when>2025-01-01T00:53:07.1300390Z</when>
        <gx:coord>11.970291 51.62572 920.05206</gx:coord>
        <when>2025-01-01T00:53:09.1150390Z</when>
        <gx:coord>11.969905 51.624886 924.62396</gx:coord>
        <when>2025-01-01T00:53:10.1200390Z</when>
        <gx:coord>11.96954 51.624542 926.148</gx:coord>
        <when>2025-01-01T00:53:10.1210390Z</when>
        <gx:coord>11.96954 51.624542 926.148</gx:coord>
        <when>2025-01-01T00:53:10.7200390Z</when>
        <gx:coord>11.9691105 51.624283 926.148</gx:coord>
        <when>2025-01-01T00:53:12.1080390Z</when>
        <gx:coord>11.968617 51.624046 926.148</gx:coord>
        <when>2025-01-01T00:53:13.1040390Z</when>
        <gx:coord>11.9680805 51.62392 926.148</gx:coord>
        <when>2025-01-01T00:53:14.1020390Z</when>
        <gx:coord>11.967524 51.623833 924.62396</gx:coord>
        <when>2025-01-01T00:53:14.1030390Z</when>
        <gx:coord>11.967524 51.623833 924.62396</gx:coord>
        <when>2025-01-01T00:53:15.1180390Z</when>
        <gx:coord>11.966987 51.623856 924.62396</gx:coord>
        <when>2025-01-01T00:53:15.7200390Z</when>
        <gx:coord>11.966472 51.62394 924.62396</gx:coord>
        <when>2025-01-01T00:53:16.1000390Z</when>
        <gx:coord>11.966472 51.62394 924.62396</gx:coord>
        <when>2025-01-01T00:53:17.1020390Z</when>
        <gx:coord>11.965979 51.62411 923.1</gx:coord>
        <when>2025-01-01T00:53:18.1140390Z</when>
        <gx:coord>11.965591 51.624348 921.576</gx:coord>
        <when>2025-01-01T00:53:19.1030390Z</when>
        <gx:coord>11.96527 51.624626 921.576</gx:coord>
        <when>2025-01-01T00:53:20.1080390Z</when>
        <gx:coord>11.965055 51.62495 923.1</gx:coord>
        <when>2025-01-01T00:53:20.7200390Z</when>
        <gx:coord>11.96497 51.625294 924.62396</gx:coord>
        <when>2025-01-01T00:53:21.1210390Z</when>
        <gx:coord>11.96497 51.625294 924.62396</gx:coord>
        <when>2025-01-01T00:53:22.1120390Z</when>
        <gx:coord>11.964991 51.625656 926.148</gx:coord>
        <when>2025-01-01T00:53:23.1240390Z</when>
        <gx:coord>11.965141 51.626022 926.148</gx:coord>
        <when>2025-01-01T00:53:24.1240390Z</when>
        <gx:coord>11.965442 51.626366 927.672</gx:coord>
        <when>2025-01-01T00:53:25.1060390Z</when>
        <gx:coord>11.965785 51.62671 927.672</gx:coord>
        <when>2025-01-01T00:53:25.7200390Z</when>
        <gx:coord>11.966214 51.62701 927.672</gx:coord>
        <when>2025-01-01T00:53:30.7200390Z</when>
        <gx:coord>11.968296 51.628597 926.148</gx:coord>
        <when>2025-01-01T00:53:35.7200390Z</when>
        <gx:coord>11.97027 51.63025 930.72</gx:coord>
        <when>2025-01-01T00:53:37.1270390Z</when>
        <gx:coord>11.970999 51.630936 930.72</gx:coord>
        <when>2025-01-01T00:53:40.7200390Z</when>
        <gx:coord>11.972094 51.631943 930.72</gx:coord>
        <when>2025-01-01T00:53:45.7210390Z</when>
        <gx:coord>11.973982 51.633682 929.196</gx:coord>
        <when>2025-01-01T00:53:50.7210390Z</when>
        <gx:coord>11.975805 51.63544 932.24396</gx:coord>
        <when>2025-01-01T00:53:55.7210390Z</when>
        <gx:coord>11.977608 51.637222 935.292</gx:coord>
        <when>2025-01-01T00:54:00.7210390Z</when>
        <gx:coord>11.979368 51.639004 933.76807</gx:coord>
        <when>2025-01-01T00:54:03.4310390Z</when>
        <gx:coord>11.980055 51.639732 932.24396</gx:coord>
        <when>2025-01-01T00:54:05.7210390Z</when>
        <gx:coord>11.981106 51.64085 932.24396</gx:coord>
        <when>2025-01-01T00:54:10.7210390Z</when>
        <gx:coord>11.982887 51.642673 936.816</gx:coord>
        <when>2025-01-01T00:54:11.1260390Z</when>
        <gx:coord>11.983252 51.643017 938.33997</gx:coord>
        <when>2025-01-01T00:54:15.7210390Z</when>
        <gx:coord>11.984732 51.644455 939.86395</gx:coord>
        <when>2025-01-01T00:54:17.1260390Z</when>
        <gx:coord>11.985483 51.64516 939.86395</gx:coord>
        <when>2025-01-01T00:54:20.7210390Z</when>
        <gx:coord>11.98662 51.646214 941.388</gx:coord>
        <when>2025-01-01T00:54:25.7210390Z</when>
        <gx:coord>11.98853 51.647995 942.912</gx:coord>
        <when>2025-01-01T00:54:30.7210390Z</when>
        <gx:coord>11.990333 51.64967 952.05597</gx:coord>
        <when>2025-01-01T00:54:34.1220390Z</when>
        <gx:coord>11.991299 51.650547 959.67596</gx:coord>
        <when>2025-01-01T00:54:35.7210390Z</when>
        <gx:coord>11.991941 51.651108 961.2</gx:coord>
        <when>2025-01-01T00:54:40.7220390Z</when>
        <gx:coord>11.993444 51.652393 964.248</gx:coord>
        <when>2025-01-01T00:54:45.7220390Z</when>
        <gx:coord>11.994946 51.653618 962.724</gx:coord>
        <when>2025-01-01T00:54:50.1220390Z</when>
        <gx:coord>11.996298 51.65469 936.816</gx:coord>
        <when>2025-01-01T00:54:50.7220390Z</when>
        <gx:coord>11.996684 51.65499 926.148</gx:coord>
        <when>2025-01-01T00:54:53.1190390Z</when>
        <gx:coord>11.997457 51.655697 920.05206</gx:coord>
        <when>2025-01-01T00:54:55.7220390Z</when>
        <gx:coord>11.99868 51.65679 929.196</gx:coord>
        <when>2025-01-01T00:55:00.7220390Z</when>
        <gx:coord>12.000568 51.658596 936.816</gx:coord>
        <when>2025-01-01T00:55:01.1270390Z</when>
        <gx:coord>12.000933 51.65896 936.816</gx:coord>
        <when>2025-01-01T00:55:05.7220390Z</when>
        <gx:coord>12.002392 51.660378 942.912</gx:coord>
        <when>2025-01-01T00:55:09.1200390Z</when>
        <gx:coord>12.003422 51.661427 950.532</gx:coord>
        <when>2025-01-01T00:55:10.7220390Z</when>
        <gx:coord>12.004087 51.66207 955.10406</gx:coord>
        <when>2025-01-01T00:55:15.1290390Z</when>
        <gx:coord>12.005375 51.663292 958.152</gx:coord>
        <when>2025-01-01T00:55:15.7220390Z</when>
        <gx:coord>12.005674 51.663593 958.152</gx:coord>
        <when>2025-01-01T00:55:20.1220390Z</when>
        <gx:coord>12.00692 51.664623 961.2</gx:coord>
        <when>2025-01-01T00:55:20.7220390Z</when>
        <gx:coord>12.007219 51.66486 961.2</gx:coord>
        <when>2025-01-01T00:55:25.7220390Z</when>
        <gx:coord>12.008551 51.66593 955.10406</gx:coord>
        <when>2025-01-01T00:55:26.1210390Z</when>
        <gx:coord>12.008551 51.66593 955.10406</gx:coord>
        <when>2025-01-01T00:55:30.7220390Z</when>
        <gx:coord>12.009859 51.666985 944.436</gx:coord>
        <when>2025-01-01T00:55:32.1210390Z</when>
        <gx:coord>12.010138 51.66722 938.33997</gx:coord>
        <when>2025-01-01T00:55:35.7220390Z</when>
        <gx:coord>12.011339 51.668274 929.196</gx:coord>
        <when>2025-01-01T00:55:40.7220390Z</when>
        <gx:coord>12.012798 51.669582 933.76807</gx:coord>
        <when>2025-01-01T00:55:45.7220390Z</when>
        <gx:coord>12.014257 51.67102 927.672</gx:coord>
        <when>2025-01-01T00:55:46.1240390Z</when>
        <gx:coord>12.014257 51.67102 927.672</gx:coord>
        <when>2025-01-01T00:55:50.7220390Z</when>
        <gx:coord>12.015696 51.672607 924.62396</gx:coord>
        <when>2025-01-01T00:55:51.1300390Z</when>
        <gx:coord>12.015996 51.67295 924.62396</gx:coord>
        <when>2025-01-01T00:55:55.7220390Z</when>
        <gx:coord>12.017134 51.6743 920.05206</gx:coord>
        <when>2025-01-01T00:56:00.7230390Z</when>
        <gx:coord>12.018528 51.67604 918.52795</gx:coord>
        <when>2025-01-01T00:56:05.7230390Z</when>
        <gx:coord>12.01988 51.6778 918.52795</gx:coord>
        <when>2025-01-01T00:56:10.7220390Z</when>
        <gx:coord>12.021103 51.679604 917.00397</gx:coord>
        <when>2025-01-01T00:56:15.7230390Z</when>
        <gx:coord>12.022305 51.681404 917.00397</gx:coord>
        <when>2025-01-01T00:56:20.7230390Z</when>
        <gx:coord>12.023441 51.68325 917.00397</gx:coord>
        <when>2025-01-01T00:56:25.7230390Z</when>
        <gx:coord>12.024557 51.685074 918.52795</gx:coord>
        <when>2025-01-01T00:56:30.7230390Z</when>
        <gx:coord>12.025609 51.68692 920.05206</gx:coord>
        <when>2025-01-01T00:56:32.1190390Z</when>
        <gx:coord>12.025824 51.687283 920.05206</gx:coord>
        <when>2025-01-01T00:56:34.1330390Z</when>
        <gx:coord>12.026424 51.688377 920.05206</gx:coord>
        <when>2025-01-01T00:56:35.7220390Z</when>
        <gx:coord>12.026639 51.688744 920.05206</gx:coord>
        <when>2025-01-01T00:56:40.7230390Z</when>
        <gx:coord>12.027583 51.69059 921.576</gx:coord>
        <when>2025-01-01T00:56:45.7230390Z</when>
        <gx:coord>12.028527 51.692413 921.576</gx:coord>
        <when>2025-01-01T00:56:50.7230390Z</when>
        <gx:coord>12.0294075 51.694237 924.62396</gx:coord>
        <when>2025-01-01T00:56:55.7230390Z</when>
        <gx:coord>12.030244 51.696102 924.62396</gx:coord>
        <when>2025-01-01T00:57:00.7230390Z</when>
        <gx:coord>12.031016 51.697968 924.62396</gx:coord>
        <when>2025-01-01T00:57:05.7230390Z</when>
        <gx:coord>12.031681 51.69986 927.672</gx:coord>
        <when>2025-01-01T00:57:10.7240390Z</when>
        <gx:coord>12.032368 51.70179 933.76807</gx:coord>
        <when>2025-01-01T00:57:11.1220390Z</when>
        <gx:coord>12.032368 51.70179 933.76807</gx:coord>
        <when>2025-01-01T00:57:15.7240390Z</when>
        <gx:coord>12.033076 51.703743 929.196</gx:coord>
        <when>2025-01-01T00:57:17.1290390Z</when>
        <gx:coord>12.033334 51.704536 927.672</gx:coord>
        <when>2025-01-01T00:57:20.7240390Z</when>
        <gx:coord>12.033763 51.705738 923.1</gx:coord>
        <when>2025-01-01T00:57:25.7240390Z</when>
        <gx:coord>12.034428 51.70771 920.05206</gx:coord>
        <when>2025-01-01T00:57:30.7240390Z</when>
        <gx:coord>12.035007 51.709686 915.48</gx:coord>
        <when>2025-01-01T00:57:35.7240390Z</when>
        <gx:coord>12.035565 51.71168 915.48</gx:coord>
        <when>2025-01-01T00:57:39.1260390Z</when>
        <gx:coord>12.035887 51.71286 915.48</gx:coord>
        <when>2025-01-01T00:57:40.7240390Z</when>
        <gx:coord>12.036037 51.713654 915.48</gx:coord>
        <when>2025-01-01T00:57:42.1230390Z</when>
        <gx:coord>12.036058 51.714043 917.00397</gx:coord>
        <when>2025-01-01T00:57:44.1090390Z</when>
        <gx:coord>12.035909 51.71479 917.00397</gx:coord>
        <when>2025-01-01T00:57:45.7240390Z</when>
        <gx:coord>12.035543 51.7155 918.52795</gx:coord>
        <when>2025-01-01T00:57:47.1260390Z</when>
        <gx:coord>12.035308 51.715843 918.52795</gx:coord>
        <when>2025-01-01T00:57:50.1130390Z</when>
        <gx:coord>12.034364 51.716743 917.00397</gx:coord>
        <when>2025-01-01T00:57:50.7240390Z</when>
        <gx:coord>12.0339775 51.717026 917.00397</gx:coord>
        <when>2025-01-01T00:57:52.1230390Z</when>
        <gx:coord>12.033569 51.71726 917.00397</gx:coord>
        <when>2025-01-01T00:57:53.1120390Z</when>
        <gx:coord>12.03314 51.717495 917.00397</gx:coord>
        <when>2025-01-01T00:57:55.7240390Z</when>
        <gx:coord>12.031703 51.718033 920.05206</gx:coord>
        <when>2025-01-01T00:57:56.1300390Z</when>
        <gx:coord>12.031703 51.718033 920.05206</gx:coord>
        <when>2025-01-01T00:57:59.1230390Z</when>
        <gx:coord>12.030094 51.718353 921.576</gx:coord>
        <when>2025-01-01T00:58:00.7240390Z</when>
        <gx:coord>12.028978 51.71844 923.1</gx:coord>
        <when>2025-01-01T00:58:02.1030390Z</when>
        <gx:coord>12.0283985 51.71842 923.1</gx:coord>
        <when>2025-01-01T00:58:05.1200390Z</when>
        <gx:coord>12.026703 51.718224 924.62396</gx:coord>
        <when>2025-01-01T00:58:05.7240390Z</when>
        <gx:coord>12.026146 51.718098 924.62396</gx:coord>
        <when>2025-01-01T00:58:08.1270390Z</when>
        <gx:coord>12.025072 51.717773 924.62396</gx:coord>
        <when>2025-01-01T00:58:10.7240390Z</when>
        <gx:coord>12.023571 51.717087 924.62396</gx:coord>
        <when>2025-01-01T00:58:11.1150390Z</when>
        <gx:coord>12.023571 51.717087 924.62396</gx:coord>
        <when>2025-01-01T00:58:12.1230390Z</when>
        <gx:coord>12.02312 51.71683 924.62396</gx:coord>
        <when>2025-01-01T00:58:14.1220390Z</when>
        <gx:coord>12.022284 51.71621 924.62396</gx:coord>
        <when>2025-01-01T00:58:15.7240390Z</when>
        <gx:coord>12.021575 51.7155 924.62396</gx:coord>
        <when>2025-01-01T00:58:17.1230390Z</when>
        <gx:coord>12.021275 51.715134 927.672</gx:coord>
        <when>2025-01-01T00:58:20.7240390Z</when>
        <gx:coord>12.020351 51.71348 932.24396</gx:coord>
        <when>2025-01-01T00:58:21.1240390Z</when>
        <gx:coord>12.020351 51.71348 932.24396</gx:coord>
        <when>2025-01-01T00:58:23.1230390Z</when>
        <gx:coord>12.020008 51.712624 932.24396</gx:coord>
        <when>2025-01-01T00:58:25.7240390Z</when>
        <gx:coord>12.019601 51.71125 929.196</gx:coord>
        <when>2025-01-01T00:58:30.7240390Z</when>
        <gx:coord>12.019129 51.708935 924.62396</gx:coord>
        <when>2025-01-01T00:58:35.7240390Z</when>
        <gx:coord>12.0187 51.706615 918.52795</gx:coord>
        <when>2025-01-01T00:58:40.7250390Z</when>
        <gx:coord>12.018291 51.704323 910.90796</gx:coord>
        <when>2025-01-01T00:58:42.1310390Z</when>
        <gx:coord>12.01812 51.70344 907.86</gx:coord>
        <when>2025-01-01T00:58:45.7250390Z</when>
        <gx:coord>12.0177555 51.70211 906.336</gx:coord>
        <when>2025-01-01T00:58:50.7250390Z</when>
        <gx:coord>12.017112 51.699966 897.19196</gx:coord>
        <when>2025-01-01T00:58:55.7250390Z</when>
        <gx:coord>12.016575 51.697777 885</gx:coord>
        <when>2025-01-01T00:59:00.1200390Z</when>
        <gx:coord>12.015953 51.69561 874.332</gx:coord>
        <when>2025-01-01T00:59:00.7250390Z</when>
        <gx:coord>12.015953 51.69561 874.332</gx:coord>
        <when>2025-01-01T00:59:05.7250390Z</when>
        <gx:coord>12.015287 51.69342 862.13995</gx:coord>
        <when>2025-01-01T00:59:08.1270390Z</when>
        <gx:coord>12.014858 51.692112 859.092</gx:coord>
        <when>2025-01-01T00:59:10.7240390Z</when>
        <gx:coord>12.01458 51.691254 856.04407</gx:coord>
        <when>2025-01-01T00:59:15.1260390Z</when>
        <gx:coord>12.013764 51.68913 843.852</gx:coord>
        <when>2025-01-01T00:59:15.7250390Z</when>
        <gx:coord>12.013764 51.68913 843.852</gx:coord>
        <when>2025-01-01T00:59:20.7250390Z</when>
        <gx:coord>12.012928 51.68698 825.56396</gx:coord>
        <when>2025-01-01T00:59:25.1230390Z</when>
        <gx:coord>12.0121765 51.684772 811.84796</gx:coord>
        <when>2025-01-01T00:59:25.7250390Z</when>
        <gx:coord>12.0121765 51.684772 811.84796</gx:coord>
        <when>2025-01-01T00:59:30.7250390Z</when>
        <gx:coord>12.01149 51.682518 799.65607</gx:coord>
        <when>2025-01-01T00:59:35.7250390Z</when>
        <gx:coord>12.010846 51.680267 790.51196</gx:coord>
        <when>2025-01-01T00:59:40.1200390Z</when>
        <gx:coord>12.010031 51.678055 781.368</gx:coord>
        <when>2025-01-01T00:59:40.7250390Z</when>
        <gx:coord>12.010031 51.678055 781.368</gx:coord>
        <when>2025-01-01T00:59:45.7250390Z</when>
        <gx:coord>12.009172 51.675888 776.79596</gx:coord>
        <when>2025-01-01T00:59:46.1230390Z</when>
        <gx:coord>12.009001 51.67546 776.79596</gx:coord>
        <when>2025-01-01T00:59:50.7250390Z</when>
        <gx:coord>12.008271 51.673744 769.17596</gx:coord>
        <when>2025-01-01T00:59:55.7250390Z</when>
        <gx:coord>12.007435 51.671577 761.55597</gx:coord>
        <when>2025-01-01T01:00:00.7250390Z</when>
        <gx:coord>12.006662 51.669453 756.9841</gx:coord>
        <when>2025-01-01T01:00:05.1260390Z</when>
        <gx:coord>12.005804 51.667328 749.36395</gx:coord>
        <when>2025-01-01T01:00:05.7260390Z</when>
        <gx:coord>12.005804 51.667328 749.36395</gx:coord>
        <when>2025-01-01T01:00:10.7260390Z</when>
        <gx:coord>12.004924 51.665226 729.552</gx:coord>
        <when>2025-01-01T01:00:15.7260390Z</when>
        <gx:coord>12.0040655 51.663124 723.456</gx:coord>
        <when>2025-01-01T01:00:19.1210390Z</when>
        <gx:coord>12.003422 51.661407 717.36</gx:coord>
        <when>2025-01-01T01:00:20.7260390Z</when>
        <gx:coord>12.003271 51.660976 715.836</gx:coord>
        <when>2025-01-01T01:00:24.1320390Z</when>
        <gx:coord>12.002649 51.659218 714.31195</gx:coord>
        <when>2025-01-01T01:00:25.7260390Z</when>
        <gx:coord>12.002499 51.658787 717.36</gx:coord>
        <when>2025-01-01T01:00:30.7260390Z</when>
        <gx:coord>12.001598 51.656643 720.40796</gx:coord>
        <when>2025-01-01T01:00:35.7260390Z</when>
        <gx:coord>12.000654 51.65452 726.50397</gx:coord>
        <when>2025-01-01T01:00:40.7260390Z</when>
        <gx:coord>11.999624 51.652416 734.12396</gx:coord>
        <when>2025-01-01T01:00:45.7260390Z</when>
        <gx:coord>11.99855 51.650333 738.696</gx:coord>
        <when>2025-01-01T01:00:50.7260390Z</when>
        <gx:coord>11.9974785 51.648186 740.22</gx:coord>
        <when>2025-01-01T01:00:55.7260390Z</when>
        <gx:coord>11.996405 51.646084 734.12396</gx:coord>
        <when>2025-01-01T01:01:00.1230390Z</when>
        <gx:coord>11.99559 51.64454 724.98</gx:coord>
        <when>2025-01-01T01:01:00.7260390Z</when>
        <gx:coord>11.995375 51.644154 721.93207</gx:coord>
        <when>2025-01-01T01:01:03.1310390Z</when>
        <gx:coord>11.994753 51.64306 717.36</gx:coord>
        <when>2025-01-01T01:01:05.7260390Z</when>
        <gx:coord>11.994324 51.642372 714.31195</gx:coord>
        <when>2025-01-01T01:01:09.1230390Z</when>
        <gx:coord>11.993723 51.641365 706.69196</gx:coord>
        <when>2025-01-01T01:01:10.7260390Z</when>
        <gx:coord>11.993315 51.640697 700.59607</gx:coord>
        <when>2025-01-01T01:01:12.1260390Z</when>
        <gx:coord>11.993101 51.640377 697.548</gx:coord>
        <when>2025-01-01T01:01:15.7260390Z</when>
        <gx:coord>11.992264 51.63909 688.404</gx:coord>
        <when>2025-01-01T01:01:17.1260390Z</when>
        <gx:coord>11.991856 51.638466 682.308</gx:coord>
        <when>2025-01-01T01:01:20.7260390Z</when>
        <gx:coord>11.991234 51.637524 670.11597</gx:coord>
        <when>2025-01-01T01:01:25.1200390Z</when>
        <gx:coord>11.990097 51.635956 650.30396</gx:coord>
        <when>2025-01-01T01:01:25.7260390Z</when>
        <gx:coord>11.990097 51.635956 650.30396</gx:coord>
        <when>2025-01-01T01:01:30.7260390Z</when>
        <gx:coord>11.988852 51.634434 635.06396</gx:coord>
        <when>2025-01-01T01:01:33.1240390Z</when>
        <gx:coord>11.988295 51.633877 630.49207</gx:coord>
        <when>2025-01-01T01:01:35.1020390Z</when>
        <gx:coord>11.987715 51.63336 624.396</gx:coord>
        <when>2025-01-01T01:01:35.7260390Z</when>
        <gx:coord>11.987392 51.633125 621.34796</gx:coord>
        <when>2025-01-01T01:01:36.1260390Z</when>
        <gx:coord>11.987049 51.63291 618.3</gx:coord>
        <when>2025-01-01T01:01:37.1240390Z</when>
        <gx:coord>11.987049 51.63291 618.3</gx:coord>
        <when>2025-01-01T01:01:40.7270390Z</when>
        <gx:coord>11.985634 51.632137 604.584</gx:coord>
        <when>2025-01-01T01:01:41.1130390Z</when>
        <gx:coord>11.985634 51.632137 604.584</gx:coord>
        <when>2025-01-01T01:01:44.1220390Z</when>
        <gx:coord>11.984067 51.6316 586.29596</gx:coord>
        <when>2025-01-01T01:01:45.1230390Z</when>
        <gx:coord>11.984067 51.6316 586.29596</gx:coord>
        <when>2025-01-01T01:01:45.7270390Z</when>
        <gx:coord>11.98366 51.631516 583.248</gx:coord>
        <when>2025-01-01T01:01:49.1210390Z</when>
        <gx:coord>11.982414 51.63132 571.05597</gx:coord>
        <when>2025-01-01T01:01:50.7270390Z</when>
        <gx:coord>11.981556 51.631256 563.436</gx:coord>
        <when>2025-01-01T01:01:51.1220390Z</when>
        <gx:coord>11.981556 51.631256 563.436</gx:coord>
        <when>2025-01-01T01:01:53.1200390Z</when>
        <gx:coord>11.980333 51.63128 554.292</gx:coord>
        <when>2025-01-01T01:01:54.1250390Z</when>
        <gx:coord>11.980333 51.63128 554.292</gx:coord>
        <when>2025-01-01T01:01:55.7270390Z</when>
        <gx:coord>11.97954 51.631386 548.196</gx:coord>
        <when>2025-01-01T01:02:00.1290390Z</when>
        <gx:coord>11.978037 51.631687 531.432</gx:coord>
        <when>2025-01-01T01:02:00.7270390Z</when>
        <gx:coord>11.977673 51.631794 526.86</gx:coord>
        <when>2025-01-01T01:02:01.1210390Z</when>
        <gx:coord>11.977308 51.63188 522.28796</gx:coord>
        <when>2025-01-01T01:02:05.7270390Z</when>
        <gx:coord>11.975849 51.632286 508.572</gx:coord>
        <when>2025-01-01T01:02:10.7270390Z</when>
        <gx:coord>11.9741535 51.63289 493.33197</gx:coord>
        <when>2025-01-01T01:02:11.1230390Z</when>
        <gx:coord>11.97381 51.632996 490.28403</gx:coord>
        <when>2025-01-01T01:02:14.1260390Z</when>
        <gx:coord>11.972801 51.63338 482.664</gx:coord>
        <when>2025-01-01T01:02:15.7270390Z</when>
        <gx:coord>11.97248 51.63351 476.56802</gx:coord>
        <when>2025-01-01T01:02:16.1210390Z</when>
        <gx:coord>11.97248 51.63351 476.56802</gx:coord>
        <when>2025-01-01T01:02:20.1280390Z</when>
        <gx:coord>11.970806 51.634174 458.27997</gx:coord>
        <when>2025-01-01T01:02:20.7270390Z</when>
        <gx:coord>11.970806 51.634174 458.27997</gx:coord>
        <when>2025-01-01T01:02:25.7270390Z</when>
        <gx:coord>11.969069 51.63486 439.992</gx:coord>
        <when>2025-01-01T01:02:30.7270390Z</when>
        <gx:coord>11.967244 51.635548 427.80002</gx:coord>
        <when>2025-01-01T01:02:31.1200390Z</when>
        <gx:coord>11.966879 51.6357 424.752</gx:coord>
        <when>2025-01-01T01:02:35.7270390Z</when>
        <gx:coord>11.965485 51.636257 414.08398</gx:coord>
        <when>2025-01-01T01:02:37.1070390Z</when>
        <gx:coord>11.965162 51.636406 409.51202</gx:coord>
        <when>2025-01-01T01:02:40.1220390Z</when>
        <gx:coord>11.964369 51.63703 398.84402</gx:coord>
        <when>2025-01-01T01:02:40.7270390Z</when>
        <gx:coord>11.964154 51.637264 395.79602</gx:coord>
        <when>2025-01-01T01:02:41.1210390Z</when>
        <gx:coord>11.963983 51.6375 392.748</gx:coord>
        <when>2025-01-01T01:02:42.1180390Z</when>
        <gx:coord>11.963983 51.6375 392.748</gx:coord>
        <when>2025-01-01T01:02:45.1090390Z</when>
        <gx:coord>11.963703 51.63834 380.55597</gx:coord>
        <when>2025-01-01T01:02:45.7270390Z</when>
        <gx:coord>11.963682 51.638638 377.50803</gx:coord>
        <when>2025-01-01T01:02:46.1200390Z</when>
        <gx:coord>11.963682 51.638638 377.50803</gx:coord>
        <when>2025-01-01T01:02:47.1180390Z</when>
        <gx:coord>11.963703 51.63894 374.46002</gx:coord>
        <when>2025-01-01T01:02:48.1200390Z</when>
        <gx:coord>11.963768 51.63926 369.888</gx:coord>
        <when>2025-01-01T01:02:50.2470390Z</when>
        <gx:coord>11.96424 51.640182 360.74402</gx:coord>
        <when>2025-01-01T01:02:50.7270390Z</when>
        <gx:coord>11.96424 51.640182 360.74402</gx:coord>
        <when>2025-01-01T01:02:51.1200390Z</when>
        <gx:coord>11.96424 51.640182 360.74402</gx:coord>
        <when>2025-01-01T01:02:53.1130390Z</when>
        <gx:coord>11.964777 51.640743 354.648</gx:coord>
        <when>2025-01-01T01:02:55.1190390Z</when>
        <gx:coord>11.965528 51.64126 343.97998</gx:coord>
        <when>2025-01-01T01:02:55.1200390Z</when>
        <gx:coord>11.965528 51.64126 343.97998</gx:coord>
        <when>2025-01-01T01:02:55.7270390Z</when>
        <gx:coord>11.965979 51.641495 339.40802</gx:coord>
        <when>2025-01-01T01:02:57.1000390Z</when>
        <gx:coord>11.966472 51.641685 334.836</gx:coord>
        <when>2025-01-01T01:02:57.1000390Z</when>
        <gx:coord>11.966987 51.64188 330.26398</gx:coord>
        <when>2025-01-01T01:03:00.1230390Z</when>
        <gx:coord>11.968124 51.64216 324.16797</gx:coord>
        <when>2025-01-01T01:03:00.7270390Z</when>
        <gx:coord>11.968725 51.642265 321.12003</gx:coord>
        <when>2025-01-01T01:03:04.1260390Z</when>
        <gx:coord>11.970549 51.64248 311.976</gx:coord>
        <when>2025-01-01T01:03:05.7270390Z</when>
        <gx:coord>11.971793 51.642544 307.404</gx:coord>
        <when>2025-01-01T01:03:08.1250390Z</when>
        <gx:coord>11.973681 51.642567 296.73602</gx:coord>
        <when>2025-01-01T01:03:09.1280390Z</when>
        <gx:coord>11.973681 51.642567 296.73602</gx:coord>
        <when>2025-01-01T01:03:10.7270390Z</when>
        <gx:coord>11.974991 51.642544 290.64</gx:coord>
        <when>2025-01-01T01:03:12.1280390Z</when>
        <gx:coord>11.975656 51.6425 286.068</gx:coord>
        <when>2025-01-01T01:03:15.7270390Z</when>
        <gx:coord>11.97838 51.64229 276.924</gx:coord>
        <when>2025-01-01T01:03:20.7280390Z</when>
        <gx:coord>11.98175 51.641815 283.02002</gx:coord>
        <when>2025-01-01T01:03:23.1250390Z</when>
        <gx:coord>11.983059 51.6416 287.59198</gx:coord>
        <when>2025-01-01T01:03:25.7280390Z</when>
        <gx:coord>11.984989 51.641235 296.73602</gx:coord>
        <when>2025-01-01T01:03:30.7270390Z</when>
        <gx:coord>11.988123 51.640614 308.92798</gx:coord>
        <when>2025-01-01T01:03:35.1240390Z</when>
        <gx:coord>11.991213 51.639946 330.26398</gx:coord>
        <when>2025-01-01T01:03:35.7270390Z</when>
        <gx:coord>11.991213 51.639946 330.26398</gx:coord>
        <when>2025-01-01T01:03:40.7280390Z</when>
        <gx:coord>11.994303 51.639324 340.932</gx:coord>
        <when>2025-01-01T01:03:45.7280390Z</when>
        <gx:coord>11.997414 51.63875 351.59998</gx:coord>
        <when>2025-01-01T01:03:47.1260390Z</when>
        <gx:coord>11.99868 51.63853 354.648</gx:coord>
        <when>2025-01-01T01:03:48.1250390Z</when>
        <gx:coord>11.999302 51.638424 360.74402</gx:coord>
        <when>2025-01-01T01:03:50.7280390Z</when>
        <gx:coord>12.000589 51.638187 368.364</gx:coord>
        <when>2025-01-01T01:03:55.7280390Z</when>
        <gx:coord>12.003765 51.637695 385.12802</gx:coord>
        <when>2025-01-01T01:03:57.1280390Z</when>
        <gx:coord>12.00501 51.637524 391.224</gx:coord>
        <when>2025-01-01T01:04:00.7280390Z</when>
        <gx:coord>12.006898 51.637264 397.32</gx:coord>
        <when>2025-01-01T01:04:05.7280390Z</when>
        <gx:coord>12.010096 51.636856 414.08398</gx:coord>
        <when>2025-01-01T01:04:08.1250390Z</when>
        <gx:coord>12.011962 51.636623 424.752</gx:coord>
        <when>2025-01-01T01:04:10.7280390Z</when>
        <gx:coord>12.0132065 51.63647 430.84802</gx:coord>
        <when>2025-01-01T01:04:15.7280390Z</when>
        <gx:coord>12.016296 51.636127 450.65997</gx:coord>
        <when>2025-01-01T01:04:16.1210390Z</when>
        <gx:coord>12.016918 51.636063 455.23203</gx:coord>
        <when>2025-01-01T01:04:20.7280390Z</when>
        <gx:coord>12.019343 51.635765 467.424</gx:coord>
        <when>2025-01-01T01:04:25.1210390Z</when>
        <gx:coord>12.022369 51.63542 487.236</gx:coord>
        <when>2025-01-01T01:04:25.7280390Z</when>
        <gx:coord>12.022369 51.63542 487.236</gx:coord>
        <when>2025-01-01T01:04:30.1080390Z</when>
        <gx:coord>12.025415 51.63512 500.95197</gx:coord>
        <when>2025-01-01T01:04:30.7280390Z</when>
        <gx:coord>12.025415 51.63512 504</gx:coord>
        <when>2025-01-01T01:04:34.1200390Z</when>
        <gx:coord>12.027819 51.63467 517.716</gx:coord>
        <when>2025-01-01T01:04:35.7280390Z</when>
        <gx:coord>12.028378 51.6345 520.764</gx:coord>
        <when>2025-01-01T01:04:36.1210390Z</when>
        <gx:coord>12.028378 51.6345 520.764</gx:coord>
        <when>2025-01-01T01:04:40.1200390Z</when>
        <gx:coord>12.030458 51.633617 534.48</gx:coord>
        <when>2025-01-01T01:04:40.7280390Z</when>
        <gx:coord>12.0309305 51.63336 534.48</gx:coord>
        <when>2025-01-01T01:04:44.1130390Z</when>
        <gx:coord>12.03224 51.632504 539.052</gx:coord>
        <when>2025-01-01T01:04:45.7280390Z</when>
        <gx:coord>12.0329685 51.63186 539.052</gx:coord>
        <when>2025-01-01T01:04:48.1220390Z</when>
        <gx:coord>12.033569 51.631172 540.576</gx:coord>
        <when>2025-01-01T01:04:50.7280390Z</when>
        <gx:coord>12.0343 51.630077 539.052</gx:coord>
        <when>2025-01-01T01:04:52.1210390Z</when>
        <gx:coord>12.0344715 51.629692 539.052</gx:coord>
        <when>2025-01-01T01:04:55.1050390Z</when>
        <gx:coord>12.034922 51.628124 549.72</gx:coord>
        <when>2025-01-01T01:04:55.7280390Z</when>
        <gx:coord>12.034922 51.628124 549.72</gx:coord>
        <when>2025-01-01T01:04:57.1210390Z</when>
        <gx:coord>12.034965 51.627716 554.292</gx:coord>
        <when>2025-01-01T01:05:00.7290390Z</when>
        <gx:coord>12.034901 51.62617 569.532</gx:coord>
        <when>2025-01-01T01:05:02.1390390Z</when>
        <gx:coord>12.034815 51.625786 572.57996</gx:coord>
        <when>2025-01-01T01:05:05.1230390Z</when>
        <gx:coord>12.034278 51.624306 580.19995</gx:coord>
        <when>2025-01-01T01:05:05.7290390Z</when>
        <gx:coord>12.034278 51.624306 580.19995</gx:coord>
        <when>2025-01-01T01:05:08.1230390Z</when>
        <gx:coord>12.033892 51.623596 581.724</gx:coord>
        <when>2025-01-01T01:05:10.7290390Z</when>
        <gx:coord>12.033162 51.622547 580.19995</gx:coord>
        <when>2025-01-01T01:05:15.7290390Z</when>
        <gx:coord>12.031639 51.620872 581.724</gx:coord>
        <when>2025-01-01T01:05:16.1220390Z</when>
        <gx:coord>12.031639 51.620872 581.724</gx:coord>
        <when>2025-01-01T01:05:20.7290390Z</when>
        <gx:coord>12.029986 51.61922 592.39197</gx:coord>
        <when>2025-01-01T01:05:22.1280390Z</when>
        <gx:coord>12.029364 51.6186 595.44</gx:coord>
        <when>2025-01-01T01:05:25.7290390Z</when>
        <gx:coord>12.0283985 51.617653 601.536</gx:coord>
        <when>2025-01-01T01:05:30.7290390Z</when>
        <gx:coord>12.026833 51.616024 606.108</gx:coord>
        <when>2025-01-01T01:05:33.1230390Z</when>
        <gx:coord>12.0258665 51.615036 610.68</gx:coord>
        <when>2025-01-01T01:05:35.7290390Z</when>
        <gx:coord>12.025244 51.614372 613.72797</gx:coord>
        <when>2025-01-01T01:05:40.7290390Z</when>
        <gx:coord>12.023635 51.612717 624.396</gx:coord>
        <when>2025-01-01T01:05:45.7290390Z</when>
        <gx:coord>12.022112 51.611088 636.58795</gx:coord>
        <when>2025-01-01T01:05:48.1210390Z</when>
        <gx:coord>12.021189 51.6101 642.68396</gx:coord>
        <when>2025-01-01T01:05:50.7290390Z</when>
        <gx:coord>12.020588 51.609455 645.732</gx:coord>
        <when>2025-01-01T01:05:55.7290390Z</when>
        <gx:coord>12.019022 51.607803 650.30396</gx:coord>
        <when>2025-01-01T01:06:00.7290390Z</when>
        <gx:coord>12.017477 51.60611 659.448</gx:coord>
        <when>2025-01-01T01:06:04.1260390Z</when>
        <gx:coord>12.016275 51.60476 674.688</gx:coord>
        <when>2025-01-01T01:06:05.7290390Z</when>
        <gx:coord>12.015974 51.604435 679.2601</gx:coord>
        <when>2025-01-01T01:06:06.1240390Z</when>
        <gx:coord>12.015717 51.604115 679.2601</gx:coord>
        <when>2025-01-01T01:06:08.1210390Z</when>
        <gx:coord>12.015438 51.60379 686.88007</gx:coord>
        <when>2025-01-01T01:06:10.7290390Z</when>
        <gx:coord>12.014645 51.602848 696.024</gx:coord>
        <when>2025-01-01T01:06:14.1200390Z</when>
        <gx:coord>12.013636 51.60158 705.16797</gx:coord>
        <when>2025-01-01T01:06:15.7290390Z</when>
        <gx:coord>12.013399 51.60126 708.21606</gx:coord>
        <when>2025-01-01T01:06:20.7290390Z</when>
        <gx:coord>12.0121975 51.59965 718.884</gx:coord>
        <when>2025-01-01T01:06:25.7290390Z</when>
        <gx:coord>12.010996 51.59804 721.93207</gx:coord>
        <when>2025-01-01T01:06:30.7290390Z</when>
        <gx:coord>12.009752 51.596302 723.456</gx:coord>
        <when>2025-01-01T01:06:35.7300390Z</when>
        <gx:coord>12.008507 51.5945 724.98</gx:coord>
        <when>2025-01-01T01:06:36.1270390Z</when>
        <gx:coord>12.008507 51.5945 724.98</gx:coord>
        <when>2025-01-01T01:06:38.1210390Z</when>
        <gx:coord>12.008014 51.59375 721.93207</gx:coord>
        <when>2025-01-01T01:06:40.7300390Z</when>
        <gx:coord>12.007284 51.59259 720.40796</gx:coord>
        <when>2025-01-01T01:06:45.7300390Z</when>
        <gx:coord>12.006147 51.59062 720.40796</gx:coord>
        <when>2025-01-01T01:06:50.1180390Z</when>
        <gx:coord>12.005032 51.588642 721.93207</gx:coord>
        <when>2025-01-01T01:06:50.7300390Z</when>
        <gx:coord>12.005032 51.588642 723.456</gx:coord>
        <when>2025-01-01T01:06:55.7300390Z</when>
        <gx:coord>12.004002 51.58667 726.50397</gx:coord>
        <when>2025-01-01T01:06:59.1190390Z</when>
        <gx:coord>12.003487 51.585487 729.552</gx:coord>
        <when>2025-01-01T01:07:00.7300390Z</when>
        <gx:coord>12.003293 51.58467 734.12396</gx:coord>
        <when>2025-01-01T01:07:02.1290390Z</when>
        <gx:coord>12.003207 51.58386 735.648</gx:coord>
        <when>2025-01-01T01:07:04.1170390Z</when>
        <gx:coord>12.003207 51.58345 735.648</gx:coord>
        <when>2025-01-01T01:07:05.7300390Z</when>
        <gx:coord>12.003336 51.582634 723.456</gx:coord>
        <when>2025-01-01T01:07:07.1160390Z</when>
        <gx:coord>12.003487 51.582226 723.456</gx:coord>
        <when>2025-01-01T01:07:10.1160390Z</when>
        <gx:coord>12.004129 51.581024 726.50397</gx:coord>
        <when>2025-01-01T01:07:10.7300390Z</when>
        <gx:coord>12.004431 51.58064 728.02795</gx:coord>
        <when>2025-01-01T01:07:14.1530390Z</when>
        <gx:coord>12.005525 51.579567 726.50397</gx:coord>
        <when>2025-01-01T01:07:15.7300390Z</when>
        <gx:coord>12.006405 51.57888 721.93207</gx:coord>
        <when>2025-01-01T01:07:18.1160390Z</when>
        <gx:coord>12.007435 51.57826 718.884</gx:coord>
        <when>2025-01-01T01:07:18.1180390Z</when>
        <gx:coord>12.007435 51.57826 718.884</gx:coord>
        <when>2025-01-01T01:07:20.7300390Z</when>
        <gx:coord>12.009151 51.57742 717.36</gx:coord>
        <when>2025-01-01T01:07:22.1450390Z</when>
        <gx:coord>12.009752 51.577183 715.836</gx:coord>
        <when>2025-01-01T01:07:25.7300390Z</when>
        <gx:coord>12.012348 51.576347 712.78796</gx:coord>
        <when>2025-01-01T01:07:30.7300390Z</when>
        <gx:coord>12.0157385 51.575512 711.264</gx:coord>
        <when>2025-01-01T01:07:35.1200390Z</when>
        <gx:coord>12.018485 51.57491 709.74</gx:coord>
        <when>2025-01-01T01:07:35.7300390Z</when>
        <gx:coord>12.019194 51.57476 709.74</gx:coord>
        <when>2025-01-01T01:07:36.1230390Z</when>
        <gx:coord>12.01988 51.574608 709.74</gx:coord>
        <when>2025-01-01T01:07:40.7300390Z</when>
        <gx:coord>12.022627 51.574074 708.21606</gx:coord>
        <when>2025-01-01T01:07:45.7300390Z</when>
        <gx:coord>12.026081 51.573452 708.21606</gx:coord>
        <when>2025-01-01T01:07:50.7300390Z</when>
        <gx:coord>12.029471 51.572872 708.21606</gx:coord>
        <when>2025-01-01T01:07:55.7300390Z</when>
        <gx:coord>12.032819 51.572376 709.74</gx:coord>
        <when>2025-01-01T01:08:00.7310390Z</when>
        <gx:coord>12.03608 51.571907 715.836</gx:coord>
        <when>2025-01-01T01:08:05.1170390Z</when>
        <gx:coord>12.039385 51.571457 705.16797</gx:coord>
        <when>2025-01-01T01:08:05.7300390Z</when>
        <gx:coord>12.039385 51.571457 705.16797</gx:coord>
        <when>2025-01-01T01:08:10.7310390Z</when>
        <gx:coord>12.04299 51.570984 700.59607</gx:coord>
        <when>2025-01-01T01:08:14.1280390Z</when>
        <gx:coord>12.045929 51.57064 703.644</gx:coord>
        <when>2025-01-01T01:08:15.7310390Z</when>
        <gx:coord>12.046659 51.570553 706.69196</gx:coord>
        <when>2025-01-01T01:08:20.7310390Z</when>
        <gx:coord>12.050328 51.570145 717.36</gx:coord>
        <when>2025-01-01T01:08:25.7300390Z</when>
        <gx:coord>12.053933 51.569675 729.552</gx:coord>
        <when>2025-01-01T01:08:28.1200390Z</when>
        <gx:coord>12.056079 51.56935 735.648</gx:coord>
        <when>2025-01-01T01:08:30.7310390Z</when>
        <gx:coord>12.057516 51.569138 735.648</gx:coord>
        <when>2025-01-01T01:08:35.7310390Z</when>
        <gx:coord>12.061057 51.568516 732.6</gx:coord>
        <when>2025-01-01T01:08:40.7310390Z</when>
        <gx:coord>12.064684 51.567787 729.552</gx:coord>
        <when>2025-01-01T01:08:45.7310390Z</when>
        <gx:coord>12.068353 51.567055 731.076</gx:coord>
        <when>2025-01-01T01:08:50.1200390Z</when>
        <gx:coord>12.0719795 51.566196 732.6</gx:coord>
        <when>2025-01-01T01:08:50.1250390Z</when>
        <gx:coord>12.0719795 51.566196 732.6</gx:coord>
        <when>2025-01-01T01:08:50.7310390Z</when>
        <gx:coord>12.0719795 51.566196 732.6</gx:coord>
        <when>2025-01-01T01:08:52.1200390Z</when>
        <gx:coord>12.072666 51.565983 734.12396</gx:coord>
        <when>2025-01-01T01:08:55.7310390Z</when>
        <gx:coord>12.075219 51.56491 734.12396</gx:coord>
        <when>2025-01-01T01:08:58.1200390Z</when>
        <gx:coord>12.076421 51.56429 734.12396</gx:coord>
        <when>2025-01-01T01:09:00.7310390Z</when>
        <gx:coord>12.078009 51.56326 734.12396</gx:coord>
        <when>2025-01-01T01:09:02.1240390Z</when>
        <gx:coord>12.078481 51.562874 734.12396</gx:coord>
        <when>2025-01-01T01:09:05.1280390Z</when>
        <gx:coord>12.07966 51.56167 735.648</gx:coord>
        <when>2025-01-01T01:09:05.7310390Z</when>
        <gx:coord>12.079962 51.56124 738.696</gx:coord>
        <when>2025-01-01T01:09:08.1200390Z</when>
        <gx:coord>12.080433 51.560383 740.22</gx:coord>
        <when>2025-01-01T01:09:10.7310390Z</when>
        <gx:coord>12.080798 51.559097 746.316</gx:coord>
        <when>2025-01-01T01:09:12.1140390Z</when>
        <gx:coord>12.080841 51.558666 747.83997</gx:coord>
        <when>2025-01-01T01:09:15.7310390Z</when>
        <gx:coord>12.08069 51.556973 744.792</gx:coord>
        <when>2025-01-01T01:09:16.1240390Z</when>
        <gx:coord>12.08069 51.556973 744.792</gx:coord>
        <when>2025-01-01T01:09:20.7310390Z</when>
        <gx:coord>12.079768 51.554977 738.696</gx:coord>
        <when>2025-01-01T01:09:21.1190390Z</when>
        <gx:coord>12.079768 51.554977 738.696</gx:coord>
        <when>2025-01-01T01:09:25.7320390Z</when>
        <gx:coord>12.078223 51.55311 734.12396</gx:coord>
        <when>2025-01-01T01:09:27.1200390Z</when>
        <gx:coord>12.07788 51.552742 734.12396</gx:coord>
        <when>2025-01-01T01:09:30.7320390Z</when>
        <gx:coord>12.076227 51.551434 732.6</gx:coord>
        <when>2025-01-01T01:09:31.1200390Z</when>
        <gx:coord>12.076227 51.551434 732.6</gx:coord>
        <when>2025-01-01T01:09:34.1260390Z</when>
        <gx:coord>12.074747 51.55062 731.076</gx:coord>
        <when>2025-01-01T01:09:35.1260390Z</when>
        <gx:coord>12.074189 51.550404 731.076</gx:coord>
        <when>2025-01-01T01:09:35.7320390Z</when>
        <gx:coord>12.073631 51.550213 731.076</gx:coord>
        <when>2025-01-01T01:09:36.1260390Z</when>
        <gx:coord>12.073631 51.550213 731.076</gx:coord>
        <when>2025-01-01T01:09:39.1280390Z</when>
        <gx:coord>12.071829 51.549847 732.6</gx:coord>
        <when>2025-01-01T01:09:40.7320390Z</when>
        <gx:coord>12.070606 51.549763 735.648</gx:coord>
        <when>2025-01-01T01:09:42.1170390Z</when>
        <gx:coord>12.070005 51.549763 738.696</gx:coord>
        <when>2025-01-01T01:09:45.1240390Z</when>
        <gx:coord>12.068245 51.549953 746.316</gx:coord>
        <when>2025-01-01T01:09:45.7320390Z</when>
        <gx:coord>12.067709 51.55006 747.83997</gx:coord>
        <when>2025-01-01T01:09:50.7320390Z</when>
        <gx:coord>12.065113 51.55081 750.888</gx:coord>
        <when>2025-01-01T01:09:51.1030390Z</when>
        <gx:coord>12.065113 51.55081 750.888</gx:coord>
        <when>2025-01-01T01:09:55.7320390Z</when>
        <gx:coord>12.062559 51.551586 750.888</gx:coord>
        <when>2025-01-01T01:10:00.7320390Z</when>
        <gx:coord>12.060049 51.552185 761.55597</gx:coord>
        <when>2025-01-01T01:10:02.1070390Z</when>
        <gx:coord>12.05904 51.552315 766.128</gx:coord>
        <when>2025-01-01T01:10:03.1190390Z</when>
        <gx:coord>12.05904 51.552315 766.128</gx:coord>
        <when>2025-01-01T01:10:04.1210390Z</when>
        <gx:coord>12.058525 51.552338 769.17596</gx:coord>
        <when>2025-01-01T01:10:05.7320390Z</when>
        <gx:coord>12.05756 51.55229 772.224</gx:coord>
        <when>2025-01-01T01:10:06.1230390Z</when>
        <gx:coord>12.05756 51.55229 772.224</gx:coord>
        <when>2025-01-01T01:10:06.1300390Z</when>
        <gx:coord>12.057087 51.55223 772.224</gx:coord>
        <when>2025-01-01T01:10:09.1060390Z</when>
        <gx:coord>12.056208 51.552013 769.17596</gx:coord>
        <when>2025-01-01T01:10:10.1570390Z</when>
        <gx:coord>12.0557995 51.551888 766.128</gx:coord>
        <when>2025-01-01T01:10:10.7320390Z</when>
        <gx:coord>12.055392 51.551712 763.07996</gx:coord>
        <when>2025-01-01T01:10:11.1210390Z</when>
        <gx:coord>12.055392 51.551712 763.07996</gx:coord>
        <when>2025-01-01T01:10:11.1210390Z</when>
        <gx:coord>12.055392 51.551712 763.07996</gx:coord>
        <when>2025-01-01T01:10:12.1080390Z</when>
        <gx:coord>12.055027 51.55152 760.032</gx:coord>
        <when>2025-01-01T01:10:12.1130390Z</when>
        <gx:coord>12.054684 51.551308 760.032</gx:coord>
        <when>2025-01-01T01:10:14.1160390Z</when>
        <gx:coord>12.05434 51.55109 750.888</gx:coord>
        <when>2025-01-01T01:10:15.7320390Z</when>
        <gx:coord>12.05374 51.550575 738.696</gx:coord>
        <when>2025-01-01T01:10:16.1160390Z</when>
        <gx:coord>12.053461 51.550278 732.6</gx:coord>
        <when>2025-01-01T01:10:17.1040390Z</when>
        <gx:coord>12.053461 51.550278 732.6</gx:coord>
        <when>2025-01-01T01:10:19.1200390Z</when>
        <gx:coord>12.052989 51.549652 720.40796</gx:coord>
        <when>2025-01-01T01:10:20.1260390Z</when>
        <gx:coord>12.052817 51.54931 715.836</gx:coord>
        <when>2025-01-01T01:10:20.7320390Z</when>
        <gx:coord>12.052689 51.548946 711.264</gx:coord>
        <when>2025-01-01T01:10:22.1170390Z</when>
        <gx:coord>12.052517 51.548195 702.12</gx:coord>
        <when>2025-01-01T01:10:23.1240390Z</when>
        <gx:coord>12.052517 51.548195 702.12</gx:coord>
        <when>2025-01-01T01:10:23.2080390Z</when>
        <gx:coord>12.052496 51.54781 702.12</gx:coord>
        <when>2025-01-01T01:10:25.7320390Z</when>
        <gx:coord>12.052603 51.547035 692.97595</gx:coord>
        <when>2025-01-01T01:10:26.1240390Z</when>
        <gx:coord>12.052603 51.547035 692.97595</gx:coord>
        <when>2025-01-01T01:10:30.1170390Z</when>
        <gx:coord>12.053204 51.54549 673.164</gx:coord>
        <when>2025-01-01T01:10:30.1180390Z</when>
        <gx:coord>12.053396 51.545105 667.068</gx:coord>
        <when>2025-01-01T01:10:30.7320390Z</when>
        <gx:coord>12.053396 51.545105 667.068</gx:coord>
        <when>2025-01-01T01:10:35.7320390Z</when>
        <gx:coord>12.054319 51.543175 648.77997</gx:coord>
        <when>2025-01-01T01:10:40.1210390Z</when>
        <gx:coord>12.055178 51.541286 636.58795</gx:coord>
        <when>2025-01-01T01:10:40.7320390Z</when>
        <gx:coord>12.055178 51.541286 636.58795</gx:coord>
        <when>2025-01-01T01:10:45.7320390Z</when>
        <gx:coord>12.05595 51.539463 619.824</gx:coord>
        <when>2025-01-01T01:10:50.7330390Z</when>
        <gx:coord>12.056723 51.53766 612.204</gx:coord>
        <when>2025-01-01T01:10:52.1200390Z</when>
        <gx:coord>12.057045 51.536972 606.108</gx:coord>
        <when>2025-01-01T01:10:55.7330390Z</when>
        <gx:coord>12.057581 51.5359 601.536</gx:coord>
        <when>2025-01-01T01:10:56.1270390Z</when>
        <gx:coord>12.057774 51.535534 601.536</gx:coord>
        <when>2025-01-01T01:10:58.1250390Z</when>
        <gx:coord>12.057989 51.53517 601.536</gx:coord>
        <when>2025-01-01T01:11:00.7320390Z</when>
        <gx:coord>12.05874 51.53416 589.344</gx:coord>
        <when>2025-01-01T01:11:02.1250390Z</when>
        <gx:coord>12.059061 51.533817 583.248</gx:coord>
        <when>2025-01-01T01:11:03.1280390Z</when>
        <gx:coord>12.059792 51.533195 571.05597</gx:coord>
        <when>2025-01-01T01:11:05.1340390Z</when>
        <gx:coord>12.060199 51.532894 566.484</gx:coord>
        <when>2025-01-01T01:11:05.7330390Z</when>
        <gx:coord>12.06065 51.532616 561.912</gx:coord>
        <when>2025-01-01T01:11:08.1200390Z</when>
        <gx:coord>12.061636 51.5321 552.768</gx:coord>
        <when>2025-01-01T01:11:10.7330390Z</when>
        <gx:coord>12.063289 51.5315 540.576</gx:coord>
        <when>2025-01-01T01:11:11.1280390Z</when>
        <gx:coord>12.063289 51.5315 540.576</gx:coord>
        <when>2025-01-01T01:11:11.1280390Z</when>
        <gx:coord>12.063868 51.53135 537.52795</gx:coord>
        <when>2025-01-01T01:11:14.1200390Z</when>
        <gx:coord>12.065069 51.53116 529.90796</gx:coord>
        <when>2025-01-01T01:11:15.7330390Z</when>
        <gx:coord>12.066315 51.53105 525.336</gx:coord>
        <when>2025-01-01T01:11:17.1150390Z</when>
        <gx:coord>12.0669155 51.53105 522.28796</gx:coord>
        <when>2025-01-01T01:11:20.7320390Z</when>
        <gx:coord>12.069319 51.531223 508.572</gx:coord>
        <when>2025-01-01T01:11:21.1140390Z</when>
        <gx:coord>12.069319 51.531223 508.572</gx:coord>
        <when>2025-01-01T01:11:21.1140390Z</when>
        <gx:coord>12.069876 51.53135 505.52402</gx:coord>
        <when>2025-01-01T01:11:24.1280390Z</when>
        <gx:coord>12.070971 51.53163 496.38</gx:coord>
        <when>2025-01-01T01:11:25.7330390Z</when>
        <gx:coord>12.071958 51.531994 485.71198</gx:coord>
        <when>2025-01-01T01:11:27.1230390Z</when>
        <gx:coord>12.072902 51.532425 475.044</gx:coord>
        <when>2025-01-01T01:11:30.7330390Z</when>
        <gx:coord>12.074318 51.53311 461.328</gx:coord>
        <when>2025-01-01T01:11:31.0980390Z</when>
        <gx:coord>12.074318 51.53311 461.328</gx:coord>
        <when>2025-01-01T01:11:34.1200390Z</when>
        <gx:coord>12.075648 51.533817 453.708</gx:coord>
        <when>2025-01-01T01:11:35.7330390Z</when>
        <gx:coord>12.076464 51.534313 446.088</gx:coord>
        <when>2025-01-01T01:11:36.1240390Z</when>
        <gx:coord>12.076872 51.534546 443.03998</gx:coord>
        <when>2025-01-01T01:11:40.7330390Z</when>
        <gx:coord>12.078567 51.535492 424.752</gx:coord>
        <when>2025-01-01T01:11:43.1340390Z</when>
        <gx:coord>12.079339 51.535984 417.13202</gx:coord>
        <when>2025-01-01T01:11:44.1200390Z</when>
        <gx:coord>12.080004 51.5365 411.036</gx:coord>
        <when>2025-01-01T01:11:45.7330390Z</when>
        <gx:coord>12.080261 51.53678 406.46402</gx:coord>
        <when>2025-01-01T01:11:46.1160390Z</when>
        <gx:coord>12.080261 51.53678 406.46402</gx:coord>
        <when>2025-01-01T01:11:48.1050390Z</when>
        <gx:coord>12.0806265 51.53738 401.89197</gx:coord>
        <when>2025-01-01T01:11:49.1220390Z</when>
        <gx:coord>12.080755 51.53768 398.84402</gx:coord>
        <when>2025-01-01T01:11:50.7330390Z</when>
        <gx:coord>12.08097 51.53826 391.224</gx:coord>
        <when>2025-01-01T01:11:54.1230390Z</when>
        <gx:coord>12.08112 51.53914 382.08002</gx:coord>
        <when>2025-01-01T01:11:54.1230390Z</when>
        <gx:coord>12.081099 51.539417 380.55597</gx:coord>
        <when>2025-01-01T01:11:55.7330390Z</when>
        <gx:coord>12.081078 51.539696 377.50803</gx:coord>
        <when>2025-01-01T01:11:56.1220390Z</when>
        <gx:coord>12.081078 51.539696 377.50803</gx:coord>
        <when>2025-01-01T01:11:58.1050390Z</when>
        <gx:coord>12.08097 51.540215 374.46002</gx:coord>
        <when>2025-01-01T01:12:00.7330390Z</when>
        <gx:coord>12.080648 51.5409 365.31598</gx:coord>
        <when>2025-01-01T01:12:03.1470390Z</when>
        <gx:coord>12.080369 51.54133 356.17203</gx:coord>
        <when>2025-01-01T01:12:04.1160390Z</when>
        <gx:coord>12.080026 51.541756 345.50397</gx:coord>
        <when>2025-01-01T01:12:05.7330390Z</when>
        <gx:coord>12.079832 51.541973 339.40802</gx:coord>
        <when>2025-01-01T01:12:09.0990390Z</when>
        <gx:coord>12.079189 51.542595 328.74002</gx:coord>
        <when>2025-01-01T01:12:10.7340390Z</when>
        <gx:coord>12.078716 51.54298 322.64398</gx:coord>
        <when>2025-01-01T01:12:13.1250390Z</when>
        <gx:coord>12.077944 51.543495 315.024</gx:coord>
        <when>2025-01-01T01:12:15.1230390Z</when>
        <gx:coord>12.077665 51.543648 310.45203</gx:coord>
        <when>2025-01-01T01:12:15.7340390Z</when>
        <gx:coord>12.077408 51.543797 305.88</gx:coord>
        <when>2025-01-01T01:12:20.0980390Z</when>
        <gx:coord>12.076014 51.544548 281.49597</gx:coord>
        <when>2025-01-01T01:12:20.7340390Z</when>
        <gx:coord>12.076014 51.544548 281.49597</gx:coord>
        <when>2025-01-01T01:12:25.3060390Z</when>
        <gx:coord>12.0745325 51.54521 264.732</gx:coord>
        <when>2025-01-01T01:12:25.7340390Z</when>
        <gx:coord>12.0745325 51.54521 261.68402</gx:coord>
        <when>2025-01-01T01:12:28.1280390Z</when>
        <gx:coord>12.073652 51.54562 247.96802</gx:coord>
        <when>2025-01-01T01:12:30.7340390Z</when>
        <gx:coord>12.07303 51.5459 237.30002</gx:coord>
        <when>2025-01-01T01:12:35.7340390Z</when>
        <gx:coord>12.071465 51.546562 219.01201</gx:coord>
        <when>2025-01-01T01:12:36.1230390Z</when>
        <gx:coord>12.071142 51.54669 215.964</gx:coord>
        <when>2025-01-01T01:12:40.7340390Z</when>
        <gx:coord>12.069876 51.54727 203.77202</gx:coord>
        <when>2025-01-01T01:12:45.1200390Z</when>
        <gx:coord>12.068203 51.54796 185.484</gx:coord>
        <when>2025-01-01T01:12:45.7340390Z</when>
        <gx:coord>12.068203 51.54796 185.484</gx:coord>
        <when>2025-01-01T01:12:48.1200390Z</when>
        <gx:coord>12.067516 51.548237 177.86401</gx:coord>
        <when>2025-01-01T01:12:50.7340390Z</when>
        <gx:coord>12.0664215 51.548645 168.72002</gx:coord>
        <when>2025-01-01T01:12:53.2280390Z</when>
        <gx:coord>12.065649 51.548904 164.148</gx:coord>
        <when>2025-01-01T01:12:55.7340390Z</when>
        <gx:coord>12.064533 51.549267 155.004</gx:coord>
        <when>2025-01-01T01:12:56.1390390Z</when>
        <gx:coord>12.064169 51.549374 151.956</gx:coord>
        <when>2025-01-01T01:13:00.7340390Z</when>
        <gx:coord>12.062752 51.549805 139.76399</gx:coord>
        <when>2025-01-01T01:13:04.1230390Z</when>
        <gx:coord>12.0613365 51.550255 118.428</gx:coord>
        <when>2025-01-01T01:13:05.7340390Z</when>
        <gx:coord>12.060993 51.55036 115.38001</gx:coord>
        <when>2025-01-01T01:13:10.1370390Z</when>
        <gx:coord>12.059598 51.550747 113.856</gx:coord>
        <when>2025-01-01T01:13:10.7340390Z</when>
        <gx:coord>12.059277 51.55081 113.856</gx:coord>
        <when>2025-01-01T01:13:15.7340390Z</when>
        <gx:coord>12.057838 51.551243 113.856</gx:coord>
        <when>2025-01-01T01:13:20.7350390Z</when>
        <gx:coord>12.056208 51.551693 113.856</gx:coord>
        <when>2025-01-01T01:13:23.1440390Z</when>
        <gx:coord>12.055478 51.551907 115.38001</gx:coord>
        <when>2025-01-01T01:13:24.1180390Z</when>
        <gx:coord>12.055092 51.552013 116.90401</gx:coord>
        <when>2025-01-01T01:13:24.1220390Z</when>
        <gx:coord>12.054706 51.55212 116.90401</gx:coord>
        <when>2025-01-01T01:13:25.7340390Z</when>
        <gx:coord>12.054298 51.55223 116.90401</gx:coord>
        <when>2025-01-01T01:13:30.7340390Z</when>
        <gx:coord>12.052174 51.552807 121.476</gx:coord>
        <when>2025-01-01T01:13:35.7350390Z</when>
        <gx:coord>12.049942 51.55343 133.668</gx:coord>
        <when>2025-01-01T01:13:40.1200390Z</when>
        <gx:coord>12.047689 51.55403 150.43199</gx:coord>
        <when>2025-01-01T01:13:40.7350390Z</when>
        <gx:coord>12.047689 51.55403 150.43199</gx:coord>
        <when>2025-01-01T01:13:45.7350390Z</when>
        <gx:coord>12.045544 51.554634 170.244</gx:coord>
        <when>2025-01-01T01:13:49.1310390Z</when>
        <gx:coord>12.043913 51.555126 180.91202</gx:coord>
        <when>2025-01-01T01:13:50.7350390Z</when>
        <gx:coord>12.043526 51.555256 185.484</gx:coord>
        <when>2025-01-01T01:13:55.7350390Z</when>
        <gx:coord>12.041531 51.555813 197.676</gx:coord>
        <when>2025-01-01T01:14:00.1220390Z</when>
        <gx:coord>12.0395565 51.55637 211.39201</gx:coord>
        <when>2025-01-01T01:14:00.7350390Z</when>
        <gx:coord>12.0395565 51.55637 211.39201</gx:coord>
        <when>2025-01-01T01:14:05.7350390Z</when>
        <gx:coord>12.037603 51.556927 226.632</gx:coord>
        <when>2025-01-01T01:14:10.7350390Z</when>
        <gx:coord>12.035737 51.55755 240.348</gx:coord>
        <when>2025-01-01T01:14:11.1340390Z</when>
        <gx:coord>12.035372 51.55768 243.39601</gx:coord>
        <when>2025-01-01T01:14:15.7350390Z</when>
        <gx:coord>12.033892 51.55815 255.58801</gx:coord>
        <when>2025-01-01T01:14:19.1210390Z</when>
        <gx:coord>12.032711 51.558453 258.636</gx:coord>
        <when>2025-01-01T01:14:20.7350390Z</when>
        <gx:coord>12.031897 51.558624 261.68402</gx:coord>
        <when>2025-01-01T01:14:24.1250390Z</when>
        <gx:coord>12.030201 51.558987 266.25598</gx:coord>
        <when>2025-01-01T01:14:25.7360390Z</when>
        <gx:coord>12.029772 51.559097 269.30402</gx:coord>
        <when>2025-01-01T01:14:28.1270390Z</when>
        <gx:coord>12.028505 51.559376 275.40002</gx:coord>
        <when>2025-01-01T01:14:30.7360390Z</when>
        <gx:coord>12.027669 51.559566 279.972</gx:coord>
        <when>2025-01-01T01:14:35.7360390Z</when>
        <gx:coord>12.025566 51.559998 292.164</gx:coord>
        <when>2025-01-01T01:14:40.7360390Z</when>
        <gx:coord>12.023463 51.560425 305.88</gx:coord>
        <when>2025-01-01T01:14:41.1250390Z</when>
        <gx:coord>12.023034 51.56053 308.92798</gx:coord>
        <when>2025-01-01T01:14:45.7350390Z</when>
        <gx:coord>12.02136 51.56092 321.12003</gx:coord>
        <when>2025-01-01T01:14:50.7360390Z</when>
        <gx:coord>12.019236 51.561436 337.88397</gx:coord>
        <when>2025-01-01T01:14:51.1230390Z</when>
        <gx:coord>12.018806 51.561543 343.97998</gx:coord>
        <when>2025-01-01T01:14:55.1280390Z</when>
        <gx:coord>12.017498 51.561756 359.21997</gx:coord>
        <when>2025-01-01T01:14:55.7350390Z</when>
        <gx:coord>12.017069 51.56178 365.31598</gx:coord>
        <when>2025-01-01T01:14:57.1490390Z</when>
        <gx:coord>12.016597 51.561756 368.364</gx:coord>
        <when>2025-01-01T01:14:59.1470390Z</when>
        <gx:coord>12.015675 51.561626 371.41202</gx:coord>
        <when>2025-01-01T01:15:00.7360390Z</when>
        <gx:coord>12.014772 51.56139 372.93597</gx:coord>
        <when>2025-01-01T01:15:01.1070390Z</when>
        <gx:coord>12.014772 51.56139 372.93597</gx:coord>
        <when>2025-01-01T01:15:02.1300390Z</when>
        <gx:coord>12.014322 51.56124 372.93597</gx:coord>
        <when>2025-01-01T01:15:02.1300390Z</when>
        <gx:coord>12.013893 51.561047 374.46002</gx:coord>
        <when>2025-01-01T01:15:05.1160390Z</when>
        <gx:coord>12.013056 51.56062 375.984</gx:coord>
        <when>2025-01-01T01:15:05.7360390Z</when>
        <gx:coord>12.0126705 51.56036 379.03198</gx:coord>
        <when>2025-01-01T01:15:07.1230390Z</when>
        <gx:coord>12.012283 51.560104 380.55597</gx:coord>
        <when>2025-01-01T01:15:09.6690390Z</when>
        <gx:coord>12.011533 51.5595 380.55597</gx:coord>
        <when>2025-01-01T01:15:10.7360390Z</when>
        <gx:coord>12.010868 51.558838 380.55597</gx:coord>
        <when>2025-01-01T01:15:12.1320390Z</when>
        <gx:coord>12.010567 51.558495 380.55597</gx:coord>
        <when>2025-01-01T01:15:13.1200390Z</when>
        <gx:coord>12.010309 51.55811 380.55597</gx:coord>
        <when>2025-01-01T01:15:15.7360390Z</when>
        <gx:coord>12.009623 51.556885 382.08002</gx:coord>
        <when>2025-01-01T01:15:20.7360390Z</when>
        <gx:coord>12.008486 51.554802 382.08002</gx:coord>
        <when>2025-01-01T01:15:25.7360390Z</when>
        <gx:coord>12.00737 51.55268 383.604</gx:coord>
        <when>2025-01-01T01:15:29.1370390Z</when>
        <gx:coord>12.006812 51.55139 392.748</gx:coord>
        <when>2025-01-01T01:15:29.1400390Z</when>
        <gx:coord>12.006726 51.550964 392.748</gx:coord>
        <when>2025-01-01T01:15:30.7370390Z</when>
        <gx:coord>12.006683 51.550514 398.84402</gx:coord>
        <when>2025-01-01T01:15:32.1400390Z</when>
        <gx:coord>12.006726 51.55006 401.89197</gx:coord>
        <when>2025-01-01T01:15:35.1340390Z</when>
        <gx:coord>12.007177 51.54875 403.41602</gx:coord>
        <when>2025-01-01T01:15:35.7370390Z</when>
        <gx:coord>12.007435 51.548325 403.41602</gx:coord>
        <when>2025-01-01T01:15:37.1380390Z</when>
        <gx:coord>12.007734 51.547916 398.84402</gx:coord>
        <when>2025-01-01T01:15:37.5180390Z</when>
        <gx:coord>12.007734 51.547916 398.84402</gx:coord>
        <when>2025-01-01T01:15:38.1210390Z</when>
        <gx:coord>12.0081 51.547485 395.79602</gx:coord>
        <when>2025-01-01T01:15:40.7370390Z</when>
        <gx:coord>12.009516 51.54635 389.7</gx:coord>
        <when>2025-01-01T01:15:42.1200390Z</when>
        <gx:coord>12.010052 51.546005 388.17606</gx:coord>
        <when>2025-01-01T01:15:45.7360390Z</when>
        <gx:coord>12.012477 51.54474 386.65198</gx:coord>
        <when>2025-01-01T01:15:47.1200390Z</when>
        <gx:coord>12.013142 51.54446 386.65198</gx:coord>
        <when>2025-01-01T01:15:50.2320390Z</when>
        <gx:coord>12.015202 51.54371 388.17606</gx:coord>
        <when>2025-01-01T01:15:50.7360390Z</when>
        <gx:coord>12.01591 51.543472 388.17606</gx:coord>
        <when>2025-01-01T01:15:55.7370390Z</when>
        <gx:coord>12.019558 51.542423 388.17606</gx:coord>
        <when>2025-01-01T01:16:00.7370390Z</when>
        <gx:coord>12.023249 51.541393 385.12802</gx:coord>
        <when>2025-01-01T01:16:02.1200390Z</when>
        <gx:coord>12.024 51.54118 383.604</gx:coord>
        <when>2025-01-01T01:16:05.7370390Z</when>
        <gx:coord>12.026982 51.54034 383.604</gx:coord>
        <when>2025-01-01T01:16:06.1270390Z</when>
        <gx:coord>12.027712 51.540127 383.604</gx:coord>
        <when>2025-01-01T01:16:10.7370390Z</when>
        <gx:coord>12.030651 51.53927 379.03198</gx:coord>
        <when>2025-01-01T01:16:15.7370390Z</when>
        <gx:coord>12.034321 51.538197 380.55597</gx:coord>
        <when>2025-01-01T01:16:20.7370390Z</when>
        <gx:coord>12.037991 51.537125 375.984</gx:coord>
        <when>2025-01-01T01:16:23.3620390Z</when>
        <gx:coord>12.0402 51.536457 374.46002</gx:coord>
        <when>2025-01-01T01:16:25.7370390Z</when>
        <gx:coord>12.041637 51.53603 375.984</gx:coord>
        <when>2025-01-01T01:16:30.7380390Z</when>
        <gx:coord>12.045264 51.534977 375.984</gx:coord>
        <when>2025-01-01T01:16:35.7380390Z</when>
        <gx:coord>12.048783 51.533905 382.08002</gx:coord>
        <when>2025-01-01T01:16:37.1170390Z</when>
        <gx:coord>12.04947 51.53371 383.604</gx:coord>
        <when>2025-01-01T01:16:40.1120390Z</when>
        <gx:coord>12.052067 51.53294 391.224</gx:coord>
        <when>2025-01-01T01:16:40.7380390Z</when>
        <gx:coord>12.052067 51.53294 391.224</gx:coord>
        <when>2025-01-01T01:16:45.1220390Z</when>
        <gx:coord>12.054534 51.532207 389.7</gx:coord>
        <when>2025-01-01T01:16:45.7380390Z</when>
        <gx:coord>12.055135 51.532036 386.65198</gx:coord>
        <when>2025-01-01T01:16:50.7380390Z</when>
        <gx:coord>12.058117 51.531113 377.50803</gx:coord>
        <when>2025-01-01T01:16:55.7380390Z</when>
        <gx:coord>12.061035 51.530193 366.84006</gx:coord>
        <when>2025-01-01T01:17:00.7380390Z</when>
        <gx:coord>12.063953 51.52927 359.21997</gx:coord>
        <when>2025-01-01T01:17:05.7380390Z</when>
        <gx:coord>12.06683 51.528347 348.552</gx:coord>
        <when>2025-01-01T01:17:07.1210390Z</when>
        <gx:coord>12.067987 51.528004 343.97998</gx:coord>
        <when>2025-01-01T01:17:10.7380390Z</when>
        <gx:coord>12.069726 51.52751 334.836</gx:coord>
        <when>2025-01-01T01:17:11.1230390Z</when>
        <gx:coord>12.069726 51.52751 334.836</gx:coord>
        <when>2025-01-01T01:17:14.1200390Z</when>
        <gx:coord>12.071528 51.527187 325.69202</gx:coord>
        <when>2025-01-01T01:17:15.7380390Z</when>
        <gx:coord>12.07273 51.527145 318.07202</gx:coord>
        <when>2025-01-01T01:17:17.1000390Z</when>
        <gx:coord>12.073331 51.52717 315.024</gx:coord>
        <when>2025-01-01T01:17:17.1010390Z</when>
        <gx:coord>12.073932 51.52723 310.45203</gx:coord>
        <when>2025-01-01T01:17:19.1000390Z</when>
        <gx:coord>12.074511 51.527336 307.404</gx:coord>
        <when>2025-01-01T01:17:19.1010390Z</when>
        <gx:coord>12.074511 51.527336 307.404</gx:coord>
        <when>2025-01-01T01:17:20.7380390Z</when>
        <gx:coord>12.075605 51.52762 301.30798</gx:coord>
        <when>2025-01-01T01:17:22.1290390Z</when>
        <gx:coord>12.076099 51.52781 296.73602</gx:coord>
        <when>2025-01-01T01:17:25.1220390Z</when>
        <gx:coord>12.077408 51.52852 290.64</gx:coord>
        <when>2025-01-01T01:17:25.7380390Z</when>
        <gx:coord>12.077751 51.528774 289.11603</gx:coord>
        <when>2025-01-01T01:17:26.1290390Z</when>
        <gx:coord>12.0780735 51.529053 289.11603</gx:coord>
        <when>2025-01-01T01:17:28.1230390Z</when>
        <gx:coord>12.078695 51.529633 278.448</gx:coord>
        <when>2025-01-01T01:17:30.7390390Z</when>
        <gx:coord>12.079296 51.530235 275.40002</gx:coord>
        <when>2025-01-01T01:17:35.7390390Z</when>
        <gx:coord>12.080755 51.531693 275.40002</gx:coord>
        <when>2025-01-01T01:17:40.7390390Z</when>
        <gx:coord>12.082257 51.53311 266.25598</gx:coord>
        <when>2025-01-01T01:17:45.7390390Z</when>
        <gx:coord>12.083824 51.534546 266.25598</gx:coord>
        <when>2025-01-01T01:17:50.7390390Z</when>
        <gx:coord>12.08539 51.53592 260.15997</gx:coord>
        <when>2025-01-01T01:17:55.1070390Z</when>
        <gx:coord>12.086571 51.537037 257.112</gx:coord>
        <when>2025-01-01T01:17:55.1070390Z</when>
        <gx:coord>12.086571 51.537037 257.112</gx:coord>
        <when>2025-01-01T01:17:55.7390390Z</when>
        <gx:coord>12.086784 51.53734 255.58801</gx:coord>
        <when>2025-01-01T01:17:57.1230390Z</when>
        <gx:coord>12.086956 51.537636 254.06401</gx:coord>
        <when>2025-01-01T01:17:59.1260390Z</when>
        <gx:coord>12.087128 51.53824 251.016</gx:coord>
        <when>2025-01-01T01:17:59.1260390Z</when>
        <gx:coord>12.08715 51.53854 247.96802</gx:coord>
        <when>2025-01-01T01:18:00.1210390Z</when>
        <gx:coord>12.08715 51.53854 247.96802</gx:coord>
        <when>2025-01-01T01:18:00.7390390Z</when>
        <gx:coord>12.087107 51.53884 247.96802</gx:coord>
        <when>2025-01-01T01:18:05.1250390Z</when>
        <gx:coord>12.08672 51.539978 235.77599</gx:coord>
        <when>2025-01-01T01:18:05.7390390Z</when>
        <gx:coord>12.086571 51.540257 232.72801</gx:coord>
        <when>2025-01-01T01:18:09.1230390Z</when>
        <gx:coord>12.085991 51.54105 228.15599</gx:coord>
        <when>2025-01-01T01:18:10.7390390Z</when>
        <gx:coord>12.085497 51.541565 223.58401</gx:coord>
        <when>2025-01-01T01:18:11.3590390Z</when>
        <gx:coord>12.085197 51.54182 223.58401</gx:coord>
        <when>2025-01-01T01:18:13.1130390Z</when>
        <gx:coord>12.084597 51.542294 217.48799</gx:coord>
        <when>2025-01-01T01:18:14.1360390Z</when>
        <gx:coord>12.084597 51.542294 217.48799</gx:coord>
        <when>2025-01-01T01:18:15.7390390Z</when>
        <gx:coord>12.08391 51.542744 215.964</gx:coord>
        <when>2025-01-01T01:18:20.7390390Z</when>
        <gx:coord>12.082086 51.54371 196.152</gx:coord>
        <when>2025-01-01T01:18:21.1250390Z</when>
        <gx:coord>12.082086 51.54371 196.152</gx:coord>
        <when>2025-01-01T01:18:25.7400390Z</when>
        <gx:coord>12.080133 51.544525 193.104</gx:coord>
        <when>2025-01-01T01:18:26.1420390Z</when>
        <gx:coord>12.080133 51.544525 193.104</gx:coord>
        <when>2025-01-01T01:18:29.1040390Z</when>
        <gx:coord>12.078652 51.545082 187.008</gx:coord>
        <when>2025-01-01T01:18:30.7400390Z</when>
        <gx:coord>12.078266 51.545235 185.484</gx:coord>
        <when>2025-01-01T01:18:34.1360390Z</when>
        <gx:coord>12.07715 51.545597 176.34</gx:coord>
        <when>2025-01-01T01:18:34.1390390Z</when>
        <gx:coord>12.076742 51.545708 176.34</gx:coord>
        <when>2025-01-01T01:18:35.7400390Z</when>
        <gx:coord>12.076357 51.545834 171.768</gx:coord>
        <when>2025-01-01T01:18:40.7400390Z</when>
        <gx:coord>12.074361 51.546394 164.148</gx:coord>
        <when>2025-01-01T01:18:45.7400390Z</when>
        <gx:coord>12.072365 51.546993 156.52802</gx:coord>
        <when>2025-01-01T01:18:46.1250390Z</when>
        <gx:coord>12.071958 51.5471 153.48</gx:coord>
        <when>2025-01-01T01:18:50.7400390Z</when>
        <gx:coord>12.070349 51.547592 148.908</gx:coord>
        <when>2025-01-01T01:18:55.7400390Z</when>
        <gx:coord>12.068331 51.548237 139.76399</gx:coord>
        <when>2025-01-01T01:19:00.7400390Z</when>
        <gx:coord>12.066229 51.548817 133.668</gx:coord>
        <when>2025-01-01T01:19:03.4440390Z</when>
        <gx:coord>12.065371 51.549053 132.144</gx:coord>
        <when>2025-01-01T01:19:05.7400390Z</when>
        <gx:coord>12.064125 51.54942 129.096</gx:coord>
        <when>2025-01-01T01:19:09.1250390Z</when>
        <gx:coord>12.062494 51.54991 123</gx:coord>
        <when>2025-01-01T01:19:10.7400390Z</when>
        <gx:coord>12.062109 51.55002 121.476</gx:coord>
        <when>2025-01-01T01:19:15.7400390Z</when>
        <gx:coord>12.060177 51.550575 113.856</gx:coord>
        <when>2025-01-01T01:19:19.1160390Z</when>
        <gx:coord>12.059105 51.550877 113.856</gx:coord>
        <when>2025-01-01T01:19:20.7400390Z</when>
        <gx:coord>12.058439 51.55107 113.856</gx:coord>
        <when>2025-01-01T01:19:25.7410390Z</when>
        <gx:coord>12.056744 51.551544 113.856</gx:coord>
        <when>2025-01-01T01:19:30.1400390Z</when>
        <gx:coord>12.055178 51.551994 116.90401</gx:coord>
        <when>2025-01-01T01:19:30.1410390Z</when>
        <gx:coord>12.055178 51.551994 116.90401</gx:coord>
        <when>2025-01-01T01:19:30.7410390Z</when>
        <gx:coord>12.0547695 51.5521 118.428</gx:coord>
        <when>2025-01-01T01:19:35.7410390Z</when>
        <gx:coord>12.052646 51.55268 127.572014</gx:coord>
        <when>2025-01-01T01:19:36.1270390Z</when>
        <gx:coord>12.052238 51.552788 127.572014</gx:coord>
        <when>2025-01-01T01:19:40.7400390Z</when>
        <gx:coord>12.050564 51.553215 144.336</gx:coord>
        <when>2025-01-01T01:19:43.1120390Z</when>
        <gx:coord>12.049341 51.55356 155.004</gx:coord>
        <when>2025-01-01T01:19:45.7410390Z</when>
        <gx:coord>12.048548 51.553772 159.576</gx:coord>
        <when>2025-01-01T01:19:50.7410390Z</when>
        <gx:coord>12.046595 51.55435 174.816</gx:coord>
        <when>2025-01-01T01:19:54.1280390Z</when>
        <gx:coord>12.045071 51.554825 190.05602</gx:coord>
        <when>2025-01-01T01:19:55.7410390Z</when>
        <gx:coord>12.044685 51.55493 193.104</gx:coord>
        <when>2025-01-01T01:20:00.7410390Z</when>
        <gx:coord>12.042775 51.55547 202.24802</gx:coord>
        <when>2025-01-01T01:20:05.7410390Z</when>
        <gx:coord>12.040801 51.556007 212.91602</gx:coord>
        <when>2025-01-01T01:20:10.7420390Z</when>
        <gx:coord>12.038827 51.55652 206.81999</gx:coord>
        <when>2025-01-01T01:20:15.7420390Z</when>
        <gx:coord>12.036875 51.55708 206.81999</gx:coord>
        <when>2025-01-01T01:20:20.7420390Z</when>
        <gx:coord>12.034857 51.557636 212.91602</gx:coord>
        <when>2025-01-01T01:20:23.1180390Z</when>
        <gx:coord>12.033655 51.557957 223.58401</gx:coord>
        <when>2025-01-01T01:20:25.7420390Z</when>
        <gx:coord>12.032862 51.558174 229.68001</gx:coord>
        <when>2025-01-01T01:20:30.7420390Z</when>
        <gx:coord>12.030973 51.558754 246.444</gx:coord>
        <when>2025-01-01T01:20:35.1230390Z</when>
        <gx:coord>12.02902 51.559376 254.06401</gx:coord>
        <when>2025-01-01T01:20:35.7420390Z</when>
        <gx:coord>12.02902 51.559376 254.06401</gx:coord>
        <when>2025-01-01T01:20:38.1410390Z</when>
        <gx:coord>12.027841 51.55976 258.636</gx:coord>
        <when>2025-01-01T01:20:40.7420390Z</when>
        <gx:coord>12.027068 51.560017 267.77997</gx:coord>
        <when>2025-01-01T01:20:45.7420390Z</when>
        <gx:coord>12.025158 51.56064 279.972</gx:coord>
        <when>2025-01-01T01:20:46.1420390Z</when>
        <gx:coord>12.024794 51.56077 284.544</gx:coord>
        <when>2025-01-01T01:20:50.7420390Z</when>
        <gx:coord>12.0233345 51.561283 296.73602</gx:coord>
        <when>2025-01-01T01:20:55.7410390Z</when>
        <gx:coord>12.021532 51.561886 313.5</gx:coord>
        <when>2025-01-01T01:20:56.1070390Z</when>
        <gx:coord>12.021168 51.561993 316.54797</gx:coord>
        <when>2025-01-01T01:20:59.1160390Z</when>
        <gx:coord>12.020416 51.56214 325.69202</gx:coord>
        <when>2025-01-01T01:21:00.7420390Z</when>
        <gx:coord>12.019644 51.562206 333.312</gx:coord>
        <when>2025-01-01T01:21:01.1230390Z</when>
        <gx:coord>12.019644 51.562206 333.312</gx:coord>
        <when>2025-01-01T01:21:04.1240390Z</when>
        <gx:coord>12.018421 51.5621 336.36</gx:coord>
        <when>2025-01-01T01:21:05.7420390Z</when>
        <gx:coord>12.017563 51.56195 336.36</gx:coord>
        <when>2025-01-01T01:21:07.1270390Z</when>
        <gx:coord>12.017134 51.56182 337.88397</gx:coord>
        <when>2025-01-01T01:21:10.7430390Z</when>
        <gx:coord>12.015438 51.561176 337.88397</gx:coord>
        <when>2025-01-01T01:21:11.1080390Z</when>
        <gx:coord>12.015438 51.561176 337.88397</gx:coord>
        <when>2025-01-01T01:21:12.1290390Z</when>
        <gx:coord>12.01503 51.560963 339.40802</gx:coord>
        <when>2025-01-01T01:21:14.1210390Z</when>
        <gx:coord>12.014322 51.56047 343.97998</gx:coord>
        <when>2025-01-01T01:21:15.7420390Z</when>
        <gx:coord>12.013721 51.55989 345.50397</gx:coord>
        <when>2025-01-01T01:21:16.1200390Z</when>
        <gx:coord>12.013485 51.559566 347.028</gx:coord>
        <when>2025-01-01T01:21:17.1420390Z</when>
        <gx:coord>12.013485 51.559566 347.028</gx:coord>
        <when>2025-01-01T01:21:19.1240390Z</when>
        <gx:coord>12.013035 51.558903 347.028</gx:coord>
        <when>2025-01-01T01:21:20.7430390Z</when>
        <gx:coord>12.012606 51.558193 350.07602</gx:coord>
        <when>2025-01-01T01:21:25.7430390Z</when>
        <gx:coord>12.011404 51.556477 366.84006</gx:coord>
        <when>2025-01-01T01:21:30.7430390Z</when>
        <gx:coord>12.010031 51.55474 372.93597</gx:coord>
        <when>2025-01-01T01:21:35.7430390Z</when>
        <gx:coord>12.008722 51.552917 369.888</gx:coord>
        <when>2025-01-01T01:21:40.7430390Z</when>
        <gx:coord>12.007477 51.551006 363.79202</gx:coord>
        <when>2025-01-01T01:21:41.1270390Z</when>
        <gx:coord>12.007477 51.551006 363.79202</gx:coord>
        <when>2025-01-01T01:21:42.1240390Z</when>
        <gx:coord>12.007305 51.5506 363.79202</gx:coord>
        <when>2025-01-01T01:21:45.1050390Z</when>
        <gx:coord>12.007177 51.54933 369.888</gx:coord>
        <when>2025-01-01T01:21:45.1110390Z</when>
        <gx:coord>12.007284 51.548923 369.888</gx:coord>
        <when>2025-01-01T01:21:45.7430390Z</when>
        <gx:coord>12.007284 51.548923 371.41202</gx:coord>
        <when>2025-01-01T01:21:47.1250390Z</when>
        <gx:coord>12.007435 51.548496 374.46002</gx:coord>
        <when>2025-01-01T01:21:48.1240390Z</when>
        <gx:coord>12.007906 51.547703 377.50803</gx:coord>
        <when>2025-01-01T01:21:50.5110390Z</when>
        <gx:coord>12.008228 51.547314 379.03198</gx:coord>
        <when>2025-01-01T01:21:50.5110390Z</when>
        <gx:coord>12.008228 51.547314 379.03198</gx:coord>
        <when>2025-01-01T01:21:50.7430390Z</when>
        <gx:coord>12.008593 51.54695 380.55597</gx:coord>
        <when>2025-01-01T01:21:54.1400390Z</when>
        <gx:coord>12.009945 51.54594 379.03198</gx:coord>
        <when>2025-01-01T01:21:55.7430390Z</when>
        <gx:coord>12.010975 51.54534 375.984</gx:coord>
        <when>2025-01-01T01:21:59.0980390Z</when>
        <gx:coord>12.0126915 51.544548 372.93597</gx:coord>
        <when>2025-01-01T01:22:00.7430390Z</when>
        <gx:coord>12.013893 51.544052 372.93597</gx:coord>
        <when>2025-01-01T01:22:05.7440390Z</when>
        <gx:coord>12.017069 51.54294 375.984</gx:coord>
        <when>2025-01-01T01:22:06.2030390Z</when>
        <gx:coord>12.017713 51.542744 375.984</gx:coord>
        <when>2025-01-01T01:22:10.7430390Z</when>
        <gx:coord>12.020266 51.54195 377.50803</gx:coord>
        <when>2025-01-01T01:22:15.7440390Z</when>
        <gx:coord>12.023441 51.540943 385.12802</gx:coord>
        <when>2025-01-01T01:22:20.7440390Z</when>
        <gx:coord>12.026639 51.539955 392.748</gx:coord>
        <when>2025-01-01T01:22:24.1480390Z</when>
        <gx:coord>12.029192 51.539204 394.27197</gx:coord>
        <when>2025-01-01T01:22:25.7440390Z</when>
        <gx:coord>12.029837 51.53901 395.79602</gx:coord>
        <when>2025-01-01T01:22:30.7440390Z</when>
        <gx:coord>12.033098 51.538067 397.32</gx:coord>
        <when>2025-01-01T01:22:35.7440390Z</when>
        <gx:coord>12.036402 51.53706 397.32</gx:coord>
        <when>2025-01-01T01:22:38.1190390Z</when>
        <gx:coord>12.037733 51.53665 397.32</gx:coord>
        <when>2025-01-01T01:22:40.7440390Z</when>
        <gx:coord>12.039771 51.53605 397.32</gx:coord>
        <when>2025-01-01T01:22:42.3290390Z</when>
        <gx:coord>12.041122 51.53564 398.84402</gx:coord>
        <when>2025-01-01T01:22:45.7440390Z</when>
        <gx:coord>12.043161 51.535065 404.94</gx:coord>
        <when>2025-01-01T01:22:48.1190390Z</when>
        <gx:coord>12.045221 51.534504 409.51202</gx:coord>
        <when>2025-01-01T01:22:50.1230390Z</when>
        <gx:coord>12.045908 51.534313 412.56003</gx:coord>
        <when>2025-01-01T01:22:50.7440390Z</when>
        <gx:coord>12.046574 51.53414 412.56003</gx:coord>
        <when>2025-01-01T01:22:55.7440390Z</when>
        <gx:coord>12.049813 51.53326 418.656</gx:coord>
        <when>2025-01-01T01:22:57.1180390Z</when>
        <gx:coord>12.050436 51.53311 421.70398</gx:coord>
        <when>2025-01-01T01:23:00.7440390Z</when>
        <gx:coord>12.052839 51.532486 424.752</gx:coord>
        <when>2025-01-01T01:23:02.1270390Z</when>
        <gx:coord>12.054019 51.532207 424.752</gx:coord>
        <when>2025-01-01T01:23:05.7450390Z</when>
        <gx:coord>12.0557785 51.531822 424.752</gx:coord>
        <when>2025-01-01T01:23:10.7450390Z</when>
        <gx:coord>12.058718 51.5312 424.752</gx:coord>
        <when>2025-01-01T01:23:15.7450390Z</when>
        <gx:coord>12.061615 51.530643 423.22806</gx:coord>
        <when>2025-01-01T01:23:20.7450390Z</when>
        <gx:coord>12.064554 51.530064 415.60797</gx:coord>
        <when>2025-01-01T01:23:25.7440390Z</when>
        <gx:coord>12.067494 51.52946 412.56003</gx:coord>
        <when>2025-01-01T01:23:30.7450390Z</when>
        <gx:coord>12.070477 51.528904 403.41602</gx:coord>
        <when>2025-01-01T01:23:35.1130390Z</when>
        <gx:coord>12.072838 51.52854 397.32</gx:coord>
        <when>2025-01-01T01:23:35.7450390Z</when>
        <gx:coord>12.073439 51.528477 394.27197</gx:coord>
        <when>2025-01-01T01:23:37.1180390Z</when>
        <gx:coord>12.074039 51.52843 392.748</gx:coord>
        <when>2025-01-01T01:23:38.1200390Z</when>
        <gx:coord>12.074618 51.52843 391.224</gx:coord>
        <when>2025-01-01T01:23:40.1210390Z</when>
        <gx:coord>12.075798 51.52854 385.12802</gx:coord>
        <when>2025-01-01T01:23:40.7450390Z</when>
        <gx:coord>12.076335 51.52865 382.08002</gx:coord>
        <when>2025-01-01T01:23:42.1220390Z</when>
        <gx:coord>12.07685 51.528774 380.55597</gx:coord>
        <when>2025-01-01T01:23:42.1220390Z</when>
        <gx:coord>12.077322 51.528946 375.984</gx:coord>
        <when>2025-01-01T01:23:44.1250390Z</when>
        <gx:coord>12.077772 51.529163 372.93597</gx:coord>
        <when>2025-01-01T01:23:45.7450390Z</when>
        <gx:coord>12.078545 51.529613 362.268</gx:coord>
        <when>2025-01-01T01:23:47.1050390Z</when>
        <gx:coord>12.078888 51.52987 357.69598</gx:coord>
        <when>2025-01-01T01:23:48.1020390Z</when>
        <gx:coord>12.079189 51.53013 354.648</gx:coord>
        <when>2025-01-01T01:23:50.1180390Z</when>
        <gx:coord>12.08009 51.530945 343.97998</gx:coord>
        <when>2025-01-01T01:23:50.7450390Z</when>
        <gx:coord>12.08009 51.530945 343.97998</gx:coord>
        <when>2025-01-01T01:23:53.1280390Z</when>
        <gx:coord>12.080927 51.531757 340.932</gx:coord>
        <when>2025-01-01T01:23:55.7450390Z</when>
        <gx:coord>12.081463 51.532295 336.36</gx:coord>
        <when>2025-01-01T01:24:00.7450390Z</when>
        <gx:coord>12.082794 51.533627 325.69202</gx:coord>
        <when>2025-01-01T01:24:05.7460390Z</when>
        <gx:coord>12.084146 51.534847 322.64398</gx:coord>
        <when>2025-01-01T01:24:09.1200390Z</when>
        <gx:coord>12.085154 51.535835 311.976</gx:coord>
        <when>2025-01-01T01:24:10.7460390Z</when>
        <gx:coord>12.085369 51.536095 308.92798</gx:coord>
        <when>2025-01-01T01:24:12.1200390Z</when>
        <gx:coord>12.085583 51.536327 305.88</gx:coord>
        <when>2025-01-01T01:24:12.1210390Z</when>
        <gx:coord>12.085583 51.536327 305.88</gx:coord>
        <when>2025-01-01T01:24:15.1220390Z</when>
        <gx:coord>12.086012 51.537125 296.73602</gx:coord>
        <when>2025-01-01T01:24:15.7460390Z</when>
        <gx:coord>12.086098 51.537403 293.688</gx:coord>
        <when>2025-01-01T01:24:19.1240390Z</when>
        <gx:coord>12.086163 51.53824 286.068</gx:coord>
        <when>2025-01-01T01:24:20.1090390Z</when>
        <gx:coord>12.086098 51.538795 281.49597</gx:coord>
        <when>2025-01-01T01:24:20.7460390Z</when>
        <gx:coord>12.086098 51.538795 281.49597</gx:coord>
        <when>2025-01-01T01:24:25.1240390Z</when>
        <gx:coord>12.085798 51.539913 270.828</gx:coord>
        <when>2025-01-01T01:24:25.7460390Z</when>
        <gx:coord>12.0856905 51.54019 267.77997</gx:coord>
        <when>2025-01-01T01:24:29.1450390Z</when>
        <gx:coord>12.085218 51.540962 263.208</gx:coord>
        <when>2025-01-01T01:24:30.7460390Z</when>
        <gx:coord>12.084832 51.54146 258.636</gx:coord>
        <when>2025-01-01T01:24:33.4510390Z</when>
        <gx:coord>12.0841675 51.542164 254.06401</gx:coord>
        <when>2025-01-01T01:24:34.1330390Z</when>
        <gx:coord>12.0841675 51.542164 252.54</gx:coord>
        <when>2025-01-01T01:24:35.1180390Z</when>
        <gx:coord>12.083631 51.542595 249.49199</gx:coord>
        <when>2025-01-01T01:24:35.7460390Z</when>
        <gx:coord>12.083631 51.542595 249.49199</gx:coord>
        <when>2025-01-01T01:24:39.1430390Z</when>
        <gx:coord>12.082794 51.54313 235.77599</gx:coord>
        <when>2025-01-01T01:24:40.7460390Z</when>
        <gx:coord>12.082214 51.543472 232.72801</gx:coord>
        <when>2025-01-01T01:24:45.7460390Z</when>
        <gx:coord>12.080734 51.544247 220.536</gx:coord>
        <when>2025-01-01T01:24:46.1220390Z</when>
        <gx:coord>12.080412 51.544376 217.48799</gx:coord>
        <when>2025-01-01T01:24:50.7460390Z</when>
        <gx:coord>12.079124 51.54489 205.296</gx:coord>
        <when>2025-01-01T01:24:51.1240390Z</when>
        <gx:coord>12.079124 51.54489 205.296</gx:coord>
        <when>2025-01-01T01:24:55.7460390Z</when>
        <gx:coord>12.077473 51.54549 196.152</gx:coord>
        <when>2025-01-01T01:25:00.7470390Z</when>
        <gx:coord>12.075756 51.54605 188.532</gx:coord>
        <when>2025-01-01T01:25:02.1400390Z</when>
        <gx:coord>12.0750475 51.546265 187.008</gx:coord>
        <when>2025-01-01T01:25:05.7470390Z</when>
        <gx:coord>12.073975 51.546585 180.91202</gx:coord>
        <when>2025-01-01T01:25:10.7470390Z</when>
        <gx:coord>12.072193 51.547123 171.768</gx:coord>
        <when>2025-01-01T01:25:13.1230390Z</when>
        <gx:coord>12.071099 51.54738 170.244</gx:coord>
        <when>2025-01-01T01:25:15.7470390Z</when>
        <gx:coord>12.070349 51.547573 162.624</gx:coord>
        <when>2025-01-01T01:25:20.1170390Z</when>
        <gx:coord>12.068567 51.548153 155.004</gx:coord>
        <when>2025-01-01T01:25:20.7470390Z</when>
        <gx:coord>12.068567 51.548153 155.004</gx:coord>
        <when>2025-01-01T01:25:25.7470390Z</when>
        <gx:coord>12.066744 51.548687 145.86</gx:coord>
        <when>2025-01-01T01:25:30.7470390Z</when>
        <gx:coord>12.064962 51.549202 136.716</gx:coord>
        <when>2025-01-01T01:25:35.7470390Z</when>
        <gx:coord>12.063225 51.549698 127.572014</gx:coord>
        <when>2025-01-01T01:25:36.2120390Z</when>
        <gx:coord>12.062881 51.549805 127.572014</gx:coord>
        <when>2025-01-01T01:25:37.1150390Z</when>
        <gx:coord>12.062538 51.54991 124.524</gx:coord>
        <when>2025-01-01T01:25:40.7470390Z</when>
        <gx:coord>12.061486 51.550213 119.952</gx:coord>
        <when>2025-01-01T01:25:41.1190390Z</when>
        <gx:coord>12.061486 51.550213 119.952</gx:coord>
        <when>2025-01-01T01:25:45.7470390Z</when>
        <gx:coord>12.059877 51.550663 113.856</gx:coord>
        <when>2025-01-01T01:25:49.1220390Z</when>
        <gx:coord>12.059019 51.5509 113.856</gx:coord>
        <when>2025-01-01T01:25:50.7470390Z</when>
        <gx:coord>12.058504 51.551025 113.856</gx:coord>
        <when>2025-01-01T01:25:53.1170390Z</when>
        <gx:coord>12.058053 51.551155 113.856</gx:coord>
        <when>2025-01-01T01:25:55.7470390Z</when>
        <gx:coord>12.057516 51.551327 113.856</gx:coord>
        <when>2025-01-01T01:26:00.7480390Z</when>
        <gx:coord>12.056744 51.551544 113.856</gx:coord>
        <when>2025-01-01T01:26:01.1210390Z</when>
        <gx:coord>12.056744 51.551544 113.856</gx:coord>
        <when>2025-01-01T01:26:05.7480390Z</when>
        <gx:coord>12.056251 51.55167 113.856</gx:coord>
        <when>2025-01-01T01:26:06.1200390Z</when>
        <gx:coord>12.056251 51.55167 113.856</gx:coord>
        <when>2025-01-01T01:26:06.1210390Z</when>
        <gx:coord>12.056251 51.55167 113.856</gx:coord>
        <when>2025-01-01T01:26:07.1030390Z</when>
        <gx:coord>12.056187 51.551693 113.856</gx:coord>
        <when>2025-01-01T01:26:09.1100390Z</when>
        <gx:coord>12.056079 51.551693 113.856</gx:coord>
        <when>2025-01-01T01:26:10.1010390Z</when>
        <gx:coord>12.056015 51.55167 113.856</gx:coord>
        <when>2025-01-01T01:26:10.7480390Z</when>
        <gx:coord>12.05595 51.55165 113.856</gx:coord>
        <when>2025-01-01T01:26:12.1050390Z</when>
        <gx:coord>12.055907 51.55163 113.856</gx:coord>
        <when>2025-01-01T01:26:12.1330390Z</when>
        <gx:coord>12.055907 51.55163 113.856</gx:coord>
        <when>2025-01-01T01:26:15.1210390Z</when>
        <gx:coord>12.0557785 51.551544 113.856</gx:coord>
        <when>2025-01-01T01:26:15.7480390Z</when>
        <gx:coord>12.0557575 51.55152 113.856</gx:coord>
        <when>2025-01-01T01:26:19.1230390Z</when>
        <gx:coord>12.055672 51.551434 113.856</gx:coord>
        <when>2025-01-01T01:26:20.7480390Z</when>
        <gx:coord>12.05565 51.55137 113.856</gx:coord>
        <when>2025-01-01T01:26:25.7480390Z</when>
        <gx:coord>12.055628 51.55135 113.856</gx:coord>
        <when>2025-01-01T01:26:30.7480390Z</when>
        <gx:coord>12.055628 51.55135 113.856</gx:coord>
        <when>2025-01-01T01:26:35.7480390Z</when>
        <gx:coord>12.055628 51.55135 113.856</gx:coord>
        <when>2025-01-01T01:26:40.7480390Z</when>
        <gx:coord>12.055628 51.55135 113.856</gx:coord>
        <when>2025-01-01T01:26:45.7480390Z</when>
        <gx:coord>12.055628 51.55135 113.856</gx:coord>
        <when>2025-01-01T01:26:50.7480390Z</when>
        <gx:coord>12.055586 51.551285 113.856</gx:coord>
        <when>2025-01-01T01:26:55.7490390Z</when>
        <gx:coord>12.055478 51.551155 113.856</gx:coord>
        <when>2025-01-01T01:27:00.7490390Z</when>
        <gx:coord>12.05537 51.550983 113.856</gx:coord>
        <when>2025-01-01T01:27:03.1210390Z</when>
        <gx:coord>12.055328 51.55092 113.856</gx:coord>
        <when>2025-01-01T01:27:05.1240390Z</when>
        <gx:coord>12.055328 51.550858 113.856</gx:coord>
        <when>2025-01-01T01:27:05.7480390Z</when>
        <gx:coord>12.055349 51.550835 113.856</gx:coord>
        <when>2025-01-01T01:27:07.1220390Z</when>
        <gx:coord>12.05537 51.550793 113.856</gx:coord>
        <when>2025-01-01T01:27:09.1380390Z</when>
        <gx:coord>12.055456 51.550728 113.856</gx:coord>
        <when>2025-01-01T01:27:10.7490390Z</when>
        <gx:coord>12.055586 51.550682 113.856</gx:coord>
        <when>2025-01-01T01:27:11.1230390Z</when>
        <gx:coord>12.055586 51.550682 113.856</gx:coord>
        <when>2025-01-01T01:27:15.7490390Z</when>
        <gx:coord>12.055993 51.550575 113.856</gx:coord>
        <when>2025-01-01T01:27:20.7490390Z</when>
        <gx:coord>12.056465 51.55045 113.856</gx:coord>
        <when>2025-01-01T01:27:25.7490390Z</when>
        <gx:coord>12.056959 51.55032 113.856</gx:coord>
        <when>2025-01-01T01:27:30.7490390Z</when>
        <gx:coord>12.05743 51.55017 113.856</gx:coord>
        <when>2025-01-01T01:27:35.7490390Z</when>
        <gx:coord>12.057796 51.550083 113.856</gx:coord>
        <when>2025-01-01T01:27:40.1210390Z</when>
        <gx:coord>12.05801 51.549995 113.856</gx:coord>
        <when>2025-01-01T01:27:40.7490390Z</when>
        <gx:coord>12.058053 51.549976 113.856</gx:coord>
        <when>2025-01-01T01:27:42.1180390Z</when>
        <gx:coord>12.058096 51.549953 113.856</gx:coord>
        <when>2025-01-01T01:27:43.1190390Z</when>
        <gx:coord>12.058117 51.549934 113.856</gx:coord>
        <when>2025-01-01T01:27:44.1210390Z</when>
        <gx:coord>12.058139 51.54991 113.856</gx:coord>
        <when>2025-01-01T01:27:45.7490390Z</when>
        <gx:coord>12.058139 51.549847 113.856</gx:coord>
        <when>2025-01-01T01:27:46.1040390Z</when>
        <gx:coord>12.058139 51.549847 113.856</gx:coord>
        <when>2025-01-01T01:27:48.1200390Z</when>
        <gx:coord>12.058139 51.54978 113.856</gx:coord>
        <when>2025-01-01T01:27:50.7490390Z</when>
        <gx:coord>12.058075 51.549675 113.856</gx:coord>
        <when>2025-01-01T01:27:55.7490390Z</when>
        <gx:coord>12.057989 51.54946 113.856</gx:coord>
        <when>2025-01-01T01:28:00.7500390Z</when>
        <gx:coord>12.057903 51.549267 113.856</gx:coord>
        <when>2025-01-01T01:28:03.0990390Z</when>
        <gx:coord>12.057881 51.549202 113.856</gx:coord>
        <when>2025-01-01T01:28:04.1230390Z</when>
        <gx:coord>12.057881 51.549183 113.856</gx:coord>
        <when>2025-01-01T01:28:05.1050390Z</when>
        <gx:coord>12.057881 51.54914 113.856</gx:coord>
        <when>2025-01-01T01:28:05.7500390Z</when>
        <gx:coord>12.057903 51.549118 113.856</gx:coord>
        <when>2025-01-01T01:28:07.1240390Z</when>
        <gx:coord>12.057945 51.549095 113.856</gx:coord>
        <when>2025-01-01T01:28:08.1010390Z</when>
        <gx:coord>12.057989 51.549076 113.856</gx:coord>
        <when>2025-01-01T01:28:10.1230390Z</when>
        <gx:coord>12.058075 51.549053 113.856</gx:coord>
        <when>2025-01-01T01:28:10.7500390Z</when>
        <gx:coord>12.058117 51.549053 113.856</gx:coord>
        <when>2025-01-01T01:28:13.1190390Z</when>
        <gx:coord>12.058203 51.549053 113.856</gx:coord>
        <when>2025-01-01T01:28:15.1000390Z</when>
        <gx:coord>12.058268 51.54903 113.856</gx:coord>
        <when>2025-01-01T01:28:15.7490390Z</when>
        <gx:coord>12.058289 51.54903 113.856</gx:coord>
        <when>2025-01-01T01:28:17.0920390Z</when>
        <gx:coord>12.0583105 51.54901 113.856</gx:coord>
        <when>2025-01-01T01:28:19.1210390Z</when>
        <gx:coord>12.058353 51.54899 113.856</gx:coord>
        <when>2025-01-01T01:28:20.7490390Z</when>
        <gx:coord>12.058374 51.548923 113.856</gx:coord>
        <when>2025-01-01T01:28:25.7500390Z</when>
        <gx:coord>12.058396 51.548798 113.856</gx:coord>
        <when>2025-01-01T01:28:27.1280390Z</when>
        <gx:coord>12.058396 51.54875 113.856</gx:coord>
        <when>2025-01-01T01:28:30.1200390Z</when>
        <gx:coord>12.058374 51.548687 113.856</gx:coord>
        <when>2025-01-01T01:28:30.7500390Z</when>
        <gx:coord>12.058374 51.548645 113.856</gx:coord>
        <when>2025-01-01T01:28:32.1040390Z</when>
        <gx:coord>12.058374 51.548645 113.856</gx:coord>
        <when>2025-01-01T01:28:33.1110390Z</when>
        <gx:coord>12.058353 51.548622 113.856</gx:coord>
        <when>2025-01-01T01:28:34.1090390Z</when>
        <gx:coord>12.058353 51.548622 113.856</gx:coord>
        <when>2025-01-01T01:28:35.0950390Z</when>
        <gx:coord>12.058332 51.548622 113.856</gx:coord>
        <when>2025-01-01T01:28:35.7500390Z</when>
        <gx:coord>12.058332 51.548603 113.856</gx:coord>
        <when>2025-01-01T01:28:36.1170390Z</when>
        <gx:coord>12.058332 51.548603 113.856</gx:coord>
        <when>2025-01-01T01:28:40.7500390Z</when>
        <gx:coord>12.058289 51.548622 113.856</gx:coord>
        <when>2025-01-01T01:28:45.7500390Z</when>
        <gx:coord>12.058289 51.548622 113.856</gx:coord>
        <when>2025-01-01T01:28:50.7500390Z</when>
        <gx:coord>12.058289 51.548622 113.856</gx:coord>
        <when>2025-01-01T01:28:55.7510390Z</when>
        <gx:coord>12.058289 51.548622 113.856</gx:coord>
        <when>2025-01-01T01:29:00.7510390Z</when>
        <gx:coord>12.058289 51.548622 113.856</gx:coord>
        <when>2025-01-01T01:29:05.7510390Z</when>
        <gx:coord>12.058289 51.548622 113.856</gx:coord>
        <when>2025-01-01T01:29:07.9120390Z</when>
        <gx:coord>12.058289 51.548622 113.856</gx:coord>
        <coordinates />
      </gx:Track>
    </Placemark>
    <Placemark>
      <name>Takeoff: 2025-01-01</name>
      <styleUrl>#downArrowIcon</styleUrl>
      <Point>
        <altitudeMode>relativeToGround</altitudeMode>
        <coordinates>12.060156,51.55062,20</coordinates>
      </Point>
    </Placemark>
    <Placemark>
      <name>Landing: 2025-01-01</name>
      <styleUrl>#downArrowIcon</styleUrl>
      <Point>
        <altitudeMode>relativeToGround</altitudeMode>
        <coordinates>12.055907,51.55163,20</coordinates>
      </Point>
    </Placemark>
    <Placemark>
      <name>Log Stop: 2025-01-01</name>
      <styleUrl>#downArrowIcon</styleUrl>
      <Point>
        <altitudeMode>relativeToGround</altitudeMode>
        <coordinates>12.058289,51.548622,20</coordinates>
      </Point>
    </Placemark>
  </Document>
</kml>
