<?xml version="1.0" encoding="utf-8"?>
<kml xmlns:gx="http://www.google.com/kml/ext/2.2" creator="kml-heatmap" xmlns="http://www.opengis.net/kml/2.2">
  <Document>
    <name>SkyDemon Track Log</name>
    <Style id="skydemonLogStyle">
      <LineStyle>
        <color>7f00ffff</color>
        <width>4</width>
      </LineStyle>
      <PolyStyle>
        <color>7fffa400</color>
      </PolyStyle>
    </Style>
    <Style id="downArrowIcon">
      <IconStyle>
        <href>http://maps.google.com/mapfiles/kml/pal4/icon28.png</href>
      </IconStyle>
    </Style>
    <Placemark>
      <name>Log Start: 2025-01-01</name>
      <styleUrl>#downArrowIcon</styleUrl>
      <Point>
        <altitudeMode>relativeToGround</altitudeMode>
        <coordinates>13.189623,48.636776,20</coordinates>
      </Point>
    </Placemark>
    <Placemark>
      <name>EDMV Vilshofen - EDAQ Halle-Oppin</name>
      <styleUrl>#skydemonLogStyle</styleUrl>
      <gx:Track>
        <extrude>1</extrude>
        <altitudeMode>absolute</altitudeMode>
        <when>2025-01-01T00:00:00.3569540Z</when>
        <gx:coord>13.189623 48.636776 311.486</gx:coord>
        <when>2025-01-01T00:00:02.0849540Z</when>
        <gx:coord>13.189623 48.636776 311.486</gx:coord>
        <when>2025-01-01T00:00:02.7759540Z</when>
        <gx:coord>13.189602 48.636776 311.486</gx:coord>
        <when>2025-01-01T00:00:04.0859540Z</when>
        <gx:coord>13.189602 48.636776 311.486</gx:coord>
        <when>2025-01-01T00:00:05.3579540Z</when>
        <gx:coord>13.189623 48.636776 311.486</gx:coord>
        <when>2025-01-01T00:00:10.3579540Z</when>
        <gx:coord>13.189623 48.636776 311.486</gx:coord>
        <when>2025-01-01T00:00:15.3579540Z</when>
        <gx:coord>13.189602 48.636776 311.486</gx:coord>
        <when>2025-01-01T00:00:20.3579540Z</when>
        <gx:coord>13.189602 48.636776 311.486</gx:coord>
        <when>2025-01-01T00:00:25.3579540Z</when>
        <gx:coord>13.189602 48.636795 313.01</gx:coord>
        <when>2025-01-01T00:00:26.7739540Z</when>
        <gx:coord>13.189602 48.636795 311.486</gx:coord>
        <when>2025-01-01T00:00:28.1029540Z</when>
        <gx:coord>13.189602 48.636795 311.486</gx:coord>
        <when>2025-01-01T00:00:28.7739540Z</when>
        <gx:coord>13.189602 48.636795 313.01</gx:coord>
        <when>2025-01-01T00:00:30.0919540Z</when>
        <gx:coord>13.189602 48.636795 313.01</gx:coord>
        <when>2025-01-01T00:00:30.3569540Z</when>
        <gx:coord>13.189602 48.636795 311.486</gx:coord>
        <when>2025-01-01T00:00:35.3579540Z</when>
        <gx:coord>13.189602 48.636776 311.486</gx:coord>
        <when>2025-01-01T00:00:40.0899540Z</when>
        <gx:coord>13.189623 48.636776 309.962</gx:coord>
        <when>2025-01-01T00:00:40.3579540Z</when>
        <gx:coord>13.189623 48.636776 309.962</gx:coord>
        <when>2025-01-01T00:00:45.3579540Z</when>
        <gx:coord>13.189602 48.636776 309.962</gx:coord>
        <when>2025-01-01T00:00:46.0949540Z</when>
        <gx:coord>13.189602 48.636776 309.962</gx:coord>
        <when>2025-01-01T00:00:50.3579540Z</when>
        <gx:coord>13.189602 48.636776 311.486</gx:coord>
        <when>2025-01-01T00:01:00.5479540Z</when>
        <gx:coord>13.189602 48.636776 311.486</gx:coord>
        <when>2025-01-01T00:01:02.0859540Z</when>
        <gx:coord>13.189602 48.636776 311.486</gx:coord>
        <when>2025-01-01T00:01:02.7759540Z</when>
        <gx:coord>13.189602 48.636776 311.486</gx:coord>
        <when>2025-01-01T00:01:04.7759540Z</when>
        <gx:coord>13.189602 48.636776 309.962</gx:coord>
        <when>2025-01-01T00:01:05.5489540Z</when>
        <gx:coord>13.189602 48.636776 309.962</gx:coord>
        <when>2025-01-01T00:01:10.5489540Z</when>
        <gx:coord>13.189602 48.636776 311.486</gx:coord>
        <when>2025-01-01T00:01:15.5489540Z</when>
        <gx:coord>13.189602 48.636795 311.486</gx:coord>
        <when>2025-01-01T00:01:20.5489540Z</when>
        <gx:coord>13.189602 48.636795 311.486</gx:coord>
        <when>2025-01-01T00:01:25.5489540Z</when>
        <gx:coord>13.189602 48.636795 311.486</gx:coord>
        <when>2025-01-01T00:01:30.5489540Z</when>
        <gx:coord>13.189602 48.636795 311.486</gx:coord>
        <when>2025-01-01T00:01:35.5489540Z</when>
        <gx:coord>13.189602 48.636795 311.486</gx:coord>
        <when>2025-01-01T00:01:40.5489540Z</when>
        <gx:coord>13.189602 48.636795 311.486</gx:coord>
        <when>2025-01-01T00:01:45.5489540Z</when>
        <gx:coord>13.189602 48.636795 311.486</gx:coord>
        <when>2025-01-01T00:01:50.5489540Z</when>
        <gx:coord>13.189602 48.636795 311.486</gx:coord>
        <when>2025-01-01T00:01:55.5489540Z</when>
        <gx:coord>13.189581 48.636795 311.486</gx:coord>
        <when>2025-01-01T00:02:00.5489540Z</when>
        <gx:coord>13.189602 48.636795 311.486</gx:coord>
        <when>2025-01-01T00:02:02.7789540Z</when>
        <gx:coord>13.189602 48.636795 311.486</gx:coord>
        <when>2025-01-01T00:02:04.0899540Z</when>
        <gx:coord>13.189602 48.636795 311.486</gx:coord>
        <when>2025-01-01T00:02:05.5489540Z</when>
        <gx:coord>13.189602 48.636795 311.486</gx:coord>
        <when>2025-01-01T00:02:06.0839540Z</when>
        <gx:coord>13.189602 48.636795 311.486</gx:coord>
        <when>2025-01-01T00:02:08.0929540Z</when>
        <gx:coord>13.189602 48.636795 311.486</gx:coord>
        <when>2025-01-01T00:02:10.5489540Z</when>
        <gx:coord>13.189602 48.636795 311.486</gx:coord>
        <when>2025-01-01T00:02:15.5489540Z</when>
        <gx:coord>13.189602 48.636818 311.486</gx:coord>
        <when>2025-01-01T00:02:16.1099540Z</when>
        <gx:coord>13.189602 48.636818 311.486</gx:coord>
        <when>2025-01-01T00:02:20.1089540Z</when>
        <gx:coord>13.189667 48.63686 311.486</gx:coord>
        <when>2025-01-01T00:02:20.5489540Z</when>
        <gx:coord>13.189688 48.636883 311.486</gx:coord>
        <when>2025-01-01T00:02:22.7839540Z</when>
        <gx:coord>13.189731 48.6369 311.486</gx:coord>
        <when>2025-01-01T00:02:24.7849540Z</when>
        <gx:coord>13.189753 48.6369 311.486</gx:coord>
        <when>2025-01-01T00:02:25.5489540Z</when>
        <gx:coord>13.189753 48.6369 311.486</gx:coord>
        <when>2025-01-01T00:02:26.1159540Z</when>
        <gx:coord>13.189753 48.6369 311.486</gx:coord>
        <when>2025-01-01T00:02:28.0889540Z</when>
        <gx:coord>13.189774 48.6369 311.486</gx:coord>
        <when>2025-01-01T00:02:30.5489540Z</when>
        <gx:coord>13.189838 48.6369 311.486</gx:coord>
        <when>2025-01-01T00:02:35.5489540Z</when>
        <gx:coord>13.189838 48.636883 313.01</gx:coord>
        <when>2025-01-01T00:02:40.5489540Z</when>
        <gx:coord>13.189838 48.636883 311.486</gx:coord>
        <when>2025-01-01T00:02:45.5489540Z</when>
        <gx:coord>13.189838 48.636883 311.486</gx:coord>
        <when>2025-01-01T00:02:50.5489540Z</when>
        <gx:coord>13.189838 48.636883 311.486</gx:coord>
        <when>2025-01-01T00:02:55.5529540Z</when>
        <gx:coord>13.189838 48.636883 311.486</gx:coord>
        <when>2025-01-01T00:02:58.7839540Z</when>
        <gx:coord>13.18988 48.636883 311.486</gx:coord>
        <when>2025-01-01T00:03:00.5559540Z</when>
        <gx:coord>13.189902 48.63686 313.01</gx:coord>
        <when>2025-01-01T00:03:05.5489540Z</when>
        <gx:coord>13.189945 48.63684 311.486</gx:coord>
        <when>2025-01-01T00:03:10.5489540Z</when>
        <gx:coord>13.189988 48.63684 313.01</gx:coord>
        <when>2025-01-01T00:03:15.5489540Z</when>
        <gx:coord>13.19001 48.63684 311.486</gx:coord>
        <when>2025-01-01T00:03:20.5489540Z</when>
        <gx:coord>13.190074 48.636795 311.486</gx:coord>
        <when>2025-01-01T00:03:25.5489540Z</when>
        <gx:coord>13.190224 48.636753 311.486</gx:coord>
        <when>2025-01-01T00:03:30.1129540Z</when>
        <gx:coord>13.190417 48.63667 311.486</gx:coord>
        <when>2025-01-01T00:03:30.5489540Z</when>
        <gx:coord>13.190546 48.636623 311.486</gx:coord>
        <when>2025-01-01T00:03:35.5489540Z</when>
        <gx:coord>13.1908245 48.636497 311.486</gx:coord>
        <when>2025-01-01T00:03:40.5499540Z</when>
        <gx:coord>13.191276 48.636303 311.486</gx:coord>
        <when>2025-01-01T00:03:45.5499540Z</when>
        <gx:coord>13.191555 48.636196 311.486</gx:coord>
        <when>2025-01-01T00:03:50.5499540Z</when>
        <gx:coord>13.191876 48.63609 313.01</gx:coord>
        <when>2025-01-01T00:03:55.5499540Z</when>
        <gx:coord>13.192091 48.635983 311.486</gx:coord>
        <when>2025-01-01T00:04:00.5609540Z</when>
        <gx:coord>13.192413 48.63583 311.486</gx:coord>
        <when>2025-01-01T00:04:05.5499540Z</when>
        <gx:coord>13.192627 48.635746 311.486</gx:coord>
        <when>2025-01-01T00:04:10.5499540Z</when>
        <gx:coord>13.192992 48.635593 311.486</gx:coord>
        <when>2025-01-01T00:04:15.5499540Z</when>
        <gx:coord>13.193207 48.635487 311.486</gx:coord>
        <when>2025-01-01T00:04:20.5499540Z</when>
        <gx:coord>13.193529 48.63536 311.486</gx:coord>
        <when>2025-01-01T00:04:25.5499540Z</when>
        <gx:coord>13.193765 48.63525 311.486</gx:coord>
        <when>2025-01-01T00:04:30.5499540Z</when>
        <gx:coord>13.194108 48.635124 311.486</gx:coord>
        <when>2025-01-01T00:04:35.5499540Z</when>
        <gx:coord>13.194344 48.635017 311.486</gx:coord>
        <when>2025-01-01T00:04:40.5499540Z</when>
        <gx:coord>13.194709 48.634888 311.486</gx:coord>
        <when>2025-01-01T00:04:45.5499540Z</when>
        <gx:coord>13.194944 48.63478 311.486</gx:coord>
        <when>2025-01-01T00:04:50.5499540Z</when>
        <gx:coord>13.195267 48.63465 311.486</gx:coord>
        <when>2025-01-01T00:04:55.5499540Z</when>
        <gx:coord>13.195417 48.634586 311.486</gx:coord>
        <when>2025-01-01T00:05:00.1119540Z</when>
        <gx:coord>13.195524 48.634544 311.486</gx:coord>
        <when>2025-01-01T00:05:00.5569540Z</when>
        <gx:coord>13.195524 48.634544 311.486</gx:coord>
        <when>2025-01-01T00:05:05.5499540Z</when>
        <gx:coord>13.195524 48.634544 311.486</gx:coord>
        <when>2025-01-01T00:05:10.5499540Z</when>
        <gx:coord>13.195524 48.634544 311.486</gx:coord>
        <when>2025-01-01T00:05:15.5499540Z</when>
        <gx:coord>13.195524 48.634544 311.486</gx:coord>
        <when>2025-01-01T00:05:20.5499540Z</when>
        <gx:coord>13.195545 48.634544 311.486</gx:coord>
        <when>2025-01-01T00:05:25.5499540Z</when>
        <gx:coord>13.195545 48.634544 311.486</gx:coord>
        <when>2025-01-01T00:05:28.7759540Z</when>
        <gx:coord>13.195545 48.634544 311.486</gx:coord>
        <when>2025-01-01T00:05:30.1039540Z</when>
        <gx:coord>13.195545 48.634544 311.486</gx:coord>
        <when>2025-01-01T00:05:30.5499540Z</when>
        <gx:coord>13.195524 48.634544 311.486</gx:coord>
        <when>2025-01-01T00:05:32.1099540Z</when>
        <gx:coord>13.195524 48.634544 311.486</gx:coord>
        <when>2025-01-01T00:05:35.5499540Z</when>
        <gx:coord>13.195545 48.634544 311.486</gx:coord>
        <when>2025-01-01T00:05:40.5499540Z</when>
        <gx:coord>13.195545 48.634544 309.962</gx:coord>
        <when>2025-01-01T00:05:45.5499540Z</when>
        <gx:coord>13.195545 48.634544 309.962</gx:coord>
        <when>2025-01-01T00:05:50.5499540Z</when>
        <gx:coord>13.195545 48.634544 309.962</gx:coord>
        <when>2025-01-01T00:05:55.5499540Z</when>
        <gx:coord>13.195545 48.634544 309.962</gx:coord>
        <when>2025-01-01T00:06:00.5639540Z</when>
        <gx:coord>13.195545 48.634544 309.962</gx:coord>
        <when>2025-01-01T00:06:05.5499540Z</when>
        <gx:coord>13.195545 48.634544 309.962</gx:coord>
        <when>2025-01-01T00:06:10.5499540Z</when>
        <gx:coord>13.195545 48.634544 309.962</gx:coord>
        <when>2025-01-01T00:06:15.5509540Z</when>
        <gx:coord>13.195545 48.634544 309.962</gx:coord>
        <when>2025-01-01T00:06:20.5499540Z</when>
        <gx:coord>13.195545 48.634544 309.962</gx:coord>
        <when>2025-01-01T00:06:25.5509540Z</when>
        <gx:coord>13.195545 48.634544 309.962</gx:coord>
        <when>2025-01-01T00:06:30.5509540Z</when>
        <gx:coord>13.195545 48.634544 309.962</gx:coord>
        <when>2025-01-01T00:06:35.5509540Z</when>
        <gx:coord>13.195545 48.634544 309.962</gx:coord>
        <when>2025-01-01T00:06:40.5509540Z</when>
        <gx:coord>13.195545 48.634544 309.962</gx:coord>
        <when>2025-01-01T00:06:45.5499540Z</when>
        <gx:coord>13.195545 48.634544 309.962</gx:coord>
        <when>2025-01-01T00:06:50.5499540Z</when>
        <gx:coord>13.195545 48.63452 309.962</gx:coord>
        <when>2025-01-01T00:06:55.5509540Z</when>
        <gx:coord>13.195545 48.634544 309.962</gx:coord>
        <when>2025-01-01T00:07:00.5559540Z</when>
        <gx:coord>13.195545 48.63452 309.962</gx:coord>
        <when>2025-01-01T00:07:05.5509540Z</when>
        <gx:coord>13.195545 48.63452 309.962</gx:coord>
        <when>2025-01-01T00:07:10.5509540Z</when>
        <gx:coord>13.195524 48.63452 309.962</gx:coord>
        <when>2025-01-01T00:07:15.5509540Z</when>
        <gx:coord>13.195545 48.63452 309.962</gx:coord>
        <when>2025-01-01T00:07:20.5509540Z</when>
        <gx:coord>13.195545 48.63452 309.962</gx:coord>
        <when>2025-01-01T00:07:25.5509540Z</when>
        <gx:coord>13.195545 48.63452 309.962</gx:coord>
        <when>2025-01-01T00:07:30.5509540Z</when>
        <gx:coord>13.195545 48.63452 309.962</gx:coord>
        <when>2025-01-01T00:07:35.5509540Z</when>
        <gx:coord>13.195567 48.63452 309.962</gx:coord>
        <when>2025-01-01T00:07:40.1189540Z</when>
        <gx:coord>13.195675 48.63448 309.962</gx:coord>
        <when>2025-01-01T00:07:40.5509540Z</when>
        <gx:coord>13.195761 48.634438 309.962</gx:coord>
        <when>2025-01-01T00:07:45.5509540Z</when>
        <gx:coord>13.195974 48.63439 309.962</gx:coord>
        <when>2025-01-01T00:07:46.1139540Z</when>
        <gx:coord>13.195974 48.63439 309.962</gx:coord>
        <when>2025-01-01T00:07:50.1119540Z</when>
        <gx:coord>13.196211 48.63435 309.962</gx:coord>
        <when>2025-01-01T00:07:50.5509540Z</when>
        <gx:coord>13.196362 48.63435 309.962</gx:coord>
        <when>2025-01-01T00:07:52.1149540Z</when>
        <gx:coord>13.196362 48.63435 309.962</gx:coord>
        <when>2025-01-01T00:07:54.1159540Z</when>
        <gx:coord>13.196511 48.63435 309.962</gx:coord>
        <when>2025-01-01T00:07:55.5509540Z</when>
        <gx:coord>13.19664 48.634373 309.962</gx:coord>
        <when>2025-01-01T00:07:58.1149540Z</when>
        <gx:coord>13.196791 48.63439 309.962</gx:coord>
        <when>2025-01-01T00:08:00.1039540Z</when>
        <gx:coord>13.196962 48.634373 311.486</gx:coord>
        <when>2025-01-01T00:08:00.5569540Z</when>
        <gx:coord>13.197134 48.63433 311.486</gx:coord>
        <when>2025-01-01T00:08:05.5579540Z</when>
        <gx:coord>13.197498 48.63418 311.486</gx:coord>
        <when>2025-01-01T00:08:10.5509540Z</when>
        <gx:coord>13.19812 48.63394 311.486</gx:coord>
        <when>2025-01-01T00:08:15.5499540Z</when>
        <gx:coord>13.198549 48.63375 311.486</gx:coord>
        <when>2025-01-01T00:08:20.5509540Z</when>
        <gx:coord>13.199236 48.63347 311.486</gx:coord>
        <when>2025-01-01T00:08:25.5499540Z</when>
        <gx:coord>13.199709 48.633278 311.486</gx:coord>
        <when>2025-01-01T00:08:30.5509540Z</when>
        <gx:coord>13.200352 48.633 311.486</gx:coord>
        <when>2025-01-01T00:08:35.5499540Z</when>
        <gx:coord>13.200781 48.632828 311.486</gx:coord>
        <when>2025-01-01T00:08:40.5509540Z</when>
        <gx:coord>13.201361 48.63259 311.486</gx:coord>
        <when>2025-01-01T00:08:45.5509540Z</when>
        <gx:coord>13.201704 48.63244 311.486</gx:coord>
        <when>2025-01-01T00:08:50.5509540Z</when>
        <gx:coord>13.202154 48.63227 311.486</gx:coord>
        <when>2025-01-01T00:08:55.5509540Z</when>
        <gx:coord>13.202391 48.632183 311.486</gx:coord>
        <when>2025-01-01T00:08:58.1349540Z</when>
        <gx:coord>13.2024975 48.63216 311.486</gx:coord>
        <when>2025-01-01T00:09:00.5589540Z</when>
        <gx:coord>13.202734 48.63214 311.486</gx:coord>
        <when>2025-01-01T00:09:04.1119540Z</when>
        <gx:coord>13.202841 48.63216 311.486</gx:coord>
        <when>2025-01-01T00:09:05.5509540Z</when>
        <gx:coord>13.202949 48.63214 311.486</gx:coord>
        <when>2025-01-01T00:09:06.1089540Z</when>
        <gx:coord>13.202949 48.63214 311.486</gx:coord>
        <when>2025-01-01T00:09:08.1009540Z</when>
        <gx:coord>13.203012 48.632095 311.486</gx:coord>
        <when>2025-01-01T00:09:10.1009540Z</when>
        <gx:coord>13.203056 48.632053 311.486</gx:coord>
        <when>2025-01-01T00:09:10.5509540Z</when>
        <gx:coord>13.203056 48.63201 311.486</gx:coord>
        <when>2025-01-01T00:09:12.1039540Z</when>
        <gx:coord>13.203056 48.63201 311.486</gx:coord>
        <when>2025-01-01T00:09:14.1169540Z</when>
        <gx:coord>13.203034 48.63197 311.486</gx:coord>
        <when>2025-01-01T00:09:15.5539540Z</when>
        <gx:coord>13.2029915 48.631947 311.486</gx:coord>
        <when>2025-01-01T00:09:18.0989540Z</when>
        <gx:coord>13.202949 48.631927 311.486</gx:coord>
        <when>2025-01-01T00:09:20.0999540Z</when>
        <gx:coord>13.202906 48.631927 311.486</gx:coord>
        <when>2025-01-01T00:09:20.5509540Z</when>
        <gx:coord>13.202863 48.631927 311.486</gx:coord>
        <when>2025-01-01T00:09:22.1109540Z</when>
        <gx:coord>13.202863 48.631927 311.486</gx:coord>
        <when>2025-01-01T00:09:24.1219540Z</when>
        <gx:coord>13.20282 48.631927 311.486</gx:coord>
        <when>2025-01-01T00:09:25.5509540Z</when>
        <gx:coord>13.20282 48.631927 311.486</gx:coord>
        <when>2025-01-01T00:09:30.5509540Z</when>
        <gx:coord>13.202799 48.631947 311.486</gx:coord>
        <when>2025-01-01T00:09:35.5509540Z</when>
        <gx:coord>13.202755 48.631947 311.486</gx:coord>
        <when>2025-01-01T00:09:40.5509540Z</when>
        <gx:coord>13.202777 48.63197 311.486</gx:coord>
        <when>2025-01-01T00:09:45.5509540Z</when>
        <gx:coord>13.202777 48.63197 311.486</gx:coord>
        <when>2025-01-01T00:09:50.5509540Z</when>
        <gx:coord>13.202777 48.63197 311.486</gx:coord>
        <when>2025-01-01T00:09:55.5519540Z</when>
        <gx:coord>13.202777 48.63197 311.486</gx:coord>
        <when>2025-01-01T00:10:00.5579540Z</when>
        <gx:coord>13.202777 48.63197 311.486</gx:coord>
        <when>2025-01-01T00:10:05.5519540Z</when>
        <gx:coord>13.202713 48.63199 311.486</gx:coord>
        <when>2025-01-01T00:10:06.1109540Z</when>
        <gx:coord>13.202713 48.63199 311.486</gx:coord>
        <when>2025-01-01T00:10:06.1109540Z</when>
        <gx:coord>13.202713 48.63199 311.486</gx:coord>
        <when>2025-01-01T00:10:10.1219540Z</when>
        <gx:coord>13.202284 48.632183 311.486</gx:coord>
        <when>2025-01-01T00:10:10.1229540Z</when>
        <gx:coord>13.202284 48.632183 311.486</gx:coord>
        <when>2025-01-01T00:10:10.5519540Z</when>
        <gx:coord>13.201919 48.63233 311.486</gx:coord>
        <when>2025-01-01T00:10:14.1169540Z</when>
        <gx:coord>13.2014675 48.632526 311.486</gx:coord>
        <when>2025-01-01T00:10:15.5519540Z</when>
        <gx:coord>13.200932 48.63274 309.962</gx:coord>
        <when>2025-01-01T00:10:18.1159540Z</when>
        <gx:coord>13.20031 48.633 309.962</gx:coord>
        <when>2025-01-01T00:10:20.5519540Z</when>
        <gx:coord>13.198872 48.63362 311.486</gx:coord>
        <when>2025-01-01T00:10:25.5789540Z</when>
        <gx:coord>13.197262 48.634285 320.63</gx:coord>
        <when>2025-01-01T00:10:28.1129540Z</when>
        <gx:coord>13.196447 48.63463 326.72598</gx:coord>
        <when>2025-01-01T00:10:30.5519540Z</when>
        <gx:coord>13.194795 48.63536 335.87</gx:coord>
        <when>2025-01-01T00:10:34.1099540Z</when>
        <gx:coord>13.1931 48.63611 351.11</gx:coord>
        <when>2025-01-01T00:10:35.5579540Z</when>
        <gx:coord>13.1931 48.63611 351.11</gx:coord>
        <when>2025-01-01T00:10:40.5509540Z</when>
        <gx:coord>13.190525 48.637184 373.97</gx:coord>
        <when>2025-01-01T00:10:44.1139540Z</when>
        <gx:coord>13.188808 48.637913 387.686</gx:coord>
        <when>2025-01-01T00:10:45.5519540Z</when>
        <gx:coord>13.188808 48.637913 387.686</gx:coord>
        <when>2025-01-01T00:10:50.5519540Z</when>
        <gx:coord>13.1862755 48.63905 407.498</gx:coord>
        <when>2025-01-01T00:10:54.1099540Z</when>
        <gx:coord>13.184559 48.6398 419.69</gx:coord>
        <when>2025-01-01T00:10:55.5509540Z</when>
        <gx:coord>13.184559 48.6398 419.69</gx:coord>
        <when>2025-01-01T00:11:00.5679540Z</when>
        <gx:coord>13.181984 48.640915 437.978</gx:coord>
        <when>2025-01-01T00:11:05.5509540Z</when>
        <gx:coord>13.180203 48.641647 444.074</gx:coord>
        <when>2025-01-01T00:11:10.1129540Z</when>
        <gx:coord>13.1775 48.642914 454.742</gx:coord>
        <when>2025-01-01T00:11:10.5509540Z</when>
        <gx:coord>13.1775 48.642914 454.742</gx:coord>
        <when>2025-01-01T00:11:15.5519540Z</when>
        <gx:coord>13.175718 48.64377 471.506</gx:coord>
        <when>2025-01-01T00:11:20.0939540Z</when>
        <gx:coord>13.172972 48.644993 486.746</gx:coord>
        <when>2025-01-01T00:11:20.5519540Z</when>
        <gx:coord>13.172972 48.644993 486.746</gx:coord>
        <when>2025-01-01T00:11:25.5579540Z</when>
        <gx:coord>13.171148 48.64581 497.414</gx:coord>
        <when>2025-01-01T00:11:30.1179540Z</when>
        <gx:coord>13.168467 48.647053 511.13</gx:coord>
        <when>2025-01-01T00:11:30.1179540Z</when>
        <gx:coord>13.168467 48.647053 518.75</gx:coord>
        <when>2025-01-01T00:11:30.5519540Z</when>
        <gx:coord>13.168467 48.647053 518.75</gx:coord>
        <when>2025-01-01T00:11:35.5519540Z</when>
        <gx:coord>13.166685 48.64787 530.942</gx:coord>
        <when>2025-01-01T00:11:40.1109540Z</when>
        <gx:coord>13.163981 48.649113 550.75397</gx:coord>
        <when>2025-01-01T00:11:40.5519540Z</when>
        <gx:coord>13.163981 48.649113 550.75397</gx:coord>
        <when>2025-01-01T00:11:45.5519540Z</when>
        <gx:coord>13.162201 48.64995 569.042</gx:coord>
        <when>2025-01-01T00:11:48.1119540Z</when>
        <gx:coord>13.160462 48.65081 584.282</gx:coord>
        <when>2025-01-01T00:11:50.5519540Z</when>
        <gx:coord>13.159604 48.65128 591.902</gx:coord>
        <when>2025-01-01T00:11:55.5519540Z</when>
        <gx:coord>13.157909 48.65212 605.618</gx:coord>
        <when>2025-01-01T00:11:58.1129540Z</when>
        <gx:coord>13.156193 48.652977 620.858</gx:coord>
        <when>2025-01-01T00:12:00.5809540Z</when>
        <gx:coord>13.155334 48.653404 625.43005</gx:coord>
        <when>2025-01-01T00:12:05.5519540Z</when>
        <gx:coord>13.15366 48.654305 634.574</gx:coord>
        <when>2025-01-01T00:12:10.5529540Z</when>
        <gx:coord>13.151129 48.655724 648.29</gx:coord>
        <when>2025-01-01T00:12:12.1089540Z</when>
        <gx:coord>13.151129 48.655724 648.29</gx:coord>
        <when>2025-01-01T00:12:12.1099540Z</when>
        <gx:coord>13.150312 48.65624 652.86206</gx:coord>
        <when>2025-01-01T00:12:14.1129540Z</when>
        <gx:coord>13.150312 48.65624 652.86206</gx:coord>
        <when>2025-01-01T00:12:15.5559540Z</when>
        <gx:coord>13.14954 48.656796 657.43396</gx:coord>
        <when>2025-01-01T00:12:18.1189540Z</when>
        <gx:coord>13.148211 48.65802 663.52997</gx:coord>
        <when>2025-01-01T00:12:20.1159540Z</when>
        <gx:coord>13.148211 48.65802 668.10205</gx:coord>
        <when>2025-01-01T00:12:20.5529540Z</when>
        <gx:coord>13.147631 48.658707 674.19806</gx:coord>
        <when>2025-01-01T00:12:25.5649540Z</when>
        <gx:coord>13.146644 48.660122 681.81805</gx:coord>
        <when>2025-01-01T00:12:26.1129540Z</when>
        <gx:coord>13.146236 48.660892 689.43805</gx:coord>
        <when>2025-01-01T00:12:28.1099540Z</when>
        <gx:coord>13.146236 48.660892 689.43805</gx:coord>
        <when>2025-01-01T00:12:30.5529540Z</when>
        <gx:coord>13.145506 48.66246 710.77405</gx:coord>
        <when>2025-01-01T00:12:34.1049540Z</when>
        <gx:coord>13.14497 48.66407 730.58606</gx:coord>
        <when>2025-01-01T00:12:35.5529540Z</when>
        <gx:coord>13.14497 48.66407 730.58606</gx:coord>
        <when>2025-01-01T00:12:36.1079540Z</when>
        <gx:coord>13.14497 48.66407 730.58606</gx:coord>
        <when>2025-01-01T00:12:38.1139540Z</when>
        <gx:coord>13.144841 48.664886 739.73</gx:coord>
        <when>2025-01-01T00:12:40.5519540Z</when>
        <gx:coord>13.144841 48.666492 756.494</gx:coord>
        <when>2025-01-01T00:12:42.1129540Z</when>
        <gx:coord>13.144884 48.66729 762.58997</gx:coord>
        <when>2025-01-01T00:12:45.5529540Z</when>
        <gx:coord>13.144905 48.66806 771.734</gx:coord>
        <when>2025-01-01T00:12:46.1099540Z</when>
        <gx:coord>13.144905 48.66806 771.734</gx:coord>
        <when>2025-01-01T00:12:50.1089540Z</when>
        <gx:coord>13.144733 48.670334 796.118</gx:coord>
        <when>2025-01-01T00:12:50.5529540Z</when>
        <gx:coord>13.144733 48.670334 796.118</gx:coord>
        <when>2025-01-01T00:12:55.5529540Z</when>
        <gx:coord>13.144434 48.671795 808.31006</gx:coord>
        <when>2025-01-01T00:13:00.5709540Z</when>
        <gx:coord>13.143919 48.674046 820.502</gx:coord>
        <when>2025-01-01T00:13:02.1249540Z</when>
        <gx:coord>13.143725 48.67482 820.502</gx:coord>
        <when>2025-01-01T00:13:04.1129540Z</when>
        <gx:coord>13.143532 48.67559 831.17</gx:coord>
        <when>2025-01-01T00:13:05.5689540Z</when>
        <gx:coord>13.143532 48.67559 831.17</gx:coord>
        <when>2025-01-01T00:13:10.5529540Z</when>
        <gx:coord>13.142953 48.677933 844.88605</gx:coord>
        <when>2025-01-01T00:13:15.5529540Z</when>
        <gx:coord>13.142567 48.679497 858.60205</gx:coord>
        <when>2025-01-01T00:13:16.1139540Z</when>
        <gx:coord>13.142395 48.68027 866.222</gx:coord>
        <when>2025-01-01T00:13:20.5529540Z</when>
        <gx:coord>13.142031 48.681793 878.41406</gx:coord>
        <when>2025-01-01T00:13:25.5529540Z</when>
        <gx:coord>13.141729 48.683296 884.51</gx:coord>
        <when>2025-01-01T00:13:28.1109540Z</when>
        <gx:coord>13.141365 48.68484 896.70197</gx:coord>
        <when>2025-01-01T00:13:30.5529540Z</when>
        <gx:coord>13.141214 48.685635 902.798</gx:coord>
        <when>2025-01-01T00:13:35.5529540Z</when>
        <gx:coord>13.140893 48.68718 918.03796</gx:coord>
        <when>2025-01-01T00:13:36.1149540Z</when>
        <gx:coord>13.140699 48.68795 928.70605</gx:coord>
        <when>2025-01-01T00:13:40.5529540Z</when>
        <gx:coord>13.140335 48.689476 954.614</gx:coord>
        <when>2025-01-01T00:13:42.1059540Z</when>
        <gx:coord>13.140142 48.690247 969.85406</gx:coord>
        <when>2025-01-01T00:13:45.5529540Z</when>
        <gx:coord>13.139949 48.690998 980.522</gx:coord>
        <when>2025-01-01T00:13:46.1229540Z</when>
        <gx:coord>13.139777 48.69175 980.522</gx:coord>
        <when>2025-01-01T00:13:50.1139540Z</when>
        <gx:coord>13.13952 48.69323 1003.38196</gx:coord>
        <when>2025-01-01T00:13:50.5529540Z</when>
        <gx:coord>13.13952 48.69323 1003.38196</gx:coord>
        <when>2025-01-01T00:13:55.5529540Z</when>
        <gx:coord>13.139284 48.69471 1014.05</gx:coord>
        <when>2025-01-01T00:14:00.5769540Z</when>
        <gx:coord>13.138876 48.6969 1030.814</gx:coord>
        <when>2025-01-01T00:14:02.1059540Z</when>
        <gx:coord>13.138769 48.697628 1035.386</gx:coord>
        <when>2025-01-01T00:14:05.5539540Z</when>
        <gx:coord>13.138639 48.69838 1038.434</gx:coord>
        <when>2025-01-01T00:14:10.5529540Z</when>
        <gx:coord>13.138168 48.700634 1049.1019</gx:coord>
        <when>2025-01-01T00:14:12.1029540Z</when>
        <gx:coord>13.138168 48.700634 1049.1019</gx:coord>
        <when>2025-01-01T00:14:15.5539540Z</when>
        <gx:coord>13.137653 48.702133 1061.294</gx:coord>
        <when>2025-01-01T00:14:16.1219540Z</when>
        <gx:coord>13.137396 48.702908 1068.914</gx:coord>
        <when>2025-01-01T00:14:20.5539540Z</when>
        <gx:coord>13.136988 48.704475 1079.582</gx:coord>
        <when>2025-01-01T00:14:25.5539540Z</when>
        <gx:coord>13.136709 48.706062 1090.25</gx:coord>
        <when>2025-01-01T00:14:28.1119540Z</when>
        <gx:coord>13.136538 48.70765 1099.394</gx:coord>
        <when>2025-01-01T00:14:30.1169540Z</when>
        <gx:coord>13.136452 48.708443 1099.394</gx:coord>
        <when>2025-01-01T00:14:30.5529540Z</when>
        <gx:coord>13.136452 48.708443 1103.966</gx:coord>
        <when>2025-01-01T00:14:35.5539540Z</when>
        <gx:coord>13.136344 48.71001 1125.302</gx:coord>
        <when>2025-01-01T00:14:36.0939540Z</when>
        <gx:coord>13.136236 48.710762 1135.97</gx:coord>
        <when>2025-01-01T00:14:40.5539540Z</when>
        <gx:coord>13.135872 48.712265 1152.734</gx:coord>
        <when>2025-01-01T00:14:44.1159540Z</when>
        <gx:coord>13.135271 48.713764 1167.974</gx:coord>
        <when>2025-01-01T00:14:45.5539540Z</when>
        <gx:coord>13.135271 48.713764 1167.974</gx:coord>
        <when>2025-01-01T00:14:50.5639540Z</when>
        <gx:coord>13.134069 48.71604 1195.406</gx:coord>
        <when>2025-01-01T00:14:52.1109540Z</when>
        <gx:coord>13.134069 48.71604 1195.406</gx:coord>
        <when>2025-01-01T00:14:52.1109540Z</when>
        <gx:coord>13.133597 48.716812 1203.026</gx:coord>
        <when>2025-01-01T00:14:55.5539540Z</when>
        <gx:coord>13.133125 48.717606 1209.122</gx:coord>
        <when>2025-01-01T00:14:58.0999540Z</when>
        <gx:coord>13.132631 48.7184 1212.17</gx:coord>
        <when>2025-01-01T00:15:00.5729540Z</when>
        <gx:coord>13.131537 48.72001 1218.266</gx:coord>
        <when>2025-01-01T00:15:05.5539540Z</when>
        <gx:coord>13.130422 48.72164 1225.886</gx:coord>
        <when>2025-01-01T00:15:08.1149540Z</when>
        <gx:coord>13.129328 48.72327 1238.078</gx:coord>
        <when>2025-01-01T00:15:10.5539540Z</when>
        <gx:coord>13.128791 48.724064 1245.698</gx:coord>
        <when>2025-01-01T00:15:12.1129540Z</when>
        <gx:coord>13.128254 48.724857 1245.698</gx:coord>
        <when>2025-01-01T00:15:15.5539540Z</when>
        <gx:coord>13.127718 48.725655 1260.938</gx:coord>
        <when>2025-01-01T00:15:18.1129540Z</when>
        <gx:coord>13.126623 48.72722 1273.13</gx:coord>
        <when>2025-01-01T00:15:20.5539540Z</when>
        <gx:coord>13.126066 48.727993 1279.226</gx:coord>
        <when>2025-01-01T00:15:25.5539540Z</when>
        <gx:coord>13.124971 48.729557 1291.418</gx:coord>
        <when>2025-01-01T00:15:30.1019540Z</when>
        <gx:coord>13.123255 48.731895 1305.1342</gx:coord>
        <when>2025-01-01T00:15:30.5539540Z</when>
        <gx:coord>13.123255 48.731895 1305.1342</gx:coord>
        <when>2025-01-01T00:15:35.5539540Z</when>
        <gx:coord>13.122096 48.733463 1314.278</gx:coord>
        <when>2025-01-01T00:15:40.5539540Z</when>
        <gx:coord>13.120337 48.735825 1327.994</gx:coord>
        <when>2025-01-01T00:15:44.1129540Z</when>
        <gx:coord>13.119156 48.73739 1341.71</gx:coord>
        <when>2025-01-01T00:15:45.5539540Z</when>
        <gx:coord>13.119156 48.73739 1341.71</gx:coord>
        <when>2025-01-01T00:15:50.5539540Z</when>
        <gx:coord>13.117418 48.73973 1358.474</gx:coord>
        <when>2025-01-01T00:15:52.1169540Z</when>
        <gx:coord>13.116817 48.7405 1358.474</gx:coord>
        <when>2025-01-01T00:15:55.5539540Z</when>
        <gx:coord>13.116238 48.741295 1364.57</gx:coord>
        <when>2025-01-01T00:15:56.1169540Z</when>
        <gx:coord>13.115637 48.74209 1373.714</gx:coord>
        <when>2025-01-01T00:16:00.5899540Z</when>
        <gx:coord>13.114479 48.7437 1390.4781</gx:coord>
        <when>2025-01-01T00:16:04.1169540Z</when>
        <gx:coord>13.113341 48.745285 1404.194</gx:coord>
        <when>2025-01-01T00:16:05.5539540Z</when>
        <gx:coord>13.113341 48.745285 1404.194</gx:coord>
        <when>2025-01-01T00:16:10.5549540Z</when>
        <gx:coord>13.111625 48.74771 1413.338</gx:coord>
        <when>2025-01-01T00:16:14.1129540Z</when>
        <gx:coord>13.111046 48.748528 1413.338</gx:coord>
        <when>2025-01-01T00:16:15.5549540Z</when>
        <gx:coord>13.110466 48.749363 1411.814</gx:coord>
        <when>2025-01-01T00:16:20.5549540Z</when>
        <gx:coord>13.108685 48.75196 1413.3821</gx:coord>
        <when>2025-01-01T00:16:25.5549540Z</when>
        <gx:coord>13.107505 48.75376 1410.334</gx:coord>
        <when>2025-01-01T00:16:30.1219540Z</when>
        <gx:coord>13.105831 48.756573 1410.334</gx:coord>
        <when>2025-01-01T00:16:30.5549540Z</when>
        <gx:coord>13.105831 48.756573 1410.334</gx:coord>
        <when>2025-01-01T00:16:32.1119540Z</when>
        <gx:coord>13.105831 48.756573 1410.334</gx:coord>
        <when>2025-01-01T00:16:33.3269540Z</when>
        <gx:coord>13.105295 48.75752 1410.334</gx:coord>
        <when>2025-01-01T00:16:35.4959540Z</when>
        <gx:coord>13.104758 48.758484 1410.334</gx:coord>
        <when>2025-01-01T00:16:46.2029540Z</when>
        <gx:coord>13.101475 48.764385 1410.334</gx:coord>
        <when>2025-01-01T00:16:51.2039540Z</when>
        <gx:coord>13.100381 48.76638 1411.858</gx:coord>
        <when>2025-01-01T00:16:56.2039540Z</when>
        <gx:coord>13.098728 48.76934 1411.858</gx:coord>
        <when>2025-01-01T00:17:01.2029540Z</when>
        <gx:coord>13.097612 48.771317 1411.858</gx:coord>
        <when>2025-01-01T00:17:02.1199540Z</when>
        <gx:coord>13.097055 48.77228 1411.858</gx:coord>
        <when>2025-01-01T00:17:06.2039540Z</when>
        <gx:coord>13.095896 48.77423 1416.43</gx:coord>
        <when>2025-01-01T00:17:11.2039540Z</when>
        <gx:coord>13.094694 48.776184 1414.906</gx:coord>
        <when>2025-01-01T00:17:16.2039540Z</when>
        <gx:coord>13.092892 48.779125 1416.43</gx:coord>
        <when>2025-01-01T00:17:21.2039540Z</when>
        <gx:coord>13.091604 48.781097 1416.43</gx:coord>
        <when>2025-01-01T00:17:26.2039540Z</when>
        <gx:coord>13.089609 48.784126 1413.3821</gx:coord>
        <when>2025-01-01T00:17:28.1089540Z</when>
        <gx:coord>13.089609 48.784126 1413.3821</gx:coord>
        <when>2025-01-01T00:17:31.2309540Z</when>
        <gx:coord>13.088236 48.786163 1411.858</gx:coord>
        <when>2025-01-01T00:17:34.1209540Z</when>
        <gx:coord>13.086863 48.7882 1413.3821</gx:coord>
        <when>2025-01-01T00:17:36.2039540Z</when>
        <gx:coord>13.086176 48.78923 1408.81</gx:coord>
        <when>2025-01-01T00:17:41.2039540Z</when>
        <gx:coord>13.084824 48.79127 1410.334</gx:coord>
        <when>2025-01-01T00:17:46.2279540Z</when>
        <gx:coord>13.082764 48.79432 1411.858</gx:coord>
        <when>2025-01-01T00:17:51.2039540Z</when>
        <gx:coord>13.081412 48.7964 1410.334</gx:coord>
        <when>2025-01-01T00:17:56.2049540Z</when>
        <gx:coord>13.079309 48.79947 1407.286</gx:coord>
        <when>2025-01-01T00:18:01.2039540Z</when>
        <gx:coord>13.077807 48.80153 1404.238</gx:coord>
        <when>2025-01-01T00:18:04.1179540Z</when>
        <gx:coord>13.076284 48.803608 1402.714</gx:coord>
        <when>2025-01-01T00:18:06.2049540Z</when>
        <gx:coord>13.075512 48.804638 1401.1901</gx:coord>
        <when>2025-01-01T00:18:11.2049540Z</when>
        <gx:coord>13.073945 48.806698 1402.714</gx:coord>
        <when>2025-01-01T00:19:25.1899540Z</when>
        <gx:coord>13.064482 48.818413 1408.81</gx:coord>
        <when>2025-01-01T00:19:25.1979540Z</when>
        <gx:coord>13.052338 48.83382 1405.7621</gx:coord>
        <when>2025-01-01T00:19:25.1999540Z</when>
        <gx:coord>13.051651 48.834743 1407.286</gx:coord>
        <when>2025-01-01T00:19:25.6709540Z</when>
        <gx:coord>13.046158 48.84191 1410.334</gx:coord>
        <when>2025-01-01T00:19:30.6719540Z</when>
        <gx:coord>13.04414 48.84453 1411.858</gx:coord>
        <when>2025-01-01T00:19:32.0409540Z</when>
        <gx:coord>13.04414 48.84453 1411.858</gx:coord>
        <when>2025-01-01T00:19:44.1699540Z</when>
        <gx:coord>13.0407715 48.848843 1410.334</gx:coord>
        <when>2025-01-01T00:19:44.6699540Z</when>
        <gx:coord>13.039398 48.85056 1410.334</gx:coord>
        <when>2025-01-01T00:19:49.6709540Z</when>
        <gx:coord>13.038025 48.852253 1408.81</gx:coord>
        <when>2025-01-01T00:19:55.0009540Z</when>
        <gx:coord>13.03603 48.854786 1410.334</gx:coord>
        <when>2025-01-01T00:19:58.1179540Z</when>
        <gx:coord>13.035364 48.8556 1411.858</gx:coord>
        <when>2025-01-01T00:19:59.6709540Z</when>
        <gx:coord>13.0346985 48.856438 1414.906</gx:coord>
        <when>2025-01-01T00:20:04.6709540Z</when>
        <gx:coord>13.032724 48.858883 1416.43</gx:coord>
        <when>2025-01-01T00:20:09.6709540Z</when>
        <gx:coord>13.031437 48.860516 1416.43</gx:coord>
        <when>2025-01-01T00:20:14.6709540Z</when>
        <gx:coord>13.029442 48.862984 1417.954</gx:coord>
        <when>2025-01-01T00:20:16.1199540Z</when>
        <gx:coord>13.028734 48.86382 1417.954</gx:coord>
        <when>2025-01-01T00:20:19.6709540Z</when>
        <gx:coord>13.028026 48.864635 1417.954</gx:coord>
        <when>2025-01-01T00:20:24.6709540Z</when>
        <gx:coord>13.025988 48.867165 1416.43</gx:coord>
        <when>2025-01-01T00:20:29.6709540Z</when>
        <gx:coord>13.0247 48.868904 1414.906</gx:coord>
        <when>2025-01-01T00:20:34.6719540Z</when>
        <gx:coord>13.02279 48.871502 1414.906</gx:coord>
        <when>2025-01-01T00:20:39.6709540Z</when>
        <gx:coord>13.021524 48.873238 1414.906</gx:coord>
        <when>2025-01-01T00:20:44.6839540Z</when>
        <gx:coord>13.019614 48.8759 1414.906</gx:coord>
        <when>2025-01-01T00:20:49.6719540Z</when>
        <gx:coord>13.01837 48.87768 1414.906</gx:coord>
        <when>2025-01-01T00:20:52.1209540Z</when>
        <gx:coord>13.017103 48.879463 1414.906</gx:coord>
        <when>2025-01-01T00:20:54.6889540Z</when>
        <gx:coord>13.016502 48.880363 1416.43</gx:coord>
        <when>2025-01-01T00:20:59.6719540Z</when>
        <gx:coord>13.015259 48.882187 1413.3821</gx:coord>
        <when>2025-01-01T00:21:04.6719540Z</when>
        <gx:coord>13.013412 48.884933 1413.3821</gx:coord>
        <when>2025-01-01T00:21:09.6719540Z</when>
        <gx:coord>13.012147 48.88678 1411.858</gx:coord>
        <when>2025-01-01T00:21:14.6719540Z</when>
        <gx:coord>13.010216 48.889526 1414.906</gx:coord>
        <when>2025-01-01T00:21:19.6719540Z</when>
        <gx:coord>13.008885 48.89135 1416.43</gx:coord>
        <when>2025-01-01T00:21:20.1139540Z</when>
        <gx:coord>13.008885 48.89135 1416.43</gx:coord>
        <when>2025-01-01T00:21:24.6719540Z</when>
        <gx:coord>13.006889 48.89414 1413.3821</gx:coord>
        <when>2025-01-01T00:21:26.1199540Z</when>
        <gx:coord>13.006247 48.89508 1413.3821</gx:coord>
        <when>2025-01-01T00:21:29.6719540Z</when>
        <gx:coord>13.005581 48.896027 1411.858</gx:coord>
        <when>2025-01-01T00:21:34.6719540Z</when>
        <gx:coord>13.00365 48.898903 1405.7621</gx:coord>
        <when>2025-01-01T00:21:39.6719540Z</when>
        <gx:coord>13.002362 48.90081 1404.238</gx:coord>
        <when>2025-01-01T00:21:44.6789540Z</when>
        <gx:coord>13.000452 48.90371 1404.238</gx:coord>
        <when>2025-01-01T00:21:49.6719540Z</when>
        <gx:coord>12.9991865 48.905575 1411.858</gx:coord>
        <when>2025-01-01T00:21:54.6929540Z</when>
        <gx:coord>12.997298 48.908302 1414.906</gx:coord>
        <when>2025-01-01T00:21:59.6729540Z</when>
        <gx:coord>12.996011 48.910126 1417.954</gx:coord>
        <when>2025-01-01T00:22:00.1209540Z</when>
        <gx:coord>12.995346 48.91105 1417.954</gx:coord>
        <when>2025-01-01T00:22:04.6719540Z</when>
        <gx:coord>12.994037 48.912914 1419.478</gx:coord>
        <when>2025-01-01T00:22:09.6729540Z</when>
        <gx:coord>12.992685 48.914845 1421.0021</gx:coord>
        <when>2025-01-01T00:22:14.1109540Z</when>
        <gx:coord>12.991333 48.916862 1407.286</gx:coord>
        <when>2025-01-01T00:22:14.6719540Z</when>
        <gx:coord>12.990646 48.91787 1404.238</gx:coord>
        <when>2025-01-01T00:22:19.6729540Z</when>
        <gx:coord>12.989273 48.91991 1401.1901</gx:coord>
        <when>2025-01-01T00:22:37.9809540Z</when>
        <gx:coord>12.984488 48.926903 1402.714</gx:coord>
        <when>2025-01-01T00:22:38.4749540Z</when>
        <gx:coord>12.982471 48.92978 1408.81</gx:coord>
        <when>2025-01-01T00:22:42.2039540Z</when>
        <gx:coord>12.9814625 48.931175 1410.334</gx:coord>
        <when>2025-01-01T00:22:44.1049540Z</when>
        <gx:coord>12.981119 48.93165 1408.81</gx:coord>
        <when>2025-01-01T00:22:47.2049540Z</when>
        <gx:coord>12.979767 48.93349 1410.334</gx:coord>
        <when>2025-01-01T00:22:52.2279540Z</when>
        <gx:coord>12.978136 48.935787 1410.334</gx:coord>
        <when>2025-01-01T00:22:57.2049540Z</when>
        <gx:coord>12.976463 48.93806 1410.334</gx:coord>
        <when>2025-01-01T00:23:02.2049540Z</when>
        <gx:coord>12.974789 48.940273 1411.858</gx:coord>
        <when>2025-01-01T00:23:05.7999540Z</when>
        <gx:coord>12.973437 48.942055 1413.3821</gx:coord>
        <when>2025-01-01T00:23:07.2049540Z</when>
        <gx:coord>12.973094 48.942505 1413.3821</gx:coord>
        <when>2025-01-01T00:23:12.2049540Z</when>
        <gx:coord>12.971399 48.944695 1411.858</gx:coord>
        <when>2025-01-01T00:23:17.2049540Z</when>
        <gx:coord>12.969683 48.946903 1411.858</gx:coord>
        <when>2025-01-01T00:23:22.2059540Z</when>
        <gx:coord>12.967944 48.949135 1413.3821</gx:coord>
        <when>2025-01-01T00:23:27.2059540Z</when>
        <gx:coord>12.966164 48.951385 1411.858</gx:coord>
        <when>2025-01-01T00:23:32.2049540Z</when>
        <gx:coord>12.964425 48.953663 1411.858</gx:coord>
        <when>2025-01-01T00:23:37.2289540Z</when>
        <gx:coord>12.962687 48.95596 1413.3821</gx:coord>
        <when>2025-01-01T00:23:38.8009540Z</when>
        <gx:coord>12.961979 48.9569 1414.906</gx:coord>
        <when>2025-01-01T00:23:42.2099540Z</when>
        <gx:coord>12.960884 48.958298 1411.858</gx:coord>
        <when>2025-01-01T00:23:47.2059540Z</when>
        <gx:coord>12.95904 48.96068 1417.954</gx:coord>
        <when>2025-01-01T00:23:52.2059540Z</when>
        <gx:coord>12.957215 48.963104 1419.478</gx:coord>
        <when>2025-01-01T00:23:53.7949540Z</when>
        <gx:coord>12.956829 48.963596 1419.478</gx:coord>
        <when>2025-01-01T00:23:57.2059540Z</when>
        <gx:coord>12.95537 48.965614 1411.858</gx:coord>
        <when>2025-01-01T00:24:02.2059540Z</when>
        <gx:coord>12.953461 48.96823 1408.81</gx:coord>
        <when>2025-01-01T00:24:07.2279540Z</when>
        <gx:coord>12.951572 48.970913 1414.906</gx:coord>
        <when>2025-01-01T00:24:08.8029540Z</when>
        <gx:coord>12.950821 48.971985 1416.43</gx:coord>
        <when>2025-01-01T00:24:11.7949540Z</when>
        <gx:coord>12.950048 48.97306 1411.858</gx:coord>
        <when>2025-01-01T00:24:12.2059540Z</when>
        <gx:coord>12.949662 48.973618 1410.334</gx:coord>
        <when>2025-01-01T00:24:17.2059540Z</when>
        <gx:coord>12.947731 48.97634 1405.7621</gx:coord>
        <when>2025-01-01T00:24:22.2059540Z</when>
        <gx:coord>12.945864 48.97911 1401.1901</gx:coord>
        <when>2025-01-01T00:24:27.2059540Z</when>
        <gx:coord>12.944061 48.981857 1404.238</gx:coord>
        <when>2025-01-01T00:24:32.2059540Z</when>
        <gx:coord>12.942238 48.98458 1399.666</gx:coord>
        <when>2025-01-01T00:24:36.8019540Z</when>
        <gx:coord>12.9403925 48.987244 1401.1901</gx:coord>
        <when>2025-01-01T00:24:37.2059540Z</when>
        <gx:coord>12.9403925 48.987244 1401.1901</gx:coord>
        <when>2025-01-01T00:24:42.2309540Z</when>
        <gx:coord>12.938612 48.98986 1402.714</gx:coord>
        <when>2025-01-01T00:24:46.7959540Z</when>
        <gx:coord>12.93726 48.991943 1404.238</gx:coord>
        <when>2025-01-01T00:24:47.2059540Z</when>
        <gx:coord>12.936916 48.992435 1404.238</gx:coord>
        <when>2025-01-01T00:24:52.2059540Z</when>
        <gx:coord>12.9352 48.99497 1404.238</gx:coord>
        <when>2025-01-01T00:24:57.2069540Z</when>
        <gx:coord>12.933504 48.997437 1402.714</gx:coord>
        <when>2025-01-01T00:25:02.2069540Z</when>
        <gx:coord>12.931809 48.99988 1404.238</gx:coord>
        <when>2025-01-01T00:25:07.2069540Z</when>
        <gx:coord>12.93005 49.002327 1413.3821</gx:coord>
        <when>2025-01-01T00:25:07.8039540Z</when>
        <gx:coord>12.929707 49.002842 1413.3821</gx:coord>
        <when>2025-01-01T00:25:12.2069540Z</when>
        <gx:coord>12.92829 49.004837 1413.3821</gx:coord>
        <when>2025-01-01T00:25:17.2069540Z</when>
        <gx:coord>12.926552 49.007435 1405.7621</gx:coord>
        <when>2025-01-01T00:25:22.2069540Z</when>
        <gx:coord>12.924814 49.01001 1408.81</gx:coord>
        <when>2025-01-01T00:25:27.2069540Z</when>
        <gx:coord>12.923033 49.012543 1411.858</gx:coord>
        <when>2025-01-01T00:25:32.2059540Z</when>
        <gx:coord>12.921252 49.01503 1417.954</gx:coord>
        <when>2025-01-01T00:25:37.2069540Z</when>
        <gx:coord>12.91945 49.01748 1416.43</gx:coord>
        <when>2025-01-01T00:25:37.8019540Z</when>
        <gx:coord>12.919085 49.01797 1416.43</gx:coord>
        <when>2025-01-01T00:25:42.2269540Z</when>
        <gx:coord>12.917604 49.019924 1416.43</gx:coord>
        <when>2025-01-01T00:25:47.2069540Z</when>
        <gx:coord>12.915695 49.022305 1402.714</gx:coord>
        <when>2025-01-01T00:25:52.2259540Z</when>
        <gx:coord>12.913828 49.024666 1405.7621</gx:coord>
        <when>2025-01-01T00:25:57.2069540Z</when>
        <gx:coord>12.912004 49.027027 1407.286</gx:coord>
        <when>2025-01-01T00:26:02.2069540Z</when>
        <gx:coord>12.910158 49.029343 1410.334</gx:coord>
        <when>2025-01-01T00:26:07.2069540Z</when>
        <gx:coord>12.908249 49.031662 1411.858</gx:coord>
        <when>2025-01-01T00:26:09.8029540Z</when>
        <gx:coord>12.907068 49.033054 1413.3821</gx:coord>
        <when>2025-01-01T00:26:12.2069540Z</when>
        <gx:coord>12.906296 49.034 1411.858</gx:coord>
        <when>2025-01-01T00:26:17.2079540Z</when>
        <gx:coord>12.904366 49.03638 1408.81</gx:coord>
        <when>2025-01-01T00:26:22.2069540Z</when>
        <gx:coord>12.902455 49.038784 1407.286</gx:coord>
        <when>2025-01-01T00:26:27.2079540Z</when>
        <gx:coord>12.900567 49.041187 1405.7621</gx:coord>
        <when>2025-01-01T00:26:32.2069540Z</when>
        <gx:coord>12.898679 49.04359 1408.81</gx:coord>
        <when>2025-01-01T00:26:37.2069540Z</when>
        <gx:coord>12.896833 49.045975 1408.81</gx:coord>
        <when>2025-01-01T00:26:40.8029540Z</when>
        <gx:coord>12.895353 49.047905 1408.81</gx:coord>
        <when>2025-01-01T00:26:42.2229540Z</when>
        <gx:coord>12.894988 49.048397 1411.858</gx:coord>
        <when>2025-01-01T00:26:47.2069540Z</when>
        <gx:coord>12.893208 49.050823 1408.81</gx:coord>
        <when>2025-01-01T00:26:52.2069540Z</when>
        <gx:coord>12.891383 49.053246 1411.858</gx:coord>
        <when>2025-01-01T00:26:57.2229540Z</when>
        <gx:coord>12.889581 49.055695 1410.334</gx:coord>
        <when>2025-01-01T00:27:02.2069540Z</when>
        <gx:coord>12.887756 49.05814 1408.81</gx:coord>
        <when>2025-01-01T00:27:07.2079540Z</when>
        <gx:coord>12.885912 49.060585 1405.7621</gx:coord>
        <when>2025-01-01T00:27:11.8039540Z</when>
        <gx:coord>12.884151 49.06301 1408.81</gx:coord>
        <when>2025-01-01T00:27:12.2079540Z</when>
        <gx:coord>12.884151 49.06301 1410.334</gx:coord>
        <when>2025-01-01T00:27:17.2069540Z</when>
        <gx:coord>12.882414 49.065414 1413.3821</gx:coord>
        <when>2025-01-01T00:27:22.2079540Z</when>
        <gx:coord>12.880676 49.067818 1413.3821</gx:coord>
        <when>2025-01-01T00:27:27.2249540Z</when>
        <gx:coord>12.878938 49.07022 1408.81</gx:coord>
        <when>2025-01-01T00:27:32.2069540Z</when>
        <gx:coord>12.877199 49.0726 1407.286</gx:coord>
        <when>2025-01-01T00:27:37.2249540Z</when>
        <gx:coord>12.875483 49.074963 1405.7621</gx:coord>
        <when>2025-01-01T00:27:42.2249540Z</when>
        <gx:coord>12.873766 49.07728 1405.7621</gx:coord>
        <when>2025-01-01T00:27:43.8029540Z</when>
        <gx:coord>12.873101 49.0782 1405.7621</gx:coord>
        <when>2025-01-01T00:27:44.7969540Z</when>
        <gx:coord>12.873101 49.0782 1405.7621</gx:coord>
        <when>2025-01-01T00:27:47.2079540Z</when>
        <gx:coord>12.872071 49.079597 1405.7621</gx:coord>
        <when>2025-01-01T00:27:52.2079540Z</when>
        <gx:coord>12.870398 49.081936 1408.81</gx:coord>
        <when>2025-01-01T00:27:57.2069540Z</when>
        <gx:coord>12.868724 49.084362 1410.334</gx:coord>
        <when>2025-01-01T00:28:02.2079540Z</when>
        <gx:coord>12.86705 49.086765 1408.81</gx:coord>
        <when>2025-01-01T00:28:07.2079540Z</when>
        <gx:coord>12.865334 49.089146 1410.334</gx:coord>
        <when>2025-01-01T00:28:12.2079540Z</when>
        <gx:coord>12.863596 49.091507 1410.334</gx:coord>
        <when>2025-01-01T00:28:15.8039540Z</when>
        <gx:coord>12.862179 49.093395 1410.334</gx:coord>
        <when>2025-01-01T00:28:17.2079540Z</when>
        <gx:coord>12.8618355 49.093864 1408.81</gx:coord>
        <when>2025-01-01T00:28:22.2079540Z</when>
        <gx:coord>12.860098 49.096207 1410.334</gx:coord>
        <when>2025-01-01T00:28:27.2079540Z</when>
        <gx:coord>12.858381 49.098545 1411.858</gx:coord>
        <when>2025-01-01T00:28:32.2079540Z</when>
        <gx:coord>12.856644 49.10084 1411.858</gx:coord>
        <when>2025-01-01T00:28:37.2079540Z</when>
        <gx:coord>12.854905 49.103157 1413.3821</gx:coord>
        <when>2025-01-01T00:28:42.2279540Z</when>
        <gx:coord>12.853167 49.105453 1414.906</gx:coord>
        <when>2025-01-01T00:28:47.2079540Z</when>
        <gx:coord>12.851408 49.10775 1414.906</gx:coord>
        <when>2025-01-01T00:28:48.8039540Z</when>
        <gx:coord>12.850699 49.108673 1416.43</gx:coord>
        <when>2025-01-01T00:28:52.2079540Z</when>
        <gx:coord>12.849669 49.11009 1417.954</gx:coord>
        <when>2025-01-01T00:28:57.2079540Z</when>
        <gx:coord>12.847889 49.11249 1417.954</gx:coord>
        <when>2025-01-01T00:29:02.2079540Z</when>
        <gx:coord>12.846065 49.11496 1411.858</gx:coord>
        <when>2025-01-01T00:29:07.2079540Z</when>
        <gx:coord>12.844284 49.117447 1411.858</gx:coord>
        <when>2025-01-01T00:29:11.7979540Z</when>
        <gx:coord>12.842867 49.119465 1414.906</gx:coord>
        <when>2025-01-01T00:29:12.2079540Z</when>
        <gx:coord>12.842503 49.119957 1416.43</gx:coord>
        <when>2025-01-01T00:29:17.2079540Z</when>
        <gx:coord>12.8407 49.122536 1413.3821</gx:coord>
        <when>2025-01-01T00:29:19.8029540Z</when>
        <gx:coord>12.839627 49.124077 1411.858</gx:coord>
        <when>2025-01-01T00:29:22.2089540Z</when>
        <gx:coord>12.838919 49.125107 1408.81</gx:coord>
        <when>2025-01-01T00:29:27.2079540Z</when>
        <gx:coord>12.83716 49.12764 1410.334</gx:coord>
        <when>2025-01-01T00:29:32.2089540Z</when>
        <gx:coord>12.835422 49.130196 1411.858</gx:coord>
        <when>2025-01-01T00:29:37.2089540Z</when>
        <gx:coord>12.833641 49.132706 1410.334</gx:coord>
        <when>2025-01-01T00:29:42.2219540Z</when>
        <gx:coord>12.831881 49.135193 1405.7621</gx:coord>
        <when>2025-01-01T00:29:47.2089540Z</when>
        <gx:coord>12.830122 49.137596 1408.81</gx:coord>
        <when>2025-01-01T00:29:50.8049540Z</when>
        <gx:coord>12.828727 49.139442 1413.3821</gx:coord>
        <when>2025-01-01T00:29:52.2089540Z</when>
        <gx:coord>12.828383 49.139915 1416.43</gx:coord>
        <when>2025-01-01T00:29:57.2089540Z</when>
        <gx:coord>12.826603 49.142212 1416.43</gx:coord>
        <when>2025-01-01T00:30:02.2079540Z</when>
        <gx:coord>12.824821 49.14451 1413.3821</gx:coord>
        <when>2025-01-01T00:30:07.2079540Z</when>
        <gx:coord>12.823019 49.146847 1413.3821</gx:coord>
        <when>2025-01-01T00:30:12.2099540Z</when>
        <gx:coord>12.821174 49.149204 1411.858</gx:coord>
        <when>2025-01-01T00:30:17.2079540Z</when>
        <gx:coord>12.819328 49.151543 1410.334</gx:coord>
        <when>2025-01-01T00:30:22.2089540Z</when>
        <gx:coord>12.817526 49.153927 1411.858</gx:coord>
        <when>2025-01-01T00:30:22.8049540Z</when>
        <gx:coord>12.817162 49.1544 1411.858</gx:coord>
        <when>2025-01-01T00:30:27.2089540Z</when>
        <gx:coord>12.815702 49.156307 1411.858</gx:coord>
        <when>2025-01-01T00:30:32.2089540Z</when>
        <gx:coord>12.813878 49.15869 1411.858</gx:coord>
        <when>2025-01-01T00:30:37.2089540Z</when>
        <gx:coord>12.812054 49.16107 1410.334</gx:coord>
        <when>2025-01-01T00:30:52.9219540Z</when>
        <gx:coord>12.80654 49.16869 1408.81</gx:coord>
        <when>2025-01-01T00:30:54.7979540Z</when>
        <gx:coord>12.805896 49.169632 1408.81</gx:coord>
        <when>2025-01-01T00:30:57.9239540Z</when>
        <gx:coord>12.804952 49.171112 1410.334</gx:coord>
        <when>2025-01-01T00:31:02.9229540Z</when>
        <gx:coord>12.803429 49.17356 1408.81</gx:coord>
        <when>2025-01-01T00:31:07.9229540Z</when>
        <gx:coord>12.801926 49.17605 1407.286</gx:coord>
        <when>2025-01-01T00:31:12.9229540Z</when>
        <gx:coord>12.800446 49.178516 1407.286</gx:coord>
        <when>2025-01-01T00:31:17.9259540Z</when>
        <gx:coord>12.798986 49.180984 1407.286</gx:coord>
        <when>2025-01-01T00:31:22.9229540Z</when>
        <gx:coord>12.797527 49.183453 1410.334</gx:coord>
        <when>2025-01-01T00:31:26.8059540Z</when>
        <gx:coord>12.796369 49.185425 1410.334</gx:coord>
        <when>2025-01-01T00:31:27.9249540Z</when>
        <gx:coord>12.796068 49.18592 1410.334</gx:coord>
        <when>2025-01-01T00:31:32.9229540Z</when>
        <gx:coord>12.794544 49.18839 1411.858</gx:coord>
        <when>2025-01-01T00:31:37.9229540Z</when>
        <gx:coord>12.793021 49.1909 1416.43</gx:coord>
        <when>2025-01-01T00:31:42.9229540Z</when>
        <gx:coord>12.791412 49.193493 1417.954</gx:coord>
        <when>2025-01-01T00:31:47.9229540Z</when>
        <gx:coord>12.789803 49.196175 1421.0021</gx:coord>
        <when>2025-01-01T00:31:52.9689540Z</when>
        <gx:coord>12.788172 49.198944 1410.334</gx:coord>
        <when>2025-01-01T00:31:54.7989540Z</when>
        <gx:coord>12.787871 49.1995 1405.7621</gx:coord>
        <when>2025-01-01T00:31:56.8059540Z</when>
        <gx:coord>12.786949 49.201218 1401.1901</gx:coord>
        <when>2025-01-01T00:31:57.9229540Z</when>
        <gx:coord>12.786627 49.201797 1398.142</gx:coord>
        <when>2025-01-01T00:32:02.9229540Z</when>
        <gx:coord>12.785125 49.20463 1399.666</gx:coord>
        <when>2025-01-01T00:32:07.9229540Z</when>
        <gx:coord>12.783623 49.20742 1402.714</gx:coord>
        <when>2025-01-01T00:32:12.9229540Z</when>
        <gx:coord>12.782121 49.210167 1404.238</gx:coord>
        <when>2025-01-01T00:32:17.9229540Z</when>
        <gx:coord>12.780598 49.21283 1408.81</gx:coord>
        <when>2025-01-01T00:32:20.7949540Z</when>
        <gx:coord>12.779975 49.21388 1410.334</gx:coord>
        <when>2025-01-01T00:32:22.9319540Z</when>
        <gx:coord>12.778988 49.215424 1411.858</gx:coord>
        <when>2025-01-01T00:32:25.8059540Z</when>
        <gx:coord>12.777979 49.21695 1411.858</gx:coord>
        <when>2025-01-01T00:32:27.9239540Z</when>
        <gx:coord>12.777292 49.217957 1411.858</gx:coord>
        <when>2025-01-01T00:32:32.9239540Z</when>
        <gx:coord>12.7756405 49.220444 1411.858</gx:coord>
        <when>2025-01-01T00:32:37.9239540Z</when>
        <gx:coord>12.773945 49.222935 1413.3821</gx:coord>
        <when>2025-01-01T00:32:42.9239540Z</when>
        <gx:coord>12.772272 49.225403 1411.858</gx:coord>
        <when>2025-01-01T00:32:47.9239540Z</when>
        <gx:coord>12.7705555 49.227825 1411.858</gx:coord>
        <when>2025-01-01T00:32:52.9369540Z</when>
        <gx:coord>12.76886 49.230274 1408.81</gx:coord>
        <when>2025-01-01T00:32:57.2429540Z</when>
        <gx:coord>12.767508 49.232246 1410.334</gx:coord>
        <when>2025-01-01T00:32:57.9239540Z</when>
        <gx:coord>12.767164 49.232742 1408.81</gx:coord>
        <when>2025-01-01T00:33:02.9239540Z</when>
        <gx:coord>12.765512 49.235207 1407.286</gx:coord>
        <when>2025-01-01T00:33:07.9239540Z</when>
        <gx:coord>12.763861 49.237675 1407.286</gx:coord>
        <when>2025-01-01T00:33:12.9239540Z</when>
        <gx:coord>12.762251 49.24012 1405.7621</gx:coord>
        <when>2025-01-01T00:33:17.9239540Z</when>
        <gx:coord>12.760641 49.242588 1404.238</gx:coord>
        <when>2025-01-01T00:33:22.9239540Z</when>
        <gx:coord>12.759054 49.245056 1402.714</gx:coord>
        <when>2025-01-01T00:33:27.9239540Z</when>
        <gx:coord>12.757509 49.247524 1401.1901</gx:coord>
        <when>2025-01-01T00:33:28.8069540Z</when>
        <gx:coord>12.757208 49.248016 1401.1901</gx:coord>
        <when>2025-01-01T00:33:32.9239540Z</when>
        <gx:coord>12.756028 49.250015 1414.906</gx:coord>
        <when>2025-01-01T00:33:37.9239540Z</when>
        <gx:coord>12.754655 49.25261 1411.188</gx:coord>
        <when>2025-01-01T00:33:42.9239540Z</when>
        <gx:coord>12.753218 49.255184 1409.664</gx:coord>
        <when>2025-01-01T00:33:47.9239540Z</when>
        <gx:coord>12.751715 49.257717 1411.188</gx:coord>
        <when>2025-01-01T00:33:52.9669540Z</when>
        <gx:coord>12.750235 49.26021 1411.188</gx:coord>
        <when>2025-01-01T00:33:57.9239540Z</when>
        <gx:coord>12.748711 49.262672 1403.838</gx:coord>
        <when>2025-01-01T00:33:59.8069540Z</when>
        <gx:coord>12.748089 49.26366 1402.314</gx:coord>
        <when>2025-01-01T00:34:02.9239540Z</when>
        <gx:coord>12.74721 49.265182 1405.3619</gx:coord>
        <when>2025-01-01T00:34:07.9239540Z</when>
        <gx:coord>12.745686 49.267715 1409.934</gx:coord>
        <when>2025-01-01T00:34:12.9249540Z</when>
        <gx:coord>12.744076 49.27027 1406.886</gx:coord>
        <when>2025-01-01T00:34:17.9239540Z</when>
        <gx:coord>12.742424 49.27289 1400.7902</gx:coord>
        <when>2025-01-01T00:34:22.9249540Z</when>
        <gx:coord>12.740793 49.275528 1396.218</gx:coord>
        <when>2025-01-01T00:34:27.9249540Z</when>
        <gx:coord>12.739141 49.278122 1400.7902</gx:coord>
        <when>2025-01-01T00:34:29.8079540Z</when>
        <gx:coord>12.738497 49.279152 1400.7902</gx:coord>
        <when>2025-01-01T00:34:32.9249540Z</when>
        <gx:coord>12.737511 49.280697 1402.314</gx:coord>
        <when>2025-01-01T00:34:37.9249540Z</when>
        <gx:coord>12.73588 49.28327 1406.886</gx:coord>
        <when>2025-01-01T00:34:42.9249540Z</when>
        <gx:coord>12.73427 49.28587 1405.3619</gx:coord>
        <when>2025-01-01T00:34:47.9249540Z</when>
        <gx:coord>12.732596 49.288467 1405.3619</gx:coord>
        <when>2025-01-01T00:34:52.9679540Z</when>
        <gx:coord>12.730902 49.291084 1405.3619</gx:coord>
        <when>2025-01-01T00:34:57.9249540Z</when>
        <gx:coord>12.729227 49.2937 1403.838</gx:coord>
        <when>2025-01-01T00:34:59.8069540Z</when>
        <gx:coord>12.728562 49.294754 1403.838</gx:coord>
        <when>2025-01-01T00:35:02.9249540Z</when>
        <gx:coord>12.727596 49.296318 1403.838</gx:coord>
        <when>2025-01-01T00:35:07.9249540Z</when>
        <gx:coord>12.725987 49.298893 1402.314</gx:coord>
        <when>2025-01-01T00:35:12.9249540Z</when>
        <gx:coord>12.7244425 49.301407 1405.3619</gx:coord>
        <when>2025-01-01T00:35:17.9249540Z</when>
        <gx:coord>12.722919 49.30387 1408.4102</gx:coord>
        <when>2025-01-01T00:35:22.9249540Z</when>
        <gx:coord>12.7213955 49.306297 1409.934</gx:coord>
        <when>2025-01-01T00:35:27.9249540Z</when>
        <gx:coord>12.7198715 49.3087 1409.934</gx:coord>
        <when>2025-01-01T00:35:31.8079540Z</when>
        <gx:coord>12.718649 49.31063 1409.934</gx:coord>
        <when>2025-01-01T00:35:32.9249540Z</when>
        <gx:coord>12.7183485 49.311104 1408.4102</gx:coord>
        <when>2025-01-01T00:35:37.9249540Z</when>
        <gx:coord>12.716804 49.313507 1408.4102</gx:coord>
        <when>2025-01-01T00:35:42.9249540Z</when>
        <gx:coord>12.715151 49.315952 1409.934</gx:coord>
        <when>2025-01-01T00:35:47.9249540Z</when>
        <gx:coord>12.713499 49.318485 1406.886</gx:coord>
        <when>2025-01-01T00:35:52.9739540Z</when>
        <gx:coord>12.711847 49.321083 1399.266</gx:coord>
        <when>2025-01-01T00:35:57.9249540Z</when>
        <gx:coord>12.7102375 49.323677 1399.266</gx:coord>
        <when>2025-01-01T00:36:02.8039540Z</when>
        <gx:coord>12.70865 49.326252 1402.314</gx:coord>
        <when>2025-01-01T00:36:02.9249540Z</when>
        <gx:coord>12.70865 49.326252 1402.314</gx:coord>
        <when>2025-01-01T00:36:07.9249540Z</when>
        <gx:coord>12.707062 49.328827 1402.314</gx:coord>
        <when>2025-01-01T00:36:12.9319540Z</when>
        <gx:coord>12.705517 49.3314 1399.266</gx:coord>
        <when>2025-01-01T00:36:17.9259540Z</when>
        <gx:coord>12.703951 49.333977 1402.314</gx:coord>
        <when>2025-01-01T00:36:22.9259540Z</when>
        <gx:coord>12.702406 49.33651 1405.3619</gx:coord>
        <when>2025-01-01T00:36:27.9259540Z</when>
        <gx:coord>12.700861 49.339043 1406.886</gx:coord>
        <when>2025-01-01T00:36:32.9259540Z</when>
        <gx:coord>12.699316 49.341576 1406.886</gx:coord>
        <when>2025-01-01T00:36:33.8079540Z</when>
        <gx:coord>12.699015 49.342068 1406.886</gx:coord>
        <when>2025-01-01T00:36:37.9259540Z</when>
        <gx:coord>12.697792 49.344063 1406.886</gx:coord>
        <when>2025-01-01T00:36:42.9259540Z</when>
        <gx:coord>12.696268 49.34655 1408.4102</gx:coord>
        <when>2025-01-01T00:36:47.9259540Z</when>
        <gx:coord>12.694723 49.34902 1408.4102</gx:coord>
        <when>2025-01-01T00:36:52.9379540Z</when>
        <gx:coord>12.693157 49.351486 1408.4102</gx:coord>
        <when>2025-01-01T00:36:57.9259540Z</when>
        <gx:coord>12.691547 49.353935 1408.4102</gx:coord>
        <when>2025-01-01T00:37:02.9259540Z</when>
        <gx:coord>12.6899605 49.356358 1412.9819</gx:coord>
        <when>2025-01-01T00:37:05.8069540Z</when>
        <gx:coord>12.689016 49.357838 1417.554</gx:coord>
        <when>2025-01-01T00:37:07.9259540Z</when>
        <gx:coord>12.688372 49.358803 1416.0302</gx:coord>
        <when>2025-01-01T00:37:12.9259540Z</when>
        <gx:coord>12.68672 49.361294 1412.9819</gx:coord>
        <when>2025-01-01T00:37:17.9259540Z</when>
        <gx:coord>12.68511 49.363846 1408.4102</gx:coord>
        <when>2025-01-01T00:37:22.9259540Z</when>
        <gx:coord>12.683501 49.3664 1408.4102</gx:coord>
        <when>2025-01-01T00:37:27.9259540Z</when>
        <gx:coord>12.681934 49.368954 1411.458</gx:coord>
        <when>2025-01-01T00:37:32.9259540Z</when>
        <gx:coord>12.680389 49.37153 1409.934</gx:coord>
        <when>2025-01-01T00:37:36.8079540Z</when>
        <gx:coord>12.679167 49.373566 1406.886</gx:coord>
        <when>2025-01-01T00:37:37.9259540Z</when>
        <gx:coord>12.678844 49.37408 1408.4102</gx:coord>
        <when>2025-01-01T00:37:42.9259540Z</when>
        <gx:coord>12.6772785 49.376614 1406.886</gx:coord>
        <when>2025-01-01T00:37:47.9259540Z</when>
        <gx:coord>12.675755 49.37908 1411.458</gx:coord>
        <when>2025-01-01T00:37:52.9759540Z</when>
        <gx:coord>12.674232 49.38157 1409.934</gx:coord>
        <when>2025-01-01T00:37:57.9259540Z</when>
        <gx:coord>12.6727295 49.384037 1409.934</gx:coord>
        <when>2025-01-01T00:38:02.9259540Z</when>
        <gx:coord>12.671227 49.386463 1409.934</gx:coord>
        <when>2025-01-01T00:38:07.8019540Z</when>
        <gx:coord>12.670026 49.388374 1409.934</gx:coord>
        <when>2025-01-01T00:38:07.9259540Z</when>
        <gx:coord>12.669725 49.388844 1411.458</gx:coord>
        <when>2025-01-01T00:38:08.8029540Z</when>
        <gx:coord>12.669425 49.389317 1411.458</gx:coord>
        <when>2025-01-01T00:38:12.9269540Z</when>
        <gx:coord>12.668245 49.391182 1409.934</gx:coord>
        <when>2025-01-01T00:38:17.9259540Z</when>
        <gx:coord>12.666742 49.39346 1411.458</gx:coord>
        <when>2025-01-01T00:38:22.9269540Z</when>
        <gx:coord>12.665262 49.39571 1414.506</gx:coord>
        <when>2025-01-01T00:38:27.9269540Z</when>
        <gx:coord>12.663803 49.397964 1414.506</gx:coord>
        <when>2025-01-01T00:38:32.9269540Z</when>
        <gx:coord>12.662301 49.400196 1414.506</gx:coord>
        <when>2025-01-01T00:38:37.9269540Z</when>
        <gx:coord>12.660756 49.402428 1414.506</gx:coord>
        <when>2025-01-01T00:38:42.8029540Z</when>
        <gx:coord>12.659168 49.404636 1414.506</gx:coord>
        <when>2025-01-01T00:38:42.9269540Z</when>
        <gx:coord>12.659168 49.404636 1414.506</gx:coord>
        <when>2025-01-01T00:38:47.9269540Z</when>
        <gx:coord>12.65758 49.406914 1416.0302</gx:coord>
        <when>2025-01-01T00:38:53.1389540Z</when>
        <gx:coord>12.6560135 49.409187 1414.506</gx:coord>
        <when>2025-01-01T00:38:57.9269540Z</when>
        <gx:coord>12.654448 49.411526 1412.9819</gx:coord>
        <when>2025-01-01T00:39:02.9269540Z</when>
        <gx:coord>12.652924 49.413864 1408.4102</gx:coord>
        <when>2025-01-01T00:39:07.9269540Z</when>
        <gx:coord>12.6514225 49.416225 1409.934</gx:coord>
        <when>2025-01-01T00:39:12.9269540Z</when>
        <gx:coord>12.6499195 49.418587 1408.4102</gx:coord>
        <when>2025-01-01T00:39:15.8089540Z</when>
        <gx:coord>12.64904 49.420002 1409.934</gx:coord>
        <when>2025-01-01T00:39:17.9269540Z</when>
        <gx:coord>12.64846 49.420944 1408.4102</gx:coord>
        <when>2025-01-01T00:39:22.9269540Z</when>
        <gx:coord>12.647001 49.423347 1411.458</gx:coord>
        <when>2025-01-01T00:39:27.9269540Z</when>
        <gx:coord>12.645521 49.42584 1408.4102</gx:coord>
        <when>2025-01-01T00:39:31.8029540Z</when>
        <gx:coord>12.644663 49.427406 1399.266</gx:coord>
        <when>2025-01-01T00:39:32.9269540Z</when>
        <gx:coord>12.644083 49.428455 1399.266</gx:coord>
        <when>2025-01-01T00:39:37.9279540Z</when>
        <gx:coord>12.642668 49.431072 1403.838</gx:coord>
        <when>2025-01-01T00:39:42.9269540Z</when>
        <gx:coord>12.6412945 49.433693 1402.314</gx:coord>
        <when>2025-01-01T00:39:46.8089540Z</when>
        <gx:coord>12.6402 49.435753 1403.838</gx:coord>
        <when>2025-01-01T00:39:47.9269540Z</when>
        <gx:coord>12.639921 49.436268 1408.4102</gx:coord>
        <when>2025-01-01T00:39:52.9619540Z</when>
        <gx:coord>12.638504 49.438843 1409.934</gx:coord>
        <when>2025-01-01T00:39:57.9269540Z</when>
        <gx:coord>12.637003 49.44146 1403.838</gx:coord>
        <when>2025-01-01T00:40:02.9269540Z</when>
        <gx:coord>12.635436 49.4441 1400.7902</gx:coord>
        <when>2025-01-01T00:40:07.9269540Z</when>
        <gx:coord>12.633869 49.44676 1400.7902</gx:coord>
        <when>2025-01-01T00:40:12.9269540Z</when>
        <gx:coord>12.632346 49.44938 1400.7902</gx:coord>
        <when>2025-01-01T00:40:16.8049540Z</when>
        <gx:coord>12.631145 49.45144 1403.838</gx:coord>
        <when>2025-01-01T00:40:17.9269540Z</when>
        <gx:coord>12.630844 49.45195 1406.886</gx:coord>
        <when>2025-01-01T00:40:22.9289540Z</when>
        <gx:coord>12.629299 49.454464 1408.4102</gx:coord>
        <when>2025-01-01T00:40:27.9279540Z</when>
        <gx:coord>12.627754 49.45695 1406.886</gx:coord>
        <when>2025-01-01T00:40:32.9279540Z</when>
        <gx:coord>12.62623 49.459396 1406.886</gx:coord>
        <when>2025-01-01T00:40:37.9279540Z</when>
        <gx:coord>12.624707 49.461823 1408.4102</gx:coord>
        <when>2025-01-01T00:40:40.8039540Z</when>
        <gx:coord>12.624106 49.46277 1408.4102</gx:coord>
        <when>2025-01-01T00:40:42.9279540Z</when>
        <gx:coord>12.623226 49.464184 1409.934</gx:coord>
        <when>2025-01-01T00:40:47.9279540Z</when>
        <gx:coord>12.621725 49.466522 1412.9819</gx:coord>
        <when>2025-01-01T00:40:48.8119540Z</when>
        <gx:coord>12.621424 49.466972 1412.9819</gx:coord>
        <when>2025-01-01T00:40:52.9759540Z</when>
        <gx:coord>12.620222 49.46882 1411.458</gx:coord>
        <when>2025-01-01T00:40:57.9279540Z</when>
        <gx:coord>12.618699 49.471092 1411.458</gx:coord>
        <when>2025-01-01T00:41:02.9279540Z</when>
        <gx:coord>12.617176 49.473347 1411.458</gx:coord>
        <when>2025-01-01T00:41:07.9279540Z</when>
        <gx:coord>12.615609 49.47558 1416.0302</gx:coord>
        <when>2025-01-01T00:41:12.9279540Z</when>
        <gx:coord>12.614 49.477875 1416.0302</gx:coord>
        <when>2025-01-01T00:41:17.9279540Z</when>
        <gx:coord>12.612305 49.480255 1412.9819</gx:coord>
        <when>2025-01-01T00:41:21.8099540Z</when>
        <gx:coord>12.610974 49.48225 1406.886</gx:coord>
        <when>2025-01-01T00:41:22.9279540Z</when>
        <gx:coord>12.610653 49.482765 1406.886</gx:coord>
        <when>2025-01-01T00:41:27.9279540Z</when>
        <gx:coord>12.609022 49.4853 1400.7902</gx:coord>
        <when>2025-01-01T00:41:32.9279540Z</when>
        <gx:coord>12.607433 49.48783 1402.314</gx:coord>
        <when>2025-01-01T00:41:37.9279540Z</when>
        <gx:coord>12.605867 49.49034 1408.4102</gx:coord>
        <when>2025-01-01T00:41:42.8049540Z</when>
        <gx:coord>12.604601 49.49238 1409.934</gx:coord>
        <when>2025-01-01T00:41:42.9279540Z</when>
        <gx:coord>12.604301 49.492893 1411.458</gx:coord>
        <when>2025-01-01T00:41:47.9279540Z</when>
        <gx:coord>12.602798 49.495533 1403.838</gx:coord>
        <when>2025-01-01T00:41:52.8099540Z</when>
        <gx:coord>12.601361 49.49819 1396.218</gx:coord>
        <when>2025-01-01T00:41:52.9489540Z</when>
        <gx:coord>12.601361 49.49819 1396.218</gx:coord>
        <when>2025-01-01T00:41:57.9279540Z</when>
        <gx:coord>12.599924 49.500854 1402.314</gx:coord>
        <when>2025-01-01T00:42:02.9279540Z</when>
        <gx:coord>12.598465 49.503494 1403.838</gx:coord>
        <when>2025-01-01T00:42:07.9289540Z</when>
        <gx:coord>12.596941 49.50607 1406.886</gx:coord>
        <when>2025-01-01T00:42:12.9289540Z</when>
        <gx:coord>12.595417 49.50862 1406.886</gx:coord>
        <when>2025-01-01T00:42:17.9279540Z</when>
        <gx:coord>12.593894 49.51109 1408.4102</gx:coord>
        <when>2025-01-01T00:42:22.9289540Z</when>
        <gx:coord>12.592371 49.513535 1411.458</gx:coord>
        <when>2025-01-01T00:42:23.8069540Z</when>
        <gx:coord>12.59207 49.51403 1411.458</gx:coord>
        <when>2025-01-01T00:42:27.9289540Z</when>
        <gx:coord>12.590826 49.515984 1412.9819</gx:coord>
        <when>2025-01-01T00:42:32.9289540Z</when>
        <gx:coord>12.589281 49.51847 1414.506</gx:coord>
        <when>2025-01-01T00:42:37.9289540Z</when>
        <gx:coord>12.58765 49.52098 1412.9819</gx:coord>
        <when>2025-01-01T00:42:42.9289540Z</when>
        <gx:coord>12.585998 49.523556 1408.4102</gx:coord>
        <when>2025-01-01T00:42:47.9289540Z</when>
        <gx:coord>12.584367 49.52613 1409.934</gx:coord>
        <when>2025-01-01T00:42:52.9479540Z</when>
        <gx:coord>12.582779 49.528706 1400.7902</gx:coord>
        <when>2025-01-01T00:42:54.8089540Z</when>
        <gx:coord>12.582135 49.529736 1400.7902</gx:coord>
        <when>2025-01-01T00:42:57.9289540Z</when>
        <gx:coord>12.581191 49.53128 1400.7902</gx:coord>
        <when>2025-01-01T00:43:02.9289540Z</when>
        <gx:coord>12.579668 49.533855 1400.7902</gx:coord>
        <when>2025-01-01T00:43:07.9289540Z</when>
        <gx:coord>12.578123 49.53639 1400.7902</gx:coord>
        <when>2025-01-01T00:43:12.9289540Z</when>
        <gx:coord>12.57662 49.53892 1402.314</gx:coord>
        <when>2025-01-01T00:43:17.9289540Z</when>
        <gx:coord>12.575075 49.541496 1405.3619</gx:coord>
        <when>2025-01-01T00:43:22.9289540Z</when>
        <gx:coord>12.573444 49.54405 1403.838</gx:coord>
        <when>2025-01-01T00:43:25.8109540Z</when>
        <gx:coord>12.572479 49.545593 1403.838</gx:coord>
        <when>2025-01-01T00:43:27.9289540Z</when>
        <gx:coord>12.5718355 49.546623 1403.838</gx:coord>
        <when>2025-01-01T00:43:32.9289540Z</when>
        <gx:coord>12.570248 49.549175 1403.838</gx:coord>
        <when>2025-01-01T00:43:37.9289540Z</when>
        <gx:coord>12.56866 49.55173 1403.838</gx:coord>
        <when>2025-01-01T00:44:02.0989540Z</when>
        <gx:coord>12.562674 49.561386 1412.9819</gx:coord>
        <when>2025-01-01T00:44:02.5859540Z</when>
        <gx:coord>12.561064 49.563984 1406.886</gx:coord>
        <when>2025-01-01T00:44:07.5869540Z</when>
        <gx:coord>12.559433 49.566643 1402.314</gx:coord>
        <when>2025-01-01T00:44:12.5869540Z</when>
        <gx:coord>12.557845 49.569283 1399.266</gx:coord>
        <when>2025-01-01T00:44:17.5869540Z</when>
        <gx:coord>12.556278 49.5719 1399.266</gx:coord>
        <when>2025-01-01T00:44:22.5869540Z</when>
        <gx:coord>12.554712 49.574455 1403.838</gx:coord>
        <when>2025-01-01T00:44:26.8109540Z</when>
        <gx:coord>12.553146 49.576984 1403.838</gx:coord>
        <when>2025-01-01T00:44:27.5869540Z</when>
        <gx:coord>12.553146 49.576984 1403.838</gx:coord>
        <when>2025-01-01T00:44:34.1019540Z</when>
        <gx:coord>12.550871 49.5804 1403.838</gx:coord>
        <when>2025-01-01T00:44:39.1019540Z</when>
        <gx:coord>12.549284 49.58282 1402.314</gx:coord>
        <when>2025-01-01T00:44:44.1029540Z</when>
        <gx:coord>12.547717 49.585182 1405.3619</gx:coord>
        <when>2025-01-01T00:44:44.7959540Z</when>
        <gx:coord>12.547717 49.585182 1405.3619</gx:coord>
        <when>2025-01-01T00:44:49.1019540Z</when>
        <gx:coord>12.546172 49.587543 1406.886</gx:coord>
        <when>2025-01-01T00:44:54.1029540Z</when>
        <gx:coord>12.544584 49.589905 1406.886</gx:coord>
        <when>2025-01-01T00:44:59.1029540Z</when>
        <gx:coord>12.543018 49.592262 1408.4102</gx:coord>
        <when>2025-01-01T00:44:59.8109540Z</when>
        <gx:coord>12.542717 49.592735 1408.4102</gx:coord>
        <when>2025-01-01T00:45:44.9389540Z</when>
        <gx:coord>12.532482 49.608227 1406.886</gx:coord>
        <when>2025-01-01T00:45:45.4309540Z</when>
        <gx:coord>12.528383 49.61473 1408.4102</gx:coord>
        <when>2025-01-01T00:45:48.8059540Z</when>
        <gx:coord>12.527418 49.616276 1408.4102</gx:coord>
        <when>2025-01-01T00:45:50.4319540Z</when>
        <gx:coord>12.526774 49.617306 1408.4102</gx:coord>
        <when>2025-01-01T00:45:55.4319540Z</when>
        <gx:coord>12.525166 49.6199 1406.886</gx:coord>
        <when>2025-01-01T00:46:00.4319540Z</when>
        <gx:coord>12.523599 49.622498 1403.838</gx:coord>
        <when>2025-01-01T00:46:02.8119540Z</when>
        <gx:coord>12.522676 49.624043 1403.838</gx:coord>
        <when>2025-01-01T00:46:05.4349540Z</when>
        <gx:coord>12.522076 49.625072 1405.3619</gx:coord>
        <when>2025-01-01T00:46:10.4319540Z</when>
        <gx:coord>12.520552 49.627605 1406.886</gx:coord>
        <when>2025-01-01T00:46:15.4319540Z</when>
        <gx:coord>12.51905 49.630116 1406.886</gx:coord>
        <when>2025-01-01T00:46:20.4319540Z</when>
        <gx:coord>12.517527 49.632626 1408.4102</gx:coord>
        <when>2025-01-01T00:46:25.4319540Z</when>
        <gx:coord>12.516024 49.635117 1406.886</gx:coord>
        <when>2025-01-01T00:46:30.4319540Z</when>
        <gx:coord>12.514501 49.63758 1408.4102</gx:coord>
        <when>2025-01-01T00:46:33.8159540Z</when>
        <gx:coord>12.513299 49.639534 1408.4102</gx:coord>
        <when>2025-01-01T00:46:35.4319540Z</when>
        <gx:coord>12.512999 49.64003 1406.886</gx:coord>
        <when>2025-01-01T00:46:40.4319540Z</when>
        <gx:coord>12.511454 49.642433 1406.886</gx:coord>
        <when>2025-01-01T00:46:45.4589540Z</when>
        <gx:coord>12.50993 49.644814 1406.886</gx:coord>
        <when>2025-01-01T00:46:50.4319540Z</when>
        <gx:coord>12.508385 49.647217 1406.886</gx:coord>
        <when>2025-01-01T00:46:55.4319540Z</when>
        <gx:coord>12.506819 49.649662 1403.838</gx:coord>
        <when>2025-01-01T00:47:00.4319540Z</when>
        <gx:coord>12.505167 49.65213 1400.7902</gx:coord>
        <when>2025-01-01T00:47:05.4329540Z</when>
        <gx:coord>12.503514 49.654575 1400.7902</gx:coord>
        <when>2025-01-01T00:47:05.8119540Z</when>
        <gx:coord>12.503171 49.65507 1400.7902</gx:coord>
        <when>2025-01-01T00:47:10.4319540Z</when>
        <gx:coord>12.501905 49.657043 1399.266</gx:coord>
        <when>2025-01-01T00:47:15.4559540Z</when>
        <gx:coord>12.5003605 49.65947 1396.218</gx:coord>
        <when>2025-01-01T00:47:20.4319540Z</when>
        <gx:coord>12.4988365 49.661915 1406.886</gx:coord>
        <when>2025-01-01T00:47:25.4329540Z</when>
        <gx:coord>12.497313 49.664318 1406.886</gx:coord>
        <when>2025-01-01T00:47:30.4329540Z</when>
        <gx:coord>12.495853 49.66672 1400.7902</gx:coord>
        <when>2025-01-01T00:47:30.8009540Z</when>
        <gx:coord>12.495853 49.66672 1400.7902</gx:coord>
        <when>2025-01-01T00:47:35.4329540Z</when>
        <gx:coord>12.494373 49.669083 1400.7902</gx:coord>
        <when>2025-01-01T00:47:37.8129540Z</when>
        <gx:coord>12.493494 49.670498 1402.314</gx:coord>
        <when>2025-01-01T00:47:40.4329540Z</when>
        <gx:coord>12.492914 49.671444 1402.314</gx:coord>
        <when>2025-01-01T00:47:45.4569540Z</when>
        <gx:coord>12.491434 49.673782 1402.314</gx:coord>
        <when>2025-01-01T00:47:50.4329540Z</when>
        <gx:coord>12.489931 49.67612 1403.838</gx:coord>
        <when>2025-01-01T00:47:55.4329540Z</when>
        <gx:coord>12.488408 49.6785 1402.314</gx:coord>
        <when>2025-01-01T00:48:00.4609540Z</when>
        <gx:coord>12.486799 49.68084 1403.838</gx:coord>
        <when>2025-01-01T00:48:05.4339540Z</when>
        <gx:coord>12.48521 49.683243 1403.838</gx:coord>
        <when>2025-01-01T00:48:10.4339540Z</when>
        <gx:coord>12.4836445 49.68567 1405.3619</gx:coord>
        <when>2025-01-01T00:48:10.8159540Z</when>
        <gx:coord>12.483344 49.686142 1405.3619</gx:coord>
        <when>2025-01-01T00:48:15.4339540Z</when>
        <gx:coord>12.4821 49.688114 1403.838</gx:coord>
        <when>2025-01-01T00:48:20.4339540Z</when>
        <gx:coord>12.480555 49.690582 1402.314</gx:coord>
        <when>2025-01-01T00:48:25.4339540Z</when>
        <gx:coord>12.479031 49.69301 1403.838</gx:coord>
        <when>2025-01-01T00:48:30.4339540Z</when>
        <gx:coord>12.477508 49.695454 1403.838</gx:coord>
        <when>2025-01-01T00:48:35.4339540Z</when>
        <gx:coord>12.476006 49.697857 1405.3619</gx:coord>
        <when>2025-01-01T00:48:40.4339540Z</when>
        <gx:coord>12.4745035 49.700283 1403.838</gx:coord>
        <when>2025-01-01T00:48:42.8159540Z</when>
        <gx:coord>12.473645 49.70174 1403.838</gx:coord>
        <when>2025-01-01T00:48:45.4579540Z</when>
        <gx:coord>12.47313 49.70273 1403.838</gx:coord>
        <when>2025-01-01T00:48:47.8089540Z</when>
        <gx:coord>12.472679 49.703735 1405.3619</gx:coord>
        <when>2025-01-01T00:48:50.4339540Z</when>
        <gx:coord>12.472186 49.70528 1406.886</gx:coord>
        <when>2025-01-01T00:48:55.4339540Z</when>
        <gx:coord>12.471499 49.707855 1406.886</gx:coord>
        <when>2025-01-01T00:49:00.4339540Z</when>
        <gx:coord>12.470899 49.71039 1408.4102</gx:coord>
        <when>2025-01-01T00:49:05.4339540Z</when>
        <gx:coord>12.470276 49.71292 1408.4102</gx:coord>
        <when>2025-01-01T00:49:10.4339540Z</when>
        <gx:coord>12.469654 49.71543 1406.886</gx:coord>
        <when>2025-01-01T00:49:15.4349540Z</when>
        <gx:coord>12.469074 49.717983 1409.934</gx:coord>
        <when>2025-01-01T00:49:15.8079540Z</when>
        <gx:coord>12.4689245 49.7185 1409.934</gx:coord>
        <when>2025-01-01T00:49:20.4349540Z</when>
        <gx:coord>12.468367 49.72056 1412.9819</gx:coord>
        <when>2025-01-01T00:49:25.4349540Z</when>
        <gx:coord>12.467594 49.723133 1411.458</gx:coord>
        <when>2025-01-01T00:49:30.4349540Z</when>
        <gx:coord>12.466822 49.725754 1406.886</gx:coord>
        <when>2025-01-01T00:49:35.4349540Z</when>
        <gx:coord>12.46607 49.728413 1402.314</gx:coord>
        <when>2025-01-01T00:49:40.4349540Z</when>
        <gx:coord>12.46532 49.731117 1402.314</gx:coord>
        <when>2025-01-01T00:49:45.4579540Z</when>
        <gx:coord>12.46459 49.73384 1400.7902</gx:coord>
        <when>2025-01-01T00:49:46.8159540Z</when>
        <gx:coord>12.464312 49.734936 1400.7902</gx:coord>
        <when>2025-01-01T00:49:50.4349540Z</when>
        <gx:coord>12.463882 49.736565 1400.7902</gx:coord>
        <when>2025-01-01T00:49:55.4349540Z</when>
        <gx:coord>12.463174 49.73925 1400.7902</gx:coord>
        <when>2025-01-01T00:50:00.4349540Z</when>
        <gx:coord>12.462444 49.74191 1403.838</gx:coord>
        <when>2025-01-01T00:50:05.4349540Z</when>
        <gx:coord>12.461693 49.74455 1408.4102</gx:coord>
        <when>2025-01-01T00:50:10.4349540Z</when>
        <gx:coord>12.4608135 49.747208 1406.886</gx:coord>
        <when>2025-01-01T00:50:13.8089540Z</when>
        <gx:coord>12.460405 49.74884 1405.3619</gx:coord>
        <when>2025-01-01T00:50:15.4359540Z</when>
        <gx:coord>12.460127 49.749954 1400.7902</gx:coord>
        <when>2025-01-01T00:50:17.8109540Z</when>
        <gx:coord>12.459677 49.751587 1400.7902</gx:coord>
        <when>2025-01-01T00:50:20.4349540Z</when>
        <gx:coord>12.459333 49.7527 1403.838</gx:coord>
        <when>2025-01-01T00:50:25.4359540Z</when>
        <gx:coord>12.458496 49.75547 1402.314</gx:coord>
        <when>2025-01-01T00:50:30.4359540Z</when>
        <gx:coord>12.457681 49.758324 1400.7902</gx:coord>
        <when>2025-01-01T00:50:35.4349540Z</when>
        <gx:coord>12.456908 49.7612 1399.266</gx:coord>
        <when>2025-01-01T00:50:40.4359540Z</when>
        <gx:coord>12.456179 49.764076 1400.7902</gx:coord>
        <when>2025-01-01T00:50:45.4619540Z</when>
        <gx:coord>12.455492 49.766953 1402.314</gx:coord>
        <when>2025-01-01T00:50:46.8159540Z</when>
        <gx:coord>12.455235 49.76811 1402.314</gx:coord>
        <when>2025-01-01T00:50:50.4359540Z</when>
        <gx:coord>12.454848 49.769848 1408.4102</gx:coord>
        <when>2025-01-01T00:50:53.8109540Z</when>
        <gx:coord>12.454419 49.77163 1406.886</gx:coord>
        <when>2025-01-01T00:50:55.4359540Z</when>
        <gx:coord>12.45414 49.77283 1405.3619</gx:coord>
        <when>2025-01-01T00:51:12.0819540Z</when>
        <gx:coord>12.451952 49.783024 1397.742</gx:coord>
        <when>2025-01-01T00:51:14.8109540Z</when>
        <gx:coord>12.451587 49.784718 1399.266</gx:coord>
        <when>2025-01-01T00:51:27.4519540Z</when>
        <gx:coord>12.44987 49.791435 1405.3619</gx:coord>
        <when>2025-01-01T00:51:32.4829540Z</when>
        <gx:coord>12.449055 49.794224 1406.886</gx:coord>
        <when>2025-01-01T00:51:37.4529540Z</when>
        <gx:coord>12.448261 49.797012 1405.3619</gx:coord>
        <when>2025-01-01T00:51:42.4529540Z</when>
        <gx:coord>12.447553 49.799847 1400.7902</gx:coord>
        <when>2025-01-01T00:51:44.8169540Z</when>
        <gx:coord>12.447102 49.80154 1402.314</gx:coord>
        <when>2025-01-01T00:51:47.4529540Z</when>
        <gx:coord>12.446802 49.802658 1400.7902</gx:coord>
        <when>2025-01-01T00:51:52.4529540Z</when>
        <gx:coord>12.446072 49.80549 1402.314</gx:coord>
        <when>2025-01-01T00:51:57.4529540Z</when>
        <gx:coord>12.445364 49.808342 1400.7902</gx:coord>
        <when>2025-01-01T00:52:02.4529540Z</when>
        <gx:coord>12.444677 49.81122 1397.742</gx:coord>
        <when>2025-01-01T00:52:07.4579540Z</when>
        <gx:coord>12.444034 49.81407 1396.218</gx:coord>
        <when>2025-01-01T00:52:09.8089540Z</when>
        <gx:coord>12.443798 49.815186 1397.742</gx:coord>
        <when>2025-01-01T00:52:12.4819540Z</when>
        <gx:coord>12.443433 49.81684 1399.266</gx:coord>
        <when>2025-01-01T00:52:14.8169540Z</when>
        <gx:coord>12.443047 49.81847 1399.266</gx:coord>
        <when>2025-01-01T00:52:17.4529540Z</when>
        <gx:coord>12.442789 49.819523 1399.266</gx:coord>
        <when>2025-01-01T00:52:22.4529540Z</when>
        <gx:coord>12.442145 49.82218 1400.7902</gx:coord>
        <when>2025-01-01T00:52:27.4879540Z</when>
        <gx:coord>12.441437 49.8248 1400.7902</gx:coord>
        <when>2025-01-01T00:52:32.4829540Z</when>
        <gx:coord>12.440622 49.827396 1399.266</gx:coord>
        <when>2025-01-01T00:52:37.4539540Z</when>
        <gx:coord>12.439871 49.830013 1396.218</gx:coord>
        <when>2025-01-01T00:52:42.4539540Z</when>
        <gx:coord>12.439098 49.83261 1396.218</gx:coord>
        <when>2025-01-01T00:52:46.8189540Z</when>
        <gx:coord>12.438347 49.835228 1403.838</gx:coord>
        <when>2025-01-01T00:52:47.4539540Z</when>
        <gx:coord>12.438347 49.835228 1403.838</gx:coord>
        <when>2025-01-01T00:52:52.4539540Z</when>
        <gx:coord>12.437532 49.83791 1403.838</gx:coord>
        <when>2025-01-01T00:52:57.4539540Z</when>
        <gx:coord>12.436695 49.840637 1403.838</gx:coord>
        <when>2025-01-01T00:53:02.4539540Z</when>
        <gx:coord>12.435858 49.843384 1403.838</gx:coord>
        <when>2025-01-01T00:53:07.4539540Z</when>
        <gx:coord>12.435064 49.84615 1402.314</gx:coord>
        <when>2025-01-01T00:53:12.4539540Z</when>
        <gx:coord>12.434313 49.848896 1403.838</gx:coord>
        <when>2025-01-01T00:53:16.8179540Z</when>
        <gx:coord>12.433734 49.85169 1406.886</gx:coord>
        <when>2025-01-01T00:53:17.4539540Z</when>
        <gx:coord>12.433734 49.85169 1408.4102</gx:coord>
        <when>2025-01-01T00:53:22.4539540Z</when>
        <gx:coord>12.433111 49.854477 1409.934</gx:coord>
        <when>2025-01-01T00:53:27.4889540Z</when>
        <gx:coord>12.432489 49.857307 1406.886</gx:coord>
        <when>2025-01-01T00:53:32.4539540Z</when>
        <gx:coord>12.43176 49.8601 1405.3619</gx:coord>
        <when>2025-01-01T00:53:37.4539540Z</when>
        <gx:coord>12.431009 49.862865 1405.3619</gx:coord>
        <when>2025-01-01T00:53:42.4539540Z</when>
        <gx:coord>12.430237 49.865612 1405.3619</gx:coord>
        <when>2025-01-01T00:53:46.8169540Z</when>
        <gx:coord>12.429485 49.86836 1406.886</gx:coord>
        <when>2025-01-01T00:53:47.4539540Z</when>
        <gx:coord>12.429485 49.86836 1406.886</gx:coord>
        <when>2025-01-01T00:53:52.4859540Z</when>
        <gx:coord>12.428692 49.871086 1406.886</gx:coord>
        <when>2025-01-01T00:53:57.4539540Z</when>
        <gx:coord>12.427897 49.873787 1408.4102</gx:coord>
        <when>2025-01-01T00:54:02.4539540Z</when>
        <gx:coord>12.427061 49.876534 1408.4102</gx:coord>
        <when>2025-01-01T00:54:07.4549540Z</when>
        <gx:coord>12.426245 49.879345 1406.886</gx:coord>
        <when>2025-01-01T00:54:12.4549540Z</when>
        <gx:coord>12.425408 49.88218 1400.7902</gx:coord>
        <when>2025-01-01T00:54:16.8189540Z</when>
        <gx:coord>12.424614 49.88499 1400.7902</gx:coord>
        <when>2025-01-01T00:54:17.4549540Z</when>
        <gx:coord>12.424614 49.88499 1400.7902</gx:coord>
        <when>2025-01-01T00:54:22.4549540Z</when>
        <gx:coord>12.4238205 49.88778 1402.314</gx:coord>
        <when>2025-01-01T00:54:27.4889540Z</when>
        <gx:coord>12.423048 49.89055 1402.314</gx:coord>
        <when>2025-01-01T00:54:32.4549540Z</when>
        <gx:coord>12.422297 49.893314 1402.314</gx:coord>
        <when>2025-01-01T00:54:37.4549540Z</when>
        <gx:coord>12.421546 49.89606 1402.314</gx:coord>
        <when>2025-01-01T00:54:42.4549540Z</when>
        <gx:coord>12.4207735 49.89879 1400.7902</gx:coord>
        <when>2025-01-01T00:54:46.8239540Z</when>
        <gx:coord>12.419979 49.901512 1400.7902</gx:coord>
        <when>2025-01-01T00:54:47.4549540Z</when>
        <gx:coord>12.419979 49.901512 1400.7902</gx:coord>
        <when>2025-01-01T00:54:52.4549540Z</when>
        <gx:coord>12.419186 49.904217 1399.266</gx:coord>
        <when>2025-01-01T00:54:57.4549540Z</when>
        <gx:coord>12.418392 49.90694 1396.218</gx:coord>
        <when>2025-01-01T00:55:02.4549540Z</when>
        <gx:coord>12.41762 49.909664 1394.694</gx:coord>
        <when>2025-01-01T00:55:07.4549540Z</when>
        <gx:coord>12.416847 49.91237 1393.1699</gx:coord>
        <when>2025-01-01T00:55:12.4549540Z</when>
        <gx:coord>12.416053 49.91505 1405.3619</gx:coord>
        <when>2025-01-01T00:55:17.4549540Z</when>
        <gx:coord>12.415237 49.917755 1397.742</gx:coord>
        <when>2025-01-01T00:55:17.8219540Z</when>
        <gx:coord>12.415087 49.918312 1397.742</gx:coord>
        <when>2025-01-01T00:55:22.4549540Z</when>
        <gx:coord>12.414444 49.92048 1397.742</gx:coord>
        <when>2025-01-01T00:55:27.4719540Z</when>
        <gx:coord>12.41365 49.923206 1397.742</gx:coord>
        <when>2025-01-01T00:55:32.4549540Z</when>
        <gx:coord>12.412877 49.925953 1397.742</gx:coord>
        <when>2025-01-01T00:55:37.4549540Z</when>
        <gx:coord>12.412105 49.9287 1394.694</gx:coord>
        <when>2025-01-01T00:55:42.4549540Z</when>
        <gx:coord>12.411354 49.931423 1394.694</gx:coord>
        <when>2025-01-01T00:55:47.4889540Z</when>
        <gx:coord>12.410582 49.93415 1396.218</gx:coord>
        <when>2025-01-01T00:55:47.8219540Z</when>
        <gx:coord>12.410431 49.934685 1396.218</gx:coord>
        <when>2025-01-01T00:55:52.4559540Z</when>
        <gx:coord>12.40983 49.93685 1397.742</gx:coord>
        <when>2025-01-01T00:55:57.4569540Z</when>
        <gx:coord>12.409079 49.93958 1397.742</gx:coord>
        <when>2025-01-01T00:56:02.4559540Z</when>
        <gx:coord>12.408242 49.942303 1400.7902</gx:coord>
        <when>2025-01-01T00:56:07.4549540Z</when>
        <gx:coord>12.407427 49.94509 1394.694</gx:coord>
        <when>2025-01-01T00:56:12.4549540Z</when>
        <gx:coord>12.406633 49.947903 1396.218</gx:coord>
        <when>2025-01-01T00:56:17.4559540Z</when>
        <gx:coord>12.405861 49.950672 1397.742</gx:coord>
        <when>2025-01-01T00:56:17.8199540Z</when>
        <gx:coord>12.40571 49.95123 1397.742</gx:coord>
        <when>2025-01-01T00:56:22.4889540Z</when>
        <gx:coord>12.405109 49.953438 1397.742</gx:coord>
        <when>2025-01-01T00:56:27.4929540Z</when>
        <gx:coord>12.404337 49.956207 1397.742</gx:coord>
        <when>2025-01-01T00:56:32.4559540Z</when>
        <gx:coord>12.403564 49.95893 1397.742</gx:coord>
        <when>2025-01-01T00:56:37.4559540Z</when>
        <gx:coord>12.402771 49.961636 1397.742</gx:coord>
        <when>2025-01-01T00:56:42.4559540Z</when>
        <gx:coord>12.401955 49.964317 1399.266</gx:coord>
        <when>2025-01-01T00:56:47.4559540Z</when>
        <gx:coord>12.40114 49.96698 1400.7902</gx:coord>
        <when>2025-01-01T00:56:48.8199540Z</when>
        <gx:coord>12.400818 49.968052 1400.7902</gx:coord>
        <when>2025-01-01T00:56:52.4559540Z</when>
        <gx:coord>12.400324 49.96964 1402.314</gx:coord>
        <when>2025-01-01T00:56:57.4559540Z</when>
        <gx:coord>12.399509 49.972343 1402.314</gx:coord>
        <when>2025-01-01T00:57:02.4559540Z</when>
        <gx:coord>12.398715 49.975132 1400.7902</gx:coord>
        <when>2025-01-01T00:57:07.4559540Z</when>
        <gx:coord>12.3979645 49.977943 1396.218</gx:coord>
        <when>2025-01-01T00:57:12.4559540Z</when>
        <gx:coord>12.397234 49.980732 1393.1699</gx:coord>
        <when>2025-01-01T00:57:17.4559540Z</when>
        <gx:coord>12.396483 49.98346 1397.742</gx:coord>
        <when>2025-01-01T00:57:18.8149540Z</when>
        <gx:coord>12.396162 49.98453 1397.742</gx:coord>
        <when>2025-01-01T00:57:22.4579540Z</when>
        <gx:coord>12.395668 49.98616 1406.886</gx:coord>
        <when>2025-01-01T00:57:27.4919540Z</when>
        <gx:coord>12.394917 49.988907 1399.266</gx:coord>
        <when>2025-01-01T00:57:32.4559540Z</when>
        <gx:coord>12.394166 49.9917 1397.742</gx:coord>
        <when>2025-01-01T00:57:37.4559540Z</when>
        <gx:coord>12.3933935 49.994488 1399.266</gx:coord>
        <when>2025-01-01T00:57:42.4559540Z</when>
        <gx:coord>12.392599 49.9973 1397.742</gx:coord>
        <when>2025-01-01T00:57:47.4559540Z</when>
        <gx:coord>12.391806 50.000088 1396.218</gx:coord>
        <when>2025-01-01T00:57:48.8199540Z</when>
        <gx:coord>12.391483 50.001205 1397.742</gx:coord>
        <when>2025-01-01T00:57:52.4559540Z</when>
        <gx:coord>12.391012 50.002876 1397.742</gx:coord>
        <when>2025-01-01T00:57:57.4559540Z</when>
        <gx:coord>12.39024 50.005646 1396.218</gx:coord>
        <when>2025-01-01T00:58:02.4559540Z</when>
        <gx:coord>12.389488 50.008434 1397.742</gx:coord>
        <when>2025-01-01T00:58:07.4559540Z</when>
        <gx:coord>12.388759 50.01127 1399.266</gx:coord>
        <when>2025-01-01T00:58:12.4559540Z</when>
        <gx:coord>12.387986 50.014122 1397.742</gx:coord>
        <when>2025-01-01T00:58:17.4569540Z</when>
        <gx:coord>12.387171 50.016975 1396.218</gx:coord>
        <when>2025-01-01T00:58:18.8239540Z</when>
        <gx:coord>12.386848 50.018112 1397.742</gx:coord>
        <when>2025-01-01T00:58:22.4849540Z</when>
        <gx:coord>12.386355 50.019806 1400.7902</gx:coord>
        <when>2025-01-01T00:58:27.4869540Z</when>
        <gx:coord>12.38554 50.022682 1400.7902</gx:coord>
        <when>2025-01-01T00:58:32.4569540Z</when>
        <gx:coord>12.384747 50.0256 1399.266</gx:coord>
        <when>2025-01-01T00:58:37.4559540Z</when>
        <gx:coord>12.383952 50.02852 1393.1699</gx:coord>
        <when>2025-01-01T00:58:42.4559540Z</when>
        <gx:coord>12.383137 50.031395 1397.742</gx:coord>
        <when>2025-01-01T00:58:47.4559540Z</when>
        <gx:coord>12.382364 50.03429 1399.266</gx:coord>
        <when>2025-01-01T00:58:47.8219540Z</when>
        <gx:coord>12.382193 50.03485 1399.266</gx:coord>
        <when>2025-01-01T00:58:52.4569540Z</when>
        <gx:coord>12.381592 50.037148 1399.266</gx:coord>
        <when>2025-01-01T00:58:57.4559540Z</when>
        <gx:coord>12.380798 50.039978 1399.266</gx:coord>
        <when>2025-01-01T00:59:02.4569540Z</when>
        <gx:coord>12.380026 50.04279 1399.266</gx:coord>
        <when>2025-01-01T00:59:07.4569540Z</when>
        <gx:coord>12.379274 50.045578 1399.266</gx:coord>
        <when>2025-01-01T00:59:12.4569540Z</when>
        <gx:coord>12.378523 50.048325 1400.7902</gx:coord>
        <when>2025-01-01T00:59:17.4569540Z</when>
        <gx:coord>12.377772 50.051094 1399.266</gx:coord>
        <when>2025-01-01T00:59:17.8229540Z</when>
        <gx:coord>12.377623 50.05163 1399.266</gx:coord>
        <when>2025-01-01T00:59:22.4569540Z</when>
        <gx:coord>12.377043 50.05384 1399.266</gx:coord>
        <when>2025-01-01T00:59:27.4779540Z</when>
        <gx:coord>12.376205 50.056564 1399.266</gx:coord>
        <when>2025-01-01T00:59:32.4569540Z</when>
        <gx:coord>12.375326 50.059334 1397.742</gx:coord>
        <when>2025-01-01T00:59:37.4669540Z</when>
        <gx:coord>12.374468 50.0621 1397.742</gx:coord>
        <when>2025-01-01T00:59:42.4569540Z</when>
        <gx:coord>12.37361 50.06489 1397.742</gx:coord>
        <when>2025-01-01T00:59:47.4569540Z</when>
        <gx:coord>12.372772 50.067657 1400.7902</gx:coord>
        <when>2025-01-01T00:59:47.8199540Z</when>
        <gx:coord>12.372601 50.068214 1400.7902</gx:coord>
        <when>2025-01-01T00:59:52.4569540Z</when>
        <gx:coord>12.371958 50.07045 1399.266</gx:coord>
        <when>2025-01-01T00:59:57.4569540Z</when>
        <gx:coord>12.371141 50.073257 1397.742</gx:coord>
        <when>2025-01-01T01:00:02.4569540Z</when>
        <gx:coord>12.370305 50.07611 1402.314</gx:coord>
        <when>2025-01-01T01:00:05.8159540Z</when>
        <gx:coord>12.369768 50.077873 1400.7902</gx:coord>
        <when>2025-01-01T01:00:07.4689540Z</when>
        <gx:coord>12.369425 50.079075 1397.742</gx:coord>
        <when>2025-01-01T01:00:12.4569540Z</when>
        <gx:coord>12.368588 50.0821 1388.5981</gx:coord>
        <when>2025-01-01T01:00:16.8189540Z</when>
        <gx:coord>12.367794 50.085125 1387.074</gx:coord>
        <when>2025-01-01T01:00:17.4569540Z</when>
        <gx:coord>12.367794 50.085125 1387.074</gx:coord>
        <when>2025-01-01T01:00:22.4569540Z</when>
        <gx:coord>12.3670435 50.088127 1387.074</gx:coord>
        <when>2025-01-01T01:00:27.4939540Z</when>
        <gx:coord>12.366379 50.09107 1393.1699</gx:coord>
        <when>2025-01-01T01:00:32.4569540Z</when>
        <gx:coord>12.365713 50.09388 1399.266</gx:coord>
        <when>2025-01-01T01:00:35.8149540Z</when>
        <gx:coord>12.365305 50.095554 1400.7902</gx:coord>
        <when>2025-01-01T01:00:37.4569540Z</when>
        <gx:coord>12.365026 50.09667 1402.314</gx:coord>
        <when>2025-01-01T01:00:42.4569540Z</when>
        <gx:coord>12.364297 50.099415 1402.314</gx:coord>
        <when>2025-01-01T01:00:45.8209540Z</when>
        <gx:coord>12.363696 50.101627 1402.314</gx:coord>
        <when>2025-01-01T01:00:47.4569540Z</when>
        <gx:coord>12.363546 50.102184 1402.314</gx:coord>
        <when>2025-01-01T01:00:52.4569540Z</when>
        <gx:coord>12.36273 50.10495 1400.7902</gx:coord>
        <when>2025-01-01T01:00:57.4579540Z</when>
        <gx:coord>12.361894 50.107742 1400.7902</gx:coord>
        <when>2025-01-01T01:01:02.4569540Z</when>
        <gx:coord>12.361057 50.110554 1399.266</gx:coord>
        <when>2025-01-01T01:01:07.4569540Z</when>
        <gx:coord>12.36022 50.113384 1399.266</gx:coord>
        <when>2025-01-01T01:01:12.4569540Z</when>
        <gx:coord>12.359405 50.116196 1400.7902</gx:coord>
        <when>2025-01-01T01:01:15.8209540Z</when>
        <gx:coord>12.358761 50.11845 1402.314</gx:coord>
        <when>2025-01-01T01:01:17.4569540Z</when>
        <gx:coord>12.358589 50.119007 1400.7902</gx:coord>
        <when>2025-01-01T01:01:22.4569540Z</when>
        <gx:coord>12.357817 50.121838 1399.266</gx:coord>
        <when>2025-01-01T01:01:27.4919540Z</when>
        <gx:coord>12.357044 50.12465 1399.266</gx:coord>
        <when>2025-01-01T01:01:38.0719540Z</when>
        <gx:coord>12.355392 50.1307 1400.7902</gx:coord>
        <when>2025-01-01T01:01:43.0729540Z</when>
        <gx:coord>12.354641 50.133427 1402.314</gx:coord>
        <when>2025-01-01T01:01:45.8219540Z</when>
        <gx:coord>12.354169 50.135056 1402.314</gx:coord>
        <when>2025-01-01T01:01:48.0729540Z</when>
        <gx:coord>12.3538475 50.13615 1402.314</gx:coord>
        <when>2025-01-01T01:01:53.0729540Z</when>
        <gx:coord>12.353096 50.138878 1402.314</gx:coord>
        <when>2025-01-01T01:01:58.0739540Z</when>
        <gx:coord>12.352303 50.141644 1397.742</gx:coord>
        <when>2025-01-01T01:02:03.0729540Z</when>
        <gx:coord>12.351508 50.144432 1396.218</gx:coord>
        <when>2025-01-01T01:02:08.0729540Z</when>
        <gx:coord>12.350758 50.14729 1393.1699</gx:coord>
        <when>2025-01-01T01:02:13.0729540Z</when>
        <gx:coord>12.350006 50.15016 1390.122</gx:coord>
        <when>2025-01-01T01:02:15.8239540Z</when>
        <gx:coord>12.349556 50.15186 1390.122</gx:coord>
        <when>2025-01-01T01:02:18.0729540Z</when>
        <gx:coord>12.349255 50.152996 1390.122</gx:coord>
        <when>2025-01-01T01:02:23.0729540Z</when>
        <gx:coord>12.348526 50.155827 1393.1699</gx:coord>
        <when>2025-01-01T01:02:28.0729540Z</when>
        <gx:coord>12.347817 50.15862 1391.646</gx:coord>
        <when>2025-01-01T01:02:33.0729540Z</when>
        <gx:coord>12.347109 50.161407 1390.122</gx:coord>
        <when>2025-01-01T01:02:38.1089540Z</when>
        <gx:coord>12.34638 50.164154 1388.5981</gx:coord>
        <when>2025-01-01T01:02:43.0729540Z</when>
        <gx:coord>12.34565 50.1669 1396.218</gx:coord>
        <when>2025-01-01T01:02:45.8219540Z</when>
        <gx:coord>12.3452 50.16853 1397.742</gx:coord>
        <when>2025-01-01T01:02:48.0729540Z</when>
        <gx:coord>12.344921 50.169624 1396.218</gx:coord>
        <when>2025-01-01T01:02:53.0729540Z</when>
        <gx:coord>12.34417 50.172287 1397.742</gx:coord>
        <when>2025-01-01T01:02:58.0729540Z</when>
        <gx:coord>12.343418 50.174946 1399.266</gx:coord>
        <when>2025-01-01T01:03:03.0729540Z</when>
        <gx:coord>12.342625 50.177586 1400.7902</gx:coord>
        <when>2025-01-01T01:03:08.0729540Z</when>
        <gx:coord>12.341787 50.180225 1402.314</gx:coord>
        <when>2025-01-01T01:03:13.0739540Z</when>
        <gx:coord>12.340973 50.182907 1402.314</gx:coord>
        <when>2025-01-01T01:03:16.8239540Z</when>
        <gx:coord>12.340328 50.185055 1400.7902</gx:coord>
        <when>2025-01-01T01:03:18.0729540Z</when>
        <gx:coord>12.340157 50.18559 1400.7902</gx:coord>
        <when>2025-01-01T01:03:23.0739540Z</when>
        <gx:coord>12.33932 50.188293 1400.7902</gx:coord>
        <when>2025-01-01T01:04:54.3409540Z</when>
        <gx:coord>12.335909 50.201984 1391.646</gx:coord>
        <when>2025-01-01T01:04:54.3489540Z</when>
        <gx:coord>12.333548 50.218872 1400.7902</gx:coord>
        <when>2025-01-01T01:04:54.3549540Z</when>
        <gx:coord>12.330737 50.235756 1394.694</gx:coord>
        <when>2025-01-01T01:04:54.6759540Z</when>
        <gx:coord>12.329922 50.240093 1399.266</gx:coord>
        <when>2025-01-01T01:04:59.6779540Z</when>
        <gx:coord>12.329386 50.242752 1400.7902</gx:coord>
        <when>2025-01-01T01:05:04.6769540Z</when>
        <gx:coord>12.328849 50.245415 1399.266</gx:coord>
        <when>2025-01-01T01:05:09.6769540Z</when>
        <gx:coord>12.328312 50.248096 1399.266</gx:coord>
        <when>2025-01-01T01:05:14.6759540Z</when>
        <gx:coord>12.327755 50.250736 1393.74</gx:coord>
        <when>2025-01-01T01:05:16.8229540Z</when>
        <gx:coord>12.327433 50.252323 1393.74</gx:coord>
        <when>2025-01-01T01:05:19.6769540Z</when>
        <gx:coord>12.327196 50.253376 1393.74</gx:coord>
        <when>2025-01-01T01:05:24.6769540Z</when>
        <gx:coord>12.326639 50.256012 1393.74</gx:coord>
        <when>2025-01-01T01:05:29.6769540Z</when>
        <gx:coord>12.32608 50.258633 1395.2642</gx:coord>
        <when>2025-01-01T01:05:34.6769540Z</when>
        <gx:coord>12.325544 50.261272 1393.74</gx:coord>
        <when>2025-01-01T01:05:39.6769540Z</when>
        <gx:coord>12.325029 50.26389 1392.2162</gx:coord>
        <when>2025-01-01T01:05:44.6769540Z</when>
        <gx:coord>12.324514 50.266506 1395.2642</gx:coord>
        <when>2025-01-01T01:05:48.8239540Z</when>
        <gx:coord>12.323999 50.269123 1395.2642</gx:coord>
        <when>2025-01-01T01:05:49.6769540Z</when>
        <gx:coord>12.323999 50.269123 1395.2642</gx:coord>
        <when>2025-01-01T01:05:54.7109540Z</when>
        <gx:coord>12.323463 50.271763 1396.7881</gx:coord>
        <when>2025-01-01T01:05:59.6769540Z</when>
        <gx:coord>12.3229265 50.274403 1398.312</gx:coord>
        <when>2025-01-01T01:06:04.6769540Z</when>
        <gx:coord>12.322326 50.277084 1398.312</gx:coord>
        <when>2025-01-01T01:06:09.6769540Z</when>
        <gx:coord>12.321747 50.27983 1399.8362</gx:coord>
        <when>2025-01-01T01:06:14.6769540Z</when>
        <gx:coord>12.321146 50.282623 1396.7881</gx:coord>
        <when>2025-01-01T01:06:19.6769540Z</when>
        <gx:coord>12.320609 50.285496 1396.7881</gx:coord>
        <when>2025-01-01T01:06:19.8249540Z</when>
        <gx:coord>12.320523 50.286076 1396.7881</gx:coord>
        <when>2025-01-01T01:06:24.6789540Z</when>
        <gx:coord>12.320094 50.288395 1389.1681</gx:coord>
        <when>2025-01-01T01:06:29.6769540Z</when>
        <gx:coord>12.319579 50.291267 1390.692</gx:coord>
        <when>2025-01-01T01:06:34.6779540Z</when>
        <gx:coord>12.319107 50.29412 1393.74</gx:coord>
        <when>2025-01-01T01:06:39.6779540Z</when>
        <gx:coord>12.318635 50.296955 1396.7881</gx:coord>
        <when>2025-01-01T01:06:44.6779540Z</when>
        <gx:coord>12.318184 50.29979 1398.312</gx:coord>
        <when>2025-01-01T01:06:48.8249540Z</when>
        <gx:coord>12.317734 50.302643 1395.2642</gx:coord>
        <when>2025-01-01T01:06:49.6779540Z</when>
        <gx:coord>12.317734 50.302643 1395.2642</gx:coord>
        <when>2025-01-01T01:06:54.7129540Z</when>
        <gx:coord>12.317305 50.30545 1393.74</gx:coord>
        <when>2025-01-01T01:06:59.6779540Z</when>
        <gx:coord>12.316875 50.308243 1393.74</gx:coord>
        <when>2025-01-01T01:07:04.6779540Z</when>
        <gx:coord>12.316425 50.310966 1396.7881</gx:coord>
        <when>2025-01-01T01:07:09.6779540Z</when>
        <gx:coord>12.31591 50.31367 1399.8362</gx:coord>
        <when>2025-01-01T01:07:14.6779540Z</when>
        <gx:coord>12.315395 50.316353 1401.3601</gx:coord>
        <when>2025-01-01T01:07:19.6779540Z</when>
        <gx:coord>12.3148365 50.319035 1399.8362</gx:coord>
        <when>2025-01-01T01:07:19.8239540Z</when>
        <gx:coord>12.31473 50.319572 1399.8362</gx:coord>
        <when>2025-01-01T01:07:24.6779540Z</when>
        <gx:coord>12.314301 50.321762 1398.312</gx:coord>
        <when>2025-01-01T01:07:29.6779540Z</when>
        <gx:coord>12.313721 50.324486 1398.312</gx:coord>
        <when>2025-01-01T01:07:34.6779540Z</when>
        <gx:coord>12.313164 50.327232 1395.2642</gx:coord>
        <when>2025-01-01T01:07:39.6779540Z</when>
        <gx:coord>12.312605 50.32998 1395.2642</gx:coord>
        <when>2025-01-01T01:07:44.6779540Z</when>
        <gx:coord>12.312112 50.332703 1396.7881</gx:coord>
        <when>2025-01-01T01:07:49.6779540Z</when>
        <gx:coord>12.311597 50.335407 1395.2642</gx:coord>
        <when>2025-01-01T01:07:50.8249540Z</when>
        <gx:coord>12.311382 50.336502 1395.2642</gx:coord>
        <when>2025-01-01T01:07:54.6869540Z</when>
        <gx:coord>12.31106 50.33811 1396.7881</gx:coord>
        <when>2025-01-01T01:07:59.6779540Z</when>
        <gx:coord>12.310524 50.340794 1396.7881</gx:coord>
        <when>2025-01-01T01:08:04.6779540Z</when>
        <gx:coord>12.309966 50.343517 1396.7881</gx:coord>
        <when>2025-01-01T01:08:09.6779540Z</when>
        <gx:coord>12.309451 50.346245 1393.74</gx:coord>
        <when>2025-01-01T01:08:14.6779540Z</when>
        <gx:coord>12.308979 50.34897 1393.74</gx:coord>
        <when>2025-01-01T01:08:19.6779540Z</when>
        <gx:coord>12.308485 50.351673 1396.7881</gx:coord>
        <when>2025-01-01T01:08:21.8249540Z</when>
        <gx:coord>12.308186 50.353325 1396.7881</gx:coord>
        <when>2025-01-01T01:08:24.6779540Z</when>
        <gx:coord>12.30797 50.35442 1396.7881</gx:coord>
        <when>2025-01-01T01:08:29.6789540Z</when>
        <gx:coord>12.307477 50.357166 1396.7881</gx:coord>
        <when>2025-01-01T01:08:34.7139540Z</when>
        <gx:coord>12.306984 50.359932 1396.7881</gx:coord>
        <when>2025-01-01T01:08:39.6789540Z</when>
        <gx:coord>12.30649 50.362785 1395.2642</gx:coord>
        <when>2025-01-01T01:08:44.6789540Z</when>
        <gx:coord>12.306018 50.36566 1395.2642</gx:coord>
        <when>2025-01-01T01:08:49.6789540Z</when>
        <gx:coord>12.305525 50.368603 1393.74</gx:coord>
        <when>2025-01-01T01:08:51.8249540Z</when>
        <gx:coord>12.305245 50.370384 1390.692</gx:coord>
        <when>2025-01-01T01:08:54.7139540Z</when>
        <gx:coord>12.305031 50.371544 1393.74</gx:coord>
        <when>2025-01-01T01:08:59.6779540Z</when>
        <gx:coord>12.304537 50.374523 1392.2162</gx:coord>
        <when>2025-01-01T01:09:04.6789540Z</when>
        <gx:coord>12.304044 50.377487 1393.74</gx:coord>
        <when>2025-01-01T01:09:09.6789540Z</when>
        <gx:coord>12.303572 50.38047 1395.2642</gx:coord>
        <when>2025-01-01T01:09:14.6789540Z</when>
        <gx:coord>12.3031 50.38343 1392.2162</gx:coord>
        <when>2025-01-01T01:09:19.6789540Z</when>
        <gx:coord>12.302607 50.38639 1393.74</gx:coord>
        <when>2025-01-01T01:09:19.8179540Z</when>
        <gx:coord>12.302521 50.386993 1393.74</gx:coord>
        <when>2025-01-01T01:09:24.6789540Z</when>
        <gx:coord>12.302113 50.38933 1393.74</gx:coord>
        <when>2025-01-01T01:09:29.6789540Z</when>
        <gx:coord>12.301619 50.39227 1395.2642</gx:coord>
        <when>2025-01-01T01:09:34.6789540Z</when>
        <gx:coord>12.301147 50.395187 1390.692</gx:coord>
        <when>2025-01-01T01:09:39.6789540Z</when>
        <gx:coord>12.300674 50.398087 1390.692</gx:coord>
        <when>2025-01-01T01:09:44.6789540Z</when>
        <gx:coord>12.300181 50.400917 1392.2162</gx:coord>
        <when>2025-01-01T01:09:48.8259540Z</when>
        <gx:coord>12.299688 50.403706 1395.2642</gx:coord>
        <when>2025-01-01T01:09:49.6789540Z</when>
        <gx:coord>12.299688 50.403706 1395.2642</gx:coord>
        <when>2025-01-01T01:09:54.7149540Z</when>
        <gx:coord>12.299173 50.406452 1396.7881</gx:coord>
        <when>2025-01-01T01:09:59.6789540Z</when>
        <gx:coord>12.298636 50.4092 1396.7881</gx:coord>
        <when>2025-01-01T01:10:04.6789540Z</when>
        <gx:coord>12.298058 50.411926 1395.2642</gx:coord>
        <when>2025-01-01T01:10:09.6789540Z</when>
        <gx:coord>12.297478 50.41465 1390.692</gx:coord>
        <when>2025-01-01T01:10:14.6789540Z</when>
        <gx:coord>12.296898 50.41733 1392.2162</gx:coord>
        <when>2025-01-01T01:10:19.6789540Z</when>
        <gx:coord>12.296341 50.420013 1392.2162</gx:coord>
        <when>2025-01-01T01:10:19.8259540Z</when>
        <gx:coord>12.296233 50.420574 1392.2162</gx:coord>
        <when>2025-01-01T01:10:24.6789540Z</when>
        <gx:coord>12.295761 50.422718 1392.2162</gx:coord>
        <when>2025-01-01T01:10:29.6799540Z</when>
        <gx:coord>12.295181 50.42538 1392.2162</gx:coord>
        <when>2025-01-01T01:10:34.6799540Z</when>
        <gx:coord>12.294602 50.428017 1395.2642</gx:coord>
        <when>2025-01-01T01:10:39.6799540Z</when>
        <gx:coord>12.2940235 50.430656 1396.7881</gx:coord>
        <when>2025-01-01T01:10:44.6799540Z</when>
        <gx:coord>12.293444 50.43332 1395.2642</gx:coord>
        <when>2025-01-01T01:10:49.6789540Z</when>
        <gx:coord>12.292886 50.436024 1395.2642</gx:coord>
        <when>2025-01-01T01:10:50.8279540Z</when>
        <gx:coord>12.29265 50.437096 1395.2642</gx:coord>
        <when>2025-01-01T01:10:54.7199540Z</when>
        <gx:coord>12.292328 50.438705 1395.2642</gx:coord>
        <when>2025-01-01T01:10:59.6799540Z</when>
        <gx:coord>12.291792 50.44143 1393.74</gx:coord>
        <when>2025-01-01T01:11:04.6799540Z</when>
        <gx:coord>12.291255 50.444134 1395.2642</gx:coord>
        <when>2025-01-01T01:11:09.6799540Z</when>
        <gx:coord>12.290718 50.446857 1395.2642</gx:coord>
        <when>2025-01-01T01:11:14.6799540Z</when>
        <gx:coord>12.290182 50.449562 1395.2642</gx:coord>
        <when>2025-01-01T01:11:19.6789540Z</when>
        <gx:coord>12.289688 50.452286 1396.7881</gx:coord>
        <when>2025-01-01T01:11:21.8269540Z</when>
        <gx:coord>12.289389 50.45392 1396.7881</gx:coord>
        <when>2025-01-01T01:11:24.6809540Z</when>
        <gx:coord>12.289195 50.455013 1398.312</gx:coord>
        <when>2025-01-01T01:11:29.6799540Z</when>
        <gx:coord>12.288702 50.45778 1396.7881</gx:coord>
        <when>2025-01-01T01:11:34.6799540Z</when>
        <gx:coord>12.288208 50.46057 1395.2642</gx:coord>
        <when>2025-01-01T01:11:39.6799540Z</when>
        <gx:coord>12.287736 50.46338 1395.2642</gx:coord>
        <when>2025-01-01T01:11:44.6799540Z</when>
        <gx:coord>12.287264 50.46617 1395.2642</gx:coord>
        <when>2025-01-01T01:11:49.6799540Z</when>
        <gx:coord>12.286792 50.469 1395.2642</gx:coord>
        <when>2025-01-01T01:11:51.8279540Z</when>
        <gx:coord>12.286512 50.4707 1393.74</gx:coord>
        <when>2025-01-01T01:11:54.7159540Z</when>
        <gx:coord>12.28632 50.471836 1393.74</gx:coord>
        <when>2025-01-01T01:11:59.6799540Z</when>
        <gx:coord>12.28587 50.474648 1392.2162</gx:coord>
        <when>2025-01-01T01:12:04.6799540Z</when>
        <gx:coord>12.2854185 50.477455 1392.2162</gx:coord>
        <when>2025-01-01T01:12:09.6799540Z</when>
        <gx:coord>12.284989 50.480247 1392.2162</gx:coord>
        <when>2025-01-01T01:12:14.6799540Z</when>
        <gx:coord>12.284517 50.483013 1392.2162</gx:coord>
        <when>2025-01-01T01:12:21.3949540Z</when>
        <gx:coord>12.283831 50.486877 1390.692</gx:coord>
        <when>2025-01-01T01:12:21.8259540Z</when>
        <gx:coord>12.283745 50.48741 1390.692</gx:coord>
        <when>2025-01-01T01:12:26.3959540Z</when>
        <gx:coord>12.283337 50.4896 1390.692</gx:coord>
        <when>2025-01-01T01:12:31.3949540Z</when>
        <gx:coord>12.282844 50.492348 1392.2162</gx:coord>
        <when>2025-01-01T01:12:36.3949540Z</when>
        <gx:coord>12.282329 50.495075 1390.692</gx:coord>
        <when>2025-01-01T01:12:41.3959540Z</when>
        <gx:coord>12.281814 50.497757 1389.1681</gx:coord>
        <when>2025-01-01T01:12:46.3959540Z</when>
        <gx:coord>12.281321 50.500458 1392.2162</gx:coord>
        <when>2025-01-01T01:12:51.3959540Z</when>
        <gx:coord>12.280806 50.503162 1392.2162</gx:coord>
        <when>2025-01-01T01:12:52.8269540Z</when>
        <gx:coord>12.28059 50.504234 1392.2162</gx:coord>
        <when>2025-01-01T01:12:56.3959540Z</when>
        <gx:coord>12.280269 50.505844 1395.2642</gx:coord>
        <when>2025-01-01T01:13:01.3959540Z</when>
        <gx:coord>12.279732 50.508507 1395.2642</gx:coord>
        <when>2025-01-01T01:13:06.3959540Z</when>
        <gx:coord>12.279196 50.511166 1395.2642</gx:coord>
        <when>2025-01-01T01:13:11.3959540Z</when>
        <gx:coord>12.278724 50.513847 1393.74</gx:coord>
        <when>2025-01-01T01:13:38.0449540Z</when>
        <gx:coord>12.277544 50.520973 1399.8362</gx:coord>
        <when>2025-01-01T01:13:38.3929540Z</when>
        <gx:coord>12.276235 50.528976 1390.692</gx:coord>
        <when>2025-01-01T01:13:43.3939540Z</when>
        <gx:coord>12.275698 50.531765 1392.2162</gx:coord>
        <when>2025-01-01T01:13:48.3939540Z</when>
        <gx:coord>12.275141 50.53451 1393.74</gx:coord>
        <when>2025-01-01T01:13:53.3939540Z</when>
        <gx:coord>12.274604 50.53724 1395.2642</gx:coord>
        <when>2025-01-01T01:13:53.8269540Z</when>
        <gx:coord>12.274496 50.537773 1395.2642</gx:coord>
        <when>2025-01-01T01:13:58.3939540Z</when>
        <gx:coord>12.274089 50.53992 1398.312</gx:coord>
        <when>2025-01-01T01:14:03.3939540Z</when>
        <gx:coord>12.273596 50.542645 1396.7881</gx:coord>
        <when>2025-01-01T01:14:08.3939540Z</when>
        <gx:coord>12.273145 50.545433 1393.74</gx:coord>
        <when>2025-01-01T01:14:13.3939540Z</when>
        <gx:coord>12.272652 50.548225 1395.2642</gx:coord>
        <when>2025-01-01T01:14:18.3939540Z</when>
        <gx:coord>12.272093 50.551056 1395.2642</gx:coord>
        <when>2025-01-01T01:14:23.3949540Z</when>
        <gx:coord>12.271492 50.55389 1393.74</gx:coord>
        <when>2025-01-01T01:14:23.8229540Z</when>
        <gx:coord>12.271364 50.554447 1393.74</gx:coord>
        <when>2025-01-01T01:14:28.3939540Z</when>
        <gx:coord>12.270913 50.556744 1392.2162</gx:coord>
        <when>2025-01-01T01:14:33.3949540Z</when>
        <gx:coord>12.270355 50.559597 1392.2162</gx:coord>
        <when>2025-01-01T01:14:38.3939540Z</when>
        <gx:coord>12.26984 50.56245 1390.692</gx:coord>
        <when>2025-01-01T01:14:43.3949540Z</when>
        <gx:coord>12.269346 50.565285 1390.692</gx:coord>
        <when>2025-01-01T01:14:48.3949540Z</when>
        <gx:coord>12.268831 50.568115 1390.692</gx:coord>
        <when>2025-01-01T01:14:53.3949540Z</when>
        <gx:coord>12.268338 50.57095 1387.6442</gx:coord>
        <when>2025-01-01T01:14:53.8279540Z</when>
        <gx:coord>12.268252 50.571507 1387.6442</gx:coord>
        <when>2025-01-01T01:14:58.3949540Z</when>
        <gx:coord>12.267866 50.57374 1387.6442</gx:coord>
        <when>2025-01-01T01:15:03.3949540Z</when>
        <gx:coord>12.267394 50.576508 1387.6442</gx:coord>
        <when>2025-01-01T01:15:08.3949540Z</when>
        <gx:coord>12.266901 50.579254 1389.1681</gx:coord>
        <when>2025-01-01T01:15:13.3939540Z</when>
        <gx:coord>12.266428 50.582 1387.6442</gx:coord>
        <when>2025-01-01T01:15:18.3949540Z</when>
        <gx:coord>12.265935 50.584766 1396.7881</gx:coord>
        <when>2025-01-01T01:15:23.3949540Z</when>
        <gx:coord>12.265377 50.587578 1396.7881</gx:coord>
        <when>2025-01-01T01:15:23.8549540Z</when>
        <gx:coord>12.265248 50.588135 1396.7881</gx:coord>
        <when>2025-01-01T01:15:28.3949540Z</when>
        <gx:coord>12.264755 50.59041 1393.74</gx:coord>
        <when>2025-01-01T01:15:33.3949540Z</when>
        <gx:coord>12.26409 50.593266 1392.2162</gx:coord>
        <when>2025-01-01T01:15:38.4339540Z</when>
        <gx:coord>12.263424 50.59612 1392.2162</gx:coord>
        <when>2025-01-01T01:15:43.3949540Z</when>
        <gx:coord>12.262823 50.598972 1395.2642</gx:coord>
        <when>2025-01-01T01:15:48.3949540Z</when>
        <gx:coord>12.262244 50.60185 1396.7881</gx:coord>
        <when>2025-01-01T01:15:52.8309540Z</when>
        <gx:coord>12.261686 50.60472 1393.74</gx:coord>
        <when>2025-01-01T01:15:53.3949540Z</when>
        <gx:coord>12.261686 50.60472 1393.74</gx:coord>
        <when>2025-01-01T01:15:56.8139540Z</when>
        <gx:coord>12.261494 50.606483 1393.74</gx:coord>
        <when>2025-01-01T01:15:58.3959540Z</when>
        <gx:coord>12.26145 50.607662 1393.74</gx:coord>
        <when>2025-01-01T01:15:58.8239540Z</when>
        <gx:coord>12.26145 50.607662 1393.74</gx:coord>
        <when>2025-01-01T01:16:03.3949540Z</when>
        <gx:coord>12.261515 50.610622 1393.74</gx:coord>
        <when>2025-01-01T01:16:08.3949540Z</when>
        <gx:coord>12.261515 50.61354 1396.7881</gx:coord>
        <when>2025-01-01T01:16:08.8219540Z</when>
        <gx:coord>12.261515 50.61354 1396.7881</gx:coord>
        <when>2025-01-01T01:16:12.8229540Z</when>
        <gx:coord>12.26145 50.61588 1396.7881</gx:coord>
        <when>2025-01-01T01:16:13.3959540Z</when>
        <gx:coord>12.26145 50.61646 1396.7881</gx:coord>
        <when>2025-01-01T01:16:18.3959540Z</when>
        <gx:coord>12.261429 50.619358 1396.7881</gx:coord>
        <when>2025-01-01T01:16:21.8289540Z</when>
        <gx:coord>12.261408 50.621696 1395.2642</gx:coord>
        <when>2025-01-01T01:16:23.3959540Z</when>
        <gx:coord>12.261386 50.622276 1395.2642</gx:coord>
        <when>2025-01-01T01:16:28.3959540Z</when>
        <gx:coord>12.261364 50.62517 1395.2642</gx:coord>
        <when>2025-01-01T01:16:29.8529540Z</when>
        <gx:coord>12.261364 50.62575 1393.74</gx:coord>
        <when>2025-01-01T01:16:31.8229540Z</when>
        <gx:coord>12.261322 50.62691 1395.2642</gx:coord>
        <when>2025-01-01T01:16:33.3959540Z</when>
        <gx:coord>12.261322 50.62809 1393.74</gx:coord>
        <when>2025-01-01T01:16:38.4349540Z</when>
        <gx:coord>12.261322 50.630985 1393.74</gx:coord>
        <when>2025-01-01T01:16:43.3949540Z</when>
        <gx:coord>12.261322 50.63386 1392.2162</gx:coord>
        <when>2025-01-01T01:16:48.3959540Z</when>
        <gx:coord>12.261364 50.636738 1392.2162</gx:coord>
        <when>2025-01-01T01:16:50.8209540Z</when>
        <gx:coord>12.261386 50.638474 1392.2162</gx:coord>
        <when>2025-01-01T01:16:53.3959540Z</when>
        <gx:coord>12.261408 50.639614 1392.2162</gx:coord>
        <when>2025-01-01T01:16:57.8229540Z</when>
        <gx:coord>12.261429 50.641907 1390.692</gx:coord>
        <when>2025-01-01T01:16:58.3959540Z</when>
        <gx:coord>12.261408 50.642467 1390.692</gx:coord>
        <when>2025-01-01T01:17:03.3959540Z</when>
        <gx:coord>12.261257 50.64532 1389.1681</gx:coord>
        <when>2025-01-01T01:17:08.3959540Z</when>
        <gx:coord>12.261065 50.64815 1389.1681</gx:coord>
        <when>2025-01-01T01:17:13.3959540Z</when>
        <gx:coord>12.260785 50.650963 1389.1681</gx:coord>
        <when>2025-01-01T01:17:18.3959540Z</when>
        <gx:coord>12.260485 50.653797 1387.6442</gx:coord>
        <when>2025-01-01T01:17:20.8289540Z</when>
        <gx:coord>12.26027 50.65547 1387.6442</gx:coord>
        <when>2025-01-01T01:17:23.3949540Z</when>
        <gx:coord>12.26012 50.656586 1387.6442</gx:coord>
        <when>2025-01-01T01:17:28.3959540Z</when>
        <gx:coord>12.259733 50.659397 1387.6442</gx:coord>
        <when>2025-01-01T01:17:33.3999540Z</when>
        <gx:coord>12.259348 50.662228 1384.5962</gx:coord>
        <when>2025-01-01T01:17:38.4089540Z</when>
        <gx:coord>12.258961 50.66504 1381.5481</gx:coord>
        <when>2025-01-01T01:17:44.0969540Z</when>
        <gx:coord>12.25849 50.66839 1392.2162</gx:coord>
        <when>2025-01-01T01:17:50.8319540Z</when>
        <gx:coord>12.258017 50.672295 1393.74</gx:coord>
        <when>2025-01-01T01:17:55.5719540Z</when>
        <gx:coord>12.257717 50.67448 1393.74</gx:coord>
        <when>2025-01-01T01:18:00.5909540Z</when>
        <gx:coord>12.257352 50.677208 1395.2642</gx:coord>
        <when>2025-01-01T01:18:14.4869540Z</when>
        <gx:coord>12.256365 50.684868 1395.2642</gx:coord>
        <when>2025-01-01T01:18:19.4889540Z</when>
        <gx:coord>12.2560215 50.687614 1395.2642</gx:coord>
        <when>2025-01-01T01:18:21.8469540Z</when>
        <gx:coord>12.255829 50.689266 1395.2642</gx:coord>
        <when>2025-01-01T01:18:24.4889540Z</when>
        <gx:coord>12.255699 50.69036 1395.2642</gx:coord>
        <when>2025-01-01T01:18:29.4889540Z</when>
        <gx:coord>12.255356 50.693127 1396.7881</gx:coord>
        <when>2025-01-01T01:18:34.4889540Z</when>
        <gx:coord>12.255056 50.695896 1396.7881</gx:coord>
        <when>2025-01-01T01:18:39.4889540Z</when>
        <gx:coord>12.254734 50.698666 1396.7881</gx:coord>
        <when>2025-01-01T01:18:44.4879540Z</when>
        <gx:coord>12.254456 50.70143 1396.7881</gx:coord>
        <when>2025-01-01T01:18:49.4889540Z</when>
        <gx:coord>12.25424 50.7042 1396.7881</gx:coord>
        <when>2025-01-01T01:18:51.8299540Z</when>
        <gx:coord>12.25409 50.705875 1396.7881</gx:coord>
        <when>2025-01-01T01:19:38.5919540Z</when>
        <gx:coord>12.252396 50.722977 1393.74</gx:coord>
        <when>2025-01-01T01:19:39.0719540Z</when>
        <gx:coord>12.251795 50.731796 1390.692</gx:coord>
        <when>2025-01-01T01:19:44.0719540Z</when>
        <gx:coord>12.251644 50.734562 1389.1681</gx:coord>
        <when>2025-01-01T01:19:49.0729540Z</when>
        <gx:coord>12.251493 50.73731 1387.6442</gx:coord>
        <when>2025-01-01T01:19:53.8319540Z</when>
        <gx:coord>12.251301 50.740055 1386.12</gx:coord>
        <when>2025-01-01T01:19:54.0729540Z</when>
        <gx:coord>12.251301 50.740055 1386.12</gx:coord>
        <when>2025-01-01T01:19:59.0729540Z</when>
        <gx:coord>12.251129 50.742783 1386.12</gx:coord>
        <when>2025-01-01T01:20:04.0729540Z</when>
        <gx:coord>12.250915 50.745483 1384.5962</gx:coord>
        <when>2025-01-01T01:20:09.0729540Z</when>
        <gx:coord>12.250721 50.74821 1381.5481</gx:coord>
        <when>2025-01-01T01:20:14.0729540Z</when>
        <gx:coord>12.250528 50.750957 1396.544</gx:coord>
        <when>2025-01-01T01:20:19.0729540Z</when>
        <gx:coord>12.250292 50.75368 1396.544</gx:coord>
        <when>2025-01-01T01:20:24.0729540Z</when>
        <gx:coord>12.250034 50.756428 1398.0681</gx:coord>
        <when>2025-01-01T01:20:24.8259540Z</when>
        <gx:coord>12.249992 50.756985 1398.0681</gx:coord>
        <when>2025-01-01T01:20:29.0729540Z</when>
        <gx:coord>12.249777 50.759197 1386.71</gx:coord>
        <when>2025-01-01T01:20:34.0729540Z</when>
        <gx:coord>12.249519 50.761963 1383.662</gx:coord>
        <when>2025-01-01T01:20:39.1089540Z</when>
        <gx:coord>12.249262 50.764732 1385.186</gx:coord>
        <when>2025-01-01T01:20:44.0779540Z</when>
        <gx:coord>12.248983 50.76748 1386.71</gx:coord>
        <when>2025-01-01T01:20:49.0729540Z</when>
        <gx:coord>12.248705 50.770226 1389.758</gx:coord>
        <when>2025-01-01T01:20:54.0739540Z</when>
        <gx:coord>12.248447 50.772995 1389.758</gx:coord>
        <when>2025-01-01T01:20:55.8329540Z</when>
        <gx:coord>12.24834 50.77411 1389.758</gx:coord>
        <when>2025-01-01T01:20:59.0729540Z</when>
        <gx:coord>12.248211 50.775826 1386.71</gx:coord>
        <when>2025-01-01T01:21:04.0729540Z</when>
        <gx:coord>12.248018 50.7787 1385.186</gx:coord>
        <when>2025-01-01T01:21:09.0739540Z</when>
        <gx:coord>12.247847 50.781578 1383.662</gx:coord>
        <when>2025-01-01T01:21:14.0739540Z</when>
        <gx:coord>12.247653 50.78445 1386.71</gx:coord>
        <when>2025-01-01T01:21:19.0739540Z</when>
        <gx:coord>12.247438 50.787327 1389.758</gx:coord>
        <when>2025-01-01T01:21:24.0739540Z</when>
        <gx:coord>12.24716 50.790222 1389.758</gx:coord>
        <when>2025-01-01T01:21:24.8319540Z</when>
        <gx:coord>12.247116 50.790825 1389.758</gx:coord>
        <when>2025-01-01T01:21:29.0739540Z</when>
        <gx:coord>12.246902 50.793186 1389.758</gx:coord>
        <when>2025-01-01T01:21:43.0639540Z</when>
        <gx:coord>12.246258 50.80149 1385.186</gx:coord>
        <when>2025-01-01T01:21:48.0649540Z</when>
        <gx:coord>12.246044 50.80441 1388.2341</gx:coord>
        <when>2025-01-01T01:21:53.0649540Z</when>
        <gx:coord>12.245851 50.80728 1389.758</gx:coord>
        <when>2025-01-01T01:21:53.8339540Z</when>
        <gx:coord>12.245808 50.80786 1389.758</gx:coord>
        <when>2025-01-01T01:21:58.0649540Z</when>
        <gx:coord>12.245636 50.810158 1389.758</gx:coord>
        <when>2025-01-01T01:22:03.0659540Z</when>
        <gx:coord>12.245399 50.81301 1389.758</gx:coord>
        <when>2025-01-01T01:22:08.0659540Z</when>
        <gx:coord>12.245164 50.815865 1389.758</gx:coord>
        <when>2025-01-01T01:22:13.1039540Z</when>
        <gx:coord>12.244906 50.818718 1389.758</gx:coord>
        <when>2025-01-01T01:22:18.0649540Z</when>
        <gx:coord>12.244649 50.82153 1391.282</gx:coord>
        <when>2025-01-01T01:22:42.9459540Z</when>
        <gx:coord>12.244306 50.824856 1391.282</gx:coord>
        <when>2025-01-01T01:22:43.2939540Z</when>
        <gx:coord>12.243147 50.83535 1386.71</gx:coord>
        <when>2025-01-01T01:22:48.2949540Z</when>
        <gx:coord>12.242761 50.838696 1386.71</gx:coord>
        <when>2025-01-01T01:22:53.2949540Z</when>
        <gx:coord>12.242503 50.840927 1386.71</gx:coord>
        <when>2025-01-01T01:22:54.1069540Z</when>
        <gx:coord>12.242374 50.842045 1386.71</gx:coord>
        <when>2025-01-01T01:22:58.2949540Z</when>
        <gx:coord>12.242138 50.844276 1385.186</gx:coord>
        <when>2025-01-01T01:23:03.3199540Z</when>
        <gx:coord>12.241924 50.846485 1385.186</gx:coord>
        <when>2025-01-01T01:23:08.2949540Z</when>
        <gx:coord>12.241602 50.849792 1388.2341</gx:coord>
        <when>2025-01-01T01:23:13.2949540Z</when>
        <gx:coord>12.241387 50.852 1386.71</gx:coord>
        <when>2025-01-01T01:23:18.2949540Z</when>
        <gx:coord>12.24113 50.855305 1386.71</gx:coord>
        <when>2025-01-01T01:23:23.2949540Z</when>
        <gx:coord>12.240915 50.857494 1388.2341</gx:coord>
        <when>2025-01-01T01:23:26.1029540Z</when>
        <gx:coord>12.240679 50.85966 1388.2341</gx:coord>
        <when>2025-01-01T01:23:28.2959540Z</when>
        <gx:coord>12.240572 50.860756 1388.2341</gx:coord>
        <when>2025-01-01T01:23:33.2959540Z</when>
        <gx:coord>12.240379 50.862946 1389.758</gx:coord>
        <when>2025-01-01T01:23:38.2959540Z</when>
        <gx:coord>12.240078 50.866226 1389.758</gx:coord>
        <when>2025-01-01T01:23:43.3269540Z</when>
        <gx:coord>12.239864 50.868393 1388.2341</gx:coord>
        <when>2025-01-01T01:23:48.2959540Z</when>
        <gx:coord>12.239542 50.871613 1388.2341</gx:coord>
        <when>2025-01-01T01:23:53.2959540Z</when>
        <gx:coord>12.239264 50.873737 1389.758</gx:coord>
        <when>2025-01-01T01:23:58.1069540Z</when>
        <gx:coord>12.238855 50.876934 1389.758</gx:coord>
        <when>2025-01-01T01:23:58.2959540Z</when>
        <gx:coord>12.238855 50.876934 1389.758</gx:coord>
        <when>2025-01-01T01:24:03.2959540Z</when>
        <gx:coord>12.238619 50.879017 1391.282</gx:coord>
        <when>2025-01-01T01:24:06.0989540Z</when>
        <gx:coord>12.238491 50.880047 1394.33</gx:coord>
        <when>2025-01-01T01:24:08.2969540Z</when>
        <gx:coord>12.238234 50.882084 1398.902</gx:coord>
        <when>2025-01-01T01:24:13.2959540Z</when>
        <gx:coord>12.237954 50.88408 1403.4741</gx:coord>
        <when>2025-01-01T01:24:18.2969540Z</when>
        <gx:coord>12.237589 50.88702 1414.142</gx:coord>
        <when>2025-01-01T01:24:23.2969540Z</when>
        <gx:coord>12.237289 50.88895 1420.238</gx:coord>
        <when>2025-01-01T01:24:28.2969540Z</when>
        <gx:coord>12.236624 50.891804 1429.382</gx:coord>
        <when>2025-01-01T01:24:32.1089540Z</when>
        <gx:coord>12.23613 50.893738 1430.9061</gx:coord>
        <when>2025-01-01T01:24:33.2969540Z</when>
        <gx:coord>12.23613 50.893738 1432.43</gx:coord>
        <when>2025-01-01T01:24:38.2969540Z</when>
        <gx:coord>12.235422 50.896675 1432.43</gx:coord>
        <when>2025-01-01T01:24:43.3249540Z</when>
        <gx:coord>12.23495 50.898693 1430.9061</gx:coord>
        <when>2025-01-01T01:24:48.2969540Z</when>
        <gx:coord>12.234285 50.901802 1426.334</gx:coord>
        <when>2025-01-01T01:24:53.2969540Z</when>
        <gx:coord>12.233856 50.903927 1424.81</gx:coord>
        <when>2025-01-01T01:24:59.9959540Z</when>
        <gx:coord>12.233276 50.90775 1423.2861</gx:coord>
        <when>2025-01-01T01:25:03.1109540Z</when>
        <gx:coord>12.233062 50.9094 1423.2861</gx:coord>
        <when>2025-01-01T01:25:04.4269540Z</when>
        <gx:coord>12.232954 50.910515 1423.2861</gx:coord>
        <when>2025-01-01T01:25:04.9969540Z</when>
        <gx:coord>12.232954 50.910515 1423.2861</gx:coord>
        <when>2025-01-01T01:25:09.9969540Z</when>
        <gx:coord>12.232697 50.913326 1423.2861</gx:coord>
        <when>2025-01-01T01:25:14.9969540Z</when>
        <gx:coord>12.232483 50.915623 1418.7141</gx:coord>
        <when>2025-01-01T01:25:19.9969540Z</when>
        <gx:coord>12.232225 50.919056 1417.1901</gx:coord>
        <when>2025-01-01T01:25:24.9969540Z</when>
        <gx:coord>12.232075 50.921352 1418.7141</gx:coord>
        <when>2025-01-01T01:25:29.9959540Z</when>
        <gx:coord>12.23186 50.924805 1420.238</gx:coord>
        <when>2025-01-01T01:25:34.9969540Z</when>
        <gx:coord>12.231731 50.9271 1420.238</gx:coord>
        <when>2025-01-01T01:25:35.1069540Z</when>
        <gx:coord>12.231667 50.92826 1420.238</gx:coord>
        <when>2025-01-01T01:25:39.9969540Z</when>
        <gx:coord>12.231539 50.93058 1417.1901</gx:coord>
        <when>2025-01-01T01:25:44.9959540Z</when>
        <gx:coord>12.231431 50.932877 1417.1901</gx:coord>
        <when>2025-01-01T01:25:49.9969540Z</when>
        <gx:coord>12.231323 50.936264 1418.7141</gx:coord>
        <when>2025-01-01T01:25:54.9969540Z</when>
        <gx:coord>12.231259 50.938496 1418.7141</gx:coord>
        <when>2025-01-01T01:26:00.0529540Z</when>
        <gx:coord>12.231131 50.941845 1421.762</gx:coord>
        <when>2025-01-01T01:26:04.9969540Z</when>
        <gx:coord>12.231024 50.944077 1420.238</gx:coord>
        <when>2025-01-01T01:26:05.1059540Z</when>
        <gx:coord>12.230959 50.94519 1420.238</gx:coord>
        <when>2025-01-01T01:26:09.9969540Z</when>
        <gx:coord>12.23083 50.947422 1415.6661</gx:coord>
        <when>2025-01-01T01:26:14.9969540Z</when>
        <gx:coord>12.230659 50.949677 1409.5701</gx:coord>
        <when>2025-01-01T01:26:19.9989540Z</when>
        <gx:coord>12.230401 50.953022 1406.522</gx:coord>
        <when>2025-01-01T01:26:25.0059540Z</when>
        <gx:coord>12.230251 50.9553 1400.4261</gx:coord>
        <when>2025-01-01T01:26:30.0039540Z</when>
        <gx:coord>12.229972 50.958733 1392.806</gx:coord>
        <when>2025-01-01T01:26:34.9979540Z</when>
        <gx:coord>12.229778 50.96103 1388.2341</gx:coord>
        <when>2025-01-01T01:26:35.1089540Z</when>
        <gx:coord>12.229692 50.962185 1388.2341</gx:coord>
        <when>2025-01-01T01:26:40.0039540Z</when>
        <gx:coord>12.2295 50.964504 1382.1381</gx:coord>
        <when>2025-01-01T01:26:44.9979540Z</when>
        <gx:coord>12.229349 50.96682 1377.566</gx:coord>
        <when>2025-01-01T01:26:49.1019540Z</when>
        <gx:coord>12.229092 50.970318 1372.9941</gx:coord>
        <when>2025-01-01T01:27:52.1659540Z</when>
        <gx:coord>12.228405 50.979694 1357.7542</gx:coord>
        <when>2025-01-01T01:27:52.1749540Z</when>
        <gx:coord>12.227976 50.98553 1342.514</gx:coord>
        <when>2025-01-01T01:27:52.1799540Z</when>
        <gx:coord>12.227032 50.996967 1324.2261</gx:coord>
        <when>2025-01-01T01:27:52.1799540Z</when>
        <gx:coord>12.2266245 51.00141 1312.034</gx:coord>
        <when>2025-01-01T01:27:52.5039540Z</when>
        <gx:coord>12.226152 51.00583 1305.938</gx:coord>
        <when>2025-01-01T01:27:57.5049540Z</when>
        <gx:coord>12.225766 51.009155 1299.842</gx:coord>
        <when>2025-01-01T01:28:02.5049540Z</when>
        <gx:coord>12.225509 51.011387 1296.7941</gx:coord>
        <when>2025-01-01T01:28:05.1069540Z</when>
        <gx:coord>12.225229 51.01362 1293.746</gx:coord>
        <when>2025-01-01T01:28:07.5049540Z</when>
        <gx:coord>12.22508 51.014736 1289.1741</gx:coord>
        <when>2025-01-01T01:28:12.5049540Z</when>
        <gx:coord>12.224822 51.01699 1284.602</gx:coord>
        <when>2025-01-01T01:28:15.0969540Z</when>
        <gx:coord>12.224543 51.01924 1281.554</gx:coord>
        <when>2025-01-01T01:28:17.5049540Z</when>
        <gx:coord>12.224415 51.02038 1278.506</gx:coord>
        <when>2025-01-01T01:28:22.5429540Z</when>
        <gx:coord>12.224135 51.02265 1273.934</gx:coord>
        <when>2025-01-01T01:28:27.5049540Z</when>
        <gx:coord>12.223749 51.026066 1267.8381</gx:coord>
        <when>2025-01-01T01:28:32.5049540Z</when>
        <gx:coord>12.223513 51.02834 1263.2661</gx:coord>
        <when>2025-01-01T01:28:35.1109540Z</when>
        <gx:coord>12.223277 51.030636 1261.7421</gx:coord>
        <when>2025-01-01T01:28:37.5049540Z</when>
        <gx:coord>12.223169 51.031773 1257.17</gx:coord>
        <when>2025-01-01T01:28:42.5049540Z</when>
        <gx:coord>12.222934 51.034046 1255.6461</gx:coord>
        <when>2025-01-01T01:28:47.1049540Z</when>
        <gx:coord>12.2225685 51.037502 1249.55</gx:coord>
        <when>2025-01-01T01:28:47.5049540Z</when>
        <gx:coord>12.2225685 51.037502 1249.55</gx:coord>
        <when>2025-01-01T01:28:52.5079540Z</when>
        <gx:coord>12.222333 51.039818 1244.9781</gx:coord>
        <when>2025-01-01T01:28:57.5049540Z</when>
        <gx:coord>12.221968 51.04334 1238.882</gx:coord>
        <when>2025-01-01T01:29:02.5059540Z</when>
        <gx:coord>12.221732 51.04572 1231.262</gx:coord>
        <when>2025-01-01T01:29:03.1009540Z</when>
        <gx:coord>12.221732 51.04572 1231.262</gx:coord>
        <when>2025-01-01T01:29:05.1089540Z</when>
        <gx:coord>12.221518 51.048122 1228.214</gx:coord>
        <when>2025-01-01T01:29:07.5059540Z</when>
        <gx:coord>12.221411 51.049324 1222.118</gx:coord>
        <when>2025-01-01T01:29:09.1049540Z</when>
        <gx:coord>12.221303 51.050526 1219.0701</gx:coord>
        <when>2025-01-01T01:29:12.5059540Z</when>
        <gx:coord>12.221195 51.051727 1217.546</gx:coord>
        <when>2025-01-01T01:29:17.5059540Z</when>
        <gx:coord>12.220896 51.055313 1211.4501</gx:coord>
        <when>2025-01-01T01:29:22.5049540Z</when>
        <gx:coord>12.22068 51.057693 1208.402</gx:coord>
        <when>2025-01-01T01:29:27.5059540Z</when>
        <gx:coord>12.220381 51.061256 1202.306</gx:coord>
        <when>2025-01-01T01:29:32.5059540Z</when>
        <gx:coord>12.220165 51.063618 1196.21</gx:coord>
        <when>2025-01-01T01:29:33.1069540Z</when>
        <gx:coord>12.220079 51.064796 1196.21</gx:coord>
        <when>2025-01-01T01:29:37.5059540Z</when>
        <gx:coord>12.219866 51.067177 1190.114</gx:coord>
        <when>2025-01-01T01:29:39.0989540Z</when>
        <gx:coord>12.219758 51.06836 1188.59</gx:coord>
        <when>2025-01-01T01:29:42.5059540Z</when>
        <gx:coord>12.219672 51.06952 1185.542</gx:coord>
        <when>2025-01-01T01:29:47.5059540Z</when>
        <gx:coord>12.219351 51.07306 1177.922</gx:coord>
        <when>2025-01-01T01:29:52.5369540Z</when>
        <gx:coord>12.219135 51.075397 1171.826</gx:coord>
        <when>2025-01-01T01:29:57.5059540Z</when>
        <gx:coord>12.218792 51.078896 1165.73</gx:coord>
        <when>2025-01-01T01:30:02.5059540Z</when>
        <gx:coord>12.218534 51.081234 1164.206</gx:coord>
        <when>2025-01-01T01:30:03.1009540Z</when>
        <gx:coord>12.218407 51.082413 1164.206</gx:coord>
        <when>2025-01-01T01:30:07.5059540Z</when>
        <gx:coord>12.218127 51.084793 1159.634</gx:coord>
        <when>2025-01-01T01:30:09.0989540Z</when>
        <gx:coord>12.217978 51.086 1152.014</gx:coord>
        <when>2025-01-01T01:30:12.5059540Z</when>
        <gx:coord>12.21787 51.08722 1145.918</gx:coord>
        <when>2025-01-01T01:30:17.5059540Z</when>
        <gx:coord>12.2174835 51.090824 1135.25</gx:coord>
        <when>2025-01-01T01:30:22.5429540Z</when>
        <gx:coord>12.217269 51.093227 1132.202</gx:coord>
        <when>2025-01-01T01:30:27.5059540Z</when>
        <gx:coord>12.216948 51.09681 1132.202</gx:coord>
        <when>2025-01-01T01:30:31.1119540Z</when>
        <gx:coord>12.216732 51.09917 1130.678</gx:coord>
        <when>2025-01-01T01:30:32.5059540Z</when>
        <gx:coord>12.216732 51.09917 1130.678</gx:coord>
        <when>2025-01-01T01:30:37.5059540Z</when>
        <gx:coord>12.216433 51.102734 1126.106</gx:coord>
        <when>2025-01-01T01:30:41.1019540Z</when>
        <gx:coord>12.216261 51.105114 1121.534</gx:coord>
        <when>2025-01-01T01:30:42.5059540Z</when>
        <gx:coord>12.216261 51.105114 1121.534</gx:coord>
        <when>2025-01-01T01:30:47.5059540Z</when>
        <gx:coord>12.215939 51.10872 1110.866</gx:coord>
        <when>2025-01-01T01:30:52.5419540Z</when>
        <gx:coord>12.215724 51.111145 1103.246</gx:coord>
        <when>2025-01-01T01:30:57.5059540Z</when>
        <gx:coord>12.215381 51.114727 1100.198</gx:coord>
        <when>2025-01-01T01:30:59.1099540Z</when>
        <gx:coord>12.215295 51.11593 1100.198</gx:coord>
        <when>2025-01-01T01:31:02.5059540Z</when>
        <gx:coord>12.215187 51.117153 1094.102</gx:coord>
        <when>2025-01-01T01:31:03.0979540Z</when>
        <gx:coord>12.215123 51.118355 1091.054</gx:coord>
        <when>2025-01-01T01:31:07.5059540Z</when>
        <gx:coord>12.214973 51.120758 1088.006</gx:coord>
        <when>2025-01-01T01:31:12.5059540Z</when>
        <gx:coord>12.214866 51.123184 1083.434</gx:coord>
        <when>2025-01-01T01:31:13.0989540Z</when>
        <gx:coord>12.214866 51.123184 1083.434</gx:coord>
        <when>2025-01-01T01:31:17.5059540Z</when>
        <gx:coord>12.214866 51.126766 1077.338</gx:coord>
        <when>2025-01-01T01:31:22.5399540Z</when>
        <gx:coord>12.214973 51.129147 1074.29</gx:coord>
        <when>2025-01-01T01:31:27.1099540Z</when>
        <gx:coord>12.215209 51.13271 1071.2421</gx:coord>
        <when>2025-01-01T01:31:27.5059540Z</when>
        <gx:coord>12.215209 51.13271 1069.718</gx:coord>
        <when>2025-01-01T01:31:32.5059540Z</when>
        <gx:coord>12.215403 51.135094 1066.67</gx:coord>
        <when>2025-01-01T01:31:37.1049540Z</when>
        <gx:coord>12.215724 51.138653 1059.05</gx:coord>
        <when>2025-01-01T01:31:37.5059540Z</when>
        <gx:coord>12.215724 51.138653 1059.05</gx:coord>
        <when>2025-01-01T01:31:42.5419540Z</when>
        <gx:coord>12.2159815 51.141037 1052.954</gx:coord>
        <when>2025-01-01T01:31:47.5049540Z</when>
        <gx:coord>12.216389 51.14464 1046.858</gx:coord>
        <when>2025-01-01T01:31:52.5369540Z</when>
        <gx:coord>12.216646 51.147064 1040.762</gx:coord>
        <when>2025-01-01T01:31:55.1109540Z</when>
        <gx:coord>12.216883 51.149513 1037.714</gx:coord>
        <when>2025-01-01T01:31:57.5059540Z</when>
        <gx:coord>12.2169895 51.150734 1031.618</gx:coord>
        <when>2025-01-01T01:32:01.0999540Z</when>
        <gx:coord>12.21714 51.153202 1025.522</gx:coord>
        <when>2025-01-01T01:32:02.5059540Z</when>
        <gx:coord>12.21714 51.153202 1025.522</gx:coord>
        <when>2025-01-01T01:32:07.5059540Z</when>
        <gx:coord>12.217377 51.156914 1016.3781</gx:coord>
        <when>2025-01-01T01:32:12.5059540Z</when>
        <gx:coord>12.217526 51.15936 1011.8061</gx:coord>
        <when>2025-01-01T01:32:17.5059540Z</when>
        <gx:coord>12.217784 51.16305 1001.13806</gx:coord>
        <when>2025-01-01T01:32:22.5049540Z</when>
        <gx:coord>12.2179985 51.16552 998.09</gx:coord>
        <when>2025-01-01T01:32:23.1029540Z</when>
        <gx:coord>12.218105 51.16674 998.09</gx:coord>
        <when>2025-01-01T01:32:27.1029540Z</when>
        <gx:coord>12.218363 51.16919 993.51807</gx:coord>
        <when>2025-01-01T01:32:27.5059540Z</when>
        <gx:coord>12.218363 51.16919 993.51807</gx:coord>
        <when>2025-01-01T01:32:32.5049540Z</when>
        <gx:coord>12.218642 51.171635 988.9461</gx:coord>
        <when>2025-01-01T01:32:37.5059540Z</when>
        <gx:coord>12.219114 51.17528 981.3261</gx:coord>
        <when>2025-01-01T01:32:42.5059540Z</when>
        <gx:coord>12.219437 51.177708 978.2781</gx:coord>
        <when>2025-01-01T01:32:47.5169540Z</when>
        <gx:coord>12.219952 51.18129 970.658</gx:coord>
        <when>2025-01-01T01:32:51.1079540Z</when>
        <gx:coord>12.220316 51.18367 970.658</gx:coord>
        <when>2025-01-01T01:32:52.5129540Z</when>
        <gx:coord>12.220316 51.18367 969.1341</gx:coord>
        <when>2025-01-01T01:32:57.5059540Z</when>
        <gx:coord>12.220852 51.187233 964.562</gx:coord>
        <when>2025-01-01T01:32:59.1029540Z</when>
        <gx:coord>12.221003 51.188435 963.038</gx:coord>
        <when>2025-01-01T01:33:02.5059540Z</when>
        <gx:coord>12.221153 51.189636 963.038</gx:coord>
        <when>2025-01-01T01:33:07.5059540Z</when>
        <gx:coord>12.221518 51.193264 953.8941</gx:coord>
        <when>2025-01-01T01:33:12.5059540Z</when>
        <gx:coord>12.22171 51.19571 944.75</gx:coord>
        <when>2025-01-01T01:33:17.5059540Z</when>
        <gx:coord>12.222097 51.199444 935.606</gx:coord>
        <when>2025-01-01T01:33:19.1109540Z</when>
        <gx:coord>12.222247 51.20067 935.606</gx:coord>
        <when>2025-01-01T01:33:22.5239540Z</when>
        <gx:coord>12.222397 51.201912 932.5581</gx:coord>
        <when>2025-01-01T01:33:23.0999540Z</when>
        <gx:coord>12.2225685 51.203133 931.034</gx:coord>
        <when>2025-01-01T01:33:27.5059540Z</when>
        <gx:coord>12.222977 51.205624 927.986</gx:coord>
        <when>2025-01-01T01:33:32.5309540Z</when>
        <gx:coord>12.223406 51.20809 923.414</gx:coord>
        <when>2025-01-01T01:33:37.5059540Z</when>
        <gx:coord>12.224199 51.211803 917.318</gx:coord>
        <when>2025-01-01T01:33:39.1019540Z</when>
        <gx:coord>12.224199 51.211803 917.318</gx:coord>
        <when>2025-01-01T01:33:42.5069540Z</when>
        <gx:coord>12.22508 51.21427 911.2221</gx:coord>
        <when>2025-01-01T01:33:47.1049540Z</when>
        <gx:coord>12.226389 51.21796 905.1261</gx:coord>
        <when>2025-01-01T01:33:47.5069540Z</when>
        <gx:coord>12.226389 51.21796 903.602</gx:coord>
        <when>2025-01-01T01:33:51.1069540Z</when>
        <gx:coord>12.227225 51.22043 900.554</gx:coord>
        <when>2025-01-01T01:33:52.5359540Z</when>
        <gx:coord>12.227225 51.22043 900.554</gx:coord>
        <when>2025-01-01T01:33:57.5059540Z</when>
        <gx:coord>12.228319 51.22412 894.458</gx:coord>
        <when>2025-01-01T01:34:02.5059540Z</when>
        <gx:coord>12.228985 51.226585 891.4101</gx:coord>
        <when>2025-01-01T01:34:07.5059540Z</when>
        <gx:coord>12.230122 51.230255 885.314</gx:coord>
        <when>2025-01-01T01:34:12.5059540Z</when>
        <gx:coord>12.230852 51.232704 879.218</gx:coord>
        <when>2025-01-01T01:34:15.1039540Z</when>
        <gx:coord>12.23156 51.23519 876.1701</gx:coord>
        <when>2025-01-01T01:34:17.5059540Z</when>
        <gx:coord>12.231838 51.236416 871.598</gx:coord>
        <when>2025-01-01T01:34:19.1049540Z</when>
        <gx:coord>12.232096 51.23766 868.55</gx:coord>
        <when>2025-01-01T01:34:22.5329540Z</when>
        <gx:coord>12.232311 51.238903 865.502</gx:coord>
        <when>2025-01-01T01:34:27.5059540Z</when>
        <gx:coord>12.23304 51.242615 857.882</gx:coord>
        <when>2025-01-01T01:34:32.5059540Z</when>
        <gx:coord>12.233555 51.245083 853.31</gx:coord>
        <when>2025-01-01T01:34:37.5059540Z</when>
        <gx:coord>12.234285 51.248753 848.7381</gx:coord>
        <when>2025-01-01T01:34:42.5059540Z</when>
        <gx:coord>12.234756 51.251198 842.32806</gx:coord>
        <when>2025-01-01T01:34:43.1049540Z</when>
        <gx:coord>12.235014 51.2524 842.32806</gx:coord>
        <when>2025-01-01T01:34:47.0989540Z</when>
        <gx:coord>12.235487 51.25485 836.232</gx:coord>
        <when>2025-01-01T01:34:47.5249540Z</when>
        <gx:coord>12.235487 51.25485 836.232</gx:coord>
        <when>2025-01-01T01:34:52.5289540Z</when>
        <gx:coord>12.235937 51.257294 831.66</gx:coord>
        <when>2025-01-01T01:34:57.5059540Z</when>
        <gx:coord>12.236559 51.26094 825.56396</gx:coord>
        <when>2025-01-01T01:35:02.5059540Z</when>
        <gx:coord>12.236988 51.263344 820.99207</gx:coord>
        <when>2025-01-01T01:35:07.5059540Z</when>
        <gx:coord>12.237525 51.267014 814.896</gx:coord>
        <when>2025-01-01T01:35:11.1059540Z</when>
        <gx:coord>12.237825 51.26946 813.3721</gx:coord>
        <when>2025-01-01T01:35:12.5059540Z</when>
        <gx:coord>12.237825 51.26946 808.8</gx:coord>
        <when>2025-01-01T01:35:13.1029540Z</when>
        <gx:coord>12.237976 51.270706 805.75195</gx:coord>
        <when>2025-01-01T01:35:17.5059540Z</when>
        <gx:coord>12.238234 51.27317 801.18</gx:coord>
        <when>2025-01-01T01:35:22.5339540Z</when>
        <gx:coord>12.238491 51.27564 795.084</gx:coord>
        <when>2025-01-01T01:35:27.5059540Z</when>
        <gx:coord>12.238855 51.27933 788.988</gx:coord>
        <when>2025-01-01T01:35:32.5059540Z</when>
        <gx:coord>12.239134 51.2818 787.464</gx:coord>
        <when>2025-01-01T01:35:37.5059540Z</when>
        <gx:coord>12.239585 51.28549 781.368</gx:coord>
        <when>2025-01-01T01:35:39.1079540Z</when>
        <gx:coord>12.239735 51.28673 781.368</gx:coord>
        <when>2025-01-01T01:35:42.5069540Z</when>
        <gx:coord>12.239906 51.28798 776.79596</gx:coord>
        <when>2025-01-01T01:35:43.0949540Z</when>
        <gx:coord>12.240057 51.289223 773.748</gx:coord>
        <when>2025-01-01T01:35:47.5069540Z</when>
        <gx:coord>12.240421 51.29171 767.652</gx:coord>
        <when>2025-01-01T01:35:52.5289540Z</when>
        <gx:coord>12.240744 51.2942 761.55597</gx:coord>
        <when>2025-01-01T01:35:57.5059540Z</when>
        <gx:coord>12.241259 51.29789 755.45996</gx:coord>
        <when>2025-01-01T01:36:02.5059540Z</when>
        <gx:coord>12.241645 51.300358 750.888</gx:coord>
        <when>2025-01-01T01:36:07.1059540Z</when>
        <gx:coord>12.242224 51.304028 747.83997</gx:coord>
        <when>2025-01-01T01:36:07.5059540Z</when>
        <gx:coord>12.242224 51.304028 744.792</gx:coord>
        <when>2025-01-01T01:36:11.1009540Z</when>
        <gx:coord>12.242632 51.306473 741.74396</gx:coord>
        <when>2025-01-01T01:36:12.5059540Z</when>
        <gx:coord>12.242632 51.306473 741.74396</gx:coord>
        <when>2025-01-01T01:36:17.5059540Z</when>
        <gx:coord>12.243212 51.310143 734.12396</gx:coord>
        <when>2025-01-01T01:36:22.5309540Z</when>
        <gx:coord>12.243597 51.31259 729.552</gx:coord>
        <when>2025-01-01T01:36:27.5059540Z</when>
        <gx:coord>12.244156 51.316257 723.456</gx:coord>
        <when>2025-01-01T01:36:32.5059540Z</when>
        <gx:coord>12.244541 51.318707 718.884</gx:coord>
        <when>2025-01-01T01:36:35.1089540Z</when>
        <gx:coord>12.2448845 51.32115 715.836</gx:coord>
        <when>2025-01-01T01:36:37.1059540Z</when>
        <gx:coord>12.245078 51.322372 711.264</gx:coord>
        <when>2025-01-01T01:36:37.5059540Z</when>
        <gx:coord>12.245078 51.322372 711.264</gx:coord>
        <when>2025-01-01T01:36:46.4639540Z</when>
        <gx:coord>12.245851 51.327267 702.12</gx:coord>
        <when>2025-01-01T01:36:51.4649540Z</when>
        <gx:coord>12.246408 51.330914 696.024</gx:coord>
        <when>2025-01-01T01:36:56.4649540Z</when>
        <gx:coord>12.246838 51.33336 685.35596</gx:coord>
        <when>2025-01-01T01:37:01.0899540Z</when>
        <gx:coord>12.247481 51.336987 680.784</gx:coord>
        <when>2025-01-01T01:37:01.3889540Z</when>
        <gx:coord>12.247481 51.336987 680.784</gx:coord>
        <when>2025-01-01T01:37:03.1069540Z</when>
        <gx:coord>12.247675 51.33819 680.784</gx:coord>
        <when>2025-01-01T01:37:06.3899540Z</when>
        <gx:coord>12.247868 51.33939 676.212</gx:coord>
        <when>2025-01-01T01:37:11.3919540Z</when>
        <gx:coord>12.248489 51.342995 670.11597</gx:coord>
        <when>2025-01-01T01:37:16.3899540Z</when>
        <gx:coord>12.248898 51.345375 665.54407</gx:coord>
        <when>2025-01-01T01:37:21.3899540Z</when>
        <gx:coord>12.249455 51.348938 659.448</gx:coord>
        <when>2025-01-01T01:37:38.5669540Z</when>
        <gx:coord>12.250314 51.354797 661.7521</gx:coord>
        <when>2025-01-01T01:37:38.8309540Z</when>
        <gx:coord>12.250743 51.358273 652.60803</gx:coord>
        <when>2025-01-01T01:37:41.1129540Z</when>
        <gx:coord>12.251064 51.36057 649.56</gx:coord>
        <when>2025-01-01T01:37:43.8319540Z</when>
        <gx:coord>12.251236 51.36173 648.036</gx:coord>
        <when>2025-01-01T01:38:57.8209540Z</when>
        <gx:coord>12.252653 51.371964 637.368</gx:coord>
        <when>2025-01-01T01:38:57.8219540Z</when>
        <gx:coord>12.252653 51.371964 631.27203</gx:coord>
        <when>2025-01-01T01:38:57.8259540Z</when>
        <gx:coord>12.252781 51.375397 617.556</gx:coord>
        <when>2025-01-01T01:38:57.8259540Z</when>
        <gx:coord>12.252825 51.37651 616.032</gx:coord>
        <when>2025-01-01T01:38:57.8279540Z</when>
        <gx:coord>12.252911 51.379837 599.268</gx:coord>
        <when>2025-01-01T01:38:57.8279540Z</when>
        <gx:coord>12.252846 51.382004 585.552</gx:coord>
        <when>2025-01-01T01:38:57.8289540Z</when>
        <gx:coord>12.252609 51.38739 541.356</gx:coord>
        <when>2025-01-01T01:38:57.8319540Z</when>
        <gx:coord>12.252374 51.38958 523.068</gx:coord>
        <when>2025-01-01T01:38:57.8319540Z</when>
        <gx:coord>12.252374 51.38958 507.82803</gx:coord>
        <when>2025-01-01T01:38:57.8329540Z</when>
        <gx:coord>12.251987 51.39177 472.77603</gx:coord>
        <when>2025-01-01T01:38:57.8329540Z</when>
        <gx:coord>12.251579 51.39402 440.77197</gx:coord>
        <when>2025-01-01T01:38:57.8329540Z</when>
        <gx:coord>12.251064 51.396275 410.292</gx:coord>
        <when>2025-01-01T01:38:57.8329540Z</when>
        <gx:coord>12.250142 51.399643 370.668</gx:coord>
        <when>2025-01-01T01:38:58.1109540Z</when>
        <gx:coord>12.24909 51.40297 343.97998</gx:coord>
        <when>2025-01-01T01:38:59.1059540Z</when>
        <gx:coord>12.248747 51.404083 334.836</gx:coord>
        <when>2025-01-01T01:39:03.1039540Z</when>
        <gx:coord>12.248125 51.406273 322.64398</gx:coord>
        <when>2025-01-01T01:39:03.1279540Z</when>
        <gx:coord>12.248125 51.406273 316.54797</gx:coord>
        <when>2025-01-01T01:39:07.0989540Z</when>
        <gx:coord>12.247782 51.40735 305.88</gx:coord>
        <when>2025-01-01T01:39:07.0989540Z</when>
        <gx:coord>12.247417 51.408398 298.26</gx:coord>
        <when>2025-01-01T01:39:08.1119540Z</when>
        <gx:coord>12.247417 51.408398 298.26</gx:coord>
        <when>2025-01-01T01:39:13.1189540Z</when>
        <gx:coord>12.246366 51.411488 275.40002</gx:coord>
        <when>2025-01-01T01:39:15.0959540Z</when>
        <gx:coord>12.246 51.412518 260.15997</gx:coord>
        <when>2025-01-01T01:40:32.1809540Z</when>
        <gx:coord>12.244455 51.416595 231.204</gx:coord>
        <when>2025-01-01T01:40:32.1919540Z</when>
        <gx:coord>12.244091 51.417583 223.58401</gx:coord>
        <when>2025-01-01T01:40:32.2069540Z</when>
        <gx:coord>12.241945 51.42329 211.39201</gx:coord>
        <when>2025-01-01T01:40:32.2079540Z</when>
        <gx:coord>12.23937 51.428955 254.06401</gx:coord>
        <when>2025-01-01T01:40:32.2079540Z</when>
        <gx:coord>12.23937 51.428955 254.06401</gx:coord>
        <when>2025-01-01T01:40:32.2089540Z</when>
        <gx:coord>12.236301 51.434063 284.544</gx:coord>
        <when>2025-01-01T01:40:32.2099540Z</when>
        <gx:coord>12.235186 51.43567 293.688</gx:coord>
        <when>2025-01-01T01:40:32.2099540Z</when>
        <gx:coord>12.232933 51.438934 319.596</gx:coord>
        <when>2025-01-01T01:40:32.2099540Z</when>
        <gx:coord>12.232933 51.438934 319.596</gx:coord>
        <when>2025-01-01T01:40:32.2219540Z</when>
        <gx:coord>12.232397 51.439705 319.596</gx:coord>
        <when>2025-01-01T01:40:32.2259540Z</when>
        <gx:coord>12.23008 51.44258 350.07602</gx:coord>
        <when>2025-01-01T01:40:32.3699540Z</when>
        <gx:coord>12.227676 51.44541 362.268</gx:coord>
        <when>2025-01-01T01:40:37.3709540Z</when>
        <gx:coord>12.226131 51.44771 374.46002</gx:coord>
        <when>2025-01-01T01:40:41.0959540Z</when>
        <gx:coord>12.225423 51.44936 383.604</gx:coord>
        <when>2025-01-01T01:40:42.3709540Z</when>
        <gx:coord>12.225423 51.44936 383.604</gx:coord>
        <when>2025-01-01T01:40:43.0969540Z</when>
        <gx:coord>12.225423 51.44936 383.604</gx:coord>
        <when>2025-01-01T01:40:47.3719540Z</when>
        <gx:coord>12.224543 51.451916 398.84402</gx:coord>
        <when>2025-01-01T01:40:52.3719540Z</when>
        <gx:coord>12.223921 51.453632 406.46402</gx:coord>
        <when>2025-01-01T01:40:54.3019540Z</when>
        <gx:coord>12.2235565 51.454468 407.98798</gx:coord>
        <when>2025-01-01T01:40:55.0939540Z</when>
        <gx:coord>12.223191 51.455326 407.98798</gx:coord>
        <when>2025-01-01T01:40:59.3029540Z</when>
        <gx:coord>12.222419 51.457066 407.98798</gx:coord>
        <when>2025-01-01T01:41:03.1009540Z</when>
        <gx:coord>12.221582 51.4588 417.13202</gx:coord>
        <when>2025-01-01T01:41:04.3019540Z</when>
        <gx:coord>12.221582 51.4588 417.13202</gx:coord>
        <when>2025-01-01T01:41:09.3029540Z</when>
        <gx:coord>12.220295 51.461292 441.51602</gx:coord>
        <when>2025-01-01T01:41:13.0969540Z</when>
        <gx:coord>12.219372 51.462856 449.136</gx:coord>
        <when>2025-01-01T01:41:14.3029540Z</when>
        <gx:coord>12.219372 51.462856 449.136</gx:coord>
        <when>2025-01-01T01:41:15.0899540Z</when>
        <gx:coord>12.219372 51.462856 449.136</gx:coord>
        <when>2025-01-01T01:41:19.3029540Z</when>
        <gx:coord>12.217956 51.46511 467.424</gx:coord>
        <when>2025-01-01T01:41:24.3029540Z</when>
        <gx:coord>12.217033 51.46655 478.09198</gx:coord>
        <when>2025-01-01T01:41:25.0949540Z</when>
        <gx:coord>12.216539 51.467236 479.61597</gx:coord>
        <when>2025-01-01T01:41:29.0959540Z</when>
        <gx:coord>12.216045 51.467922 481.13998</gx:coord>
        <when>2025-01-01T01:41:29.3029540Z</when>
        <gx:coord>12.215574 51.46861 482.664</gx:coord>
        <when>2025-01-01T01:41:34.3029540Z</when>
        <gx:coord>12.214586 51.46996 475.044</gx:coord>
        <when>2025-01-01T01:41:37.1079540Z</when>
        <gx:coord>12.2134495 51.471333 468.94803</gx:coord>
        <when>2025-01-01T01:41:39.3029540Z</when>
        <gx:coord>12.212828 51.472042 459.80402</gx:coord>
        <when>2025-01-01T01:41:44.3029540Z</when>
        <gx:coord>12.211647 51.47348 455.23203</gx:coord>
        <when>2025-01-01T01:41:49.3029540Z</when>
        <gx:coord>12.209866 51.47571 452.18402</gx:coord>
        <when>2025-01-01T01:41:54.3279540Z</when>
        <gx:coord>12.208686 51.477192 455.23203</gx:coord>
        <when>2025-01-01T01:41:55.1029540Z</when>
        <gx:coord>12.208686 51.477192 455.23203</gx:coord>
        <when>2025-01-01T01:41:59.0959540Z</when>
        <gx:coord>12.207785 51.47878 462.85202</gx:coord>
        <when>2025-01-01T01:41:59.3029540Z</when>
        <gx:coord>12.207548 51.47966 462.85202</gx:coord>
        <when>2025-01-01T01:42:04.3029540Z</when>
        <gx:coord>12.207141 51.48142 461.328</gx:coord>
        <when>2025-01-01T01:42:09.3039540Z</when>
        <gx:coord>12.206626 51.48406 468.94803</gx:coord>
        <when>2025-01-01T01:42:14.3039540Z</when>
        <gx:coord>12.205982 51.485645 479.61597</gx:coord>
        <when>2025-01-01T01:42:15.1039540Z</when>
        <gx:coord>12.205982 51.485645 479.61597</gx:coord>
        <when>2025-01-01T01:42:17.0929540Z</when>
        <gx:coord>12.205488 51.486355 484.18802</gx:coord>
        <when>2025-01-01T01:42:19.1119540Z</when>
        <gx:coord>12.2043085 51.4876 488.76</gx:coord>
        <when>2025-01-01T01:42:19.3099540Z</when>
        <gx:coord>12.2043085 51.4876 491.80798</gx:coord>
        <when>2025-01-01T01:42:21.0989540Z</when>
        <gx:coord>12.2043085 51.4876 491.80798</gx:coord>
        <when>2025-01-01T01:42:24.3039540Z</when>
        <gx:coord>12.202935 51.4888 481.13998</gx:coord>
        <when>2025-01-01T01:42:29.3049540Z</when>
        <gx:coord>12.200918 51.490776 475.044</gx:coord>
        <when>2025-01-01T01:42:56.8549540Z</when>
        <gx:coord>12.199588 51.49217 471.99597</gx:coord>
        <when>2025-01-01T01:42:56.8639540Z</when>
        <gx:coord>12.192378 51.499016 484.18802</gx:coord>
        <when>2025-01-01T01:42:57.0939540Z</when>
        <gx:coord>12.19182 51.499744 487.236</gx:coord>
        <when>2025-01-01T01:42:57.3719540Z</when>
        <gx:coord>12.19152 51.500538 491.80798</gx:coord>
        <when>2025-01-01T01:42:59.0989540Z</when>
        <gx:coord>12.19152 51.500538 491.80798</gx:coord>
        <when>2025-01-01T01:43:01.1089540Z</when>
        <gx:coord>12.191584 51.502274 488.76</gx:coord>
        <when>2025-01-01T01:43:02.3719540Z</when>
        <gx:coord>12.191584 51.502274 488.76</gx:coord>
        <when>2025-01-01T01:43:07.3729540Z</when>
        <gx:coord>12.191949 51.50496 471.99597</gx:coord>
        <when>2025-01-01T01:43:09.0989540Z</when>
        <gx:coord>12.191949 51.50496 471.99597</gx:coord>
        <when>2025-01-01T01:43:12.3729540Z</when>
        <gx:coord>12.192099 51.506824 458.27997</gx:coord>
        <when>2025-01-01T01:43:15.1019540Z</when>
        <gx:coord>12.192099 51.507767 453.708</gx:coord>
        <when>2025-01-01T01:43:17.0999540Z</when>
        <gx:coord>12.191799 51.509636 449.136</gx:coord>
        <when>2025-01-01T01:43:17.3729540Z</when>
        <gx:coord>12.191799 51.509636 449.136</gx:coord>
        <when>2025-01-01T01:43:19.1019540Z</when>
        <gx:coord>12.191799 51.509636 449.136</gx:coord>
        <when>2025-01-01T01:43:22.3729540Z</when>
        <gx:coord>12.19079 51.511288 446.088</gx:coord>
        <when>2025-01-01T01:43:23.1009540Z</when>
        <gx:coord>12.19079 51.511288 446.088</gx:coord>
        <when>2025-01-01T01:43:25.0989540Z</when>
        <gx:coord>12.190018 51.511974 446.088</gx:coord>
        <when>2025-01-01T01:43:27.0999540Z</when>
        <gx:coord>12.1891165 51.512596 446.088</gx:coord>
        <when>2025-01-01T01:43:27.3729540Z</when>
        <gx:coord>12.188108 51.513153 446.088</gx:coord>
        <when>2025-01-01T01:43:32.3729540Z</when>
        <gx:coord>12.185963 51.514034 446.088</gx:coord>
        <when>2025-01-01T01:43:33.0999540Z</when>
        <gx:coord>12.185963 51.514034 446.088</gx:coord>
        <when>2025-01-01T01:43:37.3729540Z</when>
        <gx:coord>12.182571 51.515106 433.89603</gx:coord>
        <when>2025-01-01T01:43:42.3729540Z</when>
        <gx:coord>12.180319 51.515816 427.80002</gx:coord>
        <when>2025-01-01T01:43:47.1019540Z</when>
        <gx:coord>12.177036 51.51687 423.22806</gx:coord>
        <when>2025-01-01T01:43:47.3729540Z</when>
        <gx:coord>12.177036 51.51687 420.18002</gx:coord>
        <when>2025-01-01T01:43:49.1029540Z</when>
        <gx:coord>12.175962 51.51723 415.60797</gx:coord>
        <when>2025-01-01T01:43:52.3729540Z</when>
        <gx:coord>12.174869 51.517597 412.56003</gx:coord>
        <when>2025-01-01T01:43:55.1039540Z</when>
        <gx:coord>12.173796 51.517918 407.98798</gx:coord>
        <when>2025-01-01T01:43:57.3909540Z</when>
        <gx:coord>12.171607 51.518456 407.98798</gx:coord>
        <when>2025-01-01T01:44:03.0949540Z</when>
        <gx:coord>12.169525 51.518864 403.41602</gx:coord>
        <when>2025-01-01T01:44:26.9359540Z</when>
        <gx:coord>12.166435 51.519485 392.748</gx:coord>
        <when>2025-01-01T01:44:26.9399540Z</when>
        <gx:coord>12.163603 51.520645 388.17606</gx:coord>
        <when>2025-01-01T01:44:26.9399540Z</when>
        <gx:coord>12.159634 51.523434 383.604</gx:coord>
        <when>2025-01-01T01:44:27.2909540Z</when>
        <gx:coord>12.158024 51.52442 382.08002</gx:coord>
        <when>2025-01-01T01:44:31.1049540Z</when>
        <gx:coord>12.157145 51.524826 379.03198</gx:coord>
        <when>2025-01-01T01:44:32.2919540Z</when>
        <gx:coord>12.156265 51.525215 379.03198</gx:coord>
        <when>2025-01-01T01:44:35.1129540Z</when>
        <gx:coord>12.154398 51.525856 377.50803</gx:coord>
        <when>2025-01-01T01:44:37.2919540Z</when>
        <gx:coord>12.153454 51.52614 369.888</gx:coord>
        <when>2025-01-01T01:44:42.2929540Z</when>
        <gx:coord>12.151523 51.526672 363.79202</gx:coord>
        <when>2025-01-01T01:44:45.1029540Z</when>
        <gx:coord>12.150536 51.52691 359.21997</gx:coord>
        <when>2025-01-01T01:44:47.1019540Z</when>
        <gx:coord>12.1485405 51.527424 351.59998</gx:coord>
        <when>2025-01-01T01:44:47.2929540Z</when>
        <gx:coord>12.1485405 51.527424 351.59998</gx:coord>
        <when>2025-01-01T01:44:52.2929540Z</when>
        <gx:coord>12.146481 51.52798 347.028</gx:coord>
        <when>2025-01-01T01:44:57.2919540Z</when>
        <gx:coord>12.143455 51.528755 337.88397</gx:coord>
        <when>2025-01-01T01:45:02.2929540Z</when>
        <gx:coord>12.141438 51.529205 330.26398</gx:coord>
        <when>2025-01-01T01:45:07.2929540Z</when>
        <gx:coord>12.138412 51.529892 321.12003</gx:coord>
        <when>2025-01-01T01:45:12.2929540Z</when>
        <gx:coord>12.136438 51.530365 322.64398</gx:coord>
        <when>2025-01-01T01:45:17.2929540Z</when>
        <gx:coord>12.133541 51.531094 325.69202</gx:coord>
        <when>2025-01-01T01:45:22.2929540Z</when>
        <gx:coord>12.131588 51.531544 322.64398</gx:coord>
        <when>2025-01-01T01:45:25.1009540Z</when>
        <gx:coord>12.129614 51.532017 316.54797</gx:coord>
        <when>2025-01-01T01:45:27.1049540Z</when>
        <gx:coord>12.128606 51.53223 316.54797</gx:coord>
        <when>2025-01-01T01:45:27.3129540Z</when>
        <gx:coord>12.128606 51.53223 315.024</gx:coord>
        <when>2025-01-01T01:45:32.2929540Z</when>
        <gx:coord>12.126589 51.532703 313.5</gx:coord>
        <when>2025-01-01T01:45:37.2929540Z</when>
        <gx:coord>12.123606 51.53339 311.976</gx:coord>
        <when>2025-01-01T01:45:42.2929540Z</when>
        <gx:coord>12.12159 51.533817 308.92798</gx:coord>
        <when>2025-01-01T01:45:47.2939540Z</when>
        <gx:coord>12.118542 51.534527 302.83197</gx:coord>
        <when>2025-01-01T01:45:52.2939540Z</when>
        <gx:coord>12.116526 51.53502 298.26</gx:coord>
        <when>2025-01-01T01:45:57.2929540Z</when>
        <gx:coord>12.113564 51.535877 292.164</gx:coord>
        <when>2025-01-01T01:46:02.2939540Z</when>
        <gx:coord>12.111589 51.536457 286.068</gx:coord>
        <when>2025-01-01T01:46:03.1079540Z</when>
        <gx:coord>12.110603 51.536736 283.02002</gx:coord>
        <when>2025-01-01T01:46:07.2939540Z</when>
        <gx:coord>12.108607 51.53721 279.972</gx:coord>
        <when>2025-01-01T01:46:12.2939540Z</when>
        <gx:coord>12.106611 51.53766 272.352</gx:coord>
        <when>2025-01-01T01:46:17.1099540Z</when>
        <gx:coord>12.103607 51.538433 264.732</gx:coord>
        <when>2025-01-01T01:46:17.2939540Z</when>
        <gx:coord>12.103607 51.538433 260.15997</gx:coord>
        <when>2025-01-01T01:46:21.1079540Z</when>
        <gx:coord>12.101612 51.53901 252.54</gx:coord>
        <when>2025-01-01T01:46:22.2939540Z</when>
        <gx:coord>12.101612 51.53901 252.54</gx:coord>
        <when>2025-01-01T01:46:27.2939540Z</when>
        <gx:coord>12.098608 51.539932 244.92001</gx:coord>
        <when>2025-01-01T01:46:32.2939540Z</when>
        <gx:coord>12.096569 51.540577 238.82399</gx:coord>
        <when>2025-01-01T01:46:37.2939540Z</when>
        <gx:coord>12.093372 51.541565 232.72801</gx:coord>
        <when>2025-01-01T01:46:42.2939540Z</when>
        <gx:coord>12.091184 51.542145 232.72801</gx:coord>
        <when>2025-01-01T01:46:47.2939540Z</when>
        <gx:coord>12.0879 51.543022 231.204</gx:coord>
        <when>2025-01-01T01:46:52.2939540Z</when>
        <gx:coord>12.085776 51.543518 223.58401</gx:coord>
        <when>2025-01-01T01:46:55.1059540Z</when>
        <gx:coord>12.083738 51.544052 220.536</gx:coord>
        <when>2025-01-01T01:46:57.2939540Z</when>
        <gx:coord>12.082729 51.544334 211.39201</gx:coord>
        <when>2025-01-01T01:47:02.2939540Z</when>
        <gx:coord>12.080776 51.54487 200.72401</gx:coord>
        <when>2025-01-01T01:47:05.1109540Z</when>
        <gx:coord>12.078867 51.545425 196.152</gx:coord>
        <when>2025-01-01T01:47:07.0999540Z</when>
        <gx:coord>12.078867 51.545425 191.58002</gx:coord>
        <when>2025-01-01T01:47:07.1009540Z</when>
        <gx:coord>12.077923 51.545685 188.532</gx:coord>
        <when>2025-01-01T01:47:07.2949540Z</when>
        <gx:coord>12.077923 51.545685 188.532</gx:coord>
        <when>2025-01-01T01:47:12.2949540Z</when>
        <gx:coord>12.076056 51.546177 182.436</gx:coord>
        <when>2025-01-01T01:47:17.2949540Z</when>
        <gx:coord>12.073353 51.546864 167.19601</gx:coord>
        <when>2025-01-01T01:47:22.2939540Z</when>
        <gx:coord>12.071636 51.54738 158.05202</gx:coord>
        <when>2025-01-01T01:47:23.1059540Z</when>
        <gx:coord>12.070778 51.547615 153.48</gx:coord>
        <when>2025-01-01T01:47:27.3099540Z</when>
        <gx:coord>12.069061 51.548046 147.384</gx:coord>
        <when>2025-01-01T01:47:32.2949540Z</when>
        <gx:coord>12.067323 51.54854 141.288</gx:coord>
        <when>2025-01-01T01:47:37.2949540Z</when>
        <gx:coord>12.064619 51.54929 130.62</gx:coord>
        <when>2025-01-01T01:47:42.2949540Z</when>
        <gx:coord>12.062796 51.549805 124.524</gx:coord>
        <when>2025-01-01T01:47:43.1069540Z</when>
        <gx:coord>12.061893 51.550083 121.476</gx:coord>
        <when>2025-01-01T01:47:47.2949540Z</when>
        <gx:coord>12.06007 51.5506 113.856</gx:coord>
        <when>2025-01-01T01:47:52.2949540Z</when>
        <gx:coord>12.058374 51.55109 110.808</gx:coord>
        <when>2025-01-01T01:47:53.1079540Z</when>
        <gx:coord>12.058374 51.55109 110.808</gx:coord>
        <when>2025-01-01T01:47:57.2949540Z</when>
        <gx:coord>12.056143 51.551735 110.808</gx:coord>
        <when>2025-01-01T01:47:59.1009540Z</when>
        <gx:coord>12.056143 51.551735 110.808</gx:coord>
        <when>2025-01-01T01:48:02.2949540Z</when>
        <gx:coord>12.054855 51.5521 112.332</gx:coord>
        <when>2025-01-01T01:48:03.1069540Z</when>
        <gx:coord>12.054234 51.552273 112.332</gx:coord>
        <when>2025-01-01T01:48:07.2949540Z</when>
        <gx:coord>12.053032 51.552593 112.332</gx:coord>
        <when>2025-01-01T01:48:12.2949540Z</when>
        <gx:coord>12.051851 51.552937 113.856</gx:coord>
        <when>2025-01-01T01:48:17.2949540Z</when>
        <gx:coord>12.050135 51.55341 115.38001</gx:coord>
        <when>2025-01-01T01:48:21.1009540Z</when>
        <gx:coord>12.049578 51.55356 115.38001</gx:coord>
        <when>2025-01-01T01:48:22.2959540Z</when>
        <gx:coord>12.049063 51.55371 115.38001</gx:coord>
        <when>2025-01-01T01:48:27.1019540Z</when>
        <gx:coord>12.0481825 51.553967 116.90401</gx:coord>
        <when>2025-01-01T01:48:27.3059540Z</when>
        <gx:coord>12.047817 51.554073 116.90401</gx:coord>
        <when>2025-01-01T01:48:32.2959540Z</when>
        <gx:coord>12.047281 51.554226 116.90401</gx:coord>
        <when>2025-01-01T01:48:33.1009540Z</when>
        <gx:coord>12.047281 51.554226 116.90401</gx:coord>
        <when>2025-01-01T01:48:33.1009540Z</when>
        <gx:coord>12.047281 51.554226 116.90401</gx:coord>
        <when>2025-01-01T01:48:35.1049540Z</when>
        <gx:coord>12.047045 51.554245 118.428</gx:coord>
        <when>2025-01-01T01:48:37.1039540Z</when>
        <gx:coord>12.046852 51.554226 118.428</gx:coord>
        <when>2025-01-01T01:48:37.2949540Z</when>
        <gx:coord>12.046723 51.55414 118.428</gx:coord>
        <when>2025-01-01T01:48:39.1059540Z</when>
        <gx:coord>12.046723 51.55414 118.428</gx:coord>
        <when>2025-01-01T01:48:42.2949540Z</when>
        <gx:coord>12.046659 51.5539 118.428</gx:coord>
        <when>2025-01-01T01:48:47.2949540Z</when>
        <gx:coord>12.04668 51.553474 116.90401</gx:coord>
        <when>2025-01-01T01:48:51.1029540Z</when>
        <gx:coord>12.04668 51.55332 116.90401</gx:coord>
        <when>2025-01-01T01:48:52.2959540Z</when>
        <gx:coord>12.046766 51.553215 116.90401</gx:coord>
        <when>2025-01-01T01:48:53.1189540Z</when>
        <gx:coord>12.046766 51.553215 116.90401</gx:coord>
        <when>2025-01-01T01:48:57.2949540Z</when>
        <gx:coord>12.047302 51.553043 116.90401</gx:coord>
        <when>2025-01-01T01:49:02.2949540Z</when>
        <gx:coord>12.04771 51.552895 116.90401</gx:coord>
        <when>2025-01-01T01:49:05.1049540Z</when>
        <gx:coord>12.047947 51.55283 116.90401</gx:coord>
        <when>2025-01-01T01:49:07.2959540Z</when>
        <gx:coord>12.048462 51.55268 116.90401</gx:coord>
        <when>2025-01-01T01:49:12.2959540Z</when>
        <gx:coord>12.049019 51.55253 115.38001</gx:coord>
        <when>2025-01-01T01:49:17.2959540Z</when>
        <gx:coord>12.049921 51.552273 115.38001</gx:coord>
        <when>2025-01-01T01:49:22.2959540Z</when>
        <gx:coord>12.050564 51.5521 115.38001</gx:coord>
        <when>2025-01-01T01:49:27.1059540Z</when>
        <gx:coord>12.0512295 51.55193 113.856</gx:coord>
        <when>2025-01-01T01:49:27.3169540Z</when>
        <gx:coord>12.051573 51.551823 113.856</gx:coord>
        <when>2025-01-01T01:49:32.2959540Z</when>
        <gx:coord>12.052259 51.55163 113.856</gx:coord>
        <when>2025-01-01T01:49:37.2949540Z</when>
        <gx:coord>12.053332 51.551327 112.332</gx:coord>
        <when>2025-01-01T01:49:42.2959540Z</when>
        <gx:coord>12.054041 51.551136 112.332</gx:coord>
        <when>2025-01-01T01:49:47.2959540Z</when>
        <gx:coord>12.055092 51.550835 112.332</gx:coord>
        <when>2025-01-01T01:49:52.2959540Z</when>
        <gx:coord>12.055736 51.55064 112.332</gx:coord>
        <when>2025-01-01T01:49:57.2949540Z</when>
        <gx:coord>12.056658 51.550385 112.332</gx:coord>
        <when>2025-01-01T01:50:02.2959540Z</when>
        <gx:coord>12.057195 51.550232 112.332</gx:coord>
        <when>2025-01-01T01:50:05.1009540Z</when>
        <gx:coord>12.05743 51.55017 112.332</gx:coord>
        <when>2025-01-01T01:50:07.2959540Z</when>
        <gx:coord>12.057838 51.55006 112.332</gx:coord>
        <when>2025-01-01T01:50:11.1099540Z</when>
        <gx:coord>12.05801 51.55002 112.332</gx:coord>
        <when>2025-01-01T01:50:12.2959540Z</when>
        <gx:coord>12.058117 51.549934 112.332</gx:coord>
        <when>2025-01-01T01:50:13.1059540Z</when>
        <gx:coord>12.058117 51.549934 112.332</gx:coord>
        <when>2025-01-01T01:50:15.1069540Z</when>
        <gx:coord>12.058161 51.549828 112.332</gx:coord>
        <when>2025-01-01T01:50:17.2959540Z</when>
        <gx:coord>12.058075 51.549652 112.332</gx:coord>
        <when>2025-01-01T01:50:22.2959540Z</when>
        <gx:coord>12.057989 51.549503 112.332</gx:coord>
        <when>2025-01-01T01:50:27.3119540Z</when>
        <gx:coord>12.057903 51.549248 112.332</gx:coord>
        <when>2025-01-01T01:50:29.1069540Z</when>
        <gx:coord>12.057903 51.549248 112.332</gx:coord>
        <when>2025-01-01T01:50:31.1099540Z</when>
        <gx:coord>12.057881 51.549183 112.332</gx:coord>
        <when>2025-01-01T01:50:32.1139540Z</when>
        <gx:coord>12.057924 51.549118 112.332</gx:coord>
        <when>2025-01-01T01:50:32.2959540Z</when>
        <gx:coord>12.057924 51.549118 112.332</gx:coord>
        <when>2025-01-01T01:50:33.1039540Z</when>
        <gx:coord>12.057924 51.549118 112.332</gx:coord>
        <when>2025-01-01T01:50:35.1089540Z</when>
        <gx:coord>12.05801 51.549076 112.332</gx:coord>
        <when>2025-01-01T01:50:37.2959540Z</when>
        <gx:coord>12.058247 51.54903 112.332</gx:coord>
        <when>2025-01-01T01:50:42.2959540Z</when>
        <gx:coord>12.058568 51.548965 112.332</gx:coord>
        <when>2025-01-01T01:50:47.2959540Z</when>
        <gx:coord>12.059191 51.54888 112.332</gx:coord>
        <when>2025-01-01T01:50:52.2959540Z</when>
        <gx:coord>12.059641 51.548798 113.856</gx:coord>
        <when>2025-01-01T01:50:57.2959540Z</when>
        <gx:coord>12.060307 51.548687 113.856</gx:coord>
        <when>2025-01-01T01:51:02.2959540Z</when>
        <gx:coord>12.060714 51.548622 113.856</gx:coord>
        <when>2025-01-01T01:51:07.2959540Z</when>
        <gx:coord>12.061251 51.54854 113.856</gx:coord>
        <when>2025-01-01T01:51:11.0989540Z</when>
        <gx:coord>12.0613365 51.548515 113.856</gx:coord>
        <when>2025-01-01T01:51:11.1009540Z</when>
        <gx:coord>12.0613365 51.548515 113.856</gx:coord>
        <when>2025-01-01T01:51:12.2959540Z</when>
        <gx:coord>12.0614 51.548496 113.856</gx:coord>
        <when>2025-01-01T01:51:13.1029540Z</when>
        <gx:coord>12.0614 51.548496 113.856</gx:coord>
        <when>2025-01-01T01:51:17.0999540Z</when>
        <gx:coord>12.0614 51.548367 112.332</gx:coord>
        <when>2025-01-01T01:51:17.2959540Z</when>
        <gx:coord>12.0613785 51.548325 112.332</gx:coord>
        <when>2025-01-01T01:51:22.2959540Z</when>
        <gx:coord>12.0613575 51.548195 112.332</gx:coord>
        <when>2025-01-01T01:51:27.3059540Z</when>
        <gx:coord>12.061315 51.54798 112.332</gx:coord>
        <when>2025-01-01T01:51:29.1009540Z</when>
        <gx:coord>12.061315 51.54798 112.332</gx:coord>
        <when>2025-01-01T01:51:29.8349540Z</when>
        <gx:coord>12.061293 51.547935 113.856</gx:coord>
        <when>2025-01-01T01:51:31.1059540Z</when>
        <gx:coord>12.061293 51.547935 113.856</gx:coord>
        <when>2025-01-01T01:51:32.2959540Z</when>
        <gx:coord>12.061251 51.547916 113.856</gx:coord>
        <when>2025-01-01T01:51:33.1039540Z</when>
        <gx:coord>12.061251 51.547916 113.856</gx:coord>
        <when>2025-01-01T01:51:37.2969540Z</when>
        <gx:coord>12.061057 51.547916 113.856</gx:coord>
        <when>2025-01-01T01:51:39.0989540Z</when>
        <gx:coord>12.061057 51.547916 113.856</gx:coord>
        <when>2025-01-01T01:51:42.2969540Z</when>
        <gx:coord>12.060907 51.547935 113.856</gx:coord>
        <when>2025-01-01T01:51:47.2959540Z</when>
        <gx:coord>12.06065 51.54798 113.856</gx:coord>
        <when>2025-01-01T01:51:51.8339540Z</when>
        <gx:coord>12.060499 51.548 113.856</gx:coord>
        <when>2025-01-01T01:51:52.2969540Z</when>
        <gx:coord>12.060499 51.548 113.856</gx:coord>
        <when>2025-01-01T01:51:53.1059540Z</when>
        <gx:coord>12.060499 51.548 113.856</gx:coord>
        <when>2025-01-01T01:51:57.2959540Z</when>
        <gx:coord>12.060456 51.548023 113.856</gx:coord>
        <when>2025-01-01T01:51:59.9479540Z</when>
        <gx:coord>12.060456 51.548023 113.856</gx:coord>
        <coordinates />
      </gx:Track>
    </Placemark>
    <Placemark>
      <name>Takeoff: 2025-01-01</name>
      <styleUrl>#downArrowIcon</styleUrl>
      <Point>
        <altitudeMode>relativeToGround</altitudeMode>
        <coordinates>13.202284,48.632183,20</coordinates>
      </Point>
    </Placemark>
    <Placemark>
      <name>Landing: 2025-01-01</name>
      <styleUrl>#downArrowIcon</styleUrl>
      <Point>
        <altitudeMode>relativeToGround</altitudeMode>
        <coordinates>12.057924,51.549118,20</coordinates>
      </Point>
    </Placemark>
    <Placemark>
      <name>Log Stop: 2025-01-01</name>
      <styleUrl>#downArrowIcon</styleUrl>
      <Point>
        <altitudeMode>relativeToGround</altitudeMode>
        <coordinates>12.060456,51.548023,20</coordinates>
      </Point>
    </Placemark>
  </Document>
</kml>
