<?xml version="1.0" encoding="utf-8"?>
<kml xmlns:gx="http://www.google.com/kml/ext/2.2" creator="kml-heatmap" xmlns="http://www.opengis.net/kml/2.2">
  <Document>
    <name>SkyDemon Track Log</name>
    <Style id="skydemonLogStyle">
      <LineStyle>
        <color>7f00ffff</color>
        <width>4</width>
      </LineStyle>
      <PolyStyle>
        <color>7fffa400</color>
      </PolyStyle>
    </Style>
    <Style id="downArrowIcon">
      <IconStyle>
        <href>http://maps.google.com/mapfiles/kml/pal4/icon28.png</href>
      </IconStyle>
    </Style>
    <Placemark>
      <name>Log Start: 2025-01-01</name>
      <styleUrl>#downArrowIcon</styleUrl>
      <Point>
        <altitudeMode>relativeToGround</altitudeMode>
        <coordinates>12.058225,51.548454,20</coordinates>
      </Point>
    </Placemark>
    <Placemark>
      <name>EDAQ Halle-Oppin - EDAV Eberswalde-Finow</name>
      <styleUrl>#skydemonLogStyle</styleUrl>
      <gx:Track>
        <extrude>1</extrude>
        <altitudeMode>absolute</altitudeMode>
        <when>2025-01-01T00:00:00.0901830Z</when>
        <gx:coord>12.058225 51.548454 110.808</gx:coord>
        <when>2025-01-01T00:00:05.0911830Z</when>
        <gx:coord>12.058225 51.548454 110.808</gx:coord>
        <when>2025-01-01T00:00:10.0911830Z</when>
        <gx:coord>12.058225 51.548454 110.808</gx:coord>
        <when>2025-01-01T00:00:15.0901830Z</when>
        <gx:coord>12.058225 51.548454 110.808</gx:coord>
        <when>2025-01-01T00:00:20.0911830Z</when>
        <gx:coord>12.058225 51.548454 110.808</gx:coord>
        <when>2025-01-01T00:00:25.0911830Z</when>
        <gx:coord>12.058225 51.548454 110.808</gx:coord>
        <when>2025-01-01T00:00:30.0911830Z</when>
        <gx:coord>12.058225 51.548454 110.808</gx:coord>
        <when>2025-01-01T00:00:35.0911830Z</when>
        <gx:coord>12.058225 51.548454 110.808</gx:coord>
        <when>2025-01-01T00:00:40.0911830Z</when>
        <gx:coord>12.058225 51.548454 110.808</gx:coord>
        <when>2025-01-01T00:00:45.0911830Z</when>
        <gx:coord>12.058225 51.548454 110.808</gx:coord>
        <when>2025-01-01T00:00:50.0901830Z</when>
        <gx:coord>12.058225 51.548454 110.808</gx:coord>
        <when>2025-01-01T00:00:55.0911830Z</when>
        <gx:coord>12.058225 51.548454 110.808</gx:coord>
        <when>2025-01-01T00:01:00.0901830Z</when>
        <gx:coord>12.058225 51.548454 110.808</gx:coord>
        <when>2025-01-01T00:01:05.0901830Z</when>
        <gx:coord>12.058225 51.548454 110.808</gx:coord>
        <when>2025-01-01T00:01:10.0901830Z</when>
        <gx:coord>12.058225 51.548454 110.808</gx:coord>
        <when>2025-01-01T00:01:15.0901830Z</when>
        <gx:coord>12.058225 51.548454 110.808</gx:coord>
        <when>2025-01-01T00:01:20.0901830Z</when>
        <gx:coord>12.058225 51.548454 110.808</gx:coord>
        <when>2025-01-01T00:01:25.0901830Z</when>
        <gx:coord>12.058225 51.548454 110.808</gx:coord>
        <when>2025-01-01T00:01:30.0901830Z</when>
        <gx:coord>12.058225 51.548454 110.808</gx:coord>
        <when>2025-01-01T00:01:35.0901830Z</when>
        <gx:coord>12.058225 51.548454 110.808</gx:coord>
        <when>2025-01-01T00:01:40.0901830Z</when>
        <gx:coord>12.058225 51.548454 110.808</gx:coord>
        <when>2025-01-01T00:01:45.0901830Z</when>
        <gx:coord>12.058225 51.548454 110.808</gx:coord>
        <when>2025-01-01T00:01:50.0901830Z</when>
        <gx:coord>12.058225 51.548454 110.808</gx:coord>
        <when>2025-01-01T00:01:55.0891830Z</when>
        <gx:coord>12.058225 51.548454 110.808</gx:coord>
        <when>2025-01-01T00:02:00.0901830Z</when>
        <gx:coord>12.058225 51.548454 110.808</gx:coord>
        <when>2025-01-01T00:02:05.0901830Z</when>
        <gx:coord>12.058225 51.548454 110.808</gx:coord>
        <when>2025-01-01T00:02:10.0891830Z</when>
        <gx:coord>12.058225 51.548454 110.808</gx:coord>
        <when>2025-01-01T00:02:15.0901830Z</when>
        <gx:coord>12.058225 51.548454 112.332</gx:coord>
        <when>2025-01-01T00:02:20.0901830Z</when>
        <gx:coord>12.058225 51.548454 112.332</gx:coord>
        <when>2025-01-01T00:02:25.0901830Z</when>
        <gx:coord>12.058225 51.548454 112.332</gx:coord>
        <when>2025-01-01T00:02:30.0901830Z</when>
        <gx:coord>12.058225 51.548454 112.332</gx:coord>
        <when>2025-01-01T00:02:35.0901830Z</when>
        <gx:coord>12.058225 51.548454 112.332</gx:coord>
        <when>2025-01-01T00:02:40.0901830Z</when>
        <gx:coord>12.058225 51.548454 112.332</gx:coord>
        <when>2025-01-01T00:02:45.0901830Z</when>
        <gx:coord>12.058225 51.548454 112.332</gx:coord>
        <when>2025-01-01T00:02:50.0891830Z</when>
        <gx:coord>12.058225 51.548454 112.332</gx:coord>
        <when>2025-01-01T00:02:55.0901830Z</when>
        <gx:coord>12.058225 51.548454 112.332</gx:coord>
        <when>2025-01-01T00:03:00.0901830Z</when>
        <gx:coord>12.058225 51.548454 112.332</gx:coord>
        <when>2025-01-01T00:03:05.0901830Z</when>
        <gx:coord>12.058225 51.548454 112.332</gx:coord>
        <when>2025-01-01T00:03:10.0901830Z</when>
        <gx:coord>12.058225 51.548454 112.332</gx:coord>
        <when>2025-01-01T00:03:15.0901830Z</when>
        <gx:coord>12.058225 51.548454 112.332</gx:coord>
        <when>2025-01-01T00:03:20.0891830Z</when>
        <gx:coord>12.058225 51.548454 112.332</gx:coord>
        <when>2025-01-01T00:03:25.0901830Z</when>
        <gx:coord>12.058225 51.548454 112.332</gx:coord>
        <when>2025-01-01T00:03:30.0901830Z</when>
        <gx:coord>12.058225 51.548454 112.332</gx:coord>
        <when>2025-01-01T00:03:35.0891830Z</when>
        <gx:coord>12.058225 51.548454 112.332</gx:coord>
        <when>2025-01-01T00:03:40.0901830Z</when>
        <gx:coord>12.058225 51.548454 112.332</gx:coord>
        <when>2025-01-01T00:03:45.0901830Z</when>
        <gx:coord>12.058225 51.548454 112.332</gx:coord>
        <when>2025-01-01T00:03:50.0891830Z</when>
        <gx:coord>12.058225 51.548454 112.332</gx:coord>
        <when>2025-01-01T00:03:55.0901830Z</when>
        <gx:coord>12.058225 51.548454 112.332</gx:coord>
        <when>2025-01-01T00:04:00.0901830Z</when>
        <gx:coord>12.058225 51.548454 112.332</gx:coord>
        <when>2025-01-01T00:04:05.0901830Z</when>
        <gx:coord>12.058225 51.548454 112.332</gx:coord>
        <when>2025-01-01T00:04:10.0901830Z</when>
        <gx:coord>12.058225 51.548454 112.332</gx:coord>
        <when>2025-01-01T00:04:15.0901830Z</when>
        <gx:coord>12.058225 51.548454 112.332</gx:coord>
        <when>2025-01-01T00:04:20.0901830Z</when>
        <gx:coord>12.058225 51.548454 112.332</gx:coord>
        <when>2025-01-01T00:04:25.0901830Z</when>
        <gx:coord>12.058225 51.548454 112.332</gx:coord>
        <when>2025-01-01T00:04:30.0901830Z</when>
        <gx:coord>12.058225 51.548454 112.332</gx:coord>
        <when>2025-01-01T00:04:35.0891830Z</when>
        <gx:coord>12.058225 51.548454 112.332</gx:coord>
        <when>2025-01-01T00:04:40.0891830Z</when>
        <gx:coord>12.058225 51.548454 112.332</gx:coord>
        <when>2025-01-01T00:04:45.0901830Z</when>
        <gx:coord>12.058225 51.548454 112.332</gx:coord>
        <when>2025-01-01T00:04:50.0891830Z</when>
        <gx:coord>12.058225 51.548454 112.332</gx:coord>
        <when>2025-01-01T00:04:54.7251830Z</when>
        <gx:coord>12.058203 51.548454 112.332</gx:coord>
        <when>2025-01-01T00:04:55.0901830Z</when>
        <gx:coord>12.058203 51.548454 112.332</gx:coord>
        <when>2025-01-01T00:04:56.7261830Z</when>
        <gx:coord>12.058182 51.548473 112.332</gx:coord>
        <when>2025-01-01T00:04:58.0971830Z</when>
        <gx:coord>12.058182 51.548473 112.332</gx:coord>
        <when>2025-01-01T00:05:00.0901830Z</when>
        <gx:coord>12.058161 51.548473 112.332</gx:coord>
        <when>2025-01-01T00:05:00.1171830Z</when>
        <gx:coord>12.058161 51.548473 112.332</gx:coord>
        <when>2025-01-01T00:05:00.1171830Z</when>
        <gx:coord>12.058161 51.548473 112.332</gx:coord>
        <when>2025-01-01T00:05:02.1041830Z</when>
        <gx:coord>12.058139 51.548515 112.332</gx:coord>
        <when>2025-01-01T00:05:05.0901830Z</when>
        <gx:coord>12.058161 51.548603 112.332</gx:coord>
        <when>2025-01-01T00:05:06.1201830Z</when>
        <gx:coord>12.058161 51.548603 112.332</gx:coord>
        <when>2025-01-01T00:05:08.1161830Z</when>
        <gx:coord>12.058182 51.548668 112.332</gx:coord>
        <when>2025-01-01T00:05:10.0901830Z</when>
        <gx:coord>12.058203 51.54871 112.332</gx:coord>
        <when>2025-01-01T00:05:10.0901830Z</when>
        <gx:coord>12.058225 51.548775 112.332</gx:coord>
        <when>2025-01-01T00:05:15.0901830Z</when>
        <gx:coord>12.058289 51.548904 112.332</gx:coord>
        <when>2025-01-01T00:05:16.1181830Z</when>
        <gx:coord>12.058289 51.548904 112.332</gx:coord>
        <when>2025-01-01T00:05:16.7241830Z</when>
        <gx:coord>12.058289 51.548946 112.332</gx:coord>
        <when>2025-01-01T00:05:18.0951830Z</when>
        <gx:coord>12.058289 51.548946 112.332</gx:coord>
        <when>2025-01-01T00:05:20.0891830Z</when>
        <gx:coord>12.058247 51.54899 112.332</gx:coord>
        <when>2025-01-01T00:05:20.0961830Z</when>
        <gx:coord>12.058247 51.54899 112.332</gx:coord>
        <when>2025-01-01T00:05:25.0891830Z</when>
        <gx:coord>12.058031 51.549053 110.808</gx:coord>
        <when>2025-01-01T00:05:28.1271830Z</when>
        <gx:coord>12.057989 51.549076 110.808</gx:coord>
        <when>2025-01-01T00:05:30.0891830Z</when>
        <gx:coord>12.057924 51.549095 110.808</gx:coord>
        <when>2025-01-01T00:05:30.7221830Z</when>
        <gx:coord>12.057903 51.549118 110.808</gx:coord>
        <when>2025-01-01T00:05:34.1151830Z</when>
        <gx:coord>12.057881 51.54916 110.808</gx:coord>
        <when>2025-01-01T00:05:34.7301830Z</when>
        <gx:coord>12.057881 51.549202 112.332</gx:coord>
        <when>2025-01-01T00:05:35.0901830Z</when>
        <gx:coord>12.057881 51.549202 112.332</gx:coord>
        <when>2025-01-01T00:05:40.0891830Z</when>
        <gx:coord>12.057903 51.54929 112.332</gx:coord>
        <when>2025-01-01T00:05:42.1201830Z</when>
        <gx:coord>12.057924 51.54933 112.332</gx:coord>
        <when>2025-01-01T00:05:45.0891830Z</when>
        <gx:coord>12.057967 51.54944 112.332</gx:coord>
        <when>2025-01-01T00:05:50.0891830Z</when>
        <gx:coord>12.058031 51.54959 112.332</gx:coord>
        <when>2025-01-01T00:05:55.0891830Z</when>
        <gx:coord>12.058096 51.549763 112.332</gx:coord>
        <when>2025-01-01T00:06:00.0891830Z</when>
        <gx:coord>12.058161 51.54989 112.332</gx:coord>
        <when>2025-01-01T00:06:05.0891830Z</when>
        <gx:coord>12.058247 51.55006 112.332</gx:coord>
        <when>2025-01-01T00:06:10.0901830Z</when>
        <gx:coord>12.058268 51.550148 112.332</gx:coord>
        <when>2025-01-01T00:06:15.0901830Z</when>
        <gx:coord>12.058289 51.55017 112.332</gx:coord>
        <when>2025-01-01T00:06:20.0901830Z</when>
        <gx:coord>12.058289 51.55017 112.332</gx:coord>
        <when>2025-01-01T00:06:25.0901830Z</when>
        <gx:coord>12.0583105 51.55019 110.808</gx:coord>
        <when>2025-01-01T00:06:30.0901830Z</when>
        <gx:coord>12.0583105 51.550213 112.332</gx:coord>
        <when>2025-01-01T00:06:35.0891830Z</when>
        <gx:coord>12.0583105 51.550213 112.332</gx:coord>
        <when>2025-01-01T00:06:40.0901830Z</when>
        <gx:coord>12.0583105 51.550213 112.332</gx:coord>
        <when>2025-01-01T00:06:45.0891830Z</when>
        <gx:coord>12.0583105 51.550213 112.332</gx:coord>
        <when>2025-01-01T00:06:50.0901830Z</when>
        <gx:coord>12.0583105 51.550213 112.332</gx:coord>
        <when>2025-01-01T00:06:55.0901830Z</when>
        <gx:coord>12.0583105 51.550213 110.808</gx:coord>
        <when>2025-01-01T00:07:00.0901830Z</when>
        <gx:coord>12.0583105 51.550213 110.808</gx:coord>
        <when>2025-01-01T00:07:05.0891830Z</when>
        <gx:coord>12.0583105 51.550213 110.808</gx:coord>
        <when>2025-01-01T00:07:10.0901830Z</when>
        <gx:coord>12.0583105 51.550213 110.808</gx:coord>
        <when>2025-01-01T00:07:15.0901830Z</when>
        <gx:coord>12.0583105 51.550213 110.808</gx:coord>
        <when>2025-01-01T00:07:20.0891830Z</when>
        <gx:coord>12.0583105 51.550213 112.332</gx:coord>
        <when>2025-01-01T00:07:25.0891830Z</when>
        <gx:coord>12.0583105 51.550213 110.808</gx:coord>
        <when>2025-01-01T00:07:30.0901830Z</when>
        <gx:coord>12.0583105 51.550213 112.332</gx:coord>
        <when>2025-01-01T00:07:35.0901830Z</when>
        <gx:coord>12.0583105 51.550213 110.808</gx:coord>
        <when>2025-01-01T00:07:40.0901830Z</when>
        <gx:coord>12.0583105 51.550213 110.808</gx:coord>
        <when>2025-01-01T00:07:45.0891830Z</when>
        <gx:coord>12.0583105 51.550213 110.808</gx:coord>
        <when>2025-01-01T00:07:50.0891830Z</when>
        <gx:coord>12.0583105 51.550213 110.808</gx:coord>
        <when>2025-01-01T00:07:55.0891830Z</when>
        <gx:coord>12.0583105 51.550213 110.808</gx:coord>
        <when>2025-01-01T00:08:00.0891830Z</when>
        <gx:coord>12.0583105 51.550213 110.808</gx:coord>
        <when>2025-01-01T00:08:05.0891830Z</when>
        <gx:coord>12.0583105 51.550213 110.808</gx:coord>
        <when>2025-01-01T00:08:10.0891830Z</when>
        <gx:coord>12.0583105 51.550213 110.808</gx:coord>
        <when>2025-01-01T00:08:15.0901830Z</when>
        <gx:coord>12.0583105 51.550213 110.808</gx:coord>
        <when>2025-01-01T00:08:20.0901830Z</when>
        <gx:coord>12.0583105 51.550213 110.808</gx:coord>
        <when>2025-01-01T00:08:25.0891830Z</when>
        <gx:coord>12.0583105 51.550213 110.808</gx:coord>
        <when>2025-01-01T00:08:30.0901830Z</when>
        <gx:coord>12.0583105 51.550213 110.808</gx:coord>
        <when>2025-01-01T00:08:35.0891830Z</when>
        <gx:coord>12.0583105 51.550213 110.808</gx:coord>
        <when>2025-01-01T00:08:40.0901830Z</when>
        <gx:coord>12.0583105 51.550213 110.808</gx:coord>
        <when>2025-01-01T00:08:45.0901830Z</when>
        <gx:coord>12.0583105 51.550213 110.808</gx:coord>
        <when>2025-01-01T00:08:50.0901830Z</when>
        <gx:coord>12.0583105 51.550213 110.808</gx:coord>
        <when>2025-01-01T00:08:55.0891830Z</when>
        <gx:coord>12.0583105 51.550213 110.808</gx:coord>
        <when>2025-01-01T00:09:00.0901830Z</when>
        <gx:coord>12.0583105 51.550213 110.808</gx:coord>
        <when>2025-01-01T00:09:05.0901830Z</when>
        <gx:coord>12.0583105 51.550213 110.808</gx:coord>
        <when>2025-01-01T00:09:10.0891830Z</when>
        <gx:coord>12.0583105 51.550232 112.332</gx:coord>
        <when>2025-01-01T00:09:15.0901830Z</when>
        <gx:coord>12.058374 51.55036 110.808</gx:coord>
        <when>2025-01-01T00:09:20.0901830Z</when>
        <gx:coord>12.058396 51.550426 110.808</gx:coord>
        <when>2025-01-01T00:09:25.0891830Z</when>
        <gx:coord>12.058418 51.55049 110.808</gx:coord>
        <when>2025-01-01T00:09:30.0891830Z</when>
        <gx:coord>12.058418 51.55049 110.808</gx:coord>
        <when>2025-01-01T00:09:35.0891830Z</when>
        <gx:coord>12.058418 51.55049 110.808</gx:coord>
        <when>2025-01-01T00:09:40.0901830Z</when>
        <gx:coord>12.058418 51.55049 110.808</gx:coord>
        <when>2025-01-01T00:09:45.0891830Z</when>
        <gx:coord>12.058418 51.55049 110.808</gx:coord>
        <when>2025-01-01T00:09:50.0901830Z</when>
        <gx:coord>12.058418 51.55049 110.808</gx:coord>
        <when>2025-01-01T00:09:55.0901830Z</when>
        <gx:coord>12.058439 51.550514 110.808</gx:coord>
        <when>2025-01-01T00:10:00.0901830Z</when>
        <gx:coord>12.058439 51.550533 110.808</gx:coord>
        <when>2025-01-01T00:10:05.0891830Z</when>
        <gx:coord>12.058439 51.550556 110.808</gx:coord>
        <when>2025-01-01T00:10:10.0891830Z</when>
        <gx:coord>12.05846 51.55062 110.808</gx:coord>
        <when>2025-01-01T00:10:15.0901830Z</when>
        <gx:coord>12.058525 51.55077 112.332</gx:coord>
        <when>2025-01-01T00:10:18.1221830Z</when>
        <gx:coord>12.058546 51.55081 112.332</gx:coord>
        <when>2025-01-01T00:10:20.0901830Z</when>
        <gx:coord>12.058568 51.550858 112.332</gx:coord>
        <when>2025-01-01T00:10:20.0961830Z</when>
        <gx:coord>12.058568 51.550858 112.332</gx:coord>
        <when>2025-01-01T00:10:22.1001830Z</when>
        <gx:coord>12.058632 51.550877 112.332</gx:coord>
        <when>2025-01-01T00:10:24.1011830Z</when>
        <gx:coord>12.058697 51.5509 112.332</gx:coord>
        <when>2025-01-01T00:10:25.0901830Z</when>
        <gx:coord>12.058762 51.55092 112.332</gx:coord>
        <when>2025-01-01T00:10:26.1131830Z</when>
        <gx:coord>12.058762 51.55092 112.332</gx:coord>
        <when>2025-01-01T00:10:28.1201830Z</when>
        <gx:coord>12.058868 51.5509 112.332</gx:coord>
        <when>2025-01-01T00:10:30.0901830Z</when>
        <gx:coord>12.058975 51.550877 112.332</gx:coord>
        <when>2025-01-01T00:10:32.1211830Z</when>
        <gx:coord>12.059105 51.550835 112.332</gx:coord>
        <when>2025-01-01T00:10:35.0901830Z</when>
        <gx:coord>12.059426 51.550747 112.332</gx:coord>
        <when>2025-01-01T00:10:40.0901830Z</when>
        <gx:coord>12.05977 51.55064 112.332</gx:coord>
        <when>2025-01-01T00:10:45.0901830Z</when>
        <gx:coord>12.060328 51.55047 112.332</gx:coord>
        <when>2025-01-01T00:10:50.0901830Z</when>
        <gx:coord>12.060692 51.55036 112.332</gx:coord>
        <when>2025-01-01T00:10:55.0901830Z</when>
        <gx:coord>12.061079 51.550232 112.332</gx:coord>
        <when>2025-01-01T00:10:56.1011830Z</when>
        <gx:coord>12.061079 51.550232 112.332</gx:coord>
        <when>2025-01-01T00:10:58.1071830Z</when>
        <gx:coord>12.061143 51.550232 112.332</gx:coord>
        <when>2025-01-01T00:11:00.0891830Z</when>
        <gx:coord>12.061186 51.550255 112.332</gx:coord>
        <when>2025-01-01T00:11:00.1151830Z</when>
        <gx:coord>12.061186 51.550255 112.332</gx:coord>
        <when>2025-01-01T00:11:00.1151830Z</when>
        <gx:coord>12.061186 51.550255 112.332</gx:coord>
        <when>2025-01-01T00:11:02.1051830Z</when>
        <gx:coord>12.061186 51.550278 112.332</gx:coord>
        <when>2025-01-01T00:11:04.1071830Z</when>
        <gx:coord>12.061186 51.550297 112.332</gx:coord>
        <when>2025-01-01T00:11:05.0901830Z</when>
        <gx:coord>12.061186 51.55032 112.332</gx:coord>
        <when>2025-01-01T00:11:06.1001830Z</when>
        <gx:coord>12.061186 51.55032 112.332</gx:coord>
        <when>2025-01-01T00:11:10.0901830Z</when>
        <gx:coord>12.061121 51.55034 112.332</gx:coord>
        <when>2025-01-01T00:11:10.7271830Z</when>
        <gx:coord>12.061057 51.55036 112.332</gx:coord>
        <when>2025-01-01T00:11:12.1281830Z</when>
        <gx:coord>12.061057 51.55036 112.332</gx:coord>
        <when>2025-01-01T00:11:15.0891830Z</when>
        <gx:coord>12.060585 51.550514 112.332</gx:coord>
        <when>2025-01-01T00:11:16.1201830Z</when>
        <gx:coord>12.060585 51.550514 112.332</gx:coord>
        <when>2025-01-01T00:11:18.1451830Z</when>
        <gx:coord>12.060221 51.55062 112.332</gx:coord>
        <when>2025-01-01T00:11:20.0891830Z</when>
        <gx:coord>12.059748 51.550747 112.332</gx:coord>
        <when>2025-01-01T00:11:20.1211830Z</when>
        <gx:coord>12.059748 51.550747 112.332</gx:coord>
        <when>2025-01-01T00:11:24.1171830Z</when>
        <gx:coord>12.05859 51.55109 112.332</gx:coord>
        <when>2025-01-01T00:11:25.0901830Z</when>
        <gx:coord>12.057903 51.551285 113.856</gx:coord>
        <when>2025-01-01T00:11:30.0901830Z</when>
        <gx:coord>12.056314 51.551693 115.38001</gx:coord>
        <when>2025-01-01T00:11:35.0901830Z</when>
        <gx:coord>12.053825 51.552357 138.24</gx:coord>
        <when>2025-01-01T00:11:36.1221830Z</when>
        <gx:coord>12.053053 51.55255 148.908</gx:coord>
        <when>2025-01-01T00:11:40.0901830Z</when>
        <gx:coord>12.052302 51.552742 161.1</gx:coord>
        <when>2025-01-01T00:11:44.1191830Z</when>
        <gx:coord>12.050093 51.55328 182.436</gx:coord>
        <when>2025-01-01T00:11:45.0891830Z</when>
        <gx:coord>12.050093 51.55328 182.436</gx:coord>
        <when>2025-01-01T00:11:50.0891830Z</when>
        <gx:coord>12.048569 51.553623 194.628</gx:coord>
        <when>2025-01-01T00:11:54.1271830Z</when>
        <gx:coord>12.046316 51.55416 215.964</gx:coord>
        <when>2025-01-01T00:11:55.0901830Z</when>
        <gx:coord>12.046316 51.55416 215.964</gx:coord>
        <when>2025-01-01T00:12:00.0891830Z</when>
        <gx:coord>12.044835 51.554546 226.632</gx:coord>
        <when>2025-01-01T00:12:05.0891830Z</when>
        <gx:coord>12.042582 51.555103 240.348</gx:coord>
        <when>2025-01-01T00:12:06.1161830Z</when>
        <gx:coord>12.041831 51.55532 247.96802</gx:coord>
        <when>2025-01-01T00:12:10.0901830Z</when>
        <gx:coord>12.041101 51.55551 254.06401</gx:coord>
        <when>2025-01-01T00:12:15.0891830Z</when>
        <gx:coord>12.03887 51.556114 269.30402</gx:coord>
        <when>2025-01-01T00:12:20.0891830Z</when>
        <gx:coord>12.037218 51.556477 273.87598</gx:coord>
        <when>2025-01-01T00:12:20.1231830Z</when>
        <gx:coord>12.037218 51.556477 273.87598</gx:coord>
        <when>2025-01-01T00:12:24.1301830Z</when>
        <gx:coord>12.034513 51.557205 273.87598</gx:coord>
        <when>2025-01-01T00:12:24.1301830Z</when>
        <gx:coord>12.034513 51.557205 278.448</gx:coord>
        <when>2025-01-01T00:12:25.0901830Z</when>
        <gx:coord>12.034513 51.557205 278.448</gx:coord>
        <when>2025-01-01T00:12:30.0891830Z</when>
        <gx:coord>12.032669 51.557743 292.164</gx:coord>
        <when>2025-01-01T00:12:34.1201830Z</when>
        <gx:coord>12.029943 51.558624 318.07202</gx:coord>
        <when>2025-01-01T00:12:35.0901830Z</when>
        <gx:coord>12.029943 51.558624 318.07202</gx:coord>
        <when>2025-01-01T00:12:40.0901830Z</when>
        <gx:coord>12.028141 51.559204 339.40802</gx:coord>
        <when>2025-01-01T00:12:40.1221830Z</when>
        <gx:coord>12.027262 51.559483 350.07602</gx:coord>
        <when>2025-01-01T00:12:45.0901830Z</when>
        <gx:coord>12.025459 51.56004 372.93597</gx:coord>
        <when>2025-01-01T00:12:46.1191830Z</when>
        <gx:coord>12.024601 51.56036 382.08002</gx:coord>
        <when>2025-01-01T00:12:50.0901830Z</when>
        <gx:coord>12.023721 51.560703 389.7</gx:coord>
        <when>2025-01-01T00:12:54.1221830Z</when>
        <gx:coord>12.021082 51.56169 418.656</gx:coord>
        <when>2025-01-01T00:12:55.0901830Z</when>
        <gx:coord>12.021082 51.56169 418.656</gx:coord>
        <when>2025-01-01T00:12:56.1231830Z</when>
        <gx:coord>12.021082 51.56169 418.656</gx:coord>
        <when>2025-01-01T00:13:00.0891830Z</when>
        <gx:coord>12.019537 51.56255 436.94397</gx:coord>
        <when>2025-01-01T00:13:00.1121830Z</when>
        <gx:coord>12.019537 51.56255 436.94397</gx:coord>
        <when>2025-01-01T00:13:02.1211830Z</when>
        <gx:coord>12.018914 51.563087 444.56406</gx:coord>
        <when>2025-01-01T00:13:02.1221830Z</when>
        <gx:coord>12.018421 51.563686 450.65997</gx:coord>
        <when>2025-01-01T00:13:04.1221830Z</when>
        <gx:coord>12.018421 51.563686 450.65997</gx:coord>
        <when>2025-01-01T00:13:05.0901830Z</when>
        <gx:coord>12.018056 51.564354 455.23203</gx:coord>
        <when>2025-01-01T00:13:08.1031830Z</when>
        <gx:coord>12.017884 51.56506 461.328</gx:coord>
        <when>2025-01-01T00:13:10.0901830Z</when>
        <gx:coord>12.017906 51.56581 467.424</gx:coord>
        <when>2025-01-01T00:13:10.1171830Z</when>
        <gx:coord>12.017906 51.56581 467.424</gx:coord>
        <when>2025-01-01T00:13:12.1081830Z</when>
        <gx:coord>12.018164 51.566586 475.044</gx:coord>
        <when>2025-01-01T00:13:15.0891830Z</when>
        <gx:coord>12.019172 51.568043 476.56802</gx:coord>
        <when>2025-01-01T00:13:16.1251830Z</when>
        <gx:coord>12.019172 51.568043 476.56802</gx:coord>
        <when>2025-01-01T00:13:16.1271830Z</when>
        <gx:coord>12.019172 51.568043 476.56802</gx:coord>
        <when>2025-01-01T00:13:18.1181830Z</when>
        <gx:coord>12.019987 51.56877 468.94803</gx:coord>
        <when>2025-01-01T00:13:20.0901830Z</when>
        <gx:coord>12.02106 51.56944 461.328</gx:coord>
        <when>2025-01-01T00:13:20.1201830Z</when>
        <gx:coord>12.02106 51.56944 461.328</gx:coord>
        <when>2025-01-01T00:13:22.1171830Z</when>
        <gx:coord>12.02239 51.570038 452.18402</gx:coord>
        <when>2025-01-01T00:13:25.0901830Z</when>
        <gx:coord>12.025373 51.571068 465.90005</gx:coord>
        <when>2025-01-01T00:13:26.1121830Z</when>
        <gx:coord>12.026875 51.571518 481.13998</gx:coord>
        <when>2025-01-01T00:13:30.0901830Z</when>
        <gx:coord>12.0283985 51.571884 497.90402</gx:coord>
        <when>2025-01-01T00:13:30.1181830Z</when>
        <gx:coord>12.0283985 51.571884 497.90402</gx:coord>
        <when>2025-01-01T00:13:30.1181830Z</when>
        <gx:coord>12.029943 51.572144 514.66797</gx:coord>
        <when>2025-01-01T00:13:35.0941830Z</when>
        <gx:coord>12.033119 51.57244 543.62396</gx:coord>
        <when>2025-01-01T00:13:36.1201830Z</when>
        <gx:coord>12.033119 51.57244 543.62396</gx:coord>
        <when>2025-01-01T00:13:36.1211830Z</when>
        <gx:coord>12.034685 51.572464 555.816</gx:coord>
        <when>2025-01-01T00:13:40.0901830Z</when>
        <gx:coord>12.036274 51.57244 564.95996</gx:coord>
        <when>2025-01-01T00:13:42.1211830Z</when>
        <gx:coord>12.037819 51.572357 575.628</gx:coord>
        <when>2025-01-01T00:13:44.1071830Z</when>
        <gx:coord>12.040865 51.57195 592.39197</gx:coord>
        <when>2025-01-01T00:13:45.0901830Z</when>
        <gx:coord>12.040865 51.57195 592.39197</gx:coord>
        <when>2025-01-01T00:13:50.0891830Z</when>
        <gx:coord>12.043869 51.57141 600.01196</gx:coord>
        <when>2025-01-01T00:13:55.0901830Z</when>
        <gx:coord>12.04844 51.570724 610.68</gx:coord>
        <when>2025-01-01T00:13:58.1321830Z</when>
        <gx:coord>12.051487 51.57021 616.776</gx:coord>
        <when>2025-01-01T00:13:58.1321830Z</when>
        <gx:coord>12.051487 51.57021 622.872</gx:coord>
        <when>2025-01-01T00:14:00.0901830Z</when>
        <gx:coord>12.051487 51.57021 622.872</gx:coord>
        <when>2025-01-01T00:14:05.0901830Z</when>
        <gx:coord>12.056122 51.569374 636.58795</gx:coord>
        <when>2025-01-01T00:14:10.0901830Z</when>
        <gx:coord>12.059212 51.568752 650.30396</gx:coord>
        <when>2025-01-01T00:14:10.1241830Z</when>
        <gx:coord>12.060736 51.56845 657.92395</gx:coord>
        <when>2025-01-01T00:14:15.0901830Z</when>
        <gx:coord>12.063826 51.567894 668.592</gx:coord>
        <when>2025-01-01T00:14:20.0901830Z</when>
        <gx:coord>12.066957 51.567444 682.308</gx:coord>
        <when>2025-01-01T00:14:20.1211830Z</when>
        <gx:coord>12.068524 51.56725 689.928</gx:coord>
        <when>2025-01-01T00:14:25.0901830Z</when>
        <gx:coord>12.071657 51.566883 703.644</gx:coord>
        <when>2025-01-01T00:14:30.0911830Z</when>
        <gx:coord>12.074768 51.56652 714.31195</gx:coord>
        <when>2025-01-01T00:14:32.3551830Z</when>
        <gx:coord>12.077923 51.566177 717.36</gx:coord>
        <when>2025-01-01T00:14:32.3551830Z</when>
        <gx:coord>12.077923 51.566177 720.40796</gx:coord>
        <when>2025-01-01T00:14:35.0901830Z</when>
        <gx:coord>12.079511 51.566006 721.93207</gx:coord>
        <when>2025-01-01T00:14:40.0901830Z</when>
        <gx:coord>12.0826645 51.565662 723.456</gx:coord>
        <when>2025-01-01T00:14:45.0911830Z</when>
        <gx:coord>12.087385 51.565166 728.02795</gx:coord>
        <when>2025-01-01T00:14:50.0911830Z</when>
        <gx:coord>12.090561 51.56491 731.076</gx:coord>
        <when>2025-01-01T00:14:55.0901830Z</when>
        <gx:coord>12.095325 51.564545 738.696</gx:coord>
        <when>2025-01-01T00:15:00.0911830Z</when>
        <gx:coord>12.098479 51.564137 738.696</gx:coord>
        <when>2025-01-01T00:15:05.0911830Z</when>
        <gx:coord>12.103286 51.56343 738.696</gx:coord>
        <when>2025-01-01T00:15:06.1251830Z</when>
        <gx:coord>12.104895 51.563217 738.696</gx:coord>
        <when>2025-01-01T00:15:10.0901830Z</when>
        <gx:coord>12.106504 51.563 740.22</gx:coord>
        <when>2025-01-01T00:15:15.0911830Z</when>
        <gx:coord>12.111418 51.562485 737.172</gx:coord>
        <when>2025-01-01T00:15:20.0911830Z</when>
        <gx:coord>12.114701 51.56214 737.172</gx:coord>
        <when>2025-01-01T00:15:25.0901830Z</when>
        <gx:coord>12.119743 51.561607 734.12396</gx:coord>
        <when>2025-01-01T00:15:30.0901830Z</when>
        <gx:coord>12.123135 51.561264 734.12396</gx:coord>
        <when>2025-01-01T00:15:35.0911830Z</when>
        <gx:coord>12.128155 51.56075 734.12396</gx:coord>
        <when>2025-01-01T00:15:38.1291830Z</when>
        <gx:coord>12.131546 51.56036 732.6</gx:coord>
        <when>2025-01-01T00:15:40.0911830Z</when>
        <gx:coord>12.131546 51.56036 732.6</gx:coord>
        <when>2025-01-01T00:15:45.0911830Z</when>
        <gx:coord>12.136674 51.559803 735.648</gx:coord>
        <when>2025-01-01T00:15:50.0911830Z</when>
        <gx:coord>12.140107 51.559483 735.648</gx:coord>
        <when>2025-01-01T00:15:55.0911830Z</when>
        <gx:coord>12.145365 51.559032 731.076</gx:coord>
        <when>2025-01-01T00:16:00.0911830Z</when>
        <gx:coord>12.148862 51.55873 732.6</gx:coord>
        <when>2025-01-01T00:16:04.1161830Z</when>
        <gx:coord>12.152381 51.558453 732.6</gx:coord>
        <when>2025-01-01T00:16:05.0921830Z</when>
        <gx:coord>12.154161 51.558346 729.552</gx:coord>
        <when>2025-01-01T00:16:10.0921830Z</when>
        <gx:coord>12.157766 51.558174 726.50397</gx:coord>
        <when>2025-01-01T00:16:10.1311830Z</when>
        <gx:coord>12.159569 51.558067 726.50397</gx:coord>
        <when>2025-01-01T00:16:15.0921830Z</when>
        <gx:coord>12.163132 51.557766 726.50397</gx:coord>
        <when>2025-01-01T00:16:20.0911830Z</when>
        <gx:coord>12.166651 51.5574 728.02795</gx:coord>
        <when>2025-01-01T00:16:25.0921830Z</when>
        <gx:coord>12.1718645 51.556843 732.6</gx:coord>
        <when>2025-01-01T00:16:30.0921830Z</when>
        <gx:coord>12.175341 51.55654 732.6</gx:coord>
        <when>2025-01-01T00:16:35.0921830Z</when>
        <gx:coord>12.180555 51.556114 734.12396</gx:coord>
        <when>2025-01-01T00:16:40.0921830Z</when>
        <gx:coord>12.184074 51.55579 731.076</gx:coord>
        <when>2025-01-01T00:16:42.1281830Z</when>
        <gx:coord>12.187614 51.555447 731.076</gx:coord>
        <when>2025-01-01T00:16:45.0921830Z</when>
        <gx:coord>12.189396 51.55532 731.076</gx:coord>
        <when>2025-01-01T00:16:50.0921830Z</when>
        <gx:coord>12.193043 51.555084 729.552</gx:coord>
        <when>2025-01-01T00:16:55.0921830Z</when>
        <gx:coord>12.198622 51.554783 729.552</gx:coord>
        <when>2025-01-01T00:17:00.0931830Z</when>
        <gx:coord>12.202377 51.55461 728.02795</gx:coord>
        <when>2025-01-01T00:17:05.0921830Z</when>
        <gx:coord>12.208042 51.55435 728.02795</gx:coord>
        <when>2025-01-01T00:17:10.0931830Z</when>
        <gx:coord>12.21184 51.55416 726.50397</gx:coord>
        <when>2025-01-01T00:17:12.1301830Z</when>
        <gx:coord>12.215638 51.553925 726.50397</gx:coord>
        <when>2025-01-01T00:17:15.0921830Z</when>
        <gx:coord>12.217526 51.553772 724.98</gx:coord>
        <when>2025-01-01T00:17:20.0931830Z</when>
        <gx:coord>12.221303 51.55341 724.98</gx:coord>
        <when>2025-01-01T00:17:25.0931830Z</when>
        <gx:coord>12.226904 51.55298 728.02795</gx:coord>
        <when>2025-01-01T00:17:30.0991830Z</when>
        <gx:coord>12.230595 51.55268 726.50397</gx:coord>
        <when>2025-01-01T00:17:35.0931830Z</when>
        <gx:coord>12.236174 51.552273 726.50397</gx:coord>
        <when>2025-01-01T00:17:40.0931830Z</when>
        <gx:coord>12.239885 51.551994 726.50397</gx:coord>
        <when>2025-01-01T00:17:42.1281830Z</when>
        <gx:coord>12.243576 51.551712 724.98</gx:coord>
        <when>2025-01-01T00:17:45.0931830Z</when>
        <gx:coord>12.245399 51.551586 724.98</gx:coord>
        <when>2025-01-01T00:17:50.0921830Z</when>
        <gx:coord>12.249069 51.551414 724.98</gx:coord>
        <when>2025-01-01T00:17:55.0931830Z</when>
        <gx:coord>12.254648 51.551025 727.284</gx:coord>
        <when>2025-01-01T00:18:00.0921830Z</when>
        <gx:coord>12.258425 51.550747 725.76</gx:coord>
        <when>2025-01-01T00:18:05.0931830Z</when>
        <gx:coord>12.264047 51.55032 727.284</gx:coord>
        <when>2025-01-01T00:18:10.0921830Z</when>
        <gx:coord>12.26778 51.55006 728.808</gx:coord>
        <when>2025-01-01T00:18:12.1341830Z</when>
        <gx:coord>12.271471 51.54978 730.3321</gx:coord>
        <when>2025-01-01T00:18:15.0931830Z</when>
        <gx:coord>12.273316 51.549675 730.3321</gx:coord>
        <when>2025-01-01T00:18:20.0931830Z</when>
        <gx:coord>12.277029 51.54944 725.76</gx:coord>
        <when>2025-01-01T00:18:25.0931830Z</when>
        <gx:coord>12.282608 51.549076 725.76</gx:coord>
        <when>2025-01-01T00:18:30.0931830Z</when>
        <gx:coord>12.286363 51.54886 727.284</gx:coord>
        <when>2025-01-01T00:18:35.0931830Z</when>
        <gx:coord>12.292006 51.54856 725.76</gx:coord>
        <when>2025-01-01T00:19:12.6551830Z</when>
        <gx:coord>12.299644 51.548237 725.76</gx:coord>
        <when>2025-01-01T00:19:12.6651830Z</when>
        <gx:coord>12.3274975 51.546844 722.71204</gx:coord>
        <when>2025-01-01T00:19:13.1461830Z</when>
        <gx:coord>12.3274975 51.546844 722.71204</gx:coord>
        <when>2025-01-01T00:19:18.1461830Z</when>
        <gx:coord>12.332947 51.546543 722.71204</gx:coord>
        <when>2025-01-01T00:19:23.1511830Z</when>
        <gx:coord>12.3366375 51.54635 727.284</gx:coord>
        <when>2025-01-01T00:19:28.1481830Z</when>
        <gx:coord>12.342238 51.546158 728.808</gx:coord>
        <when>2025-01-01T00:19:33.1471830Z</when>
        <gx:coord>12.346015 51.545986 727.284</gx:coord>
        <when>2025-01-01T00:19:38.1471830Z</when>
        <gx:coord>12.351723 51.545856 727.284</gx:coord>
        <when>2025-01-01T00:19:42.1271830Z</when>
        <gx:coord>12.355478 51.54577 727.284</gx:coord>
        <when>2025-01-01T00:19:43.1471830Z</when>
        <gx:coord>12.355478 51.54577 727.284</gx:coord>
        <when>2025-01-01T00:19:48.1521830Z</when>
        <gx:coord>12.361057 51.545555 728.808</gx:coord>
        <when>2025-01-01T00:19:53.1471830Z</when>
        <gx:coord>12.364769 51.545364 728.808</gx:coord>
        <when>2025-01-01T00:19:58.1471830Z</when>
        <gx:coord>12.370391 51.545105 725.76</gx:coord>
        <when>2025-01-01T00:20:03.1481830Z</when>
        <gx:coord>12.374189 51.544975 725.76</gx:coord>
        <when>2025-01-01T00:20:08.1491830Z</when>
        <gx:coord>12.379961 51.544827 722.71204</gx:coord>
        <when>2025-01-01T00:20:12.1301830Z</when>
        <gx:coord>12.3837805 51.54476 722.71204</gx:coord>
        <when>2025-01-01T00:20:31.1551830Z</when>
        <gx:coord>12.400646 51.544224 724.2361</gx:coord>
        <when>2025-01-01T00:20:36.1641830Z</when>
        <gx:coord>12.40616 51.543945 724.2361</gx:coord>
        <when>2025-01-01T00:20:41.1551830Z</when>
        <gx:coord>12.409787 51.543797 724.2361</gx:coord>
        <when>2025-01-01T00:20:42.1281830Z</when>
        <gx:coord>12.411612 51.54373 724.2361</gx:coord>
        <when>2025-01-01T00:20:46.1561830Z</when>
        <gx:coord>12.415258 51.543625 725.76</gx:coord>
        <when>2025-01-01T00:20:51.1561830Z</when>
        <gx:coord>12.418971 51.543518 727.284</gx:coord>
        <when>2025-01-01T00:20:56.1561830Z</when>
        <gx:coord>12.424636 51.543365 719.664</gx:coord>
        <when>2025-01-01T00:21:01.1561830Z</when>
        <gx:coord>12.4283905 51.54328 722.71204</gx:coord>
        <when>2025-01-01T00:21:06.1561830Z</when>
        <gx:coord>12.433884 51.543087 727.284</gx:coord>
        <when>2025-01-01T00:21:11.1561830Z</when>
        <gx:coord>12.437468 51.543003 727.284</gx:coord>
        <when>2025-01-01T00:21:12.1271830Z</when>
        <gx:coord>12.43927 51.54296 727.284</gx:coord>
        <when>2025-01-01T00:21:16.1551830Z</when>
        <gx:coord>12.442854 51.54285 725.76</gx:coord>
        <when>2025-01-01T00:21:21.1561830Z</when>
        <gx:coord>12.446415 51.542744 725.76</gx:coord>
        <when>2025-01-01T00:21:26.1561830Z</when>
        <gx:coord>12.451736 51.542595 725.76</gx:coord>
        <when>2025-01-01T00:21:31.1551830Z</when>
        <gx:coord>12.455299 51.54249 725.76</gx:coord>
        <when>2025-01-01T00:21:36.1691830Z</when>
        <gx:coord>12.460621 51.54195 725.76</gx:coord>
        <when>2025-01-01T00:21:38.1221830Z</when>
        <gx:coord>12.462379 51.54165 725.76</gx:coord>
        <when>2025-01-01T00:21:41.1561830Z</when>
        <gx:coord>12.464118 51.541306 727.284</gx:coord>
        <when>2025-01-01T00:21:42.1221830Z</when>
        <gx:coord>12.465857 51.540962 727.284</gx:coord>
        <when>2025-01-01T00:21:46.1661830Z</when>
        <gx:coord>12.46929 51.54019 727.284</gx:coord>
        <when>2025-01-01T00:21:48.1161830Z</when>
        <gx:coord>12.46929 51.54019 727.284</gx:coord>
        <when>2025-01-01T00:21:51.1561830Z</when>
        <gx:coord>12.472701 51.539333 725.76</gx:coord>
        <when>2025-01-01T00:21:56.1561830Z</when>
        <gx:coord>12.477765 51.538002 724.2361</gx:coord>
        <when>2025-01-01T00:22:01.1561830Z</when>
        <gx:coord>12.4811125 51.53708 722.71204</gx:coord>
        <when>2025-01-01T00:22:06.1561830Z</when>
        <gx:coord>12.486069 51.535576 722.71204</gx:coord>
        <when>2025-01-01T00:22:11.1561830Z</when>
        <gx:coord>12.489244 51.534485 724.2361</gx:coord>
        <when>2025-01-01T00:22:12.1151830Z</when>
        <gx:coord>12.489244 51.534485 724.2361</gx:coord>
        <when>2025-01-01T00:22:12.1211830Z</when>
        <gx:coord>12.490789 51.53386 724.2361</gx:coord>
        <when>2025-01-01T00:22:16.1711830Z</when>
        <gx:coord>12.493837 51.532486 721.188</gx:coord>
        <when>2025-01-01T00:22:21.1561830Z</when>
        <gx:coord>12.4968195 51.531094 722.71204</gx:coord>
        <when>2025-01-01T00:22:26.1671830Z</when>
        <gx:coord>12.501111 51.528904 731.8561</gx:coord>
        <when>2025-01-01T00:22:31.1561830Z</when>
        <gx:coord>12.503965 51.527447 728.808</gx:coord>
        <when>2025-01-01T00:22:36.1561830Z</when>
        <gx:coord>12.508235 51.525215 728.808</gx:coord>
        <when>2025-01-01T00:22:41.1561830Z</when>
        <gx:coord>12.5110035 51.52367 727.284</gx:coord>
        <when>2025-01-01T00:22:42.1201830Z</when>
        <gx:coord>12.512377 51.522896 727.284</gx:coord>
        <when>2025-01-01T00:22:46.1561830Z</when>
        <gx:coord>12.515123 51.52133 727.284</gx:coord>
        <when>2025-01-01T00:22:51.1781830Z</when>
        <gx:coord>12.517912 51.519764 728.808</gx:coord>
        <when>2025-01-01T00:22:56.1561830Z</when>
        <gx:coord>12.522118 51.517426 730.3321</gx:coord>
        <when>2025-01-01T00:23:01.1561830Z</when>
        <gx:coord>12.524908 51.51584 724.2361</gx:coord>
        <when>2025-01-01T00:23:06.1561830Z</when>
        <gx:coord>12.5292635 51.513496 721.188</gx:coord>
        <when>2025-01-01T00:23:11.1561830Z</when>
        <gx:coord>12.532139 51.51191 721.188</gx:coord>
        <when>2025-01-01T00:23:12.1111830Z</when>
        <gx:coord>12.533555 51.511093 721.188</gx:coord>
        <when>2025-01-01T00:23:16.1561830Z</when>
        <gx:coord>12.53643 51.509506 721.188</gx:coord>
        <when>2025-01-01T00:23:21.1561830Z</when>
        <gx:coord>12.539328 51.50792 722.71204</gx:coord>
        <when>2025-01-01T00:23:24.1181830Z</when>
        <gx:coord>12.540722 51.507103 721.188</gx:coord>
        <when>2025-01-01T00:23:26.1561830Z</when>
        <gx:coord>12.543597 51.505474 719.664</gx:coord>
        <when>2025-01-01T00:23:31.1561830Z</when>
        <gx:coord>12.546452 51.50384 719.664</gx:coord>
        <when>2025-01-01T00:23:36.1561830Z</when>
        <gx:coord>12.550743 51.501373 719.664</gx:coord>
        <when>2025-01-01T00:23:40.1131830Z</when>
        <gx:coord>12.5536175 51.499763 719.664</gx:coord>
        <when>2025-01-01T00:23:41.1571830Z</when>
        <gx:coord>12.5536175 51.499763 719.664</gx:coord>
        <when>2025-01-01T00:23:46.1641830Z</when>
        <gx:coord>12.557974 51.497383 722.71204</gx:coord>
        <when>2025-01-01T00:23:51.1571830Z</when>
        <gx:coord>12.560849 51.495815 722.71204</gx:coord>
        <when>2025-01-01T00:23:56.1571830Z</when>
        <gx:coord>12.565141 51.493412 722.71204</gx:coord>
        <when>2025-01-01T00:24:01.1561830Z</when>
        <gx:coord>12.568037 51.491848 722.71204</gx:coord>
        <when>2025-01-01T00:24:06.1571830Z</when>
        <gx:coord>12.572414 51.489487 722.71204</gx:coord>
        <when>2025-01-01T00:24:08.1021830Z</when>
        <gx:coord>12.5738735 51.488716 722.71204</gx:coord>
        <when>2025-01-01T00:24:11.1571830Z</when>
        <gx:coord>12.575333 51.48794 724.2361</gx:coord>
        <when>2025-01-01T00:24:16.1571830Z</when>
        <gx:coord>12.57971 51.485645 725.76</gx:coord>
        <when>2025-01-01T00:24:21.1571830Z</when>
        <gx:coord>12.582542 51.484077 724.2361</gx:coord>
        <when>2025-01-01T00:24:26.1571830Z</when>
        <gx:coord>12.58677 51.48174 721.188</gx:coord>
        <when>2025-01-01T00:24:38.6211830Z</when>
        <gx:coord>12.595203 51.477192 722.71204</gx:coord>
        <when>2025-01-01T00:24:39.1201830Z</when>
        <gx:coord>12.595203 51.477192 724.2361</gx:coord>
        <when>2025-01-01T00:24:44.1491830Z</when>
        <gx:coord>12.599409 51.474937 727.284</gx:coord>
        <when>2025-01-01T00:24:49.1211830Z</when>
        <gx:coord>12.602177 51.473415 727.284</gx:coord>
        <when>2025-01-01T00:24:54.1211830Z</when>
        <gx:coord>12.606382 51.471096 727.284</gx:coord>
        <when>2025-01-01T00:24:59.1211830Z</when>
        <gx:coord>12.609172 51.46955 725.76</gx:coord>
        <when>2025-01-01T00:25:04.1411830Z</when>
        <gx:coord>12.613463 51.467236 725.76</gx:coord>
        <when>2025-01-01T00:25:08.1211830Z</when>
        <gx:coord>12.616404 51.465797 725.76</gx:coord>
        <when>2025-01-01T00:25:09.1211830Z</when>
        <gx:coord>12.616404 51.465797 725.76</gx:coord>
        <when>2025-01-01T00:25:14.1511830Z</when>
        <gx:coord>12.621059 51.463802 725.76</gx:coord>
        <when>2025-01-01T00:25:19.1201830Z</when>
        <gx:coord>12.624278 51.46256 725.76</gx:coord>
        <when>2025-01-01T00:25:24.1491830Z</when>
        <gx:coord>12.629192 51.460754 724.2361</gx:coord>
        <when>2025-01-01T00:25:29.1211830Z</when>
        <gx:coord>12.632518 51.459553 725.76</gx:coord>
        <when>2025-01-01T00:25:34.1511830Z</when>
        <gx:coord>12.637453 51.45773 721.188</gx:coord>
        <when>2025-01-01T00:25:38.1221830Z</when>
        <gx:coord>12.640821 51.45655 721.188</gx:coord>
        <when>2025-01-01T00:25:39.1291830Z</when>
        <gx:coord>12.640821 51.45655 721.188</gx:coord>
        <when>2025-01-01T00:25:44.1561830Z</when>
        <gx:coord>12.645885 51.45477 722.71204</gx:coord>
        <when>2025-01-01T00:25:49.1211830Z</when>
        <gx:coord>12.649233 51.45352 721.188</gx:coord>
        <when>2025-01-01T00:25:54.1211830Z</when>
        <gx:coord>12.654362 51.451656 719.664</gx:coord>
        <when>2025-01-01T00:25:59.1211830Z</when>
        <gx:coord>12.657838 51.450413 718.1401</gx:coord>
        <when>2025-01-01T00:26:04.1201830Z</when>
        <gx:coord>12.661293 51.449146 719.664</gx:coord>
        <when>2025-01-01T00:26:06.1211830Z</when>
        <gx:coord>12.664704 51.447815 719.664</gx:coord>
        <when>2025-01-01T00:26:09.1211830Z</when>
        <gx:coord>12.666421 51.447174 716.6161</gx:coord>
        <when>2025-01-01T00:26:14.1511830Z</when>
        <gx:coord>12.671593 51.445328 724.2361</gx:coord>
        <when>2025-01-01T00:26:19.1201830Z</when>
        <gx:coord>12.675026 51.444126 725.76</gx:coord>
        <when>2025-01-01T00:26:24.1511830Z</when>
        <gx:coord>12.68009 51.442303 725.76</gx:coord>
        <when>2025-01-01T00:26:29.1211830Z</when>
        <gx:coord>12.683458 51.4411 725.76</gx:coord>
        <when>2025-01-01T00:26:34.1191830Z</when>
        <gx:coord>12.6884575 51.439278 725.76</gx:coord>
        <when>2025-01-01T00:26:34.1481830Z</when>
        <gx:coord>12.6884575 51.439278 725.76</gx:coord>
        <when>2025-01-01T00:26:39.1221830Z</when>
        <gx:coord>12.691784 51.43803 724.2361</gx:coord>
        <when>2025-01-01T00:26:44.1481830Z</when>
        <gx:coord>12.696697 51.43623 724.2361</gx:coord>
        <when>2025-01-01T00:26:49.1211830Z</when>
        <gx:coord>12.699938 51.435028 722.71204</gx:coord>
        <when>2025-01-01T00:26:54.1291830Z</when>
        <gx:coord>12.704744 51.433247 721.188</gx:coord>
        <when>2025-01-01T00:26:59.1211830Z</when>
        <gx:coord>12.707963 51.432045 721.188</gx:coord>
        <when>2025-01-01T00:27:04.1221830Z</when>
        <gx:coord>12.712812 51.430286 722.71204</gx:coord>
        <when>2025-01-01T00:27:04.1511830Z</when>
        <gx:coord>12.712812 51.430286 722.71204</gx:coord>
        <when>2025-01-01T00:27:09.1201830Z</when>
        <gx:coord>12.715988 51.429127 721.188</gx:coord>
        <when>2025-01-01T00:27:14.1501830Z</when>
        <gx:coord>12.72073 51.427452 721.188</gx:coord>
        <when>2025-01-01T00:27:16.1161830Z</when>
        <gx:coord>12.72073 51.427452 721.188</gx:coord>
        <when>2025-01-01T00:27:19.1211830Z</when>
        <gx:coord>12.723864 51.42634 721.188</gx:coord>
        <when>2025-01-01T00:27:24.1531830Z</when>
        <gx:coord>12.728519 51.42464 721.188</gx:coord>
        <when>2025-01-01T00:27:29.1211830Z</when>
        <gx:coord>12.73163 51.423546 721.188</gx:coord>
        <when>2025-01-01T00:27:34.1201830Z</when>
        <gx:coord>12.736179 51.421852 721.188</gx:coord>
        <when>2025-01-01T00:27:34.1491830Z</when>
        <gx:coord>12.736179 51.421852 719.664</gx:coord>
        <when>2025-01-01T00:27:39.1211830Z</when>
        <gx:coord>12.739248 51.42074 721.188</gx:coord>
        <when>2025-01-01T00:27:44.1531830Z</when>
        <gx:coord>12.743797 51.419064 722.71204</gx:coord>
        <when>2025-01-01T00:27:49.1221830Z</when>
        <gx:coord>12.746866 51.417927 722.71204</gx:coord>
        <when>2025-01-01T00:27:54.1431830Z</when>
        <gx:coord>12.751479 51.416187 716.6161</gx:coord>
        <when>2025-01-01T00:27:59.1211830Z</when>
        <gx:coord>12.754719 51.41501 717.156</gx:coord>
        <when>2025-01-01T00:28:04.1211830Z</when>
        <gx:coord>12.759633 51.413162 715.63196</gx:coord>
        <when>2025-01-01T00:28:04.1551830Z</when>
        <gx:coord>12.759633 51.413162 715.63196</gx:coord>
        <when>2025-01-01T00:28:08.1171830Z</when>
        <gx:coord>12.761307 51.41254 717.156</gx:coord>
        <when>2025-01-01T00:28:09.1211830Z</when>
        <gx:coord>12.762959 51.41192 717.156</gx:coord>
        <when>2025-01-01T00:28:14.1231830Z</when>
        <gx:coord>12.768044 51.409966 714.10803</gx:coord>
        <when>2025-01-01T00:28:19.1211830Z</when>
        <gx:coord>12.7715 51.4087 715.63196</gx:coord>
        <when>2025-01-01T00:28:24.1511830Z</when>
        <gx:coord>12.77667 51.40683 720.20404</gx:coord>
        <when>2025-01-01T00:28:29.1221830Z</when>
        <gx:coord>12.780125 51.40561 720.20404</gx:coord>
        <when>2025-01-01T00:28:32.1231830Z</when>
        <gx:coord>12.783623 51.404385 717.156</gx:coord>
        <when>2025-01-01T00:28:34.1221830Z</when>
        <gx:coord>12.783623 51.404385 715.63196</gx:coord>
        <when>2025-01-01T00:28:39.1321830Z</when>
        <gx:coord>12.788879 51.40252 717.156</gx:coord>
        <when>2025-01-01T00:28:44.1491830Z</when>
        <gx:coord>12.794115 51.400696 718.68</gx:coord>
        <when>2025-01-01T00:28:49.1221830Z</when>
        <gx:coord>12.797592 51.399513 721.728</gx:coord>
        <when>2025-01-01T00:28:54.1511830Z</when>
        <gx:coord>12.802763 51.39769 723.252</gx:coord>
        <when>2025-01-01T00:28:59.1221830Z</when>
        <gx:coord>12.806196 51.39647 721.728</gx:coord>
        <when>2025-01-01T00:29:00.1231830Z</when>
        <gx:coord>12.807934 51.395866 721.728</gx:coord>
        <when>2025-01-01T00:29:04.1501830Z</when>
        <gx:coord>12.811367 51.394665 721.728</gx:coord>
        <when>2025-01-01T00:29:09.1211830Z</when>
        <gx:coord>12.814758 51.393486 721.728</gx:coord>
        <when>2025-01-01T00:29:14.1221830Z</when>
        <gx:coord>12.819843 51.39177 721.728</gx:coord>
        <when>2025-01-01T00:29:19.1221830Z</when>
        <gx:coord>12.823212 51.390587 721.728</gx:coord>
        <when>2025-01-01T00:29:24.1491830Z</when>
        <gx:coord>12.828212 51.38881 723.252</gx:coord>
        <when>2025-01-01T00:29:28.1261830Z</when>
        <gx:coord>12.831495 51.387604 723.252</gx:coord>
        <when>2025-01-01T00:29:29.1221830Z</when>
        <gx:coord>12.831495 51.387604 724.776</gx:coord>
        <when>2025-01-01T00:29:34.1221830Z</when>
        <gx:coord>12.834757 51.386425 727.82404</gx:coord>
        <when>2025-01-01T00:29:39.1481830Z</when>
        <gx:coord>12.839713 51.384644 726.3</gx:coord>
        <when>2025-01-01T00:29:44.1481830Z</when>
        <gx:coord>12.844648 51.382885 726.3</gx:coord>
        <when>2025-01-01T00:29:49.1221830Z</when>
        <gx:coord>12.847931 51.381725 726.3</gx:coord>
        <when>2025-01-01T00:29:54.1511830Z</when>
        <gx:coord>12.852909 51.38003 726.3</gx:coord>
        <when>2025-01-01T00:29:58.1211830Z</when>
        <gx:coord>12.856215 51.378914 726.3</gx:coord>
        <when>2025-01-01T00:29:59.1221830Z</when>
        <gx:coord>12.856215 51.378914 726.3</gx:coord>
        <when>2025-01-01T00:30:04.1501830Z</when>
        <gx:coord>12.861149 51.37718 720.20404</gx:coord>
        <when>2025-01-01T00:30:09.1221830Z</when>
        <gx:coord>12.864475 51.375954 717.156</gx:coord>
        <when>2025-01-01T00:30:14.1351830Z</when>
        <gx:coord>12.869325 51.373894 723.252</gx:coord>
        <when>2025-01-01T00:30:19.1221830Z</when>
        <gx:coord>12.8724575 51.372498 730.872</gx:coord>
        <when>2025-01-01T00:30:24.1521830Z</when>
        <gx:coord>12.877135 51.370396 718.68</gx:coord>
        <when>2025-01-01T00:30:26.1241830Z</when>
        <gx:coord>12.878702 51.369644 718.68</gx:coord>
        <when>2025-01-01T00:30:29.1221830Z</when>
        <gx:coord>12.880247 51.368896 714.10803</gx:coord>
        <when>2025-01-01T00:30:34.1531830Z</when>
        <gx:coord>12.88486 51.36662 714.10803</gx:coord>
        <when>2025-01-01T00:30:39.1331830Z</when>
        <gx:coord>12.888058 51.365227 715.63196</gx:coord>
        <when>2025-01-01T00:30:44.1491830Z</when>
        <gx:coord>12.892778 51.363144 720.20404</gx:coord>
        <when>2025-01-01T00:30:49.1221830Z</when>
        <gx:coord>12.895824 51.36173 718.68</gx:coord>
        <when>2025-01-01T00:30:54.1161830Z</when>
        <gx:coord>12.900459 51.359646 715.63196</gx:coord>
        <when>2025-01-01T00:30:54.1461830Z</when>
        <gx:coord>12.900459 51.359646 714.10803</gx:coord>
        <when>2025-01-01T00:30:59.1221830Z</when>
        <gx:coord>12.903571 51.35823 709.536</gx:coord>
        <when>2025-01-01T00:31:04.1221830Z</when>
        <gx:coord>12.906704 51.356792 706.48804</gx:coord>
        <when>2025-01-01T00:31:09.1221830Z</when>
        <gx:coord>12.911468 51.354668 703.44</gx:coord>
        <when>2025-01-01T00:31:14.1301830Z</when>
        <gx:coord>12.916403 51.352695 703.44</gx:coord>
        <when>2025-01-01T00:31:19.1221830Z</when>
        <gx:coord>12.91975 51.35147 712.584</gx:coord>
        <when>2025-01-01T00:31:22.1141830Z</when>
        <gx:coord>12.923119 51.35031 712.584</gx:coord>
        <when>2025-01-01T00:31:24.1481830Z</when>
        <gx:coord>12.924814 51.349754 715.63196</gx:coord>
        <when>2025-01-01T00:31:29.1221830Z</when>
        <gx:coord>12.928183 51.348595 714.10803</gx:coord>
        <when>2025-01-01T00:31:34.1221830Z</when>
        <gx:coord>12.933226 51.3469 711.06</gx:coord>
        <when>2025-01-01T00:31:39.1261830Z</when>
        <gx:coord>12.936638 51.345783 709.536</gx:coord>
        <when>2025-01-01T00:31:44.1541830Z</when>
        <gx:coord>12.941723 51.34409 709.536</gx:coord>
        <when>2025-01-01T00:31:49.1221830Z</when>
        <gx:coord>12.945135 51.34297 709.536</gx:coord>
        <when>2025-01-01T00:31:50.1191830Z</when>
        <gx:coord>12.94683 51.342396 709.536</gx:coord>
        <when>2025-01-01T00:31:54.1511830Z</when>
        <gx:coord>12.95022 51.341236 709.536</gx:coord>
        <when>2025-01-01T00:31:59.1221830Z</when>
        <gx:coord>12.95361 51.340076 708.012</gx:coord>
        <when>2025-01-01T00:32:04.1221830Z</when>
        <gx:coord>12.958717 51.33834 706.48804</gx:coord>
        <when>2025-01-01T00:32:09.1211830Z</when>
        <gx:coord>12.962086 51.337135 704.964</gx:coord>
        <when>2025-01-01T00:32:14.1531830Z</when>
        <gx:coord>12.967086 51.33527 703.44</gx:coord>
        <when>2025-01-01T00:32:18.1201830Z</when>
        <gx:coord>12.970476 51.33409 701.916</gx:coord>
        <when>2025-01-01T00:32:19.1221830Z</when>
        <gx:coord>12.970476 51.33409 701.916</gx:coord>
        <when>2025-01-01T00:32:24.1511830Z</when>
        <gx:coord>12.975561 51.332394 704.964</gx:coord>
        <when>2025-01-01T00:32:29.1231830Z</when>
        <gx:coord>12.978909 51.331257 708.012</gx:coord>
        <when>2025-01-01T00:32:34.1241830Z</when>
        <gx:coord>12.983909 51.32954 709.536</gx:coord>
        <when>2025-01-01T00:32:39.1271830Z</when>
        <gx:coord>12.987256 51.328426 709.536</gx:coord>
        <when>2025-01-01T00:32:44.1491830Z</when>
        <gx:coord>12.992277 51.32675 711.06</gx:coord>
        <when>2025-01-01T00:32:46.1221830Z</when>
        <gx:coord>12.993929 51.326195 711.06</gx:coord>
        <when>2025-01-01T00:32:49.1231830Z</when>
        <gx:coord>12.995604 51.325638 711.06</gx:coord>
        <when>2025-01-01T00:32:54.1511830Z</when>
        <gx:coord>13.000624 51.323963 704.964</gx:coord>
        <when>2025-01-01T00:32:59.1231830Z</when>
        <gx:coord>13.00395 51.322845 706.48804</gx:coord>
        <when>2025-01-01T00:33:04.1561830Z</when>
        <gx:coord>13.008907 51.321175 708.012</gx:coord>
        <when>2025-01-01T00:33:09.1221830Z</when>
        <gx:coord>13.012125 51.319992 704.964</gx:coord>
        <when>2025-01-01T00:33:14.1241830Z</when>
        <gx:coord>13.016975 51.31817 704.964</gx:coord>
        <when>2025-01-01T00:33:16.1191830Z</when>
        <gx:coord>13.018584 51.317566 704.964</gx:coord>
        <when>2025-01-01T00:33:19.1221830Z</when>
        <gx:coord>13.020215 51.316967 706.48804</gx:coord>
        <when>2025-01-01T00:33:24.1531830Z</when>
        <gx:coord>13.025022 51.315144 708.012</gx:coord>
        <when>2025-01-01T00:33:29.1231830Z</when>
        <gx:coord>13.028197 51.313942 709.536</gx:coord>
        <when>2025-01-01T00:33:34.1481830Z</when>
        <gx:coord>13.032918 51.312073 709.536</gx:coord>
        <when>2025-01-01T00:33:39.1481830Z</when>
        <gx:coord>13.03603 51.310787 708.012</gx:coord>
        <when>2025-01-01T00:33:44.1231830Z</when>
        <gx:coord>13.039162 51.309544 708.012</gx:coord>
        <when>2025-01-01T00:33:46.1121830Z</when>
        <gx:coord>13.042381 51.30836 708.012</gx:coord>
        <when>2025-01-01T00:33:49.1231830Z</when>
        <gx:coord>13.043968 51.307762 708.012</gx:coord>
        <when>2025-01-01T00:33:54.1511830Z</when>
        <gx:coord>13.048711 51.305958 708.012</gx:coord>
        <when>2025-01-01T00:33:59.1221830Z</when>
        <gx:coord>13.051887 51.304802 709.536</gx:coord>
        <when>2025-01-01T00:34:04.1561830Z</when>
        <gx:coord>13.056607 51.30304 709.536</gx:coord>
        <when>2025-01-01T00:34:09.1231830Z</when>
        <gx:coord>13.059761 51.30186 711.06</gx:coord>
        <when>2025-01-01T00:34:14.1261830Z</when>
        <gx:coord>13.064461 51.30012 709.536</gx:coord>
        <when>2025-01-01T00:34:16.1141830Z</when>
        <gx:coord>13.066006 51.299545 709.536</gx:coord>
        <when>2025-01-01T00:34:19.1231830Z</when>
        <gx:coord>13.067572 51.298965 709.536</gx:coord>
        <when>2025-01-01T00:34:24.1501830Z</when>
        <gx:coord>13.072271 51.29725 709.536</gx:coord>
        <when>2025-01-01T00:34:29.1231830Z</when>
        <gx:coord>13.075361 51.296066 709.536</gx:coord>
        <when>2025-01-01T00:34:30.1191830Z</when>
        <gx:coord>13.075361 51.296066 709.536</gx:coord>
        <when>2025-01-01T00:34:34.1291830Z</when>
        <gx:coord>13.079931 51.294308 708.012</gx:coord>
        <when>2025-01-01T00:34:39.1531830Z</when>
        <gx:coord>13.082935 51.29313 709.536</gx:coord>
        <when>2025-01-01T00:34:44.1541830Z</when>
        <gx:coord>13.087528 51.291348 714.10803</gx:coord>
        <when>2025-01-01T00:34:46.1171830Z</when>
        <gx:coord>13.089051 51.290768 714.10803</gx:coord>
        <when>2025-01-01T00:34:49.1231830Z</when>
        <gx:coord>13.090553 51.290165 715.63196</gx:coord>
        <when>2025-01-01T00:36:26.4001830Z</when>
        <gx:coord>13.113062 51.281498 712.584</gx:coord>
        <when>2025-01-01T00:36:26.4031830Z</when>
        <gx:coord>13.137396 51.27257 711.06</gx:coord>
        <when>2025-01-01T00:36:26.4121830Z</when>
        <gx:coord>13.160763 51.26435 708.012</gx:coord>
        <when>2025-01-01T00:36:26.9051830Z</when>
        <gx:coord>13.165526 51.262657 706.48804</gx:coord>
        <when>2025-01-01T00:36:31.9061830Z</when>
        <gx:coord>13.168724 51.26152 717.156</gx:coord>
        <when>2025-01-01T00:36:36.9061830Z</when>
        <gx:coord>13.173531 51.25974 714.10803</gx:coord>
        <when>2025-01-01T00:36:41.9071830Z</when>
        <gx:coord>13.176727 51.25858 712.584</gx:coord>
        <when>2025-01-01T00:36:46.9071830Z</when>
        <gx:coord>13.181599 51.256886 712.584</gx:coord>
        <when>2025-01-01T00:36:50.1161830Z</when>
        <gx:coord>13.184838 51.255768 712.584</gx:coord>
        <when>2025-01-01T00:36:51.9071830Z</when>
        <gx:coord>13.184838 51.255768 712.584</gx:coord>
        <when>2025-01-01T00:36:56.9071830Z</when>
        <gx:coord>13.189559 51.25405 711.06</gx:coord>
        <when>2025-01-01T00:37:01.9071830Z</when>
        <gx:coord>13.192649 51.252937 709.536</gx:coord>
        <when>2025-01-01T00:37:06.9071830Z</when>
        <gx:coord>13.197306 51.251263 711.06</gx:coord>
        <when>2025-01-01T00:37:11.9071830Z</when>
        <gx:coord>13.200567 51.25019 708.012</gx:coord>
        <when>2025-01-01T00:37:16.9071830Z</when>
        <gx:coord>13.205481 51.248516 703.794</gx:coord>
        <when>2025-01-01T00:37:20.1111830Z</when>
        <gx:coord>13.208721 51.24736 703.794</gx:coord>
        <when>2025-01-01T00:37:21.9071830Z</when>
        <gx:coord>13.208721 51.24736 703.794</gx:coord>
        <when>2025-01-01T00:37:26.9181830Z</when>
        <gx:coord>13.2136345 51.24558 708.3661</gx:coord>
        <when>2025-01-01T00:37:28.1111830Z</when>
        <gx:coord>13.2136345 51.24558 708.3661</gx:coord>
        <when>2025-01-01T00:37:31.9071830Z</when>
        <gx:coord>13.216982 51.244354 702.27</gx:coord>
        <when>2025-01-01T00:37:36.9071830Z</when>
        <gx:coord>13.222132 51.242554 703.794</gx:coord>
        <when>2025-01-01T00:37:41.9081830Z</when>
        <gx:coord>13.225544 51.24137 708.3661</gx:coord>
        <when>2025-01-01T00:37:46.9081830Z</when>
        <gx:coord>13.23065 51.23963 705.318</gx:coord>
        <when>2025-01-01T00:37:48.1141830Z</when>
        <gx:coord>13.232367 51.239056 705.318</gx:coord>
        <when>2025-01-01T00:37:51.9081830Z</when>
        <gx:coord>13.234062 51.238476 706.842</gx:coord>
        <when>2025-01-01T00:37:56.9071830Z</when>
        <gx:coord>13.239105 51.236824 708.3661</gx:coord>
        <when>2025-01-01T00:38:01.9081830Z</when>
        <gx:coord>13.242431 51.23564 706.842</gx:coord>
        <when>2025-01-01T00:38:06.9081830Z</when>
        <gx:coord>13.247409 51.23386 709.89</gx:coord>
        <when>2025-01-01T00:38:11.9081830Z</when>
        <gx:coord>13.250756 51.23268 711.854</gx:coord>
        <when>2025-01-01T00:38:16.1121830Z</when>
        <gx:coord>13.25582 51.230965 707.282</gx:coord>
        <when>2025-01-01T00:38:16.9081830Z</when>
        <gx:coord>13.25582 51.230965 705.758</gx:coord>
        <when>2025-01-01T00:38:21.9081830Z</when>
        <gx:coord>13.259275 51.22991 707.282</gx:coord>
        <when>2025-01-01T00:38:26.9121830Z</when>
        <gx:coord>13.264339 51.228283 707.282</gx:coord>
        <when>2025-01-01T00:38:31.9081830Z</when>
        <gx:coord>13.267729 51.227165 708.806</gx:coord>
        <when>2025-01-01T00:38:36.9081830Z</when>
        <gx:coord>13.272793 51.22545 708.806</gx:coord>
        <when>2025-01-01T00:38:41.9081830Z</when>
        <gx:coord>13.27614 51.224293 707.282</gx:coord>
        <when>2025-01-01T00:38:44.1201830Z</when>
        <gx:coord>13.279467 51.223152 707.282</gx:coord>
        <when>2025-01-01T00:38:46.9091830Z</when>
        <gx:coord>13.281118 51.222595 708.806</gx:coord>
        <when>2025-01-01T00:38:51.9091830Z</when>
        <gx:coord>13.28438 51.221394 707.282</gx:coord>
        <when>2025-01-01T00:38:56.9081830Z</when>
        <gx:coord>13.289358 51.219593 705.758</gx:coord>
        <when>2025-01-01T00:39:01.9091830Z</when>
        <gx:coord>13.292706 51.21841 704.234</gx:coord>
        <when>2025-01-01T00:39:06.9091830Z</when>
        <gx:coord>13.29777 51.216675 702.71</gx:coord>
        <when>2025-01-01T00:39:11.9091830Z</when>
        <gx:coord>13.301096 51.215515 704.234</gx:coord>
        <when>2025-01-01T00:39:12.1191830Z</when>
        <gx:coord>13.30277 51.214935 704.234</gx:coord>
        <when>2025-01-01T00:39:16.9091830Z</when>
        <gx:coord>13.306031 51.213776 708.806</gx:coord>
        <when>2025-01-01T00:39:21.9091830Z</when>
        <gx:coord>13.309271 51.21266 708.806</gx:coord>
        <when>2025-01-01T00:39:26.9151830Z</when>
        <gx:coord>13.314099 51.211075 708.806</gx:coord>
        <when>2025-01-01T00:39:31.9091830Z</when>
        <gx:coord>13.317361 51.210045 708.806</gx:coord>
        <when>2025-01-01T00:39:36.9091830Z</when>
        <gx:coord>13.322167 51.20839 705.758</gx:coord>
        <when>2025-01-01T00:39:41.9091830Z</when>
        <gx:coord>13.325279 51.207146 701.1861</gx:coord>
        <when>2025-01-01T00:39:42.1251830Z</when>
        <gx:coord>13.326845 51.206524 701.1861</gx:coord>
        <when>2025-01-01T00:39:46.9101830Z</when>
        <gx:coord>13.329978 51.205364 708.806</gx:coord>
        <when>2025-01-01T00:39:51.9091830Z</when>
        <gx:coord>13.333111 51.20421 707.282</gx:coord>
        <when>2025-01-01T00:39:56.9091830Z</when>
        <gx:coord>13.33796 51.20251 711.854</gx:coord>
        <when>2025-01-01T00:40:01.9101830Z</when>
        <gx:coord>13.3412 51.201374 711.854</gx:coord>
        <when>2025-01-01T00:40:06.9101830Z</when>
        <gx:coord>13.346136 51.1997 710.33</gx:coord>
        <when>2025-01-01T00:40:11.9101830Z</when>
        <gx:coord>13.349462 51.19861 710.33</gx:coord>
        <when>2025-01-01T00:40:12.1231830Z</when>
        <gx:coord>13.351114 51.198048 710.33</gx:coord>
        <when>2025-01-01T00:40:16.9101830Z</when>
        <gx:coord>13.354397 51.19689 710.33</gx:coord>
        <when>2025-01-01T00:40:21.9101830Z</when>
        <gx:coord>13.357744 51.195732 708.806</gx:coord>
        <when>2025-01-01T00:40:26.9611830Z</when>
        <gx:coord>13.362808 51.193993 707.282</gx:coord>
        <when>2025-01-01T00:40:31.9101830Z</when>
        <gx:coord>13.36622 51.192856 704.234</gx:coord>
        <when>2025-01-01T00:40:36.9111830Z</when>
        <gx:coord>13.371391 51.191223 704.234</gx:coord>
        <when>2025-01-01T00:40:40.1151830Z</when>
        <gx:coord>13.374867 51.190216 704.234</gx:coord>
        <when>2025-01-01T00:40:41.9101830Z</when>
        <gx:coord>13.374867 51.190216 705.758</gx:coord>
        <when>2025-01-01T00:40:46.9101830Z</when>
        <gx:coord>13.380081 51.188652 705.758</gx:coord>
        <when>2025-01-01T00:40:51.9111830Z</when>
        <gx:coord>13.383558 51.187534 704.234</gx:coord>
        <when>2025-01-01T00:40:56.9111830Z</when>
        <gx:coord>13.388815 51.185883 701.1861</gx:coord>
        <when>2025-01-01T00:41:01.9111830Z</when>
        <gx:coord>13.392269 51.184788 701.1861</gx:coord>
        <when>2025-01-01T00:41:06.9111830Z</when>
        <gx:coord>13.397505 51.183113 702.71</gx:coord>
        <when>2025-01-01T00:41:08.1201830Z</when>
        <gx:coord>13.399243 51.182533 702.71</gx:coord>
        <when>2025-01-01T00:41:11.9111830Z</when>
        <gx:coord>13.400982 51.181934 698.138</gx:coord>
        <when>2025-01-01T00:41:16.9111830Z</when>
        <gx:coord>13.406218 51.180153 696.614</gx:coord>
        <when>2025-01-01T00:41:21.9111830Z</when>
        <gx:coord>13.409715 51.17908 698.138</gx:coord>
        <when>2025-01-01T00:41:26.9491830Z</when>
        <gx:coord>13.414928 51.177536 699.662</gx:coord>
        <when>2025-01-01T00:41:31.9111830Z</when>
        <gx:coord>13.418362 51.176506 710.33</gx:coord>
        <when>2025-01-01T00:41:36.1111830Z</when>
        <gx:coord>13.423426 51.17483 710.33</gx:coord>
        <when>2025-01-01T00:41:36.9111830Z</when>
        <gx:coord>13.423426 51.17483 708.806</gx:coord>
        <when>2025-01-01T00:41:41.9111830Z</when>
        <gx:coord>13.426838 51.173653 704.234</gx:coord>
        <when>2025-01-01T00:41:46.9111830Z</when>
        <gx:coord>13.431881 51.17183 702.71</gx:coord>
        <when>2025-01-01T00:41:51.9111830Z</when>
        <gx:coord>13.43527 51.17058 704.234</gx:coord>
        <when>2025-01-01T00:41:56.9121830Z</when>
        <gx:coord>13.44042 51.16874 705.758</gx:coord>
        <when>2025-01-01T00:42:01.9121830Z</when>
        <gx:coord>13.443875 51.167385 701.1861</gx:coord>
        <when>2025-01-01T00:42:04.1101830Z</when>
        <gx:coord>13.447223 51.165928 692.042</gx:coord>
        <when>2025-01-01T00:42:06.9121830Z</when>
        <gx:coord>13.448917 51.165176 692.042</gx:coord>
        <when>2025-01-01T00:42:11.9121830Z</when>
        <gx:coord>13.452223 51.163757 695.09</gx:coord>
        <when>2025-01-01T00:42:16.9441830Z</when>
        <gx:coord>13.457136 51.161785 698.138</gx:coord>
        <when>2025-01-01T00:42:21.9121830Z</when>
        <gx:coord>13.460398 51.16052 699.662</gx:coord>
        <when>2025-01-01T00:42:26.9151830Z</when>
        <gx:coord>13.465269 51.15872 701.1861</gx:coord>
        <when>2025-01-01T00:42:31.9121830Z</when>
        <gx:coord>13.468531 51.157536 701.1861</gx:coord>
        <when>2025-01-01T00:42:32.1191830Z</when>
        <gx:coord>13.470118 51.156914 701.1861</gx:coord>
        <when>2025-01-01T00:42:36.9121830Z</when>
        <gx:coord>13.473229 51.155582 698.138</gx:coord>
        <when>2025-01-01T00:42:41.9121830Z</when>
        <gx:coord>13.476319 51.15421 698.138</gx:coord>
        <when>2025-01-01T00:42:46.9121830Z</when>
        <gx:coord>13.480868 51.152214 705.758</gx:coord>
        <when>2025-01-01T00:42:51.9121830Z</when>
        <gx:coord>13.483787 51.150887 707.282</gx:coord>
        <when>2025-01-01T00:42:56.1201830Z</when>
        <gx:coord>13.486662 51.149532 707.282</gx:coord>
        <when>2025-01-01T00:42:56.9121830Z</when>
        <gx:coord>13.488078 51.148846 707.282</gx:coord>
        <when>2025-01-01T00:43:01.9121830Z</when>
        <gx:coord>13.490868 51.147453 705.758</gx:coord>
        <when>2025-01-01T00:43:02.1081830Z</when>
        <gx:coord>13.492262 51.146744 705.758</gx:coord>
        <when>2025-01-01T00:43:06.9131830Z</when>
        <gx:coord>13.49503 51.145348 705.758</gx:coord>
        <when>2025-01-01T00:43:11.9131830Z</when>
        <gx:coord>13.49782 51.143955 705.758</gx:coord>
        <when>2025-01-01T00:43:16.9131830Z</when>
        <gx:coord>13.502026 51.141914 705.758</gx:coord>
        <when>2025-01-01T00:43:21.9131830Z</when>
        <gx:coord>13.504793 51.140564 707.282</gx:coord>
        <when>2025-01-01T00:43:26.9191830Z</when>
        <gx:coord>13.508978 51.138504 708.806</gx:coord>
        <when>2025-01-01T00:43:31.9131830Z</when>
        <gx:coord>13.511745 51.13713 708.806</gx:coord>
        <when>2025-01-01T00:43:32.1241830Z</when>
        <gx:coord>13.513184 51.136467 708.806</gx:coord>
        <when>2025-01-01T00:43:36.9131830Z</when>
        <gx:coord>13.516102 51.135155 708.806</gx:coord>
        <when>2025-01-01T00:43:41.9131830Z</when>
        <gx:coord>13.519085 51.13387 710.33</gx:coord>
        <when>2025-01-01T00:43:46.9131830Z</when>
        <gx:coord>13.523612 51.131958 705.758</gx:coord>
        <when>2025-01-01T00:43:51.9131830Z</when>
        <gx:coord>13.52668 51.13065 707.282</gx:coord>
        <when>2025-01-01T00:43:56.9131830Z</when>
        <gx:coord>13.531229 51.12859 704.234</gx:coord>
        <when>2025-01-01T00:44:01.9141830Z</when>
        <gx:coord>13.534255 51.127197 702.71</gx:coord>
        <when>2025-01-01T00:44:02.1211830Z</when>
        <gx:coord>13.535822 51.126553 702.71</gx:coord>
        <when>2025-01-01T00:44:06.9141830Z</when>
        <gx:coord>13.538976 51.125305 704.234</gx:coord>
        <when>2025-01-01T00:44:11.9131830Z</when>
        <gx:coord>13.542109 51.124043 705.758</gx:coord>
        <when>2025-01-01T00:44:16.9141830Z</when>
        <gx:coord>13.546808 51.122154 704.234</gx:coord>
        <when>2025-01-01T00:44:21.9141830Z</when>
        <gx:coord>13.549984 51.120953 704.234</gx:coord>
        <when>2025-01-01T00:44:26.9251830Z</when>
        <gx:coord>13.554854 51.119278 710.33</gx:coord>
        <when>2025-01-01T00:44:31.9141830Z</when>
        <gx:coord>13.558094 51.11814 713.378</gx:coord>
        <when>2025-01-01T00:44:32.1201830Z</when>
        <gx:coord>13.559704 51.11756 713.378</gx:coord>
        <when>2025-01-01T00:44:36.9131830Z</when>
        <gx:coord>13.5629225 51.116444 722.5221</gx:coord>
        <when>2025-01-01T00:44:41.9141830Z</when>
        <gx:coord>13.56612 51.115395 728.618</gx:coord>
        <when>2025-01-01T00:44:42.1241830Z</when>
        <gx:coord>13.56612 51.115395 728.618</gx:coord>
        <when>2025-01-01T00:44:46.9131830Z</when>
        <gx:coord>13.570797 51.11372 728.618</gx:coord>
        <when>2025-01-01T00:44:51.9141830Z</when>
        <gx:coord>13.573887 51.112583 730.142</gx:coord>
        <when>2025-01-01T00:44:56.9141830Z</when>
        <gx:coord>13.57848 51.110886 733.19</gx:coord>
        <when>2025-01-01T00:45:01.9141830Z</when>
        <gx:coord>13.581526 51.109688 733.19</gx:coord>
        <when>2025-01-01T00:45:02.1251830Z</when>
        <gx:coord>13.583071 51.109085 733.19</gx:coord>
        <when>2025-01-01T00:45:06.9141830Z</when>
        <gx:coord>13.586119 51.10782 734.714</gx:coord>
        <when>2025-01-01T00:45:10.1111830Z</when>
        <gx:coord>13.5877495 51.10726 731.666</gx:coord>
        <when>2025-01-01T00:45:11.9151830Z</when>
        <gx:coord>13.589487 51.106853 731.666</gx:coord>
        <when>2025-01-01T00:45:14.1101830Z</when>
        <gx:coord>13.591269 51.106617 733.19</gx:coord>
        <when>2025-01-01T00:45:16.9151830Z</when>
        <gx:coord>13.594788 51.106724 739.286</gx:coord>
        <when>2025-01-01T00:45:18.1051830Z</when>
        <gx:coord>13.594788 51.106724 739.286</gx:coord>
        <when>2025-01-01T00:45:21.9201830Z</when>
        <gx:coord>13.597984 51.10741 745.382</gx:coord>
        <when>2025-01-01T00:45:22.1161830Z</when>
        <gx:coord>13.597984 51.10741 745.382</gx:coord>
        <when>2025-01-01T00:45:22.1171830Z</when>
        <gx:coord>13.597984 51.10741 745.382</gx:coord>
        <when>2025-01-01T00:45:26.1341830Z</when>
        <gx:coord>13.600666 51.108482 748.43</gx:coord>
        <when>2025-01-01T00:45:26.1341830Z</when>
        <gx:coord>13.601826 51.109127 751.478</gx:coord>
        <when>2025-01-01T00:45:26.9431830Z</when>
        <gx:coord>13.601826 51.109127 751.478</gx:coord>
        <when>2025-01-01T00:45:30.1151830Z</when>
        <gx:coord>13.602856 51.109837 753.002</gx:coord>
        <when>2025-01-01T00:45:31.9151830Z</when>
        <gx:coord>13.603714 51.11063 753.002</gx:coord>
        <when>2025-01-01T00:45:34.1181830Z</when>
        <gx:coord>13.604379 51.11149 753.002</gx:coord>
        <when>2025-01-01T00:45:36.9151830Z</when>
        <gx:coord>13.605237 51.11329 754.526</gx:coord>
        <when>2025-01-01T00:45:38.1091830Z</when>
        <gx:coord>13.605237 51.11329 754.526</gx:coord>
        <when>2025-01-01T00:45:40.1111830Z</when>
        <gx:coord>13.605431 51.114235 754.526</gx:coord>
        <when>2025-01-01T00:45:41.9151830Z</when>
        <gx:coord>13.605452 51.11518 751.478</gx:coord>
        <when>2025-01-01T00:45:42.1171830Z</when>
        <gx:coord>13.605452 51.11518 751.478</gx:coord>
        <when>2025-01-01T00:45:44.1171830Z</when>
        <gx:coord>13.605301 51.11608 751.478</gx:coord>
        <when>2025-01-01T00:45:46.9151830Z</when>
        <gx:coord>13.604614 51.117817 756.05</gx:coord>
        <when>2025-01-01T00:45:48.1081830Z</when>
        <gx:coord>13.604614 51.117817 756.05</gx:coord>
        <when>2025-01-01T00:45:51.9161830Z</when>
        <gx:coord>13.603413 51.119343 760.622</gx:coord>
        <when>2025-01-01T00:45:52.1031830Z</when>
        <gx:coord>13.603413 51.119343 760.622</gx:coord>
        <when>2025-01-01T00:45:52.1041830Z</when>
        <gx:coord>13.603413 51.119343 760.622</gx:coord>
        <when>2025-01-01T00:45:56.1191830Z</when>
        <gx:coord>13.601632 51.120544 760.622</gx:coord>
        <when>2025-01-01T00:45:56.9151830Z</when>
        <gx:coord>13.600538 51.120995 757.5741</gx:coord>
        <when>2025-01-01T00:46:00.1241830Z</when>
        <gx:coord>13.599379 51.12136 756.05</gx:coord>
        <when>2025-01-01T00:46:01.9161830Z</when>
        <gx:coord>13.598113 51.121616 754.526</gx:coord>
        <when>2025-01-01T00:46:04.1141830Z</when>
        <gx:coord>13.596783 51.121765 756.05</gx:coord>
        <when>2025-01-01T00:46:06.9161830Z</when>
        <gx:coord>13.594079 51.121765 759.098</gx:coord>
        <when>2025-01-01T00:46:08.1141830Z</when>
        <gx:coord>13.594079 51.121765 759.098</gx:coord>
        <when>2025-01-01T00:46:11.9161830Z</when>
        <gx:coord>13.591396 51.121338 762.146</gx:coord>
        <when>2025-01-01T00:46:12.2461830Z</when>
        <gx:coord>13.591396 51.121338 762.146</gx:coord>
        <when>2025-01-01T00:46:16.0991830Z</when>
        <gx:coord>13.588865 51.1205 763.67</gx:coord>
        <when>2025-01-01T00:46:16.1021830Z</when>
        <gx:coord>13.588865 51.1205 763.67</gx:coord>
        <when>2025-01-01T00:46:16.9161830Z</when>
        <gx:coord>13.5877495 51.1199 765.19403</gx:coord>
        <when>2025-01-01T00:46:20.1151830Z</when>
        <gx:coord>13.5867405 51.11917 763.67</gx:coord>
        <when>2025-01-01T00:46:21.9161830Z</when>
        <gx:coord>13.585925 51.118332 762.146</gx:coord>
        <when>2025-01-01T00:46:24.1001830Z</when>
        <gx:coord>13.585281 51.11741 762.146</gx:coord>
        <when>2025-01-01T00:46:24.1001830Z</when>
        <gx:coord>13.585281 51.11741 762.146</gx:coord>
        <when>2025-01-01T00:46:26.9191830Z</when>
        <gx:coord>13.584358 51.115437 765.19403</gx:coord>
        <when>2025-01-01T00:46:31.9161830Z</when>
        <gx:coord>13.583328 51.11355 765.19403</gx:coord>
        <when>2025-01-01T00:46:32.1151830Z</when>
        <gx:coord>13.583328 51.11355 765.19403</gx:coord>
        <when>2025-01-01T00:46:34.1241830Z</when>
        <gx:coord>13.582621 51.112713 768.242</gx:coord>
        <when>2025-01-01T00:46:36.1121830Z</when>
        <gx:coord>13.581741 51.11196 769.766</gx:coord>
        <when>2025-01-01T00:46:36.9161830Z</when>
        <gx:coord>13.580711 51.11134 769.766</gx:coord>
        <when>2025-01-01T00:46:40.1081830Z</when>
        <gx:coord>13.579531 51.110825 763.67</gx:coord>
        <when>2025-01-01T00:46:41.9161830Z</when>
        <gx:coord>13.578222 51.110435 753.002</gx:coord>
        <when>2025-01-01T00:46:44.1081830Z</when>
        <gx:coord>13.576763 51.11018 742.334</gx:coord>
        <when>2025-01-01T00:46:47.0741830Z</when>
        <gx:coord>13.573673 51.11022 739.286</gx:coord>
        <when>2025-01-01T00:46:48.1181830Z</when>
        <gx:coord>13.573673 51.11022 739.286</gx:coord>
        <when>2025-01-01T00:46:51.9171830Z</when>
        <gx:coord>13.570733 51.11078 754.526</gx:coord>
        <when>2025-01-01T00:46:52.1181830Z</when>
        <gx:coord>13.570733 51.11078 754.526</gx:coord>
        <when>2025-01-01T00:46:56.9241830Z</when>
        <gx:coord>13.567085 51.112324 780.434</gx:coord>
        <when>2025-01-01T00:46:58.1121830Z</when>
        <gx:coord>13.567085 51.112324 780.434</gx:coord>
        <when>2025-01-01T00:47:01.9201830Z</when>
        <gx:coord>13.565046 51.113632 772.814</gx:coord>
        <when>2025-01-01T00:47:02.1141830Z</when>
        <gx:coord>13.565046 51.113632 772.814</gx:coord>
        <when>2025-01-01T00:47:02.1151830Z</when>
        <gx:coord>13.565046 51.113632 772.814</gx:coord>
        <when>2025-01-01T00:47:06.1161830Z</when>
        <gx:coord>13.563545 51.115288 759.098</gx:coord>
        <when>2025-01-01T00:47:06.9161830Z</when>
        <gx:coord>13.563051 51.11623 756.05</gx:coord>
        <when>2025-01-01T00:47:10.1151830Z</when>
        <gx:coord>13.562751 51.11724 753.002</gx:coord>
        <when>2025-01-01T00:47:10.1181830Z</when>
        <gx:coord>13.562751 51.11724 753.002</gx:coord>
        <when>2025-01-01T00:47:11.9421830Z</when>
        <gx:coord>13.562601 51.118248 753.002</gx:coord>
        <when>2025-01-01T00:47:12.1111830Z</when>
        <gx:coord>13.562601 51.118248 753.002</gx:coord>
        <when>2025-01-01T00:47:14.1221830Z</when>
        <gx:coord>13.562901 51.12033 753.002</gx:coord>
        <when>2025-01-01T00:47:16.1141830Z</when>
        <gx:coord>13.562901 51.12033 754.526</gx:coord>
        <when>2025-01-01T00:47:16.9161830Z</when>
        <gx:coord>13.563352 51.121338 756.05</gx:coord>
        <when>2025-01-01T00:47:20.1171830Z</when>
        <gx:coord>13.56406 51.122303 759.098</gx:coord>
        <when>2025-01-01T00:47:21.9171830Z</when>
        <gx:coord>13.5649605 51.123226 760.622</gx:coord>
        <when>2025-01-01T00:47:24.1201830Z</when>
        <gx:coord>13.566055 51.124084 765.19403</gx:coord>
        <when>2025-01-01T00:47:26.1191830Z</when>
        <gx:coord>13.567322 51.124836 768.242</gx:coord>
        <when>2025-01-01T00:47:26.9401830Z</when>
        <gx:coord>13.568716 51.125523 768.242</gx:coord>
        <when>2025-01-01T00:47:28.1141830Z</when>
        <gx:coord>13.568716 51.125523 768.242</gx:coord>
        <when>2025-01-01T00:47:31.9171830Z</when>
        <gx:coord>13.571849 51.12657 768.242</gx:coord>
        <when>2025-01-01T00:47:32.1141830Z</when>
        <gx:coord>13.571849 51.12657 768.242</gx:coord>
        <when>2025-01-01T00:47:36.1201830Z</when>
        <gx:coord>13.575346 51.12724 760.622</gx:coord>
        <when>2025-01-01T00:47:36.9171830Z</when>
        <gx:coord>13.577192 51.127388 754.526</gx:coord>
        <when>2025-01-01T00:47:38.1141830Z</when>
        <gx:coord>13.577192 51.127388 754.526</gx:coord>
        <when>2025-01-01T00:47:40.1081830Z</when>
        <gx:coord>13.579102 51.12741 746.906</gx:coord>
        <when>2025-01-01T00:47:42.4391830Z</when>
        <gx:coord>13.582964 51.127045 733.19</gx:coord>
        <when>2025-01-01T00:47:44.1141830Z</when>
        <gx:coord>13.582964 51.127045 733.19</gx:coord>
        <when>2025-01-01T00:47:46.9241830Z</when>
        <gx:coord>13.58659 51.12612 731.666</gx:coord>
        <when>2025-01-01T00:47:48.1191830Z</when>
        <gx:coord>13.58659 51.12612 731.666</gx:coord>
        <when>2025-01-01T00:47:48.1261830Z</when>
        <gx:coord>13.588264 51.12548 731.666</gx:coord>
        <when>2025-01-01T00:47:50.0941830Z</when>
        <gx:coord>13.588264 51.12548 731.666</gx:coord>
        <when>2025-01-01T00:47:51.9171830Z</when>
        <gx:coord>13.589809 51.12477 734.714</gx:coord>
        <when>2025-01-01T00:47:52.1121830Z</when>
        <gx:coord>13.589809 51.12477 734.714</gx:coord>
        <when>2025-01-01T00:47:56.1131830Z</when>
        <gx:coord>13.59234 51.12312 748.43</gx:coord>
        <when>2025-01-01T00:47:56.1131830Z</when>
        <gx:coord>13.59234 51.12312 748.43</gx:coord>
        <when>2025-01-01T00:47:56.9221830Z</when>
        <gx:coord>13.593328 51.122196 754.526</gx:coord>
        <when>2025-01-01T00:48:00.0971830Z</when>
        <gx:coord>13.594122 51.12123 757.5741</gx:coord>
        <when>2025-01-01T00:48:01.9171830Z</when>
        <gx:coord>13.594744 51.120243 760.622</gx:coord>
        <when>2025-01-01T00:48:04.1071830Z</when>
        <gx:coord>13.595173 51.119213 762.146</gx:coord>
        <when>2025-01-01T00:48:06.9181830Z</when>
        <gx:coord>13.595409 51.11713 757.5741</gx:coord>
        <when>2025-01-01T00:48:08.1141830Z</when>
        <gx:coord>13.595409 51.11713 757.5741</gx:coord>
        <when>2025-01-01T00:48:11.9181830Z</when>
        <gx:coord>13.59483 51.115093 751.478</gx:coord>
        <when>2025-01-01T00:48:12.1111830Z</when>
        <gx:coord>13.59483 51.115093 751.478</gx:coord>
        <when>2025-01-01T00:48:12.1121830Z</when>
        <gx:coord>13.59483 51.115093 751.478</gx:coord>
        <when>2025-01-01T00:48:16.1161830Z</when>
        <gx:coord>13.593414 51.11329 746.906</gx:coord>
        <when>2025-01-01T00:48:16.9221830Z</when>
        <gx:coord>13.592384 51.11252 742.334</gx:coord>
        <when>2025-01-01T00:48:18.1071830Z</when>
        <gx:coord>13.592384 51.11252 742.334</gx:coord>
        <when>2025-01-01T00:48:20.1001830Z</when>
        <gx:coord>13.591204 51.111874 737.762</gx:coord>
        <when>2025-01-01T00:48:21.9371830Z</when>
        <gx:coord>13.589851 51.111404 736.23804</gx:coord>
        <when>2025-01-01T00:48:24.1051830Z</when>
        <gx:coord>13.588436 51.111103 737.762</gx:coord>
        <when>2025-01-01T00:48:24.1071830Z</when>
        <gx:coord>13.588436 51.111103 737.762</gx:coord>
        <when>2025-01-01T00:48:26.1201830Z</when>
        <gx:coord>13.586311 51.11095 746.906</gx:coord>
        <when>2025-01-01T00:48:26.9231830Z</when>
        <gx:coord>13.585604 51.110996 749.954</gx:coord>
        <when>2025-01-01T00:48:30.1091830Z</when>
        <gx:coord>13.584272 51.111168 753.002</gx:coord>
        <when>2025-01-01T00:48:31.9181830Z</when>
        <gx:coord>13.583029 51.11149 746.906</gx:coord>
        <when>2025-01-01T00:48:34.1191830Z</when>
        <gx:coord>13.581891 51.11194 746.906</gx:coord>
        <when>2025-01-01T00:48:36.0991830Z</when>
        <gx:coord>13.580883 51.11252 740.81</gx:coord>
        <when>2025-01-01T00:48:36.9171830Z</when>
        <gx:coord>13.580046 51.11327 731.666</gx:coord>
        <when>2025-01-01T00:48:40.0971830Z</when>
        <gx:coord>13.579424 51.11413 722.5221</gx:coord>
        <when>2025-01-01T00:48:40.0991830Z</when>
        <gx:coord>13.579424 51.11413 722.5221</gx:coord>
        <when>2025-01-01T00:48:40.0991830Z</when>
        <gx:coord>13.579037 51.115093 713.378</gx:coord>
        <when>2025-01-01T00:48:41.9181830Z</when>
        <gx:coord>13.579037 51.115093 713.378</gx:coord>
        <when>2025-01-01T00:48:44.1211830Z</when>
        <gx:coord>13.578865 51.1161 707.282</gx:coord>
        <when>2025-01-01T00:48:46.1191830Z</when>
        <gx:coord>13.578973 51.117153 704.234</gx:coord>
        <when>2025-01-01T00:48:46.9231830Z</when>
        <gx:coord>13.579402 51.118183 704.234</gx:coord>
        <when>2025-01-01T00:48:48.1111830Z</when>
        <gx:coord>13.579402 51.118183 704.234</gx:coord>
        <when>2025-01-01T00:48:50.1171830Z</when>
        <gx:coord>13.580132 51.11917 707.282</gx:coord>
        <when>2025-01-01T00:48:51.9181830Z</when>
        <gx:coord>13.581097 51.12007 710.33</gx:coord>
        <when>2025-01-01T00:48:54.1171830Z</when>
        <gx:coord>13.582342 51.120842 710.33</gx:coord>
        <when>2025-01-01T00:48:56.9181830Z</when>
        <gx:coord>13.585453 51.121983 711.854</gx:coord>
        <when>2025-01-01T00:48:58.1131830Z</when>
        <gx:coord>13.585453 51.121983 711.854</gx:coord>
        <when>2025-01-01T00:49:00.1131830Z</when>
        <gx:coord>13.587276 51.12228 708.806</gx:coord>
        <when>2025-01-01T00:49:01.9191830Z</when>
        <gx:coord>13.589187 51.12241 705.758</gx:coord>
        <when>2025-01-01T00:49:02.1091830Z</when>
        <gx:coord>13.589187 51.12241 705.758</gx:coord>
        <when>2025-01-01T00:49:06.1031830Z</when>
        <gx:coord>13.593027 51.12211 704.234</gx:coord>
        <when>2025-01-01T00:49:06.9181830Z</when>
        <gx:coord>13.59483 51.121704 705.758</gx:coord>
        <when>2025-01-01T00:49:11.9191830Z</when>
        <gx:coord>13.598199 51.120564 708.806</gx:coord>
        <when>2025-01-01T00:49:12.1091830Z</when>
        <gx:coord>13.598199 51.120564 708.806</gx:coord>
        <when>2025-01-01T00:49:16.1151830Z</when>
        <gx:coord>13.601289 51.119213 714.90204</gx:coord>
        <when>2025-01-01T00:49:16.9191830Z</when>
        <gx:coord>13.602662 51.11844 716.426</gx:coord>
        <when>2025-01-01T00:49:20.1151830Z</when>
        <gx:coord>13.603864 51.11754 713.378</gx:coord>
        <when>2025-01-01T00:49:21.9191830Z</when>
        <gx:coord>13.604894 51.116573 710.33</gx:coord>
        <when>2025-01-01T00:49:26.1211830Z</when>
        <gx:coord>13.607834 51.113525 704.234</gx:coord>
        <when>2025-01-01T00:49:26.9251830Z</when>
        <gx:coord>13.607834 51.113525 702.71</gx:coord>
        <when>2025-01-01T00:49:31.9561830Z</when>
        <gx:coord>13.610151 51.111618 699.662</gx:coord>
        <when>2025-01-01T00:49:32.1071830Z</when>
        <gx:coord>13.610151 51.111618 699.662</gx:coord>
        <when>2025-01-01T00:49:36.9251830Z</when>
        <gx:coord>13.614464 51.109234 690.518</gx:coord>
        <when>2025-01-01T00:49:41.9191830Z</when>
        <gx:coord>13.617597 51.107777 687.47003</gx:coord>
        <when>2025-01-01T00:49:46.1141830Z</when>
        <gx:coord>13.62075 51.106316 690.518</gx:coord>
        <when>2025-01-01T00:49:46.9191830Z</when>
        <gx:coord>13.62236 51.10563 688.994</gx:coord>
        <when>2025-01-01T00:49:51.9191830Z</when>
        <gx:coord>13.625557 51.10432 685.946</gx:coord>
        <when>2025-01-01T00:49:54.1261830Z</when>
        <gx:coord>13.628626 51.10293 685.946</gx:coord>
        <when>2025-01-01T00:49:56.9201830Z</when>
        <gx:coord>13.630085 51.10222 701.1861</gx:coord>
        <when>2025-01-01T00:50:01.9191830Z</when>
        <gx:coord>13.6328745 51.10076 716.426</gx:coord>
        <when>2025-01-01T00:50:04.1161830Z</when>
        <gx:coord>13.634205 51.10003 719.474</gx:coord>
        <when>2025-01-01T00:50:06.9201830Z</when>
        <gx:coord>13.636823 51.098507 713.378</gx:coord>
        <when>2025-01-01T00:50:11.9191830Z</when>
        <gx:coord>13.639612 51.097027 708.806</gx:coord>
        <when>2025-01-01T00:50:16.1151830Z</when>
        <gx:coord>13.642573 51.095695 707.282</gx:coord>
        <when>2025-01-01T00:50:16.9201830Z</when>
        <gx:coord>13.644118 51.095074 707.282</gx:coord>
        <when>2025-01-01T00:50:21.9201830Z</when>
        <gx:coord>13.647337 51.093937 705.758</gx:coord>
        <when>2025-01-01T00:50:24.1281830Z</when>
        <gx:coord>13.650578 51.09282 702.71</gx:coord>
        <when>2025-01-01T00:50:26.9341830Z</when>
        <gx:coord>13.652229 51.09224 699.662</gx:coord>
        <when>2025-01-01T00:50:31.9201830Z</when>
        <gx:coord>13.65547 51.09102 693.566</gx:coord>
        <when>2025-01-01T00:50:36.9201830Z</when>
        <gx:coord>13.660212 51.089043 690.518</gx:coord>
        <when>2025-01-01T00:50:41.9211830Z</when>
        <gx:coord>13.663387 51.0878 692.042</gx:coord>
        <when>2025-01-01T00:50:46.9201830Z</when>
        <gx:coord>13.668301 51.086105 690.518</gx:coord>
        <when>2025-01-01T00:50:48.1151830Z</when>
        <gx:coord>13.669931 51.085503 682.898</gx:coord>
        <when>2025-01-01T00:50:51.9211830Z</when>
        <gx:coord>13.671584 51.084858 676.802</gx:coord>
        <when>2025-01-01T00:50:54.1281830Z</when>
        <gx:coord>13.674803 51.08353 673.754</gx:coord>
        <when>2025-01-01T00:50:56.9201830Z</when>
        <gx:coord>13.676369 51.082844 669.182</gx:coord>
        <when>2025-01-01T00:51:01.9211830Z</when>
        <gx:coord>13.679331 51.081406 676.802</gx:coord>
        <when>2025-01-01T00:51:06.9211830Z</when>
        <gx:coord>13.683772 51.079346 681.374</gx:coord>
        <when>2025-01-01T00:51:11.9211830Z</when>
        <gx:coord>13.686948 51.07812 678.326</gx:coord>
        <when>2025-01-01T00:51:16.9211830Z</when>
        <gx:coord>13.692012 51.07662 676.802</gx:coord>
        <when>2025-01-01T00:51:21.9211830Z</when>
        <gx:coord>13.695488 51.075718 678.326</gx:coord>
        <when>2025-01-01T00:51:24.1221830Z</when>
        <gx:coord>13.698921 51.074795 679.8501</gx:coord>
        <when>2025-01-01T00:51:26.9611830Z</when>
        <gx:coord>13.700595 51.07428 673.754</gx:coord>
        <when>2025-01-01T00:51:31.9211830Z</when>
        <gx:coord>13.70392 51.073143 672.23</gx:coord>
        <when>2025-01-01T00:51:36.9211830Z</when>
        <gx:coord>13.708899 51.071514 675.278</gx:coord>
        <when>2025-01-01T00:51:41.9221830Z</when>
        <gx:coord>13.712246 51.070484 676.802</gx:coord>
        <when>2025-01-01T00:51:46.9221830Z</when>
        <gx:coord>13.717224 51.06881 672.23</gx:coord>
        <when>2025-01-01T00:51:51.9221830Z</when>
        <gx:coord>13.72053 51.067585 666.1341</gx:coord>
        <when>2025-01-01T00:51:54.1251830Z</when>
        <gx:coord>13.723769 51.066277 664.61</gx:coord>
        <when>2025-01-01T00:51:56.9221830Z</when>
        <gx:coord>13.725443 51.065678 663.086</gx:coord>
        <when>2025-01-01T00:52:01.9211830Z</when>
        <gx:coord>13.72879 51.064476 666.1341</gx:coord>
        <when>2025-01-01T00:52:06.9221830Z</when>
        <gx:coord>13.733618 51.062588 673.754</gx:coord>
        <when>2025-01-01T00:52:11.9221830Z</when>
        <gx:coord>13.736837 51.061405 672.23</gx:coord>
        <when>2025-01-01T00:52:16.9221830Z</when>
        <gx:coord>13.741579 51.059563 666.1341</gx:coord>
        <when>2025-01-01T00:52:20.1211830Z</when>
        <gx:coord>13.742973 51.05881 664.61</gx:coord>
        <when>2025-01-01T00:52:21.9221830Z</when>
        <gx:coord>13.744175 51.05793 661.562</gx:coord>
        <when>2025-01-01T00:52:24.1071830Z</when>
        <gx:coord>13.745163 51.056965 658.51404</gx:coord>
        <when>2025-01-01T00:52:24.1141830Z</when>
        <gx:coord>13.745828 51.055912 658.51404</gx:coord>
        <when>2025-01-01T00:52:26.1151830Z</when>
        <gx:coord>13.745828 51.055912 660.038</gx:coord>
        <when>2025-01-01T00:52:26.9341830Z</when>
        <gx:coord>13.746128 51.05484 664.61</gx:coord>
        <when>2025-01-01T00:52:28.1141830Z</when>
        <gx:coord>13.746128 51.05484 664.61</gx:coord>
        <when>2025-01-01T00:52:31.9281830Z</when>
        <gx:coord>13.745871 51.052757 678.326</gx:coord>
        <when>2025-01-01T00:52:32.1201830Z</when>
        <gx:coord>13.745871 51.052757 678.326</gx:coord>
        <when>2025-01-01T00:52:32.1221830Z</when>
        <gx:coord>13.745871 51.052757 678.326</gx:coord>
        <when>2025-01-01T00:52:36.1231830Z</when>
        <gx:coord>13.744583 51.050957 688.994</gx:coord>
        <when>2025-01-01T00:52:36.9221830Z</when>
        <gx:coord>13.743639 51.050205 690.518</gx:coord>
        <when>2025-01-01T00:52:40.1201830Z</when>
        <gx:coord>13.742566 51.04954 690.518</gx:coord>
        <when>2025-01-01T00:52:41.9231830Z</when>
        <gx:coord>13.741386 51.04898 688.994</gx:coord>
        <when>2025-01-01T00:52:44.1191830Z</when>
        <gx:coord>13.740099 51.048553 687.47003</gx:coord>
        <when>2025-01-01T00:52:46.1141830Z</when>
        <gx:coord>13.738726 51.048275 685.946</gx:coord>
        <when>2025-01-01T00:52:46.9231830Z</when>
        <gx:coord>13.7373085 51.048145 685.946</gx:coord>
        <when>2025-01-01T00:52:48.1141830Z</when>
        <gx:coord>13.7373085 51.048145 685.946</gx:coord>
        <when>2025-01-01T00:52:50.1191830Z</when>
        <gx:coord>13.735893 51.048187 687.47003</gx:coord>
        <when>2025-01-01T00:52:51.9231830Z</when>
        <gx:coord>13.734541 51.04838 688.994</gx:coord>
        <when>2025-01-01T00:52:52.1191830Z</when>
        <gx:coord>13.734541 51.04838 688.994</gx:coord>
        <when>2025-01-01T00:52:54.1181830Z</when>
        <gx:coord>13.733296 51.048767 690.518</gx:coord>
        <when>2025-01-01T00:52:56.1091830Z</when>
        <gx:coord>13.732203 51.049282 692.042</gx:coord>
        <when>2025-01-01T00:52:56.9221830Z</when>
        <gx:coord>13.731258 51.04995 693.566</gx:coord>
        <when>2025-01-01T00:52:58.1191830Z</when>
        <gx:coord>13.731258 51.04995 693.566</gx:coord>
        <when>2025-01-01T00:53:00.1161830Z</when>
        <gx:coord>13.730528 51.05072 692.042</gx:coord>
        <when>2025-01-01T00:53:01.9231830Z</when>
        <gx:coord>13.730035 51.05158 688.994</gx:coord>
        <when>2025-01-01T00:53:02.1001830Z</when>
        <gx:coord>13.730035 51.05158 688.994</gx:coord>
        <when>2025-01-01T00:53:04.1171830Z</when>
        <gx:coord>13.729799 51.05252 685.946</gx:coord>
        <when>2025-01-01T00:53:06.1131830Z</when>
        <gx:coord>13.729841 51.05349 681.374</gx:coord>
        <when>2025-01-01T00:53:06.1131830Z</when>
        <gx:coord>13.729841 51.05349 681.374</gx:coord>
        <when>2025-01-01T00:53:06.9231830Z</when>
        <gx:coord>13.73027 51.054455 681.374</gx:coord>
        <when>2025-01-01T00:53:08.1161830Z</when>
        <gx:coord>13.73027 51.054455 681.374</gx:coord>
        <when>2025-01-01T00:53:11.9591830Z</when>
        <gx:coord>13.732052 51.05617 690.518</gx:coord>
        <when>2025-01-01T00:53:12.1161830Z</when>
        <gx:coord>13.732052 51.05617 690.518</gx:coord>
        <when>2025-01-01T00:53:16.1151830Z</when>
        <gx:coord>13.734692 51.057392 701.1861</gx:coord>
        <when>2025-01-01T00:53:16.9231830Z</when>
        <gx:coord>13.736237 51.05778 704.234</gx:coord>
        <when>2025-01-01T00:53:20.1151830Z</when>
        <gx:coord>13.737845 51.05806 705.758</gx:coord>
        <when>2025-01-01T00:53:21.9231830Z</when>
        <gx:coord>13.739498 51.05825 704.234</gx:coord>
        <when>2025-01-01T00:53:24.1181830Z</when>
        <gx:coord>13.741193 51.05834 701.1861</gx:coord>
        <when>2025-01-01T00:53:24.1191830Z</when>
        <gx:coord>13.741193 51.05834 701.1861</gx:coord>
        <when>2025-01-01T00:53:26.9341830Z</when>
        <gx:coord>13.744669 51.058167 690.518</gx:coord>
        <when>2025-01-01T00:53:30.1131830Z</when>
        <gx:coord>13.7464285 51.057953 684.422</gx:coord>
        <when>2025-01-01T00:53:31.9231830Z</when>
        <gx:coord>13.748167 51.05765 681.374</gx:coord>
        <when>2025-01-01T00:53:36.9231830Z</when>
        <gx:coord>13.753209 51.056408 681.844</gx:coord>
        <when>2025-01-01T00:53:38.1171830Z</when>
        <gx:coord>13.753209 51.056408 681.844</gx:coord>
        <when>2025-01-01T00:53:41.9241830Z</when>
        <gx:coord>13.756385 51.055355 686.41595</gx:coord>
        <when>2025-01-01T00:53:46.9231830Z</when>
        <gx:coord>13.761084 51.053894 694.03595</gx:coord>
        <when>2025-01-01T00:53:51.9241830Z</when>
        <gx:coord>13.7641735 51.05293 698.60803</gx:coord>
        <when>2025-01-01T00:53:56.9241830Z</when>
        <gx:coord>13.768787 51.051556 709.276</gx:coord>
        <when>2025-01-01T00:54:00.1101830Z</when>
        <gx:coord>13.771812 51.05059 709.276</gx:coord>
        <when>2025-01-01T00:54:01.9241830Z</when>
        <gx:coord>13.771812 51.05059 710.8</gx:coord>
        <when>2025-01-01T00:54:04.1271830Z</when>
        <gx:coord>13.774796 51.04956 713.848</gx:coord>
        <when>2025-01-01T00:54:06.9231830Z</when>
        <gx:coord>13.776255 51.049026 716.896</gx:coord>
        <when>2025-01-01T00:54:11.9241830Z</when>
        <gx:coord>13.779152 51.04795 726.04004</gx:coord>
        <when>2025-01-01T00:54:16.9241830Z</when>
        <gx:coord>13.783379 51.04632 739.756</gx:coord>
        <when>2025-01-01T00:54:21.9241830Z</when>
        <gx:coord>13.786383 51.04542 741.28</gx:coord>
        <when>2025-01-01T00:54:22.1191830Z</when>
        <gx:coord>13.786383 51.04542 741.28</gx:coord>
        <when>2025-01-01T00:54:26.9241830Z</when>
        <gx:coord>13.791232 51.044605 742.80396</gx:coord>
        <when>2025-01-01T00:54:28.1201830Z</when>
        <gx:coord>13.792863 51.04437 744.328</gx:coord>
        <when>2025-01-01T00:54:31.9241830Z</when>
        <gx:coord>13.794494 51.044113 745.852</gx:coord>
        <when>2025-01-01T00:54:32.1251830Z</when>
        <gx:coord>13.796103 51.04381 745.852</gx:coord>
        <when>2025-01-01T00:54:36.9241830Z</when>
        <gx:coord>13.799278 51.043167 751.948</gx:coord>
        <when>2025-01-01T00:54:41.9241830Z</when>
        <gx:coord>13.802498 51.042587 748.9</gx:coord>
        <when>2025-01-01T00:54:46.9251830Z</when>
        <gx:coord>13.80754 51.041836 738.232</gx:coord>
        <when>2025-01-01T00:54:51.9241830Z</when>
        <gx:coord>13.81093 51.041214 736.70795</gx:coord>
        <when>2025-01-01T00:54:56.9251830Z</when>
        <gx:coord>13.815951 51.04012 745.852</gx:coord>
        <when>2025-01-01T00:55:01.9241830Z</when>
        <gx:coord>13.819235 51.039368 742.80396</gx:coord>
        <when>2025-01-01T00:55:04.1241830Z</when>
        <gx:coord>13.822453 51.03849 741.28</gx:coord>
        <when>2025-01-01T00:55:06.1091830Z</when>
        <gx:coord>13.822453 51.03849 739.756</gx:coord>
        <when>2025-01-01T00:55:13.3181830Z</when>
        <gx:coord>13.826766 51.036495 729.08795</gx:coord>
        <when>2025-01-01T00:55:13.8331830Z</when>
        <gx:coord>13.828032 51.03568 722.992</gx:coord>
        <when>2025-01-01T00:55:18.1131830Z</when>
        <gx:coord>13.831487 51.03304 713.848</gx:coord>
        <when>2025-01-01T00:55:18.8341830Z</when>
        <gx:coord>13.831487 51.03304 713.848</gx:coord>
        <when>2025-01-01T00:55:20.1181830Z</when>
        <gx:coord>13.831487 51.03304 713.848</gx:coord>
        <when>2025-01-01T00:55:23.8341830Z</when>
        <gx:coord>13.833353 51.031086 726.04004</gx:coord>
        <when>2025-01-01T00:55:28.8341830Z</when>
        <gx:coord>13.835972 51.028168 730.612</gx:coord>
        <when>2025-01-01T00:55:32.1181830Z</when>
        <gx:coord>13.837023 51.027245 729.08795</gx:coord>
        <when>2025-01-01T00:55:33.8341830Z</when>
        <gx:coord>13.8381815 51.026386 727.564</gx:coord>
        <when>2025-01-01T00:55:34.1161830Z</when>
        <gx:coord>13.839469 51.025593 727.564</gx:coord>
        <when>2025-01-01T00:55:36.1191830Z</when>
        <gx:coord>13.839469 51.025593 724.516</gx:coord>
        <when>2025-01-01T00:55:38.8341830Z</when>
        <gx:coord>13.842473 51.02426 724.516</gx:coord>
        <when>2025-01-01T00:55:40.1151830Z</when>
        <gx:coord>13.842473 51.02426 724.516</gx:coord>
        <when>2025-01-01T00:55:43.8341830Z</when>
        <gx:coord>13.8457775 51.02336 733.66003</gx:coord>
        <when>2025-01-01T00:55:44.1101830Z</when>
        <gx:coord>13.8457775 51.02336 733.66003</gx:coord>
        <when>2025-01-01T00:55:46.1091830Z</when>
        <gx:coord>13.849211 51.022934 747.37604</gx:coord>
        <when>2025-01-01T00:55:48.8341830Z</when>
        <gx:coord>13.850906 51.022804 750.42395</gx:coord>
        <when>2025-01-01T00:55:53.8351830Z</when>
        <gx:coord>13.854296 51.022484 759.568</gx:coord>
        <when>2025-01-01T00:55:58.8341830Z</when>
        <gx:coord>13.859274 51.021732 765.664</gx:coord>
        <when>2025-01-01T00:56:02.1161830Z</when>
        <gx:coord>13.860927 51.021408 764.13995</gx:coord>
        <when>2025-01-01T00:56:03.8351830Z</when>
        <gx:coord>13.8625145 51.02098 758.044</gx:coord>
        <when>2025-01-01T00:56:06.1201830Z</when>
        <gx:coord>13.865604 51.019863 754.99603</gx:coord>
        <when>2025-01-01T00:56:08.1101830Z</when>
        <gx:coord>13.865604 51.019863 751.948</gx:coord>
        <when>2025-01-01T00:56:08.8351830Z</when>
        <gx:coord>13.867043 51.019176 751.948</gx:coord>
        <when>2025-01-01T00:56:13.8501830Z</when>
        <gx:coord>13.869617 51.017612 748.9</gx:coord>
        <when>2025-01-01T00:56:16.1231830Z</when>
        <gx:coord>13.87084 51.016773 748.9</gx:coord>
        <when>2025-01-01T00:56:18.8351830Z</when>
        <gx:coord>13.873029 51.015015 754.99603</gx:coord>
        <when>2025-01-01T00:56:23.8351830Z</when>
        <gx:coord>13.874939 51.01319 768.71204</gx:coord>
        <when>2025-01-01T00:56:26.1141830Z</when>
        <gx:coord>13.875797 51.012245 771.75995</gx:coord>
        <when>2025-01-01T00:56:28.8351830Z</when>
        <gx:coord>13.877234 51.010292 771.75995</gx:coord>
        <when>2025-01-01T00:56:33.8351830Z</when>
        <gx:coord>13.878436 51.008278 764.13995</gx:coord>
        <when>2025-01-01T00:56:38.1221830Z</when>
        <gx:coord>13.88026 51.005165 756.52</gx:coord>
        <when>2025-01-01T00:56:38.8351830Z</when>
        <gx:coord>13.88026 51.005165 754.99603</gx:coord>
        <when>2025-01-01T00:56:43.8351830Z</when>
        <gx:coord>13.881397 51.003063 759.568</gx:coord>
        <when>2025-01-01T00:56:48.8351830Z</when>
        <gx:coord>13.883414 50.999992 764.13995</gx:coord>
        <when>2025-01-01T00:56:53.8351830Z</when>
        <gx:coord>13.88526 50.998085 771.75995</gx:coord>
        <when>2025-01-01T00:56:54.1091830Z</when>
        <gx:coord>13.88526 50.998085 771.75995</gx:coord>
        <when>2025-01-01T00:56:54.1091830Z</when>
        <gx:coord>13.886375 50.997246 777.856</gx:coord>
        <when>2025-01-01T00:56:58.8391830Z</when>
        <gx:coord>13.888929 50.995766 780.904</gx:coord>
        <when>2025-01-01T00:57:00.1031830Z</when>
        <gx:coord>13.888929 50.995766 780.904</gx:coord>
        <when>2025-01-01T00:57:03.8351830Z</when>
        <gx:coord>13.891826 50.994545 779.38</gx:coord>
        <when>2025-01-01T00:57:06.1191830Z</when>
        <gx:coord>13.893393 50.99405 777.856</gx:coord>
        <when>2025-01-01T00:57:08.8351830Z</when>
        <gx:coord>13.896696 50.993214 779.38</gx:coord>
        <when>2025-01-01T00:57:10.1191830Z</when>
        <gx:coord>13.898371 50.992847 779.38</gx:coord>
        <when>2025-01-01T00:57:13.8451830Z</when>
        <gx:coord>13.900065 50.992462 776.33203</gx:coord>
        <when>2025-01-01T00:57:18.8351830Z</when>
        <gx:coord>13.905151 50.991302 776.33203</gx:coord>
        <when>2025-01-01T00:57:22.1271830Z</when>
        <gx:coord>13.90852 50.990467 779.38</gx:coord>
        <when>2025-01-01T00:57:23.8361830Z</when>
        <gx:coord>13.90852 50.990467 782.42804</gx:coord>
        <when>2025-01-01T00:57:28.8361830Z</when>
        <gx:coord>13.913412 50.989243 794.62</gx:coord>
        <when>2025-01-01T00:57:33.8361830Z</when>
        <gx:coord>13.916674 50.98843 787</gx:coord>
        <when>2025-01-01T00:57:38.8361830Z</when>
        <gx:coord>13.921738 50.98727 780.904</gx:coord>
        <when>2025-01-01T00:57:40.1291830Z</when>
        <gx:coord>13.923433 50.98684 780.904</gx:coord>
        <when>2025-01-01T00:57:43.8371830Z</when>
        <gx:coord>13.925106 50.986435 783.952</gx:coord>
        <when>2025-01-01T00:57:48.8361830Z</when>
        <gx:coord>13.930084 50.985104 788.524</gx:coord>
        <when>2025-01-01T00:57:53.8361830Z</when>
        <gx:coord>13.933325 50.984074 793.09595</gx:coord>
        <when>2025-01-01T00:57:58.8361830Z</when>
        <gx:coord>13.9380455 50.982506 797.668</gx:coord>
        <when>2025-01-01T00:58:03.8361830Z</when>
        <gx:coord>13.941135 50.981434 803.76404</gx:coord>
        <when>2025-01-01T00:58:08.8361830Z</when>
        <gx:coord>13.945791 50.979717 797.668</gx:coord>
        <when>2025-01-01T00:58:10.1311830Z</when>
        <gx:coord>13.947336 50.979115 797.668</gx:coord>
        <when>2025-01-01T00:58:13.8421830Z</when>
        <gx:coord>13.948881 50.978493 791.572</gx:coord>
        <when>2025-01-01T00:58:14.1201830Z</when>
        <gx:coord>13.948881 50.978493 791.572</gx:coord>
        <when>2025-01-01T00:58:18.8361830Z</when>
        <gx:coord>13.953344 50.97648 791.572</gx:coord>
        <when>2025-01-01T00:58:23.8361830Z</when>
        <gx:coord>13.956242 50.975018 785.47595</gx:coord>
        <when>2025-01-01T00:58:28.1181830Z</when>
        <gx:coord>13.959031 50.97345 779.38</gx:coord>
        <when>2025-01-01T00:58:28.8361830Z</when>
        <gx:coord>13.960426 50.972656 777.856</gx:coord>
        <when>2025-01-01T00:58:33.8361830Z</when>
        <gx:coord>13.963301 50.971092 774.808</gx:coord>
        <when>2025-01-01T00:58:38.8371830Z</when>
        <gx:coord>13.967743 50.968815 765.664</gx:coord>
        <when>2025-01-01T00:58:40.1301830Z</when>
        <gx:coord>13.969245 50.968063 765.664</gx:coord>
        <when>2025-01-01T00:58:43.8361830Z</when>
        <gx:coord>13.970768 50.967316 759.568</gx:coord>
        <when>2025-01-01T00:58:48.8371830Z</when>
        <gx:coord>13.975231 50.96504 762.616</gx:coord>
        <when>2025-01-01T00:58:53.8371830Z</when>
        <gx:coord>13.978043 50.96345 761.092</gx:coord>
        <when>2025-01-01T00:58:58.8371830Z</when>
        <gx:coord>13.982463 50.96122 753.472</gx:coord>
        <when>2025-01-01T00:59:03.8371830Z</when>
        <gx:coord>13.985724 50.959953 748.9</gx:coord>
        <when>2025-01-01T00:59:04.1141830Z</when>
        <gx:coord>13.987441 50.959396 747.37604</gx:coord>
        <when>2025-01-01T00:59:08.1271830Z</when>
        <gx:coord>13.990831 50.95826 745.852</gx:coord>
        <when>2025-01-01T00:59:08.8371830Z</when>
        <gx:coord>13.990831 50.95826 744.328</gx:coord>
        <when>2025-01-01T00:59:13.8361830Z</when>
        <gx:coord>13.994158 50.957035 739.756</gx:coord>
        <when>2025-01-01T00:59:18.8371830Z</when>
        <gx:coord>13.999028 50.955147 732.136</gx:coord>
        <when>2025-01-01T00:59:23.8371830Z</when>
        <gx:coord>14.002182 50.95382 738.232</gx:coord>
        <when>2025-01-01T00:59:28.8371830Z</when>
        <gx:coord>14.006903 50.951885 730.612</gx:coord>
        <when>2025-01-01T00:59:33.8371830Z</when>
        <gx:coord>14.010078 50.950577 718.42</gx:coord>
        <when>2025-01-01T00:59:34.1201830Z</when>
        <gx:coord>14.011709 50.949932 715.37195</gx:coord>
        <when>2025-01-01T00:59:36.1281830Z</when>
        <gx:coord>14.013362 50.94931 715.37195</gx:coord>
        <when>2025-01-01T00:59:38.8371830Z</when>
        <gx:coord>14.015036 50.94867 704.704</gx:coord>
        <when>2025-01-01T00:59:43.8371830Z</when>
        <gx:coord>14.018362 50.947445 707.75195</gx:coord>
        <when>2025-01-01T00:59:48.8371830Z</when>
        <gx:coord>14.023382 50.94577 712.32404</gx:coord>
        <when>2025-01-01T00:59:53.8381830Z</when>
        <gx:coord>14.026859 50.944782 709.276</gx:coord>
        <when>2025-01-01T00:59:58.1171830Z</when>
        <gx:coord>14.030378 50.943817 703.18</gx:coord>
        <when>2025-01-01T00:59:58.8381830Z</when>
        <gx:coord>14.032159 50.943344 703.18</gx:coord>
        <when>2025-01-01T01:00:03.8371830Z</when>
        <gx:coord>14.035764 50.94249 706.228</gx:coord>
        <when>2025-01-01T01:00:04.1271830Z</when>
        <gx:coord>14.037544 50.9421 706.228</gx:coord>
        <when>2025-01-01T01:00:08.8381830Z</when>
        <gx:coord>14.041107 50.941284 704.704</gx:coord>
        <when>2025-01-01T01:00:13.8531830Z</when>
        <gx:coord>14.044647 50.94047 704.704</gx:coord>
        <when>2025-01-01T01:00:18.8381830Z</when>
        <gx:coord>14.049969 50.939335 707.75195</gx:coord>
        <when>2025-01-01T01:00:23.8371830Z</when>
        <gx:coord>14.053445 50.93856 706.228</gx:coord>
        <when>2025-01-01T01:00:28.8381830Z</when>
        <gx:coord>14.058723 50.937447 709.276</gx:coord>
        <when>2025-01-01T01:00:33.8381830Z</when>
        <gx:coord>14.062222 50.936695 710.8</gx:coord>
        <when>2025-01-01T01:00:34.1281830Z</when>
        <gx:coord>14.063894 50.936245 710.8</gx:coord>
        <when>2025-01-01T01:00:38.8381830Z</when>
        <gx:coord>14.067178 50.93515 706.228</gx:coord>
        <when>2025-01-01T01:00:40.1231830Z</when>
        <gx:coord>14.067178 50.93515 706.228</gx:coord>
        <when>2025-01-01T01:00:43.8381830Z</when>
        <gx:coord>14.070204 50.933796 698.60803</gx:coord>
        <when>2025-01-01T01:00:48.1161830Z</when>
        <gx:coord>14.072992 50.93223 695.56</gx:coord>
        <when>2025-01-01T01:00:48.8441830Z</when>
        <gx:coord>14.07428 50.931393 694.03595</gx:coord>
        <when>2025-01-01T01:00:53.8381830Z</when>
        <gx:coord>14.076748 50.929634 692.512</gx:coord>
        <when>2025-01-01T01:00:58.8381830Z</when>
        <gx:coord>14.080503 50.92706 692.512</gx:coord>
        <when>2025-01-01T01:01:03.8381830Z</when>
        <gx:coord>14.083164 50.92545 690.98804</gx:coord>
        <when>2025-01-01T01:01:04.1271830Z</when>
        <gx:coord>14.084473 50.924637 690.98804</gx:coord>
        <when>2025-01-01T01:01:08.8381830Z</when>
        <gx:coord>14.086811 50.922874 703.18</gx:coord>
        <when>2025-01-01T01:01:10.0981830Z</when>
        <gx:coord>14.086811 50.922874 703.18</gx:coord>
        <when>2025-01-01T01:01:12.1171830Z</when>
        <gx:coord>14.087777 50.92195 707.75195</gx:coord>
        <when>2025-01-01T01:01:13.8501830Z</when>
        <gx:coord>14.088593 50.92101 713.848</gx:coord>
        <when>2025-01-01T01:01:14.1171830Z</when>
        <gx:coord>14.088593 50.92101 713.848</gx:coord>
        <when>2025-01-01T01:01:18.1161830Z</when>
        <gx:coord>14.0896435 50.919056 724.516</gx:coord>
        <when>2025-01-01T01:01:18.1161830Z</when>
        <gx:coord>14.0896435 50.919056 724.516</gx:coord>
        <when>2025-01-01T01:01:18.8441830Z</when>
        <gx:coord>14.089859 50.91809 727.564</gx:coord>
        <when>2025-01-01T01:01:22.1181830Z</when>
        <gx:coord>14.089923 50.917126 727.564</gx:coord>
        <when>2025-01-01T01:01:23.8391830Z</when>
        <gx:coord>14.089773 50.91616 716.896</gx:coord>
        <when>2025-01-01T01:01:26.1181830Z</when>
        <gx:coord>14.089451 50.915237 715.37195</gx:coord>
        <when>2025-01-01T01:01:28.8391830Z</when>
        <gx:coord>14.088249 50.91352 712.32404</gx:coord>
        <when>2025-01-01T01:01:30.0971830Z</when>
        <gx:coord>14.088249 50.91352 712.32404</gx:coord>
        <when>2025-01-01T01:01:33.8391830Z</when>
        <gx:coord>14.086468 50.911976 712.32404</gx:coord>
        <when>2025-01-01T01:01:36.1131830Z</when>
        <gx:coord>14.085396 50.91129 715.37195</gx:coord>
        <when>2025-01-01T01:01:38.8391830Z</when>
        <gx:coord>14.083056 50.910065 729.08795</gx:coord>
        <when>2025-01-01T01:01:42.1181830Z</when>
        <gx:coord>14.081833 50.90953 730.612</gx:coord>
        <when>2025-01-01T01:01:43.8391830Z</when>
        <gx:coord>14.080545 50.909035 730.612</gx:coord>
        <when>2025-01-01T01:01:46.1221830Z</when>
        <gx:coord>14.07795 50.908264 733.66003</gx:coord>
        <when>2025-01-01T01:01:48.1181830Z</when>
        <gx:coord>14.07795 50.908264 735.184</gx:coord>
        <when>2025-01-01T01:01:48.8391830Z</when>
        <gx:coord>14.076641 50.90794 736.70795</gx:coord>
        <when>2025-01-01T01:01:50.1231830Z</when>
        <gx:coord>14.076641 50.90794 736.70795</gx:coord>
        <when>2025-01-01T01:01:53.8391830Z</when>
        <gx:coord>14.07398 50.907513 739.756</gx:coord>
        <when>2025-01-01T01:01:56.1041830Z</when>
        <gx:coord>14.072628 50.907406 741.28</gx:coord>
        <when>2025-01-01T01:01:58.8431830Z</when>
        <gx:coord>14.069924 50.90736 744.328</gx:coord>
        <when>2025-01-01T01:02:02.1171830Z</when>
        <gx:coord>14.068594 50.907425 744.328</gx:coord>
        <when>2025-01-01T01:02:03.8391830Z</when>
        <gx:coord>14.067264 50.90753 744.328</gx:coord>
        <when>2025-01-01T01:02:08.8391830Z</when>
        <gx:coord>14.063187 50.90794 738.232</gx:coord>
        <when>2025-01-01T01:02:13.8461830Z</when>
        <gx:coord>14.060375 50.90824 735.184</gx:coord>
        <when>2025-01-01T01:02:18.8391830Z</when>
        <gx:coord>14.056234 50.908886 735.184</gx:coord>
        <when>2025-01-01T01:02:20.1161830Z</when>
        <gx:coord>14.056234 50.908886 735.184</gx:coord>
        <when>2025-01-01T01:02:23.8401830Z</when>
        <gx:coord>14.053702 50.90959 742.80396</gx:coord>
        <when>2025-01-01T01:02:24.1201830Z</when>
        <gx:coord>14.053702 50.90959 742.80396</gx:coord>
        <when>2025-01-01T01:02:24.1201830Z</when>
        <gx:coord>14.0526085 50.910107 745.852</gx:coord>
        <when>2025-01-01T01:02:26.1311830Z</when>
        <gx:coord>14.051664 50.91071 745.852</gx:coord>
        <when>2025-01-01T01:02:28.1181830Z</when>
        <gx:coord>14.051664 50.91071 747.37604</gx:coord>
        <when>2025-01-01T01:02:28.8401830Z</when>
        <gx:coord>14.05087 50.911415 748.9</gx:coord>
        <when>2025-01-01T01:02:32.1251830Z</when>
        <gx:coord>14.050247 50.912167 748.9</gx:coord>
        <when>2025-01-01T01:02:33.8401830Z</when>
        <gx:coord>14.049797 50.913006 745.852</gx:coord>
        <when>2025-01-01T01:02:36.1201830Z</when>
        <gx:coord>14.04954 50.913906 742.80396</gx:coord>
        <when>2025-01-01T01:02:38.1141830Z</when>
        <gx:coord>14.049433 50.91485 738.232</gx:coord>
        <when>2025-01-01T01:02:38.8401830Z</when>
        <gx:coord>14.049519 50.915794 735.184</gx:coord>
        <when>2025-01-01T01:02:40.1191830Z</when>
        <gx:coord>14.049519 50.915794 735.184</gx:coord>
        <when>2025-01-01T01:02:43.8421830Z</when>
        <gx:coord>14.050076 50.917747 730.612</gx:coord>
        <when>2025-01-01T01:02:44.1281830Z</when>
        <gx:coord>14.050076 50.917747 730.612</gx:coord>
        <when>2025-01-01T01:02:48.8401830Z</when>
        <gx:coord>14.051493 50.920685 727.564</gx:coord>
        <when>2025-01-01T01:02:53.8401830Z</when>
        <gx:coord>14.052523 50.92262 729.08795</gx:coord>
        <when>2025-01-01T01:02:58.8401830Z</when>
        <gx:coord>14.054003 50.925514 729.08795</gx:coord>
        <when>2025-01-01T01:03:02.1231830Z</when>
        <gx:coord>14.055033 50.927425 729.08795</gx:coord>
        <when>2025-01-01T01:03:03.8391830Z</when>
        <gx:coord>14.055033 50.927425 726.04004</gx:coord>
        <when>2025-01-01T01:03:08.1231830Z</when>
        <gx:coord>14.0566635 50.93032 712.32404</gx:coord>
        <when>2025-01-01T01:03:08.8401830Z</when>
        <gx:coord>14.0566635 50.93032 712.32404</gx:coord>
        <when>2025-01-01T01:03:13.8401830Z</when>
        <gx:coord>14.057779 50.932274 706.228</gx:coord>
        <when>2025-01-01T01:03:18.8401830Z</when>
        <gx:coord>14.05896 50.935215 706.228</gx:coord>
        <when>2025-01-01T01:03:20.1201830Z</when>
        <gx:coord>14.05896 50.935215 706.228</gx:coord>
        <when>2025-01-01T01:03:22.1201830Z</when>
        <gx:coord>14.059024 50.93618 707.75195</gx:coord>
        <when>2025-01-01T01:03:23.8401830Z</when>
        <gx:coord>14.058938 50.937103 707.75195</gx:coord>
        <when>2025-01-01T01:03:28.1121830Z</when>
        <gx:coord>14.058401 50.938927 707.75195</gx:coord>
        <when>2025-01-01T01:03:28.8401830Z</when>
        <gx:coord>14.057994 50.939785 707.75195</gx:coord>
        <when>2025-01-01T01:03:33.8401830Z</when>
        <gx:coord>14.057221 50.941544 707.75195</gx:coord>
        <when>2025-01-01T01:03:38.1251830Z</when>
        <gx:coord>14.056128 50.944183 706.228</gx:coord>
        <when>2025-01-01T01:03:38.8411830Z</when>
        <gx:coord>14.056128 50.944183 706.228</gx:coord>
        <when>2025-01-01T01:03:43.8401830Z</when>
        <gx:coord>14.055376 50.945942 703.18</gx:coord>
        <when>2025-01-01T01:03:48.8401830Z</when>
        <gx:coord>14.05426 50.94858 700.132</gx:coord>
        <when>2025-01-01T01:03:53.8411830Z</when>
        <gx:coord>14.053509 50.950386 700.132</gx:coord>
        <when>2025-01-01T01:03:56.1281830Z</when>
        <gx:coord>14.053187 50.951286 703.18</gx:coord>
        <when>2025-01-01T01:03:58.1181830Z</when>
        <gx:coord>14.053016 50.95223 707.75195</gx:coord>
        <when>2025-01-01T01:03:58.8411830Z</when>
        <gx:coord>14.053038 50.95315 713.848</gx:coord>
        <when>2025-01-01T01:04:02.1201830Z</when>
        <gx:coord>14.053273 50.954075 722.992</gx:coord>
        <when>2025-01-01T01:04:03.8451830Z</when>
        <gx:coord>14.053745 50.954956 729.08795</gx:coord>
        <when>2025-01-01T01:04:06.1161830Z</when>
        <gx:coord>14.054411 50.95579 733.66003</gx:coord>
        <when>2025-01-01T01:04:08.8411830Z</when>
        <gx:coord>14.056234 50.957253 736.70795</gx:coord>
        <when>2025-01-01T01:04:10.1161830Z</when>
        <gx:coord>14.056234 50.957253 736.70795</gx:coord>
        <when>2025-01-01T01:04:10.4171830Z</when>
        <gx:coord>14.05735 50.957893 736.70795</gx:coord>
        <when>2025-01-01T01:04:13.8471830Z</when>
        <gx:coord>14.058573 50.958496 733.66003</gx:coord>
        <when>2025-01-01T01:04:14.1181830Z</when>
        <gx:coord>14.058573 50.958496 733.66003</gx:coord>
        <when>2025-01-01T01:04:18.1221830Z</when>
        <gx:coord>14.061341 50.95948 730.612</gx:coord>
        <when>2025-01-01T01:04:18.8411830Z</when>
        <gx:coord>14.062864 50.959824 729.08795</gx:coord>
        <when>2025-01-01T01:04:20.1111830Z</when>
        <gx:coord>14.064474 50.96004 729.08795</gx:coord>
        <when>2025-01-01T01:04:22.1211830Z</when>
        <gx:coord>14.064474 50.96004 727.564</gx:coord>
        <when>2025-01-01T01:04:23.8411830Z</when>
        <gx:coord>14.066126 50.960167 729.08795</gx:coord>
        <when>2025-01-01T01:04:28.1191830Z</when>
        <gx:coord>14.069452 50.960125 732.136</gx:coord>
        <when>2025-01-01T01:04:28.8411830Z</when>
        <gx:coord>14.071083 50.959976 733.66003</gx:coord>
        <when>2025-01-01T01:04:32.1171830Z</when>
        <gx:coord>14.072693 50.95974 733.66003</gx:coord>
        <when>2025-01-01T01:04:33.8411830Z</when>
        <gx:coord>14.074259 50.959396 733.66003</gx:coord>
        <when>2025-01-01T01:04:38.1131830Z</when>
        <gx:coord>14.07722 50.958473 727.564</gx:coord>
        <when>2025-01-01T01:04:38.8411830Z</when>
        <gx:coord>14.078636 50.957893 724.516</gx:coord>
        <when>2025-01-01T01:04:42.1201830Z</when>
        <gx:coord>14.0799885 50.957253 721.46796</gx:coord>
        <when>2025-01-01T01:04:43.8411830Z</when>
        <gx:coord>14.081254 50.956543 718.42</gx:coord>
        <when>2025-01-01T01:04:44.1231830Z</when>
        <gx:coord>14.081254 50.956543 718.42</gx:coord>
        <when>2025-01-01T01:04:46.2011830Z</when>
        <gx:coord>14.082478 50.95577 715.37195</gx:coord>
        <when>2025-01-01T01:04:48.8411830Z</when>
        <gx:coord>14.084687 50.954098 718.42</gx:coord>
        <when>2025-01-01T01:04:53.8411830Z</when>
        <gx:coord>14.08679 50.952316 713.848</gx:coord>
        <when>2025-01-01T01:04:54.1081830Z</when>
        <gx:coord>14.087841 50.951416 713.848</gx:coord>
        <when>2025-01-01T01:04:58.8411830Z</when>
        <gx:coord>14.089923 50.94961 721.46796</gx:coord>
        <when>2025-01-01T01:05:03.8411830Z</when>
        <gx:coord>14.092005 50.947853 729.08795</gx:coord>
        <when>2025-01-01T01:05:08.8421830Z</when>
        <gx:coord>14.095373 50.945385 726.04004</gx:coord>
        <when>2025-01-01T01:05:13.8751830Z</when>
        <gx:coord>14.097776 50.943817 718.42</gx:coord>
        <when>2025-01-01T01:05:14.1241830Z</when>
        <gx:coord>14.098999 50.943 718.42</gx:coord>
        <when>2025-01-01T01:05:18.8421830Z</when>
        <gx:coord>14.101446 50.941395 715.37195</gx:coord>
        <when>2025-01-01T01:05:23.8421830Z</when>
        <gx:coord>14.103913 50.939804 719.94403</gx:coord>
        <when>2025-01-01T01:05:26.1241830Z</when>
        <gx:coord>14.106424 50.938282 724.516</gx:coord>
        <when>2025-01-01T01:05:28.8421830Z</when>
        <gx:coord>14.10769 50.93753 730.612</gx:coord>
        <when>2025-01-01T01:05:40.3511830Z</when>
        <gx:coord>14.115415 50.932854 724.516</gx:coord>
        <when>2025-01-01T01:05:45.3521830Z</when>
        <gx:coord>14.118053 50.93135 733.66003</gx:coord>
        <when>2025-01-01T01:05:48.1121830Z</when>
        <gx:coord>14.120672 50.92983 745.852</gx:coord>
        <when>2025-01-01T01:05:50.3521830Z</when>
        <gx:coord>14.122002 50.929077 748.9</gx:coord>
        <when>2025-01-01T01:05:55.3521830Z</when>
        <gx:coord>14.124748 50.927704 756.52</gx:coord>
        <when>2025-01-01T01:05:56.1261830Z</when>
        <gx:coord>14.1261215 50.927017 756.52</gx:coord>
        <when>2025-01-01T01:06:00.3541830Z</when>
        <gx:coord>14.128912 50.92571 773.284</gx:coord>
        <when>2025-01-01T01:06:02.1231830Z</when>
        <gx:coord>14.130306 50.925022 776.33203</gx:coord>
        <when>2025-01-01T01:06:05.3521830Z</when>
        <gx:coord>14.131659 50.924335 776.33203</gx:coord>
        <when>2025-01-01T01:06:10.3521830Z</when>
        <gx:coord>14.1357565 50.92221 780.904</gx:coord>
        <when>2025-01-01T01:06:12.1201830Z</when>
        <gx:coord>14.1357565 50.92221 780.904</gx:coord>
        <when>2025-01-01T01:06:15.3521830Z</when>
        <gx:coord>14.1388035 50.92101 782.42804</gx:coord>
        <when>2025-01-01T01:06:16.1201830Z</when>
        <gx:coord>14.1388035 50.92101 782.42804</gx:coord>
        <when>2025-01-01T01:06:18.2461830Z</when>
        <gx:coord>14.140434 50.92056 785.47595</gx:coord>
        <when>2025-01-01T01:06:20.3521830Z</when>
        <gx:coord>14.143782 50.91989 790.04803</gx:coord>
        <when>2025-01-01T01:06:22.1201830Z</when>
        <gx:coord>14.143782 50.91989 790.04803</gx:coord>
        <when>2025-01-01T01:06:25.3521830Z</when>
        <gx:coord>14.147258 50.919678 788.524</gx:coord>
        <when>2025-01-01T01:06:26.1071830Z</when>
        <gx:coord>14.147258 50.919678 788.524</gx:coord>
        <when>2025-01-01T01:06:28.1171830Z</when>
        <gx:coord>14.150713 50.920044 788.524</gx:coord>
        <when>2025-01-01T01:06:30.1201830Z</when>
        <gx:coord>14.150713 50.920044 787</gx:coord>
        <when>2025-01-01T01:06:30.3531830Z</when>
        <gx:coord>14.152344 50.92047 787</gx:coord>
        <when>2025-01-01T01:06:34.1231830Z</when>
        <gx:coord>14.153845 50.92105 785.47595</gx:coord>
        <when>2025-01-01T01:06:35.3531830Z</when>
        <gx:coord>14.15524 50.921715 787</gx:coord>
        <when>2025-01-01T01:06:40.3561830Z</when>
        <gx:coord>14.158974 50.92395 793.09595</gx:coord>
        <when>2025-01-01T01:06:45.3531830Z</when>
        <gx:coord>14.161226 50.92545 796.144</gx:coord>
        <when>2025-01-01T01:06:48.1181830Z</when>
        <gx:coord>14.1623 50.926224 796.144</gx:coord>
        <when>2025-01-01T01:06:50.3531830Z</when>
        <gx:coord>14.16436 50.927788 793.09595</gx:coord>
        <when>2025-01-01T01:06:55.3531830Z</when>
        <gx:coord>14.166613 50.92938 787</gx:coord>
        <when>2025-01-01T01:07:00.1161830Z</when>
        <gx:coord>14.169059 50.93086 794.62</gx:coord>
        <when>2025-01-01T01:07:00.1201830Z</when>
        <gx:coord>14.170389 50.931545 794.62</gx:coord>
        <when>2025-01-01T01:07:00.3531830Z</when>
        <gx:coord>14.170389 50.931545 793.09595</gx:coord>
        <when>2025-01-01T01:07:05.3531830Z</when>
        <gx:coord>14.173201 50.93279 793.09595</gx:coord>
        <when>2025-01-01T01:07:06.1171830Z</when>
        <gx:coord>14.173201 50.93279 793.09595</gx:coord>
        <when>2025-01-01T01:07:10.3531830Z</when>
        <gx:coord>14.177877 50.93425 791.572</gx:coord>
        <when>2025-01-01T01:07:14.1221830Z</when>
        <gx:coord>14.17953 50.934612 790.04803</gx:coord>
        <when>2025-01-01T01:07:15.3531830Z</when>
        <gx:coord>14.181225 50.934937 790.04803</gx:coord>
        <when>2025-01-01T01:07:20.3531830Z</when>
        <gx:coord>14.1864605 50.935684 783.952</gx:coord>
        <when>2025-01-01T01:07:24.1231830Z</when>
        <gx:coord>14.188242 50.935856 783.952</gx:coord>
        <when>2025-01-01T01:07:25.3531830Z</when>
        <gx:coord>14.190023 50.935944 787</gx:coord>
        <when>2025-01-01T01:07:30.3641830Z</when>
        <gx:coord>14.195301 50.93601 799.19196</gx:coord>
        <when>2025-01-01T01:07:32.1241830Z</when>
        <gx:coord>14.195301 50.93601 799.19196</gx:coord>
        <when>2025-01-01T01:07:32.1311830Z</when>
        <gx:coord>14.196997 50.935837 799.19196</gx:coord>
        <when>2025-01-01T01:07:35.3531830Z</when>
        <gx:coord>14.198627 50.93556 806.81195</gx:coord>
        <when>2025-01-01T01:07:36.1211830Z</when>
        <gx:coord>14.198627 50.93556 806.81195</gx:coord>
        <when>2025-01-01T01:07:36.1211830Z</when>
        <gx:coord>14.200172 50.93517 808.336</gx:coord>
        <when>2025-01-01T01:07:40.1241830Z</when>
        <gx:coord>14.201653 50.934635 806.81195</gx:coord>
        <when>2025-01-01T01:07:40.3631830Z</when>
        <gx:coord>14.202984 50.933968 800.716</gx:coord>
        <when>2025-01-01T01:07:44.1101830Z</when>
        <gx:coord>14.204164 50.933174 791.572</gx:coord>
        <when>2025-01-01T01:07:45.3531830Z</when>
        <gx:coord>14.205151 50.93225 780.904</gx:coord>
        <when>2025-01-01T01:07:46.1201830Z</when>
        <gx:coord>14.205151 50.93225 780.904</gx:coord>
        <when>2025-01-01T01:07:46.1201830Z</when>
        <gx:coord>14.205858 50.931244 768.71204</gx:coord>
        <when>2025-01-01T01:07:50.1171830Z</when>
        <gx:coord>14.206309 50.93015 756.52</gx:coord>
        <when>2025-01-01T01:07:50.3531830Z</when>
        <gx:coord>14.206567 50.929035 747.37604</gx:coord>
        <when>2025-01-01T01:07:54.2111830Z</when>
        <gx:coord>14.206653 50.926758 741.28</gx:coord>
        <when>2025-01-01T01:07:55.3781830Z</when>
        <gx:coord>14.206653 50.926758 739.756</gx:coord>
        <when>2025-01-01T01:08:00.3541830Z</when>
        <gx:coord>14.206481 50.923412 739.756</gx:coord>
        <when>2025-01-01T01:08:02.1241830Z</when>
        <gx:coord>14.206481 50.923412 739.756</gx:coord>
        <when>2025-01-01T01:08:02.1241830Z</when>
        <gx:coord>14.206373 50.922318 736.70795</gx:coord>
        <when>2025-01-01T01:08:05.3541830Z</when>
        <gx:coord>14.206202 50.921223 733.66003</gx:coord>
        <when>2025-01-01T01:08:06.1251830Z</when>
        <gx:coord>14.205988 50.920128 733.66003</gx:coord>
        <when>2025-01-01T01:08:10.3741830Z</when>
        <gx:coord>14.205408 50.91794 721.46796</gx:coord>
        <when>2025-01-01T01:08:15.3781830Z</when>
        <gx:coord>14.204679 50.915794 709.276</gx:coord>
        <when>2025-01-01T01:08:18.1151830Z</when>
        <gx:coord>14.203863 50.913605 704.704</gx:coord>
        <when>2025-01-01T01:08:20.1181830Z</when>
        <gx:coord>14.203863 50.913605 704.704</gx:coord>
        <when>2025-01-01T01:08:20.3781830Z</when>
        <gx:coord>14.203391 50.912533 704.704</gx:coord>
        <when>2025-01-01T01:08:25.3541830Z</when>
        <gx:coord>14.202211 50.910473 704.704</gx:coord>
        <when>2025-01-01T01:08:30.3541830Z</when>
        <gx:coord>14.200602 50.90736 715.37195</gx:coord>
        <when>2025-01-01T01:08:34.1111830Z</when>
        <gx:coord>14.200323 50.906265 721.46796</gx:coord>
        <when>2025-01-01T01:08:35.3541830Z</when>
        <gx:coord>14.200279 50.905174 727.564</gx:coord>
        <when>2025-01-01T01:08:36.1171830Z</when>
        <gx:coord>14.200473 50.9041 735.184</gx:coord>
        <when>2025-01-01T01:08:38.1211830Z</when>
        <gx:coord>14.200473 50.9041 735.184</gx:coord>
        <when>2025-01-01T01:08:38.1311830Z</when>
        <gx:coord>14.200924 50.90307 735.184</gx:coord>
        <when>2025-01-01T01:08:40.3651830Z</when>
        <gx:coord>14.201611 50.902084 745.852</gx:coord>
        <when>2025-01-01T01:08:42.1111830Z</when>
        <gx:coord>14.201611 50.902084 745.852</gx:coord>
        <when>2025-01-01T01:08:45.3541830Z</when>
        <gx:coord>14.203756 50.900387 745.852</gx:coord>
        <when>2025-01-01T01:08:46.1301830Z</when>
        <gx:coord>14.203756 50.900387 745.852</gx:coord>
        <when>2025-01-01T01:08:48.1191830Z</when>
        <gx:coord>14.2051935 50.899742 742.80396</gx:coord>
        <when>2025-01-01T01:08:50.1201830Z</when>
        <gx:coord>14.206802 50.899315 742.80396</gx:coord>
        <when>2025-01-01T01:08:50.5601830Z</when>
        <gx:coord>14.208541 50.8991 744.328</gx:coord>
        <when>2025-01-01T01:08:52.1151830Z</when>
        <gx:coord>14.208541 50.8991 744.328</gx:coord>
        <when>2025-01-01T01:08:55.3931830Z</when>
        <gx:coord>14.211952 50.899292 747.37604</gx:coord>
        <when>2025-01-01T01:08:56.1191830Z</when>
        <gx:coord>14.211952 50.899292 747.37604</gx:coord>
        <when>2025-01-01T01:09:00.1241830Z</when>
        <gx:coord>14.215042 50.90015 739.756</gx:coord>
        <when>2025-01-01T01:09:00.3551830Z</when>
        <gx:coord>14.216437 50.900753 736.70795</gx:coord>
        <when>2025-01-01T01:09:05.3551830Z</when>
        <gx:coord>14.219162 50.901997 739.756</gx:coord>
        <when>2025-01-01T01:09:08.1191830Z</when>
        <gx:coord>14.220449 50.902664 742.80396</gx:coord>
        <when>2025-01-01T01:09:10.1251830Z</when>
        <gx:coord>14.221609 50.903393 745.852</gx:coord>
        <when>2025-01-01T01:09:10.3551830Z</when>
        <gx:coord>14.222639 50.904186 747.37604</gx:coord>
        <when>2025-01-01T01:09:12.1161830Z</when>
        <gx:coord>14.222639 50.904186 747.37604</gx:coord>
        <when>2025-01-01T01:09:15.3551830Z</when>
        <gx:coord>14.224162 50.905922 748.9</gx:coord>
        <when>2025-01-01T01:09:16.1231830Z</when>
        <gx:coord>14.224162 50.905922 748.9</gx:coord>
        <when>2025-01-01T01:09:16.1231830Z</when>
        <gx:coord>14.224162 50.905922 748.9</gx:coord>
        <when>2025-01-01T01:09:20.3641830Z</when>
        <gx:coord>14.225192 50.908756 751.948</gx:coord>
        <when>2025-01-01T01:09:22.1271830Z</when>
        <gx:coord>14.225364 50.9097 751.948</gx:coord>
        <when>2025-01-01T01:09:54.8621830Z</when>
        <gx:coord>14.225535 50.91062 764.13995</gx:coord>
        <when>2025-01-01T01:09:54.8621830Z</when>
        <gx:coord>14.225685 50.911526 770.236</gx:coord>
        <when>2025-01-01T01:09:54.8641830Z</when>
        <gx:coord>14.226952 50.919594 785.47595</gx:coord>
        <when>2025-01-01T01:09:54.8641830Z</when>
        <gx:coord>14.226952 50.920494 785.47595</gx:coord>
        <when>2025-01-01T01:09:55.2071830Z</when>
        <gx:coord>14.226629 50.924076 783.952</gx:coord>
        <when>2025-01-01T01:09:58.5151830Z</when>
        <gx:coord>14.22633 50.92588 782.42804</gx:coord>
        <when>2025-01-01T01:10:00.1221830Z</when>
        <gx:coord>14.226179 50.92678 782.42804</gx:coord>
        <when>2025-01-01T01:10:03.5161830Z</when>
        <gx:coord>14.226007 50.927704 782.42804</gx:coord>
        <when>2025-01-01T01:10:08.5171830Z</when>
        <gx:coord>14.225364 50.930473 782.42804</gx:coord>
        <when>2025-01-01T01:10:13.5171830Z</when>
        <gx:coord>14.224871 50.932316 783.952</gx:coord>
        <when>2025-01-01T01:10:18.1161830Z</when>
        <gx:coord>14.22442 50.93425 779.38</gx:coord>
        <when>2025-01-01T01:10:18.5171830Z</when>
        <gx:coord>14.224226 50.935215 777.856</gx:coord>
        <when>2025-01-01T01:10:23.5171830Z</when>
        <gx:coord>14.223819 50.937145 779.38</gx:coord>
        <when>2025-01-01T01:10:28.5171830Z</when>
        <gx:coord>14.223132 50.939957 779.38</gx:coord>
        <when>2025-01-01T01:10:33.5171830Z</when>
        <gx:coord>14.222746 50.941803 780.904</gx:coord>
        <when>2025-01-01T01:10:36.1371830Z</when>
        <gx:coord>14.222467 50.943687 780.904</gx:coord>
        <when>2025-01-01T01:10:38.5171830Z</when>
        <gx:coord>14.222338 50.944633 779.38</gx:coord>
        <when>2025-01-01T01:10:43.5171830Z</when>
        <gx:coord>14.222124 50.946564 777.856</gx:coord>
        <when>2025-01-01T01:10:48.5171830Z</when>
        <gx:coord>14.221781 50.949398 782.42804</gx:coord>
        <when>2025-01-01T01:10:53.5171830Z</when>
        <gx:coord>14.221523 50.951263 780.904</gx:coord>
        <when>2025-01-01T01:10:58.5661830Z</when>
        <gx:coord>14.221008 50.954052 780.904</gx:coord>
        <when>2025-01-01T01:11:03.5171830Z</when>
        <gx:coord>14.220665 50.9559 780.904</gx:coord>
        <when>2025-01-01T01:11:08.5171830Z</when>
        <gx:coord>14.220214 50.958626 779.38</gx:coord>
        <when>2025-01-01T01:11:12.1241830Z</when>
        <gx:coord>14.219934 50.96045 779.38</gx:coord>
        <when>2025-01-01T01:11:13.5171830Z</when>
        <gx:coord>14.219934 50.96045 779.38</gx:coord>
        <when>2025-01-01T01:11:18.5351830Z</when>
        <gx:coord>14.219505 50.96315 780.904</gx:coord>
        <when>2025-01-01T01:11:23.5181830Z</when>
        <gx:coord>14.219227 50.96493 782.42804</gx:coord>
        <when>2025-01-01T01:11:28.5181830Z</when>
        <gx:coord>14.218819 50.96766 782.42804</gx:coord>
        <when>2025-01-01T01:11:33.5181830Z</when>
        <gx:coord>14.218475 50.969482 782.42804</gx:coord>
        <when>2025-01-01T01:11:38.5181830Z</when>
        <gx:coord>14.218004 50.972248 783.952</gx:coord>
        <when>2025-01-01T01:11:43.5181830Z</when>
        <gx:coord>14.217639 50.974117 782.42804</gx:coord>
        <when>2025-01-01T01:11:48.5181830Z</when>
        <gx:coord>14.217188 50.97699 779.38</gx:coord>
        <when>2025-01-01T01:11:50.1141830Z</when>
        <gx:coord>14.217016 50.97796 779.38</gx:coord>
        <when>2025-01-01T01:11:53.5181830Z</when>
        <gx:coord>14.2168665 50.978943 777.856</gx:coord>
        <when>2025-01-01T01:11:58.5181830Z</when>
        <gx:coord>14.21648 50.981884 777.856</gx:coord>
        <when>2025-01-01T01:12:03.5181830Z</when>
        <gx:coord>14.216244 50.983814 779.38</gx:coord>
        <when>2025-01-01T01:12:08.5181830Z</when>
        <gx:coord>14.215879 50.98669 779.38</gx:coord>
        <when>2025-01-01T01:12:13.5181830Z</when>
        <gx:coord>14.215601 50.98858 779.38</gx:coord>
        <when>2025-01-01T01:12:18.5191830Z</when>
        <gx:coord>14.215172 50.99141 779.38</gx:coord>
        <when>2025-01-01T01:12:23.5181830Z</when>
        <gx:coord>14.214849 50.993256 779.38</gx:coord>
        <when>2025-01-01T01:12:26.1151830Z</when>
        <gx:coord>14.214463 50.995125 779.38</gx:coord>
        <when>2025-01-01T01:12:28.5181830Z</when>
        <gx:coord>14.214292 50.996067 777.856</gx:coord>
        <when>2025-01-01T01:12:33.5191830Z</when>
        <gx:coord>14.213905 50.997955 777.856</gx:coord>
        <when>2025-01-01T01:12:38.5241830Z</when>
        <gx:coord>14.2133255 51.00079 777.856</gx:coord>
        <when>2025-01-01T01:12:43.5191830Z</when>
        <gx:coord>14.212982 51.002697 779.38</gx:coord>
        <when>2025-01-01T01:12:48.5191830Z</when>
        <gx:coord>14.212446 51.00553 779.38</gx:coord>
        <when>2025-01-01T01:12:53.5191830Z</when>
        <gx:coord>14.212146 51.007397 777.856</gx:coord>
        <when>2025-01-01T01:12:58.5591830Z</when>
        <gx:coord>14.211653 51.01025 776.33203</gx:coord>
        <when>2025-01-01T01:13:02.1201830Z</when>
        <gx:coord>14.211245 51.01214 776.33203</gx:coord>
        <when>2025-01-01T01:13:03.5181830Z</when>
        <gx:coord>14.211245 51.01214 776.33203</gx:coord>
        <when>2025-01-01T01:13:08.5261830Z</when>
        <gx:coord>14.210665 51.014973 777.856</gx:coord>
        <when>2025-01-01T01:13:13.5191830Z</when>
        <gx:coord>14.210321 51.01688 779.38</gx:coord>
        <when>2025-01-01T01:13:18.5201830Z</when>
        <gx:coord>14.209828 51.019737 780.904</gx:coord>
        <when>2025-01-01T01:13:23.5201830Z</when>
        <gx:coord>14.209528 51.021645 779.38</gx:coord>
        <when>2025-01-01T01:13:28.5241830Z</when>
        <gx:coord>14.209078 51.02452 779.38</gx:coord>
        <when>2025-01-01T01:13:33.5201830Z</when>
        <gx:coord>14.208713 51.02643 779.38</gx:coord>
        <when>2025-01-01T01:13:38.1171830Z</when>
        <gx:coord>14.208134 51.029285 777.856</gx:coord>
        <when>2025-01-01T01:13:38.5201830Z</when>
        <gx:coord>14.208134 51.029285 777.856</gx:coord>
        <when>2025-01-01T01:13:43.5201830Z</when>
        <gx:coord>14.207768 51.031174 777.856</gx:coord>
        <when>2025-01-01T01:13:48.5221830Z</when>
        <gx:coord>14.20719 51.03398 779.38</gx:coord>
        <when>2025-01-01T01:13:53.5201830Z</when>
        <gx:coord>14.206802 51.03585 779.38</gx:coord>
        <when>2025-01-01T01:13:58.5191830Z</when>
        <gx:coord>14.206287 51.03862 779.38</gx:coord>
        <when>2025-01-01T01:14:03.5201830Z</when>
        <gx:coord>14.206009 51.040485 779.38</gx:coord>
        <when>2025-01-01T01:14:08.5211830Z</when>
        <gx:coord>14.205537 51.04325 780.904</gx:coord>
        <when>2025-01-01T01:14:13.5211830Z</when>
        <gx:coord>14.205279 51.045097 780.904</gx:coord>
        <when>2025-01-01T01:14:14.1261830Z</when>
        <gx:coord>14.205151 51.04602 780.904</gx:coord>
        <when>2025-01-01T01:14:18.5211830Z</when>
        <gx:coord>14.204828 51.047867 780.904</gx:coord>
        <when>2025-01-01T01:14:23.5211830Z</when>
        <gx:coord>14.204443 51.049667 782.42804</gx:coord>
        <when>2025-01-01T01:14:28.5211830Z</when>
        <gx:coord>14.203906 51.052372 783.952</gx:coord>
        <when>2025-01-01T01:14:33.5211830Z</when>
        <gx:coord>14.203434 51.054176 783.952</gx:coord>
        <when>2025-01-01T01:14:38.5211830Z</when>
        <gx:coord>14.20307 51.056965 782.42804</gx:coord>
        <when>2025-01-01T01:14:43.5211830Z</when>
        <gx:coord>14.202876 51.058853 780.904</gx:coord>
        <when>2025-01-01T01:14:48.5211830Z</when>
        <gx:coord>14.202383 51.061665 782.42804</gx:coord>
        <when>2025-01-01T01:14:50.1251830Z</when>
        <gx:coord>14.202253 51.06263 782.42804</gx:coord>
        <when>2025-01-01T01:14:53.5211830Z</when>
        <gx:coord>14.202104 51.063572 782.42804</gx:coord>
        <when>2025-01-01T01:14:58.5571830Z</when>
        <gx:coord>14.201653 51.06643 782.42804</gx:coord>
        <when>2025-01-01T01:15:03.5221830Z</when>
        <gx:coord>14.201353 51.06836 780.904</gx:coord>
        <when>2025-01-01T01:15:08.5221830Z</when>
        <gx:coord>14.200816 51.071213 779.38</gx:coord>
        <when>2025-01-01T01:15:13.5221830Z</when>
        <gx:coord>14.200451 51.0731 780.904</gx:coord>
        <when>2025-01-01T01:15:14.1221830Z</when>
        <gx:coord>14.200279 51.074066 780.904</gx:coord>
        <when>2025-01-01T01:15:18.5221830Z</when>
        <gx:coord>14.199915 51.075977 779.38</gx:coord>
        <when>2025-01-01T01:15:23.5221830Z</when>
        <gx:coord>14.199529 51.077908 779.38</gx:coord>
        <when>2025-01-01T01:15:26.1271830Z</when>
        <gx:coord>14.199142 51.07986 776.33203</gx:coord>
        <when>2025-01-01T01:15:28.5221830Z</when>
        <gx:coord>14.198971 51.080826 774.808</gx:coord>
        <when>2025-01-01T01:15:33.5221830Z</when>
        <gx:coord>14.198648 51.082756 776.33203</gx:coord>
        <when>2025-01-01T01:15:48.7931830Z</when>
        <gx:coord>14.197275 51.09046 780.904</gx:coord>
        <when>2025-01-01T01:15:53.7941830Z</when>
        <gx:coord>14.196846 51.092346 780.904</gx:coord>
        <when>2025-01-01T01:15:58.7941830Z</when>
        <gx:coord>14.196138 51.09518 780.904</gx:coord>
        <when>2025-01-01T01:16:02.1261830Z</when>
        <gx:coord>14.195752 51.09709 780.904</gx:coord>
        <when>2025-01-01T01:16:03.7941830Z</when>
        <gx:coord>14.195752 51.09709 780.904</gx:coord>
        <when>2025-01-01T01:16:08.7941830Z</when>
        <gx:coord>14.195087 51.0999 782.42804</gx:coord>
        <when>2025-01-01T01:16:13.7941830Z</when>
        <gx:coord>14.194636 51.10177 783.952</gx:coord>
        <when>2025-01-01T01:16:18.7941830Z</when>
        <gx:coord>14.194014 51.10458 785.47595</gx:coord>
        <when>2025-01-01T01:16:23.7941830Z</when>
        <gx:coord>14.193563 51.106487 785.47595</gx:coord>
        <when>2025-01-01T01:16:28.7951830Z</when>
        <gx:coord>14.192834 51.109386 785.47595</gx:coord>
        <when>2025-01-01T01:16:33.7941830Z</when>
        <gx:coord>14.192405 51.11134 785.47595</gx:coord>
        <when>2025-01-01T01:16:38.1191830Z</when>
        <gx:coord>14.19189 51.114212 785.47595</gx:coord>
        <when>2025-01-01T01:16:38.8021830Z</when>
        <gx:coord>14.19189 51.114212 783.952</gx:coord>
        <when>2025-01-01T01:16:43.7951830Z</when>
        <gx:coord>14.191568 51.1161 783.952</gx:coord>
        <when>2025-01-01T01:16:48.7951830Z</when>
        <gx:coord>14.191031 51.118893 785.47595</gx:coord>
        <when>2025-01-01T01:16:53.7951830Z</when>
        <gx:coord>14.190602 51.120758 783.952</gx:coord>
        <when>2025-01-01T01:16:58.7951830Z</when>
        <gx:coord>14.190044 51.12359 782.42804</gx:coord>
        <when>2025-01-01T01:17:03.7951830Z</when>
        <gx:coord>14.189722 51.12548 782.42804</gx:coord>
        <when>2025-01-01T01:17:08.7951830Z</when>
        <gx:coord>14.189272 51.12829 783.952</gx:coord>
        <when>2025-01-01T01:17:13.7951830Z</when>
        <gx:coord>14.188993 51.130157 783.952</gx:coord>
        <when>2025-01-01T01:17:14.1351830Z</when>
        <gx:coord>14.188864 51.13108 783.952</gx:coord>
        <when>2025-01-01T01:17:18.7951830Z</when>
        <gx:coord>14.188564 51.132946 785.47595</gx:coord>
        <when>2025-01-01T01:17:23.7951830Z</when>
        <gx:coord>14.188156 51.13481 785.47595</gx:coord>
        <when>2025-01-01T01:17:28.7961830Z</when>
        <gx:coord>14.187555 51.137646 783.952</gx:coord>
        <when>2025-01-01T01:17:33.7961830Z</when>
        <gx:coord>14.187255 51.139557 782.42804</gx:coord>
        <when>2025-01-01T01:17:38.7951830Z</when>
        <gx:coord>14.186826 51.14241 780.904</gx:coord>
        <when>2025-01-01T01:17:43.7961830Z</when>
        <gx:coord>14.186482 51.1443 780.904</gx:coord>
        <when>2025-01-01T01:17:48.7961830Z</when>
        <gx:coord>14.1859455 51.147064 780.904</gx:coord>
        <when>2025-01-01T01:17:50.1261830Z</when>
        <gx:coord>14.185796 51.147987 780.904</gx:coord>
        <when>2025-01-01T01:17:53.7961830Z</when>
        <gx:coord>14.185646 51.14891 779.38</gx:coord>
        <when>2025-01-01T01:17:58.7961830Z</when>
        <gx:coord>14.185173 51.15168 777.856</gx:coord>
        <when>2025-01-01T01:18:03.7961830Z</when>
        <gx:coord>14.184788 51.15348 779.38</gx:coord>
        <when>2025-01-01T01:18:08.7961830Z</when>
        <gx:coord>14.184208 51.156227 777.856</gx:coord>
        <when>2025-01-01T01:18:13.7961830Z</when>
        <gx:coord>14.183822 51.158115 773.284</gx:coord>
        <when>2025-01-01T01:18:18.8161830Z</when>
        <gx:coord>14.183199 51.160904 776.33203</gx:coord>
        <when>2025-01-01T01:18:23.7961830Z</when>
        <gx:coord>14.182856 51.16275 774.808</gx:coord>
        <when>2025-01-01T01:18:26.1101830Z</when>
        <gx:coord>14.182642 51.16466 774.808</gx:coord>
        <when>2025-01-01T01:18:28.7971830Z</when>
        <gx:coord>14.182556 51.165604 774.808</gx:coord>
        <when>2025-01-01T01:18:33.7971830Z</when>
        <gx:coord>14.1823845 51.167515 780.904</gx:coord>
        <when>2025-01-01T01:18:38.8171830Z</when>
        <gx:coord>14.181976 51.17037 780.904</gx:coord>
        <when>2025-01-01T01:18:43.7971830Z</when>
        <gx:coord>14.181805 51.1723 779.38</gx:coord>
        <when>2025-01-01T01:18:48.7971830Z</when>
        <gx:coord>14.181654 51.175198 780.904</gx:coord>
        <when>2025-01-01T01:18:52.1221830Z</when>
        <gx:coord>14.181612 51.176163 780.904</gx:coord>
        <when>2025-01-01T01:18:53.7971830Z</when>
        <gx:coord>14.181612 51.177128 782.42804</gx:coord>
        <when>2025-01-01T01:18:58.1191830Z</when>
        <gx:coord>14.181568 51.17904 785.47595</gx:coord>
        <when>2025-01-01T01:18:58.7971830Z</when>
        <gx:coord>14.181547 51.17998 787</gx:coord>
        <when>2025-01-01T01:19:00.1171830Z</when>
        <gx:coord>14.181547 51.17998 787</gx:coord>
        <when>2025-01-01T01:19:02.1161830Z</when>
        <gx:coord>14.181547 51.180923 788.524</gx:coord>
        <when>2025-01-01T01:19:02.1201830Z</when>
        <gx:coord>14.181526 51.18187 788.524</gx:coord>
        <when>2025-01-01T01:19:03.7971830Z</when>
        <gx:coord>14.181526 51.18187 787</gx:coord>
        <when>2025-01-01T01:19:08.7971830Z</when>
        <gx:coord>14.1813545 51.184723 782.42804</gx:coord>
        <when>2025-01-01T01:19:13.7971830Z</when>
        <gx:coord>14.181204 51.186634 780.904</gx:coord>
        <when>2025-01-01T01:19:18.7981830Z</when>
        <gx:coord>14.181032 51.189507 780.904</gx:coord>
        <when>2025-01-01T01:19:23.7981830Z</when>
        <gx:coord>14.180925 51.191376 782.42804</gx:coord>
        <when>2025-01-01T01:19:28.7981830Z</when>
        <gx:coord>14.18071 51.194206 783.952</gx:coord>
        <when>2025-01-01T01:19:33.7981830Z</when>
        <gx:coord>14.180517 51.196075 785.47595</gx:coord>
        <when>2025-01-01T01:19:38.1241830Z</when>
        <gx:coord>14.180325 51.198822 787</gx:coord>
        <when>2025-01-01T01:19:38.7981830Z</when>
        <gx:coord>14.180325 51.198822 785.47595</gx:coord>
        <when>2025-01-01T01:19:43.7981830Z</when>
        <gx:coord>14.18026 51.20067 783.952</gx:coord>
        <when>2025-01-01T01:19:48.7981830Z</when>
        <gx:coord>14.180045 51.203434 783.952</gx:coord>
        <when>2025-01-01T01:19:53.7981830Z</when>
        <gx:coord>14.179916 51.205322 785.47595</gx:coord>
        <when>2025-01-01T01:19:54.1191830Z</when>
        <gx:coord>14.179916 51.205322 785.47595</gx:coord>
        <when>2025-01-01T01:19:56.1221830Z</when>
        <gx:coord>14.179895 51.20627 785.47595</gx:coord>
        <when>2025-01-01T01:19:58.7981830Z</when>
        <gx:coord>14.179852 51.208157 785.47595</gx:coord>
        <when>2025-01-01T01:20:03.7981830Z</when>
        <gx:coord>14.179745 51.210022 785.47595</gx:coord>
        <when>2025-01-01T01:20:08.7981830Z</when>
        <gx:coord>14.179616 51.212875 782.42804</gx:coord>
        <when>2025-01-01T01:20:13.7981830Z</when>
        <gx:coord>14.17953 51.214787 782.42804</gx:coord>
        <when>2025-01-01T01:20:14.1291830Z</when>
        <gx:coord>14.179508 51.21575 782.42804</gx:coord>
        <when>2025-01-01T01:20:18.7981830Z</when>
        <gx:coord>14.179401 51.21766 782.42804</gx:coord>
        <when>2025-01-01T01:20:23.7991830Z</when>
        <gx:coord>14.179209 51.219593 782.42804</gx:coord>
        <when>2025-01-01T01:20:28.7981830Z</when>
        <gx:coord>14.178907 51.22249 780.904</gx:coord>
        <when>2025-01-01T01:20:33.7991830Z</when>
        <gx:coord>14.178758 51.2244 780.904</gx:coord>
        <when>2025-01-01T01:20:38.7991830Z</when>
        <gx:coord>14.178478 51.227272 780.904</gx:coord>
        <when>2025-01-01T01:20:43.7991830Z</when>
        <gx:coord>14.178286 51.229206 782.42804</gx:coord>
        <when>2025-01-01T01:20:48.8301830Z</when>
        <gx:coord>14.178114 51.232124 779.38</gx:coord>
        <when>2025-01-01T01:20:50.1331830Z</when>
        <gx:coord>14.178028 51.23309 779.38</gx:coord>
        <when>2025-01-01T01:20:53.7991830Z</when>
        <gx:coord>14.177963 51.234077 777.856</gx:coord>
        <when>2025-01-01T01:20:58.7991830Z</when>
        <gx:coord>14.177706 51.23695 776.33203</gx:coord>
        <when>2025-01-01T01:21:03.7991830Z</when>
        <gx:coord>14.177427 51.23886 774.808</gx:coord>
        <when>2025-01-01T01:21:08.7991830Z</when>
        <gx:coord>14.177105 51.24169 773.284</gx:coord>
        <when>2025-01-01T01:21:13.7991830Z</when>
        <gx:coord>14.176912 51.243626 774.808</gx:coord>
        <when>2025-01-01T01:21:18.8001830Z</when>
        <gx:coord>14.17659 51.24648 773.284</gx:coord>
        <when>2025-01-01T01:21:23.8001830Z</when>
        <gx:coord>14.176376 51.24839 773.284</gx:coord>
        <when>2025-01-01T01:21:26.1271830Z</when>
        <gx:coord>14.176183 51.250275 773.284</gx:coord>
        <when>2025-01-01T01:21:28.8001830Z</when>
        <gx:coord>14.176097 51.251198 784.93207</gx:coord>
        <when>2025-01-01T01:21:33.8001830Z</when>
        <gx:coord>14.175925 51.253086 784.93207</gx:coord>
        <when>2025-01-01T01:21:38.8001830Z</when>
        <gx:coord>14.175625 51.255962 783.408</gx:coord>
        <when>2025-01-01T01:21:43.8001830Z</when>
        <gx:coord>14.175324 51.257893 784.93207</gx:coord>
        <when>2025-01-01T01:21:48.7991830Z</when>
        <gx:coord>14.174938 51.260834 784.93207</gx:coord>
        <when>2025-01-01T01:21:53.8001830Z</when>
        <gx:coord>14.174681 51.262787 781.88403</gx:coord>
        <when>2025-01-01T01:21:58.8221830Z</when>
        <gx:coord>14.174273 51.265705 783.408</gx:coord>
        <when>2025-01-01T01:22:02.1241830Z</when>
        <gx:coord>14.17408 51.26766 783.408</gx:coord>
        <when>2025-01-01T01:22:03.8001830Z</when>
        <gx:coord>14.17408 51.26766 783.408</gx:coord>
        <when>2025-01-01T01:22:08.8001830Z</when>
        <gx:coord>14.173758 51.270554 783.408</gx:coord>
        <when>2025-01-01T01:22:13.8001830Z</when>
        <gx:coord>14.1735 51.272507 784.93207</gx:coord>
        <when>2025-01-01T01:22:18.8001830Z</when>
        <gx:coord>14.173201 51.275402 786.45605</gx:coord>
        <when>2025-01-01T01:22:23.8001830Z</when>
        <gx:coord>14.173029 51.277355 784.93207</gx:coord>
        <when>2025-01-01T01:22:28.8011830Z</when>
        <gx:coord>14.172813 51.280254 783.408</gx:coord>
        <when>2025-01-01T01:22:33.8011830Z</when>
        <gx:coord>14.172621 51.28216 784.93207</gx:coord>
        <when>2025-01-01T01:22:38.1221830Z</when>
        <gx:coord>14.172277 51.285015 783.408</gx:coord>
        <when>2025-01-01T01:22:38.8011830Z</when>
        <gx:coord>14.172277 51.285015 783.408</gx:coord>
        <when>2025-01-01T01:22:43.8001830Z</when>
        <gx:coord>14.172041 51.28697 783.408</gx:coord>
        <when>2025-01-01T01:22:48.8011830Z</when>
        <gx:coord>14.171869 51.289974 783.408</gx:coord>
        <when>2025-01-01T01:22:53.8011830Z</when>
        <gx:coord>14.1717415 51.291992 783.408</gx:coord>
        <when>2025-01-01T01:22:58.8011830Z</when>
        <gx:coord>14.17157 51.29506 780.36005</gx:coord>
        <when>2025-01-01T01:23:03.8111830Z</when>
        <gx:coord>14.171354 51.297054 783.408</gx:coord>
        <when>2025-01-01T01:23:08.8201830Z</when>
        <gx:coord>14.170925 51.29995 784.93207</gx:coord>
        <when>2025-01-01T01:23:12.1221830Z</when>
        <gx:coord>14.17054 51.301903 784.93207</gx:coord>
        <when>2025-01-01T01:23:13.8011830Z</when>
        <gx:coord>14.17054 51.301903 781.88403</gx:coord>
        <when>2025-01-01T01:23:18.8011830Z</when>
        <gx:coord>14.169939 51.304844 778.83606</gx:coord>
        <when>2025-01-01T01:23:23.8011830Z</when>
        <gx:coord>14.16951 51.30686 780.36005</gx:coord>
        <when>2025-01-01T01:23:28.8021830Z</when>
        <gx:coord>14.168909 51.309887 783.408</gx:coord>
        <when>2025-01-01T01:23:33.8021830Z</when>
        <gx:coord>14.168608 51.311905 780.36005</gx:coord>
        <when>2025-01-01T01:23:38.8021830Z</when>
        <gx:coord>14.168286 51.31493 777.3121</gx:coord>
        <when>2025-01-01T01:23:55.5791830Z</when>
        <gx:coord>14.1679 51.318897 778.83606</gx:coord>
        <when>2025-01-01T01:23:56.0871830Z</when>
        <gx:coord>14.167213 51.32278 777.3121</gx:coord>
        <when>2025-01-01T01:24:01.0881830Z</when>
        <gx:coord>14.166613 51.325764 778.83606</gx:coord>
        <when>2025-01-01T01:24:06.0881830Z</when>
        <gx:coord>14.16629 51.32778 778.83606</gx:coord>
        <when>2025-01-01T01:24:11.0881830Z</when>
        <gx:coord>14.165819 51.330807 780.36005</gx:coord>
        <when>2025-01-01T01:24:16.0891830Z</when>
        <gx:coord>14.165454 51.3328 780.36005</gx:coord>
        <when>2025-01-01T01:24:20.1201830Z</when>
        <gx:coord>14.164917 51.335762 774.26404</gx:coord>
        <when>2025-01-01T01:24:21.0881830Z</when>
        <gx:coord>14.164917 51.335762 774.26404</gx:coord>
        <when>2025-01-01T01:24:26.0881830Z</when>
        <gx:coord>14.1646595 51.337738 772.74005</gx:coord>
        <when>2025-01-01T01:24:31.0891830Z</when>
        <gx:coord>14.164059 51.34072 772.74005</gx:coord>
        <when>2025-01-01T01:24:36.0891830Z</when>
        <gx:coord>14.16363 51.342716 772.74005</gx:coord>
        <when>2025-01-01T01:24:41.0881830Z</when>
        <gx:coord>14.1632 51.34574 772.74005</gx:coord>
        <when>2025-01-01T01:24:46.0881830Z</when>
        <gx:coord>14.163029 51.34778 768.168</gx:coord>
        <when>2025-01-01T01:24:51.0891830Z</when>
        <gx:coord>14.1626215 51.350826 772.74005</gx:coord>
        <when>2025-01-01T01:24:54.1181830Z</when>
        <gx:coord>14.162278 51.35282 774.26404</gx:coord>
        <when>2025-01-01T01:24:56.0891830Z</when>
        <gx:coord>14.162278 51.35282 775.788</gx:coord>
        <when>2025-01-01T01:25:01.0891830Z</when>
        <gx:coord>14.161785 51.35572 777.3121</gx:coord>
        <when>2025-01-01T01:25:06.0891830Z</when>
        <gx:coord>14.161484 51.35765 775.788</gx:coord>
        <when>2025-01-01T01:25:11.0891830Z</when>
        <gx:coord>14.161034 51.360546 775.788</gx:coord>
        <when>2025-01-01T01:25:16.0891830Z</when>
        <gx:coord>14.160755 51.362457 775.788</gx:coord>
        <when>2025-01-01T01:25:21.0891830Z</when>
        <gx:coord>14.16039 51.365334 774.26404</gx:coord>
        <when>2025-01-01T01:25:26.0891830Z</when>
        <gx:coord>14.160154 51.36722 774.26404</gx:coord>
        <when>2025-01-01T01:25:30.1251830Z</when>
        <gx:coord>14.159961 51.370052 777.3121</gx:coord>
        <when>2025-01-01T01:25:31.0901830Z</when>
        <gx:coord>14.159961 51.370052 777.3121</gx:coord>
        <when>2025-01-01T01:25:32.1181830Z</when>
        <gx:coord>14.159961 51.370052 777.3121</gx:coord>
        <when>2025-01-01T01:25:36.0901830Z</when>
        <gx:coord>14.159961 51.37192 775.788</gx:coord>
        <when>2025-01-01T01:25:41.0901830Z</when>
        <gx:coord>14.160218 51.374752 780.36005</gx:coord>
        <when>2025-01-01T01:25:46.0901830Z</when>
        <gx:coord>14.160498 51.376705 777.3121</gx:coord>
        <when>2025-01-01T01:25:50.1161830Z</when>
        <gx:coord>14.160711 51.3787 772.74005</gx:coord>
        <when>2025-01-01T01:25:51.0901830Z</when>
        <gx:coord>14.1606045 51.379646 775.788</gx:coord>
        <when>2025-01-01T01:25:56.1031830Z</when>
        <gx:coord>14.1600895 51.38149 783.408</gx:coord>
        <when>2025-01-01T01:26:01.0901830Z</when>
        <gx:coord>14.15921 51.384193 781.88403</gx:coord>
        <when>2025-01-01T01:26:06.0901830Z</when>
        <gx:coord>14.1585655 51.386063 777.3121</gx:coord>
        <when>2025-01-01T01:26:06.1241830Z</when>
        <gx:coord>14.158266 51.386982 777.3121</gx:coord>
        <when>2025-01-01T01:26:11.0901830Z</when>
        <gx:coord>14.157686 51.38887 774.26404</gx:coord>
        <when>2025-01-01T01:26:16.0901830Z</when>
        <gx:coord>14.157085 51.39074 775.788</gx:coord>
        <when>2025-01-01T01:26:21.0911830Z</when>
        <gx:coord>14.156184 51.393463 775.788</gx:coord>
        <when>2025-01-01T01:26:26.0901830Z</when>
        <gx:coord>14.155605 51.395267 777.3121</gx:coord>
        <when>2025-01-01T01:26:31.0901830Z</when>
        <gx:coord>14.154833 51.39795 778.83606</gx:coord>
        <when>2025-01-01T01:26:36.0901830Z</when>
        <gx:coord>14.154274 51.399796 778.83606</gx:coord>
        <when>2025-01-01T01:26:41.0911830Z</when>
        <gx:coord>14.153695 51.402668 777.3121</gx:coord>
        <when>2025-01-01T01:26:42.1291830Z</when>
        <gx:coord>14.1535015 51.403633 777.3121</gx:coord>
        <when>2025-01-01T01:26:46.0901830Z</when>
        <gx:coord>14.153266 51.404602 777.3121</gx:coord>
        <when>2025-01-01T01:26:51.0911830Z</when>
        <gx:coord>14.152729 51.407433 777.3121</gx:coord>
        <when>2025-01-01T01:26:56.0921830Z</when>
        <gx:coord>14.1523 51.409298 778.83606</gx:coord>
        <when>2025-01-01T01:27:01.0901830Z</when>
        <gx:coord>14.151699 51.41211 780.36005</gx:coord>
        <when>2025-01-01T01:27:06.0911830Z</when>
        <gx:coord>14.151249 51.413998 777.3121</gx:coord>
        <when>2025-01-01T01:27:11.0911830Z</when>
        <gx:coord>14.150412 51.416874 771.21606</gx:coord>
        <when>2025-01-01T01:27:16.0911830Z</when>
        <gx:coord>14.149919 51.418827 769.692</gx:coord>
        <when>2025-01-01T01:27:18.1271830Z</when>
        <gx:coord>14.14921 51.420757 769.692</gx:coord>
        <when>2025-01-01T01:27:21.0911830Z</when>
        <gx:coord>14.148846 51.421722 774.26404</gx:coord>
        <when>2025-01-01T01:27:26.0911830Z</when>
        <gx:coord>14.148159 51.42361 777.3121</gx:coord>
        <when>2025-01-01T01:27:31.0921830Z</when>
        <gx:coord>14.147129 51.42638 774.26404</gx:coord>
        <when>2025-01-01T01:27:36.0921830Z</when>
        <gx:coord>14.146442 51.428226 774.26404</gx:coord>
        <when>2025-01-01T01:27:41.0921830Z</when>
        <gx:coord>14.145498 51.430992 774.26404</gx:coord>
        <when>2025-01-01T01:27:46.0921830Z</when>
        <gx:coord>14.144918 51.43286 774.26404</gx:coord>
        <when>2025-01-01T01:27:51.0921830Z</when>
        <gx:coord>14.144146 51.43565 777.3121</gx:coord>
        <when>2025-01-01T01:27:54.1141830Z</when>
        <gx:coord>14.143589 51.43756 778.83606</gx:coord>
        <when>2025-01-01T01:27:56.0941830Z</when>
        <gx:coord>14.143589 51.43756 777.3121</gx:coord>
        <when>2025-01-01T01:28:01.0921830Z</when>
        <gx:coord>14.142709 51.4405 772.74005</gx:coord>
        <when>2025-01-01T01:28:06.0921830Z</when>
        <gx:coord>14.14228 51.442493 774.26404</gx:coord>
        <when>2025-01-01T01:28:11.0921830Z</when>
        <gx:coord>14.141615 51.44541 775.788</gx:coord>
        <when>2025-01-01T01:28:16.0921830Z</when>
        <gx:coord>14.141142 51.447323 777.3121</gx:coord>
        <when>2025-01-01T01:28:21.0921830Z</when>
        <gx:coord>14.140413 51.450153 777.3121</gx:coord>
        <when>2025-01-01T01:28:26.0921830Z</when>
        <gx:coord>14.139854 51.452 777.3121</gx:coord>
        <when>2025-01-01T01:28:30.1161830Z</when>
        <gx:coord>14.139018 51.45481 778.83606</gx:coord>
        <when>2025-01-01T01:28:31.0931830Z</when>
        <gx:coord>14.139018 51.45481 778.83606</gx:coord>
        <when>2025-01-01T01:28:36.0931830Z</when>
        <gx:coord>14.138395 51.4567 774.26404</gx:coord>
        <when>2025-01-01T01:28:41.0931830Z</when>
        <gx:coord>14.137451 51.459576 778.83606</gx:coord>
        <when>2025-01-01T01:28:46.0921830Z</when>
        <gx:coord>14.136872 51.46144 780.36005</gx:coord>
        <when>2025-01-01T01:28:51.0921830Z</when>
        <gx:coord>14.135992 51.46423 778.83606</gx:coord>
        <when>2025-01-01T01:28:56.1201830Z</when>
        <gx:coord>14.135435 51.466076 777.3121</gx:coord>
        <when>2025-01-01T01:29:01.0931830Z</when>
        <gx:coord>14.134619 51.468822 777.3121</gx:coord>
        <when>2025-01-01T01:29:06.0931830Z</when>
        <gx:coord>14.134018 51.47067 777.3121</gx:coord>
        <when>2025-01-01T01:29:06.1231830Z</when>
        <gx:coord>14.133675 51.47161 777.3121</gx:coord>
        <when>2025-01-01T01:29:11.0931830Z</when>
        <gx:coord>14.132988 51.473545 777.3121</gx:coord>
        <when>2025-01-01T01:29:16.0931830Z</when>
        <gx:coord>14.132323 51.475494 777.3121</gx:coord>
        <when>2025-01-01T01:29:21.0941830Z</when>
        <gx:coord>14.131422 51.478394 778.83606</gx:coord>
        <when>2025-01-01T01:29:26.0931830Z</when>
        <gx:coord>14.130886 51.480347 778.83606</gx:coord>
        <when>2025-01-01T01:29:31.0941830Z</when>
        <gx:coord>14.130028 51.483242 777.3121</gx:coord>
        <when>2025-01-01T01:29:36.0941830Z</when>
        <gx:coord>14.129469 51.485195 775.788</gx:coord>
        <when>2025-01-01T01:29:40.1221830Z</when>
        <gx:coord>14.1286545 51.488136 774.26404</gx:coord>
        <when>2025-01-01T01:29:41.0931830Z</when>
        <gx:coord>14.1286545 51.488136 774.26404</gx:coord>
        <when>2025-01-01T01:29:46.0941830Z</when>
        <gx:coord>14.128054 51.49009 772.74005</gx:coord>
        <when>2025-01-01T01:29:50.1051830Z</when>
        <gx:coord>14.127431 51.49202 772.74005</gx:coord>
        <when>2025-01-01T01:29:51.0931830Z</when>
        <gx:coord>14.12698 51.49296 772.74005</gx:coord>
        <when>2025-01-01T01:29:54.1211830Z</when>
        <gx:coord>14.126337 51.49382 772.74005</gx:coord>
        <when>2025-01-01T01:29:56.0941830Z</when>
        <gx:coord>14.125543 51.494637 772.74005</gx:coord>
        <when>2025-01-01T01:29:58.1091830Z</when>
        <gx:coord>14.124556 51.495323 769.692</gx:coord>
        <when>2025-01-01T01:30:00.1191830Z</when>
        <gx:coord>14.123397 51.495926 768.168</gx:coord>
        <when>2025-01-01T01:30:01.0941830Z</when>
        <gx:coord>14.122109 51.496353 765.12006</gx:coord>
        <when>2025-01-01T01:30:02.1231830Z</when>
        <gx:coord>14.122109 51.496353 765.12006</gx:coord>
        <when>2025-01-01T01:30:04.1181830Z</when>
        <gx:coord>14.120693 51.496613 762.072</gx:coord>
        <when>2025-01-01T01:30:06.0961830Z</when>
        <gx:coord>14.119234 51.496674 760.54803</gx:coord>
        <when>2025-01-01T01:30:06.1191830Z</when>
        <gx:coord>14.119234 51.496674 760.54803</gx:coord>
        <when>2025-01-01T01:30:08.1001830Z</when>
        <gx:coord>14.117732 51.496548 757.50006</gx:coord>
        <when>2025-01-01T01:30:11.0961830Z</when>
        <gx:coord>14.115007 51.49571 754.452</gx:coord>
        <when>2025-01-01T01:30:12.1161830Z</when>
        <gx:coord>14.115007 51.49571 754.452</gx:coord>
        <when>2025-01-01T01:30:16.0941830Z</when>
        <gx:coord>14.112754 51.494358 757.50006</gx:coord>
        <when>2025-01-01T01:30:21.0941830Z</when>
        <gx:coord>14.109728 51.492233 769.692</gx:coord>
        <when>2025-01-01T01:30:22.1031830Z</when>
        <gx:coord>14.109728 51.492233 769.692</gx:coord>
        <when>2025-01-01T01:30:22.1041830Z</when>
        <gx:coord>14.109728 51.492233 769.692</gx:coord>
        <when>2025-01-01T01:30:24.1231830Z</when>
        <gx:coord>14.108548 51.49172 775.788</gx:coord>
        <when>2025-01-01T01:30:26.0941830Z</when>
        <gx:coord>14.107304 51.491375 783.408</gx:coord>
        <when>2025-01-01T01:30:26.1181830Z</when>
        <gx:coord>14.107304 51.491375 783.408</gx:coord>
        <when>2025-01-01T01:30:28.1071830Z</when>
        <gx:coord>14.105995 51.491203 786.45605</gx:coord>
        <when>2025-01-01T01:30:30.1181830Z</when>
        <gx:coord>14.104664 51.49127 789.504</gx:coord>
        <when>2025-01-01T01:30:31.0951830Z</when>
        <gx:coord>14.103398 51.49148 792.55206</gx:coord>
        <when>2025-01-01T01:30:32.1211830Z</when>
        <gx:coord>14.103398 51.49148 792.55206</gx:coord>
        <when>2025-01-01T01:30:32.1281830Z</when>
        <gx:coord>14.102219 51.491848 792.55206</gx:coord>
        <when>2025-01-01T01:30:36.0941830Z</when>
        <gx:coord>14.101145 51.49234 792.55206</gx:coord>
        <when>2025-01-01T01:30:36.1011830Z</when>
        <gx:coord>14.101145 51.49234 792.55206</gx:coord>
        <when>2025-01-01T01:30:40.1151830Z</when>
        <gx:coord>14.099558 51.493713 789.504</gx:coord>
        <when>2025-01-01T01:30:41.0951830Z</when>
        <gx:coord>14.099064 51.494553 789.504</gx:coord>
        <when>2025-01-01T01:30:44.1141830Z</when>
        <gx:coord>14.098806 51.49543 787.98004</gx:coord>
        <when>2025-01-01T01:30:46.0951830Z</when>
        <gx:coord>14.098806 51.496353 786.45605</gx:coord>
        <when>2025-01-01T01:30:46.1181830Z</when>
        <gx:coord>14.098806 51.496353 786.45605</gx:coord>
        <when>2025-01-01T01:30:48.1171830Z</when>
        <gx:coord>14.099107 51.4973 781.88403</gx:coord>
        <when>2025-01-01T01:30:50.1191830Z</when>
        <gx:coord>14.099708 51.49822 778.83606</gx:coord>
        <when>2025-01-01T01:30:51.0951830Z</when>
        <gx:coord>14.100566 51.499077 774.26404</gx:coord>
        <when>2025-01-01T01:30:54.0921830Z</when>
        <gx:coord>14.10166 51.49987 769.692</gx:coord>
        <when>2025-01-01T01:30:54.0921830Z</when>
        <gx:coord>14.10166 51.49987 769.692</gx:coord>
        <when>2025-01-01T01:30:56.1381830Z</when>
        <gx:coord>14.104514 51.501118 772.74005</gx:coord>
        <when>2025-01-01T01:30:58.1171830Z</when>
        <gx:coord>14.104514 51.501118 772.74005</gx:coord>
        <when>2025-01-01T01:31:01.0951830Z</when>
        <gx:coord>14.107947 51.501804 771.21606</gx:coord>
        <when>2025-01-01T01:31:02.1121830Z</when>
        <gx:coord>14.107947 51.501804 771.21606</gx:coord>
        <when>2025-01-01T01:31:06.0961830Z</when>
        <gx:coord>14.111574 51.501976 771.21606</gx:coord>
        <when>2025-01-01T01:31:11.0961830Z</when>
        <gx:coord>14.1169815 51.50234 769.692</gx:coord>
        <when>2025-01-01T01:31:12.1121830Z</when>
        <gx:coord>14.1169815 51.50234 769.692</gx:coord>
        <when>2025-01-01T01:31:16.0961830Z</when>
        <gx:coord>14.120157 51.50326 777.3121</gx:coord>
        <when>2025-01-01T01:31:16.1241830Z</when>
        <gx:coord>14.120157 51.50326 777.3121</gx:coord>
        <when>2025-01-01T01:31:16.1281830Z</when>
        <gx:coord>14.121509 51.50393 777.3121</gx:coord>
        <when>2025-01-01T01:31:20.1121830Z</when>
        <gx:coord>14.122688 51.504677 787.98004</gx:coord>
        <when>2025-01-01T01:31:21.0951830Z</when>
        <gx:coord>14.123676 51.505493 789.504</gx:coord>
        <when>2025-01-01T01:31:24.1161830Z</when>
        <gx:coord>14.12447 51.50635 791.028</gx:coord>
        <when>2025-01-01T01:31:24.1161830Z</when>
        <gx:coord>14.12447 51.50635 791.028</gx:coord>
        <when>2025-01-01T01:31:26.0951830Z</when>
        <gx:coord>14.125028 51.507275 792.55206</gx:coord>
        <when>2025-01-01T01:31:28.1151830Z</when>
        <gx:coord>14.125371 51.50822 791.028</gx:coord>
        <when>2025-01-01T01:31:30.1371830Z</when>
        <gx:coord>14.125435 51.509163 787.98004</gx:coord>
        <when>2025-01-01T01:31:31.0961830Z</when>
        <gx:coord>14.125285 51.51011 784.93207</gx:coord>
        <when>2025-01-01T01:31:34.1171830Z</when>
        <gx:coord>14.124964 51.511032 781.88403</gx:coord>
        <when>2025-01-01T01:31:36.1291830Z</when>
        <gx:coord>14.12389 51.51279 775.788</gx:coord>
        <when>2025-01-01T01:31:38.1181830Z</when>
        <gx:coord>14.12389 51.51279 775.788</gx:coord>
        <when>2025-01-01T01:31:41.0961830Z</when>
        <gx:coord>14.122238 51.514378 769.692</gx:coord>
        <when>2025-01-01T01:31:42.1241830Z</when>
        <gx:coord>14.122238 51.514378 769.692</gx:coord>
        <when>2025-01-01T01:31:46.0961830Z</when>
        <gx:coord>14.120135 51.51575 774.26404</gx:coord>
        <when>2025-01-01T01:31:51.0961830Z</when>
        <gx:coord>14.117131 51.51777 800.17206</gx:coord>
        <when>2025-01-01T01:31:52.1181830Z</when>
        <gx:coord>14.117131 51.51777 800.17206</gx:coord>
        <when>2025-01-01T01:31:52.1181830Z</when>
        <gx:coord>14.116316 51.518497 806.26807</gx:coord>
        <when>2025-01-01T01:31:54.1201830Z</when>
        <gx:coord>14.116316 51.518497 806.26807</gx:coord>
        <when>2025-01-01T01:31:56.1061830Z</when>
        <gx:coord>14.115586 51.51925 810.84</gx:coord>
        <when>2025-01-01T01:31:58.1281830Z</when>
        <gx:coord>14.114277 51.520794 810.84</gx:coord>
        <when>2025-01-01T01:32:01.0961830Z</when>
        <gx:coord>14.113634 51.52161 804.744</gx:coord>
        <when>2025-01-01T01:32:06.0971830Z</when>
        <gx:coord>14.112496 51.523262 798.6481</gx:coord>
        <when>2025-01-01T01:32:11.0971830Z</when>
        <gx:coord>14.110802 51.525795 800.17206</gx:coord>
        <when>2025-01-01T01:32:16.0971830Z</when>
        <gx:coord>14.109642 51.527447 803.22003</gx:coord>
        <when>2025-01-01T01:32:21.0971830Z</when>
        <gx:coord>14.107776 51.529957 792.55206</gx:coord>
        <when>2025-01-01T01:32:26.0961830Z</when>
        <gx:coord>14.106574 51.53174 789.504</gx:coord>
        <when>2025-01-01T01:32:30.1131830Z</when>
        <gx:coord>14.10548 51.533516 797.124</gx:coord>
        <when>2025-01-01T01:32:31.0961830Z</when>
        <gx:coord>14.104986 51.534397 801.69604</gx:coord>
        <when>2025-01-01T01:32:34.1241830Z</when>
        <gx:coord>14.104042 51.53622 801.69604</gx:coord>
        <when>2025-01-01T01:32:36.0961830Z</when>
        <gx:coord>14.104042 51.53622 801.69604</gx:coord>
        <when>2025-01-01T01:32:36.1161830Z</when>
        <gx:coord>14.104042 51.53622 801.69604</gx:coord>
        <when>2025-01-01T01:32:41.0971830Z</when>
        <gx:coord>14.102861 51.539074 794.076</gx:coord>
        <when>2025-01-01T01:32:46.0971830Z</when>
        <gx:coord>14.102197 51.541008 791.028</gx:coord>
        <when>2025-01-01T01:32:51.0971830Z</when>
        <gx:coord>14.101103 51.54388 789.504</gx:coord>
        <when>2025-01-01T01:32:56.0971830Z</when>
        <gx:coord>14.100351 51.545815 777.3121</gx:coord>
        <when>2025-01-01T01:32:56.1181830Z</when>
        <gx:coord>14.099965 51.5468 775.788</gx:coord>
        <when>2025-01-01T01:33:01.0971830Z</when>
        <gx:coord>14.099215 51.548733 774.26404</gx:coord>
        <when>2025-01-01T01:33:06.0981830Z</when>
        <gx:coord>14.098463 51.550682 769.692</gx:coord>
        <when>2025-01-01T01:33:08.1241830Z</when>
        <gx:coord>14.0977335 51.552616 768.168</gx:coord>
        <when>2025-01-01T01:33:11.0971830Z</when>
        <gx:coord>14.097368 51.553604 768.168</gx:coord>
        <when>2025-01-01T01:33:16.0981830Z</when>
        <gx:coord>14.09664 51.555553 766.64404</gx:coord>
        <when>2025-01-01T01:33:21.0981830Z</when>
        <gx:coord>14.095566 51.55847 766.64404</gx:coord>
        <when>2025-01-01T01:33:26.0971830Z</when>
        <gx:coord>14.094879 51.560448 765.12006</gx:coord>
        <when>2025-01-01T01:33:31.0981830Z</when>
        <gx:coord>14.093828 51.563343 766.64404</gx:coord>
        <when>2025-01-01T01:33:36.0981830Z</when>
        <gx:coord>14.093163 51.565254 766.64404</gx:coord>
        <when>2025-01-01T01:33:41.0981830Z</when>
        <gx:coord>14.09224 51.568085 765.12006</gx:coord>
        <when>2025-01-01T01:33:42.1241830Z</when>
        <gx:coord>14.091919 51.569008 765.12006</gx:coord>
        <when>2025-01-01T01:33:46.0981830Z</when>
        <gx:coord>14.091618 51.56993 766.64404</gx:coord>
        <when>2025-01-01T01:33:51.0991830Z</when>
        <gx:coord>14.090717 51.572742 763.59607</gx:coord>
        <when>2025-01-01T01:33:56.1231830Z</when>
        <gx:coord>14.090095 51.574608 765.12006</gx:coord>
        <when>2025-01-01T01:34:01.0991830Z</when>
        <gx:coord>14.0891285 51.577354 762.072</gx:coord>
        <when>2025-01-01T01:34:06.0981830Z</when>
        <gx:coord>14.088507 51.5792 762.072</gx:coord>
        <when>2025-01-01T01:34:11.0991830Z</when>
        <gx:coord>14.087498 51.581905 759.02405</gx:coord>
        <when>2025-01-01T01:34:16.0991830Z</when>
        <gx:coord>14.086811 51.583687 769.692</gx:coord>
        <when>2025-01-01T01:34:18.1171830Z</when>
        <gx:coord>14.08621 51.58547 769.692</gx:coord>
        <when>2025-01-01T01:34:21.0991830Z</when>
        <gx:coord>14.085889 51.586346 772.74005</gx:coord>
        <when>2025-01-01T01:34:26.0981830Z</when>
        <gx:coord>14.085245 51.588127 772.74005</gx:coord>
        <when>2025-01-01T01:34:31.0991830Z</when>
        <gx:coord>14.084215 51.590744 774.26404</gx:coord>
        <when>2025-01-01T01:34:36.1001830Z</when>
        <gx:coord>14.0835495 51.592484 775.788</gx:coord>
        <when>2025-01-01T01:34:36.1181830Z</when>
        <gx:coord>14.0835495 51.592484 775.788</gx:coord>
        <when>2025-01-01T01:34:41.1001830Z</when>
        <gx:coord>14.082563 51.59508 765.12006</gx:coord>
        <when>2025-01-01T01:34:46.1001830Z</when>
        <gx:coord>14.081833 51.596817 765.12006</gx:coord>
        <when>2025-01-01T01:34:51.1001830Z</when>
        <gx:coord>14.080825 51.599545 766.64404</gx:coord>
        <when>2025-01-01T01:34:52.1181830Z</when>
        <gx:coord>14.080825 51.599545 766.64404</gx:coord>
        <when>2025-01-01T01:34:56.1001830Z</when>
        <gx:coord>14.080246 51.601475 760.54803</gx:coord>
        <when>2025-01-01T01:34:56.1291830Z</when>
        <gx:coord>14.079945 51.60244 760.54803</gx:coord>
        <when>2025-01-01T01:35:01.1001830Z</when>
        <gx:coord>14.079366 51.60435 763.59607</gx:coord>
        <when>2025-01-01T01:35:06.1001830Z</when>
        <gx:coord>14.078808 51.606216 766.64404</gx:coord>
        <when>2025-01-01T01:35:11.1001830Z</when>
        <gx:coord>14.077885 51.60894 766.64404</gx:coord>
        <when>2025-01-01T01:35:16.1001830Z</when>
        <gx:coord>14.077156 51.610744 766.64404</gx:coord>
        <when>2025-01-01T01:35:21.1001830Z</when>
        <gx:coord>14.076126 51.613533 768.168</gx:coord>
        <when>2025-01-01T01:35:26.1001830Z</when>
        <gx:coord>14.075481 51.615444 768.168</gx:coord>
        <when>2025-01-01T01:35:31.1011830Z</when>
        <gx:coord>14.074451 51.618317 768.168</gx:coord>
        <when>2025-01-01T01:35:32.1241830Z</when>
        <gx:coord>14.07413 51.619263 768.168</gx:coord>
        <when>2025-01-01T01:35:36.1011830Z</when>
        <gx:coord>14.07383 51.620228 769.692</gx:coord>
        <when>2025-01-01T01:35:41.1001830Z</when>
        <gx:coord>14.07295 51.623062 768.168</gx:coord>
        <when>2025-01-01T01:35:46.1001830Z</when>
        <gx:coord>14.07235 51.624928 766.64404</gx:coord>
        <when>2025-01-01T01:35:51.1001830Z</when>
        <gx:coord>14.071276 51.627697 766.64404</gx:coord>
        <when>2025-01-01T01:35:56.1081830Z</when>
        <gx:coord>14.070525 51.629562 766.64404</gx:coord>
        <when>2025-01-01T01:36:01.1011830Z</when>
        <gx:coord>14.069495 51.632393 768.168</gx:coord>
        <when>2025-01-01T01:36:06.1011830Z</when>
        <gx:coord>14.068766 51.634285 765.12006</gx:coord>
        <when>2025-01-01T01:36:08.1241830Z</when>
        <gx:coord>14.068079 51.63617 765.12006</gx:coord>
        <when>2025-01-01T01:36:11.1011830Z</when>
        <gx:coord>14.067757 51.637115 768.168</gx:coord>
        <when>2025-01-01T01:36:16.1031830Z</when>
        <gx:coord>14.067178 51.63896 769.692</gx:coord>
        <when>2025-01-01T01:36:39.6811830Z</when>
        <gx:coord>14.062929 51.65012 768.168</gx:coord>
        <when>2025-01-01T01:36:44.1181830Z</when>
        <gx:coord>14.061899 51.652843 768.168</gx:coord>
        <when>2025-01-01T01:36:44.6821830Z</when>
        <gx:coord>14.061899 51.652843 768.168</gx:coord>
        <when>2025-01-01T01:36:49.6821830Z</when>
        <gx:coord>14.061277 51.654667 768.168</gx:coord>
        <when>2025-01-01T01:36:54.6821830Z</when>
        <gx:coord>14.06044 51.657455 768.168</gx:coord>
        <when>2025-01-01T01:36:59.6821830Z</when>
        <gx:coord>14.059925 51.659325 768.168</gx:coord>
        <when>2025-01-01T01:37:04.6831830Z</when>
        <gx:coord>14.059132 51.662094 768.168</gx:coord>
        <when>2025-01-01T01:37:09.6821830Z</when>
        <gx:coord>14.058552 51.66396 768.168</gx:coord>
        <when>2025-01-01T01:37:14.6831830Z</when>
        <gx:coord>14.057587 51.66679 765.12006</gx:coord>
        <when>2025-01-01T01:37:19.6831830Z</when>
        <gx:coord>14.0569 51.6687 765.12006</gx:coord>
        <when>2025-01-01T01:37:20.1211830Z</when>
        <gx:coord>14.056557 51.669666 765.12006</gx:coord>
        <when>2025-01-01T01:37:24.6831830Z</when>
        <gx:coord>14.055848 51.671597 765.12006</gx:coord>
        <when>2025-01-01T01:37:29.6831830Z</when>
        <gx:coord>14.055247 51.673573 762.072</gx:coord>
        <when>2025-01-01T01:37:34.6831830Z</when>
        <gx:coord>14.054325 51.676575 762.072</gx:coord>
        <when>2025-01-01T01:37:39.6891830Z</when>
        <gx:coord>14.053659 51.678528 766.64404</gx:coord>
        <when>2025-01-01T01:37:44.6831830Z</when>
        <gx:coord>14.052715 51.681427 765.12006</gx:coord>
        <when>2025-01-01T01:37:49.6831830Z</when>
        <gx:coord>14.052072 51.683357 762.072</gx:coord>
        <when>2025-01-01T01:37:54.1181830Z</when>
        <gx:coord>14.050934 51.68617 762.072</gx:coord>
        <when>2025-01-01T01:37:54.6841830Z</when>
        <gx:coord>14.050934 51.68617 762.072</gx:coord>
        <when>2025-01-01T01:37:59.6841830Z</when>
        <gx:coord>14.050097 51.687992 762.072</gx:coord>
        <when>2025-01-01T01:38:04.6831830Z</when>
        <gx:coord>14.049046 51.690758 763.59607</gx:coord>
        <when>2025-01-01T01:38:09.6831830Z</when>
        <gx:coord>14.048424 51.69265 762.072</gx:coord>
        <when>2025-01-01T01:38:14.6841830Z</when>
        <gx:coord>14.04748 51.695503 762.072</gx:coord>
        <when>2025-01-01T01:38:19.6841830Z</when>
        <gx:coord>14.046836 51.69741 762.072</gx:coord>
        <when>2025-01-01T01:38:24.6841830Z</when>
        <gx:coord>14.045849 51.700222 763.59607</gx:coord>
        <when>2025-01-01T01:38:29.6841830Z</when>
        <gx:coord>14.045205 51.70207 763.59607</gx:coord>
        <when>2025-01-01T01:38:30.1191830Z</when>
        <gx:coord>14.044884 51.70299 763.59607</gx:coord>
        <when>2025-01-01T01:38:34.6841830Z</when>
        <gx:coord>14.044261 51.704815 765.12006</gx:coord>
        <when>2025-01-01T01:38:39.6951830Z</when>
        <gx:coord>14.043617 51.706596 765.12006</gx:coord>
        <when>2025-01-01T01:38:44.6851830Z</when>
        <gx:coord>14.042566 51.709255 766.64404</gx:coord>
        <when>2025-01-01T01:38:49.6851830Z</when>
        <gx:coord>14.0419655 51.71106 765.12006</gx:coord>
        <when>2025-01-01T01:38:54.6851830Z</when>
        <gx:coord>14.040999 51.71372 766.64404</gx:coord>
        <when>2025-01-01T01:38:59.6851830Z</when>
        <gx:coord>14.040335 51.7155 766.64404</gx:coord>
        <when>2025-01-01T01:39:04.6851830Z</when>
        <gx:coord>14.039347 51.71814 766.64404</gx:coord>
        <when>2025-01-01T01:39:08.1191830Z</when>
        <gx:coord>14.038746 51.71992 766.64404</gx:coord>
        <when>2025-01-01T01:39:09.6851830Z</when>
        <gx:coord>14.038746 51.71992 766.64404</gx:coord>
        <when>2025-01-01T01:39:14.6851830Z</when>
        <gx:coord>14.037867 51.722603 766.64404</gx:coord>
        <when>2025-01-01T01:39:19.6851830Z</when>
        <gx:coord>14.037266 51.724384 766.64404</gx:coord>
        <when>2025-01-01T01:39:24.6851830Z</when>
        <gx:coord>14.036365 51.727043 766.64404</gx:coord>
        <when>2025-01-01T01:39:29.6851830Z</when>
        <gx:coord>14.035721 51.728825 766.64404</gx:coord>
        <when>2025-01-01T01:39:34.6851830Z</when>
        <gx:coord>14.034756 51.731487 766.64404</gx:coord>
        <when>2025-01-01T01:39:39.6931830Z</when>
        <gx:coord>14.034197 51.733246 766.64404</gx:coord>
        <when>2025-01-01T01:39:44.6861830Z</when>
        <gx:coord>14.033382 51.735886 765.12006</gx:coord>
        <when>2025-01-01T01:39:46.1181830Z</when>
        <gx:coord>14.033382 51.735886 765.12006</gx:coord>
        <when>2025-01-01T01:39:46.1221830Z</when>
        <gx:coord>14.033081 51.736744 765.12006</gx:coord>
        <when>2025-01-01T01:39:49.6851830Z</when>
        <gx:coord>14.032782 51.737602 763.59607</gx:coord>
        <when>2025-01-01T01:39:54.6861830Z</when>
        <gx:coord>14.032073 51.740196 766.64404</gx:coord>
        <when>2025-01-01T01:39:59.6861830Z</when>
        <gx:coord>14.031494 51.74196 768.168</gx:coord>
        <when>2025-01-01T01:40:04.6861830Z</when>
        <gx:coord>14.03055 51.744617 765.12006</gx:coord>
        <when>2025-01-01T01:40:09.6851830Z</when>
        <gx:coord>14.030013 51.74644 763.59607</gx:coord>
        <when>2025-01-01T01:40:14.6861830Z</when>
        <gx:coord>14.029177 51.749123 762.072</gx:coord>
        <when>2025-01-01T01:40:19.6861830Z</when>
        <gx:coord>14.028597 51.750904 768.39404</gx:coord>
        <when>2025-01-01T01:40:24.1191830Z</when>
        <gx:coord>14.027739 51.753544 769.918</gx:coord>
        <when>2025-01-01T01:40:24.6861830Z</when>
        <gx:coord>14.027739 51.753544 769.918</gx:coord>
        <when>2025-01-01T01:40:29.6871830Z</when>
        <gx:coord>14.027159 51.755325 771.442</gx:coord>
        <when>2025-01-01T01:40:34.6881830Z</when>
        <gx:coord>14.0263 51.75803 771.442</gx:coord>
        <when>2025-01-01T01:40:39.7011830Z</when>
        <gx:coord>14.025679 51.75981 774.49005</gx:coord>
        <when>2025-01-01T01:40:44.6871830Z</when>
        <gx:coord>14.024841 51.762577 769.918</gx:coord>
        <when>2025-01-01T01:40:46.1161830Z</when>
        <gx:coord>14.024841 51.762577 769.918</gx:coord>
        <when>2025-01-01T01:40:49.6871830Z</when>
        <gx:coord>14.0242405 51.76449 766.87006</gx:coord>
        <when>2025-01-01T01:40:54.6871830Z</when>
        <gx:coord>14.023039 51.767235 774.49005</gx:coord>
        <when>2025-01-01T01:40:59.6871830Z</when>
        <gx:coord>14.02231 51.76906 774.49005</gx:coord>
        <when>2025-01-01T01:41:00.1151830Z</when>
        <gx:coord>14.021967 51.76996 774.49005</gx:coord>
        <when>2025-01-01T01:41:04.6871830Z</when>
        <gx:coord>14.02128 51.771763 772.96606</gx:coord>
        <when>2025-01-01T01:41:09.6871830Z</when>
        <gx:coord>14.02055 51.773586 771.442</gx:coord>
        <when>2025-01-01T01:41:14.6871830Z</when>
        <gx:coord>14.019691 51.77631 771.442</gx:coord>
        <when>2025-01-01T01:41:21.8911830Z</when>
        <gx:coord>14.018963 51.779102 769.918</gx:coord>
        <when>2025-01-01T01:41:24.6871830Z</when>
        <gx:coord>14.018448 51.780903 772.96606</gx:coord>
        <when>2025-01-01T01:41:29.6871830Z</when>
        <gx:coord>14.017911 51.782684 772.96606</gx:coord>
        <when>2025-01-01T01:41:34.6881830Z</when>
        <gx:coord>14.0171385 51.785324 774.49005</gx:coord>
        <when>2025-01-01T01:41:38.1141830Z</when>
        <gx:coord>14.016581 51.787083 774.49005</gx:coord>
        <when>2025-01-01T01:41:39.6981830Z</when>
        <gx:coord>14.016581 51.787083 774.49005</gx:coord>
        <when>2025-01-01T01:41:44.6921830Z</when>
        <gx:coord>14.015765 51.789745 772.96606</gx:coord>
        <when>2025-01-01T01:41:49.6881830Z</when>
        <gx:coord>14.015142 51.791504 772.96606</gx:coord>
        <when>2025-01-01T01:41:54.6871830Z</when>
        <gx:coord>14.014284 51.794144 772.96606</gx:coord>
        <when>2025-01-01T01:41:56.1121830Z</when>
        <gx:coord>14.014284 51.794144 772.96606</gx:coord>
        <when>2025-01-01T01:41:59.6881830Z</when>
        <gx:coord>14.013641 51.79586 772.96606</gx:coord>
        <when>2025-01-01T01:42:04.6881830Z</when>
        <gx:coord>14.012825 51.798454 771.442</gx:coord>
        <when>2025-01-01T01:42:09.6881830Z</when>
        <gx:coord>14.012375 51.800236 769.918</gx:coord>
        <when>2025-01-01T01:42:14.6881830Z</when>
        <gx:coord>14.011602 51.802963 772.96606</gx:coord>
        <when>2025-01-01T01:42:16.1251830Z</when>
        <gx:coord>14.011302 51.803864 772.96606</gx:coord>
        <when>2025-01-01T01:42:19.6881830Z</when>
        <gx:coord>14.011002 51.804764 771.442</gx:coord>
        <when>2025-01-01T01:42:24.6891830Z</when>
        <gx:coord>14.010015 51.807426 769.918</gx:coord>
        <when>2025-01-01T01:42:29.6891830Z</when>
        <gx:coord>14.009328 51.809162 768.39404</gx:coord>
        <when>2025-01-01T01:42:34.6891830Z</when>
        <gx:coord>14.008384 51.811737 766.87006</gx:coord>
        <when>2025-01-01T01:42:39.6961830Z</when>
        <gx:coord>14.007933 51.813477 766.87006</gx:coord>
        <when>2025-01-01T01:42:40.1181830Z</when>
        <gx:coord>14.007933 51.813477 766.87006</gx:coord>
        <when>2025-01-01T01:42:44.6891830Z</when>
        <gx:coord>14.007376 51.816093 766.87006</gx:coord>
        <when>2025-01-01T01:42:49.6891830Z</when>
        <gx:coord>14.006968 51.817833 768.39404</gx:coord>
        <when>2025-01-01T01:42:54.1241830Z</when>
        <gx:coord>14.006432 51.820557 766.87006</gx:coord>
        <when>2025-01-01T01:42:54.6891830Z</when>
        <gx:coord>14.006432 51.820557 766.87006</gx:coord>
        <when>2025-01-01T01:42:59.6881830Z</when>
        <gx:coord>14.006088 51.82238 766.87006</gx:coord>
        <when>2025-01-01T01:43:04.6891830Z</when>
        <gx:coord>14.005551 51.825085 765.346</gx:coord>
        <when>2025-01-01T01:43:09.6891830Z</when>
        <gx:coord>14.005165 51.82689 763.822</gx:coord>
        <when>2025-01-01T01:43:14.6901830Z</when>
        <gx:coord>14.004629 51.829613 760.77405</gx:coord>
        <when>2025-01-01T01:43:19.6901830Z</when>
        <gx:coord>14.004242 51.831436 759.25006</gx:coord>
        <when>2025-01-01T01:43:24.6901830Z</when>
        <gx:coord>14.003792 51.83414 772.96606</gx:coord>
        <when>2025-01-01T01:43:29.6901830Z</when>
        <gx:coord>14.003491 51.835964 772.96606</gx:coord>
        <when>2025-01-01T01:43:32.1341830Z</when>
        <gx:coord>14.003126 51.837746 772.96606</gx:coord>
        <when>2025-01-01T01:43:38.0441830Z</when>
        <gx:coord>14.002741 51.839527 776.01404</gx:coord>
        <when>2025-01-01T01:43:39.7011830Z</when>
        <gx:coord>14.002569 51.840427 774.49005</gx:coord>
        <when>2025-01-01T01:43:44.6901830Z</when>
        <gx:coord>14.00214 51.843086 774.49005</gx:coord>
        <when>2025-01-01T01:43:49.6901830Z</when>
        <gx:coord>14.001883 51.84489 772.96606</gx:coord>
        <when>2025-01-01T01:43:54.6901830Z</when>
        <gx:coord>14.001346 51.84768 774.49005</gx:coord>
        <when>2025-01-01T01:43:59.6901830Z</when>
        <gx:coord>14.000938 51.84959 772.96606</gx:coord>
        <when>2025-01-01T01:44:00.1171830Z</when>
        <gx:coord>14.000938 51.84959 772.96606</gx:coord>
        <when>2025-01-01T01:44:04.6911830Z</when>
        <gx:coord>14.00023 51.852463 777.538</gx:coord>
        <when>2025-01-01T01:44:08.1251830Z</when>
        <gx:coord>13.999865 51.854374 776.01404</gx:coord>
        <when>2025-01-01T01:44:09.6921830Z</when>
        <gx:coord>13.999865 51.854374 765.346</gx:coord>
        <when>2025-01-01T01:44:14.6911830Z</when>
        <gx:coord>13.999435 51.857334 757.726</gx:coord>
        <when>2025-01-01T01:44:19.6911830Z</when>
        <gx:coord>13.999092 51.859287 759.25006</gx:coord>
        <when>2025-01-01T01:44:24.6911830Z</when>
        <gx:coord>13.99847 51.86212 763.822</gx:coord>
        <when>2025-01-01T01:44:29.6911830Z</when>
        <gx:coord>13.998084 51.863968 765.346</gx:coord>
        <when>2025-01-01T01:44:34.6911830Z</when>
        <gx:coord>13.997547 51.866734 765.346</gx:coord>
        <when>2025-01-01T01:44:39.6991830Z</when>
        <gx:coord>13.997183 51.868557 766.87006</gx:coord>
        <when>2025-01-01T01:44:44.1221830Z</when>
        <gx:coord>13.996711 51.871284 765.346</gx:coord>
        <when>2025-01-01T01:44:44.6911830Z</when>
        <gx:coord>13.996711 51.871284 763.822</gx:coord>
        <when>2025-01-01T01:44:49.6921830Z</when>
        <gx:coord>13.99641 51.873085 762.29803</gx:coord>
        <when>2025-01-01T01:44:54.6921830Z</when>
        <gx:coord>13.995852 51.87579 765.346</gx:coord>
        <when>2025-01-01T01:44:59.6921830Z</when>
        <gx:coord>13.995531 51.877613 768.39404</gx:coord>
        <when>2025-01-01T01:45:04.6921830Z</when>
        <gx:coord>13.994951 51.880295 771.442</gx:coord>
        <when>2025-01-01T01:45:09.6911830Z</when>
        <gx:coord>13.994587 51.8821 769.918</gx:coord>
        <when>2025-01-01T01:45:14.6921830Z</when>
        <gx:coord>13.994028 51.884846 766.87006</gx:coord>
        <when>2025-01-01T01:45:19.6921830Z</when>
        <gx:coord>13.993643 51.88669 768.39404</gx:coord>
        <when>2025-01-01T01:45:22.1221830Z</when>
        <gx:coord>13.9932995 51.88851 768.39404</gx:coord>
        <when>2025-01-01T01:45:24.6921830Z</when>
        <gx:coord>13.993128 51.889435 768.39404</gx:coord>
        <when>2025-01-01T01:45:29.6921830Z</when>
        <gx:coord>13.9927845 51.89126 768.39404</gx:coord>
        <when>2025-01-01T01:45:34.6921830Z</when>
        <gx:coord>13.992076 51.893986 768.39404</gx:coord>
        <when>2025-01-01T01:45:39.7061830Z</when>
        <gx:coord>13.991647 51.89581 768.39404</gx:coord>
        <when>2025-01-01T01:45:44.6931830Z</when>
        <gx:coord>13.991068 51.89858 769.918</gx:coord>
        <when>2025-01-01T01:45:49.6931830Z</when>
        <gx:coord>13.990617 51.900402 769.918</gx:coord>
        <when>2025-01-01T01:45:54.6931830Z</when>
        <gx:coord>13.989908 51.903126 768.39404</gx:coord>
        <when>2025-01-01T01:45:59.6931830Z</when>
        <gx:coord>13.989415 51.90495 766.87006</gx:coord>
        <when>2025-01-01T01:46:00.1221830Z</when>
        <gx:coord>13.98918 51.905872 766.87006</gx:coord>
        <when>2025-01-01T01:46:04.6931830Z</when>
        <gx:coord>13.988857 51.90772 768.39404</gx:coord>
        <when>2025-01-01T01:46:09.6931830Z</when>
        <gx:coord>13.988579 51.909565 766.87006</gx:coord>
        <when>2025-01-01T01:46:14.6931830Z</when>
        <gx:coord>13.988042 51.91233 766.87006</gx:coord>
        <when>2025-01-01T01:46:19.6931830Z</when>
        <gx:coord>13.987505 51.914177 768.39404</gx:coord>
        <when>2025-01-01T01:46:24.6941830Z</when>
        <gx:coord>13.986969 51.91703 762.29803</gx:coord>
        <when>2025-01-01T01:46:29.6941830Z</when>
        <gx:coord>13.986647 51.91896 762.29803</gx:coord>
        <when>2025-01-01T01:46:34.6941830Z</when>
        <gx:coord>13.9861965 51.92188 763.822</gx:coord>
        <when>2025-01-01T01:46:36.1261830Z</when>
        <gx:coord>13.986025 51.922844 763.822</gx:coord>
        <when>2025-01-01T01:46:39.7261830Z</when>
        <gx:coord>13.985832 51.923813 762.29803</gx:coord>
        <when>2025-01-01T01:46:44.6941830Z</when>
        <gx:coord>13.985231 51.92673 760.77405</gx:coord>
        <when>2025-01-01T01:46:49.6941830Z</when>
        <gx:coord>13.984844 51.92868 762.29803</gx:coord>
        <when>2025-01-01T01:46:54.6941830Z</when>
        <gx:coord>13.984222 51.931602 763.822</gx:coord>
        <when>2025-01-01T01:46:59.6941830Z</when>
        <gx:coord>13.983814 51.933575 763.822</gx:coord>
        <when>2025-01-01T01:47:04.6941830Z</when>
        <gx:coord>13.982956 51.9366 760.77405</gx:coord>
        <when>2025-01-01T01:47:09.6941830Z</when>
        <gx:coord>13.982377 51.938637 763.822</gx:coord>
        <when>2025-01-01T01:47:10.1251830Z</when>
        <gx:coord>13.982077 51.939667 763.822</gx:coord>
        <when>2025-01-01T01:47:14.6951830Z</when>
        <gx:coord>13.981497 51.941727 760.77405</gx:coord>
        <when>2025-01-01T01:47:19.6951830Z</when>
        <gx:coord>13.981047 51.943787 760.77405</gx:coord>
        <when>2025-01-01T01:47:24.6951830Z</when>
        <gx:coord>13.980575 51.946857 760.77405</gx:coord>
        <when>2025-01-01T01:47:29.6951830Z</when>
        <gx:coord>13.980295 51.948875 762.29803</gx:coord>
        <when>2025-01-01T01:47:34.6951830Z</when>
        <gx:coord>13.979694 51.951836 765.346</gx:coord>
        <when>2025-01-01T01:47:39.7011830Z</when>
        <gx:coord>13.979223 51.953766 765.346</gx:coord>
        <when>2025-01-01T01:47:44.1211830Z</when>
        <gx:coord>13.978321 51.9566 763.822</gx:coord>
        <when>2025-01-01T01:47:44.6941830Z</when>
        <gx:coord>13.978321 51.9566 765.346</gx:coord>
        <when>2025-01-01T01:47:49.6951830Z</when>
        <gx:coord>13.977828 51.95849 763.822</gx:coord>
        <when>2025-01-01T01:47:54.6951830Z</when>
        <gx:coord>13.977034 51.96136 762.29803</gx:coord>
        <when>2025-01-01T01:47:59.6951830Z</when>
        <gx:coord>13.976433 51.963295 762.29803</gx:coord>
        <when>2025-01-01T01:48:04.6961830Z</when>
        <gx:coord>13.9755745 51.966125 762.29803</gx:coord>
        <when>2025-01-01T01:48:09.6951830Z</when>
        <gx:coord>13.975103 51.968037 763.822</gx:coord>
        <when>2025-01-01T01:48:14.6961830Z</when>
        <gx:coord>13.974524 51.970848 765.346</gx:coord>
        <when>2025-01-01T01:48:19.6961830Z</when>
        <gx:coord>13.974159 51.97267 766.87006</gx:coord>
        <when>2025-01-01T01:48:20.1261830Z</when>
        <gx:coord>13.973944 51.97357 766.87006</gx:coord>
        <when>2025-01-01T01:48:24.6961830Z</when>
        <gx:coord>13.973494 51.975372 763.822</gx:coord>
        <when>2025-01-01T01:48:28.1181830Z</when>
        <gx:coord>13.973257 51.976254 763.822</gx:coord>
        <when>2025-01-01T01:48:29.6961830Z</when>
        <gx:coord>13.9730215 51.977135 763.822</gx:coord>
        <when>2025-01-01T01:48:34.6961830Z</when>
        <gx:coord>13.972399 51.97973 765.346</gx:coord>
        <when>2025-01-01T01:48:39.6951830Z</when>
        <gx:coord>13.97197 51.98147 766.87006</gx:coord>
        <when>2025-01-01T01:48:44.6961830Z</when>
        <gx:coord>13.971219 51.984066 766.87006</gx:coord>
        <when>2025-01-01T01:48:49.7001830Z</when>
        <gx:coord>13.970575 51.985825 763.822</gx:coord>
        <when>2025-01-01T01:48:52.2091830Z</when>
        <gx:coord>13.969954 51.987583 766.87006</gx:coord>
        <when>2025-01-01T01:49:02.9531830Z</when>
        <gx:coord>13.969288 51.990246 768.39404</gx:coord>
        <when>2025-01-01T01:49:03.4611830Z</when>
        <gx:coord>13.968902 51.992027 766.87006</gx:coord>
        <when>2025-01-01T01:49:08.4621830Z</when>
        <gx:coord>13.968451 51.994194 765.346</gx:coord>
        <when>2025-01-01T01:49:13.4621830Z</when>
        <gx:coord>13.9679575 51.99638 765.346</gx:coord>
        <when>2025-01-01T01:49:21.6711830Z</when>
        <gx:coord>13.966949 51.999985 765.346</gx:coord>
        <when>2025-01-01T01:49:25.8131830Z</when>
        <gx:coord>13.966284 52.001854 765.346</gx:coord>
        <when>2025-01-01T01:49:26.6721830Z</when>
        <gx:coord>13.966112 52.002346 766.87006</gx:coord>
        <when>2025-01-01T01:49:31.6721830Z</when>
        <gx:coord>13.9654255 52.00479 762.29803</gx:coord>
        <when>2025-01-01T01:49:34.8171830Z</when>
        <gx:coord>13.964975 52.006767 762.29803</gx:coord>
        <when>2025-01-01T01:49:36.6731830Z</when>
        <gx:coord>13.964846 52.00724 762.29803</gx:coord>
        <when>2025-01-01T01:49:41.6731830Z</when>
        <gx:coord>13.964181 52.00962 763.822</gx:coord>
        <when>2025-01-01T01:49:46.6731830Z</when>
        <gx:coord>13.963494 52.01194 763.822</gx:coord>
        <when>2025-01-01T01:49:51.6731830Z</when>
        <gx:coord>13.962872 52.014233 759.25006</gx:coord>
        <when>2025-01-01T01:49:56.6731830Z</when>
        <gx:coord>13.96225 52.01657 751.63007</gx:coord>
        <when>2025-01-01T01:50:01.6731830Z</when>
        <gx:coord>13.961628 52.018913 750.106</gx:coord>
        <when>2025-01-01T01:50:06.6731830Z</when>
        <gx:coord>13.960983 52.02121 745.53406</gx:coord>
        <when>2025-01-01T01:50:20.7661830Z</when>
        <gx:coord>13.960169 52.023502 745.53406</gx:coord>
        <when>2025-01-01T01:50:20.7671830Z</when>
        <gx:coord>13.960169 52.023502 744.01</gx:coord>
        <when>2025-01-01T01:50:21.2671830Z</when>
        <gx:coord>13.958645 52.028095 745.53406</gx:coord>
        <when>2025-01-01T01:50:26.2681830Z</when>
        <gx:coord>13.958109 52.03037 745.53406</gx:coord>
        <when>2025-01-01T01:50:31.2681830Z</when>
        <gx:coord>13.957594 52.03269 745.53406</gx:coord>
        <when>2025-01-01T01:50:36.2681830Z</when>
        <gx:coord>13.956863 52.035027 753.15405</gx:coord>
        <when>2025-01-01T01:50:41.2681830Z</when>
        <gx:coord>13.95607 52.03747 748.58203</gx:coord>
        <when>2025-01-01T01:50:45.8101830Z</when>
        <gx:coord>13.955469 52.040028 736.39</gx:coord>
        <when>2025-01-01T01:50:46.2681830Z</when>
        <gx:coord>13.955469 52.040028 734.866</gx:coord>
        <when>2025-01-01T01:50:51.2701830Z</when>
        <gx:coord>13.954889 52.042557 739.43805</gx:coord>
        <when>2025-01-01T01:50:56.2711830Z</when>
        <gx:coord>13.954353 52.044983 742.486</gx:coord>
        <when>2025-01-01T01:51:01.2691830Z</when>
        <gx:coord>13.953688 52.047363 744.01</gx:coord>
        <when>2025-01-01T01:51:06.2691830Z</when>
        <gx:coord>13.953001 52.049706 744.01</gx:coord>
        <when>2025-01-01T01:51:11.2691830Z</when>
        <gx:coord>13.952272 52.052063 737.91406</gx:coord>
        <when>2025-01-01T01:51:16.2691830Z</when>
        <gx:coord>13.951521 52.054424 737.91406</gx:coord>
        <when>2025-01-01T01:51:20.8191830Z</when>
        <gx:coord>13.950834 52.056763 737.91406</gx:coord>
        <when>2025-01-01T01:51:21.2781830Z</when>
        <gx:coord>13.950834 52.056763 737.91406</gx:coord>
        <when>2025-01-01T01:51:26.2691830Z</when>
        <gx:coord>13.950083 52.059036 737.91406</gx:coord>
        <when>2025-01-01T01:51:31.2691830Z</when>
        <gx:coord>13.949332 52.06129 736.39</gx:coord>
        <when>2025-01-01T01:51:36.2691830Z</when>
        <gx:coord>13.948624 52.063522 737.91406</gx:coord>
        <when>2025-01-01T01:51:41.2691830Z</when>
        <gx:coord>13.947873 52.065796 737.91406</gx:coord>
        <when>2025-01-01T01:51:46.2701830Z</when>
        <gx:coord>13.947123 52.068092 737.91406</gx:coord>
        <when>2025-01-01T01:51:51.2691830Z</when>
        <gx:coord>13.946285 52.07041 737.91406</gx:coord>
        <when>2025-01-01T01:51:56.2701830Z</when>
        <gx:coord>13.945513 52.07277 736.39</gx:coord>
        <when>2025-01-01T01:51:56.8211830Z</when>
        <gx:coord>13.945384 52.073242 736.39</gx:coord>
        <when>2025-01-01T01:52:01.2701830Z</when>
        <gx:coord>13.944847 52.07511 734.866</gx:coord>
        <when>2025-01-01T01:52:06.2701830Z</when>
        <gx:coord>13.9441395 52.077427 730.29407</gx:coord>
        <when>2025-01-01T01:52:11.2701830Z</when>
        <gx:coord>13.943346 52.07968 731.81805</gx:coord>
        <when>2025-01-01T01:52:15.8151830Z</when>
        <gx:coord>13.942701 52.081417 731.81805</gx:coord>
        <when>2025-01-01T01:52:16.2701830Z</when>
        <gx:coord>13.94253 52.08185 731.81805</gx:coord>
        <when>2025-01-01T01:52:21.2721830Z</when>
        <gx:coord>13.941736 52.083992 737.91406</gx:coord>
        <when>2025-01-01T01:52:26.2711830Z</when>
        <gx:coord>13.941007 52.086117 736.39</gx:coord>
        <when>2025-01-01T01:52:31.2711830Z</when>
        <gx:coord>13.940212 52.08824 739.43805</gx:coord>
        <when>2025-01-01T01:52:34.8221830Z</when>
        <gx:coord>13.939676 52.089935 742.486</gx:coord>
        <when>2025-01-01T01:52:36.2711830Z</when>
        <gx:coord>13.939548 52.090366 744.01</gx:coord>
        <when>2025-01-01T01:52:41.2711830Z</when>
        <gx:coord>13.938883 52.09249 745.53406</gx:coord>
        <when>2025-01-01T01:52:46.2711830Z</when>
        <gx:coord>13.938196 52.094616 748.58203</gx:coord>
        <when>2025-01-01T01:52:51.2711830Z</when>
        <gx:coord>13.937445 52.096695 750.106</gx:coord>
        <when>2025-01-01T01:52:56.2711830Z</when>
        <gx:coord>13.936737 52.09882 750.106</gx:coord>
        <when>2025-01-01T01:53:01.2711830Z</when>
        <gx:coord>13.93605 52.10092 750.106</gx:coord>
        <when>2025-01-01T01:53:06.2711830Z</when>
        <gx:coord>13.93532 52.103027 748.58203</gx:coord>
        <when>2025-01-01T01:53:11.2721830Z</when>
        <gx:coord>13.934655 52.10513 748.58203</gx:coord>
        <when>2025-01-01T01:53:13.8211830Z</when>
        <gx:coord>13.934226 52.106373 748.58203</gx:coord>
        <when>2025-01-01T01:53:16.2721830Z</when>
        <gx:coord>13.933905 52.10719 750.106</gx:coord>
        <when>2025-01-01T01:53:20.8121830Z</when>
        <gx:coord>13.933196 52.108818 751.63007</gx:coord>
        <when>2025-01-01T01:53:21.2831830Z</when>
        <gx:coord>13.9329815 52.109226 750.106</gx:coord>
        <when>2025-01-01T01:53:26.2721830Z</when>
        <gx:coord>13.932252 52.11131 747.05804</gx:coord>
        <when>2025-01-01T01:53:26.8111830Z</when>
        <gx:coord>13.932252 52.11131 747.05804</gx:coord>
        <when>2025-01-01T01:53:31.2721830Z</when>
        <gx:coord>13.931801 52.11341 751.63007</gx:coord>
        <when>2025-01-01T01:53:36.2721830Z</when>
        <gx:coord>13.93133 52.115513 753.15405</gx:coord>
        <when>2025-01-01T01:53:41.2721830Z</when>
        <gx:coord>13.930771 52.117702 740.96204</gx:coord>
        <when>2025-01-01T01:53:46.2721830Z</when>
        <gx:coord>13.930084 52.12 737.91406</gx:coord>
        <when>2025-01-01T01:53:51.2721830Z</when>
        <gx:coord>13.929205 52.122295 734.866</gx:coord>
        <when>2025-01-01T01:53:51.8231830Z</when>
        <gx:coord>13.929033 52.122746 734.866</gx:coord>
        <when>2025-01-01T01:53:56.2731830Z</when>
        <gx:coord>13.9284115 52.12461 731.81805</gx:coord>
        <when>2025-01-01T01:54:01.2731830Z</when>
        <gx:coord>13.927617 52.126972 730.29407</gx:coord>
        <when>2025-01-01T01:54:06.2731830Z</when>
        <gx:coord>13.926673 52.12931 730.29407</gx:coord>
        <when>2025-01-01T01:54:11.2731830Z</when>
        <gx:coord>13.925686 52.13163 730.29407</gx:coord>
        <when>2025-01-01T01:54:16.2731830Z</when>
        <gx:coord>13.924699 52.133926 730.29407</gx:coord>
        <when>2025-01-01T01:54:21.2761830Z</when>
        <gx:coord>13.923777 52.136223 731.81805</gx:coord>
        <when>2025-01-01T01:54:26.2731830Z</when>
        <gx:coord>13.922874 52.138496 731.81805</gx:coord>
        <when>2025-01-01T01:54:26.8231830Z</when>
        <gx:coord>13.922703 52.138947 731.81805</gx:coord>
        <when>2025-01-01T01:54:31.2731830Z</when>
        <gx:coord>13.922081 52.14077 724.19806</gx:coord>
        <when>2025-01-01T01:54:34.8181830Z</when>
        <gx:coord>13.921437 52.142616 713.53</gx:coord>
        <when>2025-01-01T01:54:36.2731830Z</when>
        <gx:coord>13.921288 52.143066 713.53</gx:coord>
        <when>2025-01-01T01:54:41.2731830Z</when>
        <gx:coord>13.920536 52.145405 710.48206</gx:coord>
        <when>2025-01-01T01:54:46.2741830Z</when>
        <gx:coord>13.91987 52.147743 707.434</gx:coord>
        <when>2025-01-01T01:54:51.2751830Z</when>
        <gx:coord>13.919163 52.150063 705.91003</gx:coord>
        <when>2025-01-01T01:54:56.2741830Z</when>
        <gx:coord>13.918219 52.1524 705.91003</gx:coord>
        <when>2025-01-01T01:54:58.8191830Z</when>
        <gx:coord>13.917832 52.153343 704.38605</gx:coord>
        <when>2025-01-01T01:55:01.2741830Z</when>
        <gx:coord>13.917274 52.15478 701.338</gx:coord>
        <when>2025-01-01T01:55:01.8251830Z</when>
        <gx:coord>13.917103 52.155273 701.338</gx:coord>
        <when>2025-01-01T01:55:06.2741830Z</when>
        <gx:coord>13.916309 52.157272 690.67004</gx:coord>
        <when>2025-01-01T01:55:11.2741830Z</when>
        <gx:coord>13.915343 52.159824 690.67004</gx:coord>
        <when>2025-01-01T01:55:16.2731830Z</when>
        <gx:coord>13.914421 52.162334 687.622</gx:coord>
        <when>2025-01-01T01:55:21.3091830Z</when>
        <gx:coord>13.913391 52.164803 684.57404</gx:coord>
        <when>2025-01-01T01:55:24.8221830Z</when>
        <gx:coord>13.912511 52.16669 680.002</gx:coord>
        <when>2025-01-01T01:55:26.2741830Z</when>
        <gx:coord>13.912296 52.167164 680.002</gx:coord>
        <when>2025-01-01T01:55:31.2751830Z</when>
        <gx:coord>13.911223 52.169525 684.57404</gx:coord>
        <when>2025-01-01T01:55:34.8261830Z</when>
        <gx:coord>13.910387 52.17141 684.57404</gx:coord>
        <when>2025-01-01T01:55:36.2751830Z</when>
        <gx:coord>13.910193 52.171883 684.57404</gx:coord>
        <when>2025-01-01T01:55:41.2741830Z</when>
        <gx:coord>13.909249 52.174286 684.57404</gx:coord>
        <when>2025-01-01T01:55:46.2751830Z</when>
        <gx:coord>13.908348 52.17669 683.05005</gx:coord>
        <when>2025-01-01T01:55:51.2741830Z</when>
        <gx:coord>13.907425 52.179092 683.05005</gx:coord>
        <when>2025-01-01T01:55:56.2751830Z</when>
        <gx:coord>13.906525 52.181454 683.05005</gx:coord>
        <when>2025-01-01T01:56:01.2751830Z</when>
        <gx:coord>13.905644 52.183834 672.382</gx:coord>
        <when>2025-01-01T01:56:06.8741830Z</when>
        <gx:coord>13.904529 52.186646 669.33405</gx:coord>
        <when>2025-01-01T01:56:09.8261830Z</when>
        <gx:coord>13.90395 52.18804 669.33405</gx:coord>
        <when>2025-01-01T01:56:11.8741830Z</when>
        <gx:coord>13.903563 52.188965 666.286</gx:coord>
        <when>2025-01-01T01:56:16.8741830Z</when>
        <gx:coord>13.902683 52.191387 655.61804</gx:coord>
        <when>2025-01-01T01:56:19.8231830Z</when>
        <gx:coord>13.902233 52.192913 649.52203</gx:coord>
        <when>2025-01-01T01:56:21.8741830Z</when>
        <gx:coord>13.90189 52.193943 647.99805</gx:coord>
        <when>2025-01-01T01:56:26.8751830Z</when>
        <gx:coord>13.900902 52.196472 649.52203</gx:coord>
        <when>2025-01-01T01:56:31.8751830Z</when>
        <gx:coord>13.899958 52.199005 646.47406</gx:coord>
        <when>2025-01-01T01:56:36.8751830Z</when>
        <gx:coord>13.898928 52.201473 644.95</gx:coord>
        <when>2025-01-01T01:56:41.8751830Z</when>
        <gx:coord>13.897963 52.203876 646.47406</gx:coord>
        <when>2025-01-01T01:56:42.8261830Z</when>
        <gx:coord>13.897791 52.20435 646.47406</gx:coord>
        <when>2025-01-01T01:56:46.8751830Z</when>
        <gx:coord>13.897061 52.206238 646.47406</gx:coord>
        <when>2025-01-01T01:56:51.8751830Z</when>
        <gx:coord>13.896311 52.208553 647.99805</gx:coord>
        <when>2025-01-01T01:57:23.0101830Z</when>
        <gx:coord>13.895109 52.21759 651.046</gx:coord>
        <when>2025-01-01T01:57:23.0151830Z</when>
        <gx:coord>13.895151 52.221344 637.33</gx:coord>
        <when>2025-01-01T01:57:23.3661830Z</when>
        <gx:coord>13.895173 52.222824 634.28204</gx:coord>
        <when>2025-01-01T01:57:28.3671830Z</when>
        <gx:coord>13.895323 52.225765 632.75806</gx:coord>
        <when>2025-01-01T01:57:33.3671830Z</when>
        <gx:coord>13.895538 52.227695 632.75806</gx:coord>
        <when>2025-01-01T01:57:38.3671830Z</when>
        <gx:coord>13.895817 52.23057 634.28204</gx:coord>
        <when>2025-01-01T01:57:43.3681830Z</when>
        <gx:coord>13.896053 52.23246 638.85406</gx:coord>
        <when>2025-01-01T01:57:48.3671830Z</when>
        <gx:coord>13.896311 52.235226 634.28204</gx:coord>
        <when>2025-01-01T01:57:53.3671830Z</when>
        <gx:coord>13.896418 52.23705 626.66205</gx:coord>
        <when>2025-01-01T01:57:54.1171830Z</when>
        <gx:coord>13.896418 52.237972 626.66205</gx:coord>
        <when>2025-01-01T01:57:56.1201830Z</when>
        <gx:coord>13.896418 52.237972 623.614</gx:coord>
        <when>2025-01-01T01:57:56.4441830Z</when>
        <gx:coord>13.896397 52.238895 622.09</gx:coord>
        <when>2025-01-01T01:57:58.1071830Z</when>
        <gx:coord>13.896397 52.238895 622.09</gx:coord>
        <when>2025-01-01T01:58:01.4461830Z</when>
        <gx:coord>13.896418 52.24074 620.56604</gx:coord>
        <when>2025-01-01T01:58:04.1051830Z</when>
        <gx:coord>13.896546 52.242607 619.042</gx:coord>
        <when>2025-01-01T01:58:06.4461830Z</when>
        <gx:coord>13.896632 52.24353 617.51807</gx:coord>
        <when>2025-01-01T01:58:11.4461830Z</when>
        <gx:coord>13.896804 52.2454 611.422</gx:coord>
        <when>2025-01-01T01:58:16.4461830Z</when>
        <gx:coord>13.897039 52.248295 599.23004</gx:coord>
        <when>2025-01-01T01:58:21.4461830Z</when>
        <gx:coord>13.897169 52.250248 598.292</gx:coord>
        <when>2025-01-01T01:58:26.4461830Z</when>
        <gx:coord>13.897427 52.253143 599.816</gx:coord>
        <when>2025-01-01T01:58:30.1211830Z</when>
        <gx:coord>13.897619 52.25503 599.816</gx:coord>
        <when>2025-01-01T01:58:31.4461830Z</when>
        <gx:coord>13.897619 52.25503 598.292</gx:coord>
        <when>2025-01-01T01:58:36.4461830Z</when>
        <gx:coord>13.897726 52.257908 592.196</gx:coord>
        <when>2025-01-01T01:58:40.1081830Z</when>
        <gx:coord>13.897726 52.258873 592.196</gx:coord>
        <when>2025-01-01T01:58:41.4461830Z</when>
        <gx:coord>13.897726 52.25986 590.672</gx:coord>
        <when>2025-01-01T01:58:46.1131830Z</when>
        <gx:coord>13.897576 52.26282 587.624</gx:coord>
        <when>2025-01-01T01:58:46.4461830Z</when>
        <gx:coord>13.897576 52.26282 587.624</gx:coord>
        <when>2025-01-01T01:58:48.1151830Z</when>
        <gx:coord>13.897576 52.26282 587.624</gx:coord>
        <when>2025-01-01T01:58:51.4471830Z</when>
        <gx:coord>13.897598 52.26486 575.432</gx:coord>
        <when>2025-01-01T01:58:54.1111830Z</when>
        <gx:coord>13.897705 52.26589 570.86</gx:coord>
        <when>2025-01-01T01:58:56.4631830Z</when>
        <gx:coord>13.898027 52.268036 566.288</gx:coord>
        <when>2025-01-01T01:59:01.4471830Z</when>
        <gx:coord>13.898349 52.270138 564.764</gx:coord>
        <when>2025-01-01T01:59:04.1261830Z</when>
        <gx:coord>13.89852 52.272198 564.764</gx:coord>
        <when>2025-01-01T01:59:06.4471830Z</when>
        <gx:coord>13.898584 52.273228 567.812</gx:coord>
        <when>2025-01-01T01:59:11.4461830Z</when>
        <gx:coord>13.898714 52.275246 567.812</gx:coord>
        <when>2025-01-01T01:59:16.4471830Z</when>
        <gx:coord>13.898864 52.278294 561.716</gx:coord>
        <when>2025-01-01T01:59:20.1161830Z</when>
        <gx:coord>13.898928 52.280354 557.144</gx:coord>
        <when>2025-01-01T01:59:21.4471830Z</when>
        <gx:coord>13.898928 52.280354 557.144</gx:coord>
        <when>2025-01-01T01:59:26.4471830Z</when>
        <gx:coord>13.899099 52.283463 544.952</gx:coord>
        <when>2025-01-01T01:59:31.4481830Z</when>
        <gx:coord>13.899207 52.285587 537.33203</gx:coord>
        <when>2025-01-01T01:59:36.4481830Z</when>
        <gx:coord>13.899336 52.288742 529.712</gx:coord>
        <when>2025-01-01T01:59:38.1191830Z</when>
        <gx:coord>13.899379 52.289772 529.712</gx:coord>
        <when>2025-01-01T01:59:38.1191830Z</when>
        <gx:coord>13.899379 52.289772 523.616</gx:coord>
        <when>2025-01-01T01:59:41.4481830Z</when>
        <gx:coord>13.899465 52.290825 522.092</gx:coord>
        <when>2025-01-01T01:59:46.4481830Z</when>
        <gx:coord>13.8997 52.293934 517.52</gx:coord>
        <when>2025-01-01T01:59:51.4481830Z</when>
        <gx:coord>13.899851 52.295975 508.37598</gx:coord>
        <when>2025-01-01T01:59:56.4601830Z</when>
        <gx:coord>13.899937 52.299065 502.28006</gx:coord>
        <when>2025-01-01T02:00:01.4481830Z</when>
        <gx:coord>13.900002 52.30108 499.232</gx:coord>
        <when>2025-01-01T02:00:06.1131830Z</when>
        <gx:coord>13.900151 52.304085 491.612</gx:coord>
        <when>2025-01-01T02:00:06.4481830Z</when>
        <gx:coord>13.900151 52.304085 491.612</gx:coord>
        <when>2025-01-01T02:00:10.1121830Z</when>
        <gx:coord>13.900173 52.30509 488.56406</gx:coord>
        <when>2025-01-01T02:00:11.4491830Z</when>
        <gx:coord>13.900151 52.30608 485.51602</gx:coord>
        <when>2025-01-01T02:00:12.1151830Z</when>
        <gx:coord>13.900108 52.307087 485.51602</gx:coord>
        <when>2025-01-01T02:00:16.4491830Z</when>
        <gx:coord>13.89998 52.309105 482.46805</gx:coord>
        <when>2025-01-01T02:00:18.1081830Z</when>
        <gx:coord>13.89998 52.309105 482.46805</gx:coord>
        <when>2025-01-01T02:00:21.4491830Z</when>
        <gx:coord>13.9000435 52.311188 465.704</gx:coord>
        <when>2025-01-01T02:00:22.1081830Z</when>
        <gx:coord>13.900151 52.31226 459.608</gx:coord>
        <when>2025-01-01T02:00:26.4501830Z</when>
        <gx:coord>13.900345 52.314384 459.608</gx:coord>
        <when>2025-01-01T02:00:31.4491830Z</when>
        <gx:coord>13.900495 52.316486 458.084</gx:coord>
        <when>2025-01-01T02:00:36.4501830Z</when>
        <gx:coord>13.900644 52.319664 451.988</gx:coord>
        <when>2025-01-01T02:00:40.1111830Z</when>
        <gx:coord>13.900644 52.320736 447.41602</gx:coord>
        <when>2025-01-01T02:00:41.4501830Z</when>
        <gx:coord>13.90058 52.321808 444.368</gx:coord>
        <when>2025-01-01T02:00:44.1221830Z</when>
        <gx:coord>13.900409 52.323956 444.368</gx:coord>
        <when>2025-01-01T02:00:46.4501830Z</when>
        <gx:coord>13.900366 52.325027 439.79605</gx:coord>
        <when>2025-01-01T02:00:50.1171830Z</when>
        <gx:coord>13.90028 52.32717 426.08002</gx:coord>
        <when>2025-01-01T02:00:51.4491830Z</when>
        <gx:coord>13.90028 52.32717 426.08002</gx:coord>
        <when>2025-01-01T02:00:54.1111830Z</when>
        <gx:coord>13.900237 52.328266 421.508</gx:coord>
        <when>2025-01-01T02:00:56.4641830Z</when>
        <gx:coord>13.900237 52.330414 421.508</gx:coord>
        <when>2025-01-01T02:01:01.4501830Z</when>
        <gx:coord>13.900194 52.33254 415.41205</gx:coord>
        <when>2025-01-01T02:01:06.4501830Z</when>
        <gx:coord>13.900215 52.3358 401.696</gx:coord>
        <when>2025-01-01T02:01:11.4501830Z</when>
        <gx:coord>13.90028 52.337944 398.648</gx:coord>
        <when>2025-01-01T02:01:14.0921830Z</when>
        <gx:coord>13.900259 52.339016 397.124</gx:coord>
        <when>2025-01-01T02:01:16.1171830Z</when>
        <gx:coord>13.900237 52.340046 398.648</gx:coord>
        <when>2025-01-01T02:01:16.1201830Z</when>
        <gx:coord>13.900237 52.341076 398.648</gx:coord>
        <when>2025-01-01T02:01:16.4501830Z</when>
        <gx:coord>13.900237 52.341076 398.648</gx:coord>
        <when>2025-01-01T02:01:20.1111830Z</when>
        <gx:coord>13.900237 52.342106 398.648</gx:coord>
        <when>2025-01-01T02:01:21.4501830Z</when>
        <gx:coord>13.900194 52.343094 397.124</gx:coord>
        <when>2025-01-01T02:01:22.0981830Z</when>
        <gx:coord>13.900065 52.34408 395.6</gx:coord>
        <when>2025-01-01T02:01:26.1131830Z</when>
        <gx:coord>13.899851 52.34507 395.6</gx:coord>
        <when>2025-01-01T02:01:26.4501830Z</when>
        <gx:coord>13.8995075 52.346012 400.172</gx:coord>
        <when>2025-01-01T02:01:31.4511830Z</when>
        <gx:coord>13.898886 52.347878 406.268</gx:coord>
        <when>2025-01-01T02:01:36.4511830Z</when>
        <gx:coord>13.898113 52.350647 407.792</gx:coord>
        <when>2025-01-01T02:01:41.4511830Z</when>
        <gx:coord>13.897598 52.352493 407.792</gx:coord>
        <when>2025-01-01T02:01:46.4511830Z</when>
        <gx:coord>13.896718 52.35524 409.316</gx:coord>
        <when>2025-01-01T02:01:48.1191830Z</when>
        <gx:coord>13.896718 52.35524 409.316</gx:coord>
        <when>2025-01-01T02:01:51.4511830Z</when>
        <gx:coord>13.895924 52.35702 410.84</gx:coord>
        <when>2025-01-01T02:01:52.1201830Z</when>
        <gx:coord>13.895431 52.3579 410.84</gx:coord>
        <when>2025-01-01T02:01:56.4571830Z</when>
        <gx:coord>13.894358 52.359596 412.364</gx:coord>
        <when>2025-01-01T02:02:00.1101830Z</when>
        <gx:coord>13.893757 52.36043 412.364</gx:coord>
        <when>2025-01-01T02:02:01.4521830Z</when>
        <gx:coord>13.893113 52.361267 412.364</gx:coord>
        <when>2025-01-01T02:02:06.4521830Z</when>
        <gx:coord>13.891053 52.363693 412.364</gx:coord>
        <when>2025-01-01T02:02:11.4521830Z</when>
        <gx:coord>13.889616 52.365303 409.316</gx:coord>
        <when>2025-01-01T02:02:16.4521830Z</when>
        <gx:coord>13.887341 52.36777 400.172</gx:coord>
        <when>2025-01-01T02:02:21.4521830Z</when>
        <gx:coord>13.885754 52.369488 392.552</gx:coord>
        <when>2025-01-01T02:02:26.4511830Z</when>
        <gx:coord>13.883414 52.372147 389.504</gx:coord>
        <when>2025-01-01T02:02:28.1181830Z</when>
        <gx:coord>13.882599 52.373028 389.504</gx:coord>
        <when>2025-01-01T02:02:31.4521830Z</when>
        <gx:coord>13.881805 52.373886 386.456</gx:coord>
        <when>2025-01-01T02:02:36.4521830Z</when>
        <gx:coord>13.879574 52.37644 383.40805</gx:coord>
        <when>2025-01-01T02:02:41.4531830Z</when>
        <gx:coord>13.878201 52.378136 378.836</gx:coord>
        <when>2025-01-01T02:02:46.4531830Z</when>
        <gx:coord>13.876183 52.380623 381.884</gx:coord>
        <when>2025-01-01T02:02:51.4531830Z</when>
        <gx:coord>13.874767 52.382275 383.40805</gx:coord>
        <when>2025-01-01T02:02:56.4801830Z</when>
        <gx:coord>13.8729 52.384914 378.836</gx:coord>
        <when>2025-01-01T02:03:01.4531830Z</when>
        <gx:coord>13.871677 52.386784 377.312</gx:coord>
        <when>2025-01-01T02:03:04.1221830Z</when>
        <gx:coord>13.87039 52.388626 378.836</gx:coord>
        <when>2025-01-01T02:03:06.4531830Z</when>
        <gx:coord>13.869724 52.38953 380.36002</gx:coord>
        <when>2025-01-01T02:03:11.4531830Z</when>
        <gx:coord>13.868372 52.39131 384.932</gx:coord>
        <when>2025-01-01T02:03:16.4531830Z</when>
        <gx:coord>13.866591 52.394077 374.264</gx:coord>
        <when>2025-01-01T02:03:21.4541830Z</when>
        <gx:coord>13.865433 52.395924 374.264</gx:coord>
        <when>2025-01-01T02:03:26.4531830Z</when>
        <gx:coord>13.863565 52.398582 380.36002</gx:coord>
        <when>2025-01-01T02:03:31.4541830Z</when>
        <gx:coord>13.862257 52.400322 380.36002</gx:coord>
        <when>2025-01-01T02:03:36.4541830Z</when>
        <gx:coord>13.860132 52.402897 381.884</gx:coord>
        <when>2025-01-01T02:03:40.1161830Z</when>
        <gx:coord>13.858759 52.404613 383.40805</gx:coord>
        <when>2025-01-01T02:03:41.4541830Z</when>
        <gx:coord>13.858759 52.404613 381.884</gx:coord>
        <when>2025-01-01T02:03:46.4541830Z</when>
        <gx:coord>13.856764 52.407146 375.788</gx:coord>
        <when>2025-01-01T02:03:51.4541830Z</when>
        <gx:coord>13.855391 52.40882 374.264</gx:coord>
        <when>2025-01-01T02:03:56.4601830Z</when>
        <gx:coord>13.853202 52.4112 374.264</gx:coord>
        <when>2025-01-01T02:04:01.4541830Z</when>
        <gx:coord>13.8518505 52.41281 375.788</gx:coord>
        <when>2025-01-01T02:04:06.4551830Z</when>
        <gx:coord>13.849854 52.415257 375.788</gx:coord>
        <when>2025-01-01T02:04:11.4551830Z</when>
        <gx:coord>13.848481 52.416866 384.932</gx:coord>
        <when>2025-01-01T02:04:16.4551830Z</when>
        <gx:coord>13.846335 52.419247 384.932</gx:coord>
        <when>2025-01-01T02:04:18.1161830Z</when>
        <gx:coord>13.845606 52.420063 384.932</gx:coord>
        <when>2025-01-01T02:04:21.4551830Z</when>
        <gx:coord>13.844898 52.42088 384.932</gx:coord>
        <when>2025-01-01T02:04:26.4551830Z</when>
        <gx:coord>13.842688 52.423325 386.456</gx:coord>
        <when>2025-01-01T02:04:31.4551830Z</when>
        <gx:coord>13.841314 52.424976 384.932</gx:coord>
        <when>2025-01-01T02:04:36.4551830Z</when>
        <gx:coord>13.839254 52.427444 384.932</gx:coord>
        <when>2025-01-01T02:04:41.4551830Z</when>
        <gx:coord>13.837924 52.429054 383.40805</gx:coord>
        <when>2025-01-01T02:04:46.4561830Z</when>
        <gx:coord>13.835928 52.431435 384.932</gx:coord>
        <when>2025-01-01T02:04:48.1161830Z</when>
        <gx:coord>13.835928 52.431435 384.932</gx:coord>
        <when>2025-01-01T02:04:51.4561830Z</when>
        <gx:coord>13.834534 52.43298 387.98</gx:coord>
        <when>2025-01-01T02:04:56.1161830Z</when>
        <gx:coord>13.832453 52.435318 380.36002</gx:coord>
        <when>2025-01-01T02:04:56.4631830Z</when>
        <gx:coord>13.832453 52.435318 380.36002</gx:coord>
        <when>2025-01-01T02:05:01.4551830Z</when>
        <gx:coord>13.831165 52.436928 378.836</gx:coord>
        <when>2025-01-01T02:05:06.4561830Z</when>
        <gx:coord>13.829384 52.439438 375.788</gx:coord>
        <when>2025-01-01T02:05:11.4561830Z</when>
        <gx:coord>13.828289 52.441135 374.264</gx:coord>
        <when>2025-01-01T02:05:16.4561830Z</when>
        <gx:coord>13.826702 52.443645 378.836</gx:coord>
        <when>2025-01-01T02:05:21.4561830Z</when>
        <gx:coord>13.82565 52.445297 381.884</gx:coord>
        <when>2025-01-01T02:05:26.4571830Z</when>
        <gx:coord>13.823934 52.447723 381.884</gx:coord>
        <when>2025-01-01T02:05:31.4571830Z</when>
        <gx:coord>13.822689 52.449333 381.884</gx:coord>
        <when>2025-01-01T02:05:34.1181830Z</when>
        <gx:coord>13.821466 52.45094 381.884</gx:coord>
        <when>2025-01-01T02:05:36.4571830Z</when>
        <gx:coord>13.820844 52.451756 381.884</gx:coord>
        <when>2025-01-01T02:05:41.4571830Z</when>
        <gx:coord>13.81962 52.453365 380.36002</gx:coord>
        <when>2025-01-01T02:05:46.4571830Z</when>
        <gx:coord>13.817668 52.455727 380.36002</gx:coord>
        <when>2025-01-01T02:05:51.4571830Z</when>
        <gx:coord>13.816338 52.45729 380.36002</gx:coord>
        <when>2025-01-01T02:05:56.4701830Z</when>
        <gx:coord>13.814149 52.45961 384.932</gx:coord>
        <when>2025-01-01T02:06:01.4571830Z</when>
        <gx:coord>13.812626 52.461197 384.932</gx:coord>
        <when>2025-01-01T02:06:06.4581830Z</when>
        <gx:coord>13.810458 52.463665 380.36002</gx:coord>
        <when>2025-01-01T02:06:11.4581830Z</when>
        <gx:coord>13.809021 52.465317 377.312</gx:coord>
        <when>2025-01-01T02:06:12.1181830Z</when>
        <gx:coord>13.808312 52.466156 377.312</gx:coord>
        <when>2025-01-01T02:06:16.4581830Z</when>
        <gx:coord>13.806961 52.467762 380.36002</gx:coord>
        <when>2025-01-01T02:06:21.4581830Z</when>
        <gx:coord>13.805544 52.46937 380.36002</gx:coord>
        <when>2025-01-01T02:06:26.4581830Z</when>
        <gx:coord>13.803398 52.471756 384.932</gx:coord>
        <when>2025-01-01T02:06:31.4581830Z</when>
        <gx:coord>13.801853 52.47332 381.884</gx:coord>
        <when>2025-01-01T02:06:36.4581830Z</when>
        <gx:coord>13.79958 52.475704 381.884</gx:coord>
        <when>2025-01-01T02:06:41.4581830Z</when>
        <gx:coord>13.798099 52.477333 381.884</gx:coord>
        <when>2025-01-01T02:06:46.4591830Z</when>
        <gx:coord>13.795996 52.4798 378.836</gx:coord>
        <when>2025-01-01T02:06:50.1191830Z</when>
        <gx:coord>13.794794 52.481495 378.836</gx:coord>
        <when>2025-01-01T02:06:51.4591830Z</when>
        <gx:coord>13.794794 52.481495 377.312</gx:coord>
        <when>2025-01-01T02:06:56.4641830Z</when>
        <gx:coord>13.793013 52.483963 377.312</gx:coord>
        <when>2025-01-01T02:07:01.4691830Z</when>
        <gx:coord>13.791725 52.485508 378.836</gx:coord>
        <when>2025-01-01T02:07:06.4581830Z</when>
        <gx:coord>13.789751 52.487827 378.836</gx:coord>
        <when>2025-01-01T02:07:11.4591830Z</when>
        <gx:coord>13.788486 52.48939 380.36002</gx:coord>
        <when>2025-01-01T02:07:16.4591830Z</when>
        <gx:coord>13.78664 52.491817 380.36002</gx:coord>
        <when>2025-01-01T02:07:21.4591830Z</when>
        <gx:coord>13.785224 52.493446 380.36002</gx:coord>
        <when>2025-01-01T02:07:26.4641830Z</when>
        <gx:coord>13.783035 52.49596 375.788</gx:coord>
        <when>2025-01-01T02:07:28.1201830Z</when>
        <gx:coord>13.782306 52.49682 375.788</gx:coord>
        <when>2025-01-01T02:07:30.1071830Z</when>
        <gx:coord>13.782306 52.49682 372.74005</gx:coord>
        <when>2025-01-01T02:07:31.4651830Z</when>
        <gx:coord>13.781597 52.497677 372.74005</gx:coord>
        <when>2025-01-01T02:07:36.4601830Z</when>
        <gx:coord>13.779345 52.50025 375.788</gx:coord>
        <when>2025-01-01T02:07:41.4601830Z</when>
        <gx:coord>13.777821 52.501904 378.836</gx:coord>
        <when>2025-01-01T02:07:46.4601830Z</when>
        <gx:coord>13.775633 52.504326 381.884</gx:coord>
        <when>2025-01-01T02:07:51.4601830Z</when>
        <gx:coord>13.774195 52.505917 381.884</gx:coord>
        <when>2025-01-01T02:07:56.4741830Z</when>
        <gx:coord>13.772135 52.508274 381.884</gx:coord>
        <when>2025-01-01T02:08:00.1111830Z</when>
        <gx:coord>13.771427 52.50907 381.884</gx:coord>
        <when>2025-01-01T02:08:01.4601830Z</when>
        <gx:coord>13.770719 52.509842 383.40805</gx:coord>
        <when>2025-01-01T02:08:06.1201830Z</when>
        <gx:coord>13.768551 52.51214 384.932</gx:coord>
        <when>2025-01-01T02:08:06.4611830Z</when>
        <gx:coord>13.768551 52.51214 384.932</gx:coord>
        <when>2025-01-01T02:08:11.4611830Z</when>
        <gx:coord>13.767136 52.51366 387.98</gx:coord>
        <when>2025-01-01T02:08:16.4611830Z</when>
        <gx:coord>13.765054 52.51602 386.456</gx:coord>
        <when>2025-01-01T02:08:21.4611830Z</when>
        <gx:coord>13.763573 52.51763 386.456</gx:coord>
        <when>2025-01-01T02:08:26.4611830Z</when>
        <gx:coord>13.761341 52.520035 384.932</gx:coord>
        <when>2025-01-01T02:08:31.4611830Z</when>
        <gx:coord>13.759968 52.521645 381.884</gx:coord>
        <when>2025-01-01T02:08:36.4611830Z</when>
        <gx:coord>13.757908 52.524002 383.40805</gx:coord>
        <when>2025-01-01T02:08:41.4611830Z</when>
        <gx:coord>13.756685 52.525593 384.932</gx:coord>
        <when>2025-01-01T02:08:44.1151830Z</when>
        <gx:coord>13.755505 52.527157 384.932</gx:coord>
        <when>2025-01-01T02:08:46.4621830Z</when>
        <gx:coord>13.754904 52.52793 386.456</gx:coord>
        <when>2025-01-01T02:08:51.4621830Z</when>
        <gx:coord>13.753702 52.529434 386.456</gx:coord>
        <when>2025-01-01T02:08:56.4691830Z</when>
        <gx:coord>13.751836 52.531643 386.456</gx:coord>
        <when>2025-01-01T02:09:01.4621830Z</when>
        <gx:coord>13.750526 52.533123 387.98</gx:coord>
        <when>2025-01-01T02:09:06.4621830Z</when>
        <gx:coord>13.748768 52.53542 379.65</gx:coord>
        <when>2025-01-01T02:09:11.4621830Z</when>
        <gx:coord>13.747566 52.536964 379.65</gx:coord>
        <when>2025-01-01T02:09:16.4621830Z</when>
        <gx:coord>13.745785 52.539238 379.65</gx:coord>
        <when>2025-01-01T02:09:21.4631830Z</when>
        <gx:coord>13.744583 52.540764 381.17398</gx:coord>
        <when>2025-01-01T02:09:24.1131830Z</when>
        <gx:coord>13.743339 52.542263 381.17398</gx:coord>
        <when>2025-01-01T02:09:26.4621830Z</when>
        <gx:coord>13.742716 52.543037 382.69803</gx:coord>
        <when>2025-01-01T02:09:31.4631830Z</when>
        <gx:coord>13.741407 52.544582 384.222</gx:coord>
        <when>2025-01-01T02:09:36.4631830Z</when>
        <gx:coord>13.739305 52.546944 385.74597</gx:coord>
        <when>2025-01-01T02:09:41.4631830Z</when>
        <gx:coord>13.737931 52.548573 384.222</gx:coord>
        <when>2025-01-01T02:09:46.4631830Z</when>
        <gx:coord>13.735807 52.551 382.69803</gx:coord>
        <when>2025-01-01T02:09:51.4631830Z</when>
        <gx:coord>13.734304 52.552586 382.69803</gx:coord>
        <when>2025-01-01T02:09:56.4691830Z</when>
        <gx:coord>13.732159 52.55501 381.17398</gx:coord>
        <when>2025-01-01T02:10:01.4631830Z</when>
        <gx:coord>13.730829 52.556618 379.65</gx:coord>
        <when>2025-01-01T02:10:02.1151830Z</when>
        <gx:coord>13.730164 52.557415 379.65</gx:coord>
        <when>2025-01-01T02:10:06.4641830Z</when>
        <gx:coord>13.728833 52.55902 381.17398</gx:coord>
        <when>2025-01-01T02:10:11.4641830Z</when>
        <gx:coord>13.727482 52.56057 381.17398</gx:coord>
        <when>2025-01-01T02:10:16.4641830Z</when>
        <gx:coord>13.7254 52.562927 382.69803</gx:coord>
        <when>2025-01-01T02:10:21.4641830Z</when>
        <gx:coord>13.72407 52.564537 382.69803</gx:coord>
        <when>2025-01-01T02:10:26.4671830Z</when>
        <gx:coord>13.721967 52.5669 382.69803</gx:coord>
        <when>2025-01-01T02:10:31.4651830Z</when>
        <gx:coord>13.720444 52.56842 382.69803</gx:coord>
        <when>2025-01-01T02:10:36.4651830Z</when>
        <gx:coord>13.718126 52.57074 381.17398</gx:coord>
        <when>2025-01-01T02:10:40.1171830Z</when>
        <gx:coord>13.716559 52.572327 382.69803</gx:coord>
        <when>2025-01-01T02:10:41.4651830Z</when>
        <gx:coord>13.716559 52.572327 382.69803</gx:coord>
        <when>2025-01-01T02:10:46.4651830Z</when>
        <gx:coord>13.714264 52.574753 385.74597</gx:coord>
        <when>2025-01-01T02:10:51.4651830Z</when>
        <gx:coord>13.712826 52.57638 381.17398</gx:coord>
        <when>2025-01-01T02:10:56.4771830Z</when>
        <gx:coord>13.710701 52.578808 376.602</gx:coord>
        <when>2025-01-01T02:11:01.4651830Z</when>
        <gx:coord>13.709286 52.580418 375.07797</gx:coord>
        <when>2025-01-01T02:11:06.4651830Z</when>
        <gx:coord>13.70714 52.582798 375.07797</gx:coord>
        <when>2025-01-01T02:11:11.4651830Z</when>
        <gx:coord>13.705745 52.584343 379.65</gx:coord>
        <when>2025-01-01T02:11:16.4651830Z</when>
        <gx:coord>13.703749 52.58664 379.65</gx:coord>
        <when>2025-01-01T02:11:18.1171830Z</when>
        <gx:coord>13.703127 52.58739 379.65</gx:coord>
        <when>2025-01-01T02:11:21.4661830Z</when>
        <gx:coord>13.702547 52.588184 379.65</gx:coord>
        <when>2025-01-01T02:11:26.4651830Z</when>
        <gx:coord>13.700895 52.590565 379.65</gx:coord>
        <when>2025-01-01T02:11:31.4661830Z</when>
        <gx:coord>13.6998005 52.59211 382.69803</gx:coord>
        <when>2025-01-01T02:11:36.4661830Z</when>
        <gx:coord>13.698084 52.59447 384.222</gx:coord>
        <when>2025-01-01T02:11:41.4661830Z</when>
        <gx:coord>13.696904 52.59608 384.222</gx:coord>
        <when>2025-01-01T02:11:46.4661830Z</when>
        <gx:coord>13.695038 52.598633 384.222</gx:coord>
        <when>2025-01-01T02:11:51.4651830Z</when>
        <gx:coord>13.6937065 52.60035 384.222</gx:coord>
        <when>2025-01-01T02:11:56.1181830Z</when>
        <gx:coord>13.6916685 52.602947 382.69803</gx:coord>
        <when>2025-01-01T02:11:56.4711830Z</when>
        <gx:coord>13.6916685 52.602947 381.17398</gx:coord>
        <when>2025-01-01T02:12:01.4671830Z</when>
        <gx:coord>13.690381 52.604664 381.17398</gx:coord>
        <when>2025-01-01T02:12:06.4671830Z</when>
        <gx:coord>13.688601 52.607197 379.65</gx:coord>
        <when>2025-01-01T02:12:11.4671830Z</when>
        <gx:coord>13.687506 52.608868 381.17398</gx:coord>
        <when>2025-01-01T02:12:16.4671830Z</when>
        <gx:coord>13.685832 52.611336 384.222</gx:coord>
        <when>2025-01-01T02:12:21.4671830Z</when>
        <gx:coord>13.684545 52.61297 384.222</gx:coord>
        <when>2025-01-01T02:12:26.4671830Z</when>
        <gx:coord>13.682764 52.615437 385.74597</gx:coord>
        <when>2025-01-01T02:12:31.4681830Z</when>
        <gx:coord>13.681648 52.61713 379.65</gx:coord>
        <when>2025-01-01T02:12:34.1161830Z</when>
        <gx:coord>13.680403 52.61874 382.69803</gx:coord>
        <when>2025-01-01T02:12:36.4921830Z</when>
        <gx:coord>13.679781 52.619534 387.27</gx:coord>
        <when>2025-01-01T02:12:41.4681830Z</when>
        <gx:coord>13.678408 52.6211 391.84198</gx:coord>
        <when>2025-01-01T02:12:46.4681830Z</when>
        <gx:coord>13.676369 52.62359 385.74597</gx:coord>
        <when>2025-01-01T02:12:51.4681830Z</when>
        <gx:coord>13.675081 52.625282 382.69803</gx:coord>
        <when>2025-01-01T02:12:56.5011830Z</when>
        <gx:coord>13.673237 52.627796 381.17398</gx:coord>
        <when>2025-01-01T02:13:01.4681830Z</when>
        <gx:coord>13.672121 52.629467 381.17398</gx:coord>
        <when>2025-01-01T02:13:06.4681830Z</when>
        <gx:coord>13.670446 52.631916 385.74597</gx:coord>
        <when>2025-01-01T02:13:11.4691830Z</when>
        <gx:coord>13.66931 52.633545 385.74597</gx:coord>
        <when>2025-01-01T02:13:12.1181830Z</when>
        <gx:coord>13.668774 52.634384 385.74597</gx:coord>
        <when>2025-01-01T02:13:16.4691830Z</when>
        <gx:coord>13.667614 52.636036 384.222</gx:coord>
        <when>2025-01-01T02:13:21.4691830Z</when>
        <gx:coord>13.666285 52.6376 382.69803</gx:coord>
        <when>2025-01-01T02:13:26.4681830Z</when>
        <gx:coord>13.664117 52.63983 384.222</gx:coord>
        <when>2025-01-01T02:13:31.4691830Z</when>
        <gx:coord>13.662615 52.641293 381.17398</gx:coord>
        <when>2025-01-01T02:13:36.4691830Z</when>
        <gx:coord>13.66034 52.64337 382.69803</gx:coord>
        <when>2025-01-01T02:13:41.4691830Z</when>
        <gx:coord>13.658859 52.644726 384.222</gx:coord>
        <when>2025-01-01T02:13:46.1161830Z</when>
        <gx:coord>13.657314 52.646057 382.69803</gx:coord>
        <when>2025-01-01T02:13:46.4691830Z</when>
        <gx:coord>13.656521 52.64672 384.222</gx:coord>
        <when>2025-01-01T02:13:51.4701830Z</when>
        <gx:coord>13.65489 52.648052 385.74597</gx:coord>
        <when>2025-01-01T02:13:52.1181830Z</when>
        <gx:coord>13.654118 52.64874 385.74597</gx:coord>
        <when>2025-01-01T02:13:56.4791830Z</when>
        <gx:coord>13.652444 52.650154 381.17398</gx:coord>
        <when>2025-01-01T02:14:01.4701830Z</when>
        <gx:coord>13.650492 52.65155 381.17398</gx:coord>
        <when>2025-01-01T02:14:06.4701830Z</when>
        <gx:coord>13.647917 52.653908 381.17398</gx:coord>
        <when>2025-01-01T02:14:10.1151830Z</when>
        <gx:coord>13.6470585 52.654724 381.17398</gx:coord>
        <when>2025-01-01T02:14:11.4701830Z</when>
        <gx:coord>13.6462 52.65554 381.17398</gx:coord>
        <when>2025-01-01T02:14:16.4701830Z</when>
        <gx:coord>13.6435175 52.657963 379.65</gx:coord>
        <when>2025-01-01T02:14:21.4701830Z</when>
        <gx:coord>13.641672 52.659554 378.12598</gx:coord>
        <when>2025-01-01T02:14:26.4701830Z</when>
        <gx:coord>13.63899 52.66191 378.12598</gx:coord>
        <when>2025-01-01T02:14:28.1161830Z</when>
        <gx:coord>13.638067 52.662685 378.12598</gx:coord>
        <when>2025-01-01T02:14:31.4711830Z</when>
        <gx:coord>13.637144 52.663456 378.12598</gx:coord>
        <when>2025-01-01T02:14:36.4711830Z</when>
        <gx:coord>13.634356 52.665775 378.12598</gx:coord>
        <when>2025-01-01T02:14:41.4701830Z</when>
        <gx:coord>13.632531 52.667343 378.12598</gx:coord>
        <when>2025-01-01T02:14:46.4711830Z</when>
        <gx:coord>13.629892 52.6697 373.554</gx:coord>
        <when>2025-01-01T02:14:51.4711830Z</when>
        <gx:coord>13.628111 52.671288 373.554</gx:coord>
        <when>2025-01-01T02:14:56.4781830Z</when>
        <gx:coord>13.625064 52.673523 372.03003</gx:coord>
        <when>2025-01-01T02:15:01.4701830Z</when>
        <gx:coord>13.623026 52.674957 375.07797</gx:coord>
        <when>2025-01-01T02:15:04.1161830Z</when>
        <gx:coord>13.621094 52.676437 376.602</gx:coord>
        <when>2025-01-01T02:15:06.4711830Z</when>
        <gx:coord>13.620172 52.67717 376.602</gx:coord>
        <when>2025-01-01T02:15:11.4721830Z</when>
        <gx:coord>13.618305 52.678608 378.12598</gx:coord>
        <when>2025-01-01T02:15:16.1111830Z</when>
        <gx:coord>13.616459 52.68 378.12598</gx:coord>
        <when>2025-01-01T02:15:16.4721830Z</when>
        <gx:coord>13.615559 52.680687 378.12598</gx:coord>
        <when>2025-01-01T02:15:21.4721830Z</when>
        <gx:coord>13.613777 52.682083 379.65</gx:coord>
        <when>2025-01-01T02:15:26.4711830Z</when>
        <gx:coord>13.611137 52.684166 381.17398</gx:coord>
        <when>2025-01-01T02:15:31.4721830Z</when>
        <gx:coord>13.609507 52.68558 381.17398</gx:coord>
        <when>2025-01-01T02:15:36.4721830Z</when>
        <gx:coord>13.606997 52.687725 381.17398</gx:coord>
        <when>2025-01-01T02:15:41.4721830Z</when>
        <gx:coord>13.605431 52.689205 379.65</gx:coord>
        <when>2025-01-01T02:15:42.1161830Z</when>
        <gx:coord>13.604658 52.689938 379.65</gx:coord>
        <when>2025-01-01T02:15:46.4731830Z</when>
        <gx:coord>13.603263 52.691483 391.84198</gx:coord>
        <when>2025-01-01T02:15:51.4731830Z</when>
        <gx:coord>13.601912 52.69298 402.50998</gx:coord>
        <when>2025-01-01T02:15:56.4951830Z</when>
        <gx:coord>13.599958 52.695194 410.12997</gx:coord>
        <when>2025-01-01T02:15:58.1111830Z</when>
        <gx:coord>13.599958 52.695194 410.12997</gx:coord>
        <when>2025-01-01T02:16:01.4731830Z</when>
        <gx:coord>13.598778 52.696693 405.55798</gx:coord>
        <when>2025-01-01T02:16:06.4721830Z</when>
        <gx:coord>13.597061 52.699097 391.84198</gx:coord>
        <when>2025-01-01T02:16:11.4731830Z</when>
        <gx:coord>13.595924 52.700813 384.222</gx:coord>
        <when>2025-01-01T02:16:16.4731830Z</when>
        <gx:coord>13.594101 52.703304 399.46198</gx:coord>
        <when>2025-01-01T02:16:21.4731830Z</when>
        <gx:coord>13.593027 52.704914 410.12997</gx:coord>
        <when>2025-01-01T02:16:22.1201830Z</when>
        <gx:coord>13.592556 52.705708 410.12997</gx:coord>
        <when>2025-01-01T02:16:26.4731830Z</when>
        <gx:coord>13.591698 52.707336 408.606</gx:coord>
        <when>2025-01-01T02:16:31.4741830Z</when>
        <gx:coord>13.59086 52.708992 404.03403</gx:coord>
        <when>2025-01-01T02:16:36.4741830Z</when>
        <gx:coord>13.589616 52.711544 394.88998</gx:coord>
        <when>2025-01-01T02:16:40.1091830Z</when>
        <gx:coord>13.589209 52.712425 393.36603</gx:coord>
        <when>2025-01-01T02:16:41.4741830Z</when>
        <gx:coord>13.588843 52.713284 393.36603</gx:coord>
        <when>2025-01-01T02:16:46.4741830Z</when>
        <gx:coord>13.587942 52.715965 393.36603</gx:coord>
        <when>2025-01-01T02:16:51.4741830Z</when>
        <gx:coord>13.58747 52.717766 397.938</gx:coord>
        <when>2025-01-01T02:16:56.4811830Z</when>
        <gx:coord>13.586761 52.720448 407.08197</gx:coord>
        <when>2025-01-01T02:17:00.1161830Z</when>
        <gx:coord>13.5862465 52.72223 411.654</gx:coord>
        <when>2025-01-01T02:17:01.4741830Z</when>
        <gx:coord>13.5862465 52.72223 416.22598</gx:coord>
        <when>2025-01-01T02:17:06.1131830Z</when>
        <gx:coord>13.585839 52.72401 425.37</gx:coord>
        <when>2025-01-01T02:17:06.1141830Z</when>
        <gx:coord>13.585775 52.72491 428.41803</gx:coord>
        <when>2025-01-01T02:17:06.4741830Z</when>
        <gx:coord>13.585775 52.72491 428.41803</gx:coord>
        <when>2025-01-01T02:17:08.1241830Z</when>
        <gx:coord>13.585775 52.72491 428.41803</gx:coord>
        <when>2025-01-01T02:17:11.4741830Z</when>
        <gx:coord>13.585882 52.726715 429.942</gx:coord>
        <when>2025-01-01T02:17:12.1211830Z</when>
        <gx:coord>13.585882 52.726715 429.942</gx:coord>
        <when>2025-01-01T02:17:16.4751830Z</when>
        <gx:coord>13.585646 52.729397 416.22598</gx:coord>
        <when>2025-01-01T02:17:21.4751830Z</when>
        <gx:coord>13.585346 52.731243 407.08197</gx:coord>
        <when>2025-01-01T02:17:26.4751830Z</when>
        <gx:coord>13.584981 52.734074 402.50998</gx:coord>
        <when>2025-01-01T02:17:30.1031830Z</when>
        <gx:coord>13.584917 52.73502 405.55798</gx:coord>
        <when>2025-01-01T02:17:31.4751830Z</when>
        <gx:coord>13.584917 52.735962 408.606</gx:coord>
        <when>2025-01-01T02:17:36.4751830Z</when>
        <gx:coord>13.585324 52.738754 425.37</gx:coord>
        <when>2025-01-01T02:17:38.1411830Z</when>
        <gx:coord>13.585474 52.739655 425.37</gx:coord>
        <when>2025-01-01T02:17:41.4751830Z</when>
        <gx:coord>13.585604 52.740555 431.46597</gx:coord>
        <when>2025-01-01T02:17:46.4741830Z</when>
        <gx:coord>13.585968 52.74317 439.08603</gx:coord>
        <when>2025-01-01T02:17:51.4761830Z</when>
        <gx:coord>13.586205 52.74491 436.038</gx:coord>
        <when>2025-01-01T02:17:56.5061830Z</when>
        <gx:coord>13.586504 52.747505 436.038</gx:coord>
        <when>2025-01-01T02:18:01.4761830Z</when>
        <gx:coord>13.5867405 52.74922 437.56198</gx:coord>
        <when>2025-01-01T02:18:06.4761830Z</when>
        <gx:coord>13.587041 52.7518 458.44403</gx:coord>
        <when>2025-01-01T02:18:08.1091830Z</when>
        <gx:coord>13.587127 52.752655 461.49203</gx:coord>
        <when>2025-01-01T02:18:11.4761830Z</when>
        <gx:coord>13.58717 52.75347 464.53998</gx:coord>
        <when>2025-01-01T02:18:16.4761830Z</when>
        <gx:coord>13.587298 52.75598 466.06403</gx:coord>
        <when>2025-01-01T02:18:18.1181830Z</when>
        <gx:coord>13.587384 52.75684 466.06403</gx:coord>
        <when>2025-01-01T02:18:21.4761830Z</when>
        <gx:coord>13.587492 52.75772 455.39603</gx:coord>
        <when>2025-01-01T02:18:26.4751830Z</when>
        <gx:coord>13.587706 52.760468 444.72803</gx:coord>
        <when>2025-01-01T02:18:31.4761830Z</when>
        <gx:coord>13.587985 52.762314 446.25198</gx:coord>
        <when>2025-01-01T02:18:34.1111830Z</when>
        <gx:coord>13.588221 52.763237 447.77603</gx:coord>
        <when>2025-01-01T02:18:36.4761830Z</when>
        <gx:coord>13.588843 52.76506 450.82404</gx:coord>
        <when>2025-01-01T02:18:41.4761830Z</when>
        <gx:coord>13.58938 52.766907 449.3</gx:coord>
        <when>2025-01-01T02:18:46.1171830Z</when>
        <gx:coord>13.590023 52.768772 438.632</gx:coord>
        <when>2025-01-01T02:18:46.1171830Z</when>
        <gx:coord>13.590431 52.769737 431.012</gx:coord>
        <when>2025-01-01T02:18:46.4761830Z</when>
        <gx:coord>13.590431 52.769737 431.012</gx:coord>
        <when>2025-01-01T02:18:51.4771830Z</when>
        <gx:coord>13.591375 52.771713 423.39203</gx:coord>
        <when>2025-01-01T02:18:54.1191830Z</when>
        <gx:coord>13.5923195 52.77371 421.86798</gx:coord>
        <when>2025-01-01T02:18:56.4801830Z</when>
        <gx:coord>13.592877 52.774693 423.39203</gx:coord>
        <when>2025-01-01T02:19:00.1181830Z</when>
        <gx:coord>13.593456 52.77568 423.39203</gx:coord>
        <when>2025-01-01T02:19:01.4771830Z</when>
        <gx:coord>13.594101 52.776646 424.916</gx:coord>
        <when>2025-01-01T02:19:06.4761830Z</when>
        <gx:coord>13.59601 52.7795 435.58398</gx:coord>
        <when>2025-01-01T02:19:11.4771830Z</when>
        <gx:coord>13.597212 52.781387 432.53598</gx:coord>
        <when>2025-01-01T02:19:16.4771830Z</when>
        <gx:coord>13.598822 52.78433 424.916</gx:coord>
        <when>2025-01-01T02:19:21.4771830Z</when>
        <gx:coord>13.599852 52.786366 421.86798</gx:coord>
        <when>2025-01-01T02:19:26.4771830Z</when>
        <gx:coord>13.601632 52.78935 426.44003</gx:coord>
        <when>2025-01-01T02:19:28.1191830Z</when>
        <gx:coord>13.602255 52.790314 426.44003</gx:coord>
        <when>2025-01-01T02:19:31.4771830Z</when>
        <gx:coord>13.60292 52.791283 423.39203</gx:coord>
        <when>2025-01-01T02:19:36.4781830Z</when>
        <gx:coord>13.605022 52.794136 418.81998</gx:coord>
        <when>2025-01-01T02:19:41.4771830Z</when>
        <gx:coord>13.606461 52.796024 415.77203</gx:coord>
        <when>2025-01-01T02:19:46.4831830Z</when>
        <gx:coord>13.608778 52.798836 402.05603</gx:coord>
        <when>2025-01-01T02:19:48.1141830Z</when>
        <gx:coord>13.609657 52.799778 399.00803</gx:coord>
        <when>2025-01-01T02:19:51.4781830Z</when>
        <gx:coord>13.6105585 52.8007 395.96</gx:coord>
        <when>2025-01-01T02:19:56.4881830Z</when>
        <gx:coord>13.613327 52.803467 388.34003</gx:coord>
        <when>2025-01-01T02:19:58.1141830Z</when>
        <gx:coord>13.613327 52.803467 388.34003</gx:coord>
        <when>2025-01-01T02:20:00.1171830Z</when>
        <gx:coord>13.615301 52.805313 385.292</gx:coord>
        <when>2025-01-01T02:20:01.4781830Z</when>
        <gx:coord>13.615301 52.805313 380.72003</gx:coord>
        <when>2025-01-01T02:20:02.1091830Z</when>
        <gx:coord>13.615301 52.805313 380.72003</gx:coord>
        <when>2025-01-01T02:20:06.1171830Z</when>
        <gx:coord>13.618391 52.808083 367.00403</gx:coord>
        <when>2025-01-01T02:20:06.4781830Z</when>
        <gx:coord>13.618391 52.808083 367.00403</gx:coord>
        <when>2025-01-01T02:20:11.4781830Z</when>
        <gx:coord>13.620579 52.809906 356.33603</gx:coord>
        <when>2025-01-01T02:20:16.4781830Z</when>
        <gx:coord>13.624077 52.81257 344.14398</gx:coord>
        <when>2025-01-01T02:20:18.1131830Z</when>
        <gx:coord>13.624077 52.81257 344.14398</gx:coord>
        <when>2025-01-01T02:20:21.4791830Z</when>
        <gx:coord>13.626909 52.81411 341.09598</gx:coord>
        <when>2025-01-01T02:20:22.1101830Z</when>
        <gx:coord>13.628454 52.814796 335.00003</gx:coord>
        <when>2025-01-01T02:20:24.0971830Z</when>
        <gx:coord>13.628454 52.814796 335.00003</gx:coord>
        <when>2025-01-01T02:20:24.0971830Z</when>
        <gx:coord>13.628454 52.814796 335.00003</gx:coord>
        <when>2025-01-01T02:20:26.4791830Z</when>
        <gx:coord>13.631781 52.816063 324.33203</gx:coord>
        <when>2025-01-01T02:20:30.0911830Z</when>
        <gx:coord>13.633583 52.8166 319.75998</gx:coord>
        <when>2025-01-01T02:20:30.0941830Z</when>
        <gx:coord>13.635492 52.81701 319.75998</gx:coord>
        <when>2025-01-01T02:20:31.4781830Z</when>
        <gx:coord>13.635492 52.81701 318.236</gx:coord>
        <when>2025-01-01T02:20:36.1141830Z</when>
        <gx:coord>13.6394615 52.817524 315.188</gx:coord>
        <when>2025-01-01T02:20:36.4791830Z</when>
        <gx:coord>13.6414795 52.81763 318.236</gx:coord>
        <when>2025-01-01T02:20:41.4791830Z</when>
        <gx:coord>13.645514 52.817802 324.33203</gx:coord>
        <when>2025-01-01T02:20:46.4791830Z</when>
        <gx:coord>13.651478 52.817997 324.33203</gx:coord>
        <when>2025-01-01T02:20:51.4791830Z</when>
        <gx:coord>13.655426 52.817825 327.38004</gx:coord>
        <when>2025-01-01T02:20:56.4991830Z</when>
        <gx:coord>13.661242 52.8175 339.572</gx:coord>
        <when>2025-01-01T02:20:58.1191830Z</when>
        <gx:coord>13.663151 52.817417 339.572</gx:coord>
        <when>2025-01-01T02:21:01.4791830Z</when>
        <gx:coord>13.665018 52.817287 353.288</gx:coord>
        <when>2025-01-01T02:21:02.1101830Z</when>
        <gx:coord>13.665018 52.817287 353.288</gx:coord>
        <when>2025-01-01T02:21:06.4791830Z</when>
        <gx:coord>13.670683 52.816837 357.86</gx:coord>
        <when>2025-01-01T02:21:11.4791830Z</when>
        <gx:coord>13.67448 52.816452 354.81198</gx:coord>
        <when>2025-01-01T02:21:16.4791830Z</when>
        <gx:coord>13.680081 52.81585 359.38403</gx:coord>
        <when>2025-01-01T02:21:21.4801830Z</when>
        <gx:coord>13.683772 52.815464 347.192</gx:coord>
        <when>2025-01-01T02:21:26.4791830Z</when>
        <gx:coord>13.689373 52.814884 319.75998</gx:coord>
        <when>2025-01-01T02:21:28.1171830Z</when>
        <gx:coord>13.691303 52.814648 319.75998</gx:coord>
        <when>2025-01-01T02:21:31.4801830Z</when>
        <gx:coord>13.693235 52.814434 309.09198</gx:coord>
        <when>2025-01-01T02:21:32.1091830Z</when>
        <gx:coord>13.695145 52.81424 304.52</gx:coord>
        <when>2025-01-01T02:21:36.4801830Z</when>
        <gx:coord>13.698986 52.813854 289.28</gx:coord>
        <when>2025-01-01T02:21:41.4801830Z</when>
        <gx:coord>13.702784 52.813446 281.66</gx:coord>
        <when>2025-01-01T02:21:46.1151830Z</when>
        <gx:coord>13.708427 52.812954 272.516</gx:coord>
        <when>2025-01-01T02:21:46.4801830Z</when>
        <gx:coord>13.708427 52.812954 272.516</gx:coord>
        <when>2025-01-01T02:21:50.1091830Z</when>
        <gx:coord>13.710251 52.8128 272.516</gx:coord>
        <when>2025-01-01T02:21:51.4801830Z</when>
        <gx:coord>13.712032 52.81263 270.992</gx:coord>
        <when>2025-01-01T02:21:56.4931830Z</when>
        <gx:coord>13.71716 52.81218 264.896</gx:coord>
        <when>2025-01-01T02:21:58.0991830Z</when>
        <gx:coord>13.718813 52.81203 264.896</gx:coord>
        <when>2025-01-01T02:22:00.1141830Z</when>
        <gx:coord>13.718813 52.81203 261.848</gx:coord>
        <when>2025-01-01T02:22:01.4801830Z</when>
        <gx:coord>13.720444 52.81186 261.848</gx:coord>
        <when>2025-01-01T02:22:06.4801830Z</when>
        <gx:coord>13.725057 52.81141 277.08798</gx:coord>
        <when>2025-01-01T02:22:08.1081830Z</when>
        <gx:coord>13.725057 52.81141 277.08798</gx:coord>
        <when>2025-01-01T02:22:11.4811830Z</when>
        <gx:coord>13.727867 52.81115 283.184</gx:coord>
        <when>2025-01-01T02:22:14.1141830Z</when>
        <gx:coord>13.72924 52.811108 281.66</gx:coord>
        <when>2025-01-01T02:22:16.4861830Z</when>
        <gx:coord>13.731923 52.811363 270.992</gx:coord>
        <when>2025-01-01T02:22:18.1161830Z</when>
        <gx:coord>13.731923 52.811363 270.992</gx:coord>
        <when>2025-01-01T02:22:21.4811830Z</when>
        <gx:coord>13.734326 52.812115 264.896</gx:coord>
        <when>2025-01-01T02:22:24.1111830Z</when>
        <gx:coord>13.73542 52.812588 261.848</gx:coord>
        <when>2025-01-01T02:22:26.4801830Z</when>
        <gx:coord>13.737267 52.813725 252.70398</gx:coord>
        <when>2025-01-01T02:22:28.1131830Z</when>
        <gx:coord>13.737267 52.813725 252.70398</gx:coord>
        <when>2025-01-01T02:22:28.1141830Z</when>
        <gx:coord>13.737267 52.813725 252.70398</gx:coord>
        <when>2025-01-01T02:22:30.1161830Z</when>
        <gx:coord>13.738446 52.815098 238.98802</gx:coord>
        <when>2025-01-01T02:22:31.4801830Z</when>
        <gx:coord>13.738446 52.815098 238.98802</gx:coord>
        <when>2025-01-01T02:22:32.1131830Z</when>
        <gx:coord>13.738446 52.815098 238.98802</gx:coord>
        <when>2025-01-01T02:22:36.4811830Z</when>
        <gx:coord>13.739219 52.817352 216.128</gx:coord>
        <when>2025-01-01T02:22:38.1091830Z</when>
        <gx:coord>13.739219 52.817352 216.128</gx:coord>
        <when>2025-01-01T02:22:40.1141830Z</when>
        <gx:coord>13.739305 52.818104 210.032</gx:coord>
        <when>2025-01-01T02:22:40.1141830Z</when>
        <gx:coord>13.739241 52.818855 205.46</gx:coord>
        <when>2025-01-01T02:22:41.4801830Z</when>
        <gx:coord>13.739241 52.818855 205.46</gx:coord>
        <when>2025-01-01T02:22:42.1101830Z</when>
        <gx:coord>13.739241 52.818855 205.46</gx:coord>
        <when>2025-01-01T02:22:46.1121830Z</when>
        <gx:coord>13.738424 52.82027 199.364</gx:coord>
        <when>2025-01-01T02:22:46.4811830Z</when>
        <gx:coord>13.7378025 52.82087 194.792</gx:coord>
        <when>2025-01-01T02:22:50.0931830Z</when>
        <gx:coord>13.737051 52.821407 188.696</gx:coord>
        <when>2025-01-01T02:22:51.4811830Z</when>
        <gx:coord>13.736193 52.82188 181.076</gx:coord>
        <when>2025-01-01T02:22:52.1111830Z</when>
        <gx:coord>13.736193 52.82188 181.076</gx:coord>
        <when>2025-01-01T02:22:52.1121830Z</when>
        <gx:coord>13.736193 52.82188 181.076</gx:coord>
        <when>2025-01-01T02:22:52.1121830Z</when>
        <gx:coord>13.735207 52.822224 174.98</gx:coord>
        <when>2025-01-01T02:22:56.1151830Z</when>
        <gx:coord>13.734155 52.822502 167.36</gx:coord>
        <when>2025-01-01T02:22:56.5021830Z</when>
        <gx:coord>13.733039 52.822674 158.216</gx:coord>
        <when>2025-01-01T02:23:01.4811830Z</when>
        <gx:coord>13.730764 52.823036 146.02399</gx:coord>
        <when>2025-01-01T02:23:02.1131830Z</when>
        <gx:coord>13.729649 52.82323 138.40399</gx:coord>
        <when>2025-01-01T02:23:06.4821830Z</when>
        <gx:coord>13.727524 52.82351 132.308</gx:coord>
        <when>2025-01-01T02:23:11.4821830Z</when>
        <gx:coord>13.725572 52.823746 114.01999</gx:coord>
        <when>2025-01-01T02:23:12.1081830Z</when>
        <gx:coord>13.724585 52.823853 104.87599</gx:coord>
        <when>2025-01-01T02:23:16.4821830Z</when>
        <gx:coord>13.722631 52.824066 89.636</gx:coord>
        <when>2025-01-01T02:23:18.1161830Z</when>
        <gx:coord>13.722631 52.824066 89.636</gx:coord>
        <when>2025-01-01T02:23:21.4821830Z</when>
        <gx:coord>13.720679 52.824284 82.01599</gx:coord>
        <when>2025-01-01T02:23:24.1181830Z</when>
        <gx:coord>13.718705 52.824497 71.34799</gx:coord>
        <when>2025-01-01T02:23:26.4821830Z</when>
        <gx:coord>13.717739 52.824604 66.776</gx:coord>
        <when>2025-01-01T02:23:31.4821830Z</when>
        <gx:coord>13.71583 52.824818 59.155994</gx:coord>
        <when>2025-01-01T02:23:36.4821830Z</when>
        <gx:coord>13.713083 52.82514 46.964005</gx:coord>
        <when>2025-01-01T02:23:41.4821830Z</when>
        <gx:coord>13.711367 52.82529 43.916</gx:coord>
        <when>2025-01-01T02:23:42.0911830Z</when>
        <gx:coord>13.711367 52.82529 43.916</gx:coord>
        <when>2025-01-01T02:23:46.4821830Z</when>
        <gx:coord>13.709092 52.82555 40.868</gx:coord>
        <when>2025-01-01T02:23:50.1131830Z</when>
        <gx:coord>13.7084055 52.825615 40.868</gx:coord>
        <when>2025-01-01T02:23:51.4831830Z</when>
        <gx:coord>13.707783 52.825676 40.868</gx:coord>
        <when>2025-01-01T02:23:56.1091830Z</when>
        <gx:coord>13.706732 52.82583 40.868</gx:coord>
        <when>2025-01-01T02:23:56.4891830Z</when>
        <gx:coord>13.706324 52.825893 40.868</gx:coord>
        <when>2025-01-01T02:24:00.1121830Z</when>
        <gx:coord>13.705702 52.82602 39.343998</gx:coord>
        <when>2025-01-01T02:24:01.4831830Z</when>
        <gx:coord>13.705702 52.82602 39.343998</gx:coord>
        <when>2025-01-01T02:24:02.1111830Z</when>
        <gx:coord>13.705702 52.82602 39.343998</gx:coord>
        <when>2025-01-01T02:24:06.0841830Z</when>
        <gx:coord>13.705338 52.826126 39.343998</gx:coord>
        <when>2025-01-01T02:24:06.4831830Z</when>
        <gx:coord>13.70523 52.826126 39.343998</gx:coord>
        <when>2025-01-01T02:24:08.0961830Z</when>
        <gx:coord>13.70523 52.826126 39.343998</gx:coord>
        <when>2025-01-01T02:24:08.8561830Z</when>
        <gx:coord>13.705166 52.826065 40.868</gx:coord>
        <when>2025-01-01T02:24:10.0931830Z</when>
        <gx:coord>13.705166 52.826065 40.868</gx:coord>
        <when>2025-01-01T02:24:11.0881830Z</when>
        <gx:coord>13.705166 52.826 39.343998</gx:coord>
        <when>2025-01-01T02:24:11.4831830Z</when>
        <gx:coord>13.705166 52.826 39.343998</gx:coord>
        <when>2025-01-01T02:24:12.1011830Z</when>
        <gx:coord>13.705166 52.826 39.343998</gx:coord>
        <when>2025-01-01T02:24:14.1031830Z</when>
        <gx:coord>13.705208 52.82596 40.868</gx:coord>
        <when>2025-01-01T02:24:16.1141830Z</when>
        <gx:coord>13.705294 52.825912 40.868</gx:coord>
        <when>2025-01-01T02:24:16.4831830Z</when>
        <gx:coord>13.705423 52.825912 40.868</gx:coord>
        <when>2025-01-01T02:24:18.1131830Z</when>
        <gx:coord>13.705423 52.825912 40.868</gx:coord>
        <when>2025-01-01T02:24:21.4831830Z</when>
        <gx:coord>13.705723 52.825893 40.868</gx:coord>
        <when>2025-01-01T02:24:26.1101830Z</when>
        <gx:coord>13.70611 52.825848 40.868</gx:coord>
        <when>2025-01-01T02:24:26.4831830Z</when>
        <gx:coord>13.706346 52.82583 40.868</gx:coord>
        <when>2025-01-01T02:24:31.4831830Z</when>
        <gx:coord>13.706882 52.825783 40.868</gx:coord>
        <when>2025-01-01T02:24:36.4831830Z</when>
        <gx:coord>13.707827 52.825676 40.868</gx:coord>
        <when>2025-01-01T02:24:41.4831830Z</when>
        <gx:coord>13.708342 52.825615 40.868</gx:coord>
        <when>2025-01-01T02:24:46.4841830Z</when>
        <gx:coord>13.7089205 52.82557 40.868</gx:coord>
        <when>2025-01-01T02:24:51.4841830Z</when>
        <gx:coord>13.709307 52.825527 40.868</gx:coord>
        <when>2025-01-01T02:24:56.4901830Z</when>
        <gx:coord>13.710058 52.825462 40.868</gx:coord>
        <when>2025-01-01T02:25:01.4841830Z</when>
        <gx:coord>13.710615 52.825397 40.868</gx:coord>
        <when>2025-01-01T02:25:06.4841830Z</when>
        <gx:coord>13.711388 52.825333 40.868</gx:coord>
        <when>2025-01-01T02:25:10.1031830Z</when>
        <gx:coord>13.711581 52.825314 40.868</gx:coord>
        <when>2025-01-01T02:25:11.4841830Z</when>
        <gx:coord>13.711775 52.825333 40.868</gx:coord>
        <when>2025-01-01T02:25:12.1101830Z</when>
        <gx:coord>13.711775 52.825333 40.868</gx:coord>
        <when>2025-01-01T02:25:14.0991830Z</when>
        <gx:coord>13.7119465 52.825356 40.868</gx:coord>
        <when>2025-01-01T02:25:16.1161830Z</when>
        <gx:coord>13.712096 52.82542 40.868</gx:coord>
        <when>2025-01-01T02:25:16.4841830Z</when>
        <gx:coord>13.712225 52.825504 40.868</gx:coord>
        <when>2025-01-01T02:25:18.1151830Z</when>
        <gx:coord>13.712225 52.825504 40.868</gx:coord>
        <when>2025-01-01T02:25:21.4831830Z</when>
        <gx:coord>13.712354 52.8257 40.868</gx:coord>
        <when>2025-01-01T02:25:22.1151830Z</when>
        <gx:coord>13.712354 52.8257 40.868</gx:coord>
        <when>2025-01-01T02:25:26.4841830Z</when>
        <gx:coord>13.712418 52.82596 40.868</gx:coord>
        <when>2025-01-01T02:25:31.4841830Z</when>
        <gx:coord>13.712482 52.826126 40.868</gx:coord>
        <when>2025-01-01T02:25:36.4851830Z</when>
        <gx:coord>13.712547 52.82641 40.868</gx:coord>
        <when>2025-01-01T02:25:41.4851830Z</when>
        <gx:coord>13.712568 52.826534 40.868</gx:coord>
        <when>2025-01-01T02:25:44.1251830Z</when>
        <gx:coord>13.712589 52.8266 40.868</gx:coord>
        <when>2025-01-01T02:25:46.4851830Z</when>
        <gx:coord>13.712547 52.826706 40.868</gx:coord>
        <when>2025-01-01T02:25:48.1021830Z</when>
        <gx:coord>13.712547 52.826706 40.868</gx:coord>
        <when>2025-01-01T02:25:50.1211830Z</when>
        <gx:coord>13.712503 52.82677 40.868</gx:coord>
        <when>2025-01-01T02:25:51.4851830Z</when>
        <gx:coord>13.712418 52.826813 40.868</gx:coord>
        <when>2025-01-01T02:25:52.1141830Z</when>
        <gx:coord>13.712418 52.826813 40.868</gx:coord>
        <when>2025-01-01T02:25:54.1101830Z</when>
        <gx:coord>13.712354 52.826836 40.868</gx:coord>
        <when>2025-01-01T02:25:56.4991830Z</when>
        <gx:coord>13.712225 52.826878 40.868</gx:coord>
        <when>2025-01-01T02:26:01.4851830Z</when>
        <gx:coord>13.712096 52.826923 40.868</gx:coord>
        <when>2025-01-01T02:26:06.4851830Z</when>
        <gx:coord>13.711925 52.82699 40.868</gx:coord>
        <when>2025-01-01T02:26:11.4851830Z</when>
        <gx:coord>13.711796 52.82703 40.868</gx:coord>
        <when>2025-01-01T02:26:16.4851830Z</when>
        <gx:coord>13.711559 52.827114 40.868</gx:coord>
        <when>2025-01-01T02:26:21.4851830Z</when>
        <gx:coord>13.71141 52.827156 40.868</gx:coord>
        <when>2025-01-01T02:26:26.4851830Z</when>
        <gx:coord>13.711109 52.827286 40.868</gx:coord>
        <when>2025-01-01T02:26:31.4861830Z</when>
        <gx:coord>13.7109165 52.82735 40.868</gx:coord>
        <when>2025-01-01T02:26:36.4851830Z</when>
        <gx:coord>13.71068 52.82744 39.343998</gx:coord>
        <when>2025-01-01T02:26:41.4861830Z</when>
        <gx:coord>13.710551 52.82748 39.343998</gx:coord>
        <when>2025-01-01T02:26:44.1141830Z</when>
        <gx:coord>13.710508 52.82748 39.343998</gx:coord>
        <when>2025-01-01T02:26:46.4861830Z</when>
        <gx:coord>13.710402 52.8275 39.343998</gx:coord>
        <when>2025-01-01T02:26:51.4861830Z</when>
        <gx:coord>13.710294 52.827522 39.343998</gx:coord>
        <when>2025-01-01T02:26:55.8391830Z</when>
        <gx:coord>13.71023 52.827522 39.343998</gx:coord>
        <coordinates />
      </gx:Track>
    </Placemark>
    <Placemark>
      <name>Takeoff: 2025-01-01</name>
      <styleUrl>#downArrowIcon</styleUrl>
      <Point>
        <altitudeMode>relativeToGround</altitudeMode>
        <coordinates>12.060221,51.55062,20</coordinates>
      </Point>
    </Placemark>
    <Placemark>
      <name>Landing: 2025-01-01</name>
      <styleUrl>#downArrowIcon</styleUrl>
      <Point>
        <altitudeMode>relativeToGround</altitudeMode>
        <coordinates>13.705166,52.826,20</coordinates>
      </Point>
    </Placemark>
    <Placemark>
      <name>Log Stop: 2025-01-01</name>
      <styleUrl>#downArrowIcon</styleUrl>
      <Point>
        <altitudeMode>relativeToGround</altitudeMode>
        <coordinates>13.71023,52.827522,20</coordinates>
      </Point>
    </Placemark>
  </Document>
</kml>
