<?xml version="1.0" encoding="utf-8"?>
<kml xmlns:gx="http://www.google.com/kml/ext/2.2" creator="kml-heatmap" xmlns="http://www.opengis.net/kml/2.2">
  <Document>
    <name>SkyDemon Track Log</name>
    <Style id="skydemonLogStyle">
      <LineStyle>
        <color>7f00ffff</color>
        <width>4</width>
      </LineStyle>
      <PolyStyle>
        <color>7fffa400</color>
      </PolyStyle>
    </Style>
    <Style id="downArrowIcon">
      <IconStyle>
        <href>http://maps.google.com/mapfiles/kml/pal4/icon28.png</href>
      </IconStyle>
    </Style>
    <Placemark>
      <name>Log Start: 2025-01-01</name>
      <styleUrl>#downArrowIcon</styleUrl>
      <Point>
        <altitudeMode>relativeToGround</altitudeMode>
        <coordinates>13.710165,52.827545,20</coordinates>
      </Point>
    </Placemark>
    <Placemark>
      <name>EDAV Eberswalde-Finow - EDBH Barth</name>
      <styleUrl>#skydemonLogStyle</styleUrl>
      <gx:Track>
        <extrude>1</extrude>
        <altitudeMode>absolute</altitudeMode>
        <when>2025-01-01T00:00:00.2840080Z</when>
        <gx:coord>13.710165 52.827545 42.392002</gx:coord>
        <when>2025-01-01T00:00:05.2850080Z</when>
        <gx:coord>13.710165 52.827545 42.392002</gx:coord>
        <when>2025-01-01T00:00:10.2850080Z</when>
        <gx:coord>13.710165 52.827545 42.392002</gx:coord>
        <when>2025-01-01T00:00:15.2850080Z</when>
        <gx:coord>13.710165 52.827545 42.392002</gx:coord>
        <when>2025-01-01T00:00:20.2850080Z</when>
        <gx:coord>13.710165 52.827545 42.392002</gx:coord>
        <when>2025-01-01T00:00:25.2850080Z</when>
        <gx:coord>13.710165 52.827545 42.392002</gx:coord>
        <when>2025-01-01T00:00:30.2850080Z</when>
        <gx:coord>13.710165 52.827545 42.392002</gx:coord>
        <when>2025-01-01T00:00:35.2850080Z</when>
        <gx:coord>13.710165 52.827545 42.392002</gx:coord>
        <when>2025-01-01T00:00:40.2850080Z</when>
        <gx:coord>13.710165 52.827545 42.392002</gx:coord>
        <when>2025-01-01T00:00:45.2850080Z</when>
        <gx:coord>13.710165 52.827545 42.392002</gx:coord>
        <when>2025-01-01T00:00:50.2850080Z</when>
        <gx:coord>13.710165 52.827545 42.392002</gx:coord>
        <when>2025-01-01T00:00:55.2850080Z</when>
        <gx:coord>13.710165 52.827545 42.392002</gx:coord>
        <when>2025-01-01T00:01:00.2840080Z</when>
        <gx:coord>13.710165 52.827545 42.392002</gx:coord>
        <when>2025-01-01T00:01:05.2840080Z</when>
        <gx:coord>13.710165 52.827545 42.392002</gx:coord>
        <when>2025-01-01T00:01:10.2840080Z</when>
        <gx:coord>13.710165 52.827545 42.392002</gx:coord>
        <when>2025-01-01T00:01:15.2850080Z</when>
        <gx:coord>13.710165 52.827545 42.392002</gx:coord>
        <when>2025-01-01T00:01:20.2850080Z</when>
        <gx:coord>13.710165 52.827545 42.392002</gx:coord>
        <when>2025-01-01T00:01:25.2850080Z</when>
        <gx:coord>13.710165 52.827545 42.392002</gx:coord>
        <when>2025-01-01T00:01:30.2850080Z</when>
        <gx:coord>13.710144 52.827545 42.392002</gx:coord>
        <when>2025-01-01T00:01:35.2850080Z</when>
        <gx:coord>13.710144 52.827545 42.392002</gx:coord>
        <when>2025-01-01T00:01:40.2840080Z</when>
        <gx:coord>13.710144 52.827545 42.392002</gx:coord>
        <when>2025-01-01T00:01:45.2850080Z</when>
        <gx:coord>13.710144 52.827545 42.392002</gx:coord>
        <when>2025-01-01T00:01:50.2850080Z</when>
        <gx:coord>13.710144 52.827545 42.392002</gx:coord>
        <when>2025-01-01T00:01:55.2850080Z</when>
        <gx:coord>13.710144 52.827545 42.392002</gx:coord>
        <when>2025-01-01T00:02:00.2850080Z</when>
        <gx:coord>13.710144 52.827545 42.392002</gx:coord>
        <when>2025-01-01T00:02:05.2850080Z</when>
        <gx:coord>13.710144 52.827545 42.392002</gx:coord>
        <when>2025-01-01T00:02:10.2850080Z</when>
        <gx:coord>13.710144 52.827545 42.392002</gx:coord>
        <when>2025-01-01T00:02:15.2850080Z</when>
        <gx:coord>13.710144 52.827545 42.392002</gx:coord>
        <when>2025-01-01T00:02:20.2850080Z</when>
        <gx:coord>13.710144 52.827545 42.392002</gx:coord>
        <when>2025-01-01T00:02:25.2850080Z</when>
        <gx:coord>13.710144 52.827545 42.392002</gx:coord>
        <when>2025-01-01T00:02:30.2850080Z</when>
        <gx:coord>13.710144 52.827545 42.392002</gx:coord>
        <when>2025-01-01T00:02:35.2840080Z</when>
        <gx:coord>13.710165 52.827545 42.392002</gx:coord>
        <when>2025-01-01T00:02:40.2850080Z</when>
        <gx:coord>13.710079 52.827545 42.392002</gx:coord>
        <when>2025-01-01T00:02:41.0970080Z</when>
        <gx:coord>13.710079 52.827545 42.392002</gx:coord>
        <when>2025-01-01T00:02:43.0950080Z</when>
        <gx:coord>13.710036 52.827545 42.392002</gx:coord>
        <when>2025-01-01T00:02:45.1050080Z</when>
        <gx:coord>13.709972 52.827522 42.392002</gx:coord>
        <when>2025-01-01T00:02:45.2850080Z</when>
        <gx:coord>13.70995 52.827522 42.392002</gx:coord>
        <when>2025-01-01T00:02:47.0970080Z</when>
        <gx:coord>13.709908 52.8275 40.868</gx:coord>
        <when>2025-01-01T00:02:49.1120080Z</when>
        <gx:coord>13.709865 52.82748 40.868</gx:coord>
        <when>2025-01-01T00:02:50.2850080Z</when>
        <gx:coord>13.709843 52.82744 40.868</gx:coord>
        <when>2025-01-01T00:02:51.1070080Z</when>
        <gx:coord>13.709843 52.82744 40.868</gx:coord>
        <when>2025-01-01T00:02:53.0990080Z</when>
        <gx:coord>13.709822 52.827374 40.868</gx:coord>
        <when>2025-01-01T00:02:55.1110080Z</when>
        <gx:coord>13.709843 52.82731 42.392002</gx:coord>
        <when>2025-01-01T00:02:55.2840080Z</when>
        <gx:coord>13.709865 52.827267 42.392002</gx:coord>
        <when>2025-01-01T00:02:56.1040080Z</when>
        <gx:coord>13.709865 52.827267 42.392002</gx:coord>
        <when>2025-01-01T00:02:56.1060080Z</when>
        <gx:coord>13.709865 52.827267 42.392002</gx:coord>
        <when>2025-01-01T00:02:58.1180080Z</when>
        <gx:coord>13.70995 52.8272 42.392002</gx:coord>
        <when>2025-01-01T00:03:00.1190080Z</when>
        <gx:coord>13.710036 52.827137 42.392002</gx:coord>
        <when>2025-01-01T00:03:00.2850080Z</when>
        <gx:coord>13.7101 52.827137 42.392002</gx:coord>
        <when>2025-01-01T00:03:04.1200080Z</when>
        <gx:coord>13.710316 52.827095 42.392002</gx:coord>
        <when>2025-01-01T00:03:04.1200080Z</when>
        <gx:coord>13.710316 52.827095 42.392002</gx:coord>
        <when>2025-01-01T00:03:05.2850080Z</when>
        <gx:coord>13.710465 52.827072 42.392002</gx:coord>
        <when>2025-01-01T00:03:10.2850080Z</when>
        <gx:coord>13.710895 52.82703 42.392002</gx:coord>
        <when>2025-01-01T00:03:15.2850080Z</when>
        <gx:coord>13.711324 52.82699 42.392002</gx:coord>
        <when>2025-01-01T00:03:20.2850080Z</when>
        <gx:coord>13.711645 52.826942 42.392002</gx:coord>
        <when>2025-01-01T00:03:25.2850080Z</when>
        <gx:coord>13.7119465 52.8269 42.392002</gx:coord>
        <when>2025-01-01T00:03:30.2850080Z</when>
        <gx:coord>13.712246 52.82686 42.392002</gx:coord>
        <when>2025-01-01T00:03:31.1250080Z</when>
        <gx:coord>13.712246 52.82686 42.392002</gx:coord>
        <when>2025-01-01T00:03:33.1190080Z</when>
        <gx:coord>13.712376 52.826813 42.392002</gx:coord>
        <when>2025-01-01T00:03:35.1140080Z</when>
        <gx:coord>13.712461 52.82675 42.392002</gx:coord>
        <when>2025-01-01T00:03:35.2840080Z</when>
        <gx:coord>13.712503 52.826706 42.392002</gx:coord>
        <when>2025-01-01T00:03:37.1220080Z</when>
        <gx:coord>13.712547 52.826664 42.392002</gx:coord>
        <when>2025-01-01T00:03:39.1050080Z</when>
        <gx:coord>13.712589 52.82658 42.392002</gx:coord>
        <when>2025-01-01T00:03:40.2850080Z</when>
        <gx:coord>13.712589 52.82647 42.392002</gx:coord>
        <when>2025-01-01T00:03:41.1110080Z</when>
        <gx:coord>13.712589 52.82647 42.392002</gx:coord>
        <when>2025-01-01T00:03:45.2850080Z</when>
        <gx:coord>13.712525 52.826237 40.868</gx:coord>
        <when>2025-01-01T00:03:50.2850080Z</when>
        <gx:coord>13.712461 52.826 42.392002</gx:coord>
        <when>2025-01-01T00:03:55.2850080Z</when>
        <gx:coord>13.712418 52.82583 40.868</gx:coord>
        <when>2025-01-01T00:03:57.1180080Z</when>
        <gx:coord>13.712397 52.82583 42.392002</gx:coord>
        <when>2025-01-01T00:04:00.2850080Z</when>
        <gx:coord>13.712397 52.82583 40.868</gx:coord>
        <when>2025-01-01T00:04:05.2850080Z</when>
        <gx:coord>13.712397 52.82583 40.868</gx:coord>
        <when>2025-01-01T00:04:10.2850080Z</when>
        <gx:coord>13.712397 52.82583 40.868</gx:coord>
        <when>2025-01-01T00:04:15.2850080Z</when>
        <gx:coord>13.712397 52.82583 40.868</gx:coord>
        <when>2025-01-01T00:04:20.2850080Z</when>
        <gx:coord>13.712397 52.82583 40.868</gx:coord>
        <when>2025-01-01T00:04:25.2850080Z</when>
        <gx:coord>13.712397 52.82583 40.868</gx:coord>
        <when>2025-01-01T00:04:30.2850080Z</when>
        <gx:coord>13.712397 52.82583 40.868</gx:coord>
        <when>2025-01-01T00:04:35.2850080Z</when>
        <gx:coord>13.712397 52.82583 40.868</gx:coord>
        <when>2025-01-01T00:04:40.2850080Z</when>
        <gx:coord>13.712397 52.82583 40.868</gx:coord>
        <when>2025-01-01T00:04:45.2850080Z</when>
        <gx:coord>13.712397 52.82583 40.868</gx:coord>
        <when>2025-01-01T00:04:50.2850080Z</when>
        <gx:coord>13.712397 52.82583 40.868</gx:coord>
        <when>2025-01-01T00:04:55.2850080Z</when>
        <gx:coord>13.712397 52.82583 40.868</gx:coord>
        <when>2025-01-01T00:05:00.2850080Z</when>
        <gx:coord>13.712397 52.82583 40.868</gx:coord>
        <when>2025-01-01T00:05:05.2850080Z</when>
        <gx:coord>13.712397 52.82583 40.868</gx:coord>
        <when>2025-01-01T00:05:10.2850080Z</when>
        <gx:coord>13.712397 52.82583 40.868</gx:coord>
        <when>2025-01-01T00:05:15.2840080Z</when>
        <gx:coord>13.712397 52.82583 40.868</gx:coord>
        <when>2025-01-01T00:05:20.2850080Z</when>
        <gx:coord>13.712397 52.82583 40.868</gx:coord>
        <when>2025-01-01T00:05:25.2850080Z</when>
        <gx:coord>13.712397 52.82583 40.868</gx:coord>
        <when>2025-01-01T00:05:30.2850080Z</when>
        <gx:coord>13.712397 52.82583 40.868</gx:coord>
        <when>2025-01-01T00:05:35.2850080Z</when>
        <gx:coord>13.712397 52.82583 40.868</gx:coord>
        <when>2025-01-01T00:05:40.2860080Z</when>
        <gx:coord>13.712397 52.82583 40.868</gx:coord>
        <when>2025-01-01T00:05:45.2860080Z</when>
        <gx:coord>13.712397 52.82583 40.868</gx:coord>
        <when>2025-01-01T00:05:50.2860080Z</when>
        <gx:coord>13.712397 52.82583 40.868</gx:coord>
        <when>2025-01-01T00:05:55.2860080Z</when>
        <gx:coord>13.712397 52.82583 40.868</gx:coord>
        <when>2025-01-01T00:06:00.2860080Z</when>
        <gx:coord>13.712397 52.82583 40.868</gx:coord>
        <when>2025-01-01T00:06:05.2860080Z</when>
        <gx:coord>13.712397 52.82583 40.868</gx:coord>
        <when>2025-01-01T00:06:10.2860080Z</when>
        <gx:coord>13.712397 52.82583 42.392002</gx:coord>
        <when>2025-01-01T00:06:15.2860080Z</when>
        <gx:coord>13.712397 52.82583 42.392002</gx:coord>
        <when>2025-01-01T00:06:20.2860080Z</when>
        <gx:coord>13.712397 52.82583 42.392002</gx:coord>
        <when>2025-01-01T00:06:25.2860080Z</when>
        <gx:coord>13.712397 52.825806 42.392002</gx:coord>
        <when>2025-01-01T00:06:30.2860080Z</when>
        <gx:coord>13.712376 52.825676 42.392002</gx:coord>
        <when>2025-01-01T00:06:35.2850080Z</when>
        <gx:coord>13.712311 52.825462 42.392002</gx:coord>
        <when>2025-01-01T00:06:39.1220080Z</when>
        <gx:coord>13.712268 52.82538 42.392002</gx:coord>
        <when>2025-01-01T00:06:40.2860080Z</when>
        <gx:coord>13.712225 52.825333 42.392002</gx:coord>
        <when>2025-01-01T00:06:41.0960080Z</when>
        <gx:coord>13.712225 52.825333 42.392002</gx:coord>
        <when>2025-01-01T00:06:43.1180080Z</when>
        <gx:coord>13.71216 52.82529 42.392002</gx:coord>
        <when>2025-01-01T00:06:45.2860080Z</when>
        <gx:coord>13.712074 52.82527 42.392002</gx:coord>
        <when>2025-01-01T00:06:46.1090080Z</when>
        <gx:coord>13.712074 52.82527 42.392002</gx:coord>
        <when>2025-01-01T00:06:50.0940080Z</when>
        <gx:coord>13.7119465 52.82527 42.392002</gx:coord>
        <when>2025-01-01T00:06:50.2860080Z</when>
        <gx:coord>13.711903 52.82527 42.392002</gx:coord>
        <when>2025-01-01T00:06:53.1110080Z</when>
        <gx:coord>13.711796 52.82527 42.392002</gx:coord>
        <when>2025-01-01T00:06:53.1110080Z</when>
        <gx:coord>13.711796 52.82527 42.392002</gx:coord>
        <when>2025-01-01T00:06:55.2860080Z</when>
        <gx:coord>13.7114525 52.82529 40.868</gx:coord>
        <when>2025-01-01T00:06:56.1170080Z</when>
        <gx:coord>13.7114525 52.82529 40.868</gx:coord>
        <when>2025-01-01T00:06:59.1260080Z</when>
        <gx:coord>13.710873 52.825356 40.868</gx:coord>
        <when>2025-01-01T00:06:59.1270080Z</when>
        <gx:coord>13.710873 52.825356 40.868</gx:coord>
        <when>2025-01-01T00:07:00.2860080Z</when>
        <gx:coord>13.710358 52.82538 40.868</gx:coord>
        <when>2025-01-01T00:07:04.1160080Z</when>
        <gx:coord>13.709435 52.825462 40.868</gx:coord>
        <when>2025-01-01T00:07:05.2860080Z</when>
        <gx:coord>13.708727 52.825527 40.868</gx:coord>
        <when>2025-01-01T00:07:08.1300080Z</when>
        <gx:coord>13.707933 52.825634 40.868</gx:coord>
        <when>2025-01-01T00:07:10.2860080Z</when>
        <gx:coord>13.706667 52.825806 43.916</gx:coord>
        <when>2025-01-01T00:07:15.1200080Z</when>
        <gx:coord>13.704779 52.826 46.964005</gx:coord>
        <when>2025-01-01T00:07:15.2860080Z</when>
        <gx:coord>13.704308 52.826065 48.487995</gx:coord>
        <when>2025-01-01T00:07:20.2860080Z</when>
        <gx:coord>13.701839 52.8263 62.204</gx:coord>
        <when>2025-01-01T00:07:25.2860080Z</when>
        <gx:coord>13.69935 52.826534 78.968</gx:coord>
        <when>2025-01-01T00:07:28.1360080Z</when>
        <gx:coord>13.697956 52.826687 92.68399</gx:coord>
        <when>2025-01-01T00:07:30.2860080Z</when>
        <gx:coord>13.697033 52.826794 100.304</gx:coord>
        <when>2025-01-01T00:07:35.2860080Z</when>
        <gx:coord>13.69478 52.82703 120.116</gx:coord>
        <when>2025-01-01T00:07:36.1180080Z</when>
        <gx:coord>13.694329 52.827072 123.164</gx:coord>
        <when>2025-01-01T00:07:40.2870080Z</when>
        <gx:coord>13.692505 52.82731 141.452</gx:coord>
        <when>2025-01-01T00:07:43.1150080Z</when>
        <gx:coord>13.691154 52.827457 156.69199</gx:coord>
        <when>2025-01-01T00:07:45.2870080Z</when>
        <gx:coord>13.690273 52.827587 165.836</gx:coord>
        <when>2025-01-01T00:07:50.2860080Z</when>
        <gx:coord>13.6881275 52.827866 181.076</gx:coord>
        <when>2025-01-01T00:07:52.1220080Z</when>
        <gx:coord>13.687227 52.827972 190.21999</gx:coord>
        <when>2025-01-01T00:07:55.2870080Z</when>
        <gx:coord>13.685896 52.828144 203.936</gx:coord>
        <when>2025-01-01T00:07:59.1180080Z</when>
        <gx:coord>13.684652 52.828297 217.65202</gx:coord>
        <when>2025-01-01T00:07:59.1190080Z</when>
        <gx:coord>13.684244 52.82834 220.69998</gx:coord>
        <when>2025-01-01T00:08:00.2870080Z</when>
        <gx:coord>13.683836 52.82838 223.74799</gx:coord>
        <when>2025-01-01T00:08:03.1240080Z</when>
        <gx:coord>13.682634 52.828552 226.796</gx:coord>
        <when>2025-01-01T00:08:05.2870080Z</when>
        <gx:coord>13.681776 52.82866 229.844</gx:coord>
        <when>2025-01-01T00:08:10.2870080Z</when>
        <gx:coord>13.679523 52.828938 249.656</gx:coord>
        <when>2025-01-01T00:08:11.1200080Z</when>
        <gx:coord>13.679073 52.829002 254.228</gx:coord>
        <when>2025-01-01T00:08:15.2870080Z</when>
        <gx:coord>13.677357 52.82924 272.516</gx:coord>
        <when>2025-01-01T00:08:20.2870080Z</when>
        <gx:coord>13.675167 52.82954 278.612</gx:coord>
        <when>2025-01-01T00:08:22.1230080Z</when>
        <gx:coord>13.674696 52.829605 277.08798</gx:coord>
        <when>2025-01-01T00:08:25.2870080Z</when>
        <gx:coord>13.6727 52.829884 281.66</gx:coord>
        <when>2025-01-01T00:08:27.1170080Z</when>
        <gx:coord>13.67167 52.830013 286.232</gx:coord>
        <when>2025-01-01T00:08:30.2870080Z</when>
        <gx:coord>13.670125 52.830204 295.376</gx:coord>
        <when>2025-01-01T00:08:35.2870080Z</when>
        <gx:coord>13.667507 52.830505 307.568</gx:coord>
        <when>2025-01-01T00:08:37.1200080Z</when>
        <gx:coord>13.666434 52.830612 324.33203</gx:coord>
        <when>2025-01-01T00:08:40.2870080Z</when>
        <gx:coord>13.664782 52.830784 333.47598</gx:coord>
        <when>2025-01-01T00:08:43.1380080Z</when>
        <gx:coord>13.663666 52.83089 339.572</gx:coord>
        <when>2025-01-01T00:08:45.2870080Z</when>
        <gx:coord>13.661971 52.831043 351.76398</gx:coord>
        <when>2025-01-01T00:08:47.1230080Z</when>
        <gx:coord>13.660833 52.83115 359.38403</gx:coord>
        <when>2025-01-01T00:08:50.2870080Z</when>
        <gx:coord>13.659096 52.8313 371.576</gx:coord>
        <when>2025-01-01T00:08:55.2870080Z</when>
        <gx:coord>13.656135 52.83162 388.34003</gx:coord>
        <when>2025-01-01T00:08:56.1430080Z</when>
        <gx:coord>13.655534 52.831684 388.34003</gx:coord>
        <when>2025-01-01T00:08:56.1440080Z</when>
        <gx:coord>13.655534 52.831684 391.38803</gx:coord>
        <when>2025-01-01T00:09:00.2870080Z</when>
        <gx:coord>13.653152 52.831963 415.77203</gx:coord>
        <when>2025-01-01T00:09:02.1200080Z</when>
        <gx:coord>13.651993 52.832138 426.44003</gx:coord>
        <when>2025-01-01T00:09:05.2870080Z</when>
        <gx:coord>13.65032 52.832394 444.72803</gx:coord>
        <when>2025-01-01T00:09:08.1240080Z</when>
        <gx:coord>13.648667 52.83259 458.44403</gx:coord>
        <when>2025-01-01T00:09:10.2880080Z</when>
        <gx:coord>13.647552 52.832695 463.016</gx:coord>
        <when>2025-01-01T00:09:15.2870080Z</when>
        <gx:coord>13.644891 52.83293 476.732</gx:coord>
        <when>2025-01-01T00:09:20.1180080Z</when>
        <gx:coord>13.642166 52.833103 488.924</gx:coord>
        <when>2025-01-01T00:09:20.2870080Z</when>
        <gx:coord>13.642166 52.833103 488.924</gx:coord>
        <when>2025-01-01T00:09:24.1100080Z</when>
        <gx:coord>13.640428 52.833317 501.116</gx:coord>
        <when>2025-01-01T00:09:25.2870080Z</when>
        <gx:coord>13.639355 52.833595 507.21198</gx:coord>
        <when>2025-01-01T00:09:27.1160080Z</when>
        <gx:coord>13.63884 52.833767 511.78403</gx:coord>
        <when>2025-01-01T00:09:28.1200080Z</when>
        <gx:coord>13.637896 52.834175 522.45197</gx:coord>
        <when>2025-01-01T00:09:30.2880080Z</when>
        <gx:coord>13.637058 52.834625 533.12</gx:coord>
        <when>2025-01-01T00:09:32.1280080Z</when>
        <gx:coord>13.636651 52.83486 537.692</gx:coord>
        <when>2025-01-01T00:09:35.2880080Z</when>
        <gx:coord>13.63517 52.83589 549.884</gx:coord>
        <when>2025-01-01T00:09:36.1220080Z</when>
        <gx:coord>13.634806 52.83617 552.932</gx:coord>
        <when>2025-01-01T00:09:38.1160080Z</when>
        <gx:coord>13.634483 52.83645 554.456</gx:coord>
        <when>2025-01-01T00:09:40.2880080Z</when>
        <gx:coord>13.633539 52.83737 557.50397</gx:coord>
        <when>2025-01-01T00:09:45.1180080Z</when>
        <gx:coord>13.632423 52.838745 574.268</gx:coord>
        <when>2025-01-01T00:09:46.1580080Z</when>
        <gx:coord>13.631952 52.839474 586.45996</gx:coord>
        <when>2025-01-01T00:10:12.2720080Z</when>
        <gx:coord>13.631501 52.840202 592.55597</gx:coord>
        <when>2025-01-01T00:10:12.2730080Z</when>
        <gx:coord>13.6308365 52.841278 618.464</gx:coord>
        <when>2025-01-01T00:10:12.2740080Z</when>
        <gx:coord>13.629591 52.843445 651.992</gx:coord>
        <when>2025-01-01T00:10:12.2740080Z</when>
        <gx:coord>13.628068 52.845955 682.472</gx:coord>
        <when>2025-01-01T00:10:12.2750080Z</when>
        <gx:coord>13.626631 52.848145 714.4761</gx:coord>
        <when>2025-01-01T00:10:12.7550080Z</when>
        <gx:coord>13.626116 52.84885 728.1921</gx:coord>
        <when>2025-01-01T00:10:15.1180080Z</when>
        <gx:coord>13.625299 52.84986 749.5281</gx:coord>
        <when>2025-01-01T00:10:57.6160080Z</when>
        <gx:coord>13.623884 52.851578 757.148</gx:coord>
        <when>2025-01-01T00:10:57.6170080Z</when>
        <gx:coord>13.62103 52.854668 781.532</gx:coord>
        <when>2025-01-01T00:10:57.6260080Z</when>
        <gx:coord>13.620064 52.85565 786.104</gx:coord>
        <when>2025-01-01T00:10:57.6260080Z</when>
        <gx:coord>13.619742 52.855976 787.628</gx:coord>
        <when>2025-01-01T00:10:58.0910080Z</when>
        <gx:coord>13.610172 52.86355 789.152</gx:coord>
        <when>2025-01-01T00:11:37.8480080Z</when>
        <gx:coord>13.603048 52.868958 783.05597</gx:coord>
        <when>2025-01-01T00:11:37.8490080Z</when>
        <gx:coord>13.600109 52.872906 786.104</gx:coord>
        <when>2025-01-01T00:11:37.8490080Z</when>
        <gx:coord>13.599572 52.8737 786.104</gx:coord>
        <when>2025-01-01T00:11:38.3270080Z</when>
        <gx:coord>13.596546 52.878742 784.5801</gx:coord>
        <when>2025-01-01T00:11:43.3440080Z</when>
        <gx:coord>13.595281 52.880867 784.5801</gx:coord>
        <when>2025-01-01T00:11:48.3280080Z</when>
        <gx:coord>13.594036 52.883034 781.532</gx:coord>
        <when>2025-01-01T00:11:52.1190080Z</when>
        <gx:coord>13.593071 52.884773 781.532</gx:coord>
        <when>2025-01-01T00:11:53.3280080Z</when>
        <gx:coord>13.592834 52.8852 781.532</gx:coord>
        <when>2025-01-01T00:11:58.3290080Z</when>
        <gx:coord>13.591654 52.88739 780.008</gx:coord>
        <when>2025-01-01T00:12:03.3290080Z</when>
        <gx:coord>13.590474 52.889557 780.008</gx:coord>
        <when>2025-01-01T00:12:08.3290080Z</when>
        <gx:coord>13.589336 52.891766 780.008</gx:coord>
        <when>2025-01-01T00:12:13.3290080Z</when>
        <gx:coord>13.588264 52.89398 778.484</gx:coord>
        <when>2025-01-01T00:12:22.9510080Z</when>
        <gx:coord>13.586354 52.897903 775.436</gx:coord>
        <when>2025-01-01T00:12:27.9520080Z</when>
        <gx:coord>13.585324 52.90005 775.436</gx:coord>
        <when>2025-01-01T00:12:29.1210080Z</when>
        <gx:coord>13.584895 52.90091 776.95996</gx:coord>
        <when>2025-01-01T00:12:32.9520080Z</when>
        <gx:coord>13.584251 52.902176 776.95996</gx:coord>
        <when>2025-01-01T00:12:37.9520080Z</when>
        <gx:coord>13.5831785 52.904278 780.008</gx:coord>
        <when>2025-01-01T00:12:42.9520080Z</when>
        <gx:coord>13.582041 52.90638 780.008</gx:coord>
        <when>2025-01-01T00:12:47.9530080Z</when>
        <gx:coord>13.580883 52.90848 781.532</gx:coord>
        <when>2025-01-01T00:12:52.9520080Z</when>
        <gx:coord>13.579767 52.91063 780.008</gx:coord>
        <when>2025-01-01T00:12:57.9530080Z</when>
        <gx:coord>13.5786295 52.912796 780.008</gx:coord>
        <when>2025-01-01T00:13:02.9530080Z</when>
        <gx:coord>13.577536 52.914963 778.484</gx:coord>
        <when>2025-01-01T00:13:07.1250080Z</when>
        <gx:coord>13.576398 52.917152 770.8641</gx:coord>
        <when>2025-01-01T00:13:07.9530080Z</when>
        <gx:coord>13.576398 52.917152 770.8641</gx:coord>
        <when>2025-01-01T00:13:12.9530080Z</when>
        <gx:coord>13.575218 52.919342 772.388</gx:coord>
        <when>2025-01-01T00:13:17.9520080Z</when>
        <gx:coord>13.574038 52.921486 772.388</gx:coord>
        <when>2025-01-01T00:13:22.9600080Z</when>
        <gx:coord>13.572857 52.92363 772.388</gx:coord>
        <when>2025-01-01T00:13:27.9530080Z</when>
        <gx:coord>13.571655 52.925755 770.8641</gx:coord>
        <when>2025-01-01T00:13:32.9530080Z</when>
        <gx:coord>13.570412 52.92788 772.388</gx:coord>
        <when>2025-01-01T00:13:37.9530080Z</when>
        <gx:coord>13.56921 52.930046 772.388</gx:coord>
        <when>2025-01-01T00:13:42.9530080Z</when>
        <gx:coord>13.568115 52.932213 772.388</gx:coord>
        <when>2025-01-01T00:13:44.1280080Z</when>
        <gx:coord>13.567707 52.933117 772.388</gx:coord>
        <when>2025-01-01T00:13:47.9630080Z</when>
        <gx:coord>13.567042 52.93445 772.388</gx:coord>
        <when>2025-01-01T00:13:52.9710080Z</when>
        <gx:coord>13.565841 52.9367 773.912</gx:coord>
        <when>2025-01-01T00:13:57.9530080Z</when>
        <gx:coord>13.5644245 52.93893 776.95996</gx:coord>
        <when>2025-01-01T00:14:14.5120080Z</when>
        <gx:coord>13.562751 52.941635 773.912</gx:coord>
        <when>2025-01-01T00:14:15.0270080Z</when>
        <gx:coord>13.560047 52.946743 769.33997</gx:coord>
        <when>2025-01-01T00:14:19.1250080Z</when>
        <gx:coord>13.55891 52.949017 770.8641</gx:coord>
        <when>2025-01-01T00:14:20.0280080Z</when>
        <gx:coord>13.55891 52.949017 769.33997</gx:coord>
        <when>2025-01-01T00:14:21.9340080Z</when>
        <gx:coord>13.558416 52.949898 769.33997</gx:coord>
        <when>2025-01-01T00:14:23.2620080Z</when>
        <gx:coord>13.557901 52.950775 770.8641</gx:coord>
        <when>2025-01-01T00:14:59.8960080Z</when>
        <gx:coord>13.556936 52.95247 772.388</gx:coord>
        <when>2025-01-01T00:14:59.9020080Z</when>
        <gx:coord>13.551271 52.961525 775.436</gx:coord>
        <when>2025-01-01T00:14:59.9080080Z</when>
        <gx:coord>13.549404 52.964745 776.95996</gx:coord>
        <when>2025-01-01T00:15:00.3820080Z</when>
        <gx:coord>13.5482235 52.967064 772.388</gx:coord>
        <when>2025-01-01T00:15:05.3840080Z</when>
        <gx:coord>13.54698 52.969337 770.8641</gx:coord>
        <when>2025-01-01T00:15:10.3950080Z</when>
        <gx:coord>13.545713 52.97159 772.388</gx:coord>
        <when>2025-01-01T00:15:15.3840080Z</when>
        <gx:coord>13.544447 52.9738 773.912</gx:coord>
        <when>2025-01-01T00:15:20.3840080Z</when>
        <gx:coord>13.5431385 52.975967 773.912</gx:coord>
        <when>2025-01-01T00:15:25.3840080Z</when>
        <gx:coord>13.541872 52.97811 773.912</gx:coord>
        <when>2025-01-01T00:15:30.4130080Z</when>
        <gx:coord>13.540628 52.980278 773.912</gx:coord>
        <when>2025-01-01T00:15:31.1260080Z</when>
        <gx:coord>13.540392 52.98071 773.912</gx:coord>
        <when>2025-01-01T00:15:35.3840080Z</when>
        <gx:coord>13.539427 52.982426 773.912</gx:coord>
        <when>2025-01-01T00:15:40.3840080Z</when>
        <gx:coord>13.538332 52.984592 772.388</gx:coord>
        <when>2025-01-01T00:15:45.3830080Z</when>
        <gx:coord>13.537195 52.98674 772.388</gx:coord>
        <when>2025-01-01T00:15:47.1200080Z</when>
        <gx:coord>13.53698 52.987144 772.388</gx:coord>
        <when>2025-01-01T00:15:50.3840080Z</when>
        <gx:coord>13.536057 52.98882 773.912</gx:coord>
        <when>2025-01-01T00:15:55.3840080Z</when>
        <gx:coord>13.534899 52.990944 775.436</gx:coord>
        <when>2025-01-01T00:16:00.3910080Z</when>
        <gx:coord>13.533632 52.99309 775.436</gx:coord>
        <when>2025-01-01T00:16:05.3840080Z</when>
        <gx:coord>13.532453 52.995277 772.388</gx:coord>
        <when>2025-01-01T00:16:08.1230080Z</when>
        <gx:coord>13.531788 52.99661 770.8641</gx:coord>
        <when>2025-01-01T00:16:10.3850080Z</when>
        <gx:coord>13.531337 52.99749 769.33997</gx:coord>
        <when>2025-01-01T00:16:15.3850080Z</when>
        <gx:coord>13.530221 52.99968 767.816</gx:coord>
        <when>2025-01-01T00:16:20.3850080Z</when>
        <gx:coord>13.529083 53.001865 773.912</gx:coord>
        <when>2025-01-01T00:16:25.3850080Z</when>
        <gx:coord>13.527904 53.004032 772.388</gx:coord>
        <when>2025-01-01T00:16:30.4130080Z</when>
        <gx:coord>13.526702 53.006203 775.436</gx:coord>
        <when>2025-01-01T00:16:35.3850080Z</when>
        <gx:coord>13.525543 53.00837 775.436</gx:coord>
        <when>2025-01-01T00:16:40.3850080Z</when>
        <gx:coord>13.524427 53.010555 775.436</gx:coord>
        <when>2025-01-01T00:16:45.1240080Z</when>
        <gx:coord>13.523269 53.012768 775.436</gx:coord>
        <when>2025-01-01T00:16:45.3850080Z</when>
        <gx:coord>13.523269 53.012768 775.436</gx:coord>
        <when>2025-01-01T00:16:50.3850080Z</when>
        <gx:coord>13.522131 53.014954 775.436</gx:coord>
        <when>2025-01-01T00:16:55.3850080Z</when>
        <gx:coord>13.521015 53.017124 775.436</gx:coord>
        <when>2025-01-01T00:17:00.3920080Z</when>
        <gx:coord>13.519899 53.01929 775.436</gx:coord>
        <when>2025-01-01T00:17:05.3860080Z</when>
        <gx:coord>13.518827 53.021435 776.95996</gx:coord>
        <when>2025-01-01T00:17:10.3860080Z</when>
        <gx:coord>13.517797 53.0236 776.95996</gx:coord>
        <when>2025-01-01T00:17:15.3860080Z</when>
        <gx:coord>13.516746 53.02575 778.484</gx:coord>
        <when>2025-01-01T00:17:20.3860080Z</when>
        <gx:coord>13.51563 53.027893 780.008</gx:coord>
        <when>2025-01-01T00:17:22.1230080Z</when>
        <gx:coord>13.515201 53.028774 780.008</gx:coord>
        <when>2025-01-01T00:17:25.3860080Z</when>
        <gx:coord>13.514557 53.030106 780.008</gx:coord>
        <when>2025-01-01T00:17:30.4230080Z</when>
        <gx:coord>13.513484 53.032402 780.008</gx:coord>
        <when>2025-01-01T00:17:32.1220080Z</when>
        <gx:coord>13.513269 53.03287 778.484</gx:coord>
        <when>2025-01-01T00:17:35.3860080Z</when>
        <gx:coord>13.512411 53.034782 775.436</gx:coord>
        <when>2025-01-01T00:17:40.3860080Z</when>
        <gx:coord>13.511081 53.037144 773.912</gx:coord>
        <when>2025-01-01T00:17:45.3860080Z</when>
        <gx:coord>13.509558 53.039417 778.484</gx:coord>
        <when>2025-01-01T00:17:58.6910080Z</when>
        <gx:coord>13.506338 53.04504 770.8641</gx:coord>
        <when>2025-01-01T00:17:59.0050080Z</when>
        <gx:coord>13.506081 53.04551 773.912</gx:coord>
        <when>2025-01-01T00:18:04.0060080Z</when>
        <gx:coord>13.504707 53.047764 775.436</gx:coord>
        <when>2025-01-01T00:18:09.0060080Z</when>
        <gx:coord>13.503356 53.050037 776.95996</gx:coord>
        <when>2025-01-01T00:18:14.0060080Z</when>
        <gx:coord>13.502005 53.052376 773.912</gx:coord>
        <when>2025-01-01T00:18:19.0060080Z</when>
        <gx:coord>13.500652 53.05476 770.8641</gx:coord>
        <when>2025-01-01T00:18:24.0060080Z</when>
        <gx:coord>13.499344 53.057228 770.8641</gx:coord>
        <when>2025-01-01T00:18:29.0070080Z</when>
        <gx:coord>13.497927 53.059715 769.33997</gx:coord>
        <when>2025-01-01T00:18:31.1190080Z</when>
        <gx:coord>13.496941 53.061195 769.33997</gx:coord>
        <when>2025-01-01T00:18:34.0060080Z</when>
        <gx:coord>13.496275 53.062164 770.8641</gx:coord>
        <when>2025-01-01T00:18:38.1210080Z</when>
        <gx:coord>13.495052 53.06416 772.388</gx:coord>
        <when>2025-01-01T00:18:39.0070080Z</when>
        <gx:coord>13.494795 53.064693 770.8641</gx:coord>
        <when>2025-01-01T00:18:44.0070080Z</when>
        <gx:coord>13.493228 53.06729 769.33997</gx:coord>
        <when>2025-01-01T00:18:49.0070080Z</when>
        <gx:coord>13.491705 53.06991 764.768</gx:coord>
        <when>2025-01-01T00:18:54.0070080Z</when>
        <gx:coord>13.490202 53.072548 763.2441</gx:coord>
        <when>2025-01-01T00:18:59.0180080Z</when>
        <gx:coord>13.488873 53.075165 769.33997</gx:coord>
        <when>2025-01-01T00:19:02.1190080Z</when>
        <gx:coord>13.487864 53.077225 769.33997</gx:coord>
        <when>2025-01-01T00:19:04.0070080Z</when>
        <gx:coord>13.487606 53.07774 770.8641</gx:coord>
        <when>2025-01-01T00:19:09.0070080Z</when>
        <gx:coord>13.486298 53.080273 770.8641</gx:coord>
        <when>2025-01-01T00:19:14.0070080Z</when>
        <gx:coord>13.484966 53.08274 770.8641</gx:coord>
        <when>2025-01-01T00:19:19.0070080Z</when>
        <gx:coord>13.483637 53.08521 766.292</gx:coord>
        <when>2025-01-01T00:19:24.0070080Z</when>
        <gx:coord>13.482285 53.08772 763.2441</gx:coord>
        <when>2025-01-01T00:19:29.0060080Z</when>
        <gx:coord>13.480825 53.090164 763.2441</gx:coord>
        <when>2025-01-01T00:19:34.0070080Z</when>
        <gx:coord>13.47928 53.092567 764.768</gx:coord>
        <when>2025-01-01T00:19:34.1240080Z</when>
        <gx:coord>13.478937 53.09304 764.768</gx:coord>
        <when>2025-01-01T00:19:39.0070080Z</when>
        <gx:coord>13.47765 53.094906 766.292</gx:coord>
        <when>2025-01-01T00:19:44.0080080Z</when>
        <gx:coord>13.476084 53.09729 767.816</gx:coord>
        <when>2025-01-01T00:19:49.0080080Z</when>
        <gx:coord>13.474495 53.099712 766.292</gx:coord>
        <when>2025-01-01T00:19:54.0080080Z</when>
        <gx:coord>13.472929 53.102116 767.816</gx:coord>
        <when>2025-01-01T00:19:59.0220080Z</when>
        <gx:coord>13.471535 53.104584 767.816</gx:coord>
        <when>2025-01-01T00:20:04.0070080Z</when>
        <gx:coord>13.470076 53.10701 769.33997</gx:coord>
        <when>2025-01-01T00:20:07.1220080Z</when>
        <gx:coord>13.468916 53.108982 769.33997</gx:coord>
        <when>2025-01-01T00:20:09.0080080Z</when>
        <gx:coord>13.468637 53.109478 769.33997</gx:coord>
        <when>2025-01-01T00:20:14.0080080Z</when>
        <gx:coord>13.467157 53.111946 767.816</gx:coord>
        <when>2025-01-01T00:20:19.0080080Z</when>
        <gx:coord>13.465612 53.11441 770.8641</gx:coord>
        <when>2025-01-01T00:20:24.0080080Z</when>
        <gx:coord>13.464088 53.116943 766.292</gx:coord>
        <when>2025-01-01T00:20:29.0070080Z</when>
        <gx:coord>13.462629 53.1195 767.816</gx:coord>
        <when>2025-01-01T00:20:34.0080080Z</when>
        <gx:coord>13.461191 53.121986 764.768</gx:coord>
        <when>2025-01-01T00:20:39.0080080Z</when>
        <gx:coord>13.459797 53.124413 769.33997</gx:coord>
        <when>2025-01-01T00:20:39.1200080Z</when>
        <gx:coord>13.459518 53.12488 769.33997</gx:coord>
        <when>2025-01-01T00:20:42.1150080Z</when>
        <gx:coord>13.45896 53.125805 769.33997</gx:coord>
        <when>2025-01-01T00:20:44.0080080Z</when>
        <gx:coord>13.458381 53.126728 770.8641</gx:coord>
        <when>2025-01-01T00:20:49.0080080Z</when>
        <gx:coord>13.457071 53.129 770.8641</gx:coord>
        <when>2025-01-01T00:20:54.0080080Z</when>
        <gx:coord>13.455763 53.131233 770.8641</gx:coord>
        <when>2025-01-01T00:20:59.0200080Z</when>
        <gx:coord>13.454496 53.133446 770.8641</gx:coord>
        <when>2025-01-01T00:21:04.0080080Z</when>
        <gx:coord>13.453231 53.135635 772.388</gx:coord>
        <when>2025-01-01T00:21:09.0090080Z</when>
        <gx:coord>13.451965 53.137802 772.388</gx:coord>
        <when>2025-01-01T00:21:14.0090080Z</when>
        <gx:coord>13.450678 53.139988 772.388</gx:coord>
        <when>2025-01-01T00:21:15.1160080Z</when>
        <gx:coord>13.450163 53.14087 772.388</gx:coord>
        <when>2025-01-01T00:21:19.0090080Z</when>
        <gx:coord>13.44939 53.142178 772.388</gx:coord>
        <when>2025-01-01T00:21:24.0080080Z</when>
        <gx:coord>13.447973 53.144325 770.8641</gx:coord>
        <when>2025-01-01T00:21:29.0080080Z</when>
        <gx:coord>13.446428 53.146446 772.388</gx:coord>
        <when>2025-01-01T00:21:34.0090080Z</when>
        <gx:coord>13.444905 53.14857 770.8641</gx:coord>
        <when>2025-01-01T00:21:39.0090080Z</when>
        <gx:coord>13.443424 53.15074 769.33997</gx:coord>
        <when>2025-01-01T00:21:44.0090080Z</when>
        <gx:coord>13.441879 53.152863 770.8641</gx:coord>
        <when>2025-01-01T00:21:49.0090080Z</when>
        <gx:coord>13.44027 53.15497 769.33997</gx:coord>
        <when>2025-01-01T00:21:51.1170080Z</when>
        <gx:coord>13.439348 53.156235 769.33997</gx:coord>
        <when>2025-01-01T00:21:54.0090080Z</when>
        <gx:coord>13.438747 53.15707 767.816</gx:coord>
        <when>2025-01-01T00:21:59.0240080Z</when>
        <gx:coord>13.437223 53.159195 767.816</gx:coord>
        <when>2025-01-01T00:22:04.0090080Z</when>
        <gx:coord>13.4356785 53.161274 766.292</gx:coord>
        <when>2025-01-01T00:22:09.0090080Z</when>
        <gx:coord>13.434069 53.163334 764.768</gx:coord>
        <when>2025-01-01T00:22:14.0090080Z</when>
        <gx:coord>13.432438 53.165394 763.2441</gx:coord>
        <when>2025-01-01T00:22:18.1130080Z</when>
        <gx:coord>13.43115 53.167027 772.388</gx:coord>
        <when>2025-01-01T00:22:19.0090080Z</when>
        <gx:coord>13.430851 53.167435 773.912</gx:coord>
        <when>2025-01-01T00:22:24.0090080Z</when>
        <gx:coord>13.429262 53.16945 773.912</gx:coord>
        <when>2025-01-01T00:22:28.1190080Z</when>
        <gx:coord>13.427675 53.17151 775.436</gx:coord>
        <when>2025-01-01T00:22:29.0090080Z</when>
        <gx:coord>13.427675 53.17151 775.436</gx:coord>
        <when>2025-01-01T00:22:34.0090080Z</when>
        <gx:coord>13.426065 53.17355 775.436</gx:coord>
        <when>2025-01-01T00:22:39.0090080Z</when>
        <gx:coord>13.424478 53.175587 775.436</gx:coord>
        <when>2025-01-01T00:22:44.0090080Z</when>
        <gx:coord>13.422911 53.177647 775.436</gx:coord>
        <when>2025-01-01T00:22:49.0090080Z</when>
        <gx:coord>13.421302 53.179665 773.912</gx:coord>
        <when>2025-01-01T00:22:54.0100080Z</when>
        <gx:coord>13.419714 53.18166 773.912</gx:coord>
        <when>2025-01-01T00:22:59.0470080Z</when>
        <gx:coord>13.418126 53.183655 773.912</gx:coord>
        <when>2025-01-01T00:23:04.0400080Z</when>
        <gx:coord>13.416559 53.185585 767.816</gx:coord>
        <when>2025-01-01T00:23:06.1230080Z</when>
        <gx:coord>13.415659 53.186745 769.33997</gx:coord>
        <when>2025-01-01T00:23:09.0400080Z</when>
        <gx:coord>13.415079 53.18752 770.8641</gx:coord>
        <when>2025-01-01T00:23:14.0410080Z</when>
        <gx:coord>13.413513 53.189472 772.388</gx:coord>
        <when>2025-01-01T00:23:19.0120080Z</when>
        <gx:coord>13.411903 53.191486 772.388</gx:coord>
        <when>2025-01-01T00:23:24.0090080Z</when>
        <gx:coord>13.410379 53.193546 772.388</gx:coord>
        <when>2025-01-01T00:23:29.0090080Z</when>
        <gx:coord>13.408771 53.195564 767.816</gx:coord>
        <when>2025-01-01T00:23:34.0100080Z</when>
        <gx:coord>13.407162 53.197582 767.816</gx:coord>
        <when>2025-01-01T00:23:39.0100080Z</when>
        <gx:coord>13.405531 53.19962 769.33997</gx:coord>
        <when>2025-01-01T00:23:43.1120080Z</when>
        <gx:coord>13.404093 53.20121 769.33997</gx:coord>
        <when>2025-01-01T00:23:44.0100080Z</when>
        <gx:coord>13.403685 53.201572 769.33997</gx:coord>
        <when>2025-01-01T00:23:44.1210080Z</when>
        <gx:coord>13.403299 53.201958 769.33997</gx:coord>
        <when>2025-01-01T00:23:49.0100080Z</when>
        <gx:coord>13.401561 53.20342 769.33997</gx:coord>
        <when>2025-01-01T00:23:54.0100080Z</when>
        <gx:coord>13.399243 53.205177 769.33997</gx:coord>
        <when>2025-01-01T00:23:59.0240080Z</when>
        <gx:coord>13.396797 53.20683 772.388</gx:coord>
        <when>2025-01-01T00:23:59.1200080Z</when>
        <gx:coord>13.396797 53.20683 772.388</gx:coord>
        <when>2025-01-01T00:24:04.0110080Z</when>
        <gx:coord>13.394243 53.208355 772.388</gx:coord>
        <when>2025-01-01T00:24:09.0110080Z</when>
        <gx:coord>13.391647 53.2099 773.912</gx:coord>
        <when>2025-01-01T00:24:14.0100080Z</when>
        <gx:coord>13.388966 53.211334 773.912</gx:coord>
        <when>2025-01-01T00:24:19.0110080Z</when>
        <gx:coord>13.386283 53.21286 772.388</gx:coord>
        <when>2025-01-01T00:24:22.1240080Z</when>
        <gx:coord>13.384115 53.214104 772.388</gx:coord>
        <when>2025-01-01T00:24:24.0110080Z</when>
        <gx:coord>13.383579 53.214424 773.912</gx:coord>
        <when>2025-01-01T00:24:29.0100080Z</when>
        <gx:coord>13.381111 53.21627 772.388</gx:coord>
        <when>2025-01-01T00:24:34.0110080Z</when>
        <gx:coord>13.378536 53.218117 772.388</gx:coord>
        <when>2025-01-01T00:24:39.0110080Z</when>
        <gx:coord>13.375875 53.2199 773.912</gx:coord>
        <when>2025-01-01T00:24:44.0110080Z</when>
        <gx:coord>13.373173 53.221634 770.8641</gx:coord>
        <when>2025-01-01T00:24:49.0100080Z</when>
        <gx:coord>13.370361 53.223225 769.33997</gx:coord>
        <when>2025-01-01T00:24:54.0100080Z</when>
        <gx:coord>13.367529 53.224705 769.33997</gx:coord>
        <when>2025-01-01T00:24:58.1180080Z</when>
        <gx:coord>13.364761 53.226185 770.8641</gx:coord>
        <when>2025-01-01T00:24:59.0150080Z</when>
        <gx:coord>13.364761 53.226185 770.8641</gx:coord>
        <when>2025-01-01T00:25:04.0110080Z</when>
        <gx:coord>13.362122 53.227707 770.8641</gx:coord>
        <when>2025-01-01T00:25:09.0110080Z</when>
        <gx:coord>13.3596115 53.229275 770.8641</gx:coord>
        <when>2025-01-01T00:25:14.0100080Z</when>
        <gx:coord>13.357186 53.230904 770.8641</gx:coord>
        <when>2025-01-01T00:25:19.0110080Z</when>
        <gx:coord>13.354761 53.232536 770.8641</gx:coord>
        <when>2025-01-01T00:25:29.4750080Z</when>
        <gx:coord>13.3494835 53.23612 769.33997</gx:coord>
        <when>2025-01-01T00:25:31.8260080Z</when>
        <gx:coord>13.34856 53.236763 769.33997</gx:coord>
        <when>2025-01-01T00:25:36.7180080Z</when>
        <gx:coord>13.346222 53.238373 769.33997</gx:coord>
        <when>2025-01-01T00:25:37.1150080Z</when>
        <gx:coord>13.345771 53.238693 769.33997</gx:coord>
        <when>2025-01-01T00:25:41.7560080Z</when>
        <gx:coord>13.343968 53.23996 769.33997</gx:coord>
        <when>2025-01-01T00:25:46.7190080Z</when>
        <gx:coord>13.341737 53.24157 767.816</gx:coord>
        <when>2025-01-01T00:25:51.7180080Z</when>
        <gx:coord>13.339548 53.243156 766.292</gx:coord>
        <when>2025-01-01T00:25:56.7190080Z</when>
        <gx:coord>13.337359 53.244747 764.768</gx:coord>
        <when>2025-01-01T00:26:01.7190080Z</when>
        <gx:coord>13.335192 53.246353 763.2441</gx:coord>
        <when>2025-01-01T00:26:06.7180080Z</when>
        <gx:coord>13.332896 53.24792 775.436</gx:coord>
        <when>2025-01-01T00:26:11.7190080Z</when>
        <gx:coord>13.330557 53.249466 776.95996</gx:coord>
        <when>2025-01-01T00:26:16.7190080Z</when>
        <gx:coord>13.328239 53.251034 771.874</gx:coord>
        <when>2025-01-01T00:26:18.1250080Z</when>
        <gx:coord>13.327295 53.25168 771.874</gx:coord>
        <when>2025-01-01T00:26:21.7190080Z</when>
        <gx:coord>13.325922 53.252663 770.35004</gx:coord>
        <when>2025-01-01T00:26:26.7200080Z</when>
        <gx:coord>13.323605 53.25436 765.778</gx:coord>
        <when>2025-01-01T00:26:31.7200080Z</when>
        <gx:coord>13.321201 53.25599 768.826</gx:coord>
        <when>2025-01-01T00:26:36.7410080Z</when>
        <gx:coord>13.318777 53.2576 771.874</gx:coord>
        <when>2025-01-01T00:26:41.7200080Z</when>
        <gx:coord>13.316417 53.25925 771.874</gx:coord>
        <when>2025-01-01T00:26:46.7200080Z</when>
        <gx:coord>13.314035 53.26095 767.302</gx:coord>
        <when>2025-01-01T00:26:51.7200080Z</when>
        <gx:coord>13.311481 53.26262 768.826</gx:coord>
        <when>2025-01-01T00:26:56.1290080Z</when>
        <gx:coord>13.308971 53.264336 770.35004</gx:coord>
        <when>2025-01-01T00:26:56.7200080Z</when>
        <gx:coord>13.308971 53.264336 770.35004</gx:coord>
        <when>2025-01-01T00:27:01.7200080Z</when>
        <gx:coord>13.306503 53.266075 771.874</gx:coord>
        <when>2025-01-01T00:27:06.7190080Z</when>
        <gx:coord>13.304079 53.267815 770.35004</gx:coord>
        <when>2025-01-01T00:27:11.7200080Z</when>
        <gx:coord>13.301654 53.26953 770.35004</gx:coord>
        <when>2025-01-01T00:27:16.7200080Z</when>
        <gx:coord>13.299273 53.271248 770.35004</gx:coord>
        <when>2025-01-01T00:27:21.7200080Z</when>
        <gx:coord>13.296869 53.272984 770.35004</gx:coord>
        <when>2025-01-01T00:27:26.7200080Z</when>
        <gx:coord>13.29438 53.274723 776.446</gx:coord>
        <when>2025-01-01T00:27:31.7200080Z</when>
        <gx:coord>13.291847 53.276524 774.922</gx:coord>
        <when>2025-01-01T00:27:33.1070080Z</when>
        <gx:coord>13.290817 53.277275 773.398</gx:coord>
        <when>2025-01-01T00:27:35.1210080Z</when>
        <gx:coord>13.290302 53.27766 771.874</gx:coord>
        <when>2025-01-01T00:27:36.7310080Z</when>
        <gx:coord>13.289272 53.278435 771.874</gx:coord>
        <when>2025-01-01T00:27:41.7210080Z</when>
        <gx:coord>13.286741 53.280453 770.35004</gx:coord>
        <when>2025-01-01T00:27:46.7210080Z</when>
        <gx:coord>13.284166 53.282467 773.398</gx:coord>
        <when>2025-01-01T00:27:51.7210080Z</when>
        <gx:coord>13.281506 53.284485 776.446</gx:coord>
        <when>2025-01-01T00:27:56.1250080Z</when>
        <gx:coord>13.279446 53.286224 767.302</gx:coord>
        <when>2025-01-01T00:27:56.7210080Z</when>
        <gx:coord>13.278931 53.28665 765.778</gx:coord>
        <when>2025-01-01T00:28:01.7210080Z</when>
        <gx:coord>13.276334 53.288864 765.778</gx:coord>
        <when>2025-01-01T00:28:06.1240080Z</when>
        <gx:coord>13.273587 53.29086 767.302</gx:coord>
        <when>2025-01-01T00:28:06.7200080Z</when>
        <gx:coord>13.273587 53.29086 767.302</gx:coord>
        <when>2025-01-01T00:28:11.7210080Z</when>
        <gx:coord>13.270841 53.29283 768.826</gx:coord>
        <when>2025-01-01T00:28:16.7210080Z</when>
        <gx:coord>13.268116 53.29476 770.35004</gx:coord>
        <when>2025-01-01T00:28:19.1180080Z</when>
        <gx:coord>13.267086 53.295536 770.35004</gx:coord>
        <when>2025-01-01T00:28:21.7210080Z</when>
        <gx:coord>13.265497 53.29663 770.35004</gx:coord>
        <when>2025-01-01T00:28:26.7210080Z</when>
        <gx:coord>13.262922 53.29843 773.398</gx:coord>
        <when>2025-01-01T00:28:31.7210080Z</when>
        <gx:coord>13.260455 53.300194 771.874</gx:coord>
        <when>2025-01-01T00:28:36.7370080Z</when>
        <gx:coord>13.258074 53.30193 770.35004</gx:coord>
        <when>2025-01-01T00:28:40.1260080Z</when>
        <gx:coord>13.256657 53.303 770.35004</gx:coord>
        <when>2025-01-01T00:28:41.1280080Z</when>
        <gx:coord>13.255756 53.30371 771.874</gx:coord>
        <when>2025-01-01T00:28:41.7210080Z</when>
        <gx:coord>13.255756 53.30371 771.874</gx:coord>
        <when>2025-01-01T00:28:46.7210080Z</when>
        <gx:coord>13.253503 53.305405 771.874</gx:coord>
        <when>2025-01-01T00:28:51.7220080Z</when>
        <gx:coord>13.251185 53.307014 773.398</gx:coord>
        <when>2025-01-01T00:28:56.7220080Z</when>
        <gx:coord>13.248976 53.30869 773.832</gx:coord>
        <when>2025-01-01T00:29:01.7220080Z</when>
        <gx:coord>13.246786 53.310387 772.308</gx:coord>
        <when>2025-01-01T00:29:06.7600080Z</when>
        <gx:coord>13.244576 53.312057 773.832</gx:coord>
        <when>2025-01-01T00:29:11.7220080Z</when>
        <gx:coord>13.242302 53.31371 773.832</gx:coord>
        <when>2025-01-01T00:29:16.7220080Z</when>
        <gx:coord>13.240049 53.315407 772.308</gx:coord>
        <when>2025-01-01T00:29:20.1260080Z</when>
        <gx:coord>13.238268 53.316734 772.308</gx:coord>
        <when>2025-01-01T00:29:21.7220080Z</when>
        <gx:coord>13.237818 53.31706 772.308</gx:coord>
        <when>2025-01-01T00:29:26.7220080Z</when>
        <gx:coord>13.235628 53.31871 772.308</gx:coord>
        <when>2025-01-01T00:29:31.7210080Z</when>
        <gx:coord>13.23344 53.320362 769.26</gx:coord>
        <when>2025-01-01T00:29:36.7370080Z</when>
        <gx:coord>13.231273 53.32206 772.308</gx:coord>
        <when>2025-01-01T00:29:41.7220080Z</when>
        <gx:coord>13.229105 53.323666 772.308</gx:coord>
        <when>2025-01-01T00:29:46.7220080Z</when>
        <gx:coord>13.226981 53.325275 772.308</gx:coord>
        <when>2025-01-01T00:29:51.7220080Z</when>
        <gx:coord>13.224857 53.326843 772.308</gx:coord>
        <when>2025-01-01T00:29:55.1180080Z</when>
        <gx:coord>13.22357 53.327785 770.784</gx:coord>
        <when>2025-01-01T00:29:56.7220080Z</when>
        <gx:coord>13.222754 53.328407 772.308</gx:coord>
        <when>2025-01-01T00:30:01.1220080Z</when>
        <gx:coord>13.220608 53.329956 770.784</gx:coord>
        <when>2025-01-01T00:30:01.7220080Z</when>
        <gx:coord>13.220608 53.329956 770.784</gx:coord>
        <when>2025-01-01T00:30:06.7220080Z</when>
        <gx:coord>13.218441 53.331436 775.356</gx:coord>
        <when>2025-01-01T00:30:11.7230080Z</when>
        <gx:coord>13.216402 53.333107 772.308</gx:coord>
        <when>2025-01-01T00:30:16.7230080Z</when>
        <gx:coord>13.214278 53.33487 772.308</gx:coord>
        <when>2025-01-01T00:30:21.7230080Z</when>
        <gx:coord>13.212154 53.336586 773.832</gx:coord>
        <when>2025-01-01T00:30:26.7230080Z</when>
        <gx:coord>13.209965 53.338303 772.308</gx:coord>
        <when>2025-01-01T00:30:31.7230080Z</when>
        <gx:coord>13.207691 53.33993 772.308</gx:coord>
        <when>2025-01-01T00:30:36.7680080Z</when>
        <gx:coord>13.205438 53.341606 770.784</gx:coord>
        <when>2025-01-01T00:30:41.1240080Z</when>
        <gx:coord>13.203228 53.34328 772.308</gx:coord>
        <when>2025-01-01T00:30:41.7230080Z</when>
        <gx:coord>13.203228 53.34328 772.308</gx:coord>
        <when>2025-01-01T00:30:46.7220080Z</when>
        <gx:coord>13.20106 53.344997 773.832</gx:coord>
        <when>2025-01-01T00:30:51.7230080Z</when>
        <gx:coord>13.198893 53.34665 775.356</gx:coord>
        <when>2025-01-01T00:30:56.7230080Z</when>
        <gx:coord>13.196726 53.3483 775.356</gx:coord>
        <when>2025-01-01T00:31:01.7230080Z</when>
        <gx:coord>13.194601 53.34993 775.356</gx:coord>
        <when>2025-01-01T00:31:06.7600080Z</when>
        <gx:coord>13.192477 53.351585 775.356</gx:coord>
        <when>2025-01-01T00:31:11.7230080Z</when>
        <gx:coord>13.190395 53.353256 775.356</gx:coord>
        <when>2025-01-01T00:31:16.7230080Z</when>
        <gx:coord>13.188314 53.354908 776.88</gx:coord>
        <when>2025-01-01T00:31:21.1250080Z</when>
        <gx:coord>13.18619 53.35654 778.404</gx:coord>
        <when>2025-01-01T00:31:21.7230080Z</when>
        <gx:coord>13.18619 53.35654 778.404</gx:coord>
        <when>2025-01-01T00:31:26.7230080Z</when>
        <gx:coord>13.184044 53.35815 778.404</gx:coord>
        <when>2025-01-01T00:31:31.7230080Z</when>
        <gx:coord>13.181877 53.35978 778.404</gx:coord>
        <when>2025-01-01T00:31:36.7460080Z</when>
        <gx:coord>13.179774 53.361477 778.404</gx:coord>
        <when>2025-01-01T00:31:41.7240080Z</when>
        <gx:coord>13.177586 53.363235 778.404</gx:coord>
        <when>2025-01-01T00:31:42.1200080Z</when>
        <gx:coord>13.177586 53.363235 778.404</gx:coord>
        <when>2025-01-01T00:31:46.7240080Z</when>
        <gx:coord>13.175354 53.365036 778.404</gx:coord>
        <when>2025-01-01T00:31:51.7240080Z</when>
        <gx:coord>13.173122 53.36686 779.928</gx:coord>
        <when>2025-01-01T00:31:56.7240080Z</when>
        <gx:coord>13.170784 53.36862 779.928</gx:coord>
        <when>2025-01-01T00:32:00.1240080Z</when>
        <gx:coord>13.168917 53.370014 779.928</gx:coord>
        <when>2025-01-01T00:32:01.7230080Z</when>
        <gx:coord>13.168467 53.370358 778.404</gx:coord>
        <when>2025-01-01T00:32:06.7230080Z</when>
        <gx:coord>13.166084 53.372074 770.784</gx:coord>
        <when>2025-01-01T00:32:11.7240080Z</when>
        <gx:coord>13.163724 53.37377 772.308</gx:coord>
        <when>2025-01-01T00:32:16.7240080Z</when>
        <gx:coord>13.1614065 53.375507 772.308</gx:coord>
        <when>2025-01-01T00:32:21.7240080Z</when>
        <gx:coord>13.159153 53.37727 773.832</gx:coord>
        <when>2025-01-01T00:32:26.7240080Z</when>
        <gx:coord>13.156965 53.37903 773.832</gx:coord>
        <when>2025-01-01T00:32:31.7240080Z</when>
        <gx:coord>13.154798 53.38083 770.784</gx:coord>
        <when>2025-01-01T00:32:36.7420080Z</when>
        <gx:coord>13.152544 53.38257 770.784</gx:coord>
        <when>2025-01-01T00:32:38.1210080Z</when>
        <gx:coord>13.151644 53.383255 770.784</gx:coord>
        <when>2025-01-01T00:32:41.7240080Z</when>
        <gx:coord>13.15027 53.384262 770.784</gx:coord>
        <when>2025-01-01T00:32:46.7240080Z</when>
        <gx:coord>13.147974 53.385895 772.308</gx:coord>
        <when>2025-01-01T00:32:51.7240080Z</when>
        <gx:coord>13.145742 53.38757 773.832</gx:coord>
        <when>2025-01-01T00:32:56.7240080Z</when>
        <gx:coord>13.143554 53.389263 773.832</gx:coord>
        <when>2025-01-01T00:33:01.7240080Z</when>
        <gx:coord>13.141408 53.391003 772.308</gx:coord>
        <when>2025-01-01T00:33:06.7240080Z</when>
        <gx:coord>13.139176 53.392654 773.832</gx:coord>
        <when>2025-01-01T00:33:11.7240080Z</when>
        <gx:coord>13.136795 53.39422 773.832</gx:coord>
        <when>2025-01-01T00:33:16.7250080Z</when>
        <gx:coord>13.134563 53.395874 773.832</gx:coord>
        <when>2025-01-01T00:33:17.1260080Z</when>
        <gx:coord>13.134134 53.396217 773.832</gx:coord>
        <when>2025-01-01T00:33:21.7250080Z</when>
        <gx:coord>13.132332 53.397568 773.832</gx:coord>
        <when>2025-01-01T00:33:26.7250080Z</when>
        <gx:coord>13.130035 53.39926 772.308</gx:coord>
        <when>2025-01-01T00:33:31.7250080Z</when>
        <gx:coord>13.127804 53.401043 773.832</gx:coord>
        <when>2025-01-01T00:33:36.7400080Z</when>
        <gx:coord>13.125615 53.402866 773.832</gx:coord>
        <when>2025-01-01T00:33:41.7250080Z</when>
        <gx:coord>13.123341 53.404648 772.308</gx:coord>
        <when>2025-01-01T00:33:46.7250080Z</when>
        <gx:coord>13.121044 53.40643 772.308</gx:coord>
        <when>2025-01-01T00:33:51.7250080Z</when>
        <gx:coord>13.118749 53.408234 769.26</gx:coord>
        <when>2025-01-01T00:33:55.1240080Z</when>
        <gx:coord>13.11686 53.40965 769.26</gx:coord>
        <when>2025-01-01T00:33:56.7250080Z</when>
        <gx:coord>13.116388 53.409992 767.736</gx:coord>
        <when>2025-01-01T00:34:01.7250080Z</when>
        <gx:coord>13.114071 53.411774 766.212</gx:coord>
        <when>2025-01-01T00:34:06.7680080Z</when>
        <gx:coord>13.1117325 53.41355 766.212</gx:coord>
        <when>2025-01-01T00:34:11.7250080Z</when>
        <gx:coord>13.109415 53.41529 764.688</gx:coord>
        <when>2025-01-01T00:34:16.7250080Z</when>
        <gx:coord>13.107119 53.41703 770.784</gx:coord>
        <when>2025-01-01T00:34:21.7250080Z</when>
        <gx:coord>13.104801 53.418747 772.308</gx:coord>
        <when>2025-01-01T00:34:26.7250080Z</when>
        <gx:coord>13.102505 53.42044 772.308</gx:coord>
        <when>2025-01-01T00:34:31.7250080Z</when>
        <gx:coord>13.100231 53.422134 773.832</gx:coord>
        <when>2025-01-01T00:34:33.1210080Z</when>
        <gx:coord>13.099351 53.422844 773.832</gx:coord>
        <when>2025-01-01T00:34:36.7400080Z</when>
        <gx:coord>13.098 53.423874 773.832</gx:coord>
        <when>2025-01-01T00:34:41.7260080Z</when>
        <gx:coord>13.09581 53.425568 775.356</gx:coord>
        <when>2025-01-01T00:34:46.7260080Z</when>
        <gx:coord>13.093622 53.427307 775.356</gx:coord>
        <when>2025-01-01T00:34:51.7260080Z</when>
        <gx:coord>13.091412 53.429024 775.356</gx:coord>
        <when>2025-01-01T00:34:56.7260080Z</when>
        <gx:coord>13.089159 53.430782 773.832</gx:coord>
        <when>2025-01-01T00:35:01.7260080Z</when>
        <gx:coord>13.0869055 53.4325 775.356</gx:coord>
        <when>2025-01-01T00:35:06.7590080Z</when>
        <gx:coord>13.084631 53.434196 775.356</gx:coord>
        <when>2025-01-01T00:35:11.7260080Z</when>
        <gx:coord>13.082356 53.435867 766.212</gx:coord>
        <when>2025-01-01T00:35:12.1210080Z</when>
        <gx:coord>13.081884 53.43619 766.212</gx:coord>
        <when>2025-01-01T00:35:16.7260080Z</when>
        <gx:coord>13.080017 53.4375 767.736</gx:coord>
        <when>2025-01-01T00:35:21.7260080Z</when>
        <gx:coord>13.0777 53.439133 770.784</gx:coord>
        <when>2025-01-01T00:35:26.7260080Z</when>
        <gx:coord>13.075512 53.440784 770.784</gx:coord>
        <when>2025-01-01T00:35:31.7260080Z</when>
        <gx:coord>13.07328 53.442413 769.26</gx:coord>
        <when>2025-01-01T00:35:36.7390080Z</when>
        <gx:coord>13.071005 53.444023 773.832</gx:coord>
        <when>2025-01-01T00:35:41.7260080Z</when>
        <gx:coord>13.068731 53.445633 775.356</gx:coord>
        <when>2025-01-01T00:35:46.7260080Z</when>
        <gx:coord>13.0665 53.447243 776.88</gx:coord>
        <when>2025-01-01T00:35:51.7260080Z</when>
        <gx:coord>13.064246 53.448895 775.356</gx:coord>
        <when>2025-01-01T00:35:52.1210080Z</when>
        <gx:coord>13.063795 53.449215 775.356</gx:coord>
        <when>2025-01-01T00:35:56.7260080Z</when>
        <gx:coord>13.061951 53.45059 772.308</gx:coord>
        <when>2025-01-01T00:36:01.7260080Z</when>
        <gx:coord>13.059589 53.452328 772.308</gx:coord>
        <when>2025-01-01T00:36:06.7640080Z</when>
        <gx:coord>13.057208 53.454044 772.308</gx:coord>
        <when>2025-01-01T00:36:11.7260080Z</when>
        <gx:coord>13.054848 53.45576 773.832</gx:coord>
        <when>2025-01-01T00:36:16.7270080Z</when>
        <gx:coord>13.052487 53.457478 773.832</gx:coord>
        <when>2025-01-01T00:36:21.7270080Z</when>
        <gx:coord>13.050127 53.459213 772.308</gx:coord>
        <when>2025-01-01T00:36:25.1190080Z</when>
        <gx:coord>13.048797 53.46029 772.308</gx:coord>
        <when>2025-01-01T00:36:26.7270080Z</when>
        <gx:coord>13.048046 53.46106 769.26</gx:coord>
        <when>2025-01-01T00:36:30.1180080Z</when>
        <gx:coord>13.047166 53.462326 770.784</gx:coord>
        <when>2025-01-01T00:36:30.1230080Z</when>
        <gx:coord>13.04693 53.462776 770.784</gx:coord>
        <when>2025-01-01T00:36:31.7270080Z</when>
        <gx:coord>13.046737 53.46325 770.784</gx:coord>
        <when>2025-01-01T00:36:34.1180080Z</when>
        <gx:coord>13.046479 53.464195 772.308</gx:coord>
        <when>2025-01-01T00:36:35.1120080Z</when>
        <gx:coord>13.046436 53.464687 772.308</gx:coord>
        <when>2025-01-01T00:36:36.1260080Z</when>
        <gx:coord>13.046393 53.46518 773.832</gx:coord>
        <when>2025-01-01T00:36:36.7500080Z</when>
        <gx:coord>13.046393 53.465675 775.356</gx:coord>
        <when>2025-01-01T00:36:41.7270080Z</when>
        <gx:coord>13.046673 53.46812 779.928</gx:coord>
        <when>2025-01-01T00:36:46.7270080Z</when>
        <gx:coord>13.04723 53.47059 776.88</gx:coord>
        <when>2025-01-01T00:36:48.1070080Z</when>
        <gx:coord>13.04738 53.47108 775.356</gx:coord>
        <when>2025-01-01T00:36:51.7620080Z</when>
        <gx:coord>13.048024 53.4731 773.832</gx:coord>
        <when>2025-01-01T00:36:55.1420080Z</when>
        <gx:coord>13.048239 53.4746 773.832</gx:coord>
        <when>2025-01-01T00:36:56.7260080Z</when>
        <gx:coord>13.048153 53.475586 773.832</gx:coord>
        <when>2025-01-01T00:37:00.1170080Z</when>
        <gx:coord>13.047789 53.477005 775.356</gx:coord>
        <when>2025-01-01T00:37:01.7270080Z</when>
        <gx:coord>13.047359 53.477882 776.88</gx:coord>
        <when>2025-01-01T00:37:04.1130080Z</when>
        <gx:coord>13.0468445 53.47874 776.88</gx:coord>
        <when>2025-01-01T00:37:05.1180080Z</when>
        <gx:coord>13.046543 53.479126 776.88</gx:coord>
        <when>2025-01-01T00:37:05.1220080Z</when>
        <gx:coord>13.0462 53.479515 776.88</gx:coord>
        <when>2025-01-01T00:37:06.7260080Z</when>
        <gx:coord>13.0458355 53.4799 776.88</gx:coord>
        <when>2025-01-01T00:37:09.1140080Z</when>
        <gx:coord>13.044998 53.48061 773.832</gx:coord>
        <when>2025-01-01T00:37:11.7270080Z</when>
        <gx:coord>13.043518 53.481575 766.212</gx:coord>
        <when>2025-01-01T00:37:16.7270080Z</when>
        <gx:coord>13.04105 53.483227 773.832</gx:coord>
        <when>2025-01-01T00:37:21.7270080Z</when>
        <gx:coord>13.038561 53.484814 792.12</gx:coord>
        <when>2025-01-01T00:37:26.7270080Z</when>
        <gx:coord>13.036243 53.48638 799.74</gx:coord>
        <when>2025-01-01T00:37:31.7650080Z</when>
        <gx:coord>13.034034 53.487926 802.788</gx:coord>
        <when>2025-01-01T00:37:36.7330080Z</when>
        <gx:coord>13.032017 53.489536 804.312</gx:coord>
        <when>2025-01-01T00:37:41.7270080Z</when>
        <gx:coord>13.029936 53.491123 799.74</gx:coord>
        <when>2025-01-01T00:37:45.1160080Z</when>
        <gx:coord>13.02824 53.49241 796.692</gx:coord>
        <when>2025-01-01T00:37:46.7270080Z</when>
        <gx:coord>13.027832 53.492733 796.692</gx:coord>
        <when>2025-01-01T00:37:51.7270080Z</when>
        <gx:coord>13.02573 53.494385 802.788</gx:coord>
        <when>2025-01-01T00:37:56.7270080Z</when>
        <gx:coord>13.023691 53.49606 807.36</gx:coord>
        <when>2025-01-01T00:38:01.7280080Z</when>
        <gx:coord>13.021545 53.497623 810.408</gx:coord>
        <when>2025-01-01T00:38:03.1220080Z</when>
        <gx:coord>13.020687 53.49827 813.456</gx:coord>
        <when>2025-01-01T00:38:06.7270080Z</when>
        <gx:coord>13.0194 53.499214 818.028</gx:coord>
        <when>2025-01-01T00:38:11.7280080Z</when>
        <gx:coord>13.01734 53.500843 839.364</gx:coord>
        <when>2025-01-01T00:38:14.1190080Z</when>
        <gx:coord>13.016159 53.50183 845.46</gx:coord>
        <when>2025-01-01T00:38:16.7280080Z</when>
        <gx:coord>13.0154085 53.502518 851.55597</gx:coord>
        <when>2025-01-01T00:38:21.7280080Z</when>
        <gx:coord>13.013628 53.50421 859.176</gx:coord>
        <when>2025-01-01T00:38:26.1020080Z</when>
        <gx:coord>13.011804 53.50597 860.7</gx:coord>
        <when>2025-01-01T00:38:26.7310080Z</when>
        <gx:coord>13.011804 53.50597 863.748</gx:coord>
        <when>2025-01-01T00:38:31.7280080Z</when>
        <gx:coord>13.009893 53.507816 863.748</gx:coord>
        <when>2025-01-01T00:38:36.1170080Z</when>
        <gx:coord>13.0083275 53.50934 853.08</gx:coord>
        <when>2025-01-01T00:38:36.7450080Z</when>
        <gx:coord>13.007941 53.509747 851.55597</gx:coord>
        <when>2025-01-01T00:38:41.7330080Z</when>
        <gx:coord>13.005989 53.511765 842.412</gx:coord>
        <when>2025-01-01T00:38:46.7280080Z</when>
        <gx:coord>13.004057 53.513866 842.412</gx:coord>
        <when>2025-01-01T00:38:51.7280080Z</when>
        <gx:coord>13.002019 53.515907 846.984</gx:coord>
        <when>2025-01-01T00:38:56.7280080Z</when>
        <gx:coord>12.999937 53.51788 842.412</gx:coord>
        <when>2025-01-01T00:39:01.7280080Z</when>
        <gx:coord>12.997835 53.519833 839.364</gx:coord>
        <when>2025-01-01T00:39:03.1190080Z</when>
        <gx:coord>12.997063 53.52065 839.364</gx:coord>
        <when>2025-01-01T00:39:06.7650080Z</when>
        <gx:coord>12.995968 53.521915 840.888</gx:coord>
        <when>2025-01-01T00:39:11.7280080Z</when>
        <gx:coord>12.994251 53.52404 842.412</gx:coord>
        <when>2025-01-01T00:39:16.7280080Z</when>
        <gx:coord>12.99262 53.526142 842.412</gx:coord>
        <when>2025-01-01T00:39:20.1170080Z</when>
        <gx:coord>12.991783 53.52745 840.888</gx:coord>
        <when>2025-01-01T00:39:21.7280080Z</when>
        <gx:coord>12.99129 53.52833 839.364</gx:coord>
        <when>2025-01-01T00:39:26.7280080Z</when>
        <gx:coord>12.990217 53.530582 839.364</gx:coord>
        <when>2025-01-01T00:39:31.7280080Z</when>
        <gx:coord>12.989187 53.532814 843.936</gx:coord>
        <when>2025-01-01T00:39:36.7430080Z</when>
        <gx:coord>12.988222 53.53498 854.604</gx:coord>
        <when>2025-01-01T00:39:40.1220080Z</when>
        <gx:coord>12.987514 53.536697 856.128</gx:coord>
        <when>2025-01-01T00:39:41.7290080Z</when>
        <gx:coord>12.987342 53.537148 856.128</gx:coord>
        <when>2025-01-01T00:39:46.7290080Z</when>
        <gx:coord>12.9865055 53.539337 850.032</gx:coord>
        <when>2025-01-01T00:39:51.7290080Z</when>
        <gx:coord>12.985625 53.54161 840.888</gx:coord>
        <when>2025-01-01T00:39:56.7290080Z</when>
        <gx:coord>12.984724 53.543888 839.364</gx:coord>
        <when>2025-01-01T00:40:01.7290080Z</when>
        <gx:coord>12.983866 53.546204 837.83997</gx:coord>
        <when>2025-01-01T00:40:06.7670080Z</when>
        <gx:coord>12.983028 53.5485 837.83997</gx:coord>
        <when>2025-01-01T00:40:11.7290080Z</when>
        <gx:coord>12.982192 53.550797 833.268</gx:coord>
        <when>2025-01-01T00:40:16.1310080Z</when>
        <gx:coord>12.981356 53.553116 828.696</gx:coord>
        <when>2025-01-01T00:40:16.7290080Z</when>
        <gx:coord>12.981356 53.553116 827.172</gx:coord>
        <when>2025-01-01T00:40:21.7290080Z</when>
        <gx:coord>12.980518 53.55543 825.648</gx:coord>
        <when>2025-01-01T00:40:26.7290080Z</when>
        <gx:coord>12.979681 53.557728 824.124</gx:coord>
        <when>2025-01-01T00:40:31.7290080Z</when>
        <gx:coord>12.978845 53.559982 824.124</gx:coord>
        <when>2025-01-01T00:40:36.7440080Z</when>
        <gx:coord>12.97805 53.562256 824.124</gx:coord>
        <when>2025-01-01T00:40:41.7290080Z</when>
        <gx:coord>12.977322 53.564507 824.124</gx:coord>
        <when>2025-01-01T00:40:46.7290080Z</when>
        <gx:coord>12.97657 53.56672 824.124</gx:coord>
        <when>2025-01-01T00:40:51.7290080Z</when>
        <gx:coord>12.975755 53.56891 824.124</gx:coord>
        <when>2025-01-01T00:40:53.1240080Z</when>
        <gx:coord>12.975433 53.56981 822.6</gx:coord>
        <when>2025-01-01T00:40:56.7290080Z</when>
        <gx:coord>12.975025 53.571182 818.028</gx:coord>
        <when>2025-01-01T00:40:58.1230080Z</when>
        <gx:coord>12.974747 53.572105 813.456</gx:coord>
        <when>2025-01-01T00:41:01.7330080Z</when>
        <gx:coord>12.974381 53.57352 808.884</gx:coord>
        <when>2025-01-01T00:41:06.7690080Z</when>
        <gx:coord>12.973738 53.5759 807.36</gx:coord>
        <when>2025-01-01T00:41:11.7300080Z</when>
        <gx:coord>12.973094 53.578285 804.312</gx:coord>
        <when>2025-01-01T00:41:16.7300080Z</when>
        <gx:coord>12.972407 53.580666 799.74</gx:coord>
        <when>2025-01-01T00:41:21.7300080Z</when>
        <gx:coord>12.971635 53.583004 799.74</gx:coord>
        <when>2025-01-01T00:41:26.7300080Z</when>
        <gx:coord>12.970884 53.585342 799.74</gx:coord>
        <when>2025-01-01T00:41:28.1200080Z</when>
        <gx:coord>12.970605 53.586266 799.74</gx:coord>
        <when>2025-01-01T00:41:31.7300080Z</when>
        <gx:coord>12.970176 53.58766 799.74</gx:coord>
        <when>2025-01-01T00:42:21.5410080Z</when>
        <gx:coord>12.965841 53.601242 801.264</gx:coord>
        <when>2025-01-01T00:42:21.5520080Z</when>
        <gx:coord>12.965433 53.603024 801.264</gx:coord>
        <when>2025-01-01T00:42:21.8780080Z</when>
        <gx:coord>12.963524 53.61006 801.264</gx:coord>
        <when>2025-01-01T00:42:26.8800080Z</when>
        <gx:coord>12.963009 53.612316 801.264</gx:coord>
        <when>2025-01-01T00:43:06.2020080Z</when>
        <gx:coord>12.960756 53.619503 804.312</gx:coord>
        <when>2025-01-01T00:43:06.6600080Z</when>
        <gx:coord>12.956872 53.630554 801.264</gx:coord>
        <when>2025-01-01T00:43:11.6610080Z</when>
        <gx:coord>12.95595 53.63281 801.264</gx:coord>
        <when>2025-01-01T00:43:16.6610080Z</when>
        <gx:coord>12.955133 53.63506 801.264</gx:coord>
        <when>2025-01-01T00:43:18.1190080Z</when>
        <gx:coord>12.954834 53.635983 801.264</gx:coord>
        <when>2025-01-01T00:43:37.5590080Z</when>
        <gx:coord>12.952323 53.64459 801.264</gx:coord>
        <when>2025-01-01T00:43:42.5600080Z</when>
        <gx:coord>12.951679 53.646797 801.264</gx:coord>
        <when>2025-01-01T00:43:47.5610080Z</when>
        <gx:coord>12.9510355 53.64901 799.74</gx:coord>
        <when>2025-01-01T00:43:52.5610080Z</when>
        <gx:coord>12.950349 53.651196 801.264</gx:coord>
        <when>2025-01-01T00:43:55.1220080Z</when>
        <gx:coord>12.949942 53.652504 801.264</gx:coord>
        <when>2025-01-01T00:43:57.5610080Z</when>
        <gx:coord>12.949684 53.653385 801.264</gx:coord>
        <when>2025-01-01T00:44:02.5610080Z</when>
        <gx:coord>12.949061 53.655552 801.264</gx:coord>
        <when>2025-01-01T00:44:07.5620080Z</when>
        <gx:coord>12.9484825 53.657764 801.264</gx:coord>
        <when>2025-01-01T00:44:12.5610080Z</when>
        <gx:coord>12.947882 53.65995 799.74</gx:coord>
        <when>2025-01-01T00:44:17.5610080Z</when>
        <gx:coord>12.947281 53.662163 799.74</gx:coord>
        <when>2025-01-01T00:44:22.5610080Z</when>
        <gx:coord>12.946701 53.66437 798.216</gx:coord>
        <when>2025-01-01T00:44:27.5610080Z</when>
        <gx:coord>12.946121 53.66658 796.692</gx:coord>
        <when>2025-01-01T00:44:32.5610080Z</when>
        <gx:coord>12.945414 53.66877 802.788</gx:coord>
        <when>2025-01-01T00:44:33.1200080Z</when>
        <gx:coord>12.945242 53.66922 802.788</gx:coord>
        <when>2025-01-01T00:44:37.5640080Z</when>
        <gx:coord>12.944662 53.670982 802.788</gx:coord>
        <when>2025-01-01T00:44:42.5610080Z</when>
        <gx:coord>12.943954 53.67328 802.788</gx:coord>
        <when>2025-01-01T00:44:47.5620080Z</when>
        <gx:coord>12.943225 53.675636 802.788</gx:coord>
        <when>2025-01-01T00:44:52.5620080Z</when>
        <gx:coord>12.942495 53.677998 804.312</gx:coord>
        <when>2025-01-01T00:44:57.5620080Z</when>
        <gx:coord>12.941852 53.68036 804.312</gx:coord>
        <when>2025-01-01T00:45:02.5620080Z</when>
        <gx:coord>12.941165 53.682697 804.312</gx:coord>
        <when>2025-01-01T00:45:07.6010080Z</when>
        <gx:coord>12.940435 53.68506 802.788</gx:coord>
        <when>2025-01-01T00:45:09.1250080Z</when>
        <gx:coord>12.940113 53.68598 802.788</gx:coord>
        <when>2025-01-01T00:45:12.5660080Z</when>
        <gx:coord>12.939642 53.687397 802.788</gx:coord>
        <when>2025-01-01T00:45:17.5610080Z</when>
        <gx:coord>12.93889 53.689735 802.788</gx:coord>
        <when>2025-01-01T00:45:22.5620080Z</when>
        <gx:coord>12.938139 53.692074 805.836</gx:coord>
        <when>2025-01-01T00:45:27.5620080Z</when>
        <gx:coord>12.937388 53.69439 804.312</gx:coord>
        <when>2025-01-01T00:45:32.5630080Z</when>
        <gx:coord>12.936659 53.696774 802.788</gx:coord>
        <when>2025-01-01T00:45:33.1140080Z</when>
        <gx:coord>12.936659 53.696774 802.788</gx:coord>
        <when>2025-01-01T00:45:37.5960080Z</when>
        <gx:coord>12.935972 53.699154 802.788</gx:coord>
        <when>2025-01-01T00:45:42.5630080Z</when>
        <gx:coord>12.935243 53.701515 805.836</gx:coord>
        <when>2025-01-01T00:45:44.1210080Z</when>
        <gx:coord>12.934921 53.70246 805.836</gx:coord>
        <when>2025-01-01T00:45:47.5630080Z</when>
        <gx:coord>12.934427 53.703854 805.836</gx:coord>
        <when>2025-01-01T00:45:52.5630080Z</when>
        <gx:coord>12.933634 53.706215 804.312</gx:coord>
        <when>2025-01-01T00:45:57.5630080Z</when>
        <gx:coord>12.932839 53.708595 802.788</gx:coord>
        <when>2025-01-01T00:46:02.5630080Z</when>
        <gx:coord>12.932024 53.71098 802.788</gx:coord>
        <when>2025-01-01T00:46:07.5630080Z</when>
        <gx:coord>12.931123 53.713318 802.788</gx:coord>
        <when>2025-01-01T00:46:12.5640080Z</when>
        <gx:coord>12.930243 53.715656 801.264</gx:coord>
        <when>2025-01-01T00:46:17.5640080Z</when>
        <gx:coord>12.92932 53.71797 802.788</gx:coord>
        <when>2025-01-01T00:46:19.1250080Z</when>
        <gx:coord>12.928934 53.718895 802.788</gx:coord>
        <when>2025-01-01T00:46:22.5640080Z</when>
        <gx:coord>12.928312 53.72029 802.788</gx:coord>
        <when>2025-01-01T00:46:27.5640080Z</when>
        <gx:coord>12.9271965 53.722607 801.264</gx:coord>
        <when>2025-01-01T00:46:32.5640080Z</when>
        <gx:coord>12.92623 53.72501 801.264</gx:coord>
        <when>2025-01-01T00:46:37.5700080Z</when>
        <gx:coord>12.925329 53.727436 798.216</gx:coord>
        <when>2025-01-01T00:46:42.5640080Z</when>
        <gx:coord>12.924406 53.72984 799.74</gx:coord>
        <when>2025-01-01T00:46:47.5640080Z</when>
        <gx:coord>12.923527 53.7322 801.264</gx:coord>
        <when>2025-01-01T00:46:52.5640080Z</when>
        <gx:coord>12.922604 53.73454 798.216</gx:coord>
        <when>2025-01-01T00:46:54.1130080Z</when>
        <gx:coord>12.922282 53.73548 798.216</gx:coord>
        <when>2025-01-01T00:47:33.1720080Z</when>
        <gx:coord>12.916296 53.752068 798.00195</gx:coord>
        <when>2025-01-01T00:47:33.4320080Z</when>
        <gx:coord>12.915931 53.75295 799.526</gx:coord>
        <when>2025-01-01T00:47:38.4330080Z</when>
        <gx:coord>12.914987 53.755653 796.47797</gx:coord>
        <when>2025-01-01T00:47:43.4330080Z</when>
        <gx:coord>12.914364 53.75795 793.43</gx:coord>
        <when>2025-01-01T00:47:48.4330080Z</when>
        <gx:coord>12.913613 53.7602 793.43</gx:coord>
        <when>2025-01-01T00:47:53.4330080Z</when>
        <gx:coord>12.912647 53.762455 796.47797</gx:coord>
        <when>2025-01-01T00:47:58.4330080Z</when>
        <gx:coord>12.911617 53.76471 798.00195</gx:coord>
        <when>2025-01-01T00:48:03.4750080Z</when>
        <gx:coord>12.910673 53.76696 799.526</gx:coord>
        <when>2025-01-01T00:48:06.1270080Z</when>
        <gx:coord>12.910137 53.768333 799.526</gx:coord>
        <when>2025-01-01T00:48:08.4330080Z</when>
        <gx:coord>12.909729 53.769234 799.526</gx:coord>
        <when>2025-01-01T00:48:13.4330080Z</when>
        <gx:coord>12.908699 53.77151 798.00195</gx:coord>
        <when>2025-01-01T00:48:18.4330080Z</when>
        <gx:coord>12.907863 53.773827 798.00195</gx:coord>
        <when>2025-01-01T00:48:23.4330080Z</when>
        <gx:coord>12.907068 53.776165 798.00195</gx:coord>
        <when>2025-01-01T00:48:28.4340080Z</when>
        <gx:coord>12.90621 53.778484 798.00195</gx:coord>
        <when>2025-01-01T00:48:33.4380080Z</when>
        <gx:coord>12.905374 53.78074 799.526</gx:coord>
        <when>2025-01-01T00:48:38.4340080Z</when>
        <gx:coord>12.904644 53.783012 801.05</gx:coord>
        <when>2025-01-01T00:48:42.1160080Z</when>
        <gx:coord>12.904086 53.784836 801.05</gx:coord>
        <when>2025-01-01T00:48:43.4340080Z</when>
        <gx:coord>12.903936 53.78531 799.526</gx:coord>
        <when>2025-01-01T00:48:48.4340080Z</when>
        <gx:coord>12.903206 53.787624 801.05</gx:coord>
        <when>2025-01-01T00:48:53.4340080Z</when>
        <gx:coord>12.902455 53.78992 802.574</gx:coord>
        <when>2025-01-01T00:48:58.4340080Z</when>
        <gx:coord>12.901705 53.792236 801.05</gx:coord>
        <when>2025-01-01T00:49:03.4350080Z</when>
        <gx:coord>12.900932 53.794556 799.526</gx:coord>
        <when>2025-01-01T00:49:08.4340080Z</when>
        <gx:coord>12.900181 53.796875 801.05</gx:coord>
        <when>2025-01-01T00:49:13.4340080Z</when>
        <gx:coord>12.899429 53.79919 801.05</gx:coord>
        <when>2025-01-01T00:49:18.1230080Z</when>
        <gx:coord>12.898679 53.801506 801.05</gx:coord>
        <when>2025-01-01T00:49:18.4340080Z</when>
        <gx:coord>12.898679 53.801506 801.05</gx:coord>
        <when>2025-01-01T00:49:23.4350080Z</when>
        <gx:coord>12.897949 53.803825 802.574</gx:coord>
        <when>2025-01-01T00:49:28.4350080Z</when>
        <gx:coord>12.89722 53.806145 801.05</gx:coord>
        <when>2025-01-01T00:49:33.4450080Z</when>
        <gx:coord>12.896469 53.80846 801.05</gx:coord>
        <when>2025-01-01T00:49:38.4340080Z</when>
        <gx:coord>12.895739 53.810757 801.05</gx:coord>
        <when>2025-01-01T00:49:43.4350080Z</when>
        <gx:coord>12.894988 53.813072 799.526</gx:coord>
        <when>2025-01-01T00:49:48.4340080Z</when>
        <gx:coord>12.8942585 53.81535 799.526</gx:coord>
        <when>2025-01-01T00:49:53.4340080Z</when>
        <gx:coord>12.893529 53.817642 799.526</gx:coord>
        <when>2025-01-01T00:49:54.1240080Z</when>
        <gx:coord>12.893379 53.818096 799.526</gx:coord>
        <when>2025-01-01T00:49:58.4340080Z</when>
        <gx:coord>12.892799 53.81992 799.526</gx:coord>
        <when>2025-01-01T00:50:03.4340080Z</when>
        <gx:coord>12.89207 53.822193 799.526</gx:coord>
        <when>2025-01-01T00:50:08.4340080Z</when>
        <gx:coord>12.891319 53.824448 799.526</gx:coord>
        <when>2025-01-01T00:50:13.4340080Z</when>
        <gx:coord>12.890547 53.8267 799.526</gx:coord>
        <when>2025-01-01T00:50:18.4350080Z</when>
        <gx:coord>12.889559 53.82891 799.526</gx:coord>
        <when>2025-01-01T00:50:23.4350080Z</when>
        <gx:coord>12.888573 53.83112 799.526</gx:coord>
        <when>2025-01-01T00:50:28.4350080Z</when>
        <gx:coord>12.8876705 53.833374 799.526</gx:coord>
        <when>2025-01-01T00:50:31.1200080Z</when>
        <gx:coord>12.887092 53.834724 798.00195</gx:coord>
        <when>2025-01-01T00:50:33.4350080Z</when>
        <gx:coord>12.886641 53.835625 796.47797</gx:coord>
        <when>2025-01-01T00:50:38.4350080Z</when>
        <gx:coord>12.885696 53.8379 799.526</gx:coord>
        <when>2025-01-01T00:50:43.4350080Z</when>
        <gx:coord>12.884968 53.84026 796.47797</gx:coord>
        <when>2025-01-01T00:50:48.4350080Z</when>
        <gx:coord>12.884088 53.84258 796.47797</gx:coord>
        <when>2025-01-01T00:50:53.4350080Z</when>
        <gx:coord>12.883272 53.844894 798.00195</gx:coord>
        <when>2025-01-01T00:50:58.4370080Z</when>
        <gx:coord>12.882371 53.847168 796.47797</gx:coord>
        <when>2025-01-01T00:51:03.4730080Z</when>
        <gx:coord>12.881298 53.84938 798.00195</gx:coord>
        <when>2025-01-01T00:51:07.1250080Z</when>
        <gx:coord>12.880547 53.85114 799.526</gx:coord>
        <when>2025-01-01T00:51:08.4350080Z</when>
        <gx:coord>12.880354 53.85157 799.526</gx:coord>
        <when>2025-01-01T00:51:13.4350080Z</when>
        <gx:coord>12.879539 53.85378 801.05</gx:coord>
        <when>2025-01-01T00:51:18.4360080Z</when>
        <gx:coord>12.878852 53.85601 799.526</gx:coord>
        <when>2025-01-01T00:51:23.4360080Z</when>
        <gx:coord>12.878143 53.858242 799.526</gx:coord>
        <when>2025-01-01T00:51:28.4360080Z</when>
        <gx:coord>12.877479 53.86045 799.526</gx:coord>
        <when>2025-01-01T00:51:33.4470080Z</when>
        <gx:coord>12.876749 53.86264 798.00195</gx:coord>
        <when>2025-01-01T00:51:35.1180080Z</when>
        <gx:coord>12.876598 53.86307 799.526</gx:coord>
        <when>2025-01-01T00:52:28.4440080Z</when>
        <gx:coord>12.874796 53.867706 805.622</gx:coord>
        <when>2025-01-01T00:52:28.4470080Z</when>
        <gx:coord>12.869175 53.884357 801.05</gx:coord>
        <when>2025-01-01T00:52:28.6770080Z</when>
        <gx:coord>12.868359 53.886524 801.05</gx:coord>
        <when>2025-01-01T00:52:33.6770080Z</when>
        <gx:coord>12.867522 53.888668 802.574</gx:coord>
        <when>2025-01-01T00:52:38.6780080Z</when>
        <gx:coord>12.866686 53.890816 804.09796</gx:coord>
        <when>2025-01-01T00:52:43.6780080Z</when>
        <gx:coord>12.8658695 53.89296 802.574</gx:coord>
        <when>2025-01-01T00:52:48.6780080Z</when>
        <gx:coord>12.865097 53.895126 799.526</gx:coord>
        <when>2025-01-01T00:52:53.6780080Z</when>
        <gx:coord>12.8643465 53.897293 799.526</gx:coord>
        <when>2025-01-01T00:52:58.7140080Z</when>
        <gx:coord>12.863531 53.89944 798.00195</gx:coord>
        <when>2025-01-01T00:53:01.1200080Z</when>
        <gx:coord>12.863059 53.900726 798.00195</gx:coord>
        <when>2025-01-01T00:53:03.6780080Z</when>
        <gx:coord>12.862716 53.901566 798.00195</gx:coord>
        <when>2025-01-01T00:53:08.6780080Z</when>
        <gx:coord>12.8619 53.90369 798.00195</gx:coord>
        <when>2025-01-01T00:53:13.6790080Z</when>
        <gx:coord>12.861107 53.905792 798.00195</gx:coord>
        <when>2025-01-01T00:53:18.6780080Z</when>
        <gx:coord>12.860355 53.907875 798.00195</gx:coord>
        <when>2025-01-01T00:53:23.6790080Z</when>
        <gx:coord>12.859604 53.909935 798.00195</gx:coord>
        <when>2025-01-01T00:53:28.6920080Z</when>
        <gx:coord>12.858831 53.911972 796.47797</gx:coord>
        <when>2025-01-01T00:53:33.6790080Z</when>
        <gx:coord>12.858017 53.914032 796.47797</gx:coord>
        <when>2025-01-01T00:53:38.6790080Z</when>
        <gx:coord>12.857265 53.916115 796.47797</gx:coord>
        <when>2025-01-01T00:53:41.1260080Z</when>
        <gx:coord>12.856857 53.91738 802.574</gx:coord>
        <when>2025-01-01T00:53:43.6790080Z</when>
        <gx:coord>12.8566 53.918217 802.574</gx:coord>
        <when>2025-01-01T00:53:48.6790080Z</when>
        <gx:coord>12.855913 53.92032 801.05</gx:coord>
        <when>2025-01-01T00:53:49.1220080Z</when>
        <gx:coord>12.855913 53.92032 801.05</gx:coord>
        <when>2025-01-01T00:53:53.6790080Z</when>
        <gx:coord>12.855077 53.922337 799.526</gx:coord>
        <when>2025-01-01T00:53:58.6790080Z</when>
        <gx:coord>12.854282 53.92444 802.574</gx:coord>
        <when>2025-01-01T00:54:03.6800080Z</when>
        <gx:coord>12.853532 53.92652 804.09796</gx:coord>
        <when>2025-01-01T00:54:08.6800080Z</when>
        <gx:coord>12.852845 53.928623 804.09796</gx:coord>
        <when>2025-01-01T00:54:13.6790080Z</when>
        <gx:coord>12.852201 53.930748 798.00195</gx:coord>
        <when>2025-01-01T00:54:18.6800080Z</when>
        <gx:coord>12.851536 53.932915 788.858</gx:coord>
        <when>2025-01-01T00:54:20.1270080Z</when>
        <gx:coord>12.851257 53.933796 787.334</gx:coord>
        <when>2025-01-01T00:54:22.1240080Z</when>
        <gx:coord>12.850979 53.934673 782.76196</gx:coord>
        <when>2025-01-01T00:54:23.6800080Z</when>
        <gx:coord>12.850828 53.935123 782.76196</gx:coord>
        <when>2025-01-01T00:54:28.6930080Z</when>
        <gx:coord>12.850121 53.937313 781.238</gx:coord>
        <when>2025-01-01T00:54:33.6800080Z</when>
        <gx:coord>12.84939 53.93948 779.714</gx:coord>
        <when>2025-01-01T00:54:38.6800080Z</when>
        <gx:coord>12.848682 53.941647 779.714</gx:coord>
        <when>2025-01-01T00:54:43.6800080Z</when>
        <gx:coord>12.848017 53.943817 779.714</gx:coord>
        <when>2025-01-01T00:54:48.6800080Z</when>
        <gx:coord>12.84733 53.94596 779.714</gx:coord>
        <when>2025-01-01T00:54:53.6800080Z</when>
        <gx:coord>12.8466015 53.948105 779.714</gx:coord>
        <when>2025-01-01T00:54:58.1240080Z</when>
        <gx:coord>12.845871 53.95023 779.714</gx:coord>
        <when>2025-01-01T00:54:58.6830080Z</when>
        <gx:coord>12.845871 53.95023 779.714</gx:coord>
        <when>2025-01-01T00:55:03.6810080Z</when>
        <gx:coord>12.84512 53.952354 779.714</gx:coord>
        <when>2025-01-01T00:55:08.6810080Z</when>
        <gx:coord>12.84437 53.95446 779.714</gx:coord>
        <when>2025-01-01T00:55:13.6810080Z</when>
        <gx:coord>12.843554 53.95654 779.714</gx:coord>
        <when>2025-01-01T00:55:18.6810080Z</when>
        <gx:coord>12.842739 53.95858 779.714</gx:coord>
        <when>2025-01-01T00:55:34.9440080Z</when>
        <gx:coord>12.840464 53.965145 778.19</gx:coord>
        <when>2025-01-01T00:55:38.2970080Z</when>
        <gx:coord>12.839949 53.966755 779.714</gx:coord>
        <when>2025-01-01T00:56:23.6680080Z</when>
        <gx:coord>12.83658 53.977505 778.19</gx:coord>
        <when>2025-01-01T00:56:23.6770080Z</when>
        <gx:coord>12.834541 53.983383 776.66595</gx:coord>
        <when>2025-01-01T00:56:23.9990080Z</when>
        <gx:coord>12.834091 53.984543 775.14197</gx:coord>
        <when>2025-01-01T00:56:28.9990080Z</when>
        <gx:coord>12.8334255 53.986538 775.14197</gx:coord>
        <when>2025-01-01T00:56:34.0000080Z</when>
        <gx:coord>12.832611 53.98849 779.714</gx:coord>
        <when>2025-01-01T00:56:39.0000080Z</when>
        <gx:coord>12.831753 53.990444 779.714</gx:coord>
        <when>2025-01-01T00:56:44.0000080Z</when>
        <gx:coord>12.831001 53.992416 779.714</gx:coord>
        <when>2025-01-01T00:56:49.0000080Z</when>
        <gx:coord>12.83025 53.994392 779.714</gx:coord>
        <when>2025-01-01T00:56:54.0360080Z</when>
        <gx:coord>12.829456 53.996387 769.04596</gx:coord>
        <when>2025-01-01T00:56:59.0010080Z</when>
        <gx:coord>12.828727 53.998466 764.474</gx:coord>
        <when>2025-01-01T00:57:01.1240080Z</when>
        <gx:coord>12.828298 53.999714 762.94995</gx:coord>
        <when>2025-01-01T00:57:12.3880080Z</when>
        <gx:coord>12.826689 54.004196 753.80597</gx:coord>
        <when>2025-01-01T00:57:17.4010080Z</when>
        <gx:coord>12.825766 54.006237 755.32996</gx:coord>
        <when>2025-01-01T00:57:20.1220080Z</when>
        <gx:coord>12.825465 54.007095 753.80597</gx:coord>
        <when>2025-01-01T00:57:22.1180080Z</when>
        <gx:coord>12.8251 54.008404 752.282</gx:coord>
        <when>2025-01-01T00:57:22.4020080Z</when>
        <gx:coord>12.8251 54.008404 752.282</gx:coord>
        <when>2025-01-01T00:57:27.3890080Z</when>
        <gx:coord>12.824499 54.01059 755.32996</gx:coord>
        <when>2025-01-01T00:57:32.3890080Z</when>
        <gx:coord>12.823834 54.01276 755.32996</gx:coord>
        <when>2025-01-01T00:57:37.3950080Z</when>
        <gx:coord>12.822976 54.014927 753.80597</gx:coord>
        <when>2025-01-01T00:57:40.1070080Z</when>
        <gx:coord>12.822289 54.016193 753.80597</gx:coord>
        <when>2025-01-01T00:57:42.3880080Z</when>
        <gx:coord>12.821625 54.016964 752.282</gx:coord>
        <when>2025-01-01T00:57:43.1200080Z</when>
        <gx:coord>12.821625 54.016964 752.282</gx:coord>
        <when>2025-01-01T00:57:47.4020080Z</when>
        <gx:coord>12.819565 54.01868 749.234</gx:coord>
        <when>2025-01-01T00:57:52.3950080Z</when>
        <gx:coord>12.817311 54.020267 743.138</gx:coord>
        <when>2025-01-01T00:57:57.3990080Z</when>
        <gx:coord>12.81493 54.021877 737.042</gx:coord>
        <when>2025-01-01T00:58:01.1210080Z</when>
        <gx:coord>12.813427 54.02293 733.99396</gx:coord>
        <when>2025-01-01T00:58:02.4010080Z</when>
        <gx:coord>12.812419 54.02353 732.47</gx:coord>
        <when>2025-01-01T00:58:07.3900080Z</when>
        <gx:coord>12.80978 54.02516 730.946</gx:coord>
        <when>2025-01-01T00:58:12.4010080Z</when>
        <gx:coord>12.807291 54.0269 727.89795</gx:coord>
        <when>2025-01-01T00:58:17.3900080Z</when>
        <gx:coord>12.804802 54.028595 730.946</gx:coord>
        <when>2025-01-01T00:58:19.1240080Z</when>
        <gx:coord>12.803814 54.02924 729.422</gx:coord>
        <when>2025-01-01T00:58:22.3900080Z</when>
        <gx:coord>12.802377 54.030205 726.37396</gx:coord>
        <when>2025-01-01T00:58:24.1240080Z</when>
        <gx:coord>12.80139 54.030846 720.27795</gx:coord>
        <when>2025-01-01T00:58:27.3900080Z</when>
        <gx:coord>12.799866 54.031815 712.65796</gx:coord>
        <when>2025-01-01T00:58:32.4030080Z</when>
        <gx:coord>12.797377 54.033466 703.514</gx:coord>
        <when>2025-01-01T00:58:37.4000080Z</when>
        <gx:coord>12.794846 54.03512 700.466</gx:coord>
        <when>2025-01-01T00:58:42.4060080Z</when>
        <gx:coord>12.7923565 54.036835 694.37</gx:coord>
        <when>2025-01-01T00:58:47.4050080Z</when>
        <gx:coord>12.789845 54.03853 692.846</gx:coord>
        <when>2025-01-01T00:58:50.1210080Z</when>
        <gx:coord>12.788429 54.03958 689.798</gx:coord>
        <when>2025-01-01T00:58:52.4050080Z</when>
        <gx:coord>12.787528 54.04031 688.274</gx:coord>
        <when>2025-01-01T00:58:53.1210080Z</when>
        <gx:coord>12.787528 54.04031 688.274</gx:coord>
        <when>2025-01-01T00:58:57.1270080Z</when>
        <gx:coord>12.785339 54.042156 680.654</gx:coord>
        <when>2025-01-01T00:58:57.4040080Z</when>
        <gx:coord>12.785339 54.042156 677.60596</gx:coord>
        <when>2025-01-01T00:59:02.3910080Z</when>
        <gx:coord>12.783043 54.044067 665.414</gx:coord>
        <when>2025-01-01T00:59:07.3910080Z</when>
        <gx:coord>12.780811 54.045998 663.88995</gx:coord>
        <when>2025-01-01T00:59:12.4010080Z</when>
        <gx:coord>12.778516 54.047844 663.88995</gx:coord>
        <when>2025-01-01T00:59:17.1200080Z</when>
        <gx:coord>12.77622 54.049667 659.318</gx:coord>
        <when>2025-01-01T00:59:17.3910080Z</when>
        <gx:coord>12.77622 54.049667 659.318</gx:coord>
        <when>2025-01-01T00:59:22.3910080Z</when>
        <gx:coord>12.773945 54.05149 654.746</gx:coord>
        <when>2025-01-01T00:59:27.3910080Z</when>
        <gx:coord>12.771692 54.053314 650.17395</gx:coord>
        <when>2025-01-01T00:59:32.4030080Z</when>
        <gx:coord>12.76944 54.055115 647.126</gx:coord>
        <when>2025-01-01T00:59:34.1270080Z</when>
        <gx:coord>12.768496 54.0558 647.126</gx:coord>
        <when>2025-01-01T00:59:37.3960080Z</when>
        <gx:coord>12.767057 54.05683 641.02997</gx:coord>
        <when>2025-01-01T00:59:42.4000080Z</when>
        <gx:coord>12.764761 54.058594 639.506</gx:coord>
        <when>2025-01-01T00:59:47.4040080Z</when>
        <gx:coord>12.762358 54.060223 641.02997</gx:coord>
        <when>2025-01-01T00:59:52.3920080Z</when>
        <gx:coord>12.759954 54.061768 641.02997</gx:coord>
        <when>2025-01-01T00:59:57.4030080Z</when>
        <gx:coord>12.757637 54.063335 637.982</gx:coord>
        <when>2025-01-01T01:00:02.3920080Z</when>
        <gx:coord>12.755384 54.064922 636.458</gx:coord>
        <when>2025-01-01T01:00:07.3920080Z</when>
        <gx:coord>12.753024 54.066444 633.41</gx:coord>
        <when>2025-01-01T01:00:12.4020080Z</when>
        <gx:coord>12.75075 54.06799 631.886</gx:coord>
        <when>2025-01-01T01:00:14.1230080Z</when>
        <gx:coord>12.749848 54.06861 630.362</gx:coord>
        <when>2025-01-01T01:00:17.3920080Z</when>
        <gx:coord>12.748497 54.069515 635.678</gx:coord>
        <when>2025-01-01T01:00:22.4030080Z</when>
        <gx:coord>12.74618 54.070972 631.106</gx:coord>
        <when>2025-01-01T01:00:27.1190080Z</when>
        <gx:coord>12.744484 54.07222 632.63007</gx:coord>
        <when>2025-01-01T01:00:27.3920080Z</when>
        <gx:coord>12.744055 54.07254 632.63007</gx:coord>
        <when>2025-01-01T01:00:32.4040080Z</when>
        <gx:coord>12.741974 54.074043 640.25006</gx:coord>
        <when>2025-01-01T01:00:37.4040080Z</when>
        <gx:coord>12.740021 54.0755 650.918</gx:coord>
        <when>2025-01-01T01:00:42.3920080Z</when>
        <gx:coord>12.738218 54.077026 649.394</gx:coord>
        <when>2025-01-01T01:00:47.4050080Z</when>
        <gx:coord>12.736416 54.07855 643.298</gx:coord>
        <when>2025-01-01T01:00:52.4000080Z</when>
        <gx:coord>12.734442 54.08003 638.7261</gx:coord>
        <when>2025-01-01T01:00:57.4040080Z</when>
        <gx:coord>12.732489 54.081573 640.25006</gx:coord>
        <when>2025-01-01T01:00:58.1310080Z</when>
        <gx:coord>12.732103 54.081894 640.25006</gx:coord>
        <when>2025-01-01T01:01:02.3920080Z</when>
        <gx:coord>12.730494 54.08312 649.394</gx:coord>
        <when>2025-01-01T01:01:07.4040080Z</when>
        <gx:coord>12.728498 54.084663 650.918</gx:coord>
        <when>2025-01-01T01:01:12.3920080Z</when>
        <gx:coord>12.726545 54.086166 655.49</gx:coord>
        <when>2025-01-01T01:01:17.3920080Z</when>
        <gx:coord>12.724614 54.08769 661.58606</gx:coord>
        <when>2025-01-01T01:02:27.2790080Z</when>
        <gx:coord>12.7148075 54.09539 672.254</gx:coord>
        <when>2025-01-01T01:02:27.2800080Z</when>
        <gx:coord>12.702985 54.108437 660.0621</gx:coord>
        <when>2025-01-01T01:02:27.2820080Z</when>
        <gx:coord>12.701675 54.110283 669.206</gx:coord>
        <when>2025-01-01T01:02:27.5530080Z</when>
        <gx:coord>12.70144 54.11065 672.254</gx:coord>
        <when>2025-01-01T01:02:32.5540080Z</when>
        <gx:coord>12.700302 54.112537 675.30206</gx:coord>
        <when>2025-01-01T01:02:37.5540080Z</when>
        <gx:coord>12.699122 54.114403 670.73</gx:coord>
        <when>2025-01-01T01:02:42.5540080Z</when>
        <gx:coord>12.698156 54.116333 675.30206</gx:coord>
        <when>2025-01-01T01:02:47.5540080Z</when>
        <gx:coord>12.697126 54.118244 673.778</gx:coord>
        <when>2025-01-01T01:02:52.5540080Z</when>
        <gx:coord>12.695904 54.120174 673.778</gx:coord>
        <when>2025-01-01T01:02:57.1240080Z</when>
        <gx:coord>12.6945095 54.122086 690.542</gx:coord>
        <when>2025-01-01T01:02:57.5540080Z</when>
        <gx:coord>12.6945095 54.122086 690.542</gx:coord>
        <when>2025-01-01T01:03:02.5540080Z</when>
        <gx:coord>12.693136 54.12406 699.686</gx:coord>
        <when>2025-01-01T01:03:07.1280080Z</when>
        <gx:coord>12.691891 54.1261 701.21</gx:coord>
        <when>2025-01-01T01:03:07.5550080Z</when>
        <gx:coord>12.691891 54.1261 702.7341</gx:coord>
        <when>2025-01-01T01:03:12.5540080Z</when>
        <gx:coord>12.690711 54.12807 708.83</gx:coord>
        <when>2025-01-01T01:03:17.5540080Z</when>
        <gx:coord>12.689487 54.129982 708.83</gx:coord>
        <when>2025-01-01T01:03:22.5560080Z</when>
        <gx:coord>12.688351 54.131912 704.25806</gx:coord>
        <when>2025-01-01T01:03:27.5590080Z</when>
        <gx:coord>12.687449 54.133907 702.7341</gx:coord>
        <when>2025-01-01T01:03:29.1200080Z</when>
        <gx:coord>12.6873 54.134315 702.7341</gx:coord>
        <when>2025-01-01T01:03:32.5550080Z</when>
        <gx:coord>12.686741 54.135967 702.7341</gx:coord>
        <when>2025-01-01T01:03:37.5550080Z</when>
        <gx:coord>12.686248 54.13805 702.7341</gx:coord>
        <when>2025-01-01T01:03:42.5550080Z</when>
        <gx:coord>12.686033 54.140175 699.686</gx:coord>
        <when>2025-01-01T01:03:44.1240080Z</when>
        <gx:coord>12.686033 54.140625 698.162</gx:coord>
        <when>2025-01-01T01:03:47.5550080Z</when>
        <gx:coord>12.686012 54.142365 693.59</gx:coord>
        <when>2025-01-01T01:03:48.1290080Z</when>
        <gx:coord>12.686012 54.14279 693.59</gx:coord>
        <when>2025-01-01T01:03:49.1220080Z</when>
        <gx:coord>12.686012 54.14279 693.59</gx:coord>
        <when>2025-01-01T01:03:52.5550080Z</when>
        <gx:coord>12.685947 54.14453 687.494</gx:coord>
        <when>2025-01-01T01:03:57.5550080Z</when>
        <gx:coord>12.685776 54.146698 682.92206</gx:coord>
        <when>2025-01-01T01:04:02.5550080Z</when>
        <gx:coord>12.685539 54.14884 679.874</gx:coord>
        <when>2025-01-01T01:04:05.1230080Z</when>
        <gx:coord>12.685497 54.1497 681.3981</gx:coord>
        <when>2025-01-01T01:04:07.1190080Z</when>
        <gx:coord>12.685475 54.15056 681.3981</gx:coord>
        <when>2025-01-01T01:04:07.5550080Z</when>
        <gx:coord>12.685453 54.150967 681.3981</gx:coord>
        <when>2025-01-01T01:04:12.5550080Z</when>
        <gx:coord>12.685175 54.15307 672.254</gx:coord>
        <when>2025-01-01T01:04:17.1210080Z</when>
        <gx:coord>12.684681 54.154724 663.11</gx:coord>
        <when>2025-01-01T01:04:17.5560080Z</when>
        <gx:coord>12.684531 54.15513 661.58606</gx:coord>
        <when>2025-01-01T01:04:19.1230080Z</when>
        <gx:coord>12.684188 54.155945 657.014</gx:coord>
        <when>2025-01-01T01:04:22.5560080Z</when>
        <gx:coord>12.683565 54.157146 652.442</gx:coord>
        <when>2025-01-01T01:04:27.5610080Z</when>
        <gx:coord>12.682471 54.1591 646.34607</gx:coord>
        <when>2025-01-01T01:04:28.1230080Z</when>
        <gx:coord>12.682236 54.159485 646.34607</gx:coord>
        <when>2025-01-01T01:04:32.5560080Z</when>
        <gx:coord>12.681292 54.16103 640.25006</gx:coord>
        <when>2025-01-01T01:04:37.5570080Z</when>
        <gx:coord>12.67996 54.16294 637.202</gx:coord>
        <when>2025-01-01T01:04:39.1240080Z</when>
        <gx:coord>12.679682 54.163307 634.154</gx:coord>
        <when>2025-01-01T01:04:41.1250080Z</when>
        <gx:coord>12.678823 54.164444 625.0101</gx:coord>
        <when>2025-01-01T01:04:42.5570080Z</when>
        <gx:coord>12.678523 54.16483 621.962</gx:coord>
        <when>2025-01-01T01:04:47.5560080Z</when>
        <gx:coord>12.676935 54.16674 618.914</gx:coord>
        <when>2025-01-01T01:04:52.5560080Z</when>
        <gx:coord>12.675433 54.16867 617.39</gx:coord>
        <when>2025-01-01T01:04:57.5560080Z</when>
        <gx:coord>12.674017 54.170643 612.818</gx:coord>
        <when>2025-01-01T01:05:02.5560080Z</when>
        <gx:coord>12.672815 54.172684 606.722</gx:coord>
        <when>2025-01-01T01:05:07.1200080Z</when>
        <gx:coord>12.671871 54.174335 602.15</gx:coord>
        <when>2025-01-01T01:05:07.5570080Z</when>
        <gx:coord>12.671657 54.174763 602.15</gx:coord>
        <when>2025-01-01T01:05:08.1270080Z</when>
        <gx:coord>12.671421 54.17517 602.15</gx:coord>
        <when>2025-01-01T01:05:12.5570080Z</when>
        <gx:coord>12.670455 54.176823 605.198</gx:coord>
        <when>2025-01-01T01:05:17.1270080Z</when>
        <gx:coord>12.669597 54.178455 605.198</gx:coord>
        <when>2025-01-01T01:05:17.5570080Z</when>
        <gx:coord>12.669425 54.178883 605.198</gx:coord>
        <when>2025-01-01T01:05:22.5570080Z</when>
        <gx:coord>12.668674 54.180965 612.818</gx:coord>
        <when>2025-01-01T01:05:27.5560080Z</when>
        <gx:coord>12.66803 54.182983 615.866</gx:coord>
        <when>2025-01-01T01:05:32.5570080Z</when>
        <gx:coord>12.66758 54.185043 609.77</gx:coord>
        <when>2025-01-01T01:05:53.1940080Z</when>
        <gx:coord>12.666464 54.19178 599.102</gx:coord>
        <when>2025-01-01T01:05:53.6730080Z</when>
        <gx:coord>12.665949 54.193798 599.102</gx:coord>
        <when>2025-01-01T01:05:57.1200080Z</when>
        <gx:coord>12.665499 54.19545 594.53</gx:coord>
        <when>2025-01-01T01:05:58.6740080Z</when>
        <gx:coord>12.665391 54.195877 594.53</gx:coord>
        <when>2025-01-01T01:06:03.6740080Z</when>
        <gx:coord>12.664898 54.197937 594.53</gx:coord>
        <when>2025-01-01T01:06:08.6730080Z</when>
        <gx:coord>12.664361 54.20002 589.958</gx:coord>
        <when>2025-01-01T01:06:13.6740080Z</when>
        <gx:coord>12.663782 54.20212 582.338</gx:coord>
        <when>2025-01-01T01:06:18.6740080Z</when>
        <gx:coord>12.663181 54.204247 579.29</gx:coord>
        <when>2025-01-01T01:06:23.6980080Z</when>
        <gx:coord>12.662708 54.206413 582.338</gx:coord>
        <when>2025-01-01T01:06:28.1240080Z</when>
        <gx:coord>12.662279 54.208603 579.29</gx:coord>
        <when>2025-01-01T01:06:28.6750080Z</when>
        <gx:coord>12.662279 54.208603 579.29</gx:coord>
        <when>2025-01-01T01:06:33.6740080Z</when>
        <gx:coord>12.661936 54.21081 577.766</gx:coord>
        <when>2025-01-01T01:06:38.6750080Z</when>
        <gx:coord>12.661443 54.21296 571.67</gx:coord>
        <when>2025-01-01T01:06:43.6750080Z</when>
        <gx:coord>12.661014 54.215126 568.622</gx:coord>
        <when>2025-01-01T01:06:48.6750080Z</when>
        <gx:coord>12.660456 54.21721 573.19403</gx:coord>
        <when>2025-01-01T01:06:53.7060080Z</when>
        <gx:coord>12.659812 54.219223 571.67</gx:coord>
        <when>2025-01-01T01:06:58.6750080Z</when>
        <gx:coord>12.659233 54.221283 568.622</gx:coord>
        <when>2025-01-01T01:07:02.1190080Z</when>
        <gx:coord>12.658739 54.222958 564.05</gx:coord>
        <when>2025-01-01T01:07:03.6750080Z</when>
        <gx:coord>12.658632 54.22339 564.05</gx:coord>
        <when>2025-01-01T01:07:07.1290080Z</when>
        <gx:coord>12.658331 54.225105 562.526</gx:coord>
        <when>2025-01-01T01:07:08.6750080Z</when>
        <gx:coord>12.658289 54.225533 564.05</gx:coord>
        <when>2025-01-01T01:07:13.6750080Z</when>
        <gx:coord>12.657924 54.227722 564.05</gx:coord>
        <when>2025-01-01T01:07:18.6750080Z</when>
        <gx:coord>12.657644 54.22991 564.05</gx:coord>
        <when>2025-01-01T01:07:23.6890080Z</when>
        <gx:coord>12.657387 54.232056 567.098</gx:coord>
        <when>2025-01-01T01:07:26.1240080Z</when>
        <gx:coord>12.657323 54.232914 565.574</gx:coord>
        <when>2025-01-01T01:07:28.6750080Z</when>
        <gx:coord>12.657259 54.234203 564.05</gx:coord>
        <when>2025-01-01T01:07:33.6750080Z</when>
        <gx:coord>12.657065 54.236347 559.478</gx:coord>
        <when>2025-01-01T01:07:38.6750080Z</when>
        <gx:coord>12.656808 54.238514 556.43</gx:coord>
        <when>2025-01-01T01:07:43.6760080Z</when>
        <gx:coord>12.656679 54.24068 551.85803</gx:coord>
        <when>2025-01-01T01:07:44.1240080Z</when>
        <gx:coord>12.656679 54.24068 551.85803</gx:coord>
        <when>2025-01-01T01:07:46.1330080Z</when>
        <gx:coord>12.6567 54.242012 550.334</gx:coord>
        <when>2025-01-01T01:07:48.6760080Z</when>
        <gx:coord>12.656722 54.242893 547.286</gx:coord>
        <when>2025-01-01T01:07:50.1240080Z</when>
        <gx:coord>12.656722 54.243343 547.286</gx:coord>
        <when>2025-01-01T01:07:53.6750080Z</when>
        <gx:coord>12.656593 54.245102 541.19</gx:coord>
        <when>2025-01-01T01:07:57.1230080Z</when>
        <gx:coord>12.656315 54.24686 532.046</gx:coord>
        <when>2025-01-01T01:07:58.6760080Z</when>
        <gx:coord>12.656271 54.247314 528.998</gx:coord>
        <when>2025-01-01T01:08:03.6760080Z</when>
        <gx:coord>12.656099 54.249607 518.33</gx:coord>
        <when>2025-01-01T01:08:06.1370080Z</when>
        <gx:coord>12.656078 54.25053 511.33002</gx:coord>
        <when>2025-01-01T01:08:08.6760080Z</when>
        <gx:coord>12.656099 54.251926 512.854</gx:coord>
        <when>2025-01-01T01:08:11.1230080Z</when>
        <gx:coord>12.656099 54.25287 514.378</gx:coord>
        <when>2025-01-01T01:08:13.6760080Z</when>
        <gx:coord>12.656057 54.254223 514.378</gx:coord>
        <when>2025-01-01T01:08:18.6760080Z</when>
        <gx:coord>12.655864 54.25652 502.18597</gx:coord>
        <when>2025-01-01T01:08:19.1230080Z</when>
        <gx:coord>12.655842 54.25697 497.614</gx:coord>
        <when>2025-01-01T01:08:23.1300080Z</when>
        <gx:coord>12.655628 54.258858 480.84998</gx:coord>
        <when>2025-01-01T01:08:23.6980080Z</when>
        <gx:coord>12.655628 54.258858 477.80203</gx:coord>
        <when>2025-01-01T01:08:28.1230080Z</when>
        <gx:coord>12.655285 54.26124 467.13403</gx:coord>
        <when>2025-01-01T01:08:28.6760080Z</when>
        <gx:coord>12.655285 54.26124 467.13403</gx:coord>
        <when>2025-01-01T01:08:33.6760080Z</when>
        <gx:coord>12.654856 54.263577 457.99</gx:coord>
        <when>2025-01-01T01:08:38.6750080Z</when>
        <gx:coord>12.654512 54.26596 447.322</gx:coord>
        <when>2025-01-01T01:08:43.6760080Z</when>
        <gx:coord>12.654125 54.268364 441.226</gx:coord>
        <when>2025-01-01T01:08:46.1210080Z</when>
        <gx:coord>12.65389 54.2698 436.654</gx:coord>
        <when>2025-01-01T01:08:48.1210080Z</when>
        <gx:coord>12.653826 54.27027 433.606</gx:coord>
        <when>2025-01-01T01:08:48.6760080Z</when>
        <gx:coord>12.65374 54.270767 432.08203</gx:coord>
        <when>2025-01-01T01:08:53.6780080Z</when>
        <gx:coord>12.653267 54.273212 427.51</gx:coord>
        <when>2025-01-01T01:08:58.1470080Z</when>
        <gx:coord>12.65286 54.275658 424.46204</gx:coord>
        <when>2025-01-01T01:08:58.6760080Z</when>
        <gx:coord>12.65286 54.275658 419.88998</gx:coord>
        <when>2025-01-01T01:09:03.6760080Z</when>
        <gx:coord>12.652494 54.278168 406.174</gx:coord>
        <when>2025-01-01T01:09:05.1270080Z</when>
        <gx:coord>12.652345 54.279156 404.65</gx:coord>
        <when>2025-01-01T01:09:08.6760080Z</when>
        <gx:coord>12.65213 54.28066 403.126</gx:coord>
        <when>2025-01-01T01:09:13.6760080Z</when>
        <gx:coord>12.651744 54.283127 389.41003</gx:coord>
        <when>2025-01-01T01:09:18.6760080Z</when>
        <gx:coord>12.651401 54.2857 374.17</gx:coord>
        <when>2025-01-01T01:09:19.1260080Z</when>
        <gx:coord>12.651315 54.286217 372.64603</gx:coord>
        <when>2025-01-01T01:09:23.6750080Z</when>
        <gx:coord>12.650971 54.288296 363.502</gx:coord>
        <when>2025-01-01T01:09:28.6770080Z</when>
        <gx:coord>12.650692 54.290936 351.31003</gx:coord>
        <when>2025-01-01T01:09:31.1090080Z</when>
        <gx:coord>12.650499 54.292503 351.31003</gx:coord>
        <when>2025-01-01T01:09:33.6770080Z</when>
        <gx:coord>12.650349 54.293533 345.214</gx:coord>
        <when>2025-01-01T01:09:34.1170080Z</when>
        <gx:coord>12.650263 54.294067 342.166</gx:coord>
        <when>2025-01-01T01:09:38.6770080Z</when>
        <gx:coord>12.649899 54.29615 328.45</gx:coord>
        <when>2025-01-01T01:09:42.1150080Z</when>
        <gx:coord>12.64962 54.297737 317.782</gx:coord>
        <when>2025-01-01T01:09:43.6770080Z</when>
        <gx:coord>12.649469 54.29879 313.21</gx:coord>
        <when>2025-01-01T01:09:48.6770080Z</when>
        <gx:coord>12.649298 54.301495 311.686</gx:coord>
        <when>2025-01-01T01:09:50.1190080Z</when>
        <gx:coord>12.649233 54.302567 310.162</gx:coord>
        <when>2025-01-01T01:09:53.6760080Z</when>
        <gx:coord>12.649083 54.304153 301.018</gx:coord>
        <when>2025-01-01T01:09:58.6770080Z</when>
        <gx:coord>12.648826 54.306835 284.254</gx:coord>
        <when>2025-01-01T01:10:01.1460080Z</when>
        <gx:coord>12.648762 54.308445 276.634</gx:coord>
        <when>2025-01-01T01:10:02.1270080Z</when>
        <gx:coord>12.648762 54.308445 276.634</gx:coord>
        <when>2025-01-01T01:10:03.1260080Z</when>
        <gx:coord>12.648762 54.308983 273.586</gx:coord>
        <when>2025-01-01T01:10:03.1300080Z</when>
        <gx:coord>12.64874 54.309517 273.586</gx:coord>
        <when>2025-01-01T01:10:03.6770080Z</when>
        <gx:coord>12.64874 54.309517 270.538</gx:coord>
        <when>2025-01-01T01:10:04.1240080Z</when>
        <gx:coord>12.64874 54.309517 270.538</gx:coord>
        <when>2025-01-01T01:10:05.1420080Z</when>
        <gx:coord>12.648718 54.310055 269.014</gx:coord>
        <when>2025-01-01T01:10:08.1070080Z</when>
        <gx:coord>12.648676 54.311665 267.49</gx:coord>
        <when>2025-01-01T01:10:08.6770080Z</when>
        <gx:coord>12.648654 54.31218 267.49</gx:coord>
        <when>2025-01-01T01:10:13.1120080Z</when>
        <gx:coord>12.648911 54.31428 278.158</gx:coord>
        <when>2025-01-01T01:10:13.6770080Z</when>
        <gx:coord>12.649083 54.314796 279.682</gx:coord>
        <when>2025-01-01T01:10:17.1410080Z</when>
        <gx:coord>12.649834 54.31634 284.254</gx:coord>
        <when>2025-01-01T01:10:18.6770080Z</when>
        <gx:coord>12.650585 54.31733 284.254</gx:coord>
        <when>2025-01-01T01:10:21.1300080Z</when>
        <gx:coord>12.65155 54.31827 279.682</gx:coord>
        <when>2025-01-01T01:10:23.1260080Z</when>
        <gx:coord>12.652774 54.319195 273.586</gx:coord>
        <when>2025-01-01T01:10:23.6770080Z</when>
        <gx:coord>12.653482 54.319603 270.538</gx:coord>
        <when>2025-01-01T01:10:24.1230080Z</when>
        <gx:coord>12.653482 54.319603 270.538</gx:coord>
        <when>2025-01-01T01:10:27.1270080Z</when>
        <gx:coord>12.655907 54.32074 259.87</gx:coord>
        <when>2025-01-01T01:10:28.6770080Z</when>
        <gx:coord>12.657774 54.32136 253.77399</gx:coord>
        <when>2025-01-01T01:10:29.1250080Z</when>
        <gx:coord>12.657774 54.32136 253.77399</gx:coord>
        <when>2025-01-01T01:10:30.1300080Z</when>
        <gx:coord>12.659748 54.321877 246.154</gx:coord>
        <when>2025-01-01T01:10:31.1270080Z</when>
        <gx:coord>12.659748 54.321877 246.154</gx:coord>
        <when>2025-01-01T01:10:33.6770080Z</when>
        <gx:coord>12.662924 54.322502 232.438</gx:coord>
        <when>2025-01-01T01:10:36.1350080Z</when>
        <gx:coord>12.666249 54.322906 224.81801</gx:coord>
        <when>2025-01-01T01:10:37.1300080Z</when>
        <gx:coord>12.666249 54.322906 221.77</gx:coord>
        <when>2025-01-01T01:10:37.1300080Z</when>
        <gx:coord>12.666249 54.322906 221.77</gx:coord>
        <when>2025-01-01T01:10:37.1310080Z</when>
        <gx:coord>12.667408 54.323013 214.15</gx:coord>
        <when>2025-01-01T01:10:38.6770080Z</when>
        <gx:coord>12.668545 54.32306 214.15</gx:coord>
        <when>2025-01-01T01:10:43.6770080Z</when>
        <gx:coord>12.674295 54.3231 218.72202</gx:coord>
        <when>2025-01-01T01:10:48.1250080Z</when>
        <gx:coord>12.678652 54.32308 227.866</gx:coord>
        <when>2025-01-01T01:10:48.6770080Z</when>
        <gx:coord>12.679703 54.32308 229.39001</gx:coord>
        <when>2025-01-01T01:10:53.6770080Z</when>
        <gx:coord>12.684832 54.32297 241.582</gx:coord>
        <when>2025-01-01T01:10:56.1250080Z</when>
        <gx:coord>12.686827 54.322906 241.582</gx:coord>
        <when>2025-01-01T01:10:56.1250080Z</when>
        <gx:coord>12.686827 54.322906 241.582</gx:coord>
        <when>2025-01-01T01:10:58.6770080Z</when>
        <gx:coord>12.689789 54.32278 238.534</gx:coord>
        <when>2025-01-01T01:11:03.6770080Z</when>
        <gx:coord>12.694637 54.322544 233.962</gx:coord>
        <when>2025-01-01T01:11:04.1320080Z</when>
        <gx:coord>12.695603 54.322502 233.962</gx:coord>
        <when>2025-01-01T01:11:08.6770080Z</when>
        <gx:coord>12.699444 54.322285 230.914</gx:coord>
        <when>2025-01-01T01:11:13.6770080Z</when>
        <gx:coord>12.704186 54.321983 217.198</gx:coord>
        <when>2025-01-01T01:11:18.6770080Z</when>
        <gx:coord>12.708843 54.321705 211.102</gx:coord>
        <when>2025-01-01T01:11:21.1230080Z</when>
        <gx:coord>12.710688 54.32162 211.102</gx:coord>
        <when>2025-01-01T01:11:23.6770080Z</when>
        <gx:coord>12.71337 54.321514 217.198</gx:coord>
        <when>2025-01-01T01:11:28.1390080Z</when>
        <gx:coord>12.716782 54.321472 230.914</gx:coord>
        <when>2025-01-01T01:11:28.6780080Z</when>
        <gx:coord>12.717598 54.32145 238.534</gx:coord>
        <when>2025-01-01T01:11:30.1270080Z</when>
        <gx:coord>12.719207 54.32145 246.154</gx:coord>
        <when>2025-01-01T01:11:33.6780080Z</when>
        <gx:coord>12.72161 54.321407 246.154</gx:coord>
        <when>2025-01-01T01:11:37.1290080Z</when>
        <gx:coord>12.724743 54.321384 253.77399</gx:coord>
        <when>2025-01-01T01:11:38.6770080Z</when>
        <gx:coord>12.725494 54.321384 258.346</gx:coord>
        <when>2025-01-01T01:11:43.6780080Z</when>
        <gx:coord>12.729335 54.321426 258.346</gx:coord>
        <when>2025-01-01T01:11:48.6780080Z</when>
        <gx:coord>12.733219 54.32136 252.25</gx:coord>
        <when>2025-01-01T01:11:53.6820080Z</when>
        <gx:coord>12.737209 54.32113 240.05801</gx:coord>
        <when>2025-01-01T01:11:58.6780080Z</when>
        <gx:coord>12.741308 54.320953 227.866</gx:coord>
        <when>2025-01-01T01:12:00.1160080Z</when>
        <gx:coord>12.742146 54.320976 226.34203</gx:coord>
        <when>2025-01-01T01:12:02.1070080Z</when>
        <gx:coord>12.743754 54.32113 221.77</gx:coord>
        <when>2025-01-01T01:12:03.6780080Z</when>
        <gx:coord>12.745277 54.321426 217.198</gx:coord>
        <when>2025-01-01T01:12:04.1250080Z</when>
        <gx:coord>12.745964 54.32164 214.15</gx:coord>
        <when>2025-01-01T01:12:05.1090080Z</when>
        <gx:coord>12.745964 54.32164 214.15</gx:coord>
        <when>2025-01-01T01:12:06.1290080Z</when>
        <gx:coord>12.74663 54.321877 212.62602</gx:coord>
        <when>2025-01-01T01:12:07.1460080Z</when>
        <gx:coord>12.74721 54.322136 211.102</gx:coord>
        <when>2025-01-01T01:12:08.6780080Z</when>
        <gx:coord>12.748196 54.322758 208.054</gx:coord>
        <when>2025-01-01T01:12:09.1320080Z</when>
        <gx:coord>12.748196 54.322758 208.054</gx:coord>
        <when>2025-01-01T01:12:12.1420080Z</when>
        <gx:coord>12.749248 54.323788 201.95802</gx:coord>
        <when>2025-01-01T01:12:12.1420080Z</when>
        <gx:coord>12.749248 54.323788 201.95802</gx:coord>
        <when>2025-01-01T01:12:13.6780080Z</when>
        <gx:coord>12.749741 54.324516 197.386</gx:coord>
        <when>2025-01-01T01:12:18.6780080Z</when>
        <gx:coord>12.750814 54.326405 184.42</gx:coord>
        <when>2025-01-01T01:12:19.1300080Z</when>
        <gx:coord>12.751028 54.32677 182.896</gx:coord>
        <when>2025-01-01T01:12:21.1440080Z</when>
        <gx:coord>12.751457 54.32754 181.372</gx:coord>
        <when>2025-01-01T01:12:23.6770080Z</when>
        <gx:coord>12.751886 54.328293 179.84802</gx:coord>
        <when>2025-01-01T01:12:28.6780080Z</when>
        <gx:coord>12.752895 54.33014 176.8</gx:coord>
        <when>2025-01-01T01:12:29.1270080Z</when>
        <gx:coord>12.752895 54.33014 176.8</gx:coord>
        <when>2025-01-01T01:12:32.1210080Z</when>
        <gx:coord>12.753132 54.33121 173.752</gx:coord>
        <when>2025-01-01T01:12:33.1270080Z</when>
        <gx:coord>12.753132 54.331577 173.752</gx:coord>
        <when>2025-01-01T01:12:33.6780080Z</when>
        <gx:coord>12.753088 54.33192 172.228</gx:coord>
        <when>2025-01-01T01:12:34.1250080Z</when>
        <gx:coord>12.753088 54.33192 172.228</gx:coord>
        <when>2025-01-01T01:12:36.1330080Z</when>
        <gx:coord>12.7528305 54.332607 167.656</gx:coord>
        <when>2025-01-01T01:12:38.6780080Z</when>
        <gx:coord>12.752252 54.333572 176.8</gx:coord>
        <when>2025-01-01T01:12:40.1280080Z</when>
        <gx:coord>12.752016 54.333874 175.276</gx:coord>
        <when>2025-01-01T01:12:43.6780080Z</when>
        <gx:coord>12.750835 54.334988 166.132</gx:coord>
        <when>2025-01-01T01:12:45.1230080Z</when>
        <gx:coord>12.750513 54.335224 166.132</gx:coord>
        <when>2025-01-01T01:12:46.1310080Z</when>
        <gx:coord>12.75017 54.33546 164.608</gx:coord>
        <when>2025-01-01T01:12:47.1270080Z</when>
        <gx:coord>12.75002 54.335827 163.084</gx:coord>
        <when>2025-01-01T01:12:47.1290080Z</when>
        <gx:coord>12.75002 54.335827 163.084</gx:coord>
        <when>2025-01-01T01:12:48.6780080Z</when>
        <gx:coord>12.749248 54.336235 153.19</gx:coord>
        <when>2025-01-01T01:12:49.1240080Z</when>
        <gx:coord>12.748882 54.336426 151.666</gx:coord>
        <when>2025-01-01T01:12:53.6780080Z</when>
        <gx:coord>12.747488 54.337177 144.046</gx:coord>
        <when>2025-01-01T01:12:58.1250080Z</when>
        <gx:coord>12.745964 54.337906 136.426</gx:coord>
        <when>2025-01-01T01:12:58.1270080Z</when>
        <gx:coord>12.745964 54.337906 136.426</gx:coord>
        <when>2025-01-01T01:12:58.6780080Z</when>
        <gx:coord>12.745621 54.338013 134.90201</gx:coord>
        <when>2025-01-01T01:13:01.1290080Z</when>
        <gx:coord>12.744934 54.338207 130.33</gx:coord>
        <when>2025-01-01T01:13:02.1300080Z</when>
        <gx:coord>12.743732 54.33761 127.282</gx:coord>
        <when>2025-01-01T01:13:03.1120080Z</when>
        <gx:coord>12.742918 54.33767 119.66201</gx:coord>
        <when>2025-01-01T01:13:03.6790080Z</when>
        <gx:coord>12.742918 54.33767 119.66201</gx:coord>
        <when>2025-01-01T01:13:08.6790080Z</when>
        <gx:coord>12.7409 54.337906 101.37401</gx:coord>
        <when>2025-01-01T01:13:13.6790080Z</when>
        <gx:coord>12.738819 54.33793 92.229996</gx:coord>
        <when>2025-01-01T01:13:14.1280080Z</when>
        <gx:coord>12.738411 54.33795 87.65801</gx:coord>
        <when>2025-01-01T01:13:18.6790080Z</when>
        <gx:coord>12.73678 54.337994 76.98999</gx:coord>
        <when>2025-01-01T01:13:23.6780080Z</when>
        <gx:coord>12.734742 54.338036 64.798004</gx:coord>
        <when>2025-01-01T01:13:26.1300080Z</when>
        <gx:coord>12.733906 54.338036 60.225994</gx:coord>
        <when>2025-01-01T01:13:28.1240080Z</when>
        <gx:coord>12.732618 54.337994 57.177998</gx:coord>
        <when>2025-01-01T01:13:28.6790080Z</when>
        <gx:coord>12.732618 54.337994 57.177998</gx:coord>
        <when>2025-01-01T01:13:33.6790080Z</when>
        <gx:coord>12.730494 54.33806 51.082</gx:coord>
        <when>2025-01-01T01:13:36.1310080Z</when>
        <gx:coord>12.729185 54.33806 49.557995</gx:coord>
        <when>2025-01-01T01:13:38.6790080Z</when>
        <gx:coord>12.728305 54.338036 43.462</gx:coord>
        <when>2025-01-01T01:13:43.6790080Z</when>
        <gx:coord>12.726009 54.338078 34.317997</gx:coord>
        <when>2025-01-01T01:13:47.1240080Z</when>
        <gx:coord>12.724099 54.338078 25.174002</gx:coord>
        <when>2025-01-01T01:13:48.6790080Z</when>
        <gx:coord>12.723627 54.338078 23.649998</gx:coord>
        <when>2025-01-01T01:13:53.6780080Z</when>
        <gx:coord>12.721289 54.338078 17.553997</gx:coord>
        <when>2025-01-01T01:13:58.6790080Z</when>
        <gx:coord>12.719164 54.33812 12.981998</gx:coord>
        <when>2025-01-01T01:14:03.6790080Z</when>
        <gx:coord>12.717297 54.33812 11.457996</gx:coord>
        <when>2025-01-01T01:14:04.1280080Z</when>
        <gx:coord>12.717297 54.33812 11.457996</gx:coord>
        <when>2025-01-01T01:14:08.6790080Z</when>
        <gx:coord>12.715645 54.338142 9.933998</gx:coord>
        <when>2025-01-01T01:14:11.1300080Z</when>
        <gx:coord>12.715087 54.338142 9.933998</gx:coord>
        <when>2025-01-01T01:14:13.6790080Z</when>
        <gx:coord>12.714378 54.338165 9.933998</gx:coord>
        <when>2025-01-01T01:14:16.1270080Z</when>
        <gx:coord>12.714014 54.338184 8.41</gx:coord>
        <when>2025-01-01T01:14:18.1240080Z</when>
        <gx:coord>12.713692 54.338184 8.41</gx:coord>
        <when>2025-01-01T01:14:18.6800080Z</when>
        <gx:coord>12.713542 54.338207 8.41</gx:coord>
        <when>2025-01-01T01:14:23.1170080Z</when>
        <gx:coord>12.713027 54.33825 8.41</gx:coord>
        <when>2025-01-01T01:14:23.6790080Z</when>
        <gx:coord>12.712963 54.338272 8.41</gx:coord>
        <when>2025-01-01T01:14:25.1070080Z</when>
        <gx:coord>12.712919 54.338272 8.41</gx:coord>
        <when>2025-01-01T01:14:26.1020080Z</when>
        <gx:coord>12.712898 54.33825 8.41</gx:coord>
        <when>2025-01-01T01:14:27.1080080Z</when>
        <gx:coord>12.712877 54.33825 8.41</gx:coord>
        <when>2025-01-01T01:14:28.1060080Z</when>
        <gx:coord>12.712855 54.33823 8.41</gx:coord>
        <when>2025-01-01T01:14:28.1280080Z</when>
        <gx:coord>12.712833 54.338207 8.41</gx:coord>
        <when>2025-01-01T01:14:28.6800080Z</when>
        <gx:coord>12.712833 54.338207 8.41</gx:coord>
        <when>2025-01-01T01:14:29.4080080Z</when>
        <gx:coord>12.712833 54.338207 8.41</gx:coord>
        <when>2025-01-01T01:14:30.2240080Z</when>
        <gx:coord>12.712833 54.338184 8.41</gx:coord>
        <when>2025-01-01T01:14:32.1310080Z</when>
        <gx:coord>12.712877 54.338142 8.41</gx:coord>
        <when>2025-01-01T01:14:33.1160080Z</when>
        <gx:coord>12.712919 54.33812 8.41</gx:coord>
        <when>2025-01-01T01:14:33.6800080Z</when>
        <gx:coord>12.712984 54.3381 8.41</gx:coord>
        <when>2025-01-01T01:14:34.1310080Z</when>
        <gx:coord>12.712984 54.3381 8.41</gx:coord>
        <when>2025-01-01T01:14:37.1300080Z</when>
        <gx:coord>12.713221 54.3381 8.41</gx:coord>
        <when>2025-01-01T01:14:38.6800080Z</when>
        <gx:coord>12.71337 54.3381 8.41</gx:coord>
        <when>2025-01-01T01:14:43.1060080Z</when>
        <gx:coord>12.713714 54.3381 8.41</gx:coord>
        <when>2025-01-01T01:14:43.6800080Z</when>
        <gx:coord>12.713799 54.3381 8.41</gx:coord>
        <when>2025-01-01T01:14:46.2230080Z</when>
        <gx:coord>12.713863 54.338078 8.41</gx:coord>
        <when>2025-01-01T01:14:48.1170080Z</when>
        <gx:coord>12.714057 54.338013 8.41</gx:coord>
        <when>2025-01-01T01:14:48.6800080Z</when>
        <gx:coord>12.7141 54.337994 8.41</gx:coord>
        <when>2025-01-01T01:14:50.1300080Z</when>
        <gx:coord>12.714143 54.33795 8.41</gx:coord>
        <when>2025-01-01T01:14:52.1040080Z</when>
        <gx:coord>12.714207 54.337864 8.41</gx:coord>
        <when>2025-01-01T01:14:53.6790080Z</when>
        <gx:coord>12.714229 54.337776 8.41</gx:coord>
        <when>2025-01-01T01:14:55.1350080Z</when>
        <gx:coord>12.714229 54.337734 8.41</gx:coord>
        <when>2025-01-01T01:14:58.6800080Z</when>
        <gx:coord>12.714229 54.33752 8.41</gx:coord>
        <when>2025-01-01T01:15:03.6800080Z</when>
        <gx:coord>12.714207 54.33722 8.41</gx:coord>
        <when>2025-01-01T01:15:08.6800080Z</when>
        <gx:coord>12.714186 54.337048 8.41</gx:coord>
        <when>2025-01-01T01:15:13.6800080Z</when>
        <gx:coord>12.714186 54.336857 8.41</gx:coord>
        <when>2025-01-01T01:15:18.6810080Z</when>
        <gx:coord>12.714207 54.336662 8.41</gx:coord>
        <when>2025-01-01T01:15:19.1260080Z</when>
        <gx:coord>12.714207 54.336662 8.41</gx:coord>
        <when>2025-01-01T01:15:21.1250080Z</when>
        <gx:coord>12.714229 54.336597 8.41</gx:coord>
        <when>2025-01-01T01:15:22.1270080Z</when>
        <gx:coord>12.714272 54.33658 8.41</gx:coord>
        <when>2025-01-01T01:15:23.6810080Z</when>
        <gx:coord>12.714357 54.336555 8.41</gx:coord>
        <when>2025-01-01T01:15:24.1110080Z</when>
        <gx:coord>12.714357 54.336555 8.41</gx:coord>
        <when>2025-01-01T01:15:26.1240080Z</when>
        <gx:coord>12.714443 54.336533 8.41</gx:coord>
        <when>2025-01-01T01:15:28.6810080Z</when>
        <gx:coord>12.71455 54.336514 8.41</gx:coord>
        <when>2025-01-01T01:15:32.1240080Z</when>
        <gx:coord>12.714658 54.33649 8.41</gx:coord>
        <when>2025-01-01T01:15:33.6800080Z</when>
        <gx:coord>12.714744 54.33649 8.41</gx:coord>
        <when>2025-01-01T01:15:36.1170080Z</when>
        <gx:coord>12.714851 54.33649 8.41</gx:coord>
        <when>2025-01-01T01:15:38.6810080Z</when>
        <gx:coord>12.714979 54.336514 8.41</gx:coord>
        <when>2025-01-01T01:15:43.6810080Z</when>
        <gx:coord>12.715173 54.336533 8.41</gx:coord>
        <when>2025-01-01T01:15:48.6810080Z</when>
        <gx:coord>12.715366 54.336555 8.41</gx:coord>
        <when>2025-01-01T01:15:53.6800080Z</when>
        <gx:coord>12.71558 54.33658 8.41</gx:coord>
        <when>2025-01-01T01:15:58.6810080Z</when>
        <gx:coord>12.7157955 54.33658 8.41</gx:coord>
        <when>2025-01-01T01:16:03.6810080Z</when>
        <gx:coord>12.716031 54.336597 8.41</gx:coord>
        <when>2025-01-01T01:16:04.1130080Z</when>
        <gx:coord>12.716031 54.336597 8.41</gx:coord>
        <when>2025-01-01T01:16:08.6810080Z</when>
        <gx:coord>12.716095 54.336597 8.41</gx:coord>
        <when>2025-01-01T01:16:13.6810080Z</when>
        <gx:coord>12.716095 54.336597 8.41</gx:coord>
        <when>2025-01-01T01:16:18.6810080Z</when>
        <gx:coord>12.716117 54.33658 8.41</gx:coord>
        <when>2025-01-01T01:16:19.1030080Z</when>
        <gx:coord>12.716117 54.33658 8.41</gx:coord>
        <when>2025-01-01T01:16:20.1060080Z</when>
        <gx:coord>12.716139 54.33658 8.41</gx:coord>
        <when>2025-01-01T01:16:22.1050080Z</when>
        <gx:coord>12.716181 54.33658 8.41</gx:coord>
        <when>2025-01-01T01:16:23.1160080Z</when>
        <gx:coord>12.716203 54.336555 8.41</gx:coord>
        <when>2025-01-01T01:16:23.6800080Z</when>
        <gx:coord>12.716225 54.336533 8.41</gx:coord>
        <when>2025-01-01T01:16:24.1200080Z</when>
        <gx:coord>12.716225 54.336533 8.41</gx:coord>
        <when>2025-01-01T01:16:26.1130080Z</when>
        <gx:coord>12.716225 54.336514 8.41</gx:coord>
        <when>2025-01-01T01:16:28.1040080Z</when>
        <gx:coord>12.716225 54.336468 8.41</gx:coord>
        <when>2025-01-01T01:16:28.6810080Z</when>
        <gx:coord>12.716203 54.33645 8.41</gx:coord>
        <when>2025-01-01T01:16:33.6810080Z</when>
        <gx:coord>12.716095 54.33634 8.41</gx:coord>
        <when>2025-01-01T01:16:37.1210080Z</when>
        <gx:coord>12.716009 54.336277 8.41</gx:coord>
        <when>2025-01-01T01:16:38.6820080Z</when>
        <gx:coord>12.715945 54.336235 8.41</gx:coord>
        <when>2025-01-01T01:16:39.1210080Z</when>
        <gx:coord>12.715945 54.336235 8.41</gx:coord>
        <when>2025-01-01T01:16:41.1010080Z</when>
        <gx:coord>12.715902 54.336212 8.41</gx:coord>
        <when>2025-01-01T01:16:43.6820080Z</when>
        <gx:coord>12.7158165 54.33619 9.933998</gx:coord>
        <when>2025-01-01T01:16:44.1260080Z</when>
        <gx:coord>12.7158165 54.33619 9.933998</gx:coord>
        <when>2025-01-01T01:16:48.6820080Z</when>
        <gx:coord>12.715645 54.33619 9.933998</gx:coord>
        <when>2025-01-01T01:16:53.7030080Z</when>
        <gx:coord>12.715452 54.33619 9.933998</gx:coord>
        <when>2025-01-01T01:16:57.7520080Z</when>
        <gx:coord>12.715408 54.33619 9.933998</gx:coord>
        <coordinates />
      </gx:Track>
    </Placemark>
    <Placemark>
      <name>Takeoff: 2025-01-01</name>
      <styleUrl>#downArrowIcon</styleUrl>
      <Point>
        <altitudeMode>relativeToGround</altitudeMode>
        <coordinates>13.710873,52.825356,20</coordinates>
      </Point>
    </Placemark>
    <Placemark>
      <name>Landing: 2025-01-01</name>
      <styleUrl>#downArrowIcon</styleUrl>
      <Point>
        <altitudeMode>relativeToGround</altitudeMode>
        <coordinates>12.712833,54.338207,20</coordinates>
      </Point>
    </Placemark>
    <Placemark>
      <name>Log Stop: 2025-01-01</name>
      <styleUrl>#downArrowIcon</styleUrl>
      <Point>
        <altitudeMode>relativeToGround</altitudeMode>
        <coordinates>12.715408,54.33619,20</coordinates>
      </Point>
    </Placemark>
  </Document>
</kml>
