<?xml version="1.0" encoding="utf-8"?>
<kml xmlns:gx="http://www.google.com/kml/ext/2.2" creator="kml-heatmap" xmlns="http://www.opengis.net/kml/2.2">
  <Document>
    <name>SkyDemon Track Log</name>
    <Style id="skydemonLogStyle">
      <LineStyle>
        <color>7f00ffff</color>
        <width>4</width>
      </LineStyle>
      <PolyStyle>
        <color>7fffa400</color>
      </PolyStyle>
    </Style>
    <Style id="downArrowIcon">
      <IconStyle>
        <href>http://maps.google.com/mapfiles/kml/pal4/icon28.png</href>
      </IconStyle>
    </Style>
    <Placemark>
      <name>Log Start: 2025-01-01</name>
      <styleUrl>#downArrowIcon</styleUrl>
      <Point>
        <altitudeMode>relativeToGround</altitudeMode>
        <coordinates>12.058182,51.548367,20</coordinates>
      </Point>
    </Placemark>
    <Placemark>
      <name>EDAQ Halle-Oppin - EDDC Dresden</name>
      <styleUrl>#skydemonLogStyle</styleUrl>
      <gx:Track>
        <extrude>1</extrude>
        <altitudeMode>absolute</altitudeMode>
        <when>2025-01-01T00:00:00.1102900Z</when>
        <gx:coord>12.058182 51.548367 112.332</gx:coord>
        <when>2025-01-01T00:00:05.1112900Z</when>
        <gx:coord>12.058161 51.548367 112.332</gx:coord>
        <when>2025-01-01T00:00:10.1102900Z</when>
        <gx:coord>12.058161 51.548344 112.332</gx:coord>
        <when>2025-01-01T00:00:15.1112900Z</when>
        <gx:coord>12.058182 51.548344 112.332</gx:coord>
        <when>2025-01-01T00:00:20.1102900Z</when>
        <gx:coord>12.058161 51.548367 112.332</gx:coord>
        <when>2025-01-01T00:00:25.1152900Z</when>
        <gx:coord>12.058161 51.548367 112.332</gx:coord>
        <when>2025-01-01T00:00:30.1112900Z</when>
        <gx:coord>12.058161 51.548367 112.332</gx:coord>
        <when>2025-01-01T00:00:35.1112900Z</when>
        <gx:coord>12.058182 51.548367 112.332</gx:coord>
        <when>2025-01-01T00:00:40.1112900Z</when>
        <gx:coord>12.058161 51.548367 112.332</gx:coord>
        <when>2025-01-01T00:00:45.1112900Z</when>
        <gx:coord>12.058161 51.548367 112.332</gx:coord>
        <when>2025-01-01T00:00:50.1102900Z</when>
        <gx:coord>12.058161 51.548367 112.332</gx:coord>
        <when>2025-01-01T00:00:55.1282900Z</when>
        <gx:coord>12.058161 51.548344 112.332</gx:coord>
        <when>2025-01-01T00:01:00.1112900Z</when>
        <gx:coord>12.058161 51.548367 112.332</gx:coord>
        <when>2025-01-01T00:01:05.1102900Z</when>
        <gx:coord>12.058161 51.548367 112.332</gx:coord>
        <when>2025-01-01T00:01:10.1102900Z</when>
        <gx:coord>12.058182 51.548344 112.332</gx:coord>
        <when>2025-01-01T00:01:15.1102900Z</when>
        <gx:coord>12.058182 51.548344 112.332</gx:coord>
        <when>2025-01-01T00:01:20.1102900Z</when>
        <gx:coord>12.058203 51.548344 112.332</gx:coord>
        <when>2025-01-01T00:01:25.1212900Z</when>
        <gx:coord>12.058182 51.548367 112.332</gx:coord>
        <when>2025-01-01T00:01:30.1102900Z</when>
        <gx:coord>12.058182 51.548367 112.332</gx:coord>
        <when>2025-01-01T00:01:35.1102900Z</when>
        <gx:coord>12.058182 51.548367 112.332</gx:coord>
        <when>2025-01-01T00:01:40.1102900Z</when>
        <gx:coord>12.058182 51.548367 112.332</gx:coord>
        <when>2025-01-01T00:01:45.1102900Z</when>
        <gx:coord>12.058203 51.548367 112.332</gx:coord>
        <when>2025-01-01T00:01:50.1102900Z</when>
        <gx:coord>12.058203 51.548367 112.332</gx:coord>
        <when>2025-01-01T00:01:51.9932900Z</when>
        <gx:coord>12.058203 51.548367 112.332</gx:coord>
        <when>2025-01-01T00:01:55.1102900Z</when>
        <gx:coord>12.058182 51.548367 112.332</gx:coord>
        <when>2025-01-01T00:02:00.1092900Z</when>
        <gx:coord>12.058182 51.548344 112.332</gx:coord>
        <when>2025-01-01T00:02:05.1102900Z</when>
        <gx:coord>12.058182 51.548344 112.332</gx:coord>
        <when>2025-01-01T00:02:10.1102900Z</when>
        <gx:coord>12.058161 51.548344 112.332</gx:coord>
        <when>2025-01-01T00:02:15.1102900Z</when>
        <gx:coord>12.058161 51.548344 112.332</gx:coord>
        <when>2025-01-01T00:02:20.1102900Z</when>
        <gx:coord>12.058161 51.548344 112.332</gx:coord>
        <when>2025-01-01T00:02:25.1092900Z</when>
        <gx:coord>12.058182 51.548344 112.332</gx:coord>
        <when>2025-01-01T00:02:30.1092900Z</when>
        <gx:coord>12.058182 51.548367 112.332</gx:coord>
        <when>2025-01-01T00:02:35.1102900Z</when>
        <gx:coord>12.058182 51.548367 112.332</gx:coord>
        <when>2025-01-01T00:02:40.1092900Z</when>
        <gx:coord>12.058182 51.548367 112.332</gx:coord>
        <when>2025-01-01T00:02:45.1092900Z</when>
        <gx:coord>12.058161 51.548367 112.332</gx:coord>
        <when>2025-01-01T00:02:45.1322900Z</when>
        <gx:coord>12.058117 51.54839 112.332</gx:coord>
        <when>2025-01-01T00:02:47.0972900Z</when>
        <gx:coord>12.058117 51.54839 112.332</gx:coord>
        <when>2025-01-01T00:02:47.0992900Z</when>
        <gx:coord>12.058117 51.54839 112.332</gx:coord>
        <when>2025-01-01T00:02:49.1162900Z</when>
        <gx:coord>12.058096 51.54841 112.332</gx:coord>
        <when>2025-01-01T00:02:50.1092900Z</when>
        <gx:coord>12.058075 51.548454 112.332</gx:coord>
        <when>2025-01-01T00:02:51.1072900Z</when>
        <gx:coord>12.058075 51.548454 112.332</gx:coord>
        <when>2025-01-01T00:02:55.1102900Z</when>
        <gx:coord>12.058117 51.54856 112.332</gx:coord>
        <when>2025-01-01T00:02:55.1182900Z</when>
        <gx:coord>12.058117 51.54856 112.332</gx:coord>
        <when>2025-01-01T00:03:00.1102900Z</when>
        <gx:coord>12.058203 51.548775 112.332</gx:coord>
        <when>2025-01-01T00:03:05.1232900Z</when>
        <gx:coord>12.058289 51.548965 112.332</gx:coord>
        <when>2025-01-01T00:03:07.0922900Z</when>
        <gx:coord>12.058289 51.548965 112.332</gx:coord>
        <when>2025-01-01T00:03:07.9842900Z</when>
        <gx:coord>12.058268 51.54899 112.332</gx:coord>
        <when>2025-01-01T00:03:09.0992900Z</when>
        <gx:coord>12.058268 51.54899 112.332</gx:coord>
        <when>2025-01-01T00:03:09.9912900Z</when>
        <gx:coord>12.058225 51.54903 112.332</gx:coord>
        <when>2025-01-01T00:03:10.1092900Z</when>
        <gx:coord>12.058225 51.54903 112.332</gx:coord>
        <when>2025-01-01T00:03:11.9902900Z</when>
        <gx:coord>12.058161 51.549053 110.808</gx:coord>
        <when>2025-01-01T00:03:13.1172900Z</when>
        <gx:coord>12.058161 51.549053 110.808</gx:coord>
        <when>2025-01-01T00:03:15.1092900Z</when>
        <gx:coord>12.058075 51.549053 110.808</gx:coord>
        <when>2025-01-01T00:03:15.1192900Z</when>
        <gx:coord>12.058075 51.549053 110.808</gx:coord>
        <when>2025-01-01T00:03:17.1072900Z</when>
        <gx:coord>12.057989 51.549076 110.808</gx:coord>
        <when>2025-01-01T00:03:19.1172900Z</when>
        <gx:coord>12.057924 51.549095 110.808</gx:coord>
        <when>2025-01-01T00:03:20.1102900Z</when>
        <gx:coord>12.057881 51.54914 110.808</gx:coord>
        <when>2025-01-01T00:03:21.1002900Z</when>
        <gx:coord>12.057881 51.54914 110.808</gx:coord>
        <when>2025-01-01T00:03:23.1092900Z</when>
        <gx:coord>12.057859 51.549183 110.808</gx:coord>
        <when>2025-01-01T00:03:25.1102900Z</when>
        <gx:coord>12.057859 51.549225 110.808</gx:coord>
        <when>2025-01-01T00:03:30.1102900Z</when>
        <gx:coord>12.057967 51.54944 110.808</gx:coord>
        <when>2025-01-01T00:03:31.1172900Z</when>
        <gx:coord>12.057967 51.54944 110.808</gx:coord>
        <when>2025-01-01T00:03:35.1102900Z</when>
        <gx:coord>12.058053 51.549633 110.808</gx:coord>
        <when>2025-01-01T00:03:39.1032900Z</when>
        <gx:coord>12.058139 51.549828 110.808</gx:coord>
        <when>2025-01-01T00:03:40.1102900Z</when>
        <gx:coord>12.058139 51.54991 110.808</gx:coord>
        <when>2025-01-01T00:03:41.1162900Z</when>
        <gx:coord>12.058139 51.54991 110.808</gx:coord>
        <when>2025-01-01T00:03:43.1182900Z</when>
        <gx:coord>12.058075 51.549976 110.808</gx:coord>
        <when>2025-01-01T00:03:45.1102900Z</when>
        <gx:coord>12.057945 51.55004 110.808</gx:coord>
        <when>2025-01-01T00:03:50.1092900Z</when>
        <gx:coord>12.057452 51.55017 110.808</gx:coord>
        <when>2025-01-01T00:03:55.1092900Z</when>
        <gx:coord>12.056937 51.55032 112.332</gx:coord>
        <when>2025-01-01T00:04:00.1092900Z</when>
        <gx:coord>12.056336 51.55049 112.332</gx:coord>
        <when>2025-01-01T00:04:05.1092900Z</when>
        <gx:coord>12.055821 51.55062 112.332</gx:coord>
        <when>2025-01-01T00:04:10.1092900Z</when>
        <gx:coord>12.055049 51.550835 112.332</gx:coord>
        <when>2025-01-01T00:04:15.1092900Z</when>
        <gx:coord>12.054556 51.550983 112.332</gx:coord>
        <when>2025-01-01T00:04:20.1092900Z</when>
        <gx:coord>12.0537615 51.5512 112.332</gx:coord>
        <when>2025-01-01T00:04:25.1092900Z</when>
        <gx:coord>12.0532465 51.55135 112.332</gx:coord>
        <when>2025-01-01T00:04:30.1092900Z</when>
        <gx:coord>12.052496 51.551563 112.332</gx:coord>
        <when>2025-01-01T00:04:35.1082900Z</when>
        <gx:coord>12.052023 51.551693 112.332</gx:coord>
        <when>2025-01-01T00:04:40.1092900Z</when>
        <gx:coord>12.051336 51.551888 113.856</gx:coord>
        <when>2025-01-01T00:04:45.1092900Z</when>
        <gx:coord>12.050865 51.552013 113.856</gx:coord>
        <when>2025-01-01T00:04:50.1092900Z</when>
        <gx:coord>12.050179 51.552208 113.856</gx:coord>
        <when>2025-01-01T00:04:55.1092900Z</when>
        <gx:coord>12.0497055 51.552338 115.38001</gx:coord>
        <when>2025-01-01T00:05:00.1092900Z</when>
        <gx:coord>12.049105 51.55251 115.38001</gx:coord>
        <when>2025-01-01T00:05:05.1092900Z</when>
        <gx:coord>12.048783 51.552593 115.38001</gx:coord>
        <when>2025-01-01T00:05:10.1092900Z</when>
        <gx:coord>12.048311 51.552723 116.90401</gx:coord>
        <when>2025-01-01T00:05:15.1092900Z</when>
        <gx:coord>12.048011 51.552807 116.90401</gx:coord>
        <when>2025-01-01T00:05:20.1092900Z</when>
        <gx:coord>12.047625 51.552917 116.90401</gx:coord>
        <when>2025-01-01T00:05:25.1092900Z</when>
        <gx:coord>12.04741 51.55298 116.90401</gx:coord>
        <when>2025-01-01T00:05:27.1172900Z</when>
        <gx:coord>12.047302 51.553024 116.90401</gx:coord>
        <when>2025-01-01T00:05:30.1092900Z</when>
        <gx:coord>12.0471525 51.553043 116.90401</gx:coord>
        <when>2025-01-01T00:05:35.1082900Z</when>
        <gx:coord>12.047045 51.553085 116.90401</gx:coord>
        <when>2025-01-01T00:05:40.1082900Z</when>
        <gx:coord>12.046852 51.55315 116.90401</gx:coord>
        <when>2025-01-01T00:05:41.0942900Z</when>
        <gx:coord>12.046852 51.55315 116.90401</gx:coord>
        <when>2025-01-01T00:05:43.1022900Z</when>
        <gx:coord>12.046787 51.553173 116.90401</gx:coord>
        <when>2025-01-01T00:05:45.0992900Z</when>
        <gx:coord>12.046723 51.553215 116.90401</gx:coord>
        <when>2025-01-01T00:05:45.1142900Z</when>
        <gx:coord>12.04668 51.55326 116.90401</gx:coord>
        <when>2025-01-01T00:05:47.1152900Z</when>
        <gx:coord>12.04668 51.55326 116.90401</gx:coord>
        <when>2025-01-01T00:05:50.1082900Z</when>
        <gx:coord>12.04668 51.553345 116.90401</gx:coord>
        <when>2025-01-01T00:05:55.1082900Z</when>
        <gx:coord>12.04668 51.55341 116.90401</gx:coord>
        <when>2025-01-01T00:05:55.1092900Z</when>
        <gx:coord>12.04668 51.55341 116.90401</gx:coord>
        <when>2025-01-01T00:06:00.1092900Z</when>
        <gx:coord>12.04668 51.55341 116.90401</gx:coord>
        <when>2025-01-01T00:06:05.1092900Z</when>
        <gx:coord>12.04668 51.55341 116.90401</gx:coord>
        <when>2025-01-01T00:06:10.1082900Z</when>
        <gx:coord>12.04668 51.55341 116.90401</gx:coord>
        <when>2025-01-01T00:06:15.1092900Z</when>
        <gx:coord>12.04668 51.55341 116.90401</gx:coord>
        <when>2025-01-01T00:06:20.1092900Z</when>
        <gx:coord>12.04668 51.55343 116.90401</gx:coord>
        <when>2025-01-01T00:06:25.1082900Z</when>
        <gx:coord>12.04668 51.55343 116.90401</gx:coord>
        <when>2025-01-01T00:06:30.1092900Z</when>
        <gx:coord>12.04668 51.55343 116.90401</gx:coord>
        <when>2025-01-01T00:06:35.1092900Z</when>
        <gx:coord>12.04668 51.55343 116.90401</gx:coord>
        <when>2025-01-01T00:06:40.1092900Z</when>
        <gx:coord>12.04668 51.55343 116.90401</gx:coord>
        <when>2025-01-01T00:06:45.1082900Z</when>
        <gx:coord>12.04668 51.55343 116.90401</gx:coord>
        <when>2025-01-01T00:06:50.1092900Z</when>
        <gx:coord>12.04668 51.55343 116.90401</gx:coord>
        <when>2025-01-01T00:06:55.1092900Z</when>
        <gx:coord>12.04668 51.55343 116.90401</gx:coord>
        <when>2025-01-01T00:07:00.1092900Z</when>
        <gx:coord>12.04668 51.55343 116.90401</gx:coord>
        <when>2025-01-01T00:07:05.1092900Z</when>
        <gx:coord>12.04668 51.55343 116.90401</gx:coord>
        <when>2025-01-01T00:07:10.1092900Z</when>
        <gx:coord>12.04668 51.55343 116.90401</gx:coord>
        <when>2025-01-01T00:07:15.1092900Z</when>
        <gx:coord>12.04668 51.55343 116.90401</gx:coord>
        <when>2025-01-01T00:07:57.7902900Z</when>
        <gx:coord>12.04668 51.55343 116.90401</gx:coord>
        <when>2025-01-01T00:07:57.7922900Z</when>
        <gx:coord>12.04668 51.55343 116.90401</gx:coord>
        <when>2025-01-01T00:07:57.7922900Z</when>
        <gx:coord>12.04668 51.55343 116.90401</gx:coord>
        <when>2025-01-01T00:07:57.7952900Z</when>
        <gx:coord>12.046701 51.55343 116.90401</gx:coord>
        <when>2025-01-01T00:07:57.7972900Z</when>
        <gx:coord>12.046701 51.55343 116.90401</gx:coord>
        <when>2025-01-01T00:07:57.7992900Z</when>
        <gx:coord>12.046701 51.55343 116.90401</gx:coord>
        <when>2025-01-01T00:07:57.8002900Z</when>
        <gx:coord>12.046701 51.55343 116.90401</gx:coord>
        <when>2025-01-01T00:07:57.8002900Z</when>
        <gx:coord>12.046701 51.55343 116.90401</gx:coord>
        <when>2025-01-01T00:07:58.1462900Z</when>
        <gx:coord>12.04668 51.55343 116.90401</gx:coord>
        <when>2025-01-01T00:08:03.1462900Z</when>
        <gx:coord>12.04668 51.55343 116.90401</gx:coord>
        <when>2025-01-01T00:08:08.1462900Z</when>
        <gx:coord>12.04668 51.55343 116.90401</gx:coord>
        <when>2025-01-01T00:08:13.1462900Z</when>
        <gx:coord>12.04668 51.55343 116.90401</gx:coord>
        <when>2025-01-01T00:08:18.1462900Z</when>
        <gx:coord>12.04668 51.55343 116.90401</gx:coord>
        <when>2025-01-01T00:08:23.1462900Z</when>
        <gx:coord>12.04668 51.55343 116.90401</gx:coord>
        <when>2025-01-01T00:08:28.1462900Z</when>
        <gx:coord>12.04668 51.55343 116.90401</gx:coord>
        <when>2025-01-01T00:08:33.1452900Z</when>
        <gx:coord>12.04668 51.55343 116.90401</gx:coord>
        <when>2025-01-01T00:08:38.1462900Z</when>
        <gx:coord>12.04668 51.55343 116.90401</gx:coord>
        <when>2025-01-01T00:08:43.1462900Z</when>
        <gx:coord>12.04668 51.55343 116.90401</gx:coord>
        <when>2025-01-01T00:08:48.1462900Z</when>
        <gx:coord>12.04668 51.55343 116.90401</gx:coord>
        <when>2025-01-01T00:08:53.1462900Z</when>
        <gx:coord>12.04668 51.55356 116.90401</gx:coord>
        <when>2025-01-01T00:08:58.1482900Z</when>
        <gx:coord>12.04668 51.55373 118.428</gx:coord>
        <when>2025-01-01T00:08:59.1172900Z</when>
        <gx:coord>12.04668 51.55373 118.428</gx:coord>
        <when>2025-01-01T00:09:01.1132900Z</when>
        <gx:coord>12.04668 51.553818 118.428</gx:coord>
        <when>2025-01-01T00:09:03.1462900Z</when>
        <gx:coord>12.046659 51.553925 118.428</gx:coord>
        <when>2025-01-01T00:09:08.1462900Z</when>
        <gx:coord>12.046659 51.553947 118.428</gx:coord>
        <when>2025-01-01T00:09:13.1462900Z</when>
        <gx:coord>12.046659 51.553947 118.428</gx:coord>
        <when>2025-01-01T00:09:18.1462900Z</when>
        <gx:coord>12.04668 51.553947 118.428</gx:coord>
        <when>2025-01-01T00:09:23.1462900Z</when>
        <gx:coord>12.04668 51.553947 118.428</gx:coord>
        <when>2025-01-01T00:09:28.1462900Z</when>
        <gx:coord>12.04668 51.553947 118.428</gx:coord>
        <when>2025-01-01T00:09:33.1462900Z</when>
        <gx:coord>12.04668 51.553947 118.428</gx:coord>
        <when>2025-01-01T00:09:38.1462900Z</when>
        <gx:coord>12.04668 51.553967 118.428</gx:coord>
        <when>2025-01-01T00:09:43.1102900Z</when>
        <gx:coord>12.04668 51.554054 118.428</gx:coord>
        <when>2025-01-01T00:09:43.1462900Z</when>
        <gx:coord>12.04668 51.554115 118.428</gx:coord>
        <when>2025-01-01T00:09:47.1132900Z</when>
        <gx:coord>12.04668 51.55418 118.428</gx:coord>
        <when>2025-01-01T00:09:48.1462900Z</when>
        <gx:coord>12.046745 51.554245 118.428</gx:coord>
        <when>2025-01-01T00:09:49.1132900Z</when>
        <gx:coord>12.046745 51.554245 118.428</gx:coord>
        <when>2025-01-01T00:09:51.1122900Z</when>
        <gx:coord>12.046831 51.55429 118.428</gx:coord>
        <when>2025-01-01T00:09:53.0992900Z</when>
        <gx:coord>12.046938 51.55431 118.428</gx:coord>
        <when>2025-01-01T00:09:53.1462900Z</when>
        <gx:coord>12.047045 51.55431 118.428</gx:coord>
        <when>2025-01-01T00:09:57.1122900Z</when>
        <gx:coord>12.047131 51.55429 118.428</gx:coord>
        <when>2025-01-01T00:09:58.1462900Z</when>
        <gx:coord>12.047216 51.554268 118.428</gx:coord>
        <when>2025-01-01T00:09:59.1152900Z</when>
        <gx:coord>12.047216 51.554268 118.428</gx:coord>
        <when>2025-01-01T00:10:03.1152900Z</when>
        <gx:coord>12.04756 51.55416 116.90401</gx:coord>
        <when>2025-01-01T00:10:03.1462900Z</when>
        <gx:coord>12.047882 51.554073 116.90401</gx:coord>
        <when>2025-01-01T00:10:05.1242900Z</when>
        <gx:coord>12.047882 51.554073 116.90401</gx:coord>
        <when>2025-01-01T00:10:07.1112900Z</when>
        <gx:coord>12.04829 51.553967 116.90401</gx:coord>
        <when>2025-01-01T00:10:08.1462900Z</when>
        <gx:coord>12.048783 51.553818 116.90401</gx:coord>
        <when>2025-01-01T00:10:11.1112900Z</when>
        <gx:coord>12.049362 51.553665 115.38001</gx:coord>
        <when>2025-01-01T00:10:13.1462900Z</when>
        <gx:coord>12.050735 51.55326 115.38001</gx:coord>
        <when>2025-01-01T00:10:15.1112900Z</when>
        <gx:coord>12.050735 51.55326 115.38001</gx:coord>
        <when>2025-01-01T00:10:18.1462900Z</when>
        <gx:coord>12.052366 51.552807 115.38001</gx:coord>
        <when>2025-01-01T00:10:23.1462900Z</when>
        <gx:coord>12.055049 51.552036 126.04801</gx:coord>
        <when>2025-01-01T00:10:28.1462900Z</when>
        <gx:coord>12.056873 51.55152 139.76399</gx:coord>
        <when>2025-01-01T00:10:33.1472900Z</when>
        <gx:coord>12.059512 51.55077 165.672</gx:coord>
        <when>2025-01-01T00:10:35.1132900Z</when>
        <gx:coord>12.06037 51.550533 173.29199</gx:coord>
        <when>2025-01-01T00:10:38.1702900Z</when>
        <gx:coord>12.061229 51.55032 179.38802</gx:coord>
        <when>2025-01-01T00:10:43.1552900Z</when>
        <gx:coord>12.063761 51.549652 199.2</gx:coord>
        <when>2025-01-01T00:10:45.1062900Z</when>
        <gx:coord>12.064619 51.54944 205.296</gx:coord>
        <when>2025-01-01T00:10:48.1462900Z</when>
        <gx:coord>12.065498 51.549248 211.39201</gx:coord>
        <when>2025-01-01T00:10:53.1462900Z</when>
        <gx:coord>12.068159 51.548603 226.632</gx:coord>
        <when>2025-01-01T00:10:57.1152900Z</when>
        <gx:coord>12.06992 51.548172 240.348</gx:coord>
        <when>2025-01-01T00:10:58.1522900Z</when>
        <gx:coord>12.06992 51.548172 240.348</gx:coord>
        <when>2025-01-01T00:11:03.1462900Z</when>
        <gx:coord>12.072536 51.54755 264.732</gx:coord>
        <when>2025-01-01T00:11:05.1162900Z</when>
        <gx:coord>12.073374 51.54736 273.87598</gx:coord>
        <when>2025-01-01T00:11:08.1462900Z</when>
        <gx:coord>12.074211 51.547165 283.02002</gx:coord>
        <when>2025-01-01T00:11:13.0992900Z</when>
        <gx:coord>12.076592 51.54665 304.35602</gx:coord>
        <when>2025-01-01T00:11:13.1522900Z</when>
        <gx:coord>12.076592 51.54665 304.35602</gx:coord>
        <when>2025-01-01T00:11:18.1462900Z</when>
        <gx:coord>12.078159 51.546284 316.54797</gx:coord>
        <when>2025-01-01T00:11:23.1462900Z</when>
        <gx:coord>12.080498 51.54575 333.312</gx:coord>
        <when>2025-01-01T00:11:25.1132900Z</when>
        <gx:coord>12.081291 51.545555 337.88397</gx:coord>
        <when>2025-01-01T00:11:28.1462900Z</when>
        <gx:coord>12.082086 51.545383 343.97998</gx:coord>
        <when>2025-01-01T00:11:33.1192900Z</when>
        <gx:coord>12.084511 51.54487 360.74402</gx:coord>
        <when>2025-01-01T00:11:33.1462900Z</when>
        <gx:coord>12.084511 51.54487 366.84006</gx:coord>
        <when>2025-01-01T00:11:35.1142900Z</when>
        <gx:coord>12.085304 51.544697 372.93597</gx:coord>
        <when>2025-01-01T00:11:38.1652900Z</when>
        <gx:coord>12.08612 51.544502 379.03198</gx:coord>
        <when>2025-01-01T00:11:43.1472900Z</when>
        <gx:coord>12.088545 51.54397 395.79602</gx:coord>
        <when>2025-01-01T00:11:47.1122900Z</when>
        <gx:coord>12.090154 51.54356 406.46402</gx:coord>
        <when>2025-01-01T00:11:48.1462900Z</when>
        <gx:coord>12.090154 51.54356 406.46402</gx:coord>
        <when>2025-01-01T00:11:53.1192900Z</when>
        <gx:coord>12.091721 51.54311 415.60797</gx:coord>
        <when>2025-01-01T00:11:53.1492900Z</when>
        <gx:coord>12.092449 51.54283 421.70398</gx:coord>
        <when>2025-01-01T00:11:55.1172900Z</when>
        <gx:coord>12.092449 51.54283 421.70398</gx:coord>
        <when>2025-01-01T00:11:58.1582900Z</when>
        <gx:coord>12.093759 51.54212 432.372</gx:coord>
        <when>2025-01-01T00:12:01.1112900Z</when>
        <gx:coord>12.0943165 51.541737 436.94397</gx:coord>
        <when>2025-01-01T00:12:01.1122900Z</when>
        <gx:coord>12.094852 51.541306 441.51602</gx:coord>
        <when>2025-01-01T00:12:03.1532900Z</when>
        <gx:coord>12.095346 51.540855 444.56406</gx:coord>
        <when>2025-01-01T00:12:08.1462900Z</when>
        <gx:coord>12.096376 51.539955 455.23203</gx:coord>
        <when>2025-01-01T00:12:13.1162900Z</when>
        <gx:coord>12.097557 51.53912 467.424</gx:coord>
        <when>2025-01-01T00:12:13.1162900Z</when>
        <gx:coord>12.0982 51.53873 473.52</gx:coord>
        <when>2025-01-01T00:12:13.1492900Z</when>
        <gx:coord>12.0982 51.53873 473.52</gx:coord>
        <when>2025-01-01T00:12:18.2492900Z</when>
        <gx:coord>12.099552 51.538044 484.18802</gx:coord>
        <when>2025-01-01T00:12:23.1492900Z</when>
        <gx:coord>12.101612 51.537037 500.95197</gx:coord>
        <when>2025-01-01T00:12:25.1192900Z</when>
        <gx:coord>12.102299 51.536694 507.04797</gx:coord>
        <when>2025-01-01T00:12:28.1462900Z</when>
        <gx:coord>12.103006 51.53635 511.62003</gx:coord>
        <when>2025-01-01T00:12:33.1712900Z</when>
        <gx:coord>12.105088 51.53528 522.28796</gx:coord>
        <when>2025-01-01T00:12:37.1182900Z</when>
        <gx:coord>12.106419 51.53444 526.86</gx:coord>
        <when>2025-01-01T00:12:38.1792900Z</when>
        <gx:coord>12.106419 51.53444 531.432</gx:coord>
        <when>2025-01-01T00:12:41.1062900Z</when>
        <gx:coord>12.107727 51.53356 540.576</gx:coord>
        <when>2025-01-01T00:12:43.1532900Z</when>
        <gx:coord>12.108393 51.53311 546.672</gx:coord>
        <when>2025-01-01T00:12:48.1462900Z</when>
        <gx:coord>12.109723 51.53223 560.388</gx:coord>
        <when>2025-01-01T00:12:51.1152900Z</when>
        <gx:coord>12.111074 51.531395 574.104</gx:coord>
        <when>2025-01-01T00:12:53.1522900Z</when>
        <gx:coord>12.11174 51.530987 581.724</gx:coord>
        <when>2025-01-01T00:12:58.1662900Z</when>
        <gx:coord>12.1130705 51.53017 593.91595</gx:coord>
        <when>2025-01-01T00:13:03.1142900Z</when>
        <gx:coord>12.115002 51.528862 606.108</gx:coord>
        <when>2025-01-01T00:13:03.1482900Z</when>
        <gx:coord>12.115002 51.528862 606.108</gx:coord>
        <when>2025-01-01T00:13:08.1902900Z</when>
        <gx:coord>12.11631 51.52794 610.68</gx:coord>
        <when>2025-01-01T00:13:09.1152900Z</when>
        <gx:coord>12.11631 51.52794 610.68</gx:coord>
        <when>2025-01-01T00:13:13.1472900Z</when>
        <gx:coord>12.118564 51.526524 610.68</gx:coord>
        <when>2025-01-01T00:13:18.1462900Z</when>
        <gx:coord>12.120258 51.52556 612.204</gx:coord>
        <when>2025-01-01T00:13:19.1042900Z</when>
        <gx:coord>12.120258 51.52556 612.204</gx:coord>
        <when>2025-01-01T00:13:23.1462900Z</when>
        <gx:coord>12.122877 51.524033 613.72797</gx:coord>
        <when>2025-01-01T00:13:28.1692900Z</when>
        <gx:coord>12.124594 51.523003 615.25195</gx:coord>
        <when>2025-01-01T00:13:29.1142900Z</when>
        <gx:coord>12.12543 51.52247 615.25195</gx:coord>
        <when>2025-01-01T00:13:33.1592900Z</when>
        <gx:coord>12.127039 51.52135 619.824</gx:coord>
        <when>2025-01-01T00:13:38.1472900Z</when>
        <gx:coord>12.128628 51.520256 621.34796</gx:coord>
        <when>2025-01-01T00:13:43.1602900Z</when>
        <gx:coord>12.131073 51.518604 624.396</gx:coord>
        <when>2025-01-01T00:13:48.1462900Z</when>
        <gx:coord>12.132704 51.51751 622.872</gx:coord>
        <when>2025-01-01T00:13:53.1462900Z</when>
        <gx:coord>12.135172 51.51584 622.872</gx:coord>
        <when>2025-01-01T00:13:58.1622900Z</when>
        <gx:coord>12.136868 51.514744 624.396</gx:coord>
        <when>2025-01-01T00:14:03.1602900Z</when>
        <gx:coord>12.1394205 51.513092 622.872</gx:coord>
        <when>2025-01-01T00:14:08.1472900Z</when>
        <gx:coord>12.14118 51.511997 621.34796</gx:coord>
        <when>2025-01-01T00:14:13.1142900Z</when>
        <gx:coord>12.143841 51.510365 619.824</gx:coord>
        <when>2025-01-01T00:14:13.1582900Z</when>
        <gx:coord>12.143841 51.510365 619.824</gx:coord>
        <when>2025-01-01T00:14:18.1462900Z</when>
        <gx:coord>12.145622 51.50927 621.34796</gx:coord>
        <when>2025-01-01T00:14:23.1462900Z</when>
        <gx:coord>12.148347 51.507706 625.92</gx:coord>
        <when>2025-01-01T00:14:28.1462900Z</when>
        <gx:coord>12.150171 51.506695 628.96796</gx:coord>
        <when>2025-01-01T00:14:33.1482900Z</when>
        <gx:coord>12.152939 51.505238 632.016</gx:coord>
        <when>2025-01-01T00:14:38.1472900Z</when>
        <gx:coord>12.154806 51.504314 633.54</gx:coord>
        <when>2025-01-01T00:14:41.1132900Z</when>
        <gx:coord>12.156736 51.503456 636.58795</gx:coord>
        <when>2025-01-01T00:14:43.1482900Z</when>
        <gx:coord>12.157724 51.50307 638.112</gx:coord>
        <when>2025-01-01T00:14:48.1472900Z</when>
        <gx:coord>12.159719 51.502254 636.58795</gx:coord>
        <when>2025-01-01T00:14:53.1462900Z</when>
        <gx:coord>12.162638 51.500965 636.58795</gx:coord>
        <when>2025-01-01T00:14:58.1672900Z</when>
        <gx:coord>12.164526 51.500023 636.58795</gx:coord>
        <when>2025-01-01T00:14:59.1132900Z</when>
        <gx:coord>12.165405 51.499508 636.58795</gx:coord>
        <when>2025-01-01T00:15:03.1552900Z</when>
        <gx:coord>12.16708 51.49839 630.49207</gx:coord>
        <when>2025-01-01T00:15:05.1112900Z</when>
        <gx:coord>12.16708 51.49839 630.49207</gx:coord>
        <when>2025-01-01T00:15:08.1922900Z</when>
        <gx:coord>12.168495 51.497147 632.016</gx:coord>
        <when>2025-01-01T00:15:13.1462900Z</when>
        <gx:coord>12.170448 51.495216 632.016</gx:coord>
        <when>2025-01-01T00:15:18.1462900Z</when>
        <gx:coord>12.171822 51.493927 632.016</gx:coord>
        <when>2025-01-01T00:15:23.1622900Z</when>
        <gx:coord>12.173988 51.491997 630.49207</gx:coord>
        <when>2025-01-01T00:15:28.1892900Z</when>
        <gx:coord>12.175512 51.49073 625.92</gx:coord>
        <when>2025-01-01T00:15:33.1462900Z</when>
        <gx:coord>12.178001 51.488842 622.872</gx:coord>
        <when>2025-01-01T00:15:38.1472900Z</when>
        <gx:coord>12.179697 51.48762 622.872</gx:coord>
        <when>2025-01-01T00:15:43.1082900Z</when>
        <gx:coord>12.182121 51.485733 622.872</gx:coord>
        <when>2025-01-01T00:15:43.1472900Z</when>
        <gx:coord>12.182121 51.485733 622.872</gx:coord>
        <when>2025-01-01T00:15:48.1472900Z</when>
        <gx:coord>12.183687 51.484444 622.872</gx:coord>
        <when>2025-01-01T00:15:53.1472900Z</when>
        <gx:coord>12.186112 51.48258 622.872</gx:coord>
        <when>2025-01-01T00:15:58.1622900Z</when>
        <gx:coord>12.187721 51.48133 624.396</gx:coord>
        <when>2025-01-01T00:16:03.1612900Z</when>
        <gx:coord>12.190061 51.479446 625.92</gx:coord>
        <when>2025-01-01T00:16:08.1472900Z</when>
        <gx:coord>12.191606 51.47818 625.92</gx:coord>
        <when>2025-01-01T00:16:13.1572900Z</when>
        <gx:coord>12.194009 51.47631 622.872</gx:coord>
        <when>2025-01-01T00:16:18.1472900Z</when>
        <gx:coord>12.19564 51.475067 622.872</gx:coord>
        <when>2025-01-01T00:16:23.1472900Z</when>
        <gx:coord>12.198151 51.473244 624.396</gx:coord>
        <when>2025-01-01T00:16:25.1192900Z</when>
        <gx:coord>12.198987 51.47264 624.396</gx:coord>
        <when>2025-01-01T00:16:28.1692900Z</when>
        <gx:coord>12.199845 51.47206 628.96796</gx:coord>
        <when>2025-01-01T00:16:33.1582900Z</when>
        <gx:coord>12.202442 51.47041 633.54</gx:coord>
        <when>2025-01-01T00:16:38.1472900Z</when>
        <gx:coord>12.204201 51.46936 636.58795</gx:coord>
        <when>2025-01-01T00:16:43.1062900Z</when>
        <gx:coord>12.205982 51.468307 636.58795</gx:coord>
        <when>2025-01-01T00:16:43.1572900Z</when>
        <gx:coord>12.206883 51.467793 638.112</gx:coord>
        <when>2025-01-01T00:16:48.1472900Z</when>
        <gx:coord>12.208686 51.466763 638.112</gx:coord>
        <when>2025-01-01T00:16:53.1612900Z</when>
        <gx:coord>12.211454 51.46526 639.636</gx:coord>
        <when>2025-01-01T00:16:58.1612900Z</when>
        <gx:coord>12.21302 51.46408 639.636</gx:coord>
        <when>2025-01-01T00:17:03.1562900Z</when>
        <gx:coord>12.215574 51.462387 641.16</gx:coord>
        <when>2025-01-01T00:17:07.1862900Z</when>
        <gx:coord>12.216389 51.461784 641.16</gx:coord>
        <when>2025-01-01T00:17:08.1472900Z</when>
        <gx:coord>12.217205 51.461205 638.112</gx:coord>
        <when>2025-01-01T00:17:09.1102900Z</when>
        <gx:coord>12.218041 51.460625 638.112</gx:coord>
        <when>2025-01-01T00:17:13.1562900Z</when>
        <gx:coord>12.219758 51.459446 633.54</gx:coord>
        <when>2025-01-01T00:17:18.1472900Z</when>
        <gx:coord>12.221539 51.458286 632.016</gx:coord>
        <when>2025-01-01T00:17:23.1602900Z</when>
        <gx:coord>12.224329 51.456657 628.96796</gx:coord>
        <when>2025-01-01T00:17:28.1472900Z</when>
        <gx:coord>12.226238 51.455563 625.92</gx:coord>
        <when>2025-01-01T00:17:33.1622900Z</when>
        <gx:coord>12.229114 51.453976 627.444</gx:coord>
        <when>2025-01-01T00:17:38.1702900Z</when>
        <gx:coord>12.23111 51.45303 627.444</gx:coord>
        <when>2025-01-01T00:17:39.1072900Z</when>
        <gx:coord>12.23111 51.45303 627.444</gx:coord>
        <when>2025-01-01T00:17:43.1082900Z</when>
        <gx:coord>12.233383 51.452385 630.49207</gx:coord>
        <when>2025-01-01T00:17:43.1582900Z</when>
        <gx:coord>12.234585 51.452213 633.54</gx:coord>
        <when>2025-01-01T00:17:48.1482900Z</when>
        <gx:coord>12.237032 51.452087 638.112</gx:coord>
        <when>2025-01-01T00:17:53.1472900Z</when>
        <gx:coord>12.240658 51.451958 644.20807</gx:coord>
        <when>2025-01-01T00:17:55.1182900Z</when>
        <gx:coord>12.241859 51.451935 644.20807</gx:coord>
        <when>2025-01-01T00:17:58.1612900Z</when>
        <gx:coord>12.243061 51.451935 647.256</gx:coord>
        <when>2025-01-01T00:17:59.1102900Z</when>
        <gx:coord>12.243061 51.451935 647.256</gx:coord>
        <when>2025-01-01T00:18:03.1572900Z</when>
        <gx:coord>12.246666 51.45204 647.256</gx:coord>
        <when>2025-01-01T00:18:08.1472900Z</when>
        <gx:coord>12.24909 51.452087 645.732</gx:coord>
        <when>2025-01-01T00:18:13.1482900Z</when>
        <gx:coord>12.252781 51.452236 649.56</gx:coord>
        <when>2025-01-01T00:18:15.1042900Z</when>
        <gx:coord>12.252781 51.452236 649.56</gx:coord>
        <when>2025-01-01T00:18:18.1482900Z</when>
        <gx:coord>12.255142 51.45273 652.60803</gx:coord>
        <when>2025-01-01T00:18:19.1002900Z</when>
        <gx:coord>12.255142 51.45273 652.60803</gx:coord>
        <when>2025-01-01T00:18:23.1072900Z</when>
        <gx:coord>12.257158 51.453674 657.18</gx:coord>
        <when>2025-01-01T00:18:23.1482900Z</when>
        <gx:coord>12.257931 51.45432 658.704</gx:coord>
        <when>2025-01-01T00:18:27.1022900Z</when>
        <gx:coord>12.258532 51.455048 657.18</gx:coord>
        <when>2025-01-01T00:18:27.1022900Z</when>
        <gx:coord>12.258532 51.455048 657.18</gx:coord>
        <when>2025-01-01T00:18:28.1482900Z</when>
        <gx:coord>12.258919 51.45584 657.18</gx:coord>
        <when>2025-01-01T00:18:29.1072900Z</when>
        <gx:coord>12.258919 51.45584 657.18</gx:coord>
        <when>2025-01-01T00:18:31.0952900Z</when>
        <gx:coord>12.259047 51.456676 657.18</gx:coord>
        <when>2025-01-01T00:18:33.1032900Z</when>
        <gx:coord>12.258961 51.457535 657.18</gx:coord>
        <when>2025-01-01T00:18:33.1482900Z</when>
        <gx:coord>12.258617 51.458393 658.704</gx:coord>
        <when>2025-01-01T00:18:37.0982900Z</when>
        <gx:coord>12.2580385 51.45919 660.2281</gx:coord>
        <when>2025-01-01T00:18:38.1482900Z</when>
        <gx:coord>12.257244 51.459938 660.2281</gx:coord>
        <when>2025-01-01T00:18:41.1102900Z</when>
        <gx:coord>12.256258 51.460583 661.7521</gx:coord>
        <when>2025-01-01T00:18:43.1582900Z</when>
        <gx:coord>12.253833 51.461506 663.276</gx:coord>
        <when>2025-01-01T00:18:45.1002900Z</when>
        <gx:coord>12.253833 51.461506 663.276</gx:coord>
        <when>2025-01-01T00:18:48.1482900Z</when>
        <gx:coord>12.251086 51.461914 661.7521</gx:coord>
        <when>2025-01-01T00:18:49.1142900Z</when>
        <gx:coord>12.251086 51.461914 661.7521</gx:coord>
        <when>2025-01-01T00:18:53.1072900Z</when>
        <gx:coord>12.248232 51.46189 659.448</gx:coord>
        <when>2025-01-01T00:18:53.1472900Z</when>
        <gx:coord>12.246881 51.46172 665.54407</gx:coord>
        <when>2025-01-01T00:18:55.1062900Z</when>
        <gx:coord>12.245615 51.461464 671.63995</gx:coord>
        <when>2025-01-01T00:18:57.1062900Z</when>
        <gx:coord>12.245615 51.461464 671.63995</gx:coord>
        <when>2025-01-01T00:18:58.1802900Z</when>
        <gx:coord>12.244477 51.461098 677.73596</gx:coord>
        <when>2025-01-01T00:19:01.0932900Z</when>
        <gx:coord>12.243447 51.460648 680.784</gx:coord>
        <when>2025-01-01T00:19:03.1092900Z</when>
        <gx:coord>12.242567 51.46011 683.832</gx:coord>
        <when>2025-01-01T00:19:03.1102900Z</when>
        <gx:coord>12.242567 51.46011 683.832</gx:coord>
        <when>2025-01-01T00:19:03.1502900Z</when>
        <gx:coord>12.241859 51.45951 683.832</gx:coord>
        <when>2025-01-01T00:19:07.1102900Z</when>
        <gx:coord>12.241323 51.458847 683.832</gx:coord>
        <when>2025-01-01T00:19:08.1482900Z</when>
        <gx:coord>12.240958 51.458138 680.784</gx:coord>
        <when>2025-01-01T00:19:11.1052900Z</when>
        <gx:coord>12.240723 51.457386 676.212</gx:coord>
        <when>2025-01-01T00:19:13.1592900Z</when>
        <gx:coord>12.240637 51.45584 668.592</gx:coord>
        <when>2025-01-01T00:19:17.0932900Z</when>
        <gx:coord>12.240765 51.455048 665.54407</gx:coord>
        <when>2025-01-01T00:19:18.1482900Z</when>
        <gx:coord>12.241022 51.454273 662.496</gx:coord>
        <when>2025-01-01T00:19:23.1092900Z</when>
        <gx:coord>12.24188 51.45275 653.352</gx:coord>
        <when>2025-01-01T00:19:23.1512900Z</when>
        <gx:coord>12.24246 51.452023 650.30396</gx:coord>
        <when>2025-01-01T00:19:25.1072900Z</when>
        <gx:coord>12.24246 51.452023 650.30396</gx:coord>
        <when>2025-01-01T00:19:28.1482900Z</when>
        <gx:coord>12.243705 51.450542 642.68396</gx:coord>
        <when>2025-01-01T00:19:29.1012900Z</when>
        <gx:coord>12.244328 51.44979 639.636</gx:coord>
        <when>2025-01-01T00:19:33.5582900Z</when>
        <gx:coord>12.245507 51.448246 635.06396</gx:coord>
        <when>2025-01-01T00:19:38.1482900Z</when>
        <gx:coord>12.246559 51.446655 632.016</gx:coord>
        <when>2025-01-01T00:19:43.1582900Z</when>
        <gx:coord>12.247996 51.444275 628.96796</gx:coord>
        <when>2025-01-01T00:19:47.1082900Z</when>
        <gx:coord>12.2484255 51.44346 627.444</gx:coord>
        <when>2025-01-01T00:19:48.1482900Z</when>
        <gx:coord>12.248812 51.442646 627.444</gx:coord>
        <when>2025-01-01T00:19:53.1582900Z</when>
        <gx:coord>12.249799 51.440155 627.444</gx:coord>
        <when>2025-01-01T00:19:58.1652900Z</when>
        <gx:coord>12.250378 51.438503 635.844</gx:coord>
        <when>2025-01-01T00:20:03.1072900Z</when>
        <gx:coord>12.251258 51.436035 634.32</gx:coord>
        <when>2025-01-01T00:20:03.1492900Z</when>
        <gx:coord>12.251258 51.436035 632.7961</gx:coord>
        <when>2025-01-01T00:20:08.1492900Z</when>
        <gx:coord>12.251902 51.434383 631.27203</gx:coord>
        <when>2025-01-01T00:20:13.1492900Z</when>
        <gx:coord>12.252867 51.43194 634.32</gx:coord>
        <when>2025-01-01T00:20:18.1492900Z</when>
        <gx:coord>12.2534895 51.430305 634.32</gx:coord>
        <when>2025-01-01T00:20:23.1492900Z</when>
        <gx:coord>12.254412 51.427902 637.368</gx:coord>
        <when>2025-01-01T00:20:28.1782900Z</when>
        <gx:coord>12.255034 51.426315 635.844</gx:coord>
        <when>2025-01-01T00:20:33.1492900Z</when>
        <gx:coord>12.256064 51.423935 632.7961</gx:coord>
        <when>2025-01-01T00:20:38.1492900Z</when>
        <gx:coord>12.256815 51.422344 631.27203</gx:coord>
        <when>2025-01-01T00:20:43.1492900Z</when>
        <gx:coord>12.257975 51.419964 626.7001</gx:coord>
        <when>2025-01-01T00:20:45.1142900Z</when>
        <gx:coord>12.258339 51.41917 626.7001</gx:coord>
        <when>2025-01-01T00:20:48.1492900Z</when>
        <gx:coord>12.258703 51.418354 622.128</gx:coord>
        <when>2025-01-01T00:20:53.1122900Z</when>
        <gx:coord>12.259777 51.41591 608.412</gx:coord>
        <when>2025-01-01T00:20:53.1532900Z</when>
        <gx:coord>12.259777 51.41591 608.412</gx:coord>
        <when>2025-01-01T00:20:58.1632900Z</when>
        <gx:coord>12.260485 51.414276 608.412</gx:coord>
        <when>2025-01-01T00:21:03.1522900Z</when>
        <gx:coord>12.261558 51.41183 608.412</gx:coord>
        <when>2025-01-01T00:21:08.1492900Z</when>
        <gx:coord>12.262201 51.410202 606.888</gx:coord>
        <when>2025-01-01T00:21:13.1492900Z</when>
        <gx:coord>12.263103 51.407692 602.31604</gx:coord>
        <when>2025-01-01T00:21:18.1492900Z</when>
        <gx:coord>12.263703 51.405994 599.268</gx:coord>
        <when>2025-01-01T00:21:23.1502900Z</when>
        <gx:coord>12.264626 51.403484 602.31604</gx:coord>
        <when>2025-01-01T00:21:25.1152900Z</when>
        <gx:coord>12.264948 51.402668 602.31604</gx:coord>
        <when>2025-01-01T00:21:28.1502900Z</when>
        <gx:coord>12.26527 51.401833 600.792</gx:coord>
        <when>2025-01-01T00:21:33.1582900Z</when>
        <gx:coord>12.266364 51.399364 597.744</gx:coord>
        <when>2025-01-01T00:21:38.1492900Z</when>
        <gx:coord>12.267073 51.397736 599.268</gx:coord>
        <when>2025-01-01T00:21:43.1502900Z</when>
        <gx:coord>12.268124 51.395287 600.792</gx:coord>
        <when>2025-01-01T00:21:48.1502900Z</when>
        <gx:coord>12.26881 51.393677 600.792</gx:coord>
        <when>2025-01-01T00:21:53.1502900Z</when>
        <gx:coord>12.269905 51.391273 599.268</gx:coord>
        <when>2025-01-01T00:21:58.1712900Z</when>
        <gx:coord>12.270678 51.389664 600.792</gx:coord>
        <when>2025-01-01T00:22:03.1642900Z</when>
        <gx:coord>12.271879 51.387306 602.31604</gx:coord>
        <when>2025-01-01T00:22:05.1182900Z</when>
        <gx:coord>12.272286 51.38653 602.31604</gx:coord>
        <when>2025-01-01T00:22:08.1512900Z</when>
        <gx:coord>12.272694 51.38576 602.31604</gx:coord>
        <when>2025-01-01T00:22:13.1502900Z</when>
        <gx:coord>12.27396 51.383423 600.792</gx:coord>
        <when>2025-01-01T00:22:18.1512900Z</when>
        <gx:coord>12.274797 51.381855 599.268</gx:coord>
        <when>2025-01-01T00:22:23.1512900Z</when>
        <gx:coord>12.276106 51.37954 599.268</gx:coord>
        <when>2025-01-01T00:22:28.1512900Z</when>
        <gx:coord>12.277007 51.378014 599.268</gx:coord>
        <when>2025-01-01T00:22:33.1512900Z</when>
        <gx:coord>12.278444 51.375763 597.744</gx:coord>
        <when>2025-01-01T00:22:38.1512900Z</when>
        <gx:coord>12.279518 51.374302 596.22003</gx:coord>
        <when>2025-01-01T00:22:43.1512900Z</when>
        <gx:coord>12.281127 51.372112 596.22003</gx:coord>
        <when>2025-01-01T00:22:47.1132900Z</when>
        <gx:coord>12.2822 51.370674 596.22003</gx:coord>
        <when>2025-01-01T00:22:48.1782900Z</when>
        <gx:coord>12.2822 51.370674 597.744</gx:coord>
        <when>2025-01-01T00:22:53.1082900Z</when>
        <gx:coord>12.283251 51.36924 599.268</gx:coord>
        <when>2025-01-01T00:22:53.1512900Z</when>
        <gx:coord>12.28381 51.368553 599.268</gx:coord>
        <when>2025-01-01T00:22:58.1662900Z</when>
        <gx:coord>12.284946 51.367157 599.268</gx:coord>
        <when>2025-01-01T00:23:03.1512900Z</when>
        <gx:coord>12.286792 51.36512 597.744</gx:coord>
        <when>2025-01-01T00:23:08.1512900Z</when>
        <gx:coord>12.288101 51.36379 597.744</gx:coord>
        <when>2025-01-01T00:23:13.1592900Z</when>
        <gx:coord>12.290161 51.361855 599.268</gx:coord>
        <when>2025-01-01T00:23:18.1512900Z</when>
        <gx:coord>12.291598 51.36059 599.268</gx:coord>
        <when>2025-01-01T00:23:19.1112900Z</when>
        <gx:coord>12.291598 51.36059 599.268</gx:coord>
        <when>2025-01-01T00:23:21.1842900Z</when>
        <gx:coord>12.292371 51.35999 599.268</gx:coord>
        <when>2025-01-01T00:23:23.1072900Z</when>
        <gx:coord>12.293186 51.359432 600.792</gx:coord>
        <when>2025-01-01T00:23:23.1632900Z</when>
        <gx:coord>12.294087 51.35894 600.792</gx:coord>
        <when>2025-01-01T00:23:25.1102900Z</when>
        <gx:coord>12.294087 51.35894 600.792</gx:coord>
        <when>2025-01-01T00:23:28.1522900Z</when>
        <gx:coord>12.296211 51.358253 599.268</gx:coord>
        <when>2025-01-01T00:23:29.1112900Z</when>
        <gx:coord>12.296211 51.358253 599.268</gx:coord>
        <when>2025-01-01T00:23:31.1162900Z</when>
        <gx:coord>12.297993 51.35716 596.22003</gx:coord>
        <when>2025-01-01T00:23:33.1512900Z</when>
        <gx:coord>12.2987 51.356644 593.172</gx:coord>
        <when>2025-01-01T00:23:37.1092900Z</when>
        <gx:coord>12.299473 51.35613 593.172</gx:coord>
        <when>2025-01-01T00:23:38.1512900Z</when>
        <gx:coord>12.301619 51.35636 591.648</gx:coord>
        <when>2025-01-01T00:23:39.1122900Z</when>
        <gx:coord>12.301619 51.35636 591.648</gx:coord>
        <when>2025-01-01T00:23:41.1092900Z</when>
        <gx:coord>12.30295 51.356342 591.648</gx:coord>
        <when>2025-01-01T00:23:43.1152900Z</when>
        <gx:coord>12.304022 51.35591 590.124</gx:coord>
        <when>2025-01-01T00:23:43.2442900Z</when>
        <gx:coord>12.30501 51.356236 591.648</gx:coord>
        <when>2025-01-01T00:23:45.1112900Z</when>
        <gx:coord>12.30501 51.356236 591.648</gx:coord>
        <when>2025-01-01T00:23:48.1822900Z</when>
        <gx:coord>12.307777 51.355656 593.172</gx:coord>
        <when>2025-01-01T00:23:53.1522900Z</when>
        <gx:coord>12.311425 51.355377 596.22003</gx:coord>
        <when>2025-01-01T00:23:58.1612900Z</when>
        <gx:coord>12.31385 51.355206 599.268</gx:coord>
        <when>2025-01-01T00:24:01.1082900Z</when>
        <gx:coord>12.315052 51.35514 600.792</gx:coord>
        <when>2025-01-01T00:24:03.1522900Z</when>
        <gx:coord>12.317411 51.35501 603.84</gx:coord>
        <when>2025-01-01T00:24:08.1532900Z</when>
        <gx:coord>12.319773 51.35488 605.364</gx:coord>
        <when>2025-01-01T00:24:13.1522900Z</when>
        <gx:coord>12.323356 51.35471 603.84</gx:coord>
        <when>2025-01-01T00:24:15.1202900Z</when>
        <gx:coord>12.324535 51.354668 603.84</gx:coord>
        <when>2025-01-01T00:24:18.1532900Z</when>
        <gx:coord>12.325737 51.354626 603.84</gx:coord>
        <when>2025-01-01T00:24:23.1532900Z</when>
        <gx:coord>12.329364 51.35456 603.84</gx:coord>
        <when>2025-01-01T00:24:28.1532900Z</when>
        <gx:coord>12.331789 51.35452 605.364</gx:coord>
        <when>2025-01-01T00:24:33.1532900Z</when>
        <gx:coord>12.335415 51.35439 614.508</gx:coord>
        <when>2025-01-01T00:24:38.1532900Z</when>
        <gx:coord>12.337818 51.354282 614.508</gx:coord>
        <when>2025-01-01T00:24:43.1532900Z</when>
        <gx:coord>12.341423 51.354046 614.508</gx:coord>
        <when>2025-01-01T00:24:48.1532900Z</when>
        <gx:coord>12.343826 51.35385 616.032</gx:coord>
        <when>2025-01-01T00:24:53.1612900Z</when>
        <gx:coord>12.34741 51.35353 617.556</gx:coord>
        <when>2025-01-01T00:24:58.1582900Z</when>
        <gx:coord>12.34977 51.353252 617.556</gx:coord>
        <when>2025-01-01T00:25:01.1282900Z</when>
        <gx:coord>12.352109 51.35293 617.556</gx:coord>
        <when>2025-01-01T00:25:03.1632900Z</when>
        <gx:coord>12.353268 51.352737 616.032</gx:coord>
        <when>2025-01-01T00:25:08.1532900Z</when>
        <gx:coord>12.355585 51.352287 616.032</gx:coord>
        <when>2025-01-01T00:25:13.1112900Z</when>
        <gx:coord>12.357903 51.351814 614.508</gx:coord>
        <when>2025-01-01T00:25:13.1612900Z</when>
        <gx:coord>12.359061 51.351578 614.508</gx:coord>
        <when>2025-01-01T00:25:18.1542900Z</when>
        <gx:coord>12.361336 51.351044 616.032</gx:coord>
        <when>2025-01-01T00:25:19.5642900Z</when>
        <gx:coord>12.362452 51.35076 617.556</gx:coord>
        <when>2025-01-01T00:25:20.6032900Z</when>
        <gx:coord>12.362452 51.35076 617.556</gx:coord>
        <when>2025-01-01T00:25:23.1612900Z</when>
        <gx:coord>12.364662 51.35018 619.08</gx:coord>
        <when>2025-01-01T00:25:28.1542900Z</when>
        <gx:coord>12.366829 51.34956 619.08</gx:coord>
        <when>2025-01-01T00:25:33.1612900Z</when>
        <gx:coord>12.370026 51.34853 619.08</gx:coord>
        <when>2025-01-01T00:25:38.1532900Z</when>
        <gx:coord>12.3721075 51.3478 622.128</gx:coord>
        <when>2025-01-01T00:25:39.1082900Z</when>
        <gx:coord>12.3721075 51.3478 622.128</gx:coord>
        <when>2025-01-01T00:25:43.1622900Z</when>
        <gx:coord>12.3751335 51.346622 625.1761</gx:coord>
        <when>2025-01-01T00:25:47.1262900Z</when>
        <gx:coord>12.377108 51.34583 626.7001</gx:coord>
        <when>2025-01-01T00:25:48.1542900Z</when>
        <gx:coord>12.377108 51.34583 626.7001</gx:coord>
        <when>2025-01-01T00:25:53.1542900Z</when>
        <gx:coord>12.380133 51.34467 625.1761</gx:coord>
        <when>2025-01-01T00:25:58.1672900Z</when>
        <gx:coord>12.382193 51.343895 625.1761</gx:coord>
        <when>2025-01-01T00:26:03.1542900Z</when>
        <gx:coord>12.38524 51.34274 626.7001</gx:coord>
        <when>2025-01-01T00:26:08.1552900Z</when>
        <gx:coord>12.387278 51.341965 626.7001</gx:coord>
        <when>2025-01-01T00:26:13.1552900Z</when>
        <gx:coord>12.3903675 51.340786 625.1761</gx:coord>
        <when>2025-01-01T00:26:18.1552900Z</when>
        <gx:coord>12.392449 51.34001 625.1761</gx:coord>
        <when>2025-01-01T00:26:23.1552900Z</when>
        <gx:coord>12.395561 51.338833 626.7001</gx:coord>
        <when>2025-01-01T00:26:28.1552900Z</when>
        <gx:coord>12.397621 51.33806 628.224</gx:coord>
        <when>2025-01-01T00:26:33.1252900Z</when>
        <gx:coord>12.400711 51.33692 629.748</gx:coord>
        <when>2025-01-01T00:26:33.1552900Z</when>
        <gx:coord>12.400711 51.33692 629.748</gx:coord>
        <when>2025-01-01T00:26:38.1552900Z</when>
        <gx:coord>12.402771 51.33617 631.27203</gx:coord>
        <when>2025-01-01T00:26:43.1552900Z</when>
        <gx:coord>12.405861 51.335033 631.27203</gx:coord>
        <when>2025-01-01T00:26:48.1552900Z</when>
        <gx:coord>12.407963 51.334305 629.748</gx:coord>
        <when>2025-01-01T00:26:53.1652900Z</when>
        <gx:coord>12.411268 51.333405 629.748</gx:coord>
        <when>2025-01-01T00:26:57.1122900Z</when>
        <gx:coord>12.412384 51.333126 635.844</gx:coord>
        <when>2025-01-01T00:26:58.1582900Z</when>
        <gx:coord>12.4135 51.332867 635.844</gx:coord>
        <when>2025-01-01T00:27:03.0932900Z</when>
        <gx:coord>12.415773 51.332375 635.844</gx:coord>
        <when>2025-01-01T00:27:03.1552900Z</when>
        <gx:coord>12.416933 51.332268 623.65204</gx:coord>
        <when>2025-01-01T00:27:05.1152900Z</when>
        <gx:coord>12.416933 51.332268 623.65204</gx:coord>
        <when>2025-01-01T00:27:07.1152900Z</when>
        <gx:coord>12.418049 51.33188 623.65204</gx:coord>
        <when>2025-01-01T00:27:08.1552900Z</when>
        <gx:coord>12.419186 51.3316 622.128</gx:coord>
        <when>2025-01-01T00:27:13.1562900Z</when>
        <gx:coord>12.422576 51.33074 619.08</gx:coord>
        <when>2025-01-01T00:27:18.1562900Z</when>
        <gx:coord>12.424808 51.330143 622.128</gx:coord>
        <when>2025-01-01T00:27:19.1122900Z</when>
        <gx:coord>12.425923 51.32982 622.128</gx:coord>
        <when>2025-01-01T00:27:23.1662900Z</when>
        <gx:coord>12.428112 51.329178 626.7001</gx:coord>
        <when>2025-01-01T00:27:28.1562900Z</when>
        <gx:coord>12.430301 51.328598 629.748</gx:coord>
        <when>2025-01-01T00:27:33.1622900Z</when>
        <gx:coord>12.433605 51.32778 632.7961</gx:coord>
        <when>2025-01-01T00:27:38.1562900Z</when>
        <gx:coord>12.435837 51.32729 632.7961</gx:coord>
        <when>2025-01-01T00:27:43.1622900Z</when>
        <gx:coord>12.439205 51.326557 632.7961</gx:coord>
        <when>2025-01-01T00:27:48.1562900Z</when>
        <gx:coord>12.441481 51.326065 632.7961</gx:coord>
        <when>2025-01-01T00:27:53.1632900Z</when>
        <gx:coord>12.44487 51.325294 635.844</gx:coord>
        <when>2025-01-01T00:27:57.1152900Z</when>
        <gx:coord>12.447102 51.324776 638.8921</gx:coord>
        <when>2025-01-01T00:27:58.1722900Z</when>
        <gx:coord>12.447102 51.324776 638.8921</gx:coord>
        <when>2025-01-01T00:28:03.1732900Z</when>
        <gx:coord>12.450428 51.323963 640.4161</gx:coord>
        <when>2025-01-01T00:28:05.1262900Z</when>
        <gx:coord>12.451544 51.323685 640.4161</gx:coord>
        <when>2025-01-01T00:28:08.1572900Z</when>
        <gx:coord>12.45266 51.323425 641.94</gx:coord>
        <when>2025-01-01T00:28:13.1622900Z</when>
        <gx:coord>12.456072 51.322716 641.94</gx:coord>
        <when>2025-01-01T00:28:18.1572900Z</when>
        <gx:coord>12.458367 51.322266 641.94</gx:coord>
        <when>2025-01-01T00:28:23.1572900Z</when>
        <gx:coord>12.461864 51.321644 637.368</gx:coord>
        <when>2025-01-01T00:28:28.1572900Z</when>
        <gx:coord>12.464226 51.321236 635.844</gx:coord>
        <when>2025-01-01T00:28:33.1572900Z</when>
        <gx:coord>12.467787 51.320656 638.8921</gx:coord>
        <when>2025-01-01T00:28:38.1572900Z</when>
        <gx:coord>12.470126 51.320312 641.94</gx:coord>
        <when>2025-01-01T00:28:43.1572900Z</when>
        <gx:coord>12.473645 51.319843 641.94</gx:coord>
        <when>2025-01-01T00:28:48.1862900Z</when>
        <gx:coord>12.476006 51.3195 640.4161</gx:coord>
        <when>2025-01-01T00:28:51.1232900Z</when>
        <gx:coord>12.478366 51.319134 640.4161</gx:coord>
        <when>2025-01-01T00:28:53.1632900Z</when>
        <gx:coord>12.479546 51.31892 638.8921</gx:coord>
        <when>2025-01-01T00:28:58.1832900Z</when>
        <gx:coord>12.481885 51.318447 638.8921</gx:coord>
        <when>2025-01-01T00:29:03.1572900Z</when>
        <gx:coord>12.48534 51.31772 640.4161</gx:coord>
        <when>2025-01-01T00:29:08.1582900Z</when>
        <gx:coord>12.487636 51.317223 643.464</gx:coord>
        <when>2025-01-01T00:29:13.1702900Z</when>
        <gx:coord>12.491026 51.316475 643.464</gx:coord>
        <when>2025-01-01T00:29:18.1582900Z</when>
        <gx:coord>12.4932575 51.31598 644.98804</gx:coord>
        <when>2025-01-01T00:29:23.1582900Z</when>
        <gx:coord>12.496626 51.31521 644.98804</gx:coord>
        <when>2025-01-01T00:29:28.1582900Z</when>
        <gx:coord>12.498901 51.314693 644.98804</gx:coord>
        <when>2025-01-01T00:29:33.1572900Z</when>
        <gx:coord>12.502291 51.313877 646.5121</gx:coord>
        <when>2025-01-01T00:29:37.1202900Z</when>
        <gx:coord>12.504544 51.31334 646.5121</gx:coord>
        <when>2025-01-01T00:29:38.1582900Z</when>
        <gx:coord>12.504544 51.31334 648.036</gx:coord>
        <when>2025-01-01T00:29:43.1582900Z</when>
        <gx:coord>12.507935 51.312546 649.56</gx:coord>
        <when>2025-01-01T00:29:48.1582900Z</when>
        <gx:coord>12.510187 51.31201 652.60803</gx:coord>
        <when>2025-01-01T00:29:53.1582900Z</when>
        <gx:coord>12.513514 51.31122 658.704</gx:coord>
        <when>2025-01-01T00:29:58.1782900Z</when>
        <gx:coord>12.515724 51.310658 661.7521</gx:coord>
        <when>2025-01-01T00:29:59.1162900Z</when>
        <gx:coord>12.515724 51.310658 661.7521</gx:coord>
        <when>2025-01-01T00:30:01.1122900Z</when>
        <gx:coord>12.516775 51.310616 663.276</gx:coord>
        <when>2025-01-01T00:30:03.1132900Z</when>
        <gx:coord>12.517912 51.310123 663.276</gx:coord>
        <when>2025-01-01T00:30:03.1582900Z</when>
        <gx:coord>12.519007 51.309864 663.276</gx:coord>
        <when>2025-01-01T00:30:08.1582900Z</when>
        <gx:coord>12.521238 51.309326 661.7521</gx:coord>
        <when>2025-01-01T00:30:13.1592900Z</when>
        <gx:coord>12.524629 51.308598 661.7521</gx:coord>
        <when>2025-01-01T00:30:18.1582900Z</when>
        <gx:coord>12.526903 51.308105 663.276</gx:coord>
        <when>2025-01-01T00:30:23.1262900Z</when>
        <gx:coord>12.530293 51.30742 664.8</gx:coord>
        <when>2025-01-01T00:30:23.1592900Z</when>
        <gx:coord>12.530293 51.30742 664.8</gx:coord>
        <when>2025-01-01T00:30:28.1592900Z</when>
        <gx:coord>12.532568 51.306988 664.8</gx:coord>
        <when>2025-01-01T00:30:33.1592900Z</when>
        <gx:coord>12.536022 51.306324 661.7521</gx:coord>
        <when>2025-01-01T00:30:38.1592900Z</when>
        <gx:coord>12.53834 51.30585 658.704</gx:coord>
        <when>2025-01-01T00:30:43.1592900Z</when>
        <gx:coord>12.541903 51.305206 655.656</gx:coord>
        <when>2025-01-01T00:30:48.1592900Z</when>
        <gx:coord>12.544262 51.30482 655.656</gx:coord>
        <when>2025-01-01T00:30:53.1592900Z</when>
        <gx:coord>12.547781 51.30424 660.2281</gx:coord>
        <when>2025-01-01T00:30:58.1732900Z</when>
        <gx:coord>12.550077 51.303814 661.7521</gx:coord>
        <when>2025-01-01T00:31:03.1592900Z</when>
        <gx:coord>12.553511 51.303146 661.7521</gx:coord>
        <when>2025-01-01T00:31:08.1592900Z</when>
        <gx:coord>12.555807 51.302696 660.2281</gx:coord>
        <when>2025-01-01T00:31:09.1222900Z</when>
        <gx:coord>12.556965 51.302483 660.2281</gx:coord>
        <when>2025-01-01T00:31:13.1602900Z</when>
        <gx:coord>12.559261 51.30199 657.18</gx:coord>
        <when>2025-01-01T00:31:18.1602900Z</when>
        <gx:coord>12.561579 51.301453 657.18</gx:coord>
        <when>2025-01-01T00:31:23.1602900Z</when>
        <gx:coord>12.564969 51.300636 660.2281</gx:coord>
        <when>2025-01-01T00:31:28.1602900Z</when>
        <gx:coord>12.567201 51.300102 661.7521</gx:coord>
        <when>2025-01-01T00:31:33.1602900Z</when>
        <gx:coord>12.570548 51.299263 661.7521</gx:coord>
        <when>2025-01-01T00:31:38.1602900Z</when>
        <gx:coord>12.572758 51.298683 660.2281</gx:coord>
        <when>2025-01-01T00:31:43.1602900Z</when>
        <gx:coord>12.576084 51.297806 658.704</gx:coord>
        <when>2025-01-01T00:31:48.1602900Z</when>
        <gx:coord>12.578295 51.297203 657.18</gx:coord>
        <when>2025-01-01T00:31:53.1662900Z</when>
        <gx:coord>12.581598 51.296238 652.60803</gx:coord>
        <when>2025-01-01T00:31:55.1152900Z</when>
        <gx:coord>12.582693 51.295918 652.60803</gx:coord>
        <when>2025-01-01T00:31:58.1752900Z</when>
        <gx:coord>12.583788 51.295574 657.18</gx:coord>
        <when>2025-01-01T00:32:03.1712900Z</when>
        <gx:coord>12.587091 51.29461 657.18</gx:coord>
        <when>2025-01-01T00:32:08.1602900Z</when>
        <gx:coord>12.589281 51.293987 657.18</gx:coord>
        <when>2025-01-01T00:32:13.1602900Z</when>
        <gx:coord>12.592585 51.293022 657.18</gx:coord>
        <when>2025-01-01T00:32:18.1612900Z</when>
        <gx:coord>12.594752 51.292377 657.18</gx:coord>
        <when>2025-01-01T00:32:23.1612900Z</when>
        <gx:coord>12.598036 51.291412 655.656</gx:coord>
        <when>2025-01-01T00:32:28.1602900Z</when>
        <gx:coord>12.600267 51.29081 652.60803</gx:coord>
        <when>2025-01-01T00:32:33.1612900Z</when>
        <gx:coord>12.603701 51.289886 648.036</gx:coord>
        <when>2025-01-01T00:32:38.1612900Z</when>
        <gx:coord>12.605974 51.289246 646.5121</gx:coord>
        <when>2025-01-01T00:32:39.1222900Z</when>
        <gx:coord>12.607112 51.288944 646.5121</gx:coord>
        <when>2025-01-01T00:32:43.1612900Z</when>
        <gx:coord>12.609322 51.2883 649.56</gx:coord>
        <when>2025-01-01T00:32:53.7592900Z</when>
        <gx:coord>12.614773 51.286755 651.084</gx:coord>
        <when>2025-01-01T00:32:58.7602900Z</when>
        <gx:coord>12.616982 51.286175 648.036</gx:coord>
        <when>2025-01-01T00:33:03.7612900Z</when>
        <gx:coord>12.620287 51.285233 646.5121</gx:coord>
        <when>2025-01-01T00:33:08.7612900Z</when>
        <gx:coord>12.622519 51.284607 644.98804</gx:coord>
        <when>2025-01-01T00:33:13.7612900Z</when>
        <gx:coord>12.625866 51.283665 644.98804</gx:coord>
        <when>2025-01-01T00:33:18.7612900Z</when>
        <gx:coord>12.628077 51.28302 648.036</gx:coord>
        <when>2025-01-01T00:33:23.1242900Z</when>
        <gx:coord>12.631359 51.282036 651.084</gx:coord>
        <when>2025-01-01T00:33:23.7612900Z</when>
        <gx:coord>12.631359 51.282036 652.60803</gx:coord>
        <when>2025-01-01T00:33:28.7612900Z</when>
        <gx:coord>12.633526 51.28137 654.1321</gx:coord>
        <when>2025-01-01T00:33:33.7612900Z</when>
        <gx:coord>12.636852 51.280445 657.18</gx:coord>
        <when>2025-01-01T00:33:38.7612900Z</when>
        <gx:coord>12.639084 51.279865 658.704</gx:coord>
        <when>2025-01-01T00:33:43.7612900Z</when>
        <gx:coord>12.642474 51.27903 661.7521</gx:coord>
        <when>2025-01-01T00:33:48.7612900Z</when>
        <gx:coord>12.644749 51.278473 661.7521</gx:coord>
        <when>2025-01-01T00:33:53.7952900Z</when>
        <gx:coord>12.648139 51.277615 664.8</gx:coord>
        <when>2025-01-01T00:33:58.7612900Z</when>
        <gx:coord>12.650371 51.277035 664.8</gx:coord>
        <when>2025-01-01T00:34:03.1112900Z</when>
        <gx:coord>12.652602 51.276455 664.8</gx:coord>
        <when>2025-01-01T00:34:03.7612900Z</when>
        <gx:coord>12.653589 51.275917 664.8</gx:coord>
        <when>2025-01-01T00:34:05.1152900Z</when>
        <gx:coord>12.653589 51.275917 664.8</gx:coord>
        <when>2025-01-01T00:34:07.1302900Z</when>
        <gx:coord>12.655821 51.275383 664.8</gx:coord>
        <when>2025-01-01T00:34:08.7812900Z</when>
        <gx:coord>12.655821 51.275383 663.276</gx:coord>
        <when>2025-01-01T00:34:13.7612900Z</when>
        <gx:coord>12.659189 51.274483 661.7521</gx:coord>
        <when>2025-01-01T00:34:18.7622900Z</when>
        <gx:coord>12.661421 51.273922 660.2281</gx:coord>
        <when>2025-01-01T00:34:19.1162900Z</when>
        <gx:coord>12.661421 51.273922 660.2281</gx:coord>
        <when>2025-01-01T00:34:23.1132900Z</when>
        <gx:coord>12.663353 51.273087 658.704</gx:coord>
        <when>2025-01-01T00:34:23.7622900Z</when>
        <gx:coord>12.664361 51.272808 658.704</gx:coord>
        <when>2025-01-01T00:34:25.1152900Z</when>
        <gx:coord>12.664361 51.272808 658.704</gx:coord>
        <when>2025-01-01T00:34:27.1122900Z</when>
        <gx:coord>12.666185 51.27311 658.704</gx:coord>
        <when>2025-01-01T00:34:28.7622900Z</when>
        <gx:coord>12.667301 51.272827 667.8481</gx:coord>
        <when>2025-01-01T00:34:33.7622900Z</when>
        <gx:coord>12.67067 51.27199 666.32404</gx:coord>
        <when>2025-01-01T00:34:38.7622900Z</when>
        <gx:coord>12.672901 51.27141 664.8</gx:coord>
        <when>2025-01-01T00:34:43.7622900Z</when>
        <gx:coord>12.676249 51.27053 661.7521</gx:coord>
        <when>2025-01-01T00:34:48.7622900Z</when>
        <gx:coord>12.678501 51.269974 660.2281</gx:coord>
        <when>2025-01-01T00:34:51.1222900Z</when>
        <gx:coord>12.680755 51.269394 660.2281</gx:coord>
        <when>2025-01-01T00:34:53.7992900Z</when>
        <gx:coord>12.68187 51.26914 661.7521</gx:coord>
        <when>2025-01-01T00:34:58.7632900Z</when>
        <gx:coord>12.684124 51.2686 663.276</gx:coord>
        <when>2025-01-01T00:35:03.7792900Z</when>
        <gx:coord>12.687471 51.267807 661.7521</gx:coord>
        <when>2025-01-01T00:35:08.7632900Z</when>
        <gx:coord>12.689681 51.267292 663.276</gx:coord>
        <when>2025-01-01T00:35:13.7632900Z</when>
        <gx:coord>12.692965 51.2665 664.8</gx:coord>
        <when>2025-01-01T00:35:18.7632900Z</when>
        <gx:coord>12.695152 51.266006 666.32404</gx:coord>
        <when>2025-01-01T00:35:23.7632900Z</when>
        <gx:coord>12.698414 51.265274 669.372</gx:coord>
        <when>2025-01-01T00:35:27.1122900Z</when>
        <gx:coord>12.7006035 51.264824 670.896</gx:coord>
        <when>2025-01-01T00:35:28.7632900Z</when>
        <gx:coord>12.7006035 51.264824 670.896</gx:coord>
        <when>2025-01-01T00:35:33.7632900Z</when>
        <gx:coord>12.703865 51.26416 672.42</gx:coord>
        <when>2025-01-01T00:35:37.1252900Z</when>
        <gx:coord>12.706032 51.263664 672.42</gx:coord>
        <when>2025-01-01T00:35:38.7632900Z</when>
        <gx:coord>12.706032 51.263664 670.896</gx:coord>
        <when>2025-01-01T00:35:43.7632900Z</when>
        <gx:coord>12.709293 51.262917 669.372</gx:coord>
        <when>2025-01-01T00:35:48.7632900Z</when>
        <gx:coord>12.711439 51.26238 669.372</gx:coord>
        <when>2025-01-01T00:35:53.7982900Z</when>
        <gx:coord>12.71468 51.261543 669.372</gx:coord>
        <when>2025-01-01T00:35:58.7642900Z</when>
        <gx:coord>12.716846 51.260983 669.372</gx:coord>
        <when>2025-01-01T00:36:03.7642900Z</when>
        <gx:coord>12.720108 51.260147 669.372</gx:coord>
        <when>2025-01-01T00:36:08.7642900Z</when>
        <gx:coord>12.722319 51.25961 669.372</gx:coord>
        <when>2025-01-01T00:36:13.7642900Z</when>
        <gx:coord>12.725666 51.25884 669.372</gx:coord>
        <when>2025-01-01T00:36:18.7642900Z</when>
        <gx:coord>12.727898 51.258347 667.8481</gx:coord>
        <when>2025-01-01T00:36:23.1242900Z</when>
        <gx:coord>12.731245 51.257614 667.8481</gx:coord>
        <when>2025-01-01T00:36:23.7642900Z</when>
        <gx:coord>12.731245 51.257614 669.372</gx:coord>
        <when>2025-01-01T00:36:28.7642900Z</when>
        <gx:coord>12.733455 51.257122 667.8481</gx:coord>
        <when>2025-01-01T00:36:33.7642900Z</when>
        <gx:coord>12.736738 51.25633 666.32404</gx:coord>
        <when>2025-01-01T00:36:38.7652900Z</when>
        <gx:coord>12.738948 51.25579 664.8</gx:coord>
        <when>2025-01-01T00:36:43.7652900Z</when>
        <gx:coord>12.742295 51.25502 661.7521</gx:coord>
        <when>2025-01-01T00:36:48.7652900Z</when>
        <gx:coord>12.744549 51.254505 661.7521</gx:coord>
        <when>2025-01-01T00:36:53.7932900Z</when>
        <gx:coord>12.747896 51.25369 660.2281</gx:coord>
        <when>2025-01-01T00:36:58.7652900Z</when>
        <gx:coord>12.750106 51.25311 668.388</gx:coord>
        <when>2025-01-01T00:37:03.7652900Z</when>
        <gx:coord>12.753389 51.25225 668.388</gx:coord>
        <when>2025-01-01T00:37:08.7652900Z</when>
        <gx:coord>12.755577 51.251694 668.388</gx:coord>
        <when>2025-01-01T00:37:09.1282900Z</when>
        <gx:coord>12.756672 51.251415 668.388</gx:coord>
        <when>2025-01-01T00:37:13.7652900Z</when>
        <gx:coord>12.758861 51.250877 665.34</gx:coord>
        <when>2025-01-01T00:37:18.7652900Z</when>
        <gx:coord>12.761049 51.25032 662.292</gx:coord>
        <when>2025-01-01T00:37:23.7652900Z</when>
        <gx:coord>12.764376 51.24948 650.454</gx:coord>
        <when>2025-01-01T00:37:28.7652900Z</when>
        <gx:coord>12.766563 51.248924 651.9781</gx:coord>
        <when>2025-01-01T00:37:33.7652900Z</when>
        <gx:coord>12.769847 51.24809 655.026</gx:coord>
        <when>2025-01-01T00:37:38.7662900Z</when>
        <gx:coord>12.772057 51.24755 656.55</gx:coord>
        <when>2025-01-01T00:37:43.7662900Z</when>
        <gx:coord>12.775318 51.246735 661.122</gx:coord>
        <when>2025-01-01T00:37:48.7662900Z</when>
        <gx:coord>12.777486 51.246178 662.646</gx:coord>
        <when>2025-01-01T00:37:53.8032900Z</when>
        <gx:coord>12.7807045 51.24536 667.218</gx:coord>
        <when>2025-01-01T00:37:55.1222900Z</when>
        <gx:coord>12.781777 51.245106 667.218</gx:coord>
        <when>2025-01-01T00:37:58.7662900Z</when>
        <gx:coord>12.782829 51.244846 670.266</gx:coord>
        <when>2025-01-01T00:38:03.7662900Z</when>
        <gx:coord>12.786005 51.244053 671.79</gx:coord>
        <when>2025-01-01T00:38:08.7662900Z</when>
        <gx:coord>12.788129 51.24352 671.79</gx:coord>
        <when>2025-01-01T00:38:13.7662900Z</when>
        <gx:coord>12.7913265 51.242744 673.3141</gx:coord>
        <when>2025-01-01T00:38:18.7662900Z</when>
        <gx:coord>12.793472 51.242252 676.362</gx:coord>
        <when>2025-01-01T00:38:23.7662900Z</when>
        <gx:coord>12.796712 51.241543 677.886</gx:coord>
        <when>2025-01-01T00:38:28.7672900Z</when>
        <gx:coord>12.79888 51.24107 677.886</gx:coord>
        <when>2025-01-01T00:38:33.7672900Z</when>
        <gx:coord>12.802162 51.240406 680.934</gx:coord>
        <when>2025-01-01T00:38:38.7662900Z</when>
        <gx:coord>12.804351 51.239933 680.934</gx:coord>
        <when>2025-01-01T00:38:43.1132900Z</when>
        <gx:coord>12.807634 51.239227 680.934</gx:coord>
        <when>2025-01-01T00:38:43.7672900Z</when>
        <gx:coord>12.807634 51.239227 682.458</gx:coord>
        <when>2025-01-01T00:38:48.7672900Z</when>
        <gx:coord>12.809822 51.238754 680.934</gx:coord>
        <when>2025-01-01T00:38:53.8042900Z</when>
        <gx:coord>12.8131485 51.238003 682.458</gx:coord>
        <when>2025-01-01T00:38:58.7672900Z</when>
        <gx:coord>12.815337 51.23751 682.458</gx:coord>
        <when>2025-01-01T00:39:03.7662900Z</when>
        <gx:coord>12.818599 51.236717 682.458</gx:coord>
        <when>2025-01-01T00:39:08.7672900Z</when>
        <gx:coord>12.820787 51.2362 682.458</gx:coord>
        <when>2025-01-01T00:39:13.7672900Z</when>
        <gx:coord>12.824028 51.235386 683.982</gx:coord>
        <when>2025-01-01T00:39:18.7672900Z</when>
        <gx:coord>12.826174 51.234848 685.506</gx:coord>
        <when>2025-01-01T00:39:23.7672900Z</when>
        <gx:coord>12.8293705 51.23403 685.506</gx:coord>
        <when>2025-01-01T00:39:28.7682900Z</when>
        <gx:coord>12.831516 51.233498 683.982</gx:coord>
        <when>2025-01-01T00:39:29.1252900Z</when>
        <gx:coord>12.832611 51.23322 683.982</gx:coord>
        <when>2025-01-01T00:39:33.7682900Z</when>
        <gx:coord>12.834799 51.23264 674.838</gx:coord>
        <when>2025-01-01T00:39:38.7682900Z</when>
        <gx:coord>12.837009 51.232037 673.3141</gx:coord>
        <when>2025-01-01T00:39:43.7782900Z</when>
        <gx:coord>12.840292 51.23107 671.79</gx:coord>
        <when>2025-01-01T00:39:48.7682900Z</when>
        <gx:coord>12.84246 51.230427 671.79</gx:coord>
        <when>2025-01-01T00:39:53.7792900Z</when>
        <gx:coord>12.845743 51.229507 673.3141</gx:coord>
        <when>2025-01-01T00:39:58.7682900Z</when>
        <gx:coord>12.847931 51.228928 673.3141</gx:coord>
        <when>2025-01-01T00:40:03.7682900Z</when>
        <gx:coord>12.851192 51.22807 674.838</gx:coord>
        <when>2025-01-01T00:40:08.7682900Z</when>
        <gx:coord>12.85336 51.227467 674.838</gx:coord>
        <when>2025-01-01T00:40:13.7682900Z</when>
        <gx:coord>12.856579 51.226585 676.362</gx:coord>
        <when>2025-01-01T00:40:15.1242900Z</when>
        <gx:coord>12.85763 51.226288 676.362</gx:coord>
        <when>2025-01-01T00:40:18.7682900Z</when>
        <gx:coord>12.858704 51.225986 677.886</gx:coord>
        <when>2025-01-01T00:40:23.7682900Z</when>
        <gx:coord>12.861857 51.225086 677.886</gx:coord>
        <when>2025-01-01T00:40:28.7692900Z</when>
        <gx:coord>12.863981 51.224506 677.886</gx:coord>
        <when>2025-01-01T00:40:33.7692900Z</when>
        <gx:coord>12.867222 51.22369 676.362</gx:coord>
        <when>2025-01-01T00:40:38.7692900Z</when>
        <gx:coord>12.8694105 51.223152 676.362</gx:coord>
        <when>2025-01-01T00:40:43.7692900Z</when>
        <gx:coord>12.872694 51.22234 674.838</gx:coord>
        <when>2025-01-01T00:40:48.7692900Z</when>
        <gx:coord>12.874904 51.22178 673.3141</gx:coord>
        <when>2025-01-01T00:40:53.8042900Z</when>
        <gx:coord>12.878229 51.220943 674.838</gx:coord>
        <when>2025-01-01T00:40:58.7692900Z</when>
        <gx:coord>12.88044 51.220387 674.838</gx:coord>
        <when>2025-01-01T00:41:01.1212900Z</when>
        <gx:coord>12.882671 51.21985 674.838</gx:coord>
        <when>2025-01-01T00:41:03.7692900Z</when>
        <gx:coord>12.883766 51.21957 676.362</gx:coord>
        <when>2025-01-01T00:41:08.7692900Z</when>
        <gx:coord>12.885976 51.219032 677.886</gx:coord>
        <when>2025-01-01T00:41:13.7702900Z</when>
        <gx:coord>12.88928 51.21826 677.886</gx:coord>
        <when>2025-01-01T00:41:18.7702900Z</when>
        <gx:coord>12.891447 51.217724 677.886</gx:coord>
        <when>2025-01-01T00:41:23.7702900Z</when>
        <gx:coord>12.894709 51.21691 676.362</gx:coord>
        <when>2025-01-01T00:41:28.7692900Z</when>
        <gx:coord>12.896919 51.21635 674.838</gx:coord>
        <when>2025-01-01T00:41:33.7702900Z</when>
        <gx:coord>12.900224 51.21545 673.3141</gx:coord>
        <when>2025-01-01T00:41:38.7692900Z</when>
        <gx:coord>12.902433 51.214893 676.362</gx:coord>
        <when>2025-01-01T00:41:43.7702900Z</when>
        <gx:coord>12.90576 51.214058 677.886</gx:coord>
        <when>2025-01-01T00:41:47.1242900Z</when>
        <gx:coord>12.90797 51.21352 679.4101</gx:coord>
        <when>2025-01-01T00:41:48.7702900Z</when>
        <gx:coord>12.90797 51.21352 679.4101</gx:coord>
        <when>2025-01-01T00:41:53.8072900Z</when>
        <gx:coord>12.911318 51.212746 677.886</gx:coord>
        <when>2025-01-01T00:41:58.7702900Z</when>
        <gx:coord>12.913549 51.21221 677.886</gx:coord>
        <when>2025-01-01T00:42:03.7702900Z</when>
        <gx:coord>12.916897 51.21142 682.458</gx:coord>
        <when>2025-01-01T00:42:08.7712900Z</when>
        <gx:coord>12.919149 51.210857 679.4101</gx:coord>
        <when>2025-01-01T00:42:13.7712900Z</when>
        <gx:coord>12.92254 51.210064 676.362</gx:coord>
        <when>2025-01-01T00:42:18.7712900Z</when>
        <gx:coord>12.924835 51.20953 676.362</gx:coord>
        <when>2025-01-01T00:42:23.7712900Z</when>
        <gx:coord>12.92829 51.208714 674.838</gx:coord>
        <when>2025-01-01T00:42:28.7712900Z</when>
        <gx:coord>12.930565 51.208176 676.362</gx:coord>
        <when>2025-01-01T00:42:31.1262900Z</when>
        <gx:coord>12.932839 51.20764 676.362</gx:coord>
        <when>2025-01-01T00:42:33.7712900Z</when>
        <gx:coord>12.933998 51.207382 676.362</gx:coord>
        <when>2025-01-01T00:42:38.7712900Z</when>
        <gx:coord>12.936273 51.206867 676.362</gx:coord>
        <when>2025-01-01T00:42:43.7712900Z</when>
        <gx:coord>12.939684 51.206097 676.362</gx:coord>
        <when>2025-01-01T00:42:48.7712900Z</when>
        <gx:coord>12.94198 51.20558 676.362</gx:coord>
        <when>2025-01-01T00:42:53.8152900Z</when>
        <gx:coord>12.945414 51.204807 674.838</gx:coord>
        <when>2025-01-01T00:42:58.7722900Z</when>
        <gx:coord>12.947731 51.204292 674.838</gx:coord>
        <when>2025-01-01T00:43:03.7722900Z</when>
        <gx:coord>12.951143 51.20354 676.362</gx:coord>
        <when>2025-01-01T00:43:08.7712900Z</when>
        <gx:coord>12.953417 51.20305 677.886</gx:coord>
        <when>2025-01-01T00:43:13.7722900Z</when>
        <gx:coord>12.956786 51.20234 679.4101</gx:coord>
        <when>2025-01-01T00:43:15.1252900Z</when>
        <gx:coord>12.957902 51.202126 679.4101</gx:coord>
        <when>2025-01-01T00:43:18.7722900Z</when>
        <gx:coord>12.95904 51.201912 677.886</gx:coord>
        <when>2025-01-01T00:43:23.7722900Z</when>
        <gx:coord>12.962451 51.201267 679.4101</gx:coord>
        <when>2025-01-01T00:43:28.7722900Z</when>
        <gx:coord>12.964683 51.20086 682.458</gx:coord>
        <when>2025-01-01T00:43:33.7722900Z</when>
        <gx:coord>12.968008 51.20026 683.982</gx:coord>
        <when>2025-01-01T00:43:38.7722900Z</when>
        <gx:coord>12.970262 51.199894 680.934</gx:coord>
        <when>2025-01-01T00:43:43.7722900Z</when>
        <gx:coord>12.973673 51.199295 676.362</gx:coord>
        <when>2025-01-01T00:43:48.7732900Z</when>
        <gx:coord>12.975969 51.198864 673.3141</gx:coord>
        <when>2025-01-01T00:43:53.8072900Z</when>
        <gx:coord>12.979445 51.198135 668.742</gx:coord>
        <when>2025-01-01T00:43:58.7732900Z</when>
        <gx:coord>12.981741 51.197598 667.218</gx:coord>
        <when>2025-01-01T00:44:01.1262900Z</when>
        <gx:coord>12.984016 51.19704 668.742</gx:coord>
        <when>2025-01-01T00:44:03.7732900Z</when>
        <gx:coord>12.985153 51.196762 670.266</gx:coord>
        <when>2025-01-01T00:44:08.7722900Z</when>
        <gx:coord>12.987406 51.196182 668.742</gx:coord>
        <when>2025-01-01T00:44:13.7732900Z</when>
        <gx:coord>12.990797 51.195324 667.218</gx:coord>
        <when>2025-01-01T00:44:18.7732900Z</when>
        <gx:coord>12.993071 51.194744 667.218</gx:coord>
        <when>2025-01-01T00:44:23.7732900Z</when>
        <gx:coord>12.996483 51.193886 665.6941</gx:coord>
        <when>2025-01-01T00:44:28.7732900Z</when>
        <gx:coord>12.998757 51.193306 664.17</gx:coord>
        <when>2025-01-01T00:44:33.7732900Z</when>
        <gx:coord>13.002169 51.192406 671.79</gx:coord>
        <when>2025-01-01T00:44:38.7732900Z</when>
        <gx:coord>13.004422 51.191803 668.742</gx:coord>
        <when>2025-01-01T00:44:43.7742900Z</when>
        <gx:coord>13.0078335 51.19088 665.6941</gx:coord>
        <when>2025-01-01T00:44:45.1242900Z</when>
        <gx:coord>13.008971 51.190536 665.6941</gx:coord>
        <when>2025-01-01T00:44:48.7742900Z</when>
        <gx:coord>13.010109 51.190216 662.646</gx:coord>
        <when>2025-01-01T00:44:53.7822900Z</when>
        <gx:coord>13.013498 51.189228 662.646</gx:coord>
        <when>2025-01-01T00:44:58.7822900Z</when>
        <gx:coord>13.01573 51.188587 662.646</gx:coord>
        <when>2025-01-01T00:45:03.7742900Z</when>
        <gx:coord>13.019099 51.18764 662.646</gx:coord>
        <when>2025-01-01T00:45:08.7742900Z</when>
        <gx:coord>13.021395 51.187042 659.5981</gx:coord>
        <when>2025-01-01T00:45:13.7742900Z</when>
        <gx:coord>13.02485 51.186203 658.074</gx:coord>
        <when>2025-01-01T00:45:18.7742900Z</when>
        <gx:coord>13.027189 51.18567 658.074</gx:coord>
        <when>2025-01-01T00:45:23.7742900Z</when>
        <gx:coord>13.030686 51.184875 656.55</gx:coord>
        <when>2025-01-01T00:45:28.7742900Z</when>
        <gx:coord>13.032982 51.184315 656.55</gx:coord>
        <when>2025-01-01T00:45:29.1252900Z</when>
        <gx:coord>13.034142 51.18406 656.55</gx:coord>
        <when>2025-01-01T00:45:33.7742900Z</when>
        <gx:coord>13.036415 51.183502 656.55</gx:coord>
        <when>2025-01-01T00:45:38.7752900Z</when>
        <gx:coord>13.038691 51.182922 655.026</gx:coord>
        <when>2025-01-01T00:45:43.7752900Z</when>
        <gx:coord>13.042124 51.182106 655.026</gx:coord>
        <when>2025-01-01T00:45:48.7752900Z</when>
        <gx:coord>13.044376 51.18155 653.502</gx:coord>
        <when>2025-01-01T00:45:53.8132900Z</when>
        <gx:coord>13.047767 51.180668 651.9781</gx:coord>
        <when>2025-01-01T00:45:58.7752900Z</when>
        <gx:coord>13.05002 51.180088 650.454</gx:coord>
        <when>2025-01-01T00:46:03.7752900Z</when>
        <gx:coord>13.053368 51.179188 650.454</gx:coord>
        <when>2025-01-01T00:46:08.7752900Z</when>
        <gx:coord>13.055577 51.178585 650.454</gx:coord>
        <when>2025-01-01T00:46:13.1232900Z</when>
        <gx:coord>13.058882 51.177708 653.502</gx:coord>
        <when>2025-01-01T00:46:13.7752900Z</when>
        <gx:coord>13.058882 51.177708 653.502</gx:coord>
        <when>2025-01-01T00:46:18.7752900Z</when>
        <gx:coord>13.06107 51.177128 655.026</gx:coord>
        <when>2025-01-01T00:46:23.7752900Z</when>
        <gx:coord>13.064354 51.176247 655.026</gx:coord>
        <when>2025-01-01T00:46:28.7752900Z</when>
        <gx:coord>13.066564 51.17569 653.502</gx:coord>
        <when>2025-01-01T00:46:33.7762900Z</when>
        <gx:coord>13.069868 51.174896 655.026</gx:coord>
        <when>2025-01-01T00:46:38.7762900Z</when>
        <gx:coord>13.072079 51.17438 656.55</gx:coord>
        <when>2025-01-01T00:46:43.7762900Z</when>
        <gx:coord>13.075382 51.17363 658.074</gx:coord>
        <when>2025-01-01T00:46:48.7762900Z</when>
        <gx:coord>13.077593 51.173115 658.074</gx:coord>
        <when>2025-01-01T00:46:53.8092900Z</when>
        <gx:coord>13.08094 51.172386 658.074</gx:coord>
        <when>2025-01-01T00:46:58.7762900Z</when>
        <gx:coord>13.083172 51.17189 656.55</gx:coord>
        <when>2025-01-01T00:46:59.1272900Z</when>
        <gx:coord>13.084267 51.171635 656.55</gx:coord>
        <when>2025-01-01T00:47:03.7762900Z</when>
        <gx:coord>13.086476 51.171097 664.17</gx:coord>
        <when>2025-01-01T00:47:08.7762900Z</when>
        <gx:coord>13.088686 51.17058 661.122</gx:coord>
        <when>2025-01-01T00:47:13.7762900Z</when>
        <gx:coord>13.092012 51.16977 655.026</gx:coord>
        <when>2025-01-01T00:47:18.7762900Z</when>
        <gx:coord>13.094201 51.16919 653.502</gx:coord>
        <when>2025-01-01T00:47:23.7772900Z</when>
        <gx:coord>13.097441 51.168266 653.502</gx:coord>
        <when>2025-01-01T00:47:28.7772900Z</when>
        <gx:coord>13.0995655 51.167664 655.026</gx:coord>
        <when>2025-01-01T00:47:33.7772900Z</when>
        <gx:coord>13.102762 51.166805 656.55</gx:coord>
        <when>2025-01-01T00:47:38.7772900Z</when>
        <gx:coord>13.104908 51.16627 650.454</gx:coord>
        <when>2025-01-01T00:47:43.7772900Z</when>
        <gx:coord>13.108128 51.165455 651.9781</gx:coord>
        <when>2025-01-01T00:47:45.1192900Z</when>
        <gx:coord>13.109221 51.165176 651.9781</gx:coord>
        <when>2025-01-01T00:47:48.7772900Z</when>
        <gx:coord>13.110315 51.164917 651.9781</gx:coord>
        <when>2025-01-01T00:47:53.8162900Z</when>
        <gx:coord>13.113685 51.164124 648.93</gx:coord>
        <when>2025-01-01T00:47:58.7772900Z</when>
        <gx:coord>13.116024 51.16365 644.3581</gx:coord>
        <when>2025-01-01T00:48:03.1152900Z</when>
        <gx:coord>13.119585 51.162945 639.786</gx:coord>
        <when>2025-01-01T00:48:03.7772900Z</when>
        <gx:coord>13.119585 51.162945 639.786</gx:coord>
        <when>2025-01-01T00:48:08.7782900Z</when>
        <gx:coord>13.12201 51.16243 638.2621</gx:coord>
        <when>2025-01-01T00:48:13.7782900Z</when>
        <gx:coord>13.125615 51.16168 636.738</gx:coord>
        <when>2025-01-01T00:48:18.7782900Z</when>
        <gx:coord>13.128018 51.161186 635.214</gx:coord>
        <when>2025-01-01T00:48:23.7782900Z</when>
        <gx:coord>13.131601 51.16052 632.166</gx:coord>
        <when>2025-01-01T00:48:28.7782900Z</when>
        <gx:coord>13.133984 51.160133 635.214</gx:coord>
        <when>2025-01-01T00:48:29.1252900Z</when>
        <gx:coord>13.135185 51.15996 635.214</gx:coord>
        <when>2025-01-01T00:48:33.1072900Z</when>
        <gx:coord>13.136366 51.15979 636.738</gx:coord>
        <when>2025-01-01T00:48:33.1082900Z</when>
        <gx:coord>13.136366 51.15979 636.738</gx:coord>
        <when>2025-01-01T00:48:33.7782900Z</when>
        <gx:coord>13.137546 51.159683 639.786</gx:coord>
        <when>2025-01-01T00:48:38.7782900Z</when>
        <gx:coord>13.139863 51.159595 645.882</gx:coord>
        <when>2025-01-01T00:48:39.0992900Z</when>
        <gx:coord>13.139863 51.159595 645.882</gx:coord>
        <when>2025-01-01T00:48:43.7792900Z</when>
        <gx:coord>13.143188 51.159897 651.9781</gx:coord>
        <when>2025-01-01T00:48:48.7782900Z</when>
        <gx:coord>13.145399 51.160263 645.882</gx:coord>
        <when>2025-01-01T00:48:53.8042900Z</when>
        <gx:coord>13.148811 51.160797 642.834</gx:coord>
        <when>2025-01-01T00:48:58.7912900Z</when>
        <gx:coord>13.151085 51.16112 642.834</gx:coord>
        <when>2025-01-01T00:49:03.7932900Z</when>
        <gx:coord>13.154604 51.16142 642.834</gx:coord>
        <when>2025-01-01T00:49:08.7792900Z</when>
        <gx:coord>13.156986 51.16157 644.3581</gx:coord>
        <when>2025-01-01T00:49:13.7922900Z</when>
        <gx:coord>13.160591 51.161808 645.882</gx:coord>
        <when>2025-01-01T00:49:15.1222900Z</when>
        <gx:coord>13.161793 51.161873 645.882</gx:coord>
        <when>2025-01-01T00:49:18.7792900Z</when>
        <gx:coord>13.162994 51.161934 647.406</gx:coord>
        <when>2025-01-01T00:49:23.7782900Z</when>
        <gx:coord>13.166664 51.16204 645.882</gx:coord>
        <when>2025-01-01T00:49:28.7792900Z</when>
        <gx:coord>13.169109 51.162086 638.2621</gx:coord>
        <when>2025-01-01T00:49:33.7792900Z</when>
        <gx:coord>13.172779 51.162106 639.786</gx:coord>
        <when>2025-01-01T00:49:38.7792900Z</when>
        <gx:coord>13.175225 51.16213 641.31</gx:coord>
        <when>2025-01-01T00:49:43.7792900Z</when>
        <gx:coord>13.178873 51.16217 644.3581</gx:coord>
        <when>2025-01-01T00:49:48.7792900Z</when>
        <gx:coord>13.181297 51.162216 644.3581</gx:coord>
        <when>2025-01-01T00:49:53.8202900Z</when>
        <gx:coord>13.184946 51.162277 645.882</gx:coord>
        <when>2025-01-01T00:49:58.7802900Z</when>
        <gx:coord>13.18737 51.162323 645.882</gx:coord>
        <when>2025-01-01T00:49:59.1172900Z</when>
        <gx:coord>13.188572 51.162342 645.882</gx:coord>
        <when>2025-01-01T00:50:03.7802900Z</when>
        <gx:coord>13.190996 51.16243 647.406</gx:coord>
        <when>2025-01-01T00:50:08.7802900Z</when>
        <gx:coord>13.193421 51.162514 648.93</gx:coord>
        <when>2025-01-01T00:50:13.7802900Z</when>
        <gx:coord>13.197069 51.16262 648.93</gx:coord>
        <when>2025-01-01T00:50:18.7802900Z</when>
        <gx:coord>13.199493 51.162685 648.93</gx:coord>
        <when>2025-01-01T00:50:23.7802900Z</when>
        <gx:coord>13.203098 51.162792 651.9781</gx:coord>
        <when>2025-01-01T00:50:28.7802900Z</when>
        <gx:coord>13.205502 51.16292 651.9781</gx:coord>
        <when>2025-01-01T00:50:33.7802900Z</when>
        <gx:coord>13.209128 51.163094 648.93</gx:coord>
        <when>2025-01-01T00:50:38.7802900Z</when>
        <gx:coord>13.211575 51.1632 648.93</gx:coord>
        <when>2025-01-01T00:50:43.1182900Z</when>
        <gx:coord>13.215265 51.163307 647.406</gx:coord>
        <when>2025-01-01T00:50:43.7812900Z</when>
        <gx:coord>13.215265 51.163307 647.406</gx:coord>
        <when>2025-01-01T00:50:48.7812900Z</when>
        <gx:coord>13.217733 51.163353 644.3581</gx:coord>
        <when>2025-01-01T00:50:53.8242900Z</when>
        <gx:coord>13.221445 51.163437 641.31</gx:coord>
        <when>2025-01-01T00:50:58.7812900Z</when>
        <gx:coord>13.223913 51.163525 642.834</gx:coord>
        <when>2025-01-01T00:51:03.7812900Z</when>
        <gx:coord>13.227604 51.163673 645.882</gx:coord>
        <when>2025-01-01T00:51:08.7812900Z</when>
        <gx:coord>13.230028 51.16378 645.882</gx:coord>
        <when>2025-01-01T00:51:13.7812900Z</when>
        <gx:coord>13.233612 51.163975 648.93</gx:coord>
        <when>2025-01-01T00:51:18.7812900Z</when>
        <gx:coord>13.235993 51.164124 650.454</gx:coord>
        <when>2025-01-01T00:51:23.7812900Z</when>
        <gx:coord>13.2394905 51.16436 653.502</gx:coord>
        <when>2025-01-01T00:51:27.1172900Z</when>
        <gx:coord>13.24183 51.16449 655.026</gx:coord>
        <when>2025-01-01T00:51:28.7812900Z</when>
        <gx:coord>13.24183 51.16449 656.55</gx:coord>
        <when>2025-01-01T00:51:33.7822900Z</when>
        <gx:coord>13.245285 51.16477 658.074</gx:coord>
        <when>2025-01-01T00:51:38.7822900Z</when>
        <gx:coord>13.247623 51.16498 658.074</gx:coord>
        <when>2025-01-01T00:51:43.7812900Z</when>
        <gx:coord>13.2511635 51.16526 644.3581</gx:coord>
        <when>2025-01-01T00:51:48.7812900Z</when>
        <gx:coord>13.253567 51.16552 641.75</gx:coord>
        <when>2025-01-01T00:51:53.8322900Z</when>
        <gx:coord>13.2572365 51.165863 637.178</gx:coord>
        <when>2025-01-01T00:51:58.7822900Z</when>
        <gx:coord>13.259726 51.166035 634.13</gx:coord>
        <when>2025-01-01T00:52:03.7822900Z</when>
        <gx:coord>13.263502 51.16627 632.606</gx:coord>
        <when>2025-01-01T00:52:08.7872900Z</when>
        <gx:coord>13.265991 51.166397 634.13</gx:coord>
        <when>2025-01-01T00:52:11.1182900Z</when>
        <gx:coord>13.268459 51.166527 635.654</gx:coord>
        <when>2025-01-01T00:52:13.7832900Z</when>
        <gx:coord>13.269682 51.16657 638.702</gx:coord>
        <when>2025-01-01T00:52:18.7822900Z</when>
        <gx:coord>13.272106 51.166656 649.37</gx:coord>
        <when>2025-01-01T00:52:23.7822900Z</when>
        <gx:coord>13.27569 51.166805 649.37</gx:coord>
        <when>2025-01-01T00:52:28.7832900Z</when>
        <gx:coord>13.278114 51.166912 647.846</gx:coord>
        <when>2025-01-01T00:52:33.7832900Z</when>
        <gx:coord>13.281805 51.16704 641.75</gx:coord>
        <when>2025-01-01T00:52:38.7832900Z</when>
        <gx:coord>13.284273 51.167107 640.226</gx:coord>
        <when>2025-01-01T00:52:43.7832900Z</when>
        <gx:coord>13.288007 51.16728 638.702</gx:coord>
        <when>2025-01-01T00:52:48.7832900Z</when>
        <gx:coord>13.290496 51.167385 635.654</gx:coord>
        <when>2025-01-01T00:52:53.8282900Z</when>
        <gx:coord>13.2942505 51.167534 631.08203</gx:coord>
        <when>2025-01-01T00:52:55.1212900Z</when>
        <gx:coord>13.295496 51.16758 631.08203</gx:coord>
        <when>2025-01-01T00:52:58.7832900Z</when>
        <gx:coord>13.2967615 51.167645 629.558</gx:coord>
        <when>2025-01-01T00:53:03.7832900Z</when>
        <gx:coord>13.300474 51.167877 631.08203</gx:coord>
        <when>2025-01-01T00:53:08.7832900Z</when>
        <gx:coord>13.302919 51.168053 634.13</gx:coord>
        <when>2025-01-01T00:53:13.7842900Z</when>
        <gx:coord>13.306503 51.168285 641.75</gx:coord>
        <when>2025-01-01T00:53:18.7842900Z</when>
        <gx:coord>13.308864 51.168457 640.226</gx:coord>
        <when>2025-01-01T00:53:23.7832900Z</when>
        <gx:coord>13.312426 51.16861 638.702</gx:coord>
        <when>2025-01-01T00:53:28.7842900Z</when>
        <gx:coord>13.314786 51.168716 638.702</gx:coord>
        <when>2025-01-01T00:53:33.7842900Z</when>
        <gx:coord>13.318369 51.168907 635.654</gx:coord>
        <when>2025-01-01T00:53:38.7842900Z</when>
        <gx:coord>13.320772 51.169018 632.606</gx:coord>
        <when>2025-01-01T00:53:39.1172900Z</when>
        <gx:coord>13.321974 51.16906 632.606</gx:coord>
        <when>2025-01-01T00:53:43.7842900Z</when>
        <gx:coord>13.324356 51.169144 632.606</gx:coord>
        <when>2025-01-01T00:53:48.7842900Z</when>
        <gx:coord>13.326716 51.169273 634.13</gx:coord>
        <when>2025-01-01T00:53:53.8232900Z</when>
        <gx:coord>13.330214 51.16951 637.178</gx:coord>
        <when>2025-01-01T00:53:58.7852900Z</when>
        <gx:coord>13.332489 51.169724 638.702</gx:coord>
        <when>2025-01-01T00:54:03.7852900Z</when>
        <gx:coord>13.335878 51.170067 649.37</gx:coord>
        <when>2025-01-01T00:54:08.7852900Z</when>
        <gx:coord>13.338154 51.170303 650.894</gx:coord>
        <when>2025-01-01T00:54:13.7852900Z</when>
        <gx:coord>13.341522 51.17058 650.894</gx:coord>
        <when>2025-01-01T00:54:18.7852900Z</when>
        <gx:coord>13.343797 51.17071 650.894</gx:coord>
        <when>2025-01-01T00:54:23.7852900Z</when>
        <gx:coord>13.34723 51.170883 650.894</gx:coord>
        <when>2025-01-01T00:54:25.1152900Z</when>
        <gx:coord>13.348389 51.170906 650.894</gx:coord>
        <when>2025-01-01T00:54:28.7852900Z</when>
        <gx:coord>13.349525 51.170967 653.942</gx:coord>
        <when>2025-01-01T00:54:33.7852900Z</when>
        <gx:coord>13.352938 51.171185 655.466</gx:coord>
        <when>2025-01-01T00:54:38.7852900Z</when>
        <gx:coord>13.355234 51.171333 653.942</gx:coord>
        <when>2025-01-01T00:54:43.7852900Z</when>
        <gx:coord>13.358731 51.171528 652.418</gx:coord>
        <when>2025-01-01T00:54:48.7862900Z</when>
        <gx:coord>13.361049 51.17161 652.418</gx:coord>
        <when>2025-01-01T00:54:53.7882900Z</when>
        <gx:coord>13.364546 51.17172 655.466</gx:coord>
        <when>2025-01-01T00:54:58.7862900Z</when>
        <gx:coord>13.366842 51.171806 658.51404</gx:coord>
        <when>2025-01-01T00:55:03.7852900Z</when>
        <gx:coord>13.3702545 51.171936 661.562</gx:coord>
        <when>2025-01-01T00:55:08.7852900Z</when>
        <gx:coord>13.372528 51.172043 660.038</gx:coord>
        <when>2025-01-01T00:55:13.1202900Z</when>
        <gx:coord>13.376005 51.17215 656.99</gx:coord>
        <when>2025-01-01T00:55:13.7862900Z</when>
        <gx:coord>13.376005 51.17215 655.466</gx:coord>
        <when>2025-01-01T00:55:18.7862900Z</when>
        <gx:coord>13.378344 51.172234 653.942</gx:coord>
        <when>2025-01-01T00:55:23.7852900Z</when>
        <gx:coord>13.381863 51.172405 650.894</gx:coord>
        <when>2025-01-01T00:55:28.7862900Z</when>
        <gx:coord>13.384223 51.17247 649.37</gx:coord>
        <when>2025-01-01T00:55:33.7862900Z</when>
        <gx:coord>13.387785 51.172558 647.846</gx:coord>
        <when>2025-01-01T00:55:38.7872900Z</when>
        <gx:coord>13.390145 51.172623 646.322</gx:coord>
        <when>2025-01-01T00:55:43.7872900Z</when>
        <gx:coord>13.393728 51.17264 640.226</gx:coord>
        <when>2025-01-01T00:55:48.7872900Z</when>
        <gx:coord>13.396153 51.172623 637.178</gx:coord>
        <when>2025-01-01T00:55:53.8262900Z</when>
        <gx:coord>13.399758 51.1726 635.654</gx:coord>
        <when>2025-01-01T00:55:58.7872900Z</when>
        <gx:coord>13.402162 51.17264 635.654</gx:coord>
        <when>2025-01-01T00:55:59.1162900Z</when>
        <gx:coord>13.403363 51.172665 635.654</gx:coord>
        <when>2025-01-01T00:56:03.7872900Z</when>
        <gx:coord>13.4057665 51.17275 632.606</gx:coord>
        <when>2025-01-01T00:56:08.7872900Z</when>
        <gx:coord>13.408148 51.172836 632.606</gx:coord>
        <when>2025-01-01T00:56:13.7872900Z</when>
        <gx:coord>13.411732 51.172985 629.558</gx:coord>
        <when>2025-01-01T00:56:18.7872900Z</when>
        <gx:coord>13.414135 51.17309 629.558</gx:coord>
        <when>2025-01-01T00:56:23.7882900Z</when>
        <gx:coord>13.417697 51.17333 638.702</gx:coord>
        <when>2025-01-01T00:56:28.7882900Z</when>
        <gx:coord>13.420078 51.1735 638.702</gx:coord>
        <when>2025-01-01T00:56:33.7882900Z</when>
        <gx:coord>13.423619 51.173695 637.178</gx:coord>
        <when>2025-01-01T00:56:38.7882900Z</when>
        <gx:coord>13.42598 51.173824 637.178</gx:coord>
        <when>2025-01-01T00:56:43.7882900Z</when>
        <gx:coord>13.429542 51.174057 635.654</gx:coord>
        <when>2025-01-01T00:56:45.1202900Z</when>
        <gx:coord>13.430721 51.174145 635.654</gx:coord>
        <when>2025-01-01T00:56:48.7882900Z</when>
        <gx:coord>13.431902 51.174232 635.654</gx:coord>
        <when>2025-01-01T00:56:53.8272900Z</when>
        <gx:coord>13.435421 51.17453 638.702</gx:coord>
        <when>2025-01-01T00:56:58.7882900Z</when>
        <gx:coord>13.437738 51.174744 640.226</gx:coord>
        <when>2025-01-01T00:57:03.7882900Z</when>
        <gx:coord>13.4412365 51.175026 638.702</gx:coord>
        <when>2025-01-01T00:57:08.7882900Z</when>
        <gx:coord>13.443596 51.175133 635.654</gx:coord>
        <when>2025-01-01T00:57:13.7882900Z</when>
        <gx:coord>13.447201 51.175217 631.08203</gx:coord>
        <when>2025-01-01T00:57:18.7882900Z</when>
        <gx:coord>13.449604 51.17528 629.558</gx:coord>
        <when>2025-01-01T00:57:23.7892900Z</when>
        <gx:coord>13.453231 51.175304 626.51</gx:coord>
        <when>2025-01-01T00:57:28.7892900Z</when>
        <gx:coord>13.455634 51.17528 626.51</gx:coord>
        <when>2025-01-01T00:57:31.1192900Z</when>
        <gx:coord>13.458015 51.175217 626.51</gx:coord>
        <when>2025-01-01T00:57:33.7892900Z</when>
        <gx:coord>13.459196 51.175175 626.51</gx:coord>
        <when>2025-01-01T00:57:38.7892900Z</when>
        <gx:coord>13.461578 51.17511 624.986</gx:coord>
        <when>2025-01-01T00:57:43.7892900Z</when>
        <gx:coord>13.465161 51.175026 623.46204</gx:coord>
        <when>2025-01-01T00:57:48.7892900Z</when>
        <gx:coord>13.467565 51.17498 623.46204</gx:coord>
        <when>2025-01-01T00:57:53.8332900Z</when>
        <gx:coord>13.471148 51.17494 621.938</gx:coord>
        <when>2025-01-01T00:57:58.7892900Z</when>
        <gx:coord>13.47353 51.17492 620.414</gx:coord>
        <when>2025-01-01T00:58:03.7892900Z</when>
        <gx:coord>13.477114 51.174873 618.8901</gx:coord>
        <when>2025-01-01T00:58:08.7902900Z</when>
        <gx:coord>13.479495 51.174854 617.366</gx:coord>
        <when>2025-01-01T00:58:13.7902900Z</when>
        <gx:coord>13.483057 51.17483 618.8901</gx:coord>
        <when>2025-01-01T00:58:17.1182900Z</when>
        <gx:coord>13.485439 51.17483 620.414</gx:coord>
        <when>2025-01-01T00:58:18.7902900Z</when>
        <gx:coord>13.485439 51.17483 618.8901</gx:coord>
        <when>2025-01-01T00:58:23.7902900Z</when>
        <gx:coord>13.489044 51.174854 620.414</gx:coord>
        <when>2025-01-01T00:58:28.7912900Z</when>
        <gx:coord>13.491447 51.174873 621.938</gx:coord>
        <when>2025-01-01T00:58:33.7902900Z</when>
        <gx:coord>13.495008 51.17494 620.414</gx:coord>
        <when>2025-01-01T00:58:38.7902900Z</when>
        <gx:coord>13.497412 51.17498 615.842</gx:coord>
        <when>2025-01-01T00:58:43.7902900Z</when>
        <gx:coord>13.501039 51.175026 618.8901</gx:coord>
        <when>2025-01-01T00:58:48.7902900Z</when>
        <gx:coord>13.503485 51.175045 617.366</gx:coord>
        <when>2025-01-01T00:58:53.8312900Z</when>
        <gx:coord>13.507154 51.175068 617.366</gx:coord>
        <when>2025-01-01T00:58:58.7912900Z</when>
        <gx:coord>13.509558 51.175068 617.366</gx:coord>
        <when>2025-01-01T00:59:03.1122900Z</when>
        <gx:coord>13.513141 51.175068 618.8901</gx:coord>
        <when>2025-01-01T00:59:03.7912900Z</when>
        <gx:coord>13.513141 51.175068 618.8901</gx:coord>
        <when>2025-01-01T00:59:08.7912900Z</when>
        <gx:coord>13.515501 51.175133 618.8901</gx:coord>
        <when>2025-01-01T00:59:13.7912900Z</when>
        <gx:coord>13.519063 51.175262 615.842</gx:coord>
        <when>2025-01-01T00:59:18.7912900Z</when>
        <gx:coord>13.521423 51.175346 618.8901</gx:coord>
        <when>2025-01-01T00:59:23.7912900Z</when>
        <gx:coord>13.524942 51.175518 617.366</gx:coord>
        <when>2025-01-01T00:59:28.7912900Z</when>
        <gx:coord>13.527303 51.175648 615.842</gx:coord>
        <when>2025-01-01T00:59:33.7932900Z</when>
        <gx:coord>13.530865 51.175884 614.318</gx:coord>
        <when>2025-01-01T00:59:38.7912900Z</when>
        <gx:coord>13.533268 51.176056 611.27</gx:coord>
        <when>2025-01-01T00:59:39.1162900Z</when>
        <gx:coord>13.53447 51.176117 608.222</gx:coord>
        <when>2025-01-01T00:59:43.7902900Z</when>
        <gx:coord>13.536916 51.176205 602.12604</gx:coord>
        <when>2025-01-01T00:59:48.7912900Z</when>
        <gx:coord>13.539362 51.17627 596.03</gx:coord>
        <when>2025-01-01T00:59:49.1142900Z</when>
        <gx:coord>13.5406065 51.17631 596.03</gx:coord>
        <when>2025-01-01T00:59:53.8362900Z</when>
        <gx:coord>13.543074 51.176376 591.458</gx:coord>
        <when>2025-01-01T00:59:58.7922900Z</when>
        <gx:coord>13.545585 51.176376 588.41003</gx:coord>
        <when>2025-01-01T01:00:03.7922900Z</when>
        <gx:coord>13.549383 51.1764 585.362</gx:coord>
        <when>2025-01-01T01:00:08.7922900Z</when>
        <gx:coord>13.551872 51.17642 591.458</gx:coord>
        <when>2025-01-01T01:00:13.7922900Z</when>
        <gx:coord>13.555498 51.1764 594.506</gx:coord>
        <when>2025-01-01T01:00:18.7922900Z</when>
        <gx:coord>13.557837 51.176376 600.602</gx:coord>
        <when>2025-01-01T01:00:23.7922900Z</when>
        <gx:coord>13.561249 51.176483 605.174</gx:coord>
        <when>2025-01-01T01:00:28.7922900Z</when>
        <gx:coord>13.563501 51.176636 603.65</gx:coord>
        <when>2025-01-01T01:00:33.7922900Z</when>
        <gx:coord>13.566893 51.17687 596.03</gx:coord>
        <when>2025-01-01T01:00:35.1132900Z</when>
        <gx:coord>13.56805 51.176956 596.03</gx:coord>
        <when>2025-01-01T01:00:38.7922900Z</when>
        <gx:coord>13.56921 51.177 594.506</gx:coord>
        <when>2025-01-01T01:00:43.7922900Z</when>
        <gx:coord>13.572771 51.177128 596.03</gx:coord>
        <when>2025-01-01T01:00:48.7922900Z</when>
        <gx:coord>13.575196 51.177193 589.934</gx:coord>
        <when>2025-01-01T01:00:53.8382900Z</when>
        <gx:coord>13.578844 51.177258 588.41003</gx:coord>
        <when>2025-01-01T01:00:58.7932900Z</when>
        <gx:coord>13.581226 51.177258 591.458</gx:coord>
        <when>2025-01-01T01:01:03.7932900Z</when>
        <gx:coord>13.584766 51.1773 606.698</gx:coord>
        <when>2025-01-01T01:01:08.7922900Z</when>
        <gx:coord>13.587063 51.177322 609.74603</gx:coord>
        <when>2025-01-01T01:01:13.7932900Z</when>
        <gx:coord>13.590538 51.177364 608.222</gx:coord>
        <when>2025-01-01T01:01:18.7932900Z</when>
        <gx:coord>13.592834 51.177383 606.698</gx:coord>
        <when>2025-01-01T01:01:21.1192900Z</when>
        <gx:coord>13.595152 51.17745 606.698</gx:coord>
        <when>2025-01-01T01:01:23.7932900Z</when>
        <gx:coord>13.596311 51.17749 606.698</gx:coord>
        <when>2025-01-01T01:01:28.8322900Z</when>
        <gx:coord>13.598606 51.177513 608.222</gx:coord>
        <when>2025-01-01T01:01:33.7932900Z</when>
        <gx:coord>13.602083 51.177513 605.174</gx:coord>
        <when>2025-01-01T01:01:38.7932900Z</when>
        <gx:coord>13.604401 51.177555 603.65</gx:coord>
        <when>2025-01-01T01:01:43.7942900Z</when>
        <gx:coord>13.607876 51.177643 603.65</gx:coord>
        <when>2025-01-01T01:01:48.7942900Z</when>
        <gx:coord>13.610151 51.177643 605.174</gx:coord>
        <when>2025-01-01T01:01:53.8392900Z</when>
        <gx:coord>13.6136055 51.1776 597.554</gx:coord>
        <when>2025-01-01T01:01:58.7942900Z</when>
        <gx:coord>13.615923 51.177536 596.03</gx:coord>
        <when>2025-01-01T01:02:03.7942900Z</when>
        <gx:coord>13.619377 51.17743 594.506</gx:coord>
        <when>2025-01-01T01:02:08.8302900Z</when>
        <gx:coord>13.621674 51.177383 594.506</gx:coord>
        <when>2025-01-01T01:02:09.1212900Z</when>
        <gx:coord>13.62281 51.17734 594.506</gx:coord>
        <when>2025-01-01T01:02:13.8292900Z</when>
        <gx:coord>13.625064 51.177258 591.458</gx:coord>
        <when>2025-01-01T01:02:18.8322900Z</when>
        <gx:coord>13.627381 51.17717 586.886</gx:coord>
        <when>2025-01-01T01:02:21.0992900Z</when>
        <gx:coord>13.62854 51.177128 585.362</gx:coord>
        <when>2025-01-01T01:02:23.7942900Z</when>
        <gx:coord>13.630922 51.177 583.838</gx:coord>
        <when>2025-01-01T01:02:28.7942900Z</when>
        <gx:coord>13.633304 51.17685 580.79</gx:coord>
        <when>2025-01-01T01:02:33.7952900Z</when>
        <gx:coord>13.636845 51.176548 580.79</gx:coord>
        <when>2025-01-01T01:02:38.7952900Z</when>
        <gx:coord>13.639183 51.176376 580.79</gx:coord>
        <when>2025-01-01T01:02:43.7952900Z</when>
        <gx:coord>13.642659 51.176163 582.314</gx:coord>
        <when>2025-01-01T01:02:48.7952900Z</when>
        <gx:coord>13.64502 51.176056 582.314</gx:coord>
        <when>2025-01-01T01:02:53.8132900Z</when>
        <gx:coord>13.6485815 51.17595 583.838</gx:coord>
        <when>2025-01-01T01:02:55.1412900Z</when>
        <gx:coord>13.649761 51.175903 583.838</gx:coord>
        <when>2025-01-01T01:02:58.7952900Z</when>
        <gx:coord>13.650921 51.17586 592.982</gx:coord>
        <when>2025-01-01T01:03:03.7952900Z</when>
        <gx:coord>13.65431 51.175713 594.506</gx:coord>
        <when>2025-01-01T01:03:08.8172900Z</when>
        <gx:coord>13.65665 51.175625 594.506</gx:coord>
        <when>2025-01-01T01:03:13.7962900Z</when>
        <gx:coord>13.660169 51.175518 596.03</gx:coord>
        <when>2025-01-01T01:03:18.7962900Z</when>
        <gx:coord>13.66255 51.17541 597.554</gx:coord>
        <when>2025-01-01T01:03:23.7952900Z</when>
        <gx:coord>13.666027 51.175198 603.65</gx:coord>
        <when>2025-01-01T01:03:28.7962900Z</when>
        <gx:coord>13.6683655 51.175087 612.794</gx:coord>
        <when>2025-01-01T01:03:33.2422900Z</when>
        <gx:coord>13.671949 51.17496 608.222</gx:coord>
        <when>2025-01-01T01:03:33.7962900Z</when>
        <gx:coord>13.671949 51.17496 608.222</gx:coord>
        <when>2025-01-01T01:03:38.7962900Z</when>
        <gx:coord>13.674331 51.174854 609.74603</gx:coord>
        <when>2025-01-01T01:03:41.1192900Z</when>
        <gx:coord>13.676712 51.174767 609.74603</gx:coord>
        <when>2025-01-01T01:03:43.7962900Z</when>
        <gx:coord>13.677893 51.174725 609.74603</gx:coord>
        <when>2025-01-01T01:03:48.7962900Z</when>
        <gx:coord>13.680253 51.174637 609.74603</gx:coord>
        <when>2025-01-01T01:03:53.8352900Z</when>
        <gx:coord>13.683815 51.17436 606.698</gx:coord>
        <when>2025-01-01T01:03:57.1102900Z</when>
        <gx:coord>13.684974 51.174187 605.174</gx:coord>
        <when>2025-01-01T01:03:58.8432900Z</when>
        <gx:coord>13.686111 51.17393 605.174</gx:coord>
        <when>2025-01-01T01:04:03.1112900Z</when>
        <gx:coord>13.688278 51.173264 599.078</gx:coord>
        <when>2025-01-01T01:04:03.7992900Z</when>
        <gx:coord>13.689329 51.17288 596.03</gx:coord>
        <when>2025-01-01T01:04:08.7972900Z</when>
        <gx:coord>13.691433 51.17202 588.41003</gx:coord>
        <when>2025-01-01T01:04:13.7972900Z</when>
        <gx:coord>13.694609 51.17069 580.79</gx:coord>
        <when>2025-01-01T01:04:15.1162900Z</when>
        <gx:coord>13.695639 51.17022 577.742</gx:coord>
        <when>2025-01-01T01:04:18.7972900Z</when>
        <gx:coord>13.696647 51.169724 576.218</gx:coord>
        <when>2025-01-01T01:04:23.1122900Z</when>
        <gx:coord>13.698599 51.168674 574.69403</gx:coord>
        <when>2025-01-01T01:04:23.7972900Z</when>
        <gx:coord>13.699522 51.168114 576.218</gx:coord>
        <when>2025-01-01T01:04:27.1172900Z</when>
        <gx:coord>13.701282 51.167023 577.742</gx:coord>
        <when>2025-01-01T01:04:28.7972900Z</when>
        <gx:coord>13.701282 51.167023 577.742</gx:coord>
        <when>2025-01-01T01:04:33.7972900Z</when>
        <gx:coord>13.704006 51.16539 573.17</gx:coord>
        <when>2025-01-01T01:04:38.7972900Z</when>
        <gx:coord>13.7058735 51.164337 576.218</gx:coord>
        <when>2025-01-01T01:04:43.7972900Z</when>
        <gx:coord>13.70862 51.162685 573.17</gx:coord>
        <when>2025-01-01T01:04:48.7972900Z</when>
        <gx:coord>13.710358 51.16159 573.17</gx:coord>
        <when>2025-01-01T01:04:53.8332900Z</when>
        <gx:coord>13.71304 51.15992 568.598</gx:coord>
        <when>2025-01-01T01:04:58.7982900Z</when>
        <gx:coord>13.714907 51.158825 573.17</gx:coord>
        <when>2025-01-01T01:05:03.7982900Z</when>
        <gx:coord>13.717567 51.15715 571.646</gx:coord>
        <when>2025-01-01T01:05:08.7982900Z</when>
        <gx:coord>13.719306 51.156013 564.026</gx:coord>
        <when>2025-01-01T01:05:11.1152900Z</when>
        <gx:coord>13.72098 51.154854 562.502</gx:coord>
        <when>2025-01-01T01:05:13.7972900Z</when>
        <gx:coord>13.721795 51.154255 559.454</gx:coord>
        <when>2025-01-01T01:05:18.7982900Z</when>
        <gx:coord>13.72334 51.153095 560.978</gx:coord>
        <when>2025-01-01T01:05:23.7982900Z</when>
        <gx:coord>13.725572 51.151356 559.454</gx:coord>
        <when>2025-01-01T01:05:28.7982900Z</when>
        <gx:coord>13.727095 51.15024 557.93</gx:coord>
        <when>2025-01-01T01:05:33.7982900Z</when>
        <gx:coord>13.729477 51.148674 554.882</gx:coord>
        <when>2025-01-01T01:05:38.7992900Z</when>
        <gx:coord>13.730915 51.147514 547.262</gx:coord>
        <when>2025-01-01T01:05:39.0962900Z</when>
        <gx:coord>13.730915 51.147514 547.262</gx:coord>
        <when>2025-01-01T01:05:39.0962900Z</when>
        <gx:coord>13.731537 51.146893 542.69</gx:coord>
        <when>2025-01-01T01:05:43.8022900Z</when>
        <gx:coord>13.732524 51.1455 536.594</gx:coord>
        <when>2025-01-01T01:05:45.1162900Z</when>
        <gx:coord>13.732524 51.1455 536.594</gx:coord>
        <when>2025-01-01T01:05:48.7992900Z</when>
        <gx:coord>13.733103 51.14404 532.02203</gx:coord>
        <when>2025-01-01T01:05:49.1072900Z</when>
        <gx:coord>13.733103 51.14404 532.02203</gx:coord>
        <when>2025-01-01T01:05:53.1152900Z</when>
        <gx:coord>13.733168 51.14256 530.498</gx:coord>
        <when>2025-01-01T01:05:53.8442900Z</when>
        <gx:coord>13.732996 51.14183 530.498</gx:coord>
        <when>2025-01-01T01:05:58.7992900Z</when>
        <gx:coord>13.732309 51.140476 533.546</gx:coord>
        <when>2025-01-01T01:06:01.1092900Z</when>
        <gx:coord>13.731923 51.139835 532.02203</gx:coord>
        <when>2025-01-01T01:06:01.1132900Z</when>
        <gx:coord>13.731602 51.139214 532.02203</gx:coord>
        <when>2025-01-01T01:06:03.7992900Z</when>
        <gx:coord>13.731279 51.13861 535.07</gx:coord>
        <when>2025-01-01T01:06:07.1082900Z</when>
        <gx:coord>13.730936 51.13803 533.546</gx:coord>
        <when>2025-01-01T01:06:08.7992900Z</when>
        <gx:coord>13.730572 51.13745 532.02203</gx:coord>
        <when>2025-01-01T01:06:13.7992900Z</when>
        <gx:coord>13.729391 51.13578 522.878</gx:coord>
        <when>2025-01-01T01:06:18.7992900Z</when>
        <gx:coord>13.728704 51.134598 515.258</gx:coord>
        <when>2025-01-01T01:06:21.1082900Z</when>
        <gx:coord>13.728061 51.133377 510.68604</gx:coord>
        <when>2025-01-01T01:06:23.7992900Z</when>
        <gx:coord>13.727739 51.13275 509.16202</gx:coord>
        <when>2025-01-01T01:06:28.7992900Z</when>
        <gx:coord>13.726795 51.131573 504.59006</gx:coord>
        <when>2025-01-01T01:06:33.7992900Z</when>
        <gx:coord>13.7251425 51.129856 498.49405</gx:coord>
        <when>2025-01-01T01:06:38.8002900Z</when>
        <gx:coord>13.724091 51.12872 501.542</gx:coord>
        <when>2025-01-01T01:06:43.1142900Z</when>
        <gx:coord>13.723512 51.127583 513.734</gx:coord>
        <when>2025-01-01T01:06:43.8002900Z</when>
        <gx:coord>13.723383 51.12702 513.734</gx:coord>
        <when>2025-01-01T01:06:47.1132900Z</when>
        <gx:coord>13.723404 51.126446 512.21</gx:coord>
        <when>2025-01-01T01:06:47.1142900Z</when>
        <gx:coord>13.723404 51.126446 512.21</gx:coord>
        <when>2025-01-01T01:06:48.8002900Z</when>
        <gx:coord>13.723576 51.125908 510.68604</gx:coord>
        <when>2025-01-01T01:06:51.1112900Z</when>
        <gx:coord>13.723855 51.12537 509.16202</gx:coord>
        <when>2025-01-01T01:06:53.8362900Z</when>
        <gx:coord>13.724756 51.12445 504.59006</gx:coord>
        <when>2025-01-01T01:06:55.1112900Z</when>
        <gx:coord>13.724756 51.12445 504.59006</gx:coord>
        <when>2025-01-01T01:06:58.8002900Z</when>
        <gx:coord>13.726023 51.123653 492.398</gx:coord>
        <when>2025-01-01T01:07:03.1132900Z</when>
        <gx:coord>13.728232 51.122517 483.25403</gx:coord>
        <when>2025-01-01T01:07:03.1142900Z</when>
        <gx:coord>13.728232 51.122517 478.682</gx:coord>
        <when>2025-01-01T01:07:03.8002900Z</when>
        <gx:coord>13.728232 51.122517 478.682</gx:coord>
        <when>2025-01-01T01:07:08.8002900Z</when>
        <gx:coord>13.729777 51.121788 468.01404</gx:coord>
        <when>2025-01-01T01:07:13.8002900Z</when>
        <gx:coord>13.732138 51.120716 452.77405</gx:coord>
        <when>2025-01-01T01:07:17.1162900Z</when>
        <gx:coord>13.733662 51.12005 445.15405</gx:coord>
        <when>2025-01-01T01:07:18.8002900Z</when>
        <gx:coord>13.733662 51.12005 445.15405</gx:coord>
        <when>2025-01-01T01:07:19.1082900Z</when>
        <gx:coord>13.733662 51.12005 445.15405</gx:coord>
        <when>2025-01-01T01:07:23.8002900Z</when>
        <gx:coord>13.735979 51.119125 436.01</gx:coord>
        <when>2025-01-01T01:07:25.1112900Z</when>
        <gx:coord>13.735979 51.119125 436.01</gx:coord>
        <when>2025-01-01T01:07:28.8012900Z</when>
        <gx:coord>13.737674 51.11872 426.866</gx:coord>
        <when>2025-01-01T01:07:29.1162900Z</when>
        <gx:coord>13.737674 51.11872 426.866</gx:coord>
        <when>2025-01-01T01:07:31.1182900Z</when>
        <gx:coord>13.739519 51.11855 414.674</gx:coord>
        <when>2025-01-01T01:07:33.8012900Z</when>
        <gx:coord>13.740463 51.11855 407.05405</gx:coord>
        <when>2025-01-01T01:07:35.1162900Z</when>
        <gx:coord>13.740463 51.11855 407.05405</gx:coord>
        <when>2025-01-01T01:07:38.8232900Z</when>
        <gx:coord>13.742394 51.118656 387.242</gx:coord>
        <when>2025-01-01T01:07:39.1102900Z</when>
        <gx:coord>13.7433605 51.118805 376.574</gx:coord>
        <when>2025-01-01T01:07:41.0972900Z</when>
        <gx:coord>13.7433605 51.118805 376.574</gx:coord>
        <when>2025-01-01T01:07:43.1132900Z</when>
        <gx:coord>13.744326 51.119 367.43005</gx:coord>
        <when>2025-01-01T01:07:43.8012900Z</when>
        <gx:coord>13.745291 51.119236 356.76205</gx:coord>
        <when>2025-01-01T01:07:47.1162900Z</when>
        <gx:coord>13.746214 51.119534 350.66602</gx:coord>
        <when>2025-01-01T01:07:47.1162900Z</when>
        <gx:coord>13.747093 51.119858 344.57</gx:coord>
        <when>2025-01-01T01:07:48.8052900Z</when>
        <gx:coord>13.747093 51.119858 344.57</gx:coord>
        <when>2025-01-01T01:07:51.1152900Z</when>
        <gx:coord>13.74791 51.12022 335.426</gx:coord>
        <when>2025-01-01T01:07:53.8312900Z</when>
        <gx:coord>13.749369 51.12106 320.186</gx:coord>
        <when>2025-01-01T01:07:57.1152900Z</when>
        <gx:coord>13.750742 51.121983 311.51202</gx:coord>
        <when>2025-01-01T01:07:58.8012900Z</when>
        <gx:coord>13.750742 51.121983 311.51202</gx:coord>
        <when>2025-01-01T01:08:03.8012900Z</when>
        <gx:coord>13.752737 51.12342 290.17603</gx:coord>
        <when>2025-01-01T01:08:07.1152900Z</when>
        <gx:coord>13.7540245 51.12434 279.508</gx:coord>
        <when>2025-01-01T01:08:08.8022900Z</when>
        <gx:coord>13.7540245 51.12434 279.508</gx:coord>
        <when>2025-01-01T01:08:09.1232900Z</when>
        <gx:coord>13.754668 51.124794 279.508</gx:coord>
        <when>2025-01-01T01:08:13.8012900Z</when>
        <gx:coord>13.755956 51.12567 261.21997</gx:coord>
        <when>2025-01-01T01:08:17.1092900Z</when>
        <gx:coord>13.7572 51.12653 249.028</gx:coord>
        <when>2025-01-01T01:08:18.8022900Z</when>
        <gx:coord>13.7572 51.12653 249.028</gx:coord>
        <when>2025-01-01T01:08:21.1102900Z</when>
        <gx:coord>13.75778 51.12698 244.45602</gx:coord>
        <when>2025-01-01T01:08:23.8022900Z</when>
        <gx:coord>13.758938 51.127796 238.36</gx:coord>
        <when>2025-01-01T01:08:28.8022900Z</when>
        <gx:coord>13.760012 51.12857 238.36</gx:coord>
        <when>2025-01-01T01:08:33.1162900Z</when>
        <gx:coord>13.76102 51.12932 235.312</gx:coord>
        <when>2025-01-01T01:08:33.8022900Z</when>
        <gx:coord>13.761513 51.12966 235.312</gx:coord>
        <when>2025-01-01T01:08:38.8022900Z</when>
        <gx:coord>13.762415 51.13033 233.78802</gx:coord>
        <when>2025-01-01T01:08:43.8022900Z</when>
        <gx:coord>13.763702 51.131207 232.264</gx:coord>
        <when>2025-01-01T01:08:48.8022900Z</when>
        <gx:coord>13.764517 51.13181 232.264</gx:coord>
        <when>2025-01-01T01:08:53.8302900Z</when>
        <gx:coord>13.765762 51.132732 230.74</gx:coord>
        <when>2025-01-01T01:08:55.1142900Z</when>
        <gx:coord>13.765762 51.132732 230.74</gx:coord>
        <when>2025-01-01T01:08:57.1112900Z</when>
        <gx:coord>13.766127 51.133034 230.74</gx:coord>
        <when>2025-01-01T01:08:58.8022900Z</when>
        <gx:coord>13.766449 51.133312 229.21599</gx:coord>
        <when>2025-01-01T01:08:59.0972900Z</when>
        <gx:coord>13.766449 51.133312 229.21599</gx:coord>
        <when>2025-01-01T01:09:03.0912900Z</when>
        <gx:coord>13.766899 51.133675 229.21599</gx:coord>
        <when>2025-01-01T01:09:03.8032900Z</when>
        <gx:coord>13.767006 51.133762 229.21599</gx:coord>
        <when>2025-01-01T01:09:05.1082900Z</when>
        <gx:coord>13.767006 51.133762 229.21599</gx:coord>
        <when>2025-01-01T01:09:07.1062900Z</when>
        <gx:coord>13.767136 51.13378 229.21599</gx:coord>
        <when>2025-01-01T01:09:08.8032900Z</when>
        <gx:coord>13.767242 51.133762 229.21599</gx:coord>
        <when>2025-01-01T01:09:10.1112900Z</when>
        <gx:coord>13.767371 51.13374 229.21599</gx:coord>
        <when>2025-01-01T01:09:11.1072900Z</when>
        <gx:coord>13.767371 51.13374 229.21599</gx:coord>
        <when>2025-01-01T01:09:13.8032900Z</when>
        <gx:coord>13.767651 51.13359 229.21599</gx:coord>
        <when>2025-01-01T01:09:18.8032900Z</when>
        <gx:coord>13.767886 51.13346 227.692</gx:coord>
        <when>2025-01-01T01:09:23.8032900Z</when>
        <gx:coord>13.768208 51.13329 227.692</gx:coord>
        <when>2025-01-01T01:09:28.8022900Z</when>
        <gx:coord>13.768401 51.133183 229.21599</gx:coord>
        <when>2025-01-01T01:09:33.8032900Z</when>
        <gx:coord>13.768595 51.133076 229.21599</gx:coord>
        <when>2025-01-01T01:09:35.1072900Z</when>
        <gx:coord>13.768595 51.133076 229.21599</gx:coord>
        <when>2025-01-01T01:09:38.8032900Z</when>
        <gx:coord>13.768659 51.133034 229.21599</gx:coord>
        <when>2025-01-01T01:09:43.8032900Z</when>
        <gx:coord>13.768723 51.132988 229.21599</gx:coord>
        <when>2025-01-01T01:09:48.8042900Z</when>
        <gx:coord>13.76883 51.132946 229.21599</gx:coord>
        <when>2025-01-01T01:09:53.8312900Z</when>
        <gx:coord>13.769174 51.13275 229.21599</gx:coord>
        <when>2025-01-01T01:09:58.8042900Z</when>
        <gx:coord>13.769409 51.132603 230.74</gx:coord>
        <when>2025-01-01T01:10:03.1042900Z</when>
        <gx:coord>13.769603 51.132515 230.74</gx:coord>
        <when>2025-01-01T01:10:03.8042900Z</when>
        <gx:coord>13.769646 51.132454 230.74</gx:coord>
        <when>2025-01-01T01:10:05.1012900Z</when>
        <gx:coord>13.769646 51.132454 230.74</gx:coord>
        <when>2025-01-01T01:10:08.8042900Z</when>
        <gx:coord>13.769711 51.1323 230.74</gx:coord>
        <when>2025-01-01T01:10:09.1102900Z</when>
        <gx:coord>13.769711 51.1323 230.74</gx:coord>
        <when>2025-01-01T01:10:11.1162900Z</when>
        <gx:coord>13.769711 51.132217 230.74</gx:coord>
        <when>2025-01-01T01:10:13.8042900Z</when>
        <gx:coord>13.769646 51.132088 232.264</gx:coord>
        <when>2025-01-01T01:10:15.1132900Z</when>
        <gx:coord>13.769646 51.132088 232.264</gx:coord>
        <when>2025-01-01T01:10:18.8042900Z</when>
        <gx:coord>13.769517 51.13198 232.264</gx:coord>
        <when>2025-01-01T01:10:23.1112900Z</when>
        <gx:coord>13.769323 51.13183 232.264</gx:coord>
        <when>2025-01-01T01:10:23.8042900Z</when>
        <gx:coord>13.769196 51.131744 232.264</gx:coord>
        <when>2025-01-01T01:10:28.8052900Z</when>
        <gx:coord>13.768894 51.13153 232.264</gx:coord>
        <when>2025-01-01T01:10:33.8052900Z</when>
        <gx:coord>13.768401 51.131165 233.78802</gx:coord>
        <when>2025-01-01T01:10:38.8052900Z</when>
        <gx:coord>13.768122 51.13095 233.78802</gx:coord>
        <when>2025-01-01T01:10:43.8042900Z</when>
        <gx:coord>13.767693 51.13065 233.78802</gx:coord>
        <when>2025-01-01T01:10:48.8052900Z</when>
        <gx:coord>13.767414 51.130455 233.78802</gx:coord>
        <when>2025-01-01T01:10:53.8312900Z</when>
        <gx:coord>13.76705 51.130177 233.78802</gx:coord>
        <when>2025-01-01T01:10:58.8052900Z</when>
        <gx:coord>13.766813 51.130005 233.78802</gx:coord>
        <when>2025-01-01T01:11:03.8052900Z</when>
        <gx:coord>13.766427 51.129726 233.78802</gx:coord>
        <when>2025-01-01T01:11:08.8052900Z</when>
        <gx:coord>13.766212 51.129578 235.312</gx:coord>
        <when>2025-01-01T01:11:13.8052900Z</when>
        <gx:coord>13.765912 51.129364 235.312</gx:coord>
        <when>2025-01-01T01:11:18.8062900Z</when>
        <gx:coord>13.765718 51.12921 235.312</gx:coord>
        <when>2025-01-01T01:11:23.8092900Z</when>
        <gx:coord>13.765397 51.128975 235.312</gx:coord>
        <when>2025-01-01T01:11:28.8062900Z</when>
        <gx:coord>13.7651825 51.128826 235.312</gx:coord>
        <when>2025-01-01T01:11:33.8052900Z</when>
        <gx:coord>13.76486 51.12859 235.312</gx:coord>
        <when>2025-01-01T01:11:38.8062900Z</when>
        <gx:coord>13.764625 51.128418 235.312</gx:coord>
        <when>2025-01-01T01:11:43.8062900Z</when>
        <gx:coord>13.764259 51.128162 235.312</gx:coord>
        <when>2025-01-01T01:11:48.8062900Z</when>
        <gx:coord>13.764024 51.12799 235.312</gx:coord>
        <when>2025-01-01T01:11:53.8302900Z</when>
        <gx:coord>13.763659 51.12771 235.312</gx:coord>
        <when>2025-01-01T01:11:58.8062900Z</when>
        <gx:coord>13.763423 51.12756 235.312</gx:coord>
        <when>2025-01-01T01:12:03.8072900Z</when>
        <gx:coord>13.763102 51.127304 236.83598</gx:coord>
        <when>2025-01-01T01:12:08.8062900Z</when>
        <gx:coord>13.762865 51.12715 236.83598</gx:coord>
        <when>2025-01-01T01:12:13.8072900Z</when>
        <gx:coord>13.762522 51.126896 236.83598</gx:coord>
        <when>2025-01-01T01:12:18.8072900Z</when>
        <gx:coord>13.762264 51.1267 236.83598</gx:coord>
        <when>2025-01-01T01:12:23.8072900Z</when>
        <gx:coord>13.761835 51.1264 236.83598</gx:coord>
        <when>2025-01-01T01:12:28.8072900Z</when>
        <gx:coord>13.761557 51.126186 236.83598</gx:coord>
        <when>2025-01-01T01:12:33.8072900Z</when>
        <gx:coord>13.761148 51.125885 236.83598</gx:coord>
        <when>2025-01-01T01:12:38.8082900Z</when>
        <gx:coord>13.760891 51.125713 238.36</gx:coord>
        <when>2025-01-01T01:12:43.8082900Z</when>
        <gx:coord>13.760548 51.125458 238.36</gx:coord>
        <when>2025-01-01T01:12:48.8082900Z</when>
        <gx:coord>13.760355 51.125305 238.36</gx:coord>
        <when>2025-01-01T01:12:53.8312900Z</when>
        <gx:coord>13.759968 51.125027 238.36</gx:coord>
        <when>2025-01-01T01:12:58.8082900Z</when>
        <gx:coord>13.75971 51.124855 238.36</gx:coord>
        <when>2025-01-01T01:13:03.8082900Z</when>
        <gx:coord>13.759325 51.124577 239.88399</gx:coord>
        <when>2025-01-01T01:13:07.0922900Z</when>
        <gx:coord>13.759239 51.12451 239.88399</gx:coord>
        <when>2025-01-01T01:13:08.8082900Z</when>
        <gx:coord>13.759217 51.124428 239.88399</gx:coord>
        <when>2025-01-01T01:13:09.1012900Z</when>
        <gx:coord>13.759217 51.124428 239.88399</gx:coord>
        <when>2025-01-01T01:13:13.1122900Z</when>
        <gx:coord>13.759389 51.124275 239.88399</gx:coord>
        <when>2025-01-01T01:13:13.8082900Z</when>
        <gx:coord>13.759518 51.124214 239.88399</gx:coord>
        <when>2025-01-01T01:13:18.8082900Z</when>
        <gx:coord>13.759775 51.124084 238.36</gx:coord>
        <when>2025-01-01T01:13:23.8092900Z</when>
        <gx:coord>13.760139 51.12387 238.36</gx:coord>
        <when>2025-01-01T01:13:25.1002900Z</when>
        <gx:coord>13.760139 51.12387 238.36</gx:coord>
        <when>2025-01-01T01:13:27.1062900Z</when>
        <gx:coord>13.760161 51.123825 238.36</gx:coord>
        <when>2025-01-01T01:13:28.0462900Z</when>
        <gx:coord>13.760161 51.123764 238.36</gx:coord>
        <when>2025-01-01T01:13:28.8092900Z</when>
        <gx:coord>13.760161 51.123764 238.36</gx:coord>
        <when>2025-01-01T01:13:30.0522900Z</when>
        <gx:coord>13.760139 51.12372 238.36</gx:coord>
        <when>2025-01-01T01:13:33.8092900Z</when>
        <gx:coord>13.760054 51.123676 238.36</gx:coord>
        <when>2025-01-01T01:13:37.1062900Z</when>
        <gx:coord>13.760012 51.123634 238.36</gx:coord>
        <when>2025-01-01T01:13:38.8092900Z</when>
        <gx:coord>13.759968 51.12361 238.36</gx:coord>
        <when>2025-01-01T01:13:43.8092900Z</when>
        <gx:coord>13.759968 51.12361 238.36</gx:coord>
        <when>2025-01-01T01:13:48.8092900Z</when>
        <gx:coord>13.759968 51.12361 238.36</gx:coord>
        <when>2025-01-01T01:13:53.8252900Z</when>
        <gx:coord>13.759968 51.12361 238.36</gx:coord>
        <when>2025-01-01T01:13:58.8092900Z</when>
        <gx:coord>13.759968 51.12361 238.36</gx:coord>
        <when>2025-01-01T01:14:03.8092900Z</when>
        <gx:coord>13.759968 51.12361 238.36</gx:coord>
        <when>2025-01-01T01:14:08.8092900Z</when>
        <gx:coord>13.759968 51.12361 238.36</gx:coord>
        <when>2025-01-01T01:14:13.8102900Z</when>
        <gx:coord>13.759968 51.12361 238.36</gx:coord>
        <when>2025-01-01T01:14:18.8102900Z</when>
        <gx:coord>13.759968 51.12361 238.36</gx:coord>
        <when>2025-01-01T01:14:23.8102900Z</when>
        <gx:coord>13.759968 51.12361 238.36</gx:coord>
        <when>2025-01-01T01:14:28.8102900Z</when>
        <gx:coord>13.759968 51.12361 238.36</gx:coord>
        <when>2025-01-01T01:14:33.8102900Z</when>
        <gx:coord>13.759968 51.12361 238.36</gx:coord>
        <when>2025-01-01T01:14:38.5512900Z</when>
        <gx:coord>13.759968 51.12361 238.36</gx:coord>
        <coordinates />
      </gx:Track>
    </Placemark>
    <Placemark>
      <name>Takeoff: 2025-01-01</name>
      <styleUrl>#downArrowIcon</styleUrl>
      <Point>
        <altitudeMode>relativeToGround</altitudeMode>
        <coordinates>12.047882,51.554073,20</coordinates>
      </Point>
    </Placemark>
    <Placemark>
      <name>Landing: 2025-01-01</name>
      <styleUrl>#downArrowIcon</styleUrl>
      <Point>
        <altitudeMode>relativeToGround</altitudeMode>
        <coordinates>13.767371,51.13374,20</coordinates>
      </Point>
    </Placemark>
    <Placemark>
      <name>Log Stop: 2025-01-01</name>
      <styleUrl>#downArrowIcon</styleUrl>
      <Point>
        <altitudeMode>relativeToGround</altitudeMode>
        <coordinates>13.759968,51.12361,20</coordinates>
      </Point>
    </Placemark>
  </Document>
</kml>
