<?xml version="1.0" encoding="utf-8"?>
<kml xmlns:gx="http://www.google.com/kml/ext/2.2" creator="kml-heatmap" xmlns="http://www.opengis.net/kml/2.2">
  <Document>
    <name>SkyDemon Track Log</name>
    <Style id="skydemonLogStyle">
      <LineStyle>
        <color>7f00ffff</color>
        <width>4</width>
      </LineStyle>
      <PolyStyle>
        <color>7fffa400</color>
      </PolyStyle>
    </Style>
    <Style id="downArrowIcon">
      <IconStyle>
        <href>http://maps.google.com/mapfiles/kml/pal4/icon28.png</href>
      </IconStyle>
    </Style>
    <Placemark>
      <name>Log Start: 2025-01-01</name>
      <styleUrl>#downArrowIcon</styleUrl>
      <Point>
        <altitudeMode>relativeToGround</altitudeMode>
        <coordinates>13.759947,51.12359,20</coordinates>
      </Point>
    </Placemark>
    <Placemark>
      <name>EDDC Dresden - EDAQ Halle-Oppin</name>
      <styleUrl>#skydemonLogStyle</styleUrl>
      <gx:Track>
        <extrude>1</extrude>
        <altitudeMode>absolute</altitudeMode>
        <when>2025-01-01T00:00:00.9882440Z</when>
        <gx:coord>13.759947 51.12359 238.36</gx:coord>
        <when>2025-01-01T00:00:05.9892440Z</when>
        <gx:coord>13.759947 51.12357 238.36</gx:coord>
        <when>2025-01-01T00:00:10.9892440Z</when>
        <gx:coord>13.759947 51.12357 238.36</gx:coord>
        <when>2025-01-01T00:00:15.9892440Z</when>
        <gx:coord>13.759947 51.12359 239.88399</gx:coord>
        <when>2025-01-01T00:00:20.9892440Z</when>
        <gx:coord>13.759947 51.12359 239.88399</gx:coord>
        <when>2025-01-01T00:00:25.9892440Z</when>
        <gx:coord>13.759947 51.12359 239.88399</gx:coord>
        <when>2025-01-01T00:00:30.9892440Z</when>
        <gx:coord>13.759947 51.12359 239.88399</gx:coord>
        <when>2025-01-01T00:00:35.9892440Z</when>
        <gx:coord>13.759947 51.12359 238.36</gx:coord>
        <when>2025-01-01T00:00:40.9892440Z</when>
        <gx:coord>13.759947 51.12359 238.36</gx:coord>
        <when>2025-01-01T00:00:45.9892440Z</when>
        <gx:coord>13.759947 51.12359 238.36</gx:coord>
        <when>2025-01-01T00:00:50.9892440Z</when>
        <gx:coord>13.759947 51.12359 238.36</gx:coord>
        <when>2025-01-01T00:00:55.9892440Z</when>
        <gx:coord>13.759926 51.12359 238.36</gx:coord>
        <when>2025-01-01T00:01:00.9892440Z</when>
        <gx:coord>13.759947 51.12359 238.36</gx:coord>
        <when>2025-01-01T00:01:05.9892440Z</when>
        <gx:coord>13.759947 51.12359 238.36</gx:coord>
        <when>2025-01-01T00:01:10.9892440Z</when>
        <gx:coord>13.759947 51.12359 238.36</gx:coord>
        <when>2025-01-01T00:01:15.9882440Z</when>
        <gx:coord>13.759947 51.12359 238.36</gx:coord>
        <when>2025-01-01T00:01:20.9892440Z</when>
        <gx:coord>13.759947 51.12359 238.36</gx:coord>
        <when>2025-01-01T00:01:25.9892440Z</when>
        <gx:coord>13.759947 51.12359 238.36</gx:coord>
        <when>2025-01-01T00:01:30.9892440Z</when>
        <gx:coord>13.759947 51.12359 238.36</gx:coord>
        <when>2025-01-01T00:01:35.9892440Z</when>
        <gx:coord>13.759947 51.12359 238.36</gx:coord>
        <when>2025-01-01T00:01:41.0492440Z</when>
        <gx:coord>13.759947 51.12359 238.36</gx:coord>
        <when>2025-01-01T00:01:45.9882440Z</when>
        <gx:coord>13.759926 51.12357 238.36</gx:coord>
        <when>2025-01-01T00:01:50.9892440Z</when>
        <gx:coord>13.759926 51.12359 238.36</gx:coord>
        <when>2025-01-01T00:01:55.9892440Z</when>
        <gx:coord>13.759926 51.12359 238.36</gx:coord>
        <when>2025-01-01T00:02:00.9892440Z</when>
        <gx:coord>13.759947 51.12359 238.36</gx:coord>
        <when>2025-01-01T00:02:05.9892440Z</when>
        <gx:coord>13.759947 51.12359 238.36</gx:coord>
        <when>2025-01-01T00:02:10.9892440Z</when>
        <gx:coord>13.759947 51.12359 238.36</gx:coord>
        <when>2025-01-01T00:02:15.9892440Z</when>
        <gx:coord>13.759947 51.12359 238.36</gx:coord>
        <when>2025-01-01T00:02:20.9892440Z</when>
        <gx:coord>13.759947 51.12357 238.36</gx:coord>
        <when>2025-01-01T00:02:25.9892440Z</when>
        <gx:coord>13.759947 51.12359 238.36</gx:coord>
        <when>2025-01-01T00:02:30.9892440Z</when>
        <gx:coord>13.759947 51.12359 238.36</gx:coord>
        <when>2025-01-01T00:02:35.9892440Z</when>
        <gx:coord>13.759947 51.12359 238.36</gx:coord>
        <when>2025-01-01T00:02:40.9892440Z</when>
        <gx:coord>13.759947 51.12359 238.36</gx:coord>
        <when>2025-01-01T00:02:45.9882440Z</when>
        <gx:coord>13.759947 51.12359 238.36</gx:coord>
        <when>2025-01-01T00:02:50.9892440Z</when>
        <gx:coord>13.759947 51.12359 238.36</gx:coord>
        <when>2025-01-01T00:02:55.9892440Z</when>
        <gx:coord>13.759947 51.12359 238.36</gx:coord>
        <when>2025-01-01T00:03:00.9892440Z</when>
        <gx:coord>13.759947 51.12359 238.36</gx:coord>
        <when>2025-01-01T00:03:05.9892440Z</when>
        <gx:coord>13.759947 51.12359 238.36</gx:coord>
        <when>2025-01-01T00:03:10.9892440Z</when>
        <gx:coord>13.759947 51.12359 238.36</gx:coord>
        <when>2025-01-01T00:03:15.9892440Z</when>
        <gx:coord>13.759947 51.12359 238.36</gx:coord>
        <when>2025-01-01T00:03:20.9892440Z</when>
        <gx:coord>13.759968 51.12359 238.36</gx:coord>
        <when>2025-01-01T00:03:25.9892440Z</when>
        <gx:coord>13.759968 51.12357 239.88399</gx:coord>
        <when>2025-01-01T00:03:30.9892440Z</when>
        <gx:coord>13.759947 51.12357 239.88399</gx:coord>
        <when>2025-01-01T00:03:36.0172440Z</when>
        <gx:coord>13.759947 51.12357 238.36</gx:coord>
        <when>2025-01-01T00:03:41.0202440Z</when>
        <gx:coord>13.759926 51.12357 238.36</gx:coord>
        <when>2025-01-01T00:03:46.0172440Z</when>
        <gx:coord>13.759926 51.12357 238.36</gx:coord>
        <when>2025-01-01T00:03:50.9902440Z</when>
        <gx:coord>13.759947 51.12357 238.36</gx:coord>
        <when>2025-01-01T00:03:55.9902440Z</when>
        <gx:coord>13.759947 51.12359 238.36</gx:coord>
        <when>2025-01-01T00:04:00.9902440Z</when>
        <gx:coord>13.759947 51.12359 238.36</gx:coord>
        <when>2025-01-01T00:04:05.9902440Z</when>
        <gx:coord>13.759947 51.12359 238.36</gx:coord>
        <when>2025-01-01T00:04:10.9902440Z</when>
        <gx:coord>13.759947 51.12359 239.88399</gx:coord>
        <when>2025-01-01T00:04:15.9902440Z</when>
        <gx:coord>13.759947 51.12359 238.36</gx:coord>
        <when>2025-01-01T00:04:20.9902440Z</when>
        <gx:coord>13.759947 51.12357 238.36</gx:coord>
        <when>2025-01-01T00:04:25.9902440Z</when>
        <gx:coord>13.759947 51.12357 238.36</gx:coord>
        <when>2025-01-01T00:04:30.9902440Z</when>
        <gx:coord>13.759926 51.12357 238.36</gx:coord>
        <when>2025-01-01T00:04:31.1032440Z</when>
        <gx:coord>13.759926 51.12357 238.36</gx:coord>
        <when>2025-01-01T00:04:35.0982440Z</when>
        <gx:coord>13.759861 51.123505 239.88399</gx:coord>
        <when>2025-01-01T00:04:35.9902440Z</when>
        <gx:coord>13.759818 51.12348 239.88399</gx:coord>
        <when>2025-01-01T00:04:37.0922440Z</when>
        <gx:coord>13.759818 51.12348 239.88399</gx:coord>
        <when>2025-01-01T00:04:37.7862440Z</when>
        <gx:coord>13.759818 51.12344 239.88399</gx:coord>
        <when>2025-01-01T00:04:39.0892440Z</when>
        <gx:coord>13.759818 51.12344 239.88399</gx:coord>
        <when>2025-01-01T00:04:39.7962440Z</when>
        <gx:coord>13.75984 51.123398 239.88399</gx:coord>
        <when>2025-01-01T00:04:40.9892440Z</when>
        <gx:coord>13.75984 51.123398 239.88399</gx:coord>
        <when>2025-01-01T00:04:41.0882440Z</when>
        <gx:coord>13.75984 51.123398 239.88399</gx:coord>
        <when>2025-01-01T00:04:43.0992440Z</when>
        <gx:coord>13.759904 51.123375 239.88399</gx:coord>
        <when>2025-01-01T00:04:45.0962440Z</when>
        <gx:coord>13.75999 51.123375 239.88399</gx:coord>
        <when>2025-01-01T00:04:45.9902440Z</when>
        <gx:coord>13.7600975 51.123398 238.36</gx:coord>
        <when>2025-01-01T00:04:47.1112440Z</when>
        <gx:coord>13.7600975 51.123398 238.36</gx:coord>
        <when>2025-01-01T00:04:49.1122440Z</when>
        <gx:coord>13.760183 51.12344 238.36</gx:coord>
        <when>2025-01-01T00:04:50.9902440Z</when>
        <gx:coord>13.760204 51.12348 238.36</gx:coord>
        <when>2025-01-01T00:04:53.1072440Z</when>
        <gx:coord>13.760247 51.123505 238.36</gx:coord>
        <when>2025-01-01T00:04:55.0932440Z</when>
        <gx:coord>13.76029 51.123547 238.36</gx:coord>
        <when>2025-01-01T00:04:55.9892440Z</when>
        <gx:coord>13.760311 51.12361 238.36</gx:coord>
        <when>2025-01-01T00:04:59.0982440Z</when>
        <gx:coord>13.760333 51.123676 238.36</gx:coord>
        <when>2025-01-01T00:05:00.9902440Z</when>
        <gx:coord>13.760311 51.12374 238.36</gx:coord>
        <when>2025-01-01T00:05:01.1142440Z</when>
        <gx:coord>13.760311 51.12374 238.36</gx:coord>
        <when>2025-01-01T00:05:05.1052440Z</when>
        <gx:coord>13.7601185 51.12389 238.36</gx:coord>
        <when>2025-01-01T00:05:05.1052440Z</when>
        <gx:coord>13.7601185 51.12389 238.36</gx:coord>
        <when>2025-01-01T00:05:05.9902440Z</when>
        <gx:coord>13.760012 51.12393 238.36</gx:coord>
        <when>2025-01-01T00:05:10.9902440Z</when>
        <gx:coord>13.759818 51.124043 239.88399</gx:coord>
        <when>2025-01-01T00:05:15.9902440Z</when>
        <gx:coord>13.759539 51.12419 239.88399</gx:coord>
        <when>2025-01-01T00:05:20.9902440Z</when>
        <gx:coord>13.759346 51.12432 239.88399</gx:coord>
        <when>2025-01-01T00:05:23.1042440Z</when>
        <gx:coord>13.759239 51.124363 239.88399</gx:coord>
        <when>2025-01-01T00:05:25.1092440Z</when>
        <gx:coord>13.759153 51.124363 239.88399</gx:coord>
        <when>2025-01-01T00:05:25.9902440Z</when>
        <gx:coord>13.7590885 51.124363 239.88399</gx:coord>
        <when>2025-01-01T00:05:27.1072440Z</when>
        <gx:coord>13.7590885 51.124363 239.88399</gx:coord>
        <when>2025-01-01T00:05:30.9902440Z</when>
        <gx:coord>13.759003 51.12432 239.88399</gx:coord>
        <when>2025-01-01T00:05:35.9912440Z</when>
        <gx:coord>13.758831 51.124214 238.36</gx:coord>
        <when>2025-01-01T00:05:37.1162440Z</when>
        <gx:coord>13.758831 51.124214 238.36</gx:coord>
        <when>2025-01-01T00:05:40.9912440Z</when>
        <gx:coord>13.75868 51.124084 239.88399</gx:coord>
        <when>2025-01-01T00:05:45.9912440Z</when>
        <gx:coord>13.758467 51.12393 239.88399</gx:coord>
        <when>2025-01-01T00:05:49.1072440Z</when>
        <gx:coord>13.758445 51.123913 239.88399</gx:coord>
        <when>2025-01-01T00:05:50.9912440Z</when>
        <gx:coord>13.758445 51.123913 239.88399</gx:coord>
        <when>2025-01-01T00:05:55.9912440Z</when>
        <gx:coord>13.758445 51.123913 239.88399</gx:coord>
        <when>2025-01-01T00:06:00.9912440Z</when>
        <gx:coord>13.758445 51.123913 239.88399</gx:coord>
        <when>2025-01-01T00:06:05.9912440Z</when>
        <gx:coord>13.758445 51.123913 239.88399</gx:coord>
        <when>2025-01-01T00:06:10.9912440Z</when>
        <gx:coord>13.758445 51.123913 238.36</gx:coord>
        <when>2025-01-01T00:06:15.9912440Z</when>
        <gx:coord>13.758445 51.123913 239.88399</gx:coord>
        <when>2025-01-01T00:06:20.9912440Z</when>
        <gx:coord>13.758402 51.12389 239.88399</gx:coord>
        <when>2025-01-01T00:06:25.9912440Z</when>
        <gx:coord>13.758251 51.123783 239.88399</gx:coord>
        <when>2025-01-01T00:06:27.0952440Z</when>
        <gx:coord>13.758251 51.123783 239.88399</gx:coord>
        <when>2025-01-01T00:06:29.1122440Z</when>
        <gx:coord>13.758144 51.12374 238.36</gx:coord>
        <when>2025-01-01T00:06:30.9922440Z</when>
        <gx:coord>13.758016 51.1237 238.36</gx:coord>
        <when>2025-01-01T00:06:31.1032440Z</when>
        <gx:coord>13.758016 51.1237 238.36</gx:coord>
        <when>2025-01-01T00:06:33.1152440Z</when>
        <gx:coord>13.757866 51.123653 238.36</gx:coord>
        <when>2025-01-01T00:06:35.1082440Z</when>
        <gx:coord>13.757694 51.123653 238.36</gx:coord>
        <when>2025-01-01T00:06:35.9922440Z</when>
        <gx:coord>13.757523 51.1237 238.36</gx:coord>
        <when>2025-01-01T00:06:40.9922440Z</when>
        <gx:coord>13.757135 51.123806 238.36</gx:coord>
        <when>2025-01-01T00:06:45.1102440Z</when>
        <gx:coord>13.75662 51.12393 238.36</gx:coord>
        <when>2025-01-01T00:06:45.9922440Z</when>
        <gx:coord>13.756363 51.12402 238.36</gx:coord>
        <when>2025-01-01T00:06:49.1162440Z</when>
        <gx:coord>13.756084 51.124084 238.36</gx:coord>
        <when>2025-01-01T00:06:50.9922440Z</when>
        <gx:coord>13.755848 51.12417 238.36</gx:coord>
        <when>2025-01-01T00:06:51.1102440Z</when>
        <gx:coord>13.755848 51.12417 238.36</gx:coord>
        <when>2025-01-01T00:06:55.9912440Z</when>
        <gx:coord>13.755269 51.124493 238.36</gx:coord>
        <when>2025-01-01T00:06:59.1092440Z</when>
        <gx:coord>13.75514 51.124577 238.36</gx:coord>
        <when>2025-01-01T00:07:00.9922440Z</when>
        <gx:coord>13.755075 51.124683 239.88399</gx:coord>
        <when>2025-01-01T00:07:01.1162440Z</when>
        <gx:coord>13.755075 51.124683 239.88399</gx:coord>
        <when>2025-01-01T00:07:01.1182440Z</when>
        <gx:coord>13.755075 51.124683 239.88399</gx:coord>
        <when>2025-01-01T00:07:03.1132440Z</when>
        <gx:coord>13.755054 51.12477 239.88399</gx:coord>
        <when>2025-01-01T00:07:05.9922440Z</when>
        <gx:coord>13.75514 51.12496 239.88399</gx:coord>
        <when>2025-01-01T00:07:07.1092440Z</when>
        <gx:coord>13.75514 51.12496 239.88399</gx:coord>
        <when>2025-01-01T00:07:10.9922440Z</when>
        <gx:coord>13.755398 51.12518 239.88399</gx:coord>
        <when>2025-01-01T00:07:11.1082440Z</when>
        <gx:coord>13.755398 51.12518 239.88399</gx:coord>
        <when>2025-01-01T00:07:15.1172440Z</when>
        <gx:coord>13.75587 51.125523 239.88399</gx:coord>
        <when>2025-01-01T00:07:15.1182440Z</when>
        <gx:coord>13.75587 51.125523 239.88399</gx:coord>
        <when>2025-01-01T00:07:15.9922440Z</when>
        <gx:coord>13.756191 51.12576 239.88399</gx:coord>
        <when>2025-01-01T00:07:19.1072440Z</when>
        <gx:coord>13.7565565 51.126038 239.88399</gx:coord>
        <when>2025-01-01T00:07:20.9922440Z</when>
        <gx:coord>13.756986 51.126335 239.88399</gx:coord>
        <when>2025-01-01T00:07:23.1102440Z</when>
        <gx:coord>13.757458 51.1267 239.88399</gx:coord>
        <when>2025-01-01T00:07:25.9922440Z</when>
        <gx:coord>13.758574 51.127495 238.36</gx:coord>
        <when>2025-01-01T00:07:29.1122440Z</when>
        <gx:coord>13.759153 51.127945 239.88399</gx:coord>
        <when>2025-01-01T00:07:30.9922440Z</when>
        <gx:coord>13.759775 51.128395 241.408</gx:coord>
        <when>2025-01-01T00:07:35.9922440Z</when>
        <gx:coord>13.761728 51.129856 253.6</gx:coord>
        <when>2025-01-01T00:07:40.9922440Z</when>
        <gx:coord>13.76308 51.130844 265.792</gx:coord>
        <when>2025-01-01T00:07:45.9932440Z</when>
        <gx:coord>13.7651615 51.132347 282.55597</gx:coord>
        <when>2025-01-01T00:07:50.9932440Z</when>
        <gx:coord>13.766556 51.13333 294.748</gx:coord>
        <when>2025-01-01T00:07:51.1092440Z</when>
        <gx:coord>13.767242 51.133804 300.844</gx:coord>
        <when>2025-01-01T00:07:55.9932440Z</when>
        <gx:coord>13.768595 51.13477 320.656</gx:coord>
        <when>2025-01-01T00:07:59.1092440Z</when>
        <gx:coord>13.76986 51.135735 335.896</gx:coord>
        <when>2025-01-01T00:08:00.9932440Z</when>
        <gx:coord>13.76986 51.135735 335.896</gx:coord>
        <when>2025-01-01T00:08:05.1122440Z</when>
        <gx:coord>13.770868 51.136765 358.756</gx:coord>
        <when>2025-01-01T00:08:05.9932440Z</when>
        <gx:coord>13.771191 51.137302 364.852</gx:coord>
        <when>2025-01-01T00:08:07.1122440Z</when>
        <gx:coord>13.771362 51.137882 369.424</gx:coord>
        <when>2025-01-01T00:08:09.1122440Z</when>
        <gx:coord>13.771362 51.137882 369.424</gx:coord>
        <when>2025-01-01T00:08:10.9932440Z</when>
        <gx:coord>13.771405 51.13848 372.47202</gx:coord>
        <when>2025-01-01T00:08:11.1032440Z</when>
        <gx:coord>13.771405 51.13848 372.47202</gx:coord>
        <when>2025-01-01T00:08:11.1062440Z</when>
        <gx:coord>13.771297 51.139103 372.47202</gx:coord>
        <when>2025-01-01T00:08:15.1082440Z</when>
        <gx:coord>13.771084 51.139748 375.52005</gx:coord>
        <when>2025-01-01T00:08:15.9932440Z</when>
        <gx:coord>13.7707405 51.140392 377.044</gx:coord>
        <when>2025-01-01T00:08:17.1082440Z</when>
        <gx:coord>13.7707405 51.140392 377.044</gx:coord>
        <when>2025-01-01T00:08:20.9922440Z</when>
        <gx:coord>13.769882 51.1417 384.664</gx:coord>
        <when>2025-01-01T00:08:25.1132440Z</when>
        <gx:coord>13.768595 51.14376 401.428</gx:coord>
        <when>2025-01-01T00:08:25.9932440Z</when>
        <gx:coord>13.768595 51.14376 401.428</gx:coord>
        <when>2025-01-01T00:08:30.9932440Z</when>
        <gx:coord>13.767843 51.145157 416.66797</gx:coord>
        <when>2025-01-01T00:08:33.1112440Z</when>
        <gx:coord>13.767221 51.146507 431.90805</gx:coord>
        <when>2025-01-01T00:08:35.9932440Z</when>
        <gx:coord>13.766985 51.147194 441.052</gx:coord>
        <when>2025-01-01T00:08:40.9932440Z</when>
        <gx:coord>13.76647 51.148544 456.292</gx:coord>
        <when>2025-01-01T00:08:43.1072440Z</when>
        <gx:coord>13.765912 51.149857 466.96005</gx:coord>
        <when>2025-01-01T00:08:45.9932440Z</when>
        <gx:coord>13.765612 51.15052 471.532</gx:coord>
        <when>2025-01-01T00:08:50.9932440Z</when>
        <gx:coord>13.764882 51.151806 477.628</gx:coord>
        <when>2025-01-01T00:08:55.1082440Z</when>
        <gx:coord>13.763595 51.15374 502.01196</gx:coord>
        <when>2025-01-01T00:08:55.9932440Z</when>
        <gx:coord>13.763595 51.15374 502.01196</gx:coord>
        <when>2025-01-01T00:08:59.1182440Z</when>
        <gx:coord>13.762758 51.15505 509.63196</gx:coord>
        <when>2025-01-01T00:09:00.9932440Z</when>
        <gx:coord>13.762758 51.15505 512.68</gx:coord>
        <when>2025-01-01T00:09:06.0192440Z</when>
        <gx:coord>13.761471 51.15702 523.34796</gx:coord>
        <when>2025-01-01T00:09:10.9932440Z</when>
        <gx:coord>13.7606125 51.158394 530.96796</gx:coord>
        <when>2025-01-01T00:09:11.1092440Z</when>
        <gx:coord>13.760183 51.15908 534.016</gx:coord>
        <when>2025-01-01T00:09:15.9932440Z</when>
        <gx:coord>13.759432 51.160477 546.208</gx:coord>
        <when>2025-01-01T00:09:20.9942440Z</when>
        <gx:coord>13.758724 51.161892 559.92395</gx:coord>
        <when>2025-01-01T00:09:21.1142440Z</when>
        <gx:coord>13.758359 51.16258 570.592</gx:coord>
        <when>2025-01-01T00:09:25.9942440Z</when>
        <gx:coord>13.757736 51.163975 594.97595</gx:coord>
        <when>2025-01-01T00:09:27.1092440Z</when>
        <gx:coord>13.757479 51.16466 605.644</gx:coord>
        <when>2025-01-01T00:09:30.9932440Z</when>
        <gx:coord>13.757179 51.165325 611.74</gx:coord>
        <when>2025-01-01T00:09:33.1142440Z</when>
        <gx:coord>13.756578 51.16672 637.64795</gx:coord>
        <when>2025-01-01T00:09:35.9942440Z</when>
        <gx:coord>13.756277 51.167408 640.696</gx:coord>
        <when>2025-01-01T00:09:40.9942440Z</when>
        <gx:coord>13.755655 51.168823 643.744</gx:coord>
        <when>2025-01-01T00:09:45.1182440Z</when>
        <gx:coord>13.754711 51.17099 645.268</gx:coord>
        <when>2025-01-01T00:09:45.9942440Z</when>
        <gx:coord>13.754711 51.17099 645.268</gx:coord>
        <when>2025-01-01T00:09:50.9952440Z</when>
        <gx:coord>13.754067 51.17247 643.744</gx:coord>
        <when>2025-01-01T00:09:55.9952440Z</when>
        <gx:coord>13.752974 51.1747 640.696</gx:coord>
        <when>2025-01-01T00:10:00.9952440Z</when>
        <gx:coord>13.752243 51.176205 645.268</gx:coord>
        <when>2025-01-01T00:10:05.1052440Z</when>
        <gx:coord>13.7514925 51.177685 651.36395</gx:coord>
        <when>2025-01-01T00:10:05.9952440Z</when>
        <gx:coord>13.751085 51.178436 651.36395</gx:coord>
        <when>2025-01-01T00:10:10.9952440Z</when>
        <gx:coord>13.750291 51.17994 651.36395</gx:coord>
        <when>2025-01-01T00:10:15.9952440Z</when>
        <gx:coord>13.749132 51.18219 640.226</gx:coord>
        <when>2025-01-01T00:10:20.9952440Z</when>
        <gx:coord>13.748381 51.183693 635.654</gx:coord>
        <when>2025-01-01T00:10:25.9952440Z</when>
        <gx:coord>13.747137 51.185966 629.558</gx:coord>
        <when>2025-01-01T00:10:29.1192440Z</when>
        <gx:coord>13.746321 51.18751 628.034</gx:coord>
        <when>2025-01-01T00:10:30.9952440Z</when>
        <gx:coord>13.746321 51.18751 628.034</gx:coord>
        <when>2025-01-01T00:10:35.9962440Z</when>
        <gx:coord>13.745163 51.18985 623.46204</gx:coord>
        <when>2025-01-01T00:10:40.9962440Z</when>
        <gx:coord>13.744411 51.191418 621.938</gx:coord>
        <when>2025-01-01T00:10:45.9962440Z</when>
        <gx:coord>13.7433605 51.193756 618.8901</gx:coord>
        <when>2025-01-01T00:10:50.9952440Z</when>
        <gx:coord>13.74263 51.1953 620.414</gx:coord>
        <when>2025-01-01T00:10:55.9962440Z</when>
        <gx:coord>13.741558 51.197685 632.606</gx:coord>
        <when>2025-01-01T00:11:00.9962440Z</when>
        <gx:coord>13.7408495 51.199272 632.606</gx:coord>
        <when>2025-01-01T00:11:05.9962440Z</when>
        <gx:coord>13.739734 51.201633 640.226</gx:coord>
        <when>2025-01-01T00:11:10.9962440Z</when>
        <gx:coord>13.738983 51.203262 643.274</gx:coord>
        <when>2025-01-01T00:11:11.1192440Z</when>
        <gx:coord>13.73864 51.20408 643.274</gx:coord>
        <when>2025-01-01T00:11:15.9962440Z</when>
        <gx:coord>13.737909 51.205708 637.178</gx:coord>
        <when>2025-01-01T00:11:20.9962440Z</when>
        <gx:coord>13.737159 51.20736 634.13</gx:coord>
        <when>2025-01-01T00:11:21.1072440Z</when>
        <gx:coord>13.737159 51.20736 634.13</gx:coord>
        <when>2025-01-01T00:11:25.9962440Z</when>
        <gx:coord>13.735979 51.209915 640.226</gx:coord>
        <when>2025-01-01T00:11:30.9962440Z</when>
        <gx:coord>13.735163 51.21161 643.274</gx:coord>
        <when>2025-01-01T00:11:35.9962440Z</when>
        <gx:coord>13.733919 51.214165 641.75</gx:coord>
        <when>2025-01-01T00:11:39.1182440Z</when>
        <gx:coord>13.733274 51.214935 643.274</gx:coord>
        <when>2025-01-01T00:11:40.9962440Z</when>
        <gx:coord>13.732481 51.215645 647.846</gx:coord>
        <when>2025-01-01T00:11:43.1832440Z</when>
        <gx:coord>13.731558 51.21631 649.37</gx:coord>
        <when>2025-01-01T00:11:43.1842440Z</when>
        <gx:coord>13.731558 51.21631 649.37</gx:coord>
        <when>2025-01-01T00:11:45.9962440Z</when>
        <gx:coord>13.72937 51.21738 644.7981</gx:coord>
        <when>2025-01-01T00:11:47.1112440Z</when>
        <gx:coord>13.72937 51.21738 644.7981</gx:coord>
        <when>2025-01-01T00:11:50.9972440Z</when>
        <gx:coord>13.726751 51.21809 644.7981</gx:coord>
        <when>2025-01-01T00:11:51.1142440Z</when>
        <gx:coord>13.726751 51.21809 644.7981</gx:coord>
        <when>2025-01-01T00:11:53.1212440Z</when>
        <gx:coord>13.723877 51.218456 646.322</gx:coord>
        <when>2025-01-01T00:11:55.9972440Z</when>
        <gx:coord>13.722439 51.218563 646.322</gx:coord>
        <when>2025-01-01T00:12:00.9972440Z</when>
        <gx:coord>13.719478 51.218754 643.274</gx:coord>
        <when>2025-01-01T00:12:05.9972440Z</when>
        <gx:coord>13.715014 51.21899 632.606</gx:coord>
        <when>2025-01-01T00:12:10.9972440Z</when>
        <gx:coord>13.71201 51.21912 624.986</gx:coord>
        <when>2025-01-01T00:12:15.9972440Z</when>
        <gx:coord>13.70759 51.21929 632.606</gx:coord>
        <when>2025-01-01T00:12:17.1102440Z</when>
        <gx:coord>13.70759 51.21929 632.606</gx:coord>
        <when>2025-01-01T00:12:20.9972440Z</when>
        <gx:coord>13.704737 51.219357 635.654</gx:coord>
        <when>2025-01-01T00:12:25.9972440Z</when>
        <gx:coord>13.700466 51.219376 637.178</gx:coord>
        <when>2025-01-01T00:12:30.9972440Z</when>
        <gx:coord>13.697591 51.219357 635.654</gx:coord>
        <when>2025-01-01T00:12:31.1222440Z</when>
        <gx:coord>13.696154 51.219334 635.654</gx:coord>
        <when>2025-01-01T00:12:35.9972440Z</when>
        <gx:coord>13.693277 51.21927 635.654</gx:coord>
        <when>2025-01-01T00:12:40.9972440Z</when>
        <gx:coord>13.690403 51.21925 626.51</gx:coord>
        <when>2025-01-01T00:12:45.9982440Z</when>
        <gx:coord>13.68594 51.21925 612.794</gx:coord>
        <when>2025-01-01T00:12:50.9982440Z</when>
        <gx:coord>13.682978 51.21925 611.27</gx:coord>
        <when>2025-01-01T00:12:55.9982440Z</when>
        <gx:coord>13.678579 51.219208 609.74603</gx:coord>
        <when>2025-01-01T00:13:00.1052440Z</when>
        <gx:coord>13.674953 51.21912 606.698</gx:coord>
        <when>2025-01-01T00:13:00.9982440Z</when>
        <gx:coord>13.674953 51.21912 606.698</gx:coord>
        <when>2025-01-01T00:13:05.9982440Z</when>
        <gx:coord>13.671391 51.219032 605.174</gx:coord>
        <when>2025-01-01T00:13:09.1232440Z</when>
        <gx:coord>13.668602 51.218906 609.74603</gx:coord>
        <when>2025-01-01T00:13:10.9982440Z</when>
        <gx:coord>13.668602 51.218906 612.794</gx:coord>
        <when>2025-01-01T00:13:16.0052440Z</when>
        <gx:coord>13.664482 51.21871 609.74603</gx:coord>
        <when>2025-01-01T00:13:20.9982440Z</when>
        <gx:coord>13.6617565 51.218628 608.222</gx:coord>
        <when>2025-01-01T00:13:25.9982440Z</when>
        <gx:coord>13.657658 51.218605 602.12604</gx:coord>
        <when>2025-01-01T00:13:30.9982440Z</when>
        <gx:coord>13.654955 51.21869 600.602</gx:coord>
        <when>2025-01-01T00:13:35.9982440Z</when>
        <gx:coord>13.650899 51.218906 602.12604</gx:coord>
        <when>2025-01-01T00:13:40.9982440Z</when>
        <gx:coord>13.648216 51.219097 602.12604</gx:coord>
        <when>2025-01-01T00:13:45.9982440Z</when>
        <gx:coord>13.644268 51.21944 611.27</gx:coord>
        <when>2025-01-01T00:13:49.1222440Z</when>
        <gx:coord>13.641629 51.219658 612.794</gx:coord>
        <when>2025-01-01T00:13:50.9982440Z</when>
        <gx:coord>13.641629 51.219658 617.366</gx:coord>
        <when>2025-01-01T00:13:55.1082440Z</when>
        <gx:coord>13.637638 51.219955 638.702</gx:coord>
        <when>2025-01-01T00:13:55.9982440Z</when>
        <gx:coord>13.637638 51.219955 638.702</gx:coord>
        <when>2025-01-01T00:14:00.9982440Z</when>
        <gx:coord>13.634977 51.220127 647.846</gx:coord>
        <when>2025-01-01T00:14:05.9982440Z</when>
        <gx:coord>13.630922 51.220493 653.942</gx:coord>
        <when>2025-01-01T00:14:10.9982440Z</when>
        <gx:coord>13.628176 51.22075 656.99</gx:coord>
        <when>2025-01-01T00:14:15.9992440Z</when>
        <gx:coord>13.624056 51.221138 658.51404</gx:coord>
        <when>2025-01-01T00:14:20.9992440Z</when>
        <gx:coord>13.621265 51.221375 658.51404</gx:coord>
        <when>2025-01-01T00:14:25.9982440Z</when>
        <gx:coord>13.617082 51.221737 656.99</gx:coord>
        <when>2025-01-01T00:14:29.1092440Z</when>
        <gx:coord>13.615708 51.22191 658.51404</gx:coord>
        <when>2025-01-01T00:14:29.1202440Z</when>
        <gx:coord>13.614313 51.222103 658.51404</gx:coord>
        <when>2025-01-01T00:14:30.9992440Z</when>
        <gx:coord>13.614313 51.222103 656.99</gx:coord>
        <when>2025-01-01T00:14:35.9992440Z</when>
        <gx:coord>13.610151 51.22264 644.7981</gx:coord>
        <when>2025-01-01T00:14:40.9992440Z</when>
        <gx:coord>13.60734 51.22292 643.274</gx:coord>
        <when>2025-01-01T00:14:45.9992440Z</when>
        <gx:coord>13.603091 51.223305 641.75</gx:coord>
        <when>2025-01-01T00:14:50.9992440Z</when>
        <gx:coord>13.600237 51.223583 643.274</gx:coord>
        <when>2025-01-01T00:14:55.9992440Z</when>
        <gx:coord>13.59601 51.224033 646.322</gx:coord>
        <when>2025-01-01T00:15:00.9992440Z</when>
        <gx:coord>13.593199 51.224358 641.75</gx:coord>
        <when>2025-01-01T00:15:05.9992440Z</when>
        <gx:coord>13.588951 51.224827 635.654</gx:coord>
        <when>2025-01-01T00:15:07.1142440Z</when>
        <gx:coord>13.587513 51.22498 635.654</gx:coord>
        <when>2025-01-01T00:15:10.9992440Z</when>
        <gx:coord>13.586097 51.22513 632.606</gx:coord>
        <when>2025-01-01T00:15:15.9992440Z</when>
        <gx:coord>13.581762 51.22558 634.13</gx:coord>
        <when>2025-01-01T00:15:20.9992440Z</when>
        <gx:coord>13.578887 51.225857 635.654</gx:coord>
        <when>2025-01-01T00:15:25.9992440Z</when>
        <gx:coord>13.574553 51.226288 649.37</gx:coord>
        <when>2025-01-01T00:15:30.9992440Z</when>
        <gx:coord>13.571699 51.22661 660.038</gx:coord>
        <when>2025-01-01T00:15:36.0002440Z</when>
        <gx:coord>13.567408 51.227165 655.466</gx:coord>
        <when>2025-01-01T00:15:40.9992440Z</when>
        <gx:coord>13.56451 51.227554 652.418</gx:coord>
        <when>2025-01-01T00:15:45.1252440Z</when>
        <gx:coord>13.560112 51.228176 649.37</gx:coord>
        <when>2025-01-01T00:15:45.9992440Z</when>
        <gx:coord>13.560112 51.228176 650.894</gx:coord>
        <when>2025-01-01T00:15:51.0002440Z</when>
        <gx:coord>13.557194 51.22854 658.51404</gx:coord>
        <when>2025-01-01T00:15:56.0002440Z</when>
        <gx:coord>13.55288 51.229164 646.322</gx:coord>
        <when>2025-01-01T00:16:01.0002440Z</when>
        <gx:coord>13.550005 51.22957 640.226</gx:coord>
        <when>2025-01-01T00:16:06.0002440Z</when>
        <gx:coord>13.545713 51.23017 634.13</gx:coord>
        <when>2025-01-01T00:16:11.0002440Z</when>
        <gx:coord>13.542881 51.23058 631.08203</gx:coord>
        <when>2025-01-01T00:16:16.0002440Z</when>
        <gx:coord>13.538675 51.23118 624.986</gx:coord>
        <when>2025-01-01T00:16:21.0002440Z</when>
        <gx:coord>13.535843 51.231567 620.414</gx:coord>
        <when>2025-01-01T00:16:23.1202440Z</when>
        <gx:coord>13.533031 51.231953 621.938</gx:coord>
        <when>2025-01-01T00:16:26.0002440Z</when>
        <gx:coord>13.531616 51.232143 624.986</gx:coord>
        <when>2025-01-01T00:16:31.0002440Z</when>
        <gx:coord>13.528805 51.23251 628.034</gx:coord>
        <when>2025-01-01T00:16:36.0012440Z</when>
        <gx:coord>13.524556 51.233047 635.654</gx:coord>
        <when>2025-01-01T00:16:41.0012440Z</when>
        <gx:coord>13.521724 51.233368 640.226</gx:coord>
        <when>2025-01-01T00:16:46.0012440Z</when>
        <gx:coord>13.517518 51.233776 644.7981</gx:coord>
        <when>2025-01-01T00:16:51.0012440Z</when>
        <gx:coord>13.514729 51.23403 644.7981</gx:coord>
        <when>2025-01-01T00:16:56.0012440Z</when>
        <gx:coord>13.510609 51.23444 643.274</gx:coord>
        <when>2025-01-01T00:17:01.0012440Z</when>
        <gx:coord>13.507862 51.2347 641.75</gx:coord>
        <when>2025-01-01T00:17:01.1232440Z</when>
        <gx:coord>13.50651 51.234825 641.75</gx:coord>
        <when>2025-01-01T00:17:06.0012440Z</when>
        <gx:coord>13.503763 51.23506 637.178</gx:coord>
        <when>2025-01-01T00:17:11.0012440Z</when>
        <gx:coord>13.501017 51.23528 634.13</gx:coord>
        <when>2025-01-01T00:17:16.0012440Z</when>
        <gx:coord>13.496897 51.235664 631.08203</gx:coord>
        <when>2025-01-01T00:17:21.0012440Z</when>
        <gx:coord>13.494172 51.235966 628.034</gx:coord>
        <when>2025-01-01T00:17:26.0012440Z</when>
        <gx:coord>13.490009 51.236416 628.034</gx:coord>
        <when>2025-01-01T00:17:31.0012440Z</when>
        <gx:coord>13.487198 51.236694 628.034</gx:coord>
        <when>2025-01-01T00:17:36.0012440Z</when>
        <gx:coord>13.483014 51.237038 632.606</gx:coord>
        <when>2025-01-01T00:17:41.0012440Z</when>
        <gx:coord>13.480246 51.23723 632.606</gx:coord>
        <when>2025-01-01T00:17:41.1202440Z</when>
        <gx:coord>13.47883 51.23734 632.606</gx:coord>
        <when>2025-01-01T00:17:46.0012440Z</when>
        <gx:coord>13.47604 51.23753 638.702</gx:coord>
        <when>2025-01-01T00:17:51.0012440Z</when>
        <gx:coord>13.473229 51.237747 643.274</gx:coord>
        <when>2025-01-01T00:17:56.0022440Z</when>
        <gx:coord>13.469002 51.23809 650.894</gx:coord>
        <when>2025-01-01T00:18:01.0022440Z</when>
        <gx:coord>13.466127 51.23826 646.322</gx:coord>
        <when>2025-01-01T00:18:06.0022440Z</when>
        <gx:coord>13.461728 51.23856 641.75</gx:coord>
        <when>2025-01-01T00:18:11.0022440Z</when>
        <gx:coord>13.458746 51.23873 643.274</gx:coord>
        <when>2025-01-01T00:18:16.0012440Z</when>
        <gx:coord>13.454283 51.23899 643.274</gx:coord>
        <when>2025-01-01T00:18:19.1202440Z</when>
        <gx:coord>13.451257 51.239204 643.274</gx:coord>
        <when>2025-01-01T00:18:21.0022440Z</when>
        <gx:coord>13.451257 51.239204 643.274</gx:coord>
        <when>2025-01-01T00:18:26.0022440Z</when>
        <gx:coord>13.446686 51.239506 632.606</gx:coord>
        <when>2025-01-01T00:18:31.0022440Z</when>
        <gx:coord>13.44364 51.239742 634.13</gx:coord>
        <when>2025-01-01T00:18:36.0022440Z</when>
        <gx:coord>13.439155 51.240086 634.13</gx:coord>
        <when>2025-01-01T00:18:41.0022440Z</when>
        <gx:coord>13.436151 51.24032 629.558</gx:coord>
        <when>2025-01-01T00:18:46.0022440Z</when>
        <gx:coord>13.431687 51.240726 621.938</gx:coord>
        <when>2025-01-01T00:18:51.0022440Z</when>
        <gx:coord>13.428705 51.241005 617.366</gx:coord>
        <when>2025-01-01T00:18:55.1292440Z</when>
        <gx:coord>13.424284 51.241436 615.842</gx:coord>
        <when>2025-01-01T00:18:56.0022440Z</when>
        <gx:coord>13.424284 51.241436 615.842</gx:coord>
        <when>2025-01-01T00:19:01.0022440Z</when>
        <gx:coord>13.421388 51.24169 615.842</gx:coord>
        <when>2025-01-01T00:19:06.0022440Z</when>
        <gx:coord>13.417139 51.242035 611.27</gx:coord>
        <when>2025-01-01T00:19:11.0022440Z</when>
        <gx:coord>13.414328 51.242252 617.366</gx:coord>
        <when>2025-01-01T00:19:16.0022440Z</when>
        <gx:coord>13.410122 51.242615 611.27</gx:coord>
        <when>2025-01-01T00:19:19.1172440Z</when>
        <gx:coord>13.407354 51.24281 606.698</gx:coord>
        <when>2025-01-01T00:19:21.0032440Z</when>
        <gx:coord>13.407354 51.24281 606.698</gx:coord>
        <when>2025-01-01T00:19:26.0032440Z</when>
        <gx:coord>13.403128 51.24298 606.698</gx:coord>
        <when>2025-01-01T00:19:31.0032440Z</when>
        <gx:coord>13.400273 51.243088 608.222</gx:coord>
        <when>2025-01-01T00:19:33.1232440Z</when>
        <gx:coord>13.397419 51.243195 606.698</gx:coord>
        <when>2025-01-01T00:19:36.0032440Z</when>
        <gx:coord>13.396004 51.24326 599.078</gx:coord>
        <when>2025-01-01T00:19:41.0032440Z</when>
        <gx:coord>13.393127 51.24339 591.458</gx:coord>
        <when>2025-01-01T00:19:46.0032440Z</when>
        <gx:coord>13.388901 51.243668 591.458</gx:coord>
        <when>2025-01-01T00:19:51.0032440Z</when>
        <gx:coord>13.386133 51.24384 591.458</gx:coord>
        <when>2025-01-01T00:19:56.0032440Z</when>
        <gx:coord>13.382055 51.244095 589.934</gx:coord>
        <when>2025-01-01T00:20:01.0032440Z</when>
        <gx:coord>13.379353 51.24433 586.886</gx:coord>
        <when>2025-01-01T00:20:06.0022440Z</when>
        <gx:coord>13.3753605 51.244762 583.838</gx:coord>
        <when>2025-01-01T00:20:11.0032440Z</when>
        <gx:coord>13.372722 51.245018 582.314</gx:coord>
        <when>2025-01-01T00:20:13.1242440Z</when>
        <gx:coord>13.370083 51.245277 582.314</gx:coord>
        <when>2025-01-01T00:20:16.0032440Z</when>
        <gx:coord>13.368773 51.245384 585.362</gx:coord>
        <when>2025-01-01T00:20:21.0032440Z</when>
        <gx:coord>13.366156 51.245644 588.41003</gx:coord>
        <when>2025-01-01T00:20:26.0032440Z</when>
        <gx:coord>13.362272 51.246048 594.506</gx:coord>
        <when>2025-01-01T00:20:31.0032440Z</when>
        <gx:coord>13.359697 51.246307 589.934</gx:coord>
        <when>2025-01-01T00:20:36.0032440Z</when>
        <gx:coord>13.355813 51.246693 588.41003</gx:coord>
        <when>2025-01-01T00:20:41.0032440Z</when>
        <gx:coord>13.353281 51.24693 588.41003</gx:coord>
        <when>2025-01-01T00:20:46.0032440Z</when>
        <gx:coord>13.349462 51.247272 586.886</gx:coord>
        <when>2025-01-01T00:20:51.0032440Z</when>
        <gx:coord>13.346909 51.24755 585.362</gx:coord>
        <when>2025-01-01T00:20:55.1142440Z</when>
        <gx:coord>13.343024 51.247936 585.362</gx:coord>
        <when>2025-01-01T00:20:56.0032440Z</when>
        <gx:coord>13.343024 51.247936 583.838</gx:coord>
        <when>2025-01-01T00:21:01.0032440Z</when>
        <gx:coord>13.340427 51.248173 583.838</gx:coord>
        <when>2025-01-01T00:21:06.0032440Z</when>
        <gx:coord>13.336587 51.24854 585.362</gx:coord>
        <when>2025-01-01T00:21:09.1162440Z</when>
        <gx:coord>13.335342 51.248688 589.934</gx:coord>
        <when>2025-01-01T00:21:11.0032440Z</when>
        <gx:coord>13.334098 51.24884 597.554</gx:coord>
        <when>2025-01-01T00:21:16.0032440Z</when>
        <gx:coord>13.330429 51.24929 615.842</gx:coord>
        <when>2025-01-01T00:21:21.0042440Z</when>
        <gx:coord>13.32794 51.249546 614.318</gx:coord>
        <when>2025-01-01T00:21:26.0042440Z</when>
        <gx:coord>13.324205 51.24993 612.794</gx:coord>
        <when>2025-01-01T00:21:31.0042440Z</when>
        <gx:coord>13.3216305 51.250214 604.64</gx:coord>
        <when>2025-01-01T00:21:36.0042440Z</when>
        <gx:coord>13.317726 51.250618 610.736</gx:coord>
        <when>2025-01-01T00:21:37.1242440Z</when>
        <gx:coord>13.316395 51.250748 610.736</gx:coord>
        <when>2025-01-01T00:21:41.0042440Z</when>
        <gx:coord>13.315065 51.250877 618.356</gx:coord>
        <when>2025-01-01T00:21:46.0042440Z</when>
        <gx:coord>13.3109665 51.251263 633.596</gx:coord>
        <when>2025-01-01T00:21:47.1152440Z</when>
        <gx:coord>13.3109665 51.251263 633.596</gx:coord>
        <when>2025-01-01T00:21:51.0042440Z</when>
        <gx:coord>13.308155 51.25154 636.64404</gx:coord>
        <when>2025-01-01T00:21:51.1132440Z</when>
        <gx:coord>13.306718 51.25167 638.168</gx:coord>
        <when>2025-01-01T00:21:56.0042440Z</when>
        <gx:coord>13.303864 51.251972 638.168</gx:coord>
        <when>2025-01-01T00:22:01.0042440Z</when>
        <gx:coord>13.301031 51.25221 638.168</gx:coord>
        <when>2025-01-01T00:22:06.0042440Z</when>
        <gx:coord>13.296847 51.252617 638.168</gx:coord>
        <when>2025-01-01T00:22:11.0042440Z</when>
        <gx:coord>13.294079 51.252895 638.168</gx:coord>
        <when>2025-01-01T00:22:15.1292440Z</when>
        <gx:coord>13.289917 51.25328 639.692</gx:coord>
        <when>2025-01-01T00:22:16.0042440Z</when>
        <gx:coord>13.289917 51.25328 638.168</gx:coord>
        <when>2025-01-01T00:22:21.0042440Z</when>
        <gx:coord>13.287148 51.25354 639.692</gx:coord>
        <when>2025-01-01T00:22:26.0042440Z</when>
        <gx:coord>13.2830715 51.253925 641.216</gx:coord>
        <when>2025-01-01T00:22:31.0032440Z</when>
        <gx:coord>13.280346 51.254116 639.692</gx:coord>
        <when>2025-01-01T00:22:36.0042440Z</when>
        <gx:coord>13.276205 51.254375 638.168</gx:coord>
        <when>2025-01-01T00:22:41.0042440Z</when>
        <gx:coord>13.273416 51.25457 638.168</gx:coord>
        <when>2025-01-01T00:22:46.0042440Z</when>
        <gx:coord>13.269232 51.254932 648.836</gx:coord>
        <when>2025-01-01T00:22:51.0042440Z</when>
        <gx:coord>13.266506 51.25519 665.60004</gx:coord>
        <when>2025-01-01T00:22:51.1152440Z</when>
        <gx:coord>13.265133 51.255318 670.172</gx:coord>
        <when>2025-01-01T00:22:55.1242440Z</when>
        <gx:coord>13.262407 51.255554 671.696</gx:coord>
        <when>2025-01-01T00:22:56.0042440Z</when>
        <gx:coord>13.262407 51.255554 670.172</gx:coord>
        <when>2025-01-01T00:23:01.0042440Z</when>
        <gx:coord>13.259661 51.25579 664.076</gx:coord>
        <when>2025-01-01T00:23:06.0042440Z</when>
        <gx:coord>13.255434 51.256157 662.552</gx:coord>
        <when>2025-01-01T00:23:11.0042440Z</when>
        <gx:coord>13.252623 51.256454 662.552</gx:coord>
        <when>2025-01-01T00:23:16.0042440Z</when>
        <gx:coord>13.248396 51.256927 654.672</gx:coord>
        <when>2025-01-01T00:23:21.0042440Z</when>
        <gx:coord>13.2455635 51.25725 654.672</gx:coord>
        <when>2025-01-01T00:23:26.0052440Z</when>
        <gx:coord>13.241337 51.25772 648.576</gx:coord>
        <when>2025-01-01T00:23:31.0052440Z</when>
        <gx:coord>13.238482 51.25811 644.004</gx:coord>
        <when>2025-01-01T00:23:33.1252440Z</when>
        <gx:coord>13.235607 51.258472 640.956</gx:coord>
        <when>2025-01-01T00:23:33.1252440Z</when>
        <gx:coord>13.235607 51.258472 639.432</gx:coord>
        <when>2025-01-01T00:23:36.0052440Z</when>
        <gx:coord>13.234169 51.258667 639.432</gx:coord>
        <when>2025-01-01T00:23:41.0052440Z</when>
        <gx:coord>13.231316 51.259052 644.004</gx:coord>
        <when>2025-01-01T00:23:46.0052440Z</when>
        <gx:coord>13.227024 51.25961 647.052</gx:coord>
        <when>2025-01-01T00:23:51.0052440Z</when>
        <gx:coord>13.224106 51.259975 648.576</gx:coord>
        <when>2025-01-01T00:23:56.0052440Z</when>
        <gx:coord>13.219728 51.260532 651.624</gx:coord>
        <when>2025-01-01T00:24:01.0052440Z</when>
        <gx:coord>13.216767 51.260876 653.148</gx:coord>
        <when>2025-01-01T00:24:06.0052440Z</when>
        <gx:coord>13.212368 51.26139 648.576</gx:coord>
        <when>2025-01-01T00:24:09.1272440Z</when>
        <gx:coord>13.20945 51.261715 644.004</gx:coord>
        <when>2025-01-01T00:24:11.0052440Z</when>
        <gx:coord>13.20945 51.261715 640.956</gx:coord>
        <when>2025-01-01T00:24:16.0052440Z</when>
        <gx:coord>13.205051 51.262165 637.90796</gx:coord>
        <when>2025-01-01T00:24:21.0052440Z</when>
        <gx:coord>13.202154 51.26238 647.052</gx:coord>
        <when>2025-01-01T00:24:26.0052440Z</when>
        <gx:coord>13.197799 51.262657 660.768</gx:coord>
        <when>2025-01-01T00:24:31.0052440Z</when>
        <gx:coord>13.194944 51.262787 663.81604</gx:coord>
        <when>2025-01-01T00:24:36.0052440Z</when>
        <gx:coord>13.190675 51.263023 663.81604</gx:coord>
        <when>2025-01-01T00:24:41.0052440Z</when>
        <gx:coord>13.18782 51.263172 656.196</gx:coord>
        <when>2025-01-01T00:24:46.0172440Z</when>
        <gx:coord>13.183401 51.263386 651.624</gx:coord>
        <when>2025-01-01T00:24:47.1262440Z</when>
        <gx:coord>13.181877 51.26343 651.624</gx:coord>
        <when>2025-01-01T00:24:51.0162440Z</when>
        <gx:coord>13.180397 51.263496 662.292</gx:coord>
        <when>2025-01-01T00:24:51.1152440Z</when>
        <gx:coord>13.178938 51.263557 669.912</gx:coord>
        <when>2025-01-01T00:24:56.0172440Z</when>
        <gx:coord>13.176084 51.263687 677.532</gx:coord>
        <when>2025-01-01T00:25:01.0052440Z</when>
        <gx:coord>13.173187 51.263817 683.628</gx:coord>
        <when>2025-01-01T00:25:06.0052440Z</when>
        <gx:coord>13.168896 51.26399 685.15204</gx:coord>
        <when>2025-01-01T00:25:11.0052440Z</when>
        <gx:coord>13.166105 51.264095 676.008</gx:coord>
        <when>2025-01-01T00:25:16.0052440Z</when>
        <gx:coord>13.161879 51.264244 668.388</gx:coord>
        <when>2025-01-01T00:25:21.0112440Z</when>
        <gx:coord>13.159003 51.26435 663.81604</gx:coord>
        <when>2025-01-01T00:25:25.1232440Z</when>
        <gx:coord>13.154669 51.26448 660.768</gx:coord>
        <when>2025-01-01T00:25:26.0062440Z</when>
        <gx:coord>13.154669 51.26448 660.768</gx:coord>
        <when>2025-01-01T00:25:31.0062440Z</when>
        <gx:coord>13.151815 51.264587 660.768</gx:coord>
        <when>2025-01-01T00:25:36.0062440Z</when>
        <gx:coord>13.14748 51.264805 651.624</gx:coord>
        <when>2025-01-01T00:25:41.0052440Z</when>
        <gx:coord>13.144541 51.264977 645.528</gx:coord>
        <when>2025-01-01T00:25:46.0062440Z</when>
        <gx:coord>13.140184 51.265213 648.576</gx:coord>
        <when>2025-01-01T00:25:51.0062440Z</when>
        <gx:coord>13.137331 51.265404 647.052</gx:coord>
        <when>2025-01-01T00:25:56.0062440Z</when>
        <gx:coord>13.133039 51.265682 642.48</gx:coord>
        <when>2025-01-01T00:26:01.0062440Z</when>
        <gx:coord>13.130164 51.265877 642.48</gx:coord>
        <when>2025-01-01T00:26:03.1262440Z</when>
        <gx:coord>13.12731 51.266113 640.956</gx:coord>
        <when>2025-01-01T00:26:05.1172440Z</when>
        <gx:coord>13.125895 51.266243 639.432</gx:coord>
        <when>2025-01-01T00:26:06.0062440Z</when>
        <gx:coord>13.125895 51.266243 639.432</gx:coord>
        <when>2025-01-01T00:26:11.0062440Z</when>
        <gx:coord>13.123083 51.2665 639.432</gx:coord>
        <when>2025-01-01T00:26:16.0062440Z</when>
        <gx:coord>13.118877 51.26684 645.528</gx:coord>
        <when>2025-01-01T00:26:21.0252440Z</when>
        <gx:coord>13.116066 51.267056 642.48</gx:coord>
        <when>2025-01-01T00:26:23.1042440Z</when>
        <gx:coord>13.114651 51.267185 640.956</gx:coord>
        <when>2025-01-01T00:26:26.0472440Z</when>
        <gx:coord>13.111796 51.26744 651.624</gx:coord>
        <when>2025-01-01T00:26:31.0512440Z</when>
        <gx:coord>13.108964 51.267616 659.24396</gx:coord>
        <when>2025-01-01T00:26:35.1902440Z</when>
        <gx:coord>13.104736 51.267895 657.72003</gx:coord>
        <when>2025-01-01T00:26:36.0062440Z</when>
        <gx:coord>13.104736 51.267895 657.72003</gx:coord>
        <when>2025-01-01T00:26:41.0062440Z</when>
        <gx:coord>13.101862 51.268 660.768</gx:coord>
        <when>2025-01-01T00:26:41.1262440Z</when>
        <gx:coord>13.100424 51.268066 660.768</gx:coord>
        <when>2025-01-01T00:26:46.0062440Z</when>
        <gx:coord>13.09757 51.268173 659.24396</gx:coord>
        <when>2025-01-01T00:26:51.0062440Z</when>
        <gx:coord>13.094694 51.268257 653.148</gx:coord>
        <when>2025-01-01T00:26:56.0062440Z</when>
        <gx:coord>13.090382 51.268387 653.148</gx:coord>
        <when>2025-01-01T00:27:01.0062440Z</when>
        <gx:coord>13.087549 51.268494 651.624</gx:coord>
        <when>2025-01-01T00:27:06.0062440Z</when>
        <gx:coord>13.083323 51.268665 639.432</gx:coord>
        <when>2025-01-01T00:27:11.0062440Z</when>
        <gx:coord>13.080511 51.268795 639.432</gx:coord>
        <when>2025-01-01T00:27:16.0072440Z</when>
        <gx:coord>13.076326 51.26899 634.86</gx:coord>
        <when>2025-01-01T00:27:19.1292440Z</when>
        <gx:coord>13.073516 51.269115 631.812</gx:coord>
        <when>2025-01-01T00:27:21.0062440Z</when>
        <gx:coord>13.073516 51.269115 630.288</gx:coord>
        <when>2025-01-01T00:27:26.0072440Z</when>
        <gx:coord>13.06931 51.269287 625.716</gx:coord>
        <when>2025-01-01T00:27:31.0072440Z</when>
        <gx:coord>13.066478 51.269352 621.144</gx:coord>
        <when>2025-01-01T00:27:36.0072440Z</when>
        <gx:coord>13.062208 51.2695 615.048</gx:coord>
        <when>2025-01-01T00:27:41.0072440Z</when>
        <gx:coord>13.059311 51.269676 616.57196</gx:coord>
        <when>2025-01-01T00:27:46.0072440Z</when>
        <gx:coord>13.054976 51.27002 622.66797</gx:coord>
        <when>2025-01-01T00:27:51.0072440Z</when>
        <gx:coord>13.05208 51.270252 627.24</gx:coord>
        <when>2025-01-01T00:27:56.0072440Z</when>
        <gx:coord>13.04781 51.27062 628.76404</gx:coord>
        <when>2025-01-01T00:27:57.1282440Z</when>
        <gx:coord>13.046393 51.27075 628.76404</gx:coord>
        <when>2025-01-01T00:28:01.0072440Z</when>
        <gx:coord>13.044998 51.270897 624.1921</gx:coord>
        <when>2025-01-01T00:28:06.0072440Z</when>
        <gx:coord>13.0407715 51.271263 618.096</gx:coord>
        <when>2025-01-01T00:28:11.0072440Z</when>
        <gx:coord>13.038004 51.271584 618.096</gx:coord>
        <when>2025-01-01T00:28:16.0072440Z</when>
        <gx:coord>13.033884 51.272186 630.288</gx:coord>
        <when>2025-01-01T00:28:21.0072440Z</when>
        <gx:coord>13.031158 51.27259 640.956</gx:coord>
        <when>2025-01-01T00:28:26.0072440Z</when>
        <gx:coord>13.0270815 51.273323 651.624</gx:coord>
        <when>2025-01-01T00:28:31.0072440Z</when>
        <gx:coord>13.024357 51.273838 654.672</gx:coord>
        <when>2025-01-01T00:28:35.1272440Z</when>
        <gx:coord>13.020215 51.274483 656.196</gx:coord>
        <when>2025-01-01T00:28:36.0072440Z</when>
        <gx:coord>13.020215 51.274483 654.672</gx:coord>
        <when>2025-01-01T00:28:41.0072440Z</when>
        <gx:coord>13.017405 51.274868 647.052</gx:coord>
        <when>2025-01-01T00:28:46.0072440Z</when>
        <gx:coord>13.013199 51.275448 642.48</gx:coord>
        <when>2025-01-01T00:28:51.0072440Z</when>
        <gx:coord>13.010387 51.27579 640.956</gx:coord>
        <when>2025-01-01T00:28:56.0072440Z</when>
        <gx:coord>13.006182 51.276325 636.38403</gx:coord>
        <when>2025-01-01T00:29:01.0082440Z</when>
        <gx:coord>13.00337 51.27665 639.432</gx:coord>
        <when>2025-01-01T00:29:06.0082440Z</when>
        <gx:coord>12.999144 51.27714 628.76404</gx:coord>
        <when>2025-01-01T00:29:11.0082440Z</when>
        <gx:coord>12.996332 51.277485 627.24</gx:coord>
        <when>2025-01-01T00:29:13.1342440Z</when>
        <gx:coord>12.993522 51.277786 625.716</gx:coord>
        <when>2025-01-01T00:29:16.0082440Z</when>
        <gx:coord>12.9921055 51.277916 624.1921</gx:coord>
        <when>2025-01-01T00:29:21.0082440Z</when>
        <gx:coord>12.989273 51.278214 624.1921</gx:coord>
        <when>2025-01-01T00:29:26.0082440Z</when>
        <gx:coord>12.9850025 51.278664 621.144</gx:coord>
        <when>2025-01-01T00:29:31.0082440Z</when>
        <gx:coord>12.982106 51.278923 618.096</gx:coord>
        <when>2025-01-01T00:29:36.0082440Z</when>
        <gx:coord>12.977772 51.279243 619.62</gx:coord>
        <when>2025-01-01T00:29:41.0082440Z</when>
        <gx:coord>12.9748745 51.279457 618.096</gx:coord>
        <when>2025-01-01T00:29:46.0082440Z</when>
        <gx:coord>12.970497 51.27974 616.57196</gx:coord>
        <when>2025-01-01T00:29:51.0082440Z</when>
        <gx:coord>12.967623 51.279976 618.096</gx:coord>
        <when>2025-01-01T00:29:51.1252440Z</when>
        <gx:coord>12.966206 51.28006 618.096</gx:coord>
        <when>2025-01-01T00:29:56.0082440Z</when>
        <gx:coord>12.963417 51.280273 616.57196</gx:coord>
        <when>2025-01-01T00:30:01.0082440Z</when>
        <gx:coord>12.960691 51.28051 618.096</gx:coord>
        <when>2025-01-01T00:30:06.0082440Z</when>
        <gx:coord>12.956657 51.28092 621.144</gx:coord>
        <when>2025-01-01T00:30:11.0082440Z</when>
        <gx:coord>12.953911 51.28122 622.66797</gx:coord>
        <when>2025-01-01T00:30:16.0082440Z</when>
        <gx:coord>12.949791 51.28167 636.38403</gx:coord>
        <when>2025-01-01T00:30:21.0082440Z</when>
        <gx:coord>12.947044 51.28197 640.956</gx:coord>
        <when>2025-01-01T00:30:26.0082440Z</when>
        <gx:coord>12.94286 51.28238 645.528</gx:coord>
        <when>2025-01-01T00:30:31.0082440Z</when>
        <gx:coord>12.940049 51.282635 644.004</gx:coord>
        <when>2025-01-01T00:30:31.1272440Z</when>
        <gx:coord>12.938633 51.282764 644.004</gx:coord>
        <when>2025-01-01T00:30:36.0082440Z</when>
        <gx:coord>12.93578 51.282955 636.38403</gx:coord>
        <when>2025-01-01T00:30:41.0082440Z</when>
        <gx:coord>12.932861 51.28315 633.336</gx:coord>
        <when>2025-01-01T00:30:46.0092440Z</when>
        <gx:coord>12.928462 51.283493 628.76404</gx:coord>
        <when>2025-01-01T00:30:51.0092440Z</when>
        <gx:coord>12.925522 51.28373 625.716</gx:coord>
        <when>2025-01-01T00:30:56.0092440Z</when>
        <gx:coord>12.9211445 51.284008 631.812</gx:coord>
        <when>2025-01-01T00:31:01.0092440Z</when>
        <gx:coord>12.918291 51.284157 636.38403</gx:coord>
        <when>2025-01-01T00:31:06.0092440Z</when>
        <gx:coord>12.914021 51.28435 630.288</gx:coord>
        <when>2025-01-01T00:31:09.1282440Z</when>
        <gx:coord>12.911188 51.2845 631.812</gx:coord>
        <when>2025-01-01T00:31:11.0092440Z</when>
        <gx:coord>12.911188 51.2845 631.812</gx:coord>
        <when>2025-01-01T00:31:16.0092440Z</when>
        <gx:coord>12.906876 51.284782 625.716</gx:coord>
        <when>2025-01-01T00:31:21.0092440Z</when>
        <gx:coord>12.9038925 51.284996 628.76404</gx:coord>
        <when>2025-01-01T00:31:26.0092440Z</when>
        <gx:coord>12.899515 51.285553 630.288</gx:coord>
        <when>2025-01-01T00:31:31.0092440Z</when>
        <gx:coord>12.896662 51.286003 627.24</gx:coord>
        <when>2025-01-01T00:31:36.0092440Z</when>
        <gx:coord>12.892305 51.2865 624.1921</gx:coord>
        <when>2025-01-01T00:31:41.0092440Z</when>
        <gx:coord>12.889387 51.28682 621.144</gx:coord>
        <when>2025-01-01T00:31:46.0092440Z</when>
        <gx:coord>12.885032 51.28731 619.62</gx:coord>
        <when>2025-01-01T00:31:47.1302440Z</when>
        <gx:coord>12.8835945 51.28744 619.62</gx:coord>
        <when>2025-01-01T00:31:51.0082440Z</when>
        <gx:coord>12.882177 51.28757 621.144</gx:coord>
        <when>2025-01-01T00:31:56.0092440Z</when>
        <gx:coord>12.877886 51.287933 618.096</gx:coord>
        <when>2025-01-01T00:32:01.0092440Z</when>
        <gx:coord>12.875011 51.288216 618.096</gx:coord>
        <when>2025-01-01T00:32:06.0092440Z</when>
        <gx:coord>12.87072 51.288666 613.524</gx:coord>
        <when>2025-01-01T00:32:11.0092440Z</when>
        <gx:coord>12.8678875 51.288963 613.524</gx:coord>
        <when>2025-01-01T00:32:16.0092440Z</when>
        <gx:coord>12.863638 51.289394 613.524</gx:coord>
        <when>2025-01-01T00:32:21.0092440Z</when>
        <gx:coord>12.860849 51.289673 613.524</gx:coord>
        <when>2025-01-01T00:32:24.2222440Z</when>
        <gx:coord>12.858059 51.28991 610.476</gx:coord>
        <when>2025-01-01T00:32:25.6972440Z</when>
        <gx:coord>12.856665 51.29004 610.476</gx:coord>
        <when>2025-01-01T00:32:25.6972440Z</when>
        <gx:coord>12.856665 51.29004 608.95197</gx:coord>
        <when>2025-01-01T00:32:29.2232440Z</when>
        <gx:coord>12.854562 51.29021 605.904</gx:coord>
        <when>2025-01-01T00:32:34.2232440Z</when>
        <gx:coord>12.851021 51.290443 604.38</gx:coord>
        <when>2025-01-01T00:32:39.2232440Z</when>
        <gx:coord>12.84746 51.29062 604.38</gx:coord>
        <when>2025-01-01T00:32:44.2222440Z</when>
        <gx:coord>12.843855 51.290768 605.904</gx:coord>
        <when>2025-01-01T00:32:49.2232440Z</when>
        <gx:coord>12.840206 51.29107 610.476</gx:coord>
        <when>2025-01-01T00:32:54.2232440Z</when>
        <gx:coord>12.83658 51.29156 610.476</gx:coord>
        <when>2025-01-01T00:32:59.2232440Z</when>
        <gx:coord>12.832996 51.292053 607.428</gx:coord>
        <when>2025-01-01T00:33:02.8192440Z</when>
        <gx:coord>12.830186 51.292442 608.95197</gx:coord>
        <when>2025-01-01T00:33:04.2232440Z</when>
        <gx:coord>12.829477 51.29255 607.428</gx:coord>
        <when>2025-01-01T00:33:09.2242440Z</when>
        <gx:coord>12.826088 51.293106 615.048</gx:coord>
        <when>2025-01-01T00:33:14.2242440Z</when>
        <gx:coord>12.8227825 51.293686 624.1921</gx:coord>
        <when>2025-01-01T00:33:19.2242440Z</when>
        <gx:coord>12.8195 51.294266 619.62</gx:coord>
        <when>2025-01-01T00:33:24.2472440Z</when>
        <gx:coord>12.8161955 51.2948 616.57196</gx:coord>
        <when>2025-01-01T00:33:29.2232440Z</when>
        <gx:coord>12.812848 51.295338 613.524</gx:coord>
        <when>2025-01-01T00:33:34.2242440Z</when>
        <gx:coord>12.809479 51.29583 622.66797</gx:coord>
        <when>2025-01-01T00:33:39.2242440Z</when>
        <gx:coord>12.806089 51.296326 631.812</gx:coord>
        <when>2025-01-01T00:33:41.8212440Z</when>
        <gx:coord>12.80405 51.296604 637.90796</gx:coord>
        <when>2025-01-01T00:33:41.8212440Z</when>
        <gx:coord>12.80405 51.296604 639.432</gx:coord>
        <when>2025-01-01T00:33:44.2242440Z</when>
        <gx:coord>12.802677 51.2968 644.004</gx:coord>
        <when>2025-01-01T00:33:49.2242440Z</when>
        <gx:coord>12.799244 51.29725 648.576</gx:coord>
        <when>2025-01-01T00:33:54.2242440Z</when>
        <gx:coord>12.795768 51.29774 653.148</gx:coord>
        <when>2025-01-01T00:33:59.2242440Z</when>
        <gx:coord>12.7923565 51.298256 654.672</gx:coord>
        <when>2025-01-01T00:34:04.2242440Z</when>
        <gx:coord>12.788923 51.298706 650.10004</gx:coord>
        <when>2025-01-01T00:34:09.2242440Z</when>
        <gx:coord>12.78549 51.299156 651.624</gx:coord>
        <when>2025-01-01T00:34:14.2242440Z</when>
        <gx:coord>12.782057 51.299545 656.196</gx:coord>
        <when>2025-01-01T00:34:19.2242440Z</when>
        <gx:coord>12.778645 51.29993 660.768</gx:coord>
        <when>2025-01-01T00:34:19.8202440Z</when>
        <gx:coord>12.777958 51.300014 660.768</gx:coord>
        <when>2025-01-01T00:34:24.2482440Z</when>
        <gx:coord>12.775297 51.300316 665.34</gx:coord>
        <when>2025-01-01T00:34:29.2242440Z</when>
        <gx:coord>12.771929 51.3007 666.864</gx:coord>
        <when>2025-01-01T00:34:29.8132440Z</when>
        <gx:coord>12.771242 51.300766 669.912</gx:coord>
        <when>2025-01-01T00:34:34.2242440Z</when>
        <gx:coord>12.768496 51.301086 676.008</gx:coord>
        <when>2025-01-01T00:34:39.2242440Z</when>
        <gx:coord>12.765018 51.301453 679.056</gx:coord>
        <when>2025-01-01T00:34:44.2242440Z</when>
        <gx:coord>12.761499 51.301754 688.2</gx:coord>
        <when>2025-01-01T00:34:49.2242440Z</when>
        <gx:coord>12.757959 51.302032 688.2</gx:coord>
        <when>2025-01-01T00:34:54.2242440Z</when>
        <gx:coord>12.754397 51.30231 689.724</gx:coord>
        <when>2025-01-01T00:34:57.8212440Z</when>
        <gx:coord>12.751522 51.302525 692.77203</gx:coord>
        <when>2025-01-01T00:34:59.2242440Z</when>
        <gx:coord>12.7507925 51.30257 694.29596</gx:coord>
        <when>2025-01-01T00:35:04.2242440Z</when>
        <gx:coord>12.747124 51.302803 684.612</gx:coord>
        <when>2025-01-01T00:35:09.2242440Z</when>
        <gx:coord>12.743368 51.30304 689.1841</gx:coord>
        <when>2025-01-01T00:35:14.2252440Z</when>
        <gx:coord>12.739592 51.303276 690.708</gx:coord>
        <when>2025-01-01T00:35:17.8102440Z</when>
        <gx:coord>12.736567 51.303535 701.37604</gx:coord>
        <when>2025-01-01T00:35:19.2252440Z</when>
        <gx:coord>12.735794 51.3036 704.424</gx:coord>
        <when>2025-01-01T00:35:24.2772440Z</when>
        <gx:coord>12.7320385 51.303898 715.092</gx:coord>
        <when>2025-01-01T00:35:29.2252440Z</when>
        <gx:coord>12.728327 51.304222 721.188</gx:coord>
        <when>2025-01-01T00:35:33.8242440Z</when>
        <gx:coord>12.724657 51.30452 718.1401</gx:coord>
        <when>2025-01-01T00:35:34.2252440Z</when>
        <gx:coord>12.724657 51.30452 718.1401</gx:coord>
        <when>2025-01-01T00:35:39.2252440Z</when>
        <gx:coord>12.720987 51.304802 710.5201</gx:coord>
        <when>2025-01-01T00:35:44.2242440Z</when>
        <gx:coord>12.717361 51.305122 710.5201</gx:coord>
        <when>2025-01-01T00:35:49.2252440Z</when>
        <gx:coord>12.713757 51.305508 704.424</gx:coord>
        <when>2025-01-01T00:35:54.2592440Z</when>
        <gx:coord>12.710173 51.305874 704.424</gx:coord>
        <when>2025-01-01T00:35:59.2252440Z</when>
        <gx:coord>12.706633 51.306236 701.37604</gx:coord>
        <when>2025-01-01T00:36:04.2252440Z</when>
        <gx:coord>12.703071 51.30656 695.2801</gx:coord>
        <when>2025-01-01T00:36:09.2252440Z</when>
        <gx:coord>12.699444 51.30688 689.1841</gx:coord>
        <when>2025-01-01T00:36:10.8202440Z</when>
        <gx:coord>12.697985 51.30701 687.66003</gx:coord>
        <when>2025-01-01T00:36:14.2252440Z</when>
        <gx:coord>12.695797 51.307247 687.66003</gx:coord>
        <when>2025-01-01T00:36:19.2252440Z</when>
        <gx:coord>12.692148 51.307632 695.2801</gx:coord>
        <when>2025-01-01T00:36:24.2442440Z</when>
        <gx:coord>12.6884575 51.307953 702.9001</gx:coord>
        <when>2025-01-01T00:36:29.2252440Z</when>
        <gx:coord>12.684746 51.308277 716.6161</gx:coord>
        <when>2025-01-01T00:36:34.2252440Z</when>
        <gx:coord>12.68099 51.308556 721.188</gx:coord>
        <when>2025-01-01T00:36:38.8122440Z</when>
        <gx:coord>12.677922 51.30875 719.664</gx:coord>
        <when>2025-01-01T00:36:39.2252440Z</when>
        <gx:coord>12.67715 51.308792 718.1401</gx:coord>
        <when>2025-01-01T00:36:44.2252440Z</when>
        <gx:coord>12.6732235 51.309006 710.5201</gx:coord>
        <when>2025-01-01T00:36:46.8182440Z</when>
        <gx:coord>12.670862 51.309113 708.99603</gx:coord>
        <when>2025-01-01T00:36:49.2252440Z</when>
        <gx:coord>12.669275 51.309177 701.37604</gx:coord>
        <when>2025-01-01T00:36:54.2252440Z</when>
        <gx:coord>12.665348 51.309372 699.852</gx:coord>
        <when>2025-01-01T00:36:59.2252440Z</when>
        <gx:coord>12.661465 51.309586 698.328</gx:coord>
        <when>2025-01-01T00:37:04.2252440Z</when>
        <gx:coord>12.657644 51.30978 689.1841</gx:coord>
        <when>2025-01-01T00:37:09.2252440Z</when>
        <gx:coord>12.653782 51.30993 683.0881</gx:coord>
        <when>2025-01-01T00:37:14.2252440Z</when>
        <gx:coord>12.649963 51.3101 676.992</gx:coord>
        <when>2025-01-01T00:37:19.2262440Z</when>
        <gx:coord>12.646208 51.310272 673.9441</gx:coord>
        <when>2025-01-01T00:37:21.8212440Z</when>
        <gx:coord>12.644019 51.31038 675.4681</gx:coord>
        <when>2025-01-01T00:37:24.2442440Z</when>
        <gx:coord>12.64256 51.310444 681.5641</gx:coord>
        <when>2025-01-01T00:37:29.2262440Z</when>
        <gx:coord>12.638977 51.31064 683.0881</gx:coord>
        <when>2025-01-01T00:37:34.2252440Z</when>
        <gx:coord>12.635393 51.310787 683.0881</gx:coord>
        <when>2025-01-01T00:37:39.2262440Z</when>
        <gx:coord>12.631745 51.31096 683.0881</gx:coord>
        <when>2025-01-01T00:37:44.2262440Z</when>
        <gx:coord>12.628098 51.311153 684.612</gx:coord>
        <when>2025-01-01T00:37:49.2262440Z</when>
        <gx:coord>12.624472 51.311367 681.5641</gx:coord>
        <when>2025-01-01T00:37:54.2252440Z</when>
        <gx:coord>12.620802 51.311604 675.4681</gx:coord>
        <when>2025-01-01T00:37:56.8122440Z</when>
        <gx:coord>12.618591 51.311775 670.896</gx:coord>
        <when>2025-01-01T00:37:58.8212440Z</when>
        <gx:coord>12.617132 51.311905 669.372</gx:coord>
        <when>2025-01-01T00:37:59.2262440Z</when>
        <gx:coord>12.617132 51.311905 669.372</gx:coord>
        <when>2025-01-01T00:38:04.2262440Z</when>
        <gx:coord>12.6134205 51.312138 669.372</gx:coord>
        <when>2025-01-01T00:38:09.2262440Z</when>
        <gx:coord>12.60973 51.312397 663.276</gx:coord>
        <when>2025-01-01T00:38:14.2262440Z</when>
        <gx:coord>12.605996 51.312653 651.084</gx:coord>
        <when>2025-01-01T00:38:19.2252440Z</when>
        <gx:coord>12.602305 51.312912 646.5121</gx:coord>
        <when>2025-01-01T00:38:24.2492440Z</when>
        <gx:coord>12.598658 51.313126 643.464</gx:coord>
        <when>2025-01-01T00:38:27.8152440Z</when>
        <gx:coord>12.595696 51.313255 637.368</gx:coord>
        <when>2025-01-01T00:38:29.2262440Z</when>
        <gx:coord>12.594946 51.313297 634.32</gx:coord>
        <when>2025-01-01T00:38:34.2262440Z</when>
        <gx:coord>12.591233 51.31351 622.128</gx:coord>
        <when>2025-01-01T00:38:34.8232440Z</when>
        <gx:coord>12.590483 51.313534 622.128</gx:coord>
        <when>2025-01-01T00:38:39.2262440Z</when>
        <gx:coord>12.587479 51.313705 617.556</gx:coord>
        <when>2025-01-01T00:38:43.8132440Z</when>
        <gx:coord>12.583723 51.313877 605.364</gx:coord>
        <when>2025-01-01T00:38:44.2262440Z</when>
        <gx:coord>12.583723 51.313877 605.364</gx:coord>
        <when>2025-01-01T00:38:49.2262440Z</when>
        <gx:coord>12.579926 51.31405 605.364</gx:coord>
        <when>2025-01-01T00:38:54.2262440Z</when>
        <gx:coord>12.576149 51.31418 606.888</gx:coord>
        <when>2025-01-01T00:38:56.1162440Z</when>
        <gx:coord>12.574646 51.31422 609.93604</gx:coord>
        <when>2025-01-01T00:38:59.2262440Z</when>
        <gx:coord>12.572372 51.314262 612.984</gx:coord>
        <when>2025-01-01T00:39:04.2262440Z</when>
        <gx:coord>12.56866 51.314434 616.032</gx:coord>
        <when>2025-01-01T00:39:09.2262440Z</when>
        <gx:coord>12.564969 51.314564 609.93604</gx:coord>
        <when>2025-01-01T00:39:10.8222440Z</when>
        <gx:coord>12.563488 51.31463 609.93604</gx:coord>
        <when>2025-01-01T00:39:14.2262440Z</when>
        <gx:coord>12.561256 51.314693 617.556</gx:coord>
        <when>2025-01-01T00:39:19.2332440Z</when>
        <gx:coord>12.557588 51.3148 619.08</gx:coord>
        <when>2025-01-01T00:39:24.2632440Z</when>
        <gx:coord>12.55394 51.314907 605.364</gx:coord>
        <when>2025-01-01T00:39:29.2262440Z</when>
        <gx:coord>12.550206 51.3151 599.268</gx:coord>
        <when>2025-01-01T00:39:34.2262440Z</when>
        <gx:coord>12.546537 51.315422 591.648</gx:coord>
        <when>2025-01-01T00:39:39.2642440Z</when>
        <gx:coord>12.5429325 51.315807 593.172</gx:coord>
        <when>2025-01-01T00:39:42.8132440Z</when>
        <gx:coord>12.540829 51.316044 596.22003</gx:coord>
        <when>2025-01-01T00:39:43.8152440Z</when>
        <gx:coord>12.540142 51.31613 596.22003</gx:coord>
        <when>2025-01-01T00:39:44.2272440Z</when>
        <gx:coord>12.539455 51.31624 596.22003</gx:coord>
        <when>2025-01-01T00:39:47.8222440Z</when>
        <gx:coord>12.536753 51.316647 597.744</gx:coord>
        <when>2025-01-01T00:39:49.2272440Z</when>
        <gx:coord>12.536066 51.316753 599.268</gx:coord>
        <when>2025-01-01T00:39:54.2282440Z</when>
        <gx:coord>12.532719 51.31727 594.696</gx:coord>
        <when>2025-01-01T00:39:59.2272440Z</when>
        <gx:coord>12.529349 51.317783 590.124</gx:coord>
        <when>2025-01-01T00:40:04.2272440Z</when>
        <gx:coord>12.525959 51.318233 577.932</gx:coord>
        <when>2025-01-01T00:40:05.8152440Z</when>
        <gx:coord>12.524607 51.318405 573.36</gx:coord>
        <when>2025-01-01T00:40:09.2272440Z</when>
        <gx:coord>12.522547 51.31864 570.312</gx:coord>
        <when>2025-01-01T00:40:14.2272440Z</when>
        <gx:coord>12.519178 51.31909 570.312</gx:coord>
        <when>2025-01-01T00:40:19.2272440Z</when>
        <gx:coord>12.51581 51.3195 565.74</gx:coord>
        <when>2025-01-01T00:40:24.2572440Z</when>
        <gx:coord>12.512484 51.31995 567.26404</gx:coord>
        <when>2025-01-01T00:40:26.8222440Z</when>
        <gx:coord>12.5105095 51.320206 571.836</gx:coord>
        <when>2025-01-01T00:40:29.2272440Z</when>
        <gx:coord>12.509201 51.3204 571.836</gx:coord>
        <when>2025-01-01T00:40:34.2272440Z</when>
        <gx:coord>12.505875 51.320873 570.312</gx:coord>
        <when>2025-01-01T00:40:39.2272440Z</when>
        <gx:coord>12.50257 51.32139 579.456</gx:coord>
        <when>2025-01-01T00:40:44.2272440Z</when>
        <gx:coord>12.499245 51.321903 591.648</gx:coord>
        <when>2025-01-01T00:40:49.2272440Z</when>
        <gx:coord>12.495875 51.322372 590.124</gx:coord>
        <when>2025-01-01T00:40:54.2272440Z</when>
        <gx:coord>12.492485 51.322803 580.98</gx:coord>
        <when>2025-01-01T00:40:59.2262440Z</when>
        <gx:coord>12.489073 51.32321 580.98</gx:coord>
        <when>2025-01-01T00:41:04.2272440Z</when>
        <gx:coord>12.485704 51.323746 576.408</gx:coord>
        <when>2025-01-01T00:41:05.8222440Z</when>
        <gx:coord>12.484374 51.323982 576.408</gx:coord>
        <when>2025-01-01T00:41:09.2272440Z</when>
        <gx:coord>12.482378 51.324326 576.408</gx:coord>
        <when>2025-01-01T00:41:14.2272440Z</when>
        <gx:coord>12.479031 51.324886 568.788</gx:coord>
        <when>2025-01-01T00:41:19.2272440Z</when>
        <gx:coord>12.475619 51.3254 564.216</gx:coord>
        <when>2025-01-01T00:41:24.2462440Z</when>
        <gx:coord>12.472272 51.325916 573.36</gx:coord>
        <when>2025-01-01T00:41:29.2272440Z</when>
        <gx:coord>12.46901 51.326385 574.88403</gx:coord>
        <when>2025-01-01T00:41:34.2272440Z</when>
        <gx:coord>12.465792 51.32686 579.456</gx:coord>
        <when>2025-01-01T00:41:39.2272440Z</when>
        <gx:coord>12.462551 51.327374 576.408</gx:coord>
        <when>2025-01-01T00:41:44.2282440Z</when>
        <gx:coord>12.459269 51.32793 576.408</gx:coord>
        <when>2025-01-01T00:41:45.8232440Z</when>
        <gx:coord>12.45796 51.328167 580.98</gx:coord>
        <when>2025-01-01T00:41:49.2282440Z</when>
        <gx:coord>12.456007 51.32851 591.648</gx:coord>
        <when>2025-01-01T00:41:54.2272440Z</when>
        <gx:coord>12.45281 51.32909 597.744</gx:coord>
        <when>2025-01-01T00:41:59.2282440Z</when>
        <gx:coord>12.44957 51.329647 596.22003</gx:coord>
        <when>2025-01-01T00:42:04.2282440Z</when>
        <gx:coord>12.446287 51.33027 597.744</gx:coord>
        <when>2025-01-01T00:42:07.8152440Z</when>
        <gx:coord>12.443604 51.330765 606.888</gx:coord>
        <when>2025-01-01T00:42:09.2272440Z</when>
        <gx:coord>12.442918 51.330894 608.412</gx:coord>
        <when>2025-01-01T00:42:14.2282440Z</when>
        <gx:coord>12.4395485 51.33156 626.7001</gx:coord>
        <when>2025-01-01T00:42:19.2282440Z</when>
        <gx:coord>12.436137 51.332245 632.7961</gx:coord>
        <when>2025-01-01T00:42:24.2312440Z</when>
        <gx:coord>12.432704 51.33293 634.32</gx:coord>
        <when>2025-01-01T00:42:24.8232440Z</when>
        <gx:coord>12.432017 51.33308 634.32</gx:coord>
        <when>2025-01-01T00:42:26.8142440Z</when>
        <gx:coord>12.430622 51.33338 643.464</gx:coord>
        <when>2025-01-01T00:42:29.2282440Z</when>
        <gx:coord>12.429207 51.333702 640.4161</gx:coord>
        <when>2025-01-01T00:42:34.2282440Z</when>
        <gx:coord>12.425623 51.334435 632.7961</gx:coord>
        <when>2025-01-01T00:42:39.2282440Z</when>
        <gx:coord>12.422061 51.335186 622.128</gx:coord>
        <when>2025-01-01T00:42:44.2282440Z</when>
        <gx:coord>12.418499 51.336044 612.984</gx:coord>
        <when>2025-01-01T00:42:44.8152440Z</when>
        <gx:coord>12.417791 51.336216 611.46</gx:coord>
        <when>2025-01-01T00:42:49.2282440Z</when>
        <gx:coord>12.414894 51.336857 599.268</gx:coord>
        <when>2025-01-01T00:42:54.2282440Z</when>
        <gx:coord>12.411396 51.337673 612.984</gx:coord>
        <when>2025-01-01T00:42:59.2282440Z</when>
        <gx:coord>12.408049 51.338448 625.1761</gx:coord>
        <when>2025-01-01T00:43:00.8232440Z</when>
        <gx:coord>12.406697 51.338726 626.7001</gx:coord>
        <when>2025-01-01T00:43:04.2282440Z</when>
        <gx:coord>12.404637 51.339176 629.748</gx:coord>
        <when>2025-01-01T00:43:09.2272440Z</when>
        <gx:coord>12.401204 51.339993 632.7961</gx:coord>
        <when>2025-01-01T00:43:14.2282440Z</when>
        <gx:coord>12.397728 51.340786 637.368</gx:coord>
        <when>2025-01-01T00:43:19.2282440Z</when>
        <gx:coord>12.394188 51.341537 631.27203</gx:coord>
        <when>2025-01-01T00:43:24.2552440Z</when>
        <gx:coord>12.390625 51.342243 632.7961</gx:coord>
        <when>2025-01-01T00:43:26.8162440Z</when>
        <gx:coord>12.388501 51.34252 644.98804</gx:coord>
        <when>2025-01-01T00:43:29.2332440Z</when>
        <gx:coord>12.387106 51.34261 651.084</gx:coord>
        <when>2025-01-01T00:43:29.8172440Z</when>
        <gx:coord>12.387106 51.34261 651.084</gx:coord>
        <when>2025-01-01T00:43:34.2292440Z</when>
        <gx:coord>12.383652 51.342545 654.1321</gx:coord>
        <when>2025-01-01T00:43:36.8152440Z</when>
        <gx:coord>12.382299 51.342438 652.60803</gx:coord>
        <when>2025-01-01T00:43:38.8232440Z</when>
        <gx:coord>12.3802395 51.34218 648.036</gx:coord>
        <when>2025-01-01T00:43:39.2282440Z</when>
        <gx:coord>12.3802395 51.34218 646.5121</gx:coord>
        <when>2025-01-01T00:43:42.8172440Z</when>
        <gx:coord>12.378223 51.341816 643.464</gx:coord>
        <when>2025-01-01T00:43:44.2292440Z</when>
        <gx:coord>12.376936 51.34149 643.464</gx:coord>
        <when>2025-01-01T00:43:49.2292440Z</when>
        <gx:coord>12.373652 51.340744 637.368</gx:coord>
        <when>2025-01-01T00:43:53.8182440Z</when>
        <gx:coord>12.370884 51.340336 632.7961</gx:coord>
        <when>2025-01-01T00:43:54.2282440Z</when>
        <gx:coord>12.370197 51.34027 631.27203</gx:coord>
        <when>2025-01-01T00:43:59.2292440Z</when>
        <gx:coord>12.366614 51.340034 625.1761</gx:coord>
        <when>2025-01-01T00:44:04.2292440Z</when>
        <gx:coord>12.3629875 51.33997 619.08</gx:coord>
        <when>2025-01-01T00:44:07.8162440Z</when>
        <gx:coord>12.360069 51.339928 612.984</gx:coord>
        <when>2025-01-01T00:44:09.2292440Z</when>
        <gx:coord>12.359362 51.339928 611.46</gx:coord>
        <when>2025-01-01T00:44:14.2292440Z</when>
        <gx:coord>12.355757 51.339905 609.93604</gx:coord>
        <when>2025-01-01T00:44:16.8252440Z</when>
        <gx:coord>12.353632 51.339928 609.93604</gx:coord>
        <when>2025-01-01T00:44:19.2292440Z</when>
        <gx:coord>12.352217 51.339928 603.84</gx:coord>
        <when>2025-01-01T00:44:19.8172440Z</when>
        <gx:coord>12.352217 51.339928 603.84</gx:coord>
        <when>2025-01-01T00:44:24.2592440Z</when>
        <gx:coord>12.348612 51.33997 597.744</gx:coord>
        <when>2025-01-01T00:44:29.2292440Z</when>
        <gx:coord>12.345071 51.34001 597.744</gx:coord>
        <when>2025-01-01T00:44:34.2292440Z</when>
        <gx:coord>12.341488 51.3401 605.364</gx:coord>
        <when>2025-01-01T00:44:39.2292440Z</when>
        <gx:coord>12.337883 51.340225 609.93604</gx:coord>
        <when>2025-01-01T00:44:44.2292440Z</when>
        <gx:coord>12.334278 51.34046 611.46</gx:coord>
        <when>2025-01-01T00:44:49.2292440Z</when>
        <gx:coord>12.330694 51.3407 597.744</gx:coord>
        <when>2025-01-01T00:44:54.2312440Z</when>
        <gx:coord>12.327132 51.340977 590.124</gx:coord>
        <when>2025-01-01T00:44:54.8242440Z</when>
        <gx:coord>12.326403 51.341022 590.124</gx:coord>
        <when>2025-01-01T00:44:59.2292440Z</when>
        <gx:coord>12.32357 51.341278 588.60004</gx:coord>
        <when>2025-01-01T00:45:04.2292440Z</when>
        <gx:coord>12.320051 51.3416 591.648</gx:coord>
        <when>2025-01-01T00:45:09.2292440Z</when>
        <gx:coord>12.316597 51.34194 590.124</gx:coord>
        <when>2025-01-01T00:45:14.2292440Z</when>
        <gx:coord>12.313164 51.342266 588.60004</gx:coord>
        <when>2025-01-01T00:45:19.2292440Z</when>
        <gx:coord>12.309645 51.342503 585.552</gx:coord>
        <when>2025-01-01T00:45:24.2612440Z</when>
        <gx:coord>12.306104 51.34276 587.076</gx:coord>
        <when>2025-01-01T00:45:29.2302440Z</when>
        <gx:coord>12.302563 51.3431 600.792</gx:coord>
        <when>2025-01-01T00:45:32.8242440Z</when>
        <gx:coord>12.299774 51.343445 603.84</gx:coord>
        <when>2025-01-01T00:45:34.2302440Z</when>
        <gx:coord>12.299066 51.343533 605.364</gx:coord>
        <when>2025-01-01T00:45:39.2322440Z</when>
        <gx:coord>12.295547 51.343918 617.556</gx:coord>
        <when>2025-01-01T00:45:44.2292440Z</when>
        <gx:coord>12.291985 51.34424 634.32</gx:coord>
        <when>2025-01-01T00:45:48.8162440Z</when>
        <gx:coord>12.288423 51.34452 644.98804</gx:coord>
        <when>2025-01-01T00:45:49.2302440Z</when>
        <gx:coord>12.288423 51.34452 644.98804</gx:coord>
        <when>2025-01-01T00:45:54.2292440Z</when>
        <gx:coord>12.284775 51.3448 644.98804</gx:coord>
        <when>2025-01-01T00:45:59.2302440Z</when>
        <gx:coord>12.281084 51.345097 648.036</gx:coord>
        <when>2025-01-01T00:46:04.2302440Z</when>
        <gx:coord>12.277372 51.34527 649.56</gx:coord>
        <when>2025-01-01T00:46:07.8182440Z</when>
        <gx:coord>12.275183 51.345463 657.18</gx:coord>
        <when>2025-01-01T00:46:09.2302440Z</when>
        <gx:coord>12.273767 51.3457 658.704</gx:coord>
        <when>2025-01-01T00:46:09.8122440Z</when>
        <gx:coord>12.273081 51.345848 658.704</gx:coord>
        <when>2025-01-01T00:46:10.8162440Z</when>
        <gx:coord>12.273081 51.345848 658.704</gx:coord>
        <when>2025-01-01T00:46:13.8122440Z</when>
        <gx:coord>12.271171 51.346493 669.372</gx:coord>
        <when>2025-01-01T00:46:14.2302440Z</when>
        <gx:coord>12.27057 51.34677 670.896</gx:coord>
        <when>2025-01-01T00:46:15.8182440Z</when>
        <gx:coord>12.270012 51.34705 672.42</gx:coord>
        <when>2025-01-01T00:46:17.8142440Z</when>
        <gx:coord>12.269003 51.347717 673.9441</gx:coord>
        <when>2025-01-01T00:46:19.2302440Z</when>
        <gx:coord>12.268124 51.348423 672.42</gx:coord>
        <when>2025-01-01T00:46:22.8152440Z</when>
        <gx:coord>12.267008 51.349606 666.32404</gx:coord>
        <when>2025-01-01T00:46:24.2312440Z</when>
        <gx:coord>12.266364 51.35044 663.276</gx:coord>
        <when>2025-01-01T00:46:29.2302440Z</when>
        <gx:coord>12.264969 51.352543 661.7521</gx:coord>
        <when>2025-01-01T00:46:33.8172440Z</when>
        <gx:coord>12.264047 51.354282 652.60803</gx:coord>
        <when>2025-01-01T00:46:34.2302440Z</when>
        <gx:coord>12.263853 51.35471 652.60803</gx:coord>
        <when>2025-01-01T00:46:39.2302440Z</when>
        <gx:coord>12.262974 51.35694 649.56</gx:coord>
        <when>2025-01-01T00:46:44.2302440Z</when>
        <gx:coord>12.26203 51.359108 641.94</gx:coord>
        <when>2025-01-01T00:46:47.8172440Z</when>
        <gx:coord>12.261171 51.360825 637.368</gx:coord>
        <when>2025-01-01T00:46:49.2302440Z</when>
        <gx:coord>12.260957 51.361233 634.32</gx:coord>
        <when>2025-01-01T00:46:54.2572440Z</when>
        <gx:coord>12.259863 51.36334 629.748</gx:coord>
        <when>2025-01-01T00:46:59.2302440Z</when>
        <gx:coord>12.258833 51.365417 625.1761</gx:coord>
        <when>2025-01-01T00:47:04.2302440Z</when>
        <gx:coord>12.257781 51.36746 635.844</gx:coord>
        <when>2025-01-01T00:47:09.2302440Z</when>
        <gx:coord>12.256794 51.36952 640.4161</gx:coord>
        <when>2025-01-01T00:47:14.2312440Z</when>
        <gx:coord>12.255807 51.371555 635.844</gx:coord>
        <when>2025-01-01T00:47:19.2312440Z</when>
        <gx:coord>12.254841 51.373592 634.32</gx:coord>
        <when>2025-01-01T00:47:24.2642440Z</when>
        <gx:coord>12.253855 51.375633 628.224</gx:coord>
        <when>2025-01-01T00:47:26.8222440Z</when>
        <gx:coord>12.253232 51.376854 626.7001</gx:coord>
        <when>2025-01-01T00:47:29.2312440Z</when>
        <gx:coord>12.252803 51.377647 629.748</gx:coord>
        <when>2025-01-01T00:47:34.2312440Z</when>
        <gx:coord>12.251773 51.379623 622.128</gx:coord>
        <when>2025-01-01T00:47:39.2312440Z</when>
        <gx:coord>12.250679 51.38166 622.128</gx:coord>
        <when>2025-01-01T00:47:44.2302440Z</when>
        <gx:coord>12.249498 51.3837 624.396</gx:coord>
        <when>2025-01-01T00:47:49.2312440Z</when>
        <gx:coord>12.248211 51.38576 624.396</gx:coord>
        <when>2025-01-01T00:47:54.2312440Z</when>
        <gx:coord>12.246902 51.3878 619.824</gx:coord>
        <when>2025-01-01T00:47:59.2312440Z</when>
        <gx:coord>12.245593 51.389816 616.776</gx:coord>
        <when>2025-01-01T00:48:04.2312440Z</when>
        <gx:coord>12.2443695 51.391834 622.872</gx:coord>
        <when>2025-01-01T00:48:05.8232440Z</when>
        <gx:coord>12.243898 51.392647 627.444</gx:coord>
        <when>2025-01-01T00:48:09.2312440Z</when>
        <gx:coord>12.243212 51.39383 642.68396</gx:coord>
        <when>2025-01-01T00:48:14.2322440Z</when>
        <gx:coord>12.242096 51.3958 656.39996</gx:coord>
        <when>2025-01-01T00:48:19.2312440Z</when>
        <gx:coord>12.240936 51.397797 656.39996</gx:coord>
        <when>2025-01-01T00:48:24.2612440Z</when>
        <gx:coord>12.239842 51.399837 650.30396</gx:coord>
        <when>2025-01-01T00:48:29.2312440Z</when>
        <gx:coord>12.238684 51.401917 648.77997</gx:coord>
        <when>2025-01-01T00:48:34.2312440Z</when>
        <gx:coord>12.237503 51.404 650.30396</gx:coord>
        <when>2025-01-01T00:48:39.2312440Z</when>
        <gx:coord>12.23628 51.406082 648.77997</gx:coord>
        <when>2025-01-01T00:48:44.2322440Z</when>
        <gx:coord>12.235079 51.408184 639.636</gx:coord>
        <when>2025-01-01T00:48:44.8242440Z</when>
        <gx:coord>12.234821 51.408592 639.636</gx:coord>
        <when>2025-01-01T00:48:49.2322440Z</when>
        <gx:coord>12.233856 51.410286 635.06396</gx:coord>
        <when>2025-01-01T00:48:54.2312440Z</when>
        <gx:coord>12.232868 51.412434 632.016</gx:coord>
        <when>2025-01-01T00:48:59.2322440Z</when>
        <gx:coord>12.23201 51.414513 630.49207</gx:coord>
        <when>2025-01-01T00:49:04.2322440Z</when>
        <gx:coord>12.231131 51.416573 627.444</gx:coord>
        <when>2025-01-01T00:49:09.2322440Z</when>
        <gx:coord>12.230229 51.418633 622.872</gx:coord>
        <when>2025-01-01T00:49:14.2322440Z</when>
        <gx:coord>12.229349 51.420692 622.872</gx:coord>
        <when>2025-01-01T00:49:19.2322440Z</when>
        <gx:coord>12.228449 51.422733 622.872</gx:coord>
        <when>2025-01-01T00:49:23.8242440Z</when>
        <gx:coord>12.227569 51.42473 624.396</gx:coord>
        <when>2025-01-01T00:49:24.2612440Z</when>
        <gx:coord>12.227569 51.42473 624.396</gx:coord>
        <when>2025-01-01T00:49:29.2322440Z</when>
        <gx:coord>12.226603 51.4267 628.96796</gx:coord>
        <when>2025-01-01T00:49:34.2322440Z</when>
        <gx:coord>12.225658 51.428677 635.06396</gx:coord>
        <when>2025-01-01T00:49:39.2322440Z</when>
        <gx:coord>12.224951 51.430714 635.06396</gx:coord>
        <when>2025-01-01T00:49:44.2322440Z</when>
        <gx:coord>12.224285 51.43273 635.06396</gx:coord>
        <when>2025-01-01T00:49:49.2322440Z</when>
        <gx:coord>12.2235985 51.434727 632.016</gx:coord>
        <when>2025-01-01T00:49:54.2332440Z</when>
        <gx:coord>12.222891 51.436745 628.96796</gx:coord>
        <when>2025-01-01T00:49:59.2322440Z</when>
        <gx:coord>12.222183 51.438824 622.872</gx:coord>
        <when>2025-01-01T00:50:04.2572440Z</when>
        <gx:coord>12.221453 51.440884 622.872</gx:coord>
        <when>2025-01-01T00:50:04.8172440Z</when>
        <gx:coord>12.221303 51.441315 622.872</gx:coord>
        <when>2025-01-01T00:50:09.2332440Z</when>
        <gx:coord>12.220724 51.442944 627.444</gx:coord>
        <when>2025-01-01T00:50:14.2322440Z</when>
        <gx:coord>12.219887 51.444984 621.34796</gx:coord>
        <when>2025-01-01T00:50:19.2332440Z</when>
        <gx:coord>12.219135 51.447063 618.3</gx:coord>
        <when>2025-01-01T00:50:24.2672440Z</when>
        <gx:coord>12.218363 51.44917 615.25195</gx:coord>
        <when>2025-01-01T00:50:29.2332440Z</when>
        <gx:coord>12.217548 51.45125 615.25195</gx:coord>
        <when>2025-01-01T00:50:34.2332440Z</when>
        <gx:coord>12.216776 51.45331 616.776</gx:coord>
        <when>2025-01-01T00:50:36.8192440Z</when>
        <gx:coord>12.216261 51.45455 613.72797</gx:coord>
        <when>2025-01-01T00:50:39.2332440Z</when>
        <gx:coord>12.215939 51.455368 609.156</gx:coord>
        <when>2025-01-01T00:50:44.2332440Z</when>
        <gx:coord>12.215166 51.45745 603.06</gx:coord>
        <when>2025-01-01T00:50:44.8242440Z</when>
        <gx:coord>12.215015 51.45786 603.06</gx:coord>
        <when>2025-01-01T00:50:49.2332440Z</when>
        <gx:coord>12.214479 51.459488 598.488</gx:coord>
        <when>2025-01-01T00:50:54.2332440Z</when>
        <gx:coord>12.213772 51.46153 589.344</gx:coord>
        <when>2025-01-01T00:50:57.8192440Z</when>
        <gx:coord>12.213299 51.46318 580.19995</gx:coord>
        <when>2025-01-01T00:50:59.2332440Z</when>
        <gx:coord>12.213192 51.46359 578.67596</gx:coord>
        <when>2025-01-01T00:51:02.8942440Z</when>
        <gx:coord>12.212742 51.46526 572.57996</gx:coord>
        <when>2025-01-01T00:51:04.2322440Z</when>
        <gx:coord>12.212634 51.465668 575.628</gx:coord>
        <when>2025-01-01T00:51:09.2332440Z</when>
        <gx:coord>12.212119 51.46771 587.82</gx:coord>
        <when>2025-01-01T00:51:14.2322440Z</when>
        <gx:coord>12.211647 51.46968 596.964</gx:coord>
        <when>2025-01-01T00:51:19.2332440Z</when>
        <gx:coord>12.211239 51.471676 600.01196</gx:coord>
        <when>2025-01-01T00:51:24.2562440Z</when>
        <gx:coord>12.210917 51.47367 607.63196</gx:coord>
        <when>2025-01-01T00:51:24.8212440Z</when>
        <gx:coord>12.210917 51.47367 607.63196</gx:coord>
        <when>2025-01-01T00:51:24.8292440Z</when>
        <gx:coord>12.210917 51.47367 607.63196</gx:coord>
        <when>2025-01-01T00:51:25.8282440Z</when>
        <gx:coord>12.21081 51.474464 609.156</gx:coord>
        <when>2025-01-01T00:51:25.8292440Z</when>
        <gx:coord>12.21081 51.474464 610.68</gx:coord>
        <when>2025-01-01T00:51:29.2332440Z</when>
        <gx:coord>12.210617 51.475647 612.204</gx:coord>
        <when>2025-01-01T00:51:34.2332440Z</when>
        <gx:coord>12.210188 51.47762 610.68</gx:coord>
        <when>2025-01-01T00:51:39.2332440Z</when>
        <gx:coord>12.20978 51.479595 607.63196</gx:coord>
        <when>2025-01-01T00:51:44.2332440Z</when>
        <gx:coord>12.209287 51.48159 606.108</gx:coord>
        <when>2025-01-01T00:51:47.8212440Z</when>
        <gx:coord>12.208879 51.48277 609.156</gx:coord>
        <when>2025-01-01T00:51:49.2332440Z</when>
        <gx:coord>12.208428 51.48352 613.72797</gx:coord>
        <when>2025-01-01T00:51:50.8202440Z</when>
        <gx:coord>12.208128 51.483887 616.776</gx:coord>
        <when>2025-01-01T00:51:53.8242440Z</when>
        <gx:coord>12.206947 51.484875 624.396</gx:coord>
        <when>2025-01-01T00:51:54.2332440Z</when>
        <gx:coord>12.206497 51.485195 625.92</gx:coord>
        <when>2025-01-01T00:51:56.8202440Z</when>
        <gx:coord>12.205446 51.48571 624.396</gx:coord>
        <when>2025-01-01T00:51:59.2382440Z</when>
        <gx:coord>12.203686 51.486397 621.34796</gx:coord>
        <when>2025-01-01T00:52:00.8222440Z</when>
        <gx:coord>12.203064 51.48659 622.872</gx:coord>
        <when>2025-01-01T00:52:04.2342440Z</when>
        <gx:coord>12.200382 51.487106 621.34796</gx:coord>
        <when>2025-01-01T00:52:04.8222440Z</when>
        <gx:coord>12.200382 51.487106 621.34796</gx:coord>
        <when>2025-01-01T00:52:09.2382440Z</when>
        <gx:coord>12.196949 51.487427 612.204</gx:coord>
        <when>2025-01-01T00:52:09.8202440Z</when>
        <gx:coord>12.196949 51.487427 612.204</gx:coord>
        <when>2025-01-01T00:52:12.8292440Z</when>
        <gx:coord>12.194117 51.48762 606.108</gx:coord>
        <when>2025-01-01T00:52:14.2332440Z</when>
        <gx:coord>12.193386 51.487663 601.536</gx:coord>
        <when>2025-01-01T00:52:19.2332440Z</when>
        <gx:coord>12.189803 51.48792 593.91595</gx:coord>
        <when>2025-01-01T00:52:24.2582440Z</when>
        <gx:coord>12.186176 51.48818 592.39197</gx:coord>
        <when>2025-01-01T00:52:29.2342440Z</when>
        <gx:coord>12.182571 51.48839 600.01196</gx:coord>
        <when>2025-01-01T00:52:34.2342440Z</when>
        <gx:coord>12.178988 51.488564 609.156</gx:coord>
        <when>2025-01-01T00:52:39.2342440Z</when>
        <gx:coord>12.1754055 51.488735 609.156</gx:coord>
        <when>2025-01-01T00:52:44.2342440Z</when>
        <gx:coord>12.171801 51.488865 610.68</gx:coord>
        <when>2025-01-01T00:52:49.2342440Z</when>
        <gx:coord>12.16826 51.48893 616.776</gx:coord>
        <when>2025-01-01T00:52:50.8302440Z</when>
        <gx:coord>12.166843 51.48897 616.776</gx:coord>
        <when>2025-01-01T00:52:54.2342440Z</when>
        <gx:coord>12.164719 51.489037 619.824</gx:coord>
        <when>2025-01-01T00:52:59.2342440Z</when>
        <gx:coord>12.1612 51.48925 618.3</gx:coord>
        <when>2025-01-01T00:53:04.2342440Z</when>
        <gx:coord>12.157702 51.48957 612.204</gx:coord>
        <when>2025-01-01T00:53:09.2342440Z</when>
        <gx:coord>12.154183 51.48998 616.776</gx:coord>
        <when>2025-01-01T00:53:14.2342440Z</when>
        <gx:coord>12.150728 51.490475 618.3</gx:coord>
        <when>2025-01-01T00:53:19.2342440Z</when>
        <gx:coord>12.147253 51.49112 609.156</gx:coord>
        <when>2025-01-01T00:53:24.2572440Z</when>
        <gx:coord>12.143755 51.491867 606.108</gx:coord>
        <when>2025-01-01T00:53:26.8212440Z</when>
        <gx:coord>12.142382 51.49219 607.63196</gx:coord>
        <when>2025-01-01T00:53:28.8302440Z</when>
        <gx:coord>12.140343 51.492725 609.156</gx:coord>
        <when>2025-01-01T00:53:29.2342440Z</when>
        <gx:coord>12.140343 51.492725 609.156</gx:coord>
        <when>2025-01-01T00:53:34.2352440Z</when>
        <gx:coord>12.136974 51.493584 604.584</gx:coord>
        <when>2025-01-01T00:53:39.2342440Z</when>
        <gx:coord>12.133692 51.49453 596.964</gx:coord>
        <when>2025-01-01T00:53:44.2352440Z</when>
        <gx:coord>12.130516 51.495537 592.39197</gx:coord>
        <when>2025-01-01T00:53:48.8222440Z</when>
        <gx:coord>12.12734 51.496548 577.152</gx:coord>
        <when>2025-01-01T00:53:49.2342440Z</when>
        <gx:coord>12.12734 51.496548 577.152</gx:coord>
        <when>2025-01-01T00:53:54.2352440Z</when>
        <gx:coord>12.124165 51.497578 563.436</gx:coord>
        <when>2025-01-01T00:53:59.2352440Z</when>
        <gx:coord>12.121053 51.498627 557.33997</gx:coord>
        <when>2025-01-01T00:54:04.2352440Z</when>
        <gx:coord>12.117941 51.49968 546.672</gx:coord>
        <when>2025-01-01T00:54:06.8302440Z</when>
        <gx:coord>12.116032 51.50028 552.768</gx:coord>
        <when>2025-01-01T00:54:09.2352440Z</when>
        <gx:coord>12.114765 51.500687 551.24396</gx:coord>
        <when>2025-01-01T00:54:13.8212440Z</when>
        <gx:coord>12.111611 51.501698 545.148</gx:coord>
        <when>2025-01-01T00:54:14.2352440Z</when>
        <gx:coord>12.111611 51.501698 545.148</gx:coord>
        <when>2025-01-01T00:54:19.2352440Z</when>
        <gx:coord>12.108543 51.50277 531.432</gx:coord>
        <when>2025-01-01T00:54:24.2592440Z</when>
        <gx:coord>12.105581 51.503883 519.24</gx:coord>
        <when>2025-01-01T00:54:25.8222440Z</when>
        <gx:coord>12.10438 51.504333 513.144</gx:coord>
        <when>2025-01-01T00:54:29.2352440Z</when>
        <gx:coord>12.102599 51.50502 505.52402</gx:coord>
        <when>2025-01-01T00:54:34.2352440Z</when>
        <gx:coord>12.099659 51.506115 493.33197</gx:coord>
        <when>2025-01-01T00:54:36.8222440Z</when>
        <gx:coord>12.097878 51.506783 481.13998</gx:coord>
        <when>2025-01-01T00:54:39.2552440Z</when>
        <gx:coord>12.096677 51.507233 470.472</gx:coord>
        <when>2025-01-01T00:54:42.8262440Z</when>
        <gx:coord>12.094896 51.507942 459.80402</gx:coord>
        <when>2025-01-01T00:54:44.2352440Z</when>
        <gx:coord>12.093695 51.50841 453.708</gx:coord>
        <when>2025-01-01T00:54:44.8182440Z</when>
        <gx:coord>12.093115 51.50867 450.65997</gx:coord>
        <when>2025-01-01T00:54:45.8522440Z</when>
        <gx:coord>12.092514 51.508907 450.65997</gx:coord>
        <when>2025-01-01T00:54:49.2672440Z</when>
        <gx:coord>12.090733 51.50966 438.46802</gx:coord>
        <when>2025-01-01T00:54:54.2362440Z</when>
        <gx:coord>12.087858 51.51101 432.372</gx:coord>
        <when>2025-01-01T00:54:59.2362440Z</when>
        <gx:coord>12.085197 51.512424 426.276</gx:coord>
        <when>2025-01-01T00:55:02.8222440Z</when>
        <gx:coord>12.0831375 51.51356 407.98798</gx:coord>
        <when>2025-01-01T00:55:03.8252440Z</when>
        <gx:coord>12.0831375 51.51356 407.98798</gx:coord>
        <when>2025-01-01T00:55:04.2352440Z</when>
        <gx:coord>12.0826645 51.513885 404.94</gx:coord>
        <when>2025-01-01T00:55:09.2352440Z</when>
        <gx:coord>12.080498 51.515472 395.79602</gx:coord>
        <when>2025-01-01T00:55:14.2362440Z</when>
        <gx:coord>12.078503 51.517124 383.604</gx:coord>
        <when>2025-01-01T00:55:17.8242440Z</when>
        <gx:coord>12.076936 51.518433 375.984</gx:coord>
        <when>2025-01-01T00:55:19.2362440Z</when>
        <gx:coord>12.076529 51.518776 374.46002</gx:coord>
        <when>2025-01-01T00:55:24.2602440Z</when>
        <gx:coord>12.074469 51.520363 366.84006</gx:coord>
        <when>2025-01-01T00:55:25.8302440Z</when>
        <gx:coord>12.073631 51.52099 363.79202</gx:coord>
        <when>2025-01-01T00:55:29.2352440Z</when>
        <gx:coord>12.072365 51.521954 359.21997</gx:coord>
        <when>2025-01-01T00:55:34.2362440Z</when>
        <gx:coord>12.070241 51.52354 351.59998</gx:coord>
        <when>2025-01-01T00:55:39.2362440Z</when>
        <gx:coord>12.067987 51.52515 348.552</gx:coord>
        <when>2025-01-01T00:55:44.2362440Z</when>
        <gx:coord>12.065714 51.52676 359.21997</gx:coord>
        <when>2025-01-01T00:55:49.2362440Z</when>
        <gx:coord>12.063396 51.528305 372.93597</gx:coord>
        <when>2025-01-01T00:55:49.9022440Z</when>
        <gx:coord>12.063396 51.528305 372.93597</gx:coord>
        <when>2025-01-01T00:55:53.8232440Z</when>
        <gx:coord>12.0613365 51.529396 382.08002</gx:coord>
        <when>2025-01-01T00:55:54.2352440Z</when>
        <gx:coord>12.060757 51.529613 385.12802</gx:coord>
        <when>2025-01-01T00:55:59.2362440Z</when>
        <gx:coord>12.057796 51.530514 386.65198</gx:coord>
        <when>2025-01-01T00:56:04.2362440Z</when>
        <gx:coord>12.054706 51.531307 383.604</gx:coord>
        <when>2025-01-01T00:56:06.8272440Z</when>
        <gx:coord>12.052839 51.531757 385.12802</gx:coord>
        <when>2025-01-01T00:56:09.2352440Z</when>
        <gx:coord>12.051594 51.53206 386.65198</gx:coord>
        <when>2025-01-01T00:56:14.2352440Z</when>
        <gx:coord>12.048483 51.53294 389.7</gx:coord>
        <when>2025-01-01T00:56:19.2352440Z</when>
        <gx:coord>12.045414 51.533882 386.65198</gx:coord>
        <when>2025-01-01T00:56:24.2552440Z</when>
        <gx:coord>12.04226 51.534676 379.03198</gx:coord>
        <when>2025-01-01T00:56:29.2352440Z</when>
        <gx:coord>12.039127 51.53547 369.888</gx:coord>
        <when>2025-01-01T00:56:34.2352440Z</when>
        <gx:coord>12.036016 51.536263 359.21997</gx:coord>
        <when>2025-01-01T00:56:38.8222440Z</when>
        <gx:coord>12.033634 51.53693 365.31598</gx:coord>
        <when>2025-01-01T00:56:39.2342440Z</when>
        <gx:coord>12.033054 51.53708 366.84006</gx:coord>
        <when>2025-01-01T00:56:40.8232440Z</when>
        <gx:coord>12.032539 51.537357 365.31598</gx:coord>
        <when>2025-01-01T00:56:44.2352440Z</when>
        <gx:coord>12.030201 51.53779 362.268</gx:coord>
        <when>2025-01-01T00:56:47.8282440Z</when>
        <gx:coord>12.027926 51.538197 362.268</gx:coord>
        <when>2025-01-01T00:56:49.2352440Z</when>
        <gx:coord>12.027519 51.53824 360.74402</gx:coord>
        <when>2025-01-01T00:56:49.8222440Z</when>
        <gx:coord>12.027519 51.53824 360.74402</gx:coord>
        <when>2025-01-01T00:56:50.8242440Z</when>
        <gx:coord>12.027046 51.53826 360.74402</gx:coord>
        <when>2025-01-01T00:56:51.8182440Z</when>
        <gx:coord>12.026596 51.539055 359.21997</gx:coord>
        <when>2025-01-01T00:56:54.2362440Z</when>
        <gx:coord>12.025116 51.53959 354.648</gx:coord>
        <when>2025-01-01T00:56:56.8212440Z</when>
        <gx:coord>12.02415 51.539978 353.12402</gx:coord>
        <when>2025-01-01T00:56:59.2352440Z</when>
        <gx:coord>12.022713 51.540512 348.552</gx:coord>
        <when>2025-01-01T00:57:00.8222440Z</when>
        <gx:coord>12.021725 51.540855 345.50397</gx:coord>
        <when>2025-01-01T00:57:04.2352440Z</when>
        <gx:coord>12.020266 51.54133 342.45602</gx:coord>
        <when>2025-01-01T00:57:09.2362440Z</when>
        <gx:coord>12.01782 51.54212 340.932</gx:coord>
        <when>2025-01-01T00:57:14.2362440Z</when>
        <gx:coord>12.015395 51.54294 342.45602</gx:coord>
        <when>2025-01-01T00:57:19.2352440Z</when>
        <gx:coord>12.012992 51.54371 337.88397</gx:coord>
        <when>2025-01-01T00:57:24.2492440Z</when>
        <gx:coord>12.010589 51.54446 331.78806</gx:coord>
        <when>2025-01-01T00:57:29.2362440Z</when>
        <gx:coord>12.008142 51.54521 328.74002</gx:coord>
        <when>2025-01-01T00:57:32.8242440Z</when>
        <gx:coord>12.006812 51.545815 331.78806</gx:coord>
        <when>2025-01-01T00:57:34.2362440Z</when>
        <gx:coord>12.006125 51.54633 336.36</gx:coord>
        <when>2025-01-01T00:57:34.8362440Z</when>
        <gx:coord>12.006125 51.54633 336.36</gx:coord>
        <when>2025-01-01T00:57:36.8152440Z</when>
        <gx:coord>12.005632 51.546906 337.88397</gx:coord>
        <when>2025-01-01T00:57:37.8412440Z</when>
        <gx:coord>12.005375 51.54753 337.88397</gx:coord>
        <when>2025-01-01T00:57:39.2362440Z</when>
        <gx:coord>12.00531 51.54785 334.836</gx:coord>
        <when>2025-01-01T00:57:39.8222440Z</when>
        <gx:coord>12.00531 51.54785 334.836</gx:coord>
        <when>2025-01-01T00:57:40.8192440Z</when>
        <gx:coord>12.005289 51.548172 333.312</gx:coord>
        <when>2025-01-01T00:57:44.2362440Z</when>
        <gx:coord>12.005482 51.54946 327.216</gx:coord>
        <when>2025-01-01T00:57:48.8222440Z</when>
        <gx:coord>12.005846 51.550682 322.64398</gx:coord>
        <when>2025-01-01T00:57:49.2362440Z</when>
        <gx:coord>12.005825 51.551006 324.16797</gx:coord>
        <when>2025-01-01T00:57:49.8402440Z</when>
        <gx:coord>12.005825 51.551006 324.16797</gx:coord>
        <when>2025-01-01T00:57:54.2362440Z</when>
        <gx:coord>12.006211 51.55253 324.16797</gx:coord>
        <when>2025-01-01T00:57:54.8252440Z</when>
        <gx:coord>12.006211 51.55253 324.16797</gx:coord>
        <when>2025-01-01T00:57:55.8252440Z</when>
        <gx:coord>12.006447 51.55283 324.16797</gx:coord>
        <when>2025-01-01T00:57:59.2372440Z</when>
        <gx:coord>12.006834 51.55403 327.216</gx:coord>
        <when>2025-01-01T00:57:59.8162440Z</when>
        <gx:coord>12.006834 51.55403 327.216</gx:coord>
        <when>2025-01-01T00:58:04.2372440Z</when>
        <gx:coord>12.007542 51.55547 321.12003</gx:coord>
        <when>2025-01-01T00:58:04.8252440Z</when>
        <gx:coord>12.007542 51.55547 321.12003</gx:coord>
        <when>2025-01-01T00:58:06.8422440Z</when>
        <gx:coord>12.008078 51.556305 315.024</gx:coord>
        <when>2025-01-01T00:58:09.2382440Z</when>
        <gx:coord>12.008443 51.55686 313.5</gx:coord>
        <when>2025-01-01T00:58:14.2382440Z</when>
        <gx:coord>12.009365 51.558193 311.976</gx:coord>
        <when>2025-01-01T00:58:19.2382440Z</when>
        <gx:coord>12.010439 51.559483 308.92798</gx:coord>
        <when>2025-01-01T00:58:19.8222440Z</when>
        <gx:coord>12.010439 51.559483 308.92798</gx:coord>
        <when>2025-01-01T00:58:23.8262440Z</when>
        <gx:coord>12.011555 51.560383 304.35602</gx:coord>
        <when>2025-01-01T00:58:24.2552440Z</when>
        <gx:coord>12.011876 51.560577 301.30798</gx:coord>
        <when>2025-01-01T00:58:27.8242440Z</when>
        <gx:coord>12.012928 51.56107 296.73602</gx:coord>
        <when>2025-01-01T00:58:29.2382440Z</when>
        <gx:coord>12.0137005 51.561306 293.688</gx:coord>
        <when>2025-01-01T00:58:30.8442440Z</when>
        <gx:coord>12.014108 51.561413 293.688</gx:coord>
        <when>2025-01-01T00:58:34.2382440Z</when>
        <gx:coord>12.015824 51.56169 284.544</gx:coord>
        <when>2025-01-01T00:58:34.8302440Z</when>
        <gx:coord>12.015824 51.56169 284.544</gx:coord>
        <when>2025-01-01T00:58:34.8302440Z</when>
        <gx:coord>12.016275 51.561714 283.02002</gx:coord>
        <when>2025-01-01T00:58:39.2392440Z</when>
        <gx:coord>12.018078 51.561714 270.828</gx:coord>
        <when>2025-01-01T00:58:39.8262440Z</when>
        <gx:coord>12.018078 51.561714 270.828</gx:coord>
        <when>2025-01-01T00:58:42.8232440Z</when>
        <gx:coord>12.019922 51.561543 258.636</gx:coord>
        <when>2025-01-01T00:58:43.8442440Z</when>
        <gx:coord>12.020373 51.561478 249.49199</gx:coord>
        <when>2025-01-01T00:58:44.2422440Z</when>
        <gx:coord>12.020373 51.561478 249.49199</gx:coord>
        <when>2025-01-01T00:58:47.8272440Z</when>
        <gx:coord>12.021769 51.56122 241.872</gx:coord>
        <when>2025-01-01T00:58:49.2392440Z</when>
        <gx:coord>12.022669 51.561028 237.30002</gx:coord>
        <when>2025-01-01T00:58:54.2382440Z</when>
        <gx:coord>12.024858 51.560513 228.15599</gx:coord>
        <when>2025-01-01T00:58:59.2382440Z</when>
        <gx:coord>12.026982 51.559975 220.536</gx:coord>
        <when>2025-01-01T00:58:59.8252440Z</when>
        <gx:coord>12.027411 51.559868 217.48799</gx:coord>
        <when>2025-01-01T00:59:04.2382440Z</when>
        <gx:coord>12.029064 51.559395 214.43999</gx:coord>
        <when>2025-01-01T00:59:09.2382440Z</when>
        <gx:coord>12.031145 51.558815 203.77202</gx:coord>
        <when>2025-01-01T00:59:14.2392440Z</when>
        <gx:coord>12.033205 51.558216 196.152</gx:coord>
        <when>2025-01-01T00:59:17.8442440Z</when>
        <gx:coord>12.034901 51.557743 187.008</gx:coord>
        <when>2025-01-01T00:59:19.2382440Z</when>
        <gx:coord>12.03533 51.557613 185.484</gx:coord>
        <when>2025-01-01T00:59:24.2522440Z</when>
        <gx:coord>12.037476 51.55699 174.816</gx:coord>
        <when>2025-01-01T00:59:29.2392440Z</when>
        <gx:coord>12.039642 51.55641 162.624</gx:coord>
        <when>2025-01-01T00:59:31.8252440Z</when>
        <gx:coord>12.040909 51.55605 155.004</gx:coord>
        <when>2025-01-01T00:59:34.2392440Z</when>
        <gx:coord>12.041745 51.555813 147.384</gx:coord>
        <when>2025-01-01T00:59:39.2392440Z</when>
        <gx:coord>12.043848 51.55521 133.668</gx:coord>
        <when>2025-01-01T00:59:40.8312440Z</when>
        <gx:coord>12.044685 51.554977 130.62</gx:coord>
        <when>2025-01-01T00:59:42.8462440Z</when>
        <gx:coord>12.0455 51.55474 124.524</gx:coord>
        <when>2025-01-01T00:59:44.2392440Z</when>
        <gx:coord>12.045908 51.554634 121.476</gx:coord>
        <when>2025-01-01T00:59:49.2392440Z</when>
        <gx:coord>12.047882 51.554073 116.90401</gx:coord>
        <when>2025-01-01T00:59:49.8252440Z</when>
        <gx:coord>12.047882 51.554073 116.90401</gx:coord>
        <when>2025-01-01T00:59:54.2402440Z</when>
        <gx:coord>12.049642 51.55356 115.38001</gx:coord>
        <when>2025-01-01T00:59:58.8252440Z</when>
        <gx:coord>12.050929 51.553196 112.332</gx:coord>
        <when>2025-01-01T00:59:59.2392440Z</when>
        <gx:coord>12.05125 51.55311 112.332</gx:coord>
        <when>2025-01-01T01:00:04.2402440Z</when>
        <gx:coord>12.052689 51.5527 112.332</gx:coord>
        <when>2025-01-01T01:00:08.8272440Z</when>
        <gx:coord>12.053719 51.552444 112.332</gx:coord>
        <when>2025-01-01T01:00:09.2402440Z</when>
        <gx:coord>12.053955 51.55238 110.808</gx:coord>
        <when>2025-01-01T01:00:14.2402440Z</when>
        <gx:coord>12.055027 51.55208 110.808</gx:coord>
        <when>2025-01-01T01:00:14.8262440Z</when>
        <gx:coord>12.055027 51.55208 110.808</gx:coord>
        <when>2025-01-01T01:00:18.8202440Z</when>
        <gx:coord>12.055586 51.551907 110.808</gx:coord>
        <when>2025-01-01T01:00:19.2402440Z</when>
        <gx:coord>12.055672 51.551888 110.808</gx:coord>
        <when>2025-01-01T01:00:20.8232440Z</when>
        <gx:coord>12.055736 51.551865 110.808</gx:coord>
        <when>2025-01-01T01:00:21.8262440Z</when>
        <gx:coord>12.0557995 51.55184 110.808</gx:coord>
        <when>2025-01-01T01:00:22.8282440Z</when>
        <gx:coord>12.055843 51.551823 110.808</gx:coord>
        <when>2025-01-01T01:00:23.8302440Z</when>
        <gx:coord>12.055864 51.551777 110.808</gx:coord>
        <when>2025-01-01T01:00:24.2652440Z</when>
        <gx:coord>12.055864 51.551735 110.808</gx:coord>
        <when>2025-01-01T01:00:24.8272440Z</when>
        <gx:coord>12.055864 51.551735 110.808</gx:coord>
        <when>2025-01-01T01:00:26.8292440Z</when>
        <gx:coord>12.055843 51.55163 110.808</gx:coord>
        <when>2025-01-01T01:00:29.2402440Z</when>
        <gx:coord>12.055736 51.55148 110.808</gx:coord>
        <when>2025-01-01T01:00:34.2402440Z</when>
        <gx:coord>12.0555 51.551178 110.808</gx:coord>
        <when>2025-01-01T01:00:39.2402440Z</when>
        <gx:coord>12.055349 51.55094 110.808</gx:coord>
        <when>2025-01-01T01:00:40.8222440Z</when>
        <gx:coord>12.055306 51.55092 110.808</gx:coord>
        <when>2025-01-01T01:00:41.8202440Z</when>
        <gx:coord>12.055306 51.550877 110.808</gx:coord>
        <when>2025-01-01T01:00:42.8262440Z</when>
        <gx:coord>12.055328 51.550835 110.808</gx:coord>
        <when>2025-01-01T01:00:43.8262440Z</when>
        <gx:coord>12.055349 51.550793 110.808</gx:coord>
        <when>2025-01-01T01:00:43.8272440Z</when>
        <gx:coord>12.055349 51.550793 110.808</gx:coord>
        <when>2025-01-01T01:00:44.2402440Z</when>
        <gx:coord>12.055392 51.550747 110.808</gx:coord>
        <when>2025-01-01T01:00:44.8282440Z</when>
        <gx:coord>12.055392 51.550747 110.808</gx:coord>
        <when>2025-01-01T01:00:45.8452440Z</when>
        <gx:coord>12.055456 51.550728 110.808</gx:coord>
        <when>2025-01-01T01:00:49.2402440Z</when>
        <gx:coord>12.0557785 51.55064 110.808</gx:coord>
        <when>2025-01-01T01:00:54.2392440Z</when>
        <gx:coord>12.0562935 51.55049 110.808</gx:coord>
        <when>2025-01-01T01:00:59.2402440Z</when>
        <gx:coord>12.056894 51.55032 110.808</gx:coord>
        <when>2025-01-01T01:01:04.2402440Z</when>
        <gx:coord>12.057495 51.550148 110.808</gx:coord>
        <when>2025-01-01T01:01:09.2412440Z</when>
        <gx:coord>12.057945 51.55002 110.808</gx:coord>
        <when>2025-01-01T01:01:11.8212440Z</when>
        <gx:coord>12.058075 51.549976 110.808</gx:coord>
        <when>2025-01-01T01:01:12.8392440Z</when>
        <gx:coord>12.058117 51.549953 110.808</gx:coord>
        <when>2025-01-01T01:01:13.8232440Z</when>
        <gx:coord>12.058139 51.54991 110.808</gx:coord>
        <when>2025-01-01T01:01:14.2402440Z</when>
        <gx:coord>12.058161 51.54987 110.808</gx:coord>
        <when>2025-01-01T01:01:15.8302440Z</when>
        <gx:coord>12.058161 51.549828 110.808</gx:coord>
        <when>2025-01-01T01:01:17.8282440Z</when>
        <gx:coord>12.058139 51.54974 110.808</gx:coord>
        <when>2025-01-01T01:01:19.2412440Z</when>
        <gx:coord>12.058075 51.549633 110.808</gx:coord>
        <when>2025-01-01T01:01:24.2512440Z</when>
        <gx:coord>12.057945 51.54933 110.808</gx:coord>
        <when>2025-01-01T01:01:28.8212440Z</when>
        <gx:coord>12.057859 51.549183 110.808</gx:coord>
        <when>2025-01-01T01:01:28.8222440Z</when>
        <gx:coord>12.057859 51.549183 110.808</gx:coord>
        <when>2025-01-01T01:01:29.2412440Z</when>
        <gx:coord>12.057859 51.54916 110.808</gx:coord>
        <when>2025-01-01T01:01:29.8202440Z</when>
        <gx:coord>12.057859 51.54916 110.808</gx:coord>
        <when>2025-01-01T01:01:31.8242440Z</when>
        <gx:coord>12.057903 51.549095 110.808</gx:coord>
        <when>2025-01-01T01:01:32.8322440Z</when>
        <gx:coord>12.057945 51.549076 110.808</gx:coord>
        <when>2025-01-01T01:01:34.2412440Z</when>
        <gx:coord>12.058053 51.549053 110.808</gx:coord>
        <when>2025-01-01T01:01:37.8242440Z</when>
        <gx:coord>12.058225 51.54903 110.808</gx:coord>
        <when>2025-01-01T01:01:38.8232440Z</when>
        <gx:coord>12.058247 51.54901 110.808</gx:coord>
        <when>2025-01-01T01:01:39.2412440Z</when>
        <gx:coord>12.058289 51.54899 110.808</gx:coord>
        <when>2025-01-01T01:01:39.8282440Z</when>
        <gx:coord>12.058289 51.54899 110.808</gx:coord>
        <when>2025-01-01T01:01:40.8282440Z</when>
        <gx:coord>12.058289 51.548946 110.808</gx:coord>
        <when>2025-01-01T01:01:41.8292440Z</when>
        <gx:coord>12.058289 51.548923 110.808</gx:coord>
        <when>2025-01-01T01:01:44.2412440Z</when>
        <gx:coord>12.058268 51.548817 110.808</gx:coord>
        <when>2025-01-01T01:01:49.2412440Z</when>
        <gx:coord>12.058182 51.548622 112.332</gx:coord>
        <when>2025-01-01T01:01:53.8212440Z</when>
        <gx:coord>12.058139 51.548496 112.332</gx:coord>
        <when>2025-01-01T01:01:54.2412440Z</when>
        <gx:coord>12.058117 51.548473 112.332</gx:coord>
        <when>2025-01-01T01:01:58.8282440Z</when>
        <gx:coord>12.058031 51.54839 112.332</gx:coord>
        <when>2025-01-01T01:01:59.2412440Z</when>
        <gx:coord>12.058031 51.548344 112.332</gx:coord>
        <when>2025-01-01T01:02:00.8252440Z</when>
        <gx:coord>12.058031 51.548325 112.332</gx:coord>
        <when>2025-01-01T01:02:01.8402440Z</when>
        <gx:coord>12.058031 51.5483 112.332</gx:coord>
        <when>2025-01-01T01:02:02.8222440Z</when>
        <gx:coord>12.058031 51.54828 112.332</gx:coord>
        <when>2025-01-01T01:02:04.2412440Z</when>
        <gx:coord>12.058075 51.54826 112.332</gx:coord>
        <when>2025-01-01T01:02:06.8242440Z</when>
        <gx:coord>12.058096 51.54826 112.332</gx:coord>
        <when>2025-01-01T01:02:09.2412440Z</when>
        <gx:coord>12.058139 51.548237 112.332</gx:coord>
        <when>2025-01-01T01:02:10.8222440Z</when>
        <gx:coord>12.058139 51.548237 112.332</gx:coord>
        <when>2025-01-01T01:02:11.8242440Z</when>
        <gx:coord>12.058161 51.548237 112.332</gx:coord>
        <when>2025-01-01T01:02:13.8212440Z</when>
        <gx:coord>12.058161 51.548237 112.332</gx:coord>
        <when>2025-01-01T01:02:14.2412440Z</when>
        <gx:coord>12.058182 51.548237 112.332</gx:coord>
        <when>2025-01-01T01:02:14.8232440Z</when>
        <gx:coord>12.058182 51.548237 112.332</gx:coord>
        <when>2025-01-01T01:02:15.8212440Z</when>
        <gx:coord>12.058182 51.548218 112.332</gx:coord>
        <when>2025-01-01T01:02:16.8282440Z</when>
        <gx:coord>12.058182 51.548218 112.332</gx:coord>
        <when>2025-01-01T01:02:17.8252440Z</when>
        <gx:coord>12.058182 51.548218 112.332</gx:coord>
        <when>2025-01-01T01:02:18.8232440Z</when>
        <gx:coord>12.058161 51.548218 112.332</gx:coord>
        <when>2025-01-01T01:02:19.2422440Z</when>
        <gx:coord>12.058161 51.548195 112.332</gx:coord>
        <when>2025-01-01T01:02:19.8242440Z</when>
        <gx:coord>12.058161 51.548195 112.332</gx:coord>
        <when>2025-01-01T01:02:20.8262440Z</when>
        <gx:coord>12.058161 51.548195 112.332</gx:coord>
        <when>2025-01-01T01:02:21.8412440Z</when>
        <gx:coord>12.058139 51.548195 112.332</gx:coord>
        <when>2025-01-01T01:02:23.8312440Z</when>
        <gx:coord>12.058139 51.548195 112.332</gx:coord>
        <when>2025-01-01T01:02:24.2562440Z</when>
        <gx:coord>12.058117 51.548195 112.332</gx:coord>
        <when>2025-01-01T01:02:29.2422440Z</when>
        <gx:coord>12.058117 51.548195 112.332</gx:coord>
        <when>2025-01-01T01:02:34.2422440Z</when>
        <gx:coord>12.058117 51.548195 112.332</gx:coord>
        <when>2025-01-01T01:02:39.2422440Z</when>
        <gx:coord>12.058096 51.548195 112.332</gx:coord>
        <when>2025-01-01T01:02:44.2422440Z</when>
        <gx:coord>12.058096 51.548195 112.332</gx:coord>
        <when>2025-01-01T01:02:49.2422440Z</when>
        <gx:coord>12.058096 51.548195 112.332</gx:coord>
        <when>2025-01-01T01:02:53.7432440Z</when>
        <gx:coord>12.058096 51.548195 112.332</gx:coord>
        <coordinates />
      </gx:Track>
    </Placemark>
    <Placemark>
      <name>Takeoff: 2025-01-01</name>
      <styleUrl>#downArrowIcon</styleUrl>
      <Point>
        <altitudeMode>relativeToGround</altitudeMode>
        <coordinates>13.75587,51.125523,20</coordinates>
      </Point>
    </Placemark>
    <Placemark>
      <name>Landing: 2025-01-01</name>
      <styleUrl>#downArrowIcon</styleUrl>
      <Point>
        <altitudeMode>relativeToGround</altitudeMode>
        <coordinates>12.055349,51.550793,20</coordinates>
      </Point>
    </Placemark>
    <Placemark>
      <name>Log Stop: 2025-01-01</name>
      <styleUrl>#downArrowIcon</styleUrl>
      <Point>
        <altitudeMode>relativeToGround</altitudeMode>
        <coordinates>12.058096,51.548195,20</coordinates>
      </Point>
    </Placemark>
  </Document>
</kml>
