<?xml version="1.0" encoding="utf-8"?>
<kml xmlns:gx="http://www.google.com/kml/ext/2.2" creator="kml-heatmap" xmlns="http://www.opengis.net/kml/2.2">
  <Document>
    <name>SkyDemon Track Log</name>
    <Style id="skydemonLogStyle">
      <LineStyle>
        <color>7f00ffff</color>
        <width>4</width>
      </LineStyle>
      <PolyStyle>
        <color>7fffa400</color>
      </PolyStyle>
    </Style>
    <Style id="downArrowIcon">
      <IconStyle>
        <href>http://maps.google.com/mapfiles/kml/pal4/icon28.png</href>
      </IconStyle>
    </Style>
    <Placemark>
      <name>Log Start: 2025-01-01</name>
      <styleUrl>#downArrowIcon</styleUrl>
      <Point>
        <altitudeMode>relativeToGround</altitudeMode>
        <coordinates>12.059426,51.548027,20</coordinates>
      </Point>
    </Placemark>
    <Placemark>
      <name>EDAQ Halle-Oppin - EDAQ Halle-Oppin</name>
      <styleUrl>#skydemonLogStyle</styleUrl>
      <gx:Track>
        <extrude>1</extrude>
        <altitudeMode>absolute</altitudeMode>
        <when>2025-01-01T00:00:00.8667520Z</when>
        <gx:coord>12.059426 51.548027 111.38871</gx:coord>
        <when>2025-01-01T00:00:01.5327520Z</when>
        <gx:coord>12.059426 51.548027 111.38871</gx:coord>
        <when>2025-01-01T00:00:01.5537520Z</when>
        <gx:coord>12.060418 51.548 112.89623</gx:coord>
        <when>2025-01-01T00:00:05.8677520Z</when>
        <gx:coord>12.060418 51.548 112.89623</gx:coord>
        <when>2025-01-01T00:00:10.8677520Z</when>
        <gx:coord>12.060418 51.548 112.89623</gx:coord>
        <when>2025-01-01T00:00:15.8667520Z</when>
        <gx:coord>12.060418 51.548 112.89623</gx:coord>
        <when>2025-01-01T00:00:20.8667520Z</when>
        <gx:coord>12.060409 51.548023 107.63674</gx:coord>
        <when>2025-01-01T00:00:25.8667520Z</when>
        <gx:coord>12.060409 51.548023 107.63674</gx:coord>
        <when>2025-01-01T00:00:30.8667520Z</when>
        <gx:coord>12.060407 51.548023 107.92427</gx:coord>
        <when>2025-01-01T00:00:35.8667520Z</when>
        <gx:coord>12.060405 51.54801 108.825966</gx:coord>
        <when>2025-01-01T00:00:40.8667520Z</when>
        <gx:coord>12.060413 51.54801 108.7714</gx:coord>
        <when>2025-01-01T00:00:45.8657520Z</when>
        <gx:coord>12.060421 51.54801 108.755585</gx:coord>
        <when>2025-01-01T00:00:50.8657520Z</when>
        <gx:coord>12.060417 51.54802 108.585075</gx:coord>
        <when>2025-01-01T00:00:55.8657520Z</when>
        <gx:coord>12.060429 51.54803 108.39416</gx:coord>
        <when>2025-01-01T00:01:00.8657520Z</when>
        <gx:coord>12.06043 51.54802 108.10135</gx:coord>
        <when>2025-01-01T00:01:05.8657520Z</when>
        <gx:coord>12.060415 51.548016 107.8691</gx:coord>
        <when>2025-01-01T00:01:10.8647520Z</when>
        <gx:coord>12.060411 51.54801 107.94934</gx:coord>
        <when>2025-01-01T00:01:15.8657520Z</when>
        <gx:coord>12.060419 51.548004 107.78831</gx:coord>
        <when>2025-01-01T00:01:20.8657520Z</when>
        <gx:coord>12.060417 51.548008 107.70239</gx:coord>
        <when>2025-01-01T00:01:25.8657520Z</when>
        <gx:coord>12.060413 51.548004 107.66083</gx:coord>
        <when>2025-01-01T00:01:30.8657520Z</when>
        <gx:coord>12.060406 51.548008 107.78725</gx:coord>
        <when>2025-01-01T00:01:35.8657520Z</when>
        <gx:coord>12.060402 51.548008 108.185074</gx:coord>
        <when>2025-01-01T00:01:40.8647520Z</when>
        <gx:coord>12.060406 51.548008 108.40443</gx:coord>
        <when>2025-01-01T00:01:45.8657520Z</when>
        <gx:coord>12.060411 51.547997 108.230896</gx:coord>
        <when>2025-01-01T00:01:50.8657520Z</when>
        <gx:coord>12.060396 51.548 107.9681</gx:coord>
        <when>2025-01-01T00:01:55.8657520Z</when>
        <gx:coord>12.060387 51.548008 107.80028</gx:coord>
        <when>2025-01-01T00:02:00.8657520Z</when>
        <gx:coord>12.060389 51.548016 107.76872</gx:coord>
        <when>2025-01-01T00:02:05.8657520Z</when>
        <gx:coord>12.060356 51.548023 107.850235</gx:coord>
        <when>2025-01-01T00:02:06.0917520Z</when>
        <gx:coord>12.060356 51.548023 107.850235</gx:coord>
        <when>2025-01-01T00:02:08.0927520Z</when>
        <gx:coord>12.060324 51.54803 107.79481</gx:coord>
        <when>2025-01-01T00:02:10.8647520Z</when>
        <gx:coord>12.060212 51.548046 107.91764</gx:coord>
        <when>2025-01-01T00:02:15.8647520Z</when>
        <gx:coord>12.059976 51.548088 107.86364</gx:coord>
        <when>2025-01-01T00:02:20.8647520Z</when>
        <gx:coord>12.059741 51.548138 107.86377</gx:coord>
        <when>2025-01-01T00:02:25.0907520Z</when>
        <gx:coord>12.059536 51.54816 108.175125</gx:coord>
        <when>2025-01-01T00:02:25.8647520Z</when>
        <gx:coord>12.059514 51.548176 108.26243</gx:coord>
        <when>2025-01-01T00:02:26.0947520Z</when>
        <gx:coord>12.059514 51.548176 108.26243</gx:coord>
        <when>2025-01-01T00:02:27.0927520Z</when>
        <gx:coord>12.059506 51.54819 108.32329</gx:coord>
        <when>2025-01-01T00:02:29.0937520Z</when>
        <gx:coord>12.05951 51.54822 108.29222</gx:coord>
        <when>2025-01-01T00:02:30.0897520Z</when>
        <gx:coord>12.059509 51.54824 108.16756</gx:coord>
        <when>2025-01-01T00:02:30.8647520Z</when>
        <gx:coord>12.059519 51.548264 108.09401</gx:coord>
        <when>2025-01-01T00:02:31.0907520Z</when>
        <gx:coord>12.059519 51.548264 108.09401</gx:coord>
        <when>2025-01-01T00:02:35.8647520Z</when>
        <gx:coord>12.0596 51.54842 107.5174</gx:coord>
        <when>2025-01-01T00:02:40.8647520Z</when>
        <gx:coord>12.0596895 51.548626 107.28051</gx:coord>
        <when>2025-01-01T00:02:45.0907520Z</when>
        <gx:coord>12.059733 51.54875 107.05596</gx:coord>
        <when>2025-01-01T00:02:45.8647520Z</when>
        <gx:coord>12.059725 51.54878 107.18774</gx:coord>
        <when>2025-01-01T00:02:46.0937520Z</when>
        <gx:coord>12.059725 51.54878 107.18774</gx:coord>
        <when>2025-01-01T00:02:47.0917520Z</when>
        <gx:coord>12.059709 51.548798 107.190315</gx:coord>
        <when>2025-01-01T00:02:48.0907520Z</when>
        <gx:coord>12.059686 51.548813 107.18554</gx:coord>
        <when>2025-01-01T00:02:49.0927520Z</when>
        <gx:coord>12.059655 51.548824 107.184494</gx:coord>
        <when>2025-01-01T00:02:50.8647520Z</when>
        <gx:coord>12.059571 51.548843 107.27412</gx:coord>
        <when>2025-01-01T00:02:51.0907520Z</when>
        <gx:coord>12.059571 51.548843 107.27412</gx:coord>
        <when>2025-01-01T00:02:55.8647520Z</when>
        <gx:coord>12.059287 51.548885 106.95618</gx:coord>
        <when>2025-01-01T00:02:56.0907520Z</when>
        <gx:coord>12.059287 51.548885 106.95618</gx:coord>
        <when>2025-01-01T00:03:00.8647520Z</when>
        <gx:coord>12.058881 51.548946 106.63997</gx:coord>
        <when>2025-01-01T00:03:05.8647520Z</when>
        <gx:coord>12.058564 51.548996 106.54882</gx:coord>
        <when>2025-01-01T00:03:07.0947520Z</when>
        <gx:coord>12.058521 51.549 106.43098</gx:coord>
        <when>2025-01-01T00:03:08.0897520Z</when>
        <gx:coord>12.058487 51.549 106.41787</gx:coord>
        <when>2025-01-01T00:03:09.0907520Z</when>
        <gx:coord>12.058448 51.54899 106.44598</gx:coord>
        <when>2025-01-01T00:03:10.0917520Z</when>
        <gx:coord>12.058408 51.548973 106.54175</gx:coord>
        <when>2025-01-01T00:03:10.8647520Z</when>
        <gx:coord>12.058379 51.54895 106.446</gx:coord>
        <when>2025-01-01T00:03:11.0967520Z</when>
        <gx:coord>12.058379 51.54895 106.446</gx:coord>
        <when>2025-01-01T00:03:12.0937520Z</when>
        <gx:coord>12.058354 51.548916 106.63719</gx:coord>
        <when>2025-01-01T00:03:14.0907520Z</when>
        <gx:coord>12.058335 51.54884 106.607956</gx:coord>
        <when>2025-01-01T00:03:15.8647520Z</when>
        <gx:coord>12.058325 51.54875 106.57496</gx:coord>
        <when>2025-01-01T00:03:20.8647520Z</when>
        <gx:coord>12.058323 51.548565 106.77055</gx:coord>
        <when>2025-01-01T00:03:25.8647520Z</when>
        <gx:coord>12.058288 51.548443 106.81052</gx:coord>
        <when>2025-01-01T00:03:28.0937520Z</when>
        <gx:coord>12.058275 51.54841 106.96889</gx:coord>
        <when>2025-01-01T00:03:29.0977520Z</when>
        <gx:coord>12.058268 51.5484 106.67448</gx:coord>
        <when>2025-01-01T00:03:29.1197520Z</when>
        <gx:coord>12.058256 51.548397 106.77101</gx:coord>
        <when>2025-01-01T00:03:29.6487520Z</when>
        <gx:coord>12.058256 51.548397 106.77101</gx:coord>
        <when>2025-01-01T00:03:30.1887520Z</when>
        <gx:coord>12.058242 51.548393 106.71518</gx:coord>
        <when>2025-01-01T00:03:30.7287520Z</when>
        <gx:coord>12.058242 51.548393 106.71518</gx:coord>
        <when>2025-01-01T00:03:30.8647520Z</when>
        <gx:coord>12.058242 51.548393 106.71518</gx:coord>
        <when>2025-01-01T00:03:31.5877520Z</when>
        <gx:coord>12.05823 51.548393 106.687775</gx:coord>
        <when>2025-01-01T00:03:35.8647520Z</when>
        <gx:coord>12.058212 51.5484 106.850784</gx:coord>
        <when>2025-01-01T00:03:37.0907520Z</when>
        <gx:coord>12.058211 51.548397 106.93888</gx:coord>
        <when>2025-01-01T00:03:40.8637520Z</when>
        <gx:coord>12.058211 51.5484 106.75424</gx:coord>
        <when>2025-01-01T00:03:45.8637520Z</when>
        <gx:coord>12.05821 51.5484 106.98819</gx:coord>
        <when>2025-01-01T00:03:50.8637520Z</when>
        <gx:coord>12.0582075 51.5484 107.27783</gx:coord>
        <when>2025-01-01T00:03:55.8637520Z</when>
        <gx:coord>12.058206 51.5484 107.39625</gx:coord>
        <when>2025-01-01T00:04:00.8637520Z</when>
        <gx:coord>12.058205 51.548397 107.3882</gx:coord>
        <when>2025-01-01T00:04:05.8637520Z</when>
        <gx:coord>12.058202 51.548397 107.39451</gx:coord>
        <when>2025-01-01T00:04:10.8637520Z</when>
        <gx:coord>12.0582 51.548397 107.417046</gx:coord>
        <when>2025-01-01T00:04:15.8637520Z</when>
        <gx:coord>12.058201 51.548397 107.40617</gx:coord>
        <when>2025-01-01T00:04:20.8637520Z</when>
        <gx:coord>12.058201 51.548397 107.40617</gx:coord>
        <when>2025-01-01T00:04:25.8637520Z</when>
        <gx:coord>12.058203 51.5484 107.06579</gx:coord>
        <when>2025-01-01T00:04:30.8637520Z</when>
        <gx:coord>12.058203 51.5484 107.193405</gx:coord>
        <when>2025-01-01T00:04:35.8637520Z</when>
        <gx:coord>12.0582 51.5484 107.21192</gx:coord>
        <when>2025-01-01T00:04:40.8637520Z</when>
        <gx:coord>12.058198 51.548397 107.078514</gx:coord>
        <when>2025-01-01T00:04:45.8637520Z</when>
        <gx:coord>12.058198 51.548397 107.07783</gx:coord>
        <when>2025-01-01T00:04:50.8627520Z</when>
        <gx:coord>12.058198 51.548397 107.07783</gx:coord>
        <when>2025-01-01T00:04:55.8627520Z</when>
        <gx:coord>12.058194 51.548397 106.82011</gx:coord>
        <when>2025-01-01T00:05:00.8637520Z</when>
        <gx:coord>12.058194 51.548397 106.92046</gx:coord>
        <when>2025-01-01T00:05:05.8627520Z</when>
        <gx:coord>12.058194 51.548397 106.848755</gx:coord>
        <when>2025-01-01T00:05:10.8627520Z</when>
        <gx:coord>12.058195 51.548397 106.794205</gx:coord>
        <when>2025-01-01T00:05:15.8627520Z</when>
        <gx:coord>12.058196 51.548397 106.75438</gx:coord>
        <when>2025-01-01T00:05:20.8627520Z</when>
        <gx:coord>12.058196 51.548397 106.71508</gx:coord>
        <when>2025-01-01T00:05:25.8627520Z</when>
        <gx:coord>12.058196 51.548397 106.72193</gx:coord>
        <when>2025-01-01T00:05:30.8627520Z</when>
        <gx:coord>12.058196 51.548397 106.72193</gx:coord>
        <when>2025-01-01T00:05:35.8627520Z</when>
        <gx:coord>12.058198 51.548397 106.6943</gx:coord>
        <when>2025-01-01T00:05:40.8627520Z</when>
        <gx:coord>12.058198 51.548397 106.6943</gx:coord>
        <when>2025-01-01T00:05:45.8627520Z</when>
        <gx:coord>12.058198 51.548397 106.6943</gx:coord>
        <when>2025-01-01T00:05:50.8627520Z</when>
        <gx:coord>12.058198 51.548397 106.6943</gx:coord>
        <when>2025-01-01T00:05:55.8627520Z</when>
        <gx:coord>12.058198 51.548397 106.6943</gx:coord>
        <when>2025-01-01T00:06:00.8627520Z</when>
        <gx:coord>12.058198 51.548397 106.6943</gx:coord>
        <when>2025-01-01T00:06:05.8627520Z</when>
        <gx:coord>12.058204 51.548397 106.781975</gx:coord>
        <when>2025-01-01T00:06:10.8627520Z</when>
        <gx:coord>12.058205 51.548397 106.68631</gx:coord>
        <when>2025-01-01T00:06:15.8627520Z</when>
        <gx:coord>12.058206 51.548397 106.66158</gx:coord>
        <when>2025-01-01T00:06:20.8627520Z</when>
        <gx:coord>12.058206 51.548397 106.66158</gx:coord>
        <when>2025-01-01T00:06:25.8627520Z</when>
        <gx:coord>12.058206 51.548397 106.66158</gx:coord>
        <when>2025-01-01T00:06:30.8627520Z</when>
        <gx:coord>12.058206 51.548397 106.66158</gx:coord>
        <when>2025-01-01T00:06:35.8617520Z</when>
        <gx:coord>12.058206 51.548397 106.66158</gx:coord>
        <when>2025-01-01T00:06:40.8617520Z</when>
        <gx:coord>12.058206 51.548397 106.66158</gx:coord>
        <when>2025-01-01T00:06:45.8617520Z</when>
        <gx:coord>12.058206 51.548397 106.66158</gx:coord>
        <when>2025-01-01T00:06:50.8617520Z</when>
        <gx:coord>12.058206 51.548397 106.39244</gx:coord>
        <when>2025-01-01T00:06:55.8617520Z</when>
        <gx:coord>12.058205 51.548397 106.36623</gx:coord>
        <when>2025-01-01T00:07:00.8617520Z</when>
        <gx:coord>12.058204 51.548397 106.32939</gx:coord>
        <when>2025-01-01T00:07:05.8617520Z</when>
        <gx:coord>12.058204 51.548397 106.26278</gx:coord>
        <when>2025-01-01T00:07:10.8617520Z</when>
        <gx:coord>12.058204 51.548397 106.22043</gx:coord>
        <when>2025-01-01T00:07:15.8617520Z</when>
        <gx:coord>12.058205 51.548397 106.14734</gx:coord>
        <when>2025-01-01T00:07:20.8617520Z</when>
        <gx:coord>12.058205 51.5484 106.14118</gx:coord>
        <when>2025-01-01T00:07:25.8617520Z</when>
        <gx:coord>12.058206 51.5484 106.255</gx:coord>
        <when>2025-01-01T00:07:30.8617520Z</when>
        <gx:coord>12.058206 51.5484 106.438866</gx:coord>
        <when>2025-01-01T00:07:35.8617520Z</when>
        <gx:coord>12.058206 51.5484 106.438866</gx:coord>
        <when>2025-01-01T00:07:40.8617520Z</when>
        <gx:coord>12.058206 51.5484 106.438866</gx:coord>
        <when>2025-01-01T00:07:45.8617520Z</when>
        <gx:coord>12.058206 51.5484 106.438866</gx:coord>
        <when>2025-01-01T00:07:50.8617520Z</when>
        <gx:coord>12.058203 51.548405 106.39374</gx:coord>
        <when>2025-01-01T00:07:55.8617520Z</when>
        <gx:coord>12.058204 51.5484 106.39667</gx:coord>
        <when>2025-01-01T00:08:00.8617520Z</when>
        <gx:coord>12.058204 51.5484 106.426056</gx:coord>
        <when>2025-01-01T00:08:05.8607520Z</when>
        <gx:coord>12.058205 51.5484 106.491325</gx:coord>
        <when>2025-01-01T00:08:10.8607520Z</when>
        <gx:coord>12.058206 51.5484 106.61888</gx:coord>
        <when>2025-01-01T00:08:15.8607520Z</when>
        <gx:coord>12.0582075 51.5484 106.709274</gx:coord>
        <when>2025-01-01T00:08:20.8607520Z</when>
        <gx:coord>12.0582075 51.5484 106.78372</gx:coord>
        <when>2025-01-01T00:08:25.8607520Z</when>
        <gx:coord>12.0582075 51.5484 106.942245</gx:coord>
        <when>2025-01-01T00:08:30.8607520Z</when>
        <gx:coord>12.058208 51.5484 106.91334</gx:coord>
        <when>2025-01-01T00:08:35.8607520Z</when>
        <gx:coord>12.058208 51.548405 106.88797</gx:coord>
        <when>2025-01-01T00:08:40.8607520Z</when>
        <gx:coord>12.058209 51.548405 106.83984</gx:coord>
        <when>2025-01-01T00:08:45.8607520Z</when>
        <gx:coord>12.0582075 51.548405 106.91415</gx:coord>
        <when>2025-01-01T00:08:50.8607520Z</when>
        <gx:coord>12.0582075 51.548405 106.970116</gx:coord>
        <when>2025-01-01T00:08:55.8597520Z</when>
        <gx:coord>12.058208 51.548405 107.081566</gx:coord>
        <when>2025-01-01T00:09:00.8597520Z</when>
        <gx:coord>12.058208 51.548405 107.13442</gx:coord>
        <when>2025-01-01T00:09:05.8607520Z</when>
        <gx:coord>12.0582075 51.5484 107.26639</gx:coord>
        <when>2025-01-01T00:09:10.8607520Z</when>
        <gx:coord>12.058206 51.5484 107.361755</gx:coord>
        <when>2025-01-01T00:09:15.8607520Z</when>
        <gx:coord>12.058206 51.5484 107.39651</gx:coord>
        <when>2025-01-01T00:09:20.8607520Z</when>
        <gx:coord>12.058205 51.548397 107.33125</gx:coord>
        <when>2025-01-01T00:09:25.8607520Z</when>
        <gx:coord>12.058204 51.5484 107.18726</gx:coord>
        <when>2025-01-01T00:09:30.7557520Z</when>
        <gx:coord>12.058183 51.548405 107.23953</gx:coord>
        <when>2025-01-01T00:09:30.8607520Z</when>
        <gx:coord>12.058183 51.548405 107.23953</gx:coord>
        <when>2025-01-01T00:09:32.2197520Z</when>
        <gx:coord>12.058159 51.54841 107.302704</gx:coord>
        <when>2025-01-01T00:09:33.1367520Z</when>
        <gx:coord>12.058144 51.548416 107.32358</gx:coord>
        <when>2025-01-01T00:09:33.9757520Z</when>
        <gx:coord>12.058144 51.548416 107.32358</gx:coord>
        <when>2025-01-01T00:09:34.0887520Z</when>
        <gx:coord>12.058144 51.548416 107.32358</gx:coord>
        <when>2025-01-01T00:09:35.8597520Z</when>
        <gx:coord>12.05811 51.548443 107.41643</gx:coord>
        <when>2025-01-01T00:09:38.0917520Z</when>
        <gx:coord>12.058089 51.54849 107.3087</gx:coord>
        <when>2025-01-01T00:09:39.0917520Z</when>
        <gx:coord>12.058104 51.54854 106.983154</gx:coord>
        <when>2025-01-01T00:09:40.8597520Z</when>
        <gx:coord>12.05813 51.548607 106.85563</gx:coord>
        <when>2025-01-01T00:09:45.8597520Z</when>
        <gx:coord>12.058213 51.54881 106.637825</gx:coord>
        <when>2025-01-01T00:09:50.8597520Z</when>
        <gx:coord>12.058276 51.548992 106.38831</gx:coord>
        <when>2025-01-01T00:09:51.0947520Z</when>
        <gx:coord>12.058276 51.548992 106.38831</gx:coord>
        <when>2025-01-01T00:09:52.0947520Z</when>
        <gx:coord>12.058254 51.54902 106.35668</gx:coord>
        <when>2025-01-01T00:09:53.0907520Z</when>
        <gx:coord>12.058221 51.549038 106.36643</gx:coord>
        <when>2025-01-01T00:09:54.0897520Z</when>
        <gx:coord>12.058175 51.549053 106.33537</gx:coord>
        <when>2025-01-01T00:09:55.8597520Z</when>
        <gx:coord>12.058072 51.54907 106.322876</gx:coord>
        <when>2025-01-01T00:09:59.0927520Z</when>
        <gx:coord>12.057934 51.549107 106.29652</gx:coord>
        <when>2025-01-01T00:10:00.8597520Z</when>
        <gx:coord>12.057878 51.549156 106.34</gx:coord>
        <when>2025-01-01T00:10:01.0917520Z</when>
        <gx:coord>12.057878 51.549156 106.34</gx:coord>
        <when>2025-01-01T00:10:02.0917520Z</when>
        <gx:coord>12.057865 51.54918 106.39864</gx:coord>
        <when>2025-01-01T00:10:03.0887520Z</when>
        <gx:coord>12.05786 51.549202 106.439735</gx:coord>
        <when>2025-01-01T00:10:04.0927520Z</when>
        <gx:coord>12.057865 51.549225 106.42892</gx:coord>
        <when>2025-01-01T00:10:05.8597520Z</when>
        <gx:coord>12.057897 51.549282 106.419304</gx:coord>
        <when>2025-01-01T00:10:06.0857520Z</when>
        <gx:coord>12.057897 51.549282 106.419304</gx:coord>
        <when>2025-01-01T00:10:09.0897520Z</when>
        <gx:coord>12.057961 51.549397 106.38107</gx:coord>
        <when>2025-01-01T00:10:10.8597520Z</when>
        <gx:coord>12.058003 51.549496 106.336685</gx:coord>
        <when>2025-01-01T00:10:15.8597520Z</when>
        <gx:coord>12.058133 51.54979 106.31721</gx:coord>
        <when>2025-01-01T00:10:20.8597520Z</when>
        <gx:coord>12.058264 51.550106 106.244896</gx:coord>
        <when>2025-01-01T00:10:25.8597520Z</when>
        <gx:coord>12.058385 51.55038 106.24572</gx:coord>
        <when>2025-01-01T00:10:30.8597520Z</when>
        <gx:coord>12.058453 51.55055 106.30129</gx:coord>
        <when>2025-01-01T00:10:35.0917520Z</when>
        <gx:coord>12.058468 51.550583 106.30571</gx:coord>
        <when>2025-01-01T00:10:35.8597520Z</when>
        <gx:coord>12.058467 51.550583 106.31878</gx:coord>
        <when>2025-01-01T00:10:40.8597520Z</when>
        <gx:coord>12.058467 51.550583 106.28118</gx:coord>
        <when>2025-01-01T00:10:45.8597520Z</when>
        <gx:coord>12.058467 51.550583 106.25869</gx:coord>
        <when>2025-01-01T00:10:50.8597520Z</when>
        <gx:coord>12.058467 51.550587 106.21311</gx:coord>
        <when>2025-01-01T00:10:55.8597520Z</when>
        <gx:coord>12.058466 51.550587 106.116135</gx:coord>
        <when>2025-01-01T00:11:00.8597520Z</when>
        <gx:coord>12.058465 51.550587 106.10592</gx:coord>
        <when>2025-01-01T00:11:05.8587520Z</when>
        <gx:coord>12.058465 51.550587 106.13852</gx:coord>
        <when>2025-01-01T00:11:10.8577520Z</when>
        <gx:coord>12.058464 51.550587 106.22402</gx:coord>
        <when>2025-01-01T00:11:15.8587520Z</when>
        <gx:coord>12.058466 51.550587 106.16271</gx:coord>
        <when>2025-01-01T00:11:20.8587520Z</when>
        <gx:coord>12.058466 51.550587 106.11838</gx:coord>
        <when>2025-01-01T00:11:25.8587520Z</when>
        <gx:coord>12.058465 51.550587 106.12587</gx:coord>
        <when>2025-01-01T00:11:30.8587520Z</when>
        <gx:coord>12.058465 51.550587 106.19095</gx:coord>
        <when>2025-01-01T00:11:35.8587520Z</when>
        <gx:coord>12.058464 51.550587 106.178955</gx:coord>
        <when>2025-01-01T00:11:40.8587520Z</when>
        <gx:coord>12.058465 51.550587 106.144905</gx:coord>
        <when>2025-01-01T00:11:45.8587520Z</when>
        <gx:coord>12.058465 51.550587 106.133484</gx:coord>
        <when>2025-01-01T00:11:50.8587520Z</when>
        <gx:coord>12.058465 51.550587 106.16093</gx:coord>
        <when>2025-01-01T00:11:55.8587520Z</when>
        <gx:coord>12.058466 51.550587 106.1323</gx:coord>
        <when>2025-01-01T00:12:00.8587520Z</when>
        <gx:coord>12.058468 51.550587 106.13615</gx:coord>
        <when>2025-01-01T00:12:05.8587520Z</when>
        <gx:coord>12.058468 51.550587 106.17433</gx:coord>
        <when>2025-01-01T00:12:10.8587520Z</when>
        <gx:coord>12.058468 51.550587 106.256714</gx:coord>
        <when>2025-01-01T00:12:15.8587520Z</when>
        <gx:coord>12.058469 51.550587 106.26268</gx:coord>
        <when>2025-01-01T00:12:20.8587520Z</when>
        <gx:coord>12.05847 51.550587 106.24758</gx:coord>
        <when>2025-01-01T00:12:25.8587520Z</when>
        <gx:coord>12.05847 51.550587 106.25785</gx:coord>
        <when>2025-01-01T00:12:30.8577520Z</when>
        <gx:coord>12.05847 51.550587 106.17102</gx:coord>
        <when>2025-01-01T00:12:35.8577520Z</when>
        <gx:coord>12.05847 51.550587 106.18873</gx:coord>
        <when>2025-01-01T00:12:40.8577520Z</when>
        <gx:coord>12.058471 51.550587 106.187744</gx:coord>
        <when>2025-01-01T00:12:45.8577520Z</when>
        <gx:coord>12.058471 51.550587 106.21317</gx:coord>
        <when>2025-01-01T00:12:50.8577520Z</when>
        <gx:coord>12.058471 51.550587 106.174706</gx:coord>
        <when>2025-01-01T00:12:55.8577520Z</when>
        <gx:coord>12.058471 51.550587 106.17936</gx:coord>
        <when>2025-01-01T00:13:00.8577520Z</when>
        <gx:coord>12.05847 51.550587 106.17828</gx:coord>
        <when>2025-01-01T00:13:05.8577520Z</when>
        <gx:coord>12.058472 51.550587 106.17009</gx:coord>
        <when>2025-01-01T00:13:10.8577520Z</when>
        <gx:coord>12.058473 51.550587 106.13641</gx:coord>
        <when>2025-01-01T00:13:15.8577520Z</when>
        <gx:coord>12.058494 51.550632 106.17176</gx:coord>
        <when>2025-01-01T00:13:20.8577520Z</when>
        <gx:coord>12.05856 51.550774 106.22848</gx:coord>
        <when>2025-01-01T00:13:23.0887520Z</when>
        <gx:coord>12.0585985 51.55085 106.25958</gx:coord>
        <when>2025-01-01T00:13:24.6167520Z</when>
        <gx:coord>12.058631 51.55088 106.24842</gx:coord>
        <when>2025-01-01T00:13:25.0857520Z</when>
        <gx:coord>12.058681 51.550907 106.25548</gx:coord>
        <when>2025-01-01T00:13:25.8577520Z</when>
        <gx:coord>12.058736 51.550926 106.316956</gx:coord>
        <when>2025-01-01T00:13:26.0967520Z</when>
        <gx:coord>12.058736 51.550926 106.316956</gx:coord>
        <when>2025-01-01T00:13:27.0927520Z</when>
        <gx:coord>12.058797 51.550938 106.42779</gx:coord>
        <when>2025-01-01T00:13:28.0877520Z</when>
        <gx:coord>12.058867 51.55094 106.444725</gx:coord>
        <when>2025-01-01T00:13:29.0957520Z</when>
        <gx:coord>12.058946 51.55094 106.45794</gx:coord>
        <when>2025-01-01T00:13:30.8577520Z</when>
        <gx:coord>12.05912 51.550915 106.46051</gx:coord>
        <when>2025-01-01T00:13:31.0937520Z</when>
        <gx:coord>12.05912 51.550915 106.46051</gx:coord>
        <when>2025-01-01T00:13:35.8577520Z</when>
        <gx:coord>12.059647 51.550766 106.438705</gx:coord>
        <when>2025-01-01T00:13:40.8577520Z</when>
        <gx:coord>12.060278 51.550587 106.36505</gx:coord>
        <when>2025-01-01T00:13:45.0927520Z</when>
        <gx:coord>12.060727 51.550457 106.290955</gx:coord>
        <when>2025-01-01T00:13:45.8577520Z</when>
        <gx:coord>12.060812 51.550423 106.21248</gx:coord>
        <when>2025-01-01T00:13:48.0927520Z</when>
        <gx:coord>12.060946 51.550343 106.05046</gx:coord>
        <when>2025-01-01T00:13:50.8567520Z</when>
        <gx:coord>12.061099 51.550255 106.04648</gx:coord>
        <when>2025-01-01T00:13:51.0937520Z</when>
        <gx:coord>12.061099 51.550255 106.04648</gx:coord>
        <when>2025-01-01T00:13:52.0937520Z</when>
        <gx:coord>12.061142 51.55025 106.15683</gx:coord>
        <when>2025-01-01T00:13:53.0937520Z</when>
        <gx:coord>12.061181 51.550255 106.26685</gx:coord>
        <when>2025-01-01T00:13:54.0927520Z</when>
        <gx:coord>12.061207 51.550266 106.35648</gx:coord>
        <when>2025-01-01T00:13:55.0947520Z</when>
        <gx:coord>12.061224 51.55028 106.459854</gx:coord>
        <when>2025-01-01T00:13:55.8567520Z</when>
        <gx:coord>12.061229 51.550293 106.515465</gx:coord>
        <when>2025-01-01T00:13:57.1107520Z</when>
        <gx:coord>12.061217 51.55032 106.59401</gx:coord>
        <when>2025-01-01T00:13:57.6487520Z</when>
        <gx:coord>12.061217 51.55032 106.59401</gx:coord>
        <when>2025-01-01T00:13:58.1897520Z</when>
        <gx:coord>12.061207 51.550327 106.626396</gx:coord>
        <when>2025-01-01T00:13:58.7697520Z</when>
        <gx:coord>12.061207 51.550327 106.626396</gx:coord>
        <when>2025-01-01T00:14:00.8577520Z</when>
        <gx:coord>12.06118 51.550335 106.693756</gx:coord>
        <when>2025-01-01T00:14:05.0877520Z</when>
        <gx:coord>12.061139 51.550346 106.682915</gx:coord>
        <when>2025-01-01T00:14:05.8577520Z</when>
        <gx:coord>12.061137 51.550346 106.71458</gx:coord>
        <when>2025-01-01T00:14:10.8577520Z</when>
        <gx:coord>12.061135 51.550346 106.86848</gx:coord>
        <when>2025-01-01T00:14:15.8567520Z</when>
        <gx:coord>12.061133 51.550346 106.895515</gx:coord>
        <when>2025-01-01T00:14:20.8567520Z</when>
        <gx:coord>12.061131 51.550346 106.9166</gx:coord>
        <when>2025-01-01T00:14:25.0907520Z</when>
        <gx:coord>12.061041 51.550373 106.82936</gx:coord>
        <when>2025-01-01T00:14:25.8567520Z</when>
        <gx:coord>12.060959 51.550396 106.86922</gx:coord>
        <when>2025-01-01T00:14:28.0907520Z</when>
        <gx:coord>12.060731 51.55046 106.93384</gx:coord>
        <when>2025-01-01T00:14:30.8567520Z</when>
        <gx:coord>12.06022 51.550606 107.19929</gx:coord>
        <when>2025-01-01T00:14:31.1047520Z</when>
        <gx:coord>12.06022 51.550606 107.19929</gx:coord>
        <when>2025-01-01T00:14:31.1057520Z</when>
        <gx:coord>12.06022 51.550606 107.19929</gx:coord>
        <when>2025-01-01T00:14:35.0887520Z</when>
        <gx:coord>12.059245 51.55088 107.30276</gx:coord>
        <when>2025-01-01T00:14:35.8567520Z</when>
        <gx:coord>12.058956 51.550964 107.38373</gx:coord>
        <when>2025-01-01T00:14:40.8567520Z</when>
        <gx:coord>12.057297 51.55143 111.86107</gx:coord>
        <when>2025-01-01T00:14:42.0977520Z</when>
        <gx:coord>12.056941 51.55152 114.214554</gx:coord>
        <when>2025-01-01T00:14:43.0897520Z</when>
        <gx:coord>12.05658 51.551613 116.472435</gx:coord>
        <when>2025-01-01T00:14:45.8567520Z</when>
        <gx:coord>12.055489 51.55191 123.48078</gx:coord>
        <when>2025-01-01T00:14:50.8567520Z</when>
        <gx:coord>12.053637 51.55244 139.25015</gx:coord>
        <when>2025-01-01T00:14:52.1007520Z</when>
        <gx:coord>12.05287 51.55267 143.67198</gx:coord>
        <when>2025-01-01T00:14:55.8567520Z</when>
        <gx:coord>12.051712 51.553013 151.57787</gx:coord>
        <when>2025-01-01T00:15:00.8567520Z</when>
        <gx:coord>12.049745 51.553574 164.62428</gx:coord>
        <when>2025-01-01T00:15:04.0947520Z</when>
        <gx:coord>12.048213 51.554058 176.3552</gx:coord>
        <when>2025-01-01T00:15:05.8557520Z</when>
        <gx:coord>12.047841 51.554188 179.53825</gx:coord>
        <when>2025-01-01T00:15:06.0927520Z</when>
        <gx:coord>12.047841 51.554188 179.53825</gx:coord>
        <when>2025-01-01T00:15:10.8567520Z</when>
        <gx:coord>12.045997 51.55484 193.76627</gx:coord>
        <when>2025-01-01T00:15:15.0917520Z</when>
        <gx:coord>12.044075 51.55545 208.00208</gx:coord>
        <when>2025-01-01T00:15:15.8567520Z</when>
        <gx:coord>12.044075 51.55545 208.00208</gx:coord>
        <when>2025-01-01T00:15:20.8567520Z</when>
        <gx:coord>12.042161 51.55606 224.33813</gx:coord>
        <when>2025-01-01T00:15:25.0877520Z</when>
        <gx:coord>12.040243 51.55665 239.45964</gx:coord>
        <when>2025-01-01T00:15:25.8567520Z</when>
        <gx:coord>12.040243 51.55665 239.45964</gx:coord>
        <when>2025-01-01T00:15:30.8567520Z</when>
        <gx:coord>12.0383415 51.557255 259.24533</gx:coord>
        <when>2025-01-01T00:15:31.1037520Z</when>
        <gx:coord>12.037957 51.55737 259.24533</gx:coord>
        <when>2025-01-01T00:15:33.0927520Z</when>
        <gx:coord>12.037186 51.5576 270.0386</gx:coord>
        <when>2025-01-01T00:15:35.8557520Z</when>
        <gx:coord>12.036373 51.55784 269.73438</gx:coord>
        <when>2025-01-01T00:15:40.0917520Z</when>
        <gx:coord>12.034673 51.558323 277.82806</gx:coord>
        <when>2025-01-01T00:15:40.8557520Z</when>
        <gx:coord>12.034246 51.55845 280.60138</gx:coord>
        <when>2025-01-01T00:15:45.8557520Z</when>
        <gx:coord>12.032118 51.559124 298.4193</gx:coord>
        <when>2025-01-01T00:15:46.0887520Z</when>
        <gx:coord>12.031693 51.559258 301.91202</gx:coord>
        <when>2025-01-01T00:15:50.8567520Z</when>
        <gx:coord>12.029974 51.55978 313.6149</gx:coord>
        <when>2025-01-01T00:15:55.8567520Z</when>
        <gx:coord>12.027748 51.560463 327.75534</gx:coord>
        <when>2025-01-01T00:15:57.0917520Z</when>
        <gx:coord>12.026853 51.560726 338.44424</gx:coord>
        <when>2025-01-01T00:16:00.8557520Z</when>
        <gx:coord>12.025552 51.561104 352.6098</gx:coord>
        <when>2025-01-01T00:16:05.8557520Z</when>
        <gx:coord>12.023297 51.56172 359.77325</gx:coord>
        <when>2025-01-01T00:16:10.8557520Z</when>
        <gx:coord>12.020828 51.56236 364.40857</gx:coord>
        <when>2025-01-01T00:16:11.0927520Z</when>
        <gx:coord>12.020828 51.56236 364.40857</gx:coord>
        <when>2025-01-01T00:16:13.0877520Z</when>
        <gx:coord>12.019289 51.562737 371.57352</gx:coord>
        <when>2025-01-01T00:16:15.8557520Z</when>
        <gx:coord>12.018261 51.56298 377.06314</gx:coord>
        <when>2025-01-01T00:16:16.0927520Z</when>
        <gx:coord>12.018261 51.56298 377.06314</gx:coord>
        <when>2025-01-01T00:16:19.0977520Z</when>
        <gx:coord>12.016657 51.56323 382.66516</gx:coord>
        <when>2025-01-01T00:16:20.8557520Z</when>
        <gx:coord>12.015547 51.56324 387.14508</gx:coord>
        <when>2025-01-01T00:16:21.0947520Z</when>
        <gx:coord>12.015547 51.56324 387.14508</gx:coord>
        <when>2025-01-01T00:16:23.0987520Z</when>
        <gx:coord>12.014446 51.56311 391.09512</gx:coord>
        <when>2025-01-01T00:16:25.0897520Z</when>
        <gx:coord>12.013388 51.562836 393.33768</gx:coord>
        <when>2025-01-01T00:16:25.8557520Z</when>
        <gx:coord>12.012889 51.562645 393.63947</gx:coord>
        <when>2025-01-01T00:16:26.0977520Z</when>
        <gx:coord>12.012417 51.562416 393.63947</gx:coord>
        <when>2025-01-01T00:16:27.0907520Z</when>
        <gx:coord>12.012417 51.562416 394.39264</gx:coord>
        <when>2025-01-01T00:16:29.0907520Z</when>
        <gx:coord>12.011602 51.561844 395.31738</gx:coord>
        <when>2025-01-01T00:16:30.1047520Z</when>
        <gx:coord>12.011269 51.561516 395.5866</gx:coord>
        <when>2025-01-01T00:16:30.8557520Z</when>
        <gx:coord>12.010979 51.56116 395.16223</gx:coord>
        <when>2025-01-01T00:16:32.1047520Z</when>
        <gx:coord>12.010715 51.56079 393.70972</gx:coord>
        <when>2025-01-01T00:16:35.8647520Z</when>
        <gx:coord>12.009767 51.559223 386.67734</gx:coord>
        <when>2025-01-01T00:16:40.8597520Z</when>
        <gx:coord>12.008532 51.557213 383.57135</gx:coord>
        <when>2025-01-01T00:16:45.0877520Z</when>
        <gx:coord>12.007358 51.55562 381.98163</gx:coord>
        <when>2025-01-01T00:16:45.8567520Z</when>
        <gx:coord>12.007044 51.55522 381.4075</gx:coord>
        <when>2025-01-01T00:16:50.8577520Z</when>
        <gx:coord>12.005506 51.553226 383.1425</gx:coord>
        <when>2025-01-01T00:16:55.8577520Z</when>
        <gx:coord>12.004063 51.551197 383.8674</gx:coord>
        <when>2025-01-01T00:16:59.0917520Z</when>
        <gx:coord>12.003463 51.549904 386.02496</gx:coord>
        <when>2025-01-01T00:17:00.8597520Z</when>
        <gx:coord>12.003294 51.548992 386.28564</gx:coord>
        <when>2025-01-01T00:17:02.0897520Z</when>
        <gx:coord>12.003298 51.548527 385.49628</gx:coord>
        <when>2025-01-01T00:17:04.0987520Z</when>
        <gx:coord>12.0035 51.547585 383.5259</gx:coord>
        <when>2025-01-01T00:17:05.8637520Z</when>
        <gx:coord>12.003982 51.546665 383.90274</gx:coord>
        <when>2025-01-01T00:17:06.1017520Z</when>
        <gx:coord>12.004301 51.54622 383.90274</gx:coord>
        <when>2025-01-01T00:17:07.0887520Z</when>
        <gx:coord>12.004301 51.54622 383.14346</gx:coord>
        <when>2025-01-01T00:17:07.0897520Z</when>
        <gx:coord>12.004301 51.54622 383.14346</gx:coord>
        <when>2025-01-01T00:17:10.0867520Z</when>
        <gx:coord>12.005603 51.545002 383.72546</gx:coord>
        <when>2025-01-01T00:17:10.8567520Z</when>
        <gx:coord>12.006142 51.544643 384.18753</gx:coord>
        <when>2025-01-01T00:17:12.0917520Z</when>
        <gx:coord>12.006726 51.54432 385.30075</gx:coord>
        <when>2025-01-01T00:17:15.0907520Z</when>
        <gx:coord>12.00871 51.54354 386.50327</gx:coord>
        <when>2025-01-01T00:17:15.8607520Z</when>
        <gx:coord>12.009423 51.543335 384.29324</gx:coord>
        <when>2025-01-01T00:17:20.8607520Z</when>
        <gx:coord>12.013179 51.54246 378.9348</gx:coord>
        <when>2025-01-01T00:17:25.8617520Z</when>
        <gx:coord>12.016951 51.541576 380.24652</gx:coord>
        <when>2025-01-01T00:17:30.8577520Z</when>
        <gx:coord>12.020725 51.54079 380.15268</gx:coord>
        <when>2025-01-01T00:17:35.8587520Z</when>
        <gx:coord>12.024493 51.539986 379.41055</gx:coord>
        <when>2025-01-01T00:17:40.8587520Z</when>
        <gx:coord>12.0282135 51.53905 374.00342</gx:coord>
        <when>2025-01-01T00:17:41.0997520Z</when>
        <gx:coord>12.0289545 51.538853 374.00342</gx:coord>
        <when>2025-01-01T00:17:45.8557520Z</when>
        <gx:coord>12.03191 51.538055 369.53058</gx:coord>
        <when>2025-01-01T00:17:50.8597520Z</when>
        <gx:coord>12.035621 51.537025 366.15814</gx:coord>
        <when>2025-01-01T00:17:55.8587520Z</when>
        <gx:coord>12.039321 51.53602 369.57373</gx:coord>
        <when>2025-01-01T00:18:00.8547520Z</when>
        <gx:coord>12.04295 51.534996 370.89142</gx:coord>
        <when>2025-01-01T00:18:05.8577520Z</when>
        <gx:coord>12.046548 51.534035 375.97906</gx:coord>
        <when>2025-01-01T00:18:10.8627520Z</when>
        <gx:coord>12.049999 51.53317 379.529</gx:coord>
        <when>2025-01-01T00:18:13.0897520Z</when>
        <gx:coord>12.051335 51.532852 380.06433</gx:coord>
        <when>2025-01-01T00:18:15.8587520Z</when>
        <gx:coord>12.053281 51.532375 381.2481</gx:coord>
        <when>2025-01-01T00:18:16.0967520Z</when>
        <gx:coord>12.053912 51.53222 381.2481</gx:coord>
        <when>2025-01-01T00:18:20.8627520Z</when>
        <gx:coord>12.056373 51.531605 382.41495</gx:coord>
        <when>2025-01-01T00:18:25.8547520Z</when>
        <gx:coord>12.059333 51.53087 381.6268</gx:coord>
        <when>2025-01-01T00:18:30.0997520Z</when>
        <gx:coord>12.061693 51.530296 380.14365</gx:coord>
        <when>2025-01-01T00:18:30.8547520Z</when>
        <gx:coord>12.06228 51.53015 380.37195</gx:coord>
        <when>2025-01-01T00:18:35.8547520Z</when>
        <gx:coord>12.065196 51.529423 378.92224</gx:coord>
        <when>2025-01-01T00:18:40.8547520Z</when>
        <gx:coord>12.068099 51.528713 377.8523</gx:coord>
        <when>2025-01-01T00:18:45.8537520Z</when>
        <gx:coord>12.0710125 51.52805 378.12216</gx:coord>
        <when>2025-01-01T00:18:48.0897520Z</when>
        <gx:coord>12.072187 51.5278 377.5021</gx:coord>
        <when>2025-01-01T00:18:50.8547520Z</when>
        <gx:coord>12.073999 51.52759 380.41077</gx:coord>
        <when>2025-01-01T00:18:51.0907520Z</when>
        <gx:coord>12.073999 51.52759 380.41077</gx:coord>
        <when>2025-01-01T00:18:53.0917520Z</when>
        <gx:coord>12.075194 51.527622 381.99536</gx:coord>
        <when>2025-01-01T00:18:55.0867520Z</when>
        <gx:coord>12.076311 51.52781 382.28455</gx:coord>
        <when>2025-01-01T00:18:55.8547520Z</when>
        <gx:coord>12.076828 51.527958 382.61966</gx:coord>
        <when>2025-01-01T00:18:57.0917520Z</when>
        <gx:coord>12.0773 51.52815 383.0816</gx:coord>
        <when>2025-01-01T00:18:57.0937520Z</when>
        <gx:coord>12.0773 51.52815 383.0816</gx:coord>
        <when>2025-01-01T00:18:59.0937520Z</when>
        <gx:coord>12.078124 51.52861 380.4957</gx:coord>
        <when>2025-01-01T00:19:00.8547520Z</when>
        <gx:coord>12.0788145 51.52916 373.46756</gx:coord>
        <when>2025-01-01T00:19:05.0937520Z</when>
        <gx:coord>12.080064 51.530373 359.54413</gx:coord>
        <when>2025-01-01T00:19:05.8547520Z</when>
        <gx:coord>12.080371 51.530685 357.92175</gx:coord>
        <when>2025-01-01T00:19:06.0957520Z</when>
        <gx:coord>12.080671 51.530994 357.92175</gx:coord>
        <when>2025-01-01T00:19:10.8547520Z</when>
        <gx:coord>12.081832 51.532223 348.395</gx:coord>
        <when>2025-01-01T00:19:15.8547520Z</when>
        <gx:coord>12.083102 51.53374 342.96295</gx:coord>
        <when>2025-01-01T00:19:17.1037520Z</when>
        <gx:coord>12.083555 51.534344 339.2914</gx:coord>
        <when>2025-01-01T00:19:20.8547520Z</when>
        <gx:coord>12.084234 51.535233 332.7303</gx:coord>
        <when>2025-01-01T00:19:25.8547520Z</when>
        <gx:coord>12.085305 51.536724 323.26285</gx:coord>
        <when>2025-01-01T00:19:30.8547520Z</when>
        <gx:coord>12.086342 51.538227 313.0803</gx:coord>
        <when>2025-01-01T00:19:32.0897520Z</when>
        <gx:coord>12.086532 51.53853 311.1587</gx:coord>
        <when>2025-01-01T00:19:33.1027520Z</when>
        <gx:coord>12.086829 51.539135 308.5146</gx:coord>
        <when>2025-01-01T00:19:35.8547520Z</when>
        <gx:coord>12.087049 51.53975 305.2501</gx:coord>
        <when>2025-01-01T00:19:36.0897520Z</when>
        <gx:coord>12.087049 51.53975 305.2501</gx:coord>
        <when>2025-01-01T00:19:39.0897520Z</when>
        <gx:coord>12.087163 51.54066 301.00378</gx:coord>
        <when>2025-01-01T00:19:39.0907520Z</when>
        <gx:coord>12.087163 51.54066 301.00378</gx:coord>
        <when>2025-01-01T00:19:40.8547520Z</when>
        <gx:coord>12.087025 51.54125 297.1532</gx:coord>
        <when>2025-01-01T00:19:41.0927520Z</when>
        <gx:coord>12.087025 51.54125 297.1532</gx:coord>
        <when>2025-01-01T00:19:43.0977520Z</when>
        <gx:coord>12.0866585 51.54179 294.98032</gx:coord>
        <when>2025-01-01T00:19:45.0877520Z</when>
        <gx:coord>12.086081 51.54225 291.47418</gx:coord>
        <when>2025-01-01T00:19:45.8547520Z</when>
        <gx:coord>12.085727 51.54245 288.21332</gx:coord>
        <when>2025-01-01T00:19:48.1027520Z</when>
        <gx:coord>12.084511 51.542984 276.5442</gx:coord>
        <when>2025-01-01T00:19:49.0927520Z</when>
        <gx:coord>12.084511 51.542984 276.5442</gx:coord>
        <when>2025-01-01T00:19:50.8547520Z</when>
        <gx:coord>12.083653 51.54333 271.48068</gx:coord>
        <when>2025-01-01T00:19:55.8547520Z</when>
        <gx:coord>12.081556 51.54418 260.82355</gx:coord>
        <when>2025-01-01T00:20:00.0897520Z</when>
        <gx:coord>12.079471 51.544914 245.21622</gx:coord>
        <when>2025-01-01T00:20:00.8537520Z</when>
        <gx:coord>12.079471 51.544914 245.21622</gx:coord>
        <when>2025-01-01T00:20:05.8537520Z</when>
        <gx:coord>12.077373 51.54555 228.12604</gx:coord>
        <when>2025-01-01T00:20:10.0927520Z</when>
        <gx:coord>12.075301 51.546173 212.0293</gx:coord>
        <when>2025-01-01T00:20:10.8537520Z</when>
        <gx:coord>12.075301 51.546173 212.0293</gx:coord>
        <when>2025-01-01T00:20:15.8537520Z</when>
        <gx:coord>12.073212 51.54677 194.94113</gx:coord>
        <when>2025-01-01T00:20:17.0937520Z</when>
        <gx:coord>12.072384 51.547005 191.92154</gx:coord>
        <when>2025-01-01T00:20:19.0947520Z</when>
        <gx:coord>12.071567 51.54724 180.91988</gx:coord>
        <when>2025-01-01T00:20:20.8537520Z</when>
        <gx:coord>12.071166 51.547363 177.23541</gx:coord>
        <when>2025-01-01T00:20:25.8537520Z</when>
        <gx:coord>12.069223 51.54797 162.88805</gx:coord>
        <when>2025-01-01T00:20:30.0927520Z</when>
        <gx:coord>12.067309 51.548523 148.17628</gx:coord>
        <when>2025-01-01T00:20:30.8537520Z</when>
        <gx:coord>12.067309 51.548523 148.17628</gx:coord>
        <when>2025-01-01T00:20:35.8527520Z</when>
        <gx:coord>12.065407 51.54908 135.25499</gx:coord>
        <when>2025-01-01T00:20:40.8537520Z</when>
        <gx:coord>12.063469 51.549656 122.07555</gx:coord>
        <when>2025-01-01T00:20:42.0907520Z</when>
        <gx:coord>12.062687 51.549877 116.02972</gx:coord>
        <when>2025-01-01T00:20:45.8537520Z</when>
        <gx:coord>12.061513 51.55021 108.59623</gx:coord>
        <when>2025-01-01T00:20:48.0917520Z</when>
        <gx:coord>12.060754 51.550423 106.87562</gx:coord>
        <when>2025-01-01T00:20:50.8537520Z</when>
        <gx:coord>12.059696 51.550728 105.44415</gx:coord>
        <when>2025-01-01T00:20:54.0897520Z</when>
        <gx:coord>12.058745 51.551003 105.04274</gx:coord>
        <when>2025-01-01T00:20:55.8537520Z</when>
        <gx:coord>12.058169 51.551167 105.08797</gx:coord>
        <when>2025-01-01T00:20:56.0857520Z</when>
        <gx:coord>12.058169 51.551167 105.08797</gx:coord>
        <when>2025-01-01T00:21:00.8537520Z</when>
        <gx:coord>12.056794 51.551548 105.59946</gx:coord>
        <when>2025-01-01T00:21:05.8537520Z</when>
        <gx:coord>12.055133 51.552 108.62009</gx:coord>
        <when>2025-01-01T00:21:08.0937520Z</when>
        <gx:coord>12.054417 51.55222 111.02001</gx:coord>
        <when>2025-01-01T00:21:10.8537520Z</when>
        <gx:coord>12.053268 51.55255 115.27352</gx:coord>
        <when>2025-01-01T00:21:15.8527520Z</when>
        <gx:coord>12.051217 51.55312 126.773445</gx:coord>
        <when>2025-01-01T00:21:20.8537520Z</when>
        <gx:coord>12.049148 51.553703 142.97119</gx:coord>
        <when>2025-01-01T00:21:21.1037520Z</when>
        <gx:coord>12.048739 51.55382 146.62613</gx:coord>
        <when>2025-01-01T00:21:23.0977520Z</when>
        <gx:coord>12.047942 51.554058 150.79924</gx:coord>
        <when>2025-01-01T00:21:25.8537520Z</when>
        <gx:coord>12.047164 51.5543 161.46075</gx:coord>
        <when>2025-01-01T00:21:30.8537520Z</when>
        <gx:coord>12.0452385 51.554882 176.57681</gx:coord>
        <when>2025-01-01T00:21:31.0907520Z</when>
        <gx:coord>12.044854 51.554996 180.00285</gx:coord>
        <when>2025-01-01T00:21:35.8537520Z</when>
        <gx:coord>12.04333 51.555454 192.25015</gx:coord>
        <when>2025-01-01T00:21:40.8537520Z</when>
        <gx:coord>12.041456 51.55603 205.6253</gx:coord>
        <when>2025-01-01T00:21:42.0927520Z</when>
        <gx:coord>12.040706 51.556255 212.71538</gx:coord>
        <when>2025-01-01T00:21:45.8537520Z</when>
        <gx:coord>12.039571 51.556595 222.67703</gx:coord>
        <when>2025-01-01T00:21:50.8537520Z</when>
        <gx:coord>12.037658 51.557137 237.44897</gx:coord>
        <when>2025-01-01T00:21:52.0987520Z</when>
        <gx:coord>12.036886 51.557346 245.17038</gx:coord>
        <when>2025-01-01T00:21:55.8537520Z</when>
        <gx:coord>12.035733 51.55765 257.2875</gx:coord>
        <when>2025-01-01T00:22:00.8537520Z</when>
        <gx:coord>12.033826 51.558147 269.63974</gx:coord>
        <when>2025-01-01T00:22:05.8537520Z</when>
        <gx:coord>12.031767 51.55869 270.83957</gx:coord>
        <when>2025-01-01T00:22:07.0947520Z</when>
        <gx:coord>12.030904 51.55891 276.16034</gx:coord>
        <when>2025-01-01T00:22:10.8537520Z</when>
        <gx:coord>12.029608 51.559246 287.1709</gx:coord>
        <when>2025-01-01T00:22:15.8537520Z</when>
        <gx:coord>12.027454 51.559834 304.80298</gx:coord>
        <when>2025-01-01T00:22:16.0937520Z</when>
        <gx:coord>12.027018 51.559948 308.5437</gx:coord>
        <when>2025-01-01T00:22:19.1027520Z</when>
        <gx:coord>12.026146 51.560196 312.63983</gx:coord>
        <when>2025-01-01T00:22:20.8527520Z</when>
        <gx:coord>12.025252 51.56044 315.4419</gx:coord>
        <when>2025-01-01T00:22:24.0947520Z</when>
        <gx:coord>12.023392 51.560925 323.89047</gx:coord>
        <when>2025-01-01T00:22:25.8527520Z</when>
        <gx:coord>12.022929 51.561047 333.80847</gx:coord>
        <when>2025-01-01T00:22:27.0897520Z</when>
        <gx:coord>12.022006 51.561287 344.34634</gx:coord>
        <when>2025-01-01T00:22:30.8527520Z</when>
        <gx:coord>12.020627 51.561646 358.85013</gx:coord>
        <when>2025-01-01T00:22:35.8527520Z</when>
        <gx:coord>12.018255 51.562218 373.9717</gx:coord>
        <when>2025-01-01T00:22:36.1007520Z</when>
        <gx:coord>12.017742 51.562325 375.01285</gx:coord>
        <when>2025-01-01T00:22:38.1027520Z</when>
        <gx:coord>12.017218 51.56242 375.96518</gx:coord>
        <when>2025-01-01T00:22:39.0937520Z</when>
        <gx:coord>12.016676 51.562496 376.36404</gx:coord>
        <when>2025-01-01T00:22:40.1037520Z</when>
        <gx:coord>12.016117 51.56254 377.0355</gx:coord>
        <when>2025-01-01T00:22:40.8527520Z</when>
        <gx:coord>12.015542 51.562542 377.6435</gx:coord>
        <when>2025-01-01T00:22:42.0907520Z</when>
        <gx:coord>12.0149555 51.562508 377.1926</gx:coord>
        <when>2025-01-01T00:22:44.0967520Z</when>
        <gx:coord>12.013779 51.5623 376.06937</gx:coord>
        <when>2025-01-01T00:22:45.0897520Z</when>
        <gx:coord>12.013204 51.56213 375.4123</gx:coord>
        <when>2025-01-01T00:22:45.8527520Z</when>
        <gx:coord>12.012649 51.56192 375.5241</gx:coord>
        <when>2025-01-01T00:22:46.0917520Z</when>
        <gx:coord>12.012649 51.56192 375.5241</gx:coord>
        <when>2025-01-01T00:22:48.0937520Z</when>
        <gx:coord>12.011622 51.56139 373.60867</gx:coord>
        <when>2025-01-01T00:22:50.8617520Z</when>
        <gx:coord>12.010377 51.560345 368.69733</gx:coord>
        <when>2025-01-01T00:22:51.0917520Z</when>
        <gx:coord>12.010377 51.560345 368.69733</gx:coord>
        <when>2025-01-01T00:22:51.0927520Z</when>
        <gx:coord>12.010377 51.560345 368.69733</gx:coord>
        <when>2025-01-01T00:22:55.8577520Z</when>
        <gx:coord>12.00889 51.558235 358.71298</gx:coord>
        <when>2025-01-01T00:23:00.8567520Z</when>
        <gx:coord>12.007472 51.556084 361.97733</gx:coord>
        <when>2025-01-01T00:23:05.8587520Z</when>
        <gx:coord>12.006015 51.553955 362.5377</gx:coord>
        <when>2025-01-01T00:23:10.8597520Z</when>
        <gx:coord>12.004501 51.551834 359.94638</gx:coord>
        <when>2025-01-01T00:23:13.0917520Z</when>
        <gx:coord>12.003989 51.550957 360.5396</gx:coord>
        <when>2025-01-01T00:23:15.0977520Z</when>
        <gx:coord>12.003577 51.54958 359.93112</gx:coord>
        <when>2025-01-01T00:23:15.8597520Z</when>
        <gx:coord>12.003577 51.54958 359.80145</gx:coord>
        <when>2025-01-01T00:23:16.0927520Z</when>
        <gx:coord>12.003577 51.54958 359.80145</gx:coord>
        <when>2025-01-01T00:23:19.0927520Z</when>
        <gx:coord>12.003782 51.548157 358.07468</gx:coord>
        <when>2025-01-01T00:23:20.8617520Z</when>
        <gx:coord>12.004219 51.54723 355.90387</gx:coord>
        <when>2025-01-01T00:23:22.0937520Z</when>
        <gx:coord>12.004534 51.546783 355.71545</gx:coord>
        <when>2025-01-01T00:23:25.0897520Z</when>
        <gx:coord>12.005791 51.545547 356.22363</gx:coord>
        <when>2025-01-01T00:23:25.8607520Z</when>
        <gx:coord>12.006303 51.545177 356.3493</gx:coord>
        <when>2025-01-01T00:23:28.0917520Z</when>
        <gx:coord>12.007443 51.544518 357.9136</gx:coord>
        <when>2025-01-01T00:23:30.8657520Z</when>
        <gx:coord>12.009389 51.54374 359.1575</gx:coord>
        <when>2025-01-01T00:23:31.0897520Z</when>
        <gx:coord>12.009389 51.54374 359.1575</gx:coord>
        <when>2025-01-01T00:23:35.8667520Z</when>
        <gx:coord>12.012934 51.5428 355.65814</gx:coord>
        <when>2025-01-01T00:23:40.8637520Z</when>
        <gx:coord>12.016496 51.54184 359.06036</gx:coord>
        <when>2025-01-01T00:23:45.8597520Z</when>
        <gx:coord>12.020008 51.540913 364.55432</gx:coord>
        <when>2025-01-01T00:23:50.8617520Z</when>
        <gx:coord>12.023491 51.54003 368.24475</gx:coord>
        <when>2025-01-01T00:23:53.0977520Z</when>
        <gx:coord>12.0255785 51.53953 368.90216</gx:coord>
        <when>2025-01-01T00:23:55.8667520Z</when>
        <gx:coord>12.026966 51.53919 368.31</gx:coord>
        <when>2025-01-01T00:24:00.8607520Z</when>
        <gx:coord>12.030383 51.5383 371.45496</gx:coord>
        <when>2025-01-01T00:24:05.8607520Z</when>
        <gx:coord>12.03375 51.537407 374.81293</gx:coord>
        <when>2025-01-01T00:24:10.8577520Z</when>
        <gx:coord>12.037124 51.536552 376.7987</gx:coord>
        <when>2025-01-01T00:24:15.8637520Z</when>
        <gx:coord>12.040501 51.535694 377.18472</gx:coord>
        <when>2025-01-01T00:24:20.8607520Z</when>
        <gx:coord>12.04387 51.5348 373.8122</gx:coord>
        <when>2025-01-01T00:24:25.8627520Z</when>
        <gx:coord>12.047267 51.533863 373.50696</gx:coord>
        <when>2025-01-01T00:24:30.1027520Z</when>
        <gx:coord>12.050617 51.532978 373.1111</gx:coord>
        <when>2025-01-01T00:24:30.8647520Z</when>
        <gx:coord>12.050617 51.532978 372.01544</gx:coord>
        <when>2025-01-01T00:24:35.8617520Z</when>
        <gx:coord>12.053825 51.53217 372.75735</gx:coord>
        <when>2025-01-01T00:24:40.0907520Z</when>
        <gx:coord>12.056251 51.531567 376.78198</gx:coord>
        <when>2025-01-01T00:24:40.8527520Z</when>
        <gx:coord>12.056843 51.531425 377.66272</gx:coord>
        <when>2025-01-01T00:24:45.8527520Z</when>
        <gx:coord>12.059777 51.530724 377.7659</gx:coord>
        <when>2025-01-01T00:24:50.8527520Z</when>
        <gx:coord>12.062692 51.530056 377.40634</gx:coord>
        <when>2025-01-01T00:24:55.8517520Z</when>
        <gx:coord>12.065572 51.52942 375.5133</gx:coord>
        <when>2025-01-01T00:25:00.8517520Z</when>
        <gx:coord>12.0684595 51.528847 371.8885</gx:coord>
        <when>2025-01-01T00:25:05.8517520Z</when>
        <gx:coord>12.071341 51.528244 364.6408</gx:coord>
        <when>2025-01-01T00:25:10.0897520Z</when>
        <gx:coord>12.073699 51.527763 357.1125</gx:coord>
        <when>2025-01-01T00:25:10.8517520Z</when>
        <gx:coord>12.074298 51.52768 358.05362</gx:coord>
        <when>2025-01-01T00:25:12.0907520Z</when>
        <gx:coord>12.0749 51.527634 359.56857</gx:coord>
        <when>2025-01-01T00:25:13.1127520Z</when>
        <gx:coord>12.0760765 51.527664 361.40894</gx:coord>
        <when>2025-01-01T00:25:14.0957520Z</when>
        <gx:coord>12.0760765 51.527664 362.7778</gx:coord>
        <when>2025-01-01T00:25:15.8517520Z</when>
        <gx:coord>12.077172 51.527855 365.79816</gx:coord>
        <when>2025-01-01T00:25:16.0897520Z</when>
        <gx:coord>12.077172 51.527855 365.79816</gx:coord>
        <when>2025-01-01T00:25:16.0907520Z</when>
        <gx:coord>12.077172 51.527855 365.79816</gx:coord>
        <when>2025-01-01T00:25:18.0917520Z</when>
        <gx:coord>12.078127 51.528194 368.8576</gx:coord>
        <when>2025-01-01T00:25:20.0927520Z</when>
        <gx:coord>12.078931 51.528633 366.9246</gx:coord>
        <when>2025-01-01T00:25:20.8517520Z</when>
        <gx:coord>12.079269 51.528896 364.6918</gx:coord>
        <when>2025-01-01T00:25:25.1057520Z</when>
        <gx:coord>12.080456 51.530045 352.36996</gx:coord>
        <when>2025-01-01T00:25:25.8517520Z</when>
        <gx:coord>12.080742 51.530346 349.41406</gx:coord>
        <when>2025-01-01T00:25:28.1097520Z</when>
        <gx:coord>12.081594 51.531277 343.4867</gx:coord>
        <when>2025-01-01T00:25:30.8517520Z</when>
        <gx:coord>12.082185 51.5319 340.82755</gx:coord>
        <when>2025-01-01T00:25:35.8517520Z</when>
        <gx:coord>12.083615 51.53341 330.4361</gx:coord>
        <when>2025-01-01T00:25:40.8517520Z</when>
        <gx:coord>12.084905 51.53489 318.5597</gx:coord>
        <when>2025-01-01T00:25:44.0937520Z</when>
        <gx:coord>12.085912 51.53607 312.20767</gx:coord>
        <when>2025-01-01T00:25:45.8517520Z</when>
        <gx:coord>12.086159 51.53636 311.05643</gx:coord>
        <when>2025-01-01T00:25:50.8517520Z</when>
        <gx:coord>12.087412 51.537777 303.58624</gx:coord>
        <when>2025-01-01T00:25:55.8517520Z</when>
        <gx:coord>12.088605 51.539165 298.1143</gx:coord>
        <when>2025-01-01T00:25:58.1027520Z</when>
        <gx:coord>12.088995 51.539726 298.2854</gx:coord>
        <when>2025-01-01T00:25:58.1037520Z</when>
        <gx:coord>12.088995 51.539726 298.2854</gx:coord>
        <when>2025-01-01T00:26:00.0937520Z</when>
        <gx:coord>12.0892 51.5403 298.99313</gx:coord>
        <when>2025-01-01T00:26:00.8517520Z</when>
        <gx:coord>12.089225 51.54058 299.97647</gx:coord>
        <when>2025-01-01T00:26:01.0927520Z</when>
        <gx:coord>12.089225 51.54058 299.97647</gx:coord>
        <when>2025-01-01T00:26:03.0947520Z</when>
        <gx:coord>12.08914 51.541138 298.15817</gx:coord>
        <when>2025-01-01T00:26:05.0927520Z</when>
        <gx:coord>12.088901 51.54167 292.919</gx:coord>
        <when>2025-01-01T00:26:05.8517520Z</when>
        <gx:coord>12.088719 51.54193 289.06778</gx:coord>
        <when>2025-01-01T00:26:08.0997520Z</when>
        <gx:coord>12.088272 51.54243 282.3516</gx:coord>
        <when>2025-01-01T00:26:08.1037520Z</when>
        <gx:coord>12.088008 51.54267 282.3516</gx:coord>
        <when>2025-01-01T00:26:08.1037520Z</when>
        <gx:coord>12.088008 51.54267 279.2211</gx:coord>
        <when>2025-01-01T00:26:10.8507520Z</when>
        <gx:coord>12.087415 51.54313 272.2885</gx:coord>
        <when>2025-01-01T00:26:11.0897520Z</when>
        <gx:coord>12.087415 51.54313 272.2885</gx:coord>
        <when>2025-01-01T00:26:14.0907520Z</when>
        <gx:coord>12.086365 51.54372 264.3831</gx:coord>
        <when>2025-01-01T00:26:15.8517520Z</when>
        <gx:coord>12.085589 51.544044 260.52667</gx:coord>
        <when>2025-01-01T00:26:20.8517520Z</when>
        <gx:coord>12.083659 51.544765 251.02945</gx:coord>
        <when>2025-01-01T00:26:22.0907520Z</when>
        <gx:coord>12.0829 51.545033 246.85744</gx:coord>
        <when>2025-01-01T00:26:25.8517520Z</when>
        <gx:coord>12.081761 51.545418 240.95657</gx:coord>
        <when>2025-01-01T00:26:30.0917520Z</when>
        <gx:coord>12.080253 51.5459 233.45805</gx:coord>
        <when>2025-01-01T00:26:30.8517520Z</when>
        <gx:coord>12.079881 51.546013 231.52737</gx:coord>
        <when>2025-01-01T00:26:35.8517520Z</when>
        <gx:coord>12.078015 51.546547 221.88297</gx:coord>
        <when>2025-01-01T00:26:38.0917520Z</when>
        <gx:coord>12.076901 51.54688 216.00626</gx:coord>
        <when>2025-01-01T00:26:40.8517520Z</when>
        <gx:coord>12.076147 51.547108 211.74136</gx:coord>
        <when>2025-01-01T00:26:45.8517520Z</when>
        <gx:coord>12.074242 51.547672 199.40187</gx:coord>
        <when>2025-01-01T00:26:50.8517520Z</when>
        <gx:coord>12.0722885 51.54823 187.77483</gx:coord>
        <when>2025-01-01T00:26:51.0927520Z</when>
        <gx:coord>12.071897 51.548344 184.7903</gx:coord>
        <when>2025-01-01T00:26:55.8517520Z</when>
        <gx:coord>12.070342 51.54883 172.33473</gx:coord>
        <when>2025-01-01T00:27:00.8517520Z</when>
        <gx:coord>12.068394 51.54944 160.58072</gx:coord>
        <when>2025-01-01T00:27:03.0907520Z</when>
        <gx:coord>12.067208 51.54979 152.34122</gx:coord>
        <when>2025-01-01T00:27:05.8517520Z</when>
        <gx:coord>12.066402 51.550022 146.18042</gx:coord>
        <when>2025-01-01T00:27:10.0957520Z</when>
        <gx:coord>12.064416 51.55061 133.67712</gx:coord>
        <when>2025-01-01T00:27:10.8517520Z</when>
        <gx:coord>12.064416 51.55061 130.69142</gx:coord>
        <when>2025-01-01T00:27:14.0867520Z</when>
        <gx:coord>12.062914 51.551083 119.10199</gx:coord>
        <when>2025-01-01T00:27:15.8517520Z</when>
        <gx:coord>12.06254 51.551197 116.233696</gx:coord>
        <when>2025-01-01T00:27:19.1007520Z</when>
        <gx:coord>12.061421 51.551517 112.522804</gx:coord>
        <when>2025-01-01T00:27:20.8507520Z</when>
        <gx:coord>12.060712 51.55171 111.9401</gx:coord>
        <when>2025-01-01T00:27:25.8507520Z</when>
        <gx:coord>12.059025 51.552135 108.47702</gx:coord>
        <when>2025-01-01T00:27:30.8507520Z</when>
        <gx:coord>12.057374 51.552593 108.71514</gx:coord>
        <when>2025-01-01T00:27:35.8517520Z</when>
        <gx:coord>12.055572 51.55309 111.938835</gx:coord>
        <when>2025-01-01T00:27:40.8517520Z</when>
        <gx:coord>12.053706 51.553593 118.89694</gx:coord>
        <when>2025-01-01T00:27:45.8517520Z</when>
        <gx:coord>12.051869 51.55412 127.38162</gx:coord>
        <when>2025-01-01T00:27:50.8517520Z</when>
        <gx:coord>12.050038 51.55465 137.34554</gx:coord>
        <when>2025-01-01T00:27:55.0917520Z</when>
        <gx:coord>12.048201 51.555187 150.54872</gx:coord>
        <when>2025-01-01T00:27:55.8517520Z</when>
        <gx:coord>12.048201 51.555187 150.54872</gx:coord>
        <when>2025-01-01T00:28:00.8517520Z</when>
        <gx:coord>12.046323 51.555702 165.26877</gx:coord>
        <when>2025-01-01T00:28:05.0957520Z</when>
        <gx:coord>12.044473 51.556152 183.757</gx:coord>
        <when>2025-01-01T00:28:05.8517520Z</when>
        <gx:coord>12.044473 51.556152 183.757</gx:coord>
        <when>2025-01-01T00:28:10.8517520Z</when>
        <gx:coord>12.042648 51.556576 197.60547</gx:coord>
        <when>2025-01-01T00:28:15.8517520Z</when>
        <gx:coord>12.040863 51.556988 213.61894</gx:coord>
        <when>2025-01-01T00:28:16.0927520Z</when>
        <gx:coord>12.040515 51.55707 216.73296</gx:coord>
        <when>2025-01-01T00:28:18.0987520Z</when>
        <gx:coord>12.0398245 51.557255 220.29814</gx:coord>
        <when>2025-01-01T00:28:20.8507520Z</when>
        <gx:coord>12.039132 51.557446 228.44807</gx:coord>
        <when>2025-01-01T00:28:25.8507520Z</when>
        <gx:coord>12.037405 51.5579 239.262</gx:coord>
        <when>2025-01-01T00:28:30.0927520Z</when>
        <gx:coord>12.03567 51.558372 248.37779</gx:coord>
        <when>2025-01-01T00:28:30.8507520Z</when>
        <gx:coord>12.03567 51.558372 248.37779</gx:coord>
        <when>2025-01-01T00:28:35.8507520Z</when>
        <gx:coord>12.033908 51.55885 258.216</gx:coord>
        <when>2025-01-01T00:28:40.8507520Z</when>
        <gx:coord>12.032172 51.559345 267.70398</gx:coord>
        <when>2025-01-01T00:28:45.8507520Z</when>
        <gx:coord>12.030256 51.55988 273.82056</gx:coord>
        <when>2025-01-01T00:28:48.1057520Z</when>
        <gx:coord>12.029017 51.56022 281.88336</gx:coord>
        <when>2025-01-01T00:28:50.8507520Z</when>
        <gx:coord>12.028197 51.560455 289.59177</gx:coord>
        <when>2025-01-01T00:28:55.8507520Z</when>
        <gx:coord>12.026185 51.561016 310.85754</gx:coord>
        <when>2025-01-01T00:28:56.0927520Z</when>
        <gx:coord>12.025789 51.561134 314.82135</gx:coord>
        <when>2025-01-01T00:29:00.8497520Z</when>
        <gx:coord>12.024218 51.56162 331.026</gx:coord>
        <when>2025-01-01T00:29:03.0907520Z</when>
        <gx:coord>12.023035 51.561974 346.499</gx:coord>
        <when>2025-01-01T00:29:05.8507520Z</when>
        <gx:coord>12.022242 51.562195 356.04807</gx:coord>
        <when>2025-01-01T00:29:10.8507520Z</when>
        <gx:coord>12.020241 51.562775 372.59235</gx:coord>
        <when>2025-01-01T00:29:13.0907520Z</when>
        <gx:coord>12.019399 51.563004 374.92242</gx:coord>
        <when>2025-01-01T00:29:15.8507520Z</when>
        <gx:coord>12.018012 51.56333 376.18552</gx:coord>
        <when>2025-01-01T00:29:17.1087520Z</when>
        <gx:coord>12.017519 51.563427 376.5676</gx:coord>
        <when>2025-01-01T00:29:18.0907520Z</when>
        <gx:coord>12.01647 51.56355 377.00192</gx:coord>
        <when>2025-01-01T00:29:19.0917520Z</when>
        <gx:coord>12.01647 51.56355 377.00192</gx:coord>
        <when>2025-01-01T00:29:20.0917520Z</when>
        <gx:coord>12.015914 51.563557 377.91565</gx:coord>
        <when>2025-01-01T00:29:20.8507520Z</when>
        <gx:coord>12.015347 51.563522 378.5046</gx:coord>
        <when>2025-01-01T00:29:21.1107520Z</when>
        <gx:coord>12.015347 51.563522 378.5046</gx:coord>
        <when>2025-01-01T00:29:21.1147520Z</when>
        <gx:coord>12.014775 51.56345 378.5046</gx:coord>
        <when>2025-01-01T00:29:23.1067520Z</when>
        <gx:coord>12.01421 51.56333 380.23428</gx:coord>
        <when>2025-01-01T00:29:25.1147520Z</when>
        <gx:coord>12.013124 51.562996 382.20178</gx:coord>
        <when>2025-01-01T00:29:25.8507520Z</when>
        <gx:coord>12.01261 51.56278 383.22192</gx:coord>
        <when>2025-01-01T00:29:28.0917520Z</when>
        <gx:coord>12.011647 51.56227 383.10193</gx:coord>
        <when>2025-01-01T00:29:29.1087520Z</when>
        <gx:coord>12.011216 51.561974 382.9569</gx:coord>
        <when>2025-01-01T00:29:30.0927520Z</when>
        <gx:coord>12.010832 51.561646 383.41418</gx:coord>
        <when>2025-01-01T00:29:30.8627520Z</when>
        <gx:coord>12.010475 51.561295 383.81302</gx:coord>
        <when>2025-01-01T00:29:35.0927520Z</when>
        <gx:coord>12.00927 51.55976 379.41098</gx:coord>
        <when>2025-01-01T00:29:35.8627520Z</when>
        <gx:coord>12.0090065 51.559357 377.42294</gx:coord>
        <when>2025-01-01T00:29:40.8617520Z</when>
        <gx:coord>12.00778 51.55728 370.38937</gx:coord>
        <when>2025-01-01T00:29:45.8587520Z</when>
        <gx:coord>12.006494 51.55519 363.1477</gx:coord>
        <when>2025-01-01T00:29:46.0937520Z</when>
        <gx:coord>12.006494 51.55519 363.1477</gx:coord>
        <when>2025-01-01T00:29:50.8637520Z</when>
        <gx:coord>12.0050535 51.553093 362.44498</gx:coord>
        <when>2025-01-01T00:29:55.8657520Z</when>
        <gx:coord>12.003504 51.551006 359.4557</gx:coord>
        <when>2025-01-01T00:30:00.8617520Z</when>
        <gx:coord>12.001972 51.548904 355.2451</gx:coord>
        <when>2025-01-01T00:30:01.0987520Z</when>
        <gx:coord>12.001684 51.548473 355.2451</gx:coord>
        <when>2025-01-01T00:30:04.0947520Z</when>
        <gx:coord>12.001237 51.547577 358.86642</gx:coord>
        <when>2025-01-01T00:30:05.8587520Z</when>
        <gx:coord>12.001039 51.546654 365.16986</gx:coord>
        <when>2025-01-01T00:30:06.0937520Z</when>
        <gx:coord>12.001039 51.546654 365.16986</gx:coord>
        <when>2025-01-01T00:30:09.0957520Z</when>
        <gx:coord>12.001242 51.54527 370.79776</gx:coord>
        <when>2025-01-01T00:30:10.8587520Z</when>
        <gx:coord>12.00171 51.544388 369.8424</gx:coord>
        <when>2025-01-01T00:30:11.0937520Z</when>
        <gx:coord>12.00171 51.544388 369.8424</gx:coord>
        <when>2025-01-01T00:30:13.0817520Z</when>
        <gx:coord>12.002458 51.543575 366.74185</gx:coord>
        <when>2025-01-01T00:30:15.8587520Z</when>
        <gx:coord>12.003992 51.542522 360.08728</gx:coord>
        <when>2025-01-01T00:30:16.0897520Z</when>
        <gx:coord>12.003992 51.542522 360.08728</gx:coord>
        <when>2025-01-01T00:30:19.0967520Z</when>
        <gx:coord>12.005921 51.541733 353.65735</gx:coord>
        <when>2025-01-01T00:30:20.8597520Z</when>
        <gx:coord>12.007357 51.541363 348.94705</gx:coord>
        <when>2025-01-01T00:30:22.0887520Z</when>
        <gx:coord>12.008858 51.54108 346.10443</gx:coord>
        <when>2025-01-01T00:30:23.0907520Z</when>
        <gx:coord>12.008858 51.54108 346.10443</gx:coord>
        <when>2025-01-01T00:30:25.8657520Z</when>
        <gx:coord>12.011175 51.540764 340.25134</gx:coord>
        <when>2025-01-01T00:30:30.8547520Z</when>
        <gx:coord>12.015049 51.540287 338.25983</gx:coord>
        <when>2025-01-01T00:30:35.8667520Z</when>
        <gx:coord>12.018778 51.539867 351.6373</gx:coord>
        <when>2025-01-01T00:30:40.8617520Z</when>
        <gx:coord>12.022396 51.539406 362.5438</gx:coord>
        <when>2025-01-01T00:30:43.0967520Z</when>
        <gx:coord>12.024535 51.53911 365.35287</gx:coord>
        <when>2025-01-01T00:30:45.8507520Z</when>
        <gx:coord>12.0259495 51.5389 368.1708</gx:coord>
        <when>2025-01-01T00:30:50.8637520Z</when>
        <gx:coord>12.02947 51.53829 368.19052</gx:coord>
        <when>2025-01-01T00:30:55.8647520Z</when>
        <gx:coord>12.033001 51.53749 361.5748</gx:coord>
        <when>2025-01-01T00:31:00.8577520Z</when>
        <gx:coord>12.036532 51.536552 359.5414</gx:coord>
        <when>2025-01-01T00:31:05.8597520Z</when>
        <gx:coord>12.040082 51.53561 358.99124</gx:coord>
        <when>2025-01-01T00:31:10.8647520Z</when>
        <gx:coord>12.043652 51.534702 360.83575</gx:coord>
        <when>2025-01-01T00:31:15.8587520Z</when>
        <gx:coord>12.047162 51.53379 365.13116</gx:coord>
        <when>2025-01-01T00:31:19.0987520Z</when>
        <gx:coord>12.049942 51.533096 367.04156</gx:coord>
        <when>2025-01-01T00:31:20.8647520Z</when>
        <gx:coord>12.050637 51.532932 367.32687</gx:coord>
        <when>2025-01-01T00:31:25.8627520Z</when>
        <gx:coord>12.054122 51.53212 367.0697</gx:coord>
        <when>2025-01-01T00:31:30.8627520Z</when>
        <gx:coord>12.057526 51.531345 370.94846</gx:coord>
        <when>2025-01-01T00:31:35.8597520Z</when>
        <gx:coord>12.060799 51.530598 367.27307</gx:coord>
        <when>2025-01-01T00:31:39.0877520Z</when>
        <gx:coord>12.062691 51.530155 367.41418</gx:coord>
        <when>2025-01-01T00:31:40.8497520Z</when>
        <gx:coord>12.063889 51.529873 369.8041</gx:coord>
        <when>2025-01-01T00:31:45.8497520Z</when>
        <gx:coord>12.066836 51.529217 370.14716</gx:coord>
        <when>2025-01-01T00:31:50.8507520Z</when>
        <gx:coord>12.06974 51.52859 369.95166</gx:coord>
        <when>2025-01-01T00:31:55.8497520Z</when>
        <gx:coord>12.072614 51.52799 365.03494</gx:coord>
        <when>2025-01-01T00:32:00.0877520Z</when>
        <gx:coord>12.07493 51.52763 365.93787</gx:coord>
        <when>2025-01-01T00:32:00.0937520Z</when>
        <gx:coord>12.075509 51.527622 365.93787</gx:coord>
        <when>2025-01-01T00:32:00.8507520Z</when>
        <gx:coord>12.075509 51.527622 366.48315</gx:coord>
        <when>2025-01-01T00:32:01.0997520Z</when>
        <gx:coord>12.075509 51.527622 366.48315</gx:coord>
        <when>2025-01-01T00:32:02.0927520Z</when>
        <gx:coord>12.076074 51.527657 366.87943</gx:coord>
        <when>2025-01-01T00:32:04.0917520Z</when>
        <gx:coord>12.077133 51.527843 365.81424</gx:coord>
        <when>2025-01-01T00:32:05.8507520Z</when>
        <gx:coord>12.078073 51.52817 366.23392</gx:coord>
        <when>2025-01-01T00:32:06.0917520Z</when>
        <gx:coord>12.078073 51.52817 366.23392</gx:coord>
        <when>2025-01-01T00:32:08.1057520Z</when>
        <gx:coord>12.078868 51.528606 367.43027</gx:coord>
        <when>2025-01-01T00:32:10.8497520Z</when>
        <gx:coord>12.079827 51.529373 363.00262</gx:coord>
        <when>2025-01-01T00:32:15.8497520Z</when>
        <gx:coord>12.081319 51.530766 354.4966</gx:coord>
        <when>2025-01-01T00:32:16.0907520Z</when>
        <gx:coord>12.081319 51.530766 354.4966</gx:coord>
        <when>2025-01-01T00:32:20.8497520Z</when>
        <gx:coord>12.082729 51.53217 336.2652</gx:coord>
        <when>2025-01-01T00:32:25.8497520Z</when>
        <gx:coord>12.084156 51.5336 319.29962</gx:coord>
        <when>2025-01-01T00:32:27.0927520Z</when>
        <gx:coord>12.084709 51.53417 314.60712</gx:coord>
        <when>2025-01-01T00:32:30.8497520Z</when>
        <gx:coord>12.085567 51.534996 311.37027</gx:coord>
        <when>2025-01-01T00:32:35.8497520Z</when>
        <gx:coord>12.086958 51.536343 302.14212</gx:coord>
        <when>2025-01-01T00:32:40.8497520Z</when>
        <gx:coord>12.088146 51.537712 292.1824</gx:coord>
        <when>2025-01-01T00:32:42.0927520Z</when>
        <gx:coord>12.088347 51.537994 291.4147</gx:coord>
        <when>2025-01-01T00:32:42.0927520Z</when>
        <gx:coord>12.088347 51.537994 291.4147</gx:coord>
        <when>2025-01-01T00:32:45.1027520Z</when>
        <gx:coord>12.088795 51.53886 290.04666</gx:coord>
        <when>2025-01-01T00:32:45.8497520Z</when>
        <gx:coord>12.088879 51.539146 289.02307</gx:coord>
        <when>2025-01-01T00:32:48.0927520Z</when>
        <gx:coord>12.088948 51.539715 285.7214</gx:coord>
        <when>2025-01-01T00:32:49.1037520Z</when>
        <gx:coord>12.088868 51.54026 283.1289</gx:coord>
        <when>2025-01-01T00:32:50.8497520Z</when>
        <gx:coord>12.0887785 51.540527 281.56796</gx:coord>
        <when>2025-01-01T00:32:51.0907520Z</when>
        <gx:coord>12.0887785 51.540527 281.56796</gx:coord>
        <when>2025-01-01T00:32:54.1027520Z</when>
        <gx:coord>12.088316 51.541275 275.4169</gx:coord>
        <when>2025-01-01T00:32:55.8487520Z</when>
        <gx:coord>12.08785 51.54172 271.37183</gx:coord>
        <when>2025-01-01T00:32:57.0887520Z</when>
        <gx:coord>12.087581 51.54193 268.48312</gx:coord>
        <when>2025-01-01T00:33:00.8497520Z</when>
        <gx:coord>12.086304 51.542698 257.28094</gx:coord>
        <when>2025-01-01T00:33:01.1017520Z</when>
        <gx:coord>12.086304 51.542698 257.28094</gx:coord>
        <when>2025-01-01T00:33:03.0977520Z</when>
        <gx:coord>12.08519 51.543194 253.20454</gx:coord>
        <when>2025-01-01T00:33:03.0977520Z</when>
        <gx:coord>12.08519 51.543194 250.68507</gx:coord>
        <when>2025-01-01T00:33:05.8497520Z</when>
        <gx:coord>12.084431 51.543476 247.02402</gx:coord>
        <when>2025-01-01T00:33:07.0917520Z</when>
        <gx:coord>12.084049 51.543606 245.74274</gx:coord>
        <when>2025-01-01T00:33:10.8497520Z</when>
        <gx:coord>12.08253 51.544086 238.65454</gx:coord>
        <when>2025-01-01T00:33:13.0957520Z</when>
        <gx:coord>12.081773 51.544315 235.26927</gx:coord>
        <when>2025-01-01T00:33:15.8497520Z</when>
        <gx:coord>12.080658 51.544655 229.8997</gx:coord>
        <when>2025-01-01T00:33:20.8497520Z</when>
        <gx:coord>12.078837 51.54522 220.4927</gx:coord>
        <when>2025-01-01T00:33:21.0927520Z</when>
        <gx:coord>12.078479 51.54533 218.27515</gx:coord>
        <when>2025-01-01T00:33:25.8497520Z</when>
        <gx:coord>12.077057 51.545757 209.1539</gx:coord>
        <when>2025-01-01T00:33:30.8497520Z</when>
        <gx:coord>12.075243 51.546234 196.10387</gx:coord>
        <when>2025-01-01T00:33:35.0907520Z</when>
        <gx:coord>12.07341 51.546738 185.58324</gx:coord>
        <when>2025-01-01T00:33:35.8487520Z</when>
        <gx:coord>12.07341 51.546738 185.58324</gx:coord>
        <when>2025-01-01T00:33:40.8497520Z</when>
        <gx:coord>12.071625 51.547287 173.47925</gx:coord>
        <when>2025-01-01T00:33:45.8497520Z</when>
        <gx:coord>12.069853 51.54782 161.61081</gx:coord>
        <when>2025-01-01T00:33:48.0907520Z</when>
        <gx:coord>12.068769 51.54812 155.01648</gx:coord>
        <when>2025-01-01T00:33:50.8497520Z</when>
        <gx:coord>12.068063 51.54832 150.13992</gx:coord>
        <when>2025-01-01T00:33:55.8497520Z</when>
        <gx:coord>12.066317 51.548843 138.5282</gx:coord>
        <when>2025-01-01T00:34:00.8497520Z</when>
        <gx:coord>12.064547 51.549347 128.26433</gx:coord>
        <when>2025-01-01T00:34:03.0937520Z</when>
        <gx:coord>12.063489 51.549652 122.81845</gx:coord>
        <when>2025-01-01T00:34:05.8497520Z</when>
        <gx:coord>12.062782 51.549862 119.15472</gx:coord>
        <when>2025-01-01T00:34:10.0997520Z</when>
        <gx:coord>12.061007 51.55037 111.54554</gx:coord>
        <when>2025-01-01T00:34:10.8497520Z</when>
        <gx:coord>12.061007 51.55037 109.68206</gx:coord>
        <when>2025-01-01T00:34:15.0927520Z</when>
        <gx:coord>12.059646 51.55074 107.015945</gx:coord>
        <when>2025-01-01T00:34:15.8497520Z</when>
        <gx:coord>12.059338 51.550827 106.4836</gx:coord>
        <when>2025-01-01T00:34:20.8487520Z</when>
        <gx:coord>12.057958 51.55122 106.479965</gx:coord>
        <when>2025-01-01T00:34:23.0947520Z</when>
        <gx:coord>12.057463 51.55136 106.65753</gx:coord>
        <when>2025-01-01T00:34:25.8497520Z</when>
        <gx:coord>12.05674 51.551567 106.80108</gx:coord>
        <when>2025-01-01T00:34:30.0887520Z</when>
        <gx:coord>12.055584 51.55189 107.08276</gx:coord>
        <when>2025-01-01T00:34:30.8497520Z</when>
        <gx:coord>12.055255 51.55198 107.194084</gx:coord>
        <when>2025-01-01T00:34:35.8497520Z</when>
        <gx:coord>12.053471 51.552498 112.45115</gx:coord>
        <when>2025-01-01T00:34:38.0917520Z</when>
        <gx:coord>12.0526905 51.55272 115.671295</gx:coord>
        <when>2025-01-01T00:34:40.8497520Z</when>
        <gx:coord>12.051489 51.55305 122.85121</gx:coord>
        <when>2025-01-01T00:34:45.8497520Z</when>
        <gx:coord>12.049468 51.55359 139.01204</gx:coord>
        <when>2025-01-01T00:34:49.0897520Z</when>
        <gx:coord>12.047921 51.554024 156.22528</gx:coord>
        <when>2025-01-01T00:34:50.8487520Z</when>
        <gx:coord>12.0475445 51.554134 160.07863</gx:coord>
        <when>2025-01-01T00:34:55.8497520Z</when>
        <gx:coord>12.045721 51.554684 177.94499</gx:coord>
        <when>2025-01-01T00:34:58.0867520Z</when>
        <gx:coord>12.044654 51.554996 189.58061</gx:coord>
        <when>2025-01-01T00:35:00.8497520Z</when>
        <gx:coord>12.043959 51.555214 196.60213</gx:coord>
        <when>2025-01-01T00:35:05.8497520Z</when>
        <gx:coord>12.042257 51.555782 213.52478</gx:coord>
        <when>2025-01-01T00:35:07.0877520Z</when>
        <gx:coord>12.0415745 51.55601 220.0661</gx:coord>
        <when>2025-01-01T00:35:10.8497520Z</when>
        <gx:coord>12.040572 51.556347 228.42712</gx:coord>
        <when>2025-01-01T00:35:15.8497520Z</when>
        <gx:coord>12.038825 51.556786 242.6311</gx:coord>
        <when>2025-01-01T00:35:20.0917520Z</when>
        <gx:coord>12.037023 51.557217 250.61015</gx:coord>
        <when>2025-01-01T00:35:20.8497520Z</when>
        <gx:coord>12.037023 51.557217 250.61015</gx:coord>
        <when>2025-01-01T00:35:21.0977520Z</when>
        <gx:coord>12.03666 51.557312 250.61015</gx:coord>
        <when>2025-01-01T00:35:25.8497520Z</when>
        <gx:coord>12.035213 51.557728 260.2778</gx:coord>
        <when>2025-01-01T00:35:30.8487520Z</when>
        <gx:coord>12.03337 51.55827 270.90323</gx:coord>
        <when>2025-01-01T00:35:35.1037520Z</when>
        <gx:coord>12.031433 51.558838 283.53168</gx:coord>
        <when>2025-01-01T00:35:35.8487520Z</when>
        <gx:coord>12.031433 51.558838 283.53168</gx:coord>
        <when>2025-01-01T00:35:40.8497520Z</when>
        <gx:coord>12.029468 51.559418 299.5823</gx:coord>
        <when>2025-01-01T00:35:45.0907520Z</when>
        <gx:coord>12.027513 51.560005 314.89746</gx:coord>
        <when>2025-01-01T00:35:45.8497520Z</when>
        <gx:coord>12.027513 51.560005 314.89746</gx:coord>
        <when>2025-01-01T00:35:50.8497520Z</when>
        <gx:coord>12.025567 51.560566 331.75345</gx:coord>
        <when>2025-01-01T00:35:54.0897520Z</when>
        <gx:coord>12.024032 51.561028 345.41306</gx:coord>
        <when>2025-01-01T00:35:55.8497520Z</when>
        <gx:coord>12.023648 51.56114 348.16187</gx:coord>
        <when>2025-01-01T00:36:00.8497520Z</when>
        <gx:coord>12.021732 51.561714 360.4005</gx:coord>
        <when>2025-01-01T00:36:05.8487520Z</when>
        <gx:coord>12.019742 51.562317 367.5497</gx:coord>
        <when>2025-01-01T00:36:10.0897520Z</when>
        <gx:coord>12.017972 51.562805 367.92316</gx:coord>
        <when>2025-01-01T00:36:10.0917520Z</when>
        <gx:coord>12.017972 51.562805 367.92316</gx:coord>
        <when>2025-01-01T00:36:10.8497520Z</when>
        <gx:coord>12.017483 51.562897 367.87555</gx:coord>
        <when>2025-01-01T00:36:12.0877520Z</when>
        <gx:coord>12.016971 51.562965 368.1867</gx:coord>
        <when>2025-01-01T00:36:14.0887520Z</when>
        <gx:coord>12.0159 51.562996 369.0898</gx:coord>
        <when>2025-01-01T00:36:15.8497520Z</when>
        <gx:coord>12.014813 51.562878 369.97552</gx:coord>
        <when>2025-01-01T00:36:16.1057520Z</when>
        <gx:coord>12.014813 51.562878 369.97552</gx:coord>
        <when>2025-01-01T00:36:18.1047520Z</when>
        <gx:coord>12.01376 51.562584 370.71103</gx:coord>
        <when>2025-01-01T00:36:18.1047520Z</when>
        <gx:coord>12.01376 51.562584 370.71103</gx:coord>
        <when>2025-01-01T00:36:20.1017520Z</when>
        <gx:coord>12.012784 51.56214 371.04507</gx:coord>
        <when>2025-01-01T00:36:20.8497520Z</when>
        <gx:coord>12.012331 51.561874 369.98557</gx:coord>
        <when>2025-01-01T00:36:23.0927520Z</when>
        <gx:coord>12.011505 51.56127 369.486</gx:coord>
        <when>2025-01-01T00:36:25.8597520Z</when>
        <gx:coord>12.010472 51.560226 368.26285</gx:coord>
        <when>2025-01-01T00:36:26.0917520Z</when>
        <gx:coord>12.010472 51.560226 368.26285</gx:coord>
        <when>2025-01-01T00:36:26.0967520Z</when>
        <gx:coord>12.010172 51.55985 368.26285</gx:coord>
        <when>2025-01-01T00:36:27.0867520Z</when>
        <gx:coord>12.010172 51.55985 365.8559</gx:coord>
        <when>2025-01-01T00:36:30.8567520Z</when>
        <gx:coord>12.00905 51.55827 359.175</gx:coord>
        <when>2025-01-01T00:36:35.8597520Z</when>
        <gx:coord>12.007544 51.55626 358.1391</gx:coord>
        <when>2025-01-01T00:36:40.8607520Z</when>
        <gx:coord>12.005925 51.55427 357.18115</gx:coord>
        <when>2025-01-01T00:36:45.8587520Z</when>
        <gx:coord>12.004354 51.552265 361.02646</gx:coord>
        <when>2025-01-01T00:36:50.8567520Z</when>
        <gx:coord>12.002806 51.55024 364.211</gx:coord>
        <when>2025-01-01T00:36:55.0907520Z</when>
        <gx:coord>12.001776 51.548584 368.5935</gx:coord>
        <when>2025-01-01T00:36:55.8607520Z</when>
        <gx:coord>12.001634 51.54815 370.57306</gx:coord>
        <when>2025-01-01T00:36:58.0927520Z</when>
        <gx:coord>12.001533 51.547268 373.10196</gx:coord>
        <when>2025-01-01T00:37:00.0887520Z</when>
        <gx:coord>12.001712 51.546387 375.04276</gx:coord>
        <when>2025-01-01T00:37:00.0887520Z</when>
        <gx:coord>12.001924 51.54596 376.7045</gx:coord>
        <when>2025-01-01T00:37:00.8607520Z</when>
        <gx:coord>12.001924 51.54596 376.7045</gx:coord>
        <when>2025-01-01T00:37:02.0907520Z</when>
        <gx:coord>12.002203 51.545544 376.79852</gx:coord>
        <when>2025-01-01T00:37:04.0897520Z</when>
        <gx:coord>12.002935 51.54475 375.33798</gx:coord>
        <when>2025-01-01T00:37:05.0917520Z</when>
        <gx:coord>12.003396 51.544388 374.46533</gx:coord>
        <when>2025-01-01T00:37:05.8647520Z</when>
        <gx:coord>12.003908 51.544044 372.8266</gx:coord>
        <when>2025-01-01T00:37:06.0907520Z</when>
        <gx:coord>12.003908 51.544044 372.8266</gx:coord>
        <when>2025-01-01T00:37:07.0977520Z</when>
        <gx:coord>12.005084 51.543453 372.03476</gx:coord>
        <when>2025-01-01T00:37:09.0927520Z</when>
        <gx:coord>12.00573 51.5432 370.46472</gx:coord>
        <when>2025-01-01T00:37:10.8687520Z</when>
        <gx:coord>12.007102 51.542793 367.3247</gx:coord>
        <when>2025-01-01T00:37:13.0957520Z</when>
        <gx:coord>12.008548 51.542473 364.01285</gx:coord>
        <when>2025-01-01T00:37:15.8687520Z</when>
        <gx:coord>12.01079 51.542057 361.3485</gx:coord>
        <when>2025-01-01T00:37:20.8637520Z</when>
        <gx:coord>12.014551 51.541325 361.36526</gx:coord>
        <when>2025-01-01T00:37:25.8627520Z</when>
        <gx:coord>12.018317 51.540596 356.28223</gx:coord>
        <when>2025-01-01T00:37:30.8667520Z</when>
        <gx:coord>12.022042 51.539856 356.66776</gx:coord>
        <when>2025-01-01T00:37:35.8657520Z</when>
        <gx:coord>12.025733 51.539146 361.85904</gx:coord>
        <when>2025-01-01T00:37:40.8667520Z</when>
        <gx:coord>12.029322 51.53828 364.22565</gx:coord>
        <when>2025-01-01T00:37:42.0997520Z</when>
        <gx:coord>12.030747 51.537907 363.66675</gx:coord>
        <when>2025-01-01T00:37:45.8627520Z</when>
        <gx:coord>12.032865 51.537323 365.59637</gx:coord>
        <when>2025-01-01T00:37:50.8657520Z</when>
        <gx:coord>12.036358 51.53634 361.54602</gx:coord>
        <when>2025-01-01T00:37:55.8647520Z</when>
        <gx:coord>12.03981 51.535347 366.7429</gx:coord>
        <when>2025-01-01T00:38:00.8667520Z</when>
        <gx:coord>12.043181 51.53435 373.6766</gx:coord>
        <when>2025-01-01T00:38:05.8657520Z</when>
        <gx:coord>12.046547 51.533424 381.10178</gx:coord>
        <when>2025-01-01T00:38:10.8647520Z</when>
        <gx:coord>12.049851 51.532562 385.84094</gx:coord>
        <when>2025-01-01T00:38:15.8647520Z</when>
        <gx:coord>12.052999 51.53171 386.84113</gx:coord>
        <when>2025-01-01T00:38:16.0937520Z</when>
        <gx:coord>12.052999 51.53171 386.84113</gx:coord>
        <when>2025-01-01T00:38:19.1027520Z</when>
        <gx:coord>12.055373 51.531048 387.32172</gx:coord>
        <when>2025-01-01T00:38:20.8487520Z</when>
        <gx:coord>12.05595 51.530895 388.84564</gx:coord>
        <when>2025-01-01T00:38:25.8487520Z</when>
        <gx:coord>12.058795 51.53018 383.96582</gx:coord>
        <when>2025-01-01T00:38:30.8487520Z</when>
        <gx:coord>12.061629 51.52949 379.5922</gx:coord>
        <when>2025-01-01T00:38:35.8487520Z</when>
        <gx:coord>12.06442 51.528824 376.13812</gx:coord>
        <when>2025-01-01T00:38:40.8487520Z</when>
        <gx:coord>12.06723 51.528156 375.0743</gx:coord>
        <when>2025-01-01T00:38:45.8477520Z</when>
        <gx:coord>12.070137 51.527557 375.1893</gx:coord>
        <when>2025-01-01T00:38:50.8487520Z</when>
        <gx:coord>12.073061 51.52701 376.305</gx:coord>
        <when>2025-01-01T00:38:52.0877520Z</when>
        <gx:coord>12.073651 51.52697 378.41733</gx:coord>
        <when>2025-01-01T00:38:52.0897520Z</when>
        <gx:coord>12.073651 51.52697 378.41733</gx:coord>
        <when>2025-01-01T00:38:55.1087520Z</when>
        <gx:coord>12.0753765 51.52702 381.29596</gx:coord>
        <when>2025-01-01T00:38:55.8487520Z</when>
        <gx:coord>12.075925 51.527092 382.2218</gx:coord>
        <when>2025-01-01T00:38:57.0997520Z</when>
        <gx:coord>12.076452 51.527195 382.14233</gx:coord>
        <when>2025-01-01T00:38:59.0917520Z</when>
        <gx:coord>12.07741 51.527485 382.1138</gx:coord>
        <when>2025-01-01T00:39:00.8487520Z</when>
        <gx:coord>12.078214 51.527893 379.50705</gx:coord>
        <when>2025-01-01T00:39:01.0927520Z</when>
        <gx:coord>12.078214 51.527893 379.50705</gx:coord>
        <when>2025-01-01T00:39:04.0897520Z</when>
        <gx:coord>12.079183 51.528656 369.19553</gx:coord>
        <when>2025-01-01T00:39:05.8487520Z</when>
        <gx:coord>12.079734 51.529224 358.20468</gx:coord>
        <when>2025-01-01T00:39:08.0937520Z</when>
        <gx:coord>12.080574 51.530113 343.114</gx:coord>
        <when>2025-01-01T00:39:10.8477520Z</when>
        <gx:coord>12.0811615 51.53072 335.6829</gx:coord>
        <when>2025-01-01T00:39:14.1107520Z</when>
        <gx:coord>12.082342 51.531937 327.3336</gx:coord>
        <when>2025-01-01T00:39:15.8487520Z</when>
        <gx:coord>12.082636 51.532238 324.3658</gx:coord>
        <when>2025-01-01T00:39:19.0917520Z</when>
        <gx:coord>12.0838 51.5334 311.8741</gx:coord>
        <when>2025-01-01T00:39:20.8487520Z</when>
        <gx:coord>12.084087 51.53369 308.96976</gx:coord>
        <when>2025-01-01T00:39:25.8487520Z</when>
        <gx:coord>12.085463 51.535103 295.9942</gx:coord>
        <when>2025-01-01T00:39:29.0927520Z</when>
        <gx:coord>12.086232 51.53594 287.60703</gx:coord>
        <when>2025-01-01T00:39:30.8487520Z</when>
        <gx:coord>12.08673 51.53649 282.43256</gx:coord>
        <when>2025-01-01T00:39:31.0887520Z</when>
        <gx:coord>12.086974 51.536766 280.14655</gx:coord>
        <when>2025-01-01T00:39:35.8487520Z</when>
        <gx:coord>12.087925 51.53784 269.09793</gx:coord>
        <when>2025-01-01T00:39:40.8487520Z</when>
        <gx:coord>12.089144 51.539135 257.3404</gx:coord>
        <when>2025-01-01T00:39:44.0937520Z</when>
        <gx:coord>12.090021 51.540184 249.22658</gx:coord>
        <when>2025-01-01T00:39:45.0947520Z</when>
        <gx:coord>12.090021 51.540184 249.22658</gx:coord>
        <when>2025-01-01T00:39:45.8487520Z</when>
        <gx:coord>12.09017 51.54046 248.38889</gx:coord>
        <when>2025-01-01T00:39:48.0927520Z</when>
        <gx:coord>12.090339 51.541016 246.95149</gx:coord>
        <when>2025-01-01T00:39:49.0907520Z</when>
        <gx:coord>12.090356 51.54129 246.12231</gx:coord>
        <when>2025-01-01T00:39:49.0907520Z</when>
        <gx:coord>12.090356 51.54129 246.12231</gx:coord>
        <when>2025-01-01T00:39:50.8487520Z</when>
        <gx:coord>12.090262 51.541824 244.40851</gx:coord>
        <when>2025-01-01T00:39:52.0887520Z</when>
        <gx:coord>12.090166 51.542088 243.02316</gx:coord>
        <when>2025-01-01T00:39:54.0907520Z</when>
        <gx:coord>12.08987 51.54258 241.26161</gx:coord>
        <when>2025-01-01T00:39:55.8487520Z</when>
        <gx:coord>12.089383 51.54299 239.58824</gx:coord>
        <when>2025-01-01T00:39:56.0887520Z</when>
        <gx:coord>12.089383 51.54299 239.58824</gx:coord>
        <when>2025-01-01T00:39:59.0917520Z</when>
        <gx:coord>12.088415 51.543476 234.92754</gx:coord>
        <when>2025-01-01T00:40:00.8487520Z</when>
        <gx:coord>12.08768 51.54375 231.37279</gx:coord>
        <when>2025-01-01T00:40:05.8487520Z</when>
        <gx:coord>12.085713 51.54435 225.41154</gx:coord>
        <when>2025-01-01T00:40:10.8477520Z</when>
        <gx:coord>12.083809 51.54491 224.10379</gx:coord>
        <when>2025-01-01T00:40:15.0947520Z</when>
        <gx:coord>12.082033 51.54544 217.50218</gx:coord>
        <when>2025-01-01T00:40:15.8487520Z</when>
        <gx:coord>12.082033 51.54544 217.50218</gx:coord>
        <when>2025-01-01T00:40:20.8487520Z</when>
        <gx:coord>12.0803175 51.545956 210.04631</gx:coord>
        <when>2025-01-01T00:40:23.0897520Z</when>
        <gx:coord>12.079617 51.546146 205.96326</gx:coord>
        <when>2025-01-01T00:40:25.8487520Z</when>
        <gx:coord>12.078555 51.546432 201.41708</gx:coord>
        <when>2025-01-01T00:40:30.8487520Z</when>
        <gx:coord>12.07675 51.546932 193.93388</gx:coord>
        <when>2025-01-01T00:40:34.0897520Z</when>
        <gx:coord>12.075283 51.547375 186.86668</gx:coord>
        <when>2025-01-01T00:40:35.8487520Z</when>
        <gx:coord>12.074916 51.54749 185.3134</gx:coord>
        <when>2025-01-01T00:40:38.0947520Z</when>
        <gx:coord>12.073805 51.547813 182.04117</gx:coord>
        <when>2025-01-01T00:40:40.8487520Z</when>
        <gx:coord>12.073052 51.548035 176.15294</gx:coord>
        <when>2025-01-01T00:40:45.8487520Z</when>
        <gx:coord>12.071106 51.548603 168.63763</gx:coord>
        <when>2025-01-01T00:40:50.8487520Z</when>
        <gx:coord>12.069135 51.549168 156.47523</gx:coord>
        <when>2025-01-01T00:40:51.0907520Z</when>
        <gx:coord>12.068746 51.549282 154.1987</gx:coord>
        <when>2025-01-01T00:40:55.8477520Z</when>
        <gx:coord>12.067196 51.549755 145.83693</gx:coord>
        <when>2025-01-01T00:41:00.8487520Z</when>
        <gx:coord>12.065211 51.55033 135.35559</gx:coord>
        <when>2025-01-01T00:41:05.0877520Z</when>
        <gx:coord>12.063234 51.550922 122.61182</gx:coord>
        <when>2025-01-01T00:41:05.8487520Z</when>
        <gx:coord>12.063234 51.550922 122.61182</gx:coord>
        <when>2025-01-01T00:41:10.8487520Z</when>
        <gx:coord>12.061267 51.55152 114.95287</gx:coord>
        <when>2025-01-01T00:41:15.8487520Z</when>
        <gx:coord>12.059254 51.552063 116.82041</gx:coord>
        <when>2025-01-01T00:41:20.8487520Z</when>
        <gx:coord>12.05734 51.5526 130.73921</gx:coord>
        <when>2025-01-01T00:41:25.8487520Z</when>
        <gx:coord>12.055444 51.553097 140.565</gx:coord>
        <when>2025-01-01T00:41:30.0907520Z</when>
        <gx:coord>12.053604 51.553616 153.83429</gx:coord>
        <when>2025-01-01T00:41:30.8487520Z</when>
        <gx:coord>12.053604 51.553616 153.83429</gx:coord>
        <when>2025-01-01T00:41:35.8487520Z</when>
        <gx:coord>12.051871 51.554142 166.25833</gx:coord>
        <when>2025-01-01T00:41:40.8477520Z</when>
        <gx:coord>12.050122 51.554707 180.6453</gx:coord>
        <when>2025-01-01T00:41:41.0937520Z</when>
        <gx:coord>12.049785 51.554825 184.55824</gx:coord>
        <when>2025-01-01T00:41:42.0997520Z</when>
        <gx:coord>12.049446 51.55494 184.55824</gx:coord>
        <when>2025-01-01T00:41:45.8487520Z</when>
        <gx:coord>12.048423 51.555283 197.23183</gx:coord>
        <when>2025-01-01T00:41:50.8487520Z</when>
        <gx:coord>12.046709 51.555843 210.80505</gx:coord>
        <when>2025-01-01T00:41:52.0937520Z</when>
        <gx:coord>12.04601 51.556053 216.73383</gx:coord>
        <when>2025-01-01T00:41:55.8487520Z</when>
        <gx:coord>12.044956 51.556355 223.95692</gx:coord>
        <when>2025-01-01T00:42:00.8487520Z</when>
        <gx:coord>12.04318 51.556843 234.61916</gx:coord>
        <when>2025-01-01T00:42:05.8487520Z</when>
        <gx:coord>12.041366 51.557312 245.32361</gx:coord>
        <when>2025-01-01T00:42:06.0977520Z</when>
        <gx:coord>12.041003 51.557404 247.62346</gx:coord>
        <when>2025-01-01T00:42:10.8487520Z</when>
        <gx:coord>12.039557 51.557774 257.95065</gx:coord>
        <when>2025-01-01T00:42:15.8487520Z</when>
        <gx:coord>12.037775 51.558285 269.08963</gx:coord>
        <when>2025-01-01T00:42:20.0937520Z</when>
        <gx:coord>12.035996 51.55881 279.7698</gx:coord>
        <when>2025-01-01T00:42:20.8487520Z</when>
        <gx:coord>12.035996 51.55881 279.7698</gx:coord>
        <when>2025-01-01T00:42:25.8477520Z</when>
        <gx:coord>12.034068 51.559402 280.8797</gx:coord>
        <when>2025-01-01T00:42:30.8477520Z</when>
        <gx:coord>12.031989 51.560055 293.00803</gx:coord>
        <when>2025-01-01T00:42:35.8477520Z</when>
        <gx:coord>12.0298605 51.56069 309.45435</gx:coord>
        <when>2025-01-01T00:42:36.0967520Z</when>
        <gx:coord>12.029429 51.560818 313.1878</gx:coord>
        <when>2025-01-01T00:42:40.8477520Z</when>
        <gx:coord>12.027698 51.561306 326.72473</gx:coord>
        <when>2025-01-01T00:42:45.0897520Z</when>
        <gx:coord>12.025554 51.56195 344.95248</gx:coord>
        <when>2025-01-01T00:42:45.8467520Z</when>
        <gx:coord>12.025554 51.56195 344.95248</gx:coord>
        <when>2025-01-01T00:42:46.0907520Z</when>
        <gx:coord>12.025134 51.562084 344.95248</gx:coord>
        <when>2025-01-01T00:42:50.8477520Z</when>
        <gx:coord>12.02345 51.5626 363.42844</gx:coord>
        <when>2025-01-01T00:42:55.8477520Z</when>
        <gx:coord>12.021321 51.563255 372.59973</gx:coord>
        <when>2025-01-01T00:42:57.0947520Z</when>
        <gx:coord>12.020866 51.56339 372.3201</gx:coord>
        <when>2025-01-01T00:43:00.8477520Z</when>
        <gx:coord>12.01889 51.563877 366.19034</gx:coord>
        <when>2025-01-01T00:43:01.0947520Z</when>
        <gx:coord>12.01889 51.563877 366.19034</gx:coord>
        <when>2025-01-01T00:43:03.0937520Z</when>
        <gx:coord>12.017771 51.563995 363.08167</gx:coord>
        <when>2025-01-01T00:43:04.0927520Z</when>
        <gx:coord>12.017185 51.563995 362.72223</gx:coord>
        <when>2025-01-01T00:43:05.0917520Z</when>
        <gx:coord>12.016596 51.563965 363.1477</gx:coord>
        <when>2025-01-01T00:43:05.8477520Z</when>
        <gx:coord>12.0160055 51.5639 362.96948</gx:coord>
        <when>2025-01-01T00:43:08.0907520Z</when>
        <gx:coord>12.014851 51.56368 363.1452</gx:coord>
        <when>2025-01-01T00:43:10.1097520Z</when>
        <gx:coord>12.013749 51.563324 364.47644</gx:coord>
        <when>2025-01-01T00:43:10.8477520Z</when>
        <gx:coord>12.013237 51.5631 366.70367</gx:coord>
        <when>2025-01-01T00:43:12.0907520Z</when>
        <gx:coord>12.012757 51.56284 369.28693</gx:coord>
        <when>2025-01-01T00:43:14.0947520Z</when>
        <gx:coord>12.011529 51.561928 376.42035</gx:coord>
        <when>2025-01-01T00:43:15.0967520Z</when>
        <gx:coord>12.011529 51.561928 376.42035</gx:coord>
        <when>2025-01-01T00:43:15.8477520Z</when>
        <gx:coord>12.0112 51.561577 377.69983</gx:coord>
        <when>2025-01-01T00:43:17.0947520Z</when>
        <gx:coord>12.010893 51.561214 377.84805</gx:coord>
        <when>2025-01-01T00:43:19.0927520Z</when>
        <gx:coord>12.01036 51.560432 376.66544</gx:coord>
        <when>2025-01-01T00:43:20.8607520Z</when>
        <gx:coord>12.009856 51.559624 374.89517</gx:coord>
        <when>2025-01-01T00:43:25.8647520Z</when>
        <gx:coord>12.008506 51.55757 374.3688</gx:coord>
        <when>2025-01-01T00:43:30.8637520Z</when>
        <gx:coord>12.006933 51.55555 370.14767</gx:coord>
        <when>2025-01-01T00:43:35.8627520Z</when>
        <gx:coord>12.005325 51.55352 369.36713</gx:coord>
        <when>2025-01-01T00:43:40.0957520Z</when>
        <gx:coord>12.003811 51.55148 371.2031</gx:coord>
        <when>2025-01-01T00:43:40.8607520Z</when>
        <gx:coord>12.003811 51.55148 371.08347</gx:coord>
        <when>2025-01-01T00:43:45.8637520Z</when>
        <gx:coord>12.002334 51.549435 373.58112</gx:coord>
        <when>2025-01-01T00:43:48.0887520Z</when>
        <gx:coord>12.001915 51.54857 373.48965</gx:coord>
        <when>2025-01-01T00:43:50.0967520Z</when>
        <gx:coord>12.001738 51.547653 372.6211</gx:coord>
        <when>2025-01-01T00:43:50.8477520Z</when>
        <gx:coord>12.001752 51.547184 371.23782</gx:coord>
        <when>2025-01-01T00:43:51.0957520Z</when>
        <gx:coord>12.001752 51.547184 371.23782</gx:coord>
        <when>2025-01-01T00:43:54.0967520Z</when>
        <gx:coord>12.002147 51.545773 364.88895</gx:coord>
        <when>2025-01-01T00:43:55.8617520Z</when>
        <gx:coord>12.002743 51.544865 360.02448</gx:coord>
        <when>2025-01-01T00:43:56.1007520Z</when>
        <gx:coord>12.002743 51.544865 360.02448</gx:coord>
        <when>2025-01-01T00:43:58.0927520Z</when>
        <gx:coord>12.003625 51.54403 354.72977</gx:coord>
        <when>2025-01-01T00:44:00.0837520Z</when>
        <gx:coord>12.0047655 51.54332 350.9855</gx:coord>
        <when>2025-01-01T00:44:00.8607520Z</when>
        <gx:coord>12.005412 51.54302 348.15372</gx:coord>
        <when>2025-01-01T00:44:01.0947520Z</when>
        <gx:coord>12.006101 51.542755 345.012</gx:coord>
        <when>2025-01-01T00:44:02.0937520Z</when>
        <gx:coord>12.006101 51.542755 345.012</gx:coord>
        <when>2025-01-01T00:44:05.8697520Z</when>
        <gx:coord>12.009101 51.542004 337.33847</gx:coord>
        <when>2025-01-01T00:44:06.0907520Z</when>
        <gx:coord>12.009101 51.542004 337.33847</gx:coord>
        <when>2025-01-01T00:44:10.8697520Z</when>
        <gx:coord>12.012863 51.54129 341.5503</gx:coord>
        <when>2025-01-01T00:44:15.8477520Z</when>
        <gx:coord>12.016537 51.54066 353.90738</gx:coord>
        <when>2025-01-01T00:44:20.8477520Z</when>
        <gx:coord>12.020068 51.540062 360.80435</gx:coord>
        <when>2025-01-01T00:44:24.1017520Z</when>
        <gx:coord>12.022889 51.539654 363.4324</gx:coord>
        <when>2025-01-01T00:44:25.8667520Z</when>
        <gx:coord>12.023599 51.539562 363.2552</gx:coord>
        <when>2025-01-01T00:44:30.8677520Z</when>
        <gx:coord>12.027156 51.53909 363.73062</gx:coord>
        <when>2025-01-01T00:44:35.8657520Z</when>
        <gx:coord>12.030687 51.538456 361.16486</gx:coord>
        <when>2025-01-01T00:44:40.8647520Z</when>
        <gx:coord>12.034174 51.5376 358.089</gx:coord>
        <when>2025-01-01T00:44:45.8617520Z</when>
        <gx:coord>12.037641 51.536587 361.37677</gx:coord>
        <when>2025-01-01T00:44:50.8657520Z</when>
        <gx:coord>12.04106 51.53551 366.8465</gx:coord>
        <when>2025-01-01T00:44:55.8637520Z</when>
        <gx:coord>12.0444355 51.534435 370.85745</gx:coord>
        <when>2025-01-01T00:45:00.1007520Z</when>
        <gx:coord>12.047852 51.533478 371.8132</gx:coord>
        <when>2025-01-01T00:45:00.8677520Z</when>
        <gx:coord>12.047852 51.533478 372.35226</gx:coord>
        <when>2025-01-01T00:45:03.0917520Z</when>
        <gx:coord>12.0499325 51.532974 375.74393</gx:coord>
        <when>2025-01-01T00:45:05.8667520Z</when>
        <gx:coord>12.051324 51.53267 376.0152</gx:coord>
        <when>2025-01-01T00:45:10.8477520Z</when>
        <gx:coord>12.054763 51.531933 376.69458</gx:coord>
        <when>2025-01-01T00:45:15.8687520Z</when>
        <gx:coord>12.058058 51.531254 378.6145</gx:coord>
        <when>2025-01-01T00:45:16.0907520Z</when>
        <gx:coord>12.058058 51.531254 378.6145</gx:coord>
        <when>2025-01-01T00:45:20.8677520Z</when>
        <gx:coord>12.061186 51.53064 385.8289</gx:coord>
        <when>2025-01-01T00:45:25.8477520Z</when>
        <gx:coord>12.064206 51.530045 386.91095</gx:coord>
        <when>2025-01-01T00:45:30.8477520Z</when>
        <gx:coord>12.067182 51.5294 388.51047</gx:coord>
        <when>2025-01-01T00:45:35.8477520Z</when>
        <gx:coord>12.070077 51.52875 383.7338</gx:coord>
        <when>2025-01-01T00:45:40.8477520Z</when>
        <gx:coord>12.072944 51.528168 378.75317</gx:coord>
        <when>2025-01-01T00:45:41.1077520Z</when>
        <gx:coord>12.072944 51.528168 378.75317</gx:coord>
        <when>2025-01-01T00:45:41.1127520Z</when>
        <gx:coord>12.07352 51.52807 378.75317</gx:coord>
        <when>2025-01-01T00:45:43.0927520Z</when>
        <gx:coord>12.074098 51.527996 377.327</gx:coord>
        <when>2025-01-01T00:45:45.0937520Z</when>
        <gx:coord>12.075237 51.527966 376.61987</gx:coord>
        <when>2025-01-01T00:45:45.8477520Z</when>
        <gx:coord>12.07579 51.52801 376.6867</gx:coord>
        <when>2025-01-01T00:45:47.0947520Z</when>
        <gx:coord>12.076325 51.52809 376.48206</gx:coord>
        <when>2025-01-01T00:45:49.0897520Z</when>
        <gx:coord>12.0773115 51.52835 376.92615</gx:coord>
        <when>2025-01-01T00:45:50.0897520Z</when>
        <gx:coord>12.077749 51.528534 375.92825</gx:coord>
        <when>2025-01-01T00:45:50.8477520Z</when>
        <gx:coord>12.078148 51.52874 374.6056</gx:coord>
        <when>2025-01-01T00:45:51.1137520Z</when>
        <gx:coord>12.078148 51.52874 374.6056</gx:coord>
        <when>2025-01-01T00:45:53.1127520Z</when>
        <gx:coord>12.078829 51.529224 370.2188</gx:coord>
        <when>2025-01-01T00:45:55.8477520Z</when>
        <gx:coord>12.079696 51.530052 358.86298</gx:coord>
        <when>2025-01-01T00:46:00.0927520Z</when>
        <gx:coord>12.081099 51.53151 344.2061</gx:coord>
        <when>2025-01-01T00:46:00.8477520Z</when>
        <gx:coord>12.081099 51.53151 344.2061</gx:coord>
        <when>2025-01-01T00:46:05.8477520Z</when>
        <gx:coord>12.082502 51.53294 329.961</gx:coord>
        <when>2025-01-01T00:46:10.8477520Z</when>
        <gx:coord>12.083927 51.534348 318.96234</gx:coord>
        <when>2025-01-01T00:46:13.0897520Z</when>
        <gx:coord>12.084761 51.535175 312.2378</gx:coord>
        <when>2025-01-01T00:46:15.8477520Z</when>
        <gx:coord>12.085296 51.53572 306.38583</gx:coord>
        <when>2025-01-01T00:46:20.8477520Z</when>
        <gx:coord>12.08661 51.53709 293.11172</gx:coord>
        <when>2025-01-01T00:46:25.1067520Z</when>
        <gx:coord>12.087623 51.53818 286.7641</gx:coord>
        <when>2025-01-01T00:46:25.8477520Z</when>
        <gx:coord>12.087835 51.538464 285.95654</gx:coord>
        <when>2025-01-01T00:46:28.0937520Z</when>
        <gx:coord>12.088125 51.53905 283.32474</gx:coord>
        <when>2025-01-01T00:46:30.8477520Z</when>
        <gx:coord>12.088269 51.539932 282.0606</gx:coord>
        <when>2025-01-01T00:46:31.0907520Z</when>
        <gx:coord>12.088269 51.539932 282.0606</gx:coord>
        <when>2025-01-01T00:46:31.0907520Z</when>
        <gx:coord>12.088247 51.54022 281.47107</gx:coord>
        <when>2025-01-01T00:46:33.0917520Z</when>
        <gx:coord>12.088188 51.540497 281.12076</gx:coord>
        <when>2025-01-01T00:46:33.0917520Z</when>
        <gx:coord>12.088188 51.540497 281.12076</gx:coord>
        <when>2025-01-01T00:46:35.0927520Z</when>
        <gx:coord>12.087933 51.541023 280.80673</gx:coord>
        <when>2025-01-01T00:46:35.8467520Z</when>
        <gx:coord>12.087742 51.541267 279.7239</gx:coord>
        <when>2025-01-01T00:46:38.0967520Z</when>
        <gx:coord>12.087278 51.541725 274.93884</gx:coord>
        <when>2025-01-01T00:46:40.8477520Z</when>
        <gx:coord>12.086388 51.542343 265.1182</gx:coord>
        <when>2025-01-01T00:46:42.1077520Z</when>
        <gx:coord>12.086061 51.542538 261.70172</gx:coord>
        <when>2025-01-01T00:46:44.1147520Z</when>
        <gx:coord>12.085005 51.543095 254.52068</gx:coord>
        <when>2025-01-01T00:46:45.0957520Z</when>
        <gx:coord>12.084628 51.543266 248.72495</gx:coord>
        <when>2025-01-01T00:46:45.8477520Z</when>
        <gx:coord>12.084628 51.543266 248.72495</gx:coord>
        <when>2025-01-01T00:46:48.0917520Z</when>
        <gx:coord>12.083851 51.54358 244.74966</gx:coord>
        <when>2025-01-01T00:46:50.8477520Z</when>
        <gx:coord>12.082695 51.54401 238.96306</gx:coord>
        <when>2025-01-01T00:46:55.8477520Z</when>
        <gx:coord>12.080774 51.544632 225.98308</gx:coord>
        <when>2025-01-01T00:47:00.0907520Z</when>
        <gx:coord>12.078913 51.54517 216.59947</gx:coord>
        <when>2025-01-01T00:47:00.8477520Z</when>
        <gx:coord>12.078913 51.54517 216.59947</gx:coord>
        <when>2025-01-01T00:47:05.8477520Z</when>
        <gx:coord>12.077128 51.54568 205.98401</gx:coord>
        <when>2025-01-01T00:47:10.8477520Z</when>
        <gx:coord>12.075339 51.546173 196.40489</gx:coord>
        <when>2025-01-01T00:47:15.8477520Z</when>
        <gx:coord>12.073581 51.546703 186.29384</gx:coord>
        <when>2025-01-01T00:47:16.0917520Z</when>
        <gx:coord>12.073227 51.546806 184.23096</gx:coord>
        <when>2025-01-01T00:47:20.8477520Z</when>
        <gx:coord>12.071798 51.547245 174.5515</gx:coord>
        <when>2025-01-01T00:47:25.8477520Z</when>
        <gx:coord>12.069938 51.5478 163.8459</gx:coord>
        <when>2025-01-01T00:47:30.8477520Z</when>
        <gx:coord>12.068029 51.548363 154.21309</gx:coord>
        <when>2025-01-01T00:47:31.0947520Z</when>
        <gx:coord>12.06764 51.54847 152.14932</gx:coord>
        <when>2025-01-01T00:47:35.8477520Z</when>
        <gx:coord>12.066093 51.548893 141.2063</gx:coord>
        <when>2025-01-01T00:47:40.8477520Z</when>
        <gx:coord>12.064214 51.54943 128.30774</gx:coord>
        <when>2025-01-01T00:47:43.0867520Z</when>
        <gx:coord>12.0631 51.549755 120.99387</gx:coord>
        <when>2025-01-01T00:47:45.8477520Z</when>
        <gx:coord>12.06236 51.549973 116.457146</gx:coord>
        <when>2025-01-01T00:47:49.0957520Z</when>
        <gx:coord>12.060884 51.550392 110.78214</gx:coord>
        <when>2025-01-01T00:47:50.8467520Z</when>
        <gx:coord>12.060531 51.550495 108.57935</gx:coord>
        <when>2025-01-01T00:47:52.0937520Z</when>
        <gx:coord>12.060188 51.55059 108.2075</gx:coord>
        <when>2025-01-01T00:47:55.8477520Z</when>
        <gx:coord>12.058938 51.550953 107.95851</gx:coord>
        <when>2025-01-01T00:47:59.0927520Z</when>
        <gx:coord>12.058118 51.551193 108.004974</gx:coord>
        <when>2025-01-01T00:48:00.8477520Z</when>
        <gx:coord>12.057621 51.551342 108.06157</gx:coord>
        <when>2025-01-01T00:48:05.0967520Z</when>
        <gx:coord>12.056746 51.551575 107.87764</gx:coord>
        <when>2025-01-01T00:48:05.8477520Z</when>
        <gx:coord>12.056571 51.551624 107.864685</gx:coord>
        <when>2025-01-01T00:48:08.0947520Z</when>
        <gx:coord>12.056286 51.55171 107.79057</gx:coord>
        <when>2025-01-01T00:48:10.0917520Z</when>
        <gx:coord>12.056118 51.551758 107.75772</gx:coord>
        <when>2025-01-01T00:48:10.8477520Z</when>
        <gx:coord>12.056071 51.55177 107.75312</gx:coord>
        <when>2025-01-01T00:48:11.0947520Z</when>
        <gx:coord>12.056071 51.55177 107.75312</gx:coord>
        <when>2025-01-01T00:48:12.0927520Z</when>
        <gx:coord>12.056029 51.551773 107.78607</gx:coord>
        <when>2025-01-01T00:48:13.0997520Z</when>
        <gx:coord>12.055984 51.551773 107.7639</gx:coord>
        <when>2025-01-01T00:48:14.0977520Z</when>
        <gx:coord>12.05594 51.55176 107.72946</gx:coord>
        <when>2025-01-01T00:48:15.0957520Z</when>
        <gx:coord>12.055895 51.551735 107.72058</gx:coord>
        <when>2025-01-01T00:48:15.0967520Z</when>
        <gx:coord>12.055895 51.551735 107.72058</gx:coord>
        <when>2025-01-01T00:48:15.8477520Z</when>
        <gx:coord>12.055854 51.5517 107.65646</gx:coord>
        <when>2025-01-01T00:48:18.0917520Z</when>
        <gx:coord>12.055773 51.551613 107.534</gx:coord>
        <when>2025-01-01T00:48:20.8477520Z</when>
        <gx:coord>12.055667 51.551468 107.34</gx:coord>
        <when>2025-01-01T00:48:25.8507520Z</when>
        <gx:coord>12.055498 51.551224 107.16464</gx:coord>
        <when>2025-01-01T00:48:30.8477520Z</when>
        <gx:coord>12.055331 51.550995 107.04111</gx:coord>
        <when>2025-01-01T00:48:32.0967520Z</when>
        <gx:coord>12.055309 51.55096 107.00708</gx:coord>
        <when>2025-01-01T00:48:33.0927520Z</when>
        <gx:coord>12.055298 51.550926 106.96428</gx:coord>
        <when>2025-01-01T00:48:34.0937520Z</when>
        <gx:coord>12.055297 51.550888 106.98324</gx:coord>
        <when>2025-01-01T00:48:35.0927520Z</when>
        <gx:coord>12.055308 51.55085 107.01931</gx:coord>
        <when>2025-01-01T00:48:35.8477520Z</when>
        <gx:coord>12.05533 51.550816 107.019936</gx:coord>
        <when>2025-01-01T00:48:36.0987520Z</when>
        <gx:coord>12.05533 51.550816 107.019936</gx:coord>
        <when>2025-01-01T00:48:37.0887520Z</when>
        <gx:coord>12.055366 51.55078 107.00711</gx:coord>
        <when>2025-01-01T00:48:39.0927520Z</when>
        <gx:coord>12.05547 51.55072 107.01401</gx:coord>
        <when>2025-01-01T00:48:40.8467520Z</when>
        <gx:coord>12.055614 51.55067 106.907135</gx:coord>
        <when>2025-01-01T00:48:41.0917520Z</when>
        <gx:coord>12.055614 51.55067 106.907135</gx:coord>
        <when>2025-01-01T00:48:45.8547520Z</when>
        <gx:coord>12.056046 51.550552 106.9312</gx:coord>
        <when>2025-01-01T00:48:50.8557520Z</when>
        <gx:coord>12.056563 51.550404 106.909904</gx:coord>
        <when>2025-01-01T00:48:55.8497520Z</when>
        <gx:coord>12.057132 51.550243 106.91951</gx:coord>
        <when>2025-01-01T00:49:00.8577520Z</when>
        <gx:coord>12.057636 51.550106 107.0146</gx:coord>
        <when>2025-01-01T00:49:05.8467520Z</when>
        <gx:coord>12.057955 51.55001 107.06374</gx:coord>
        <when>2025-01-01T00:49:06.0897520Z</when>
        <gx:coord>12.057955 51.55001 107.06374</gx:coord>
        <when>2025-01-01T00:49:08.0927520Z</when>
        <gx:coord>12.058039 51.549976 107.013084</gx:coord>
        <when>2025-01-01T00:49:10.0907520Z</when>
        <gx:coord>12.058104 51.549923 106.93757</gx:coord>
        <when>2025-01-01T00:49:10.8467520Z</when>
        <gx:coord>12.058124 51.549892 106.98055</gx:coord>
        <when>2025-01-01T00:49:11.1017520Z</when>
        <gx:coord>12.058124 51.549892 106.98055</gx:coord>
        <when>2025-01-01T00:49:12.0927520Z</when>
        <gx:coord>12.058133 51.549866 106.97976</gx:coord>
        <when>2025-01-01T00:49:14.0947520Z</when>
        <gx:coord>12.058118 51.5498 106.997765</gx:coord>
        <when>2025-01-01T00:49:15.8477520Z</when>
        <gx:coord>12.058077 51.54972 106.9988</gx:coord>
        <when>2025-01-01T00:49:20.8567520Z</when>
        <gx:coord>12.057978 51.549484 106.93957</gx:coord>
        <when>2025-01-01T00:49:25.8467520Z</when>
        <gx:coord>12.057877 51.549248 107.01888</gx:coord>
        <when>2025-01-01T00:49:27.0887520Z</when>
        <gx:coord>12.057866 51.549213 107.01077</gx:coord>
        <when>2025-01-01T00:49:28.0987520Z</when>
        <gx:coord>12.057865 51.549183 106.94741</gx:coord>
        <when>2025-01-01T00:49:29.0927520Z</when>
        <gx:coord>12.0578785 51.549156 106.977974</gx:coord>
        <when>2025-01-01T00:49:30.8467520Z</when>
        <gx:coord>12.0579405 51.5491 107.04194</gx:coord>
        <when>2025-01-01T00:49:31.0907520Z</when>
        <gx:coord>12.0579405 51.5491 107.04194</gx:coord>
        <when>2025-01-01T00:49:32.0917520Z</when>
        <gx:coord>12.057981 51.54908 107.0395</gx:coord>
        <when>2025-01-01T00:49:34.0927520Z</when>
        <gx:coord>12.058093 51.54905 107.13026</gx:coord>
        <when>2025-01-01T00:49:35.8467520Z</when>
        <gx:coord>12.058204 51.549034 107.21633</gx:coord>
        <when>2025-01-01T00:49:37.0897520Z</when>
        <gx:coord>12.058256 51.549026 107.24405</gx:coord>
        <when>2025-01-01T00:49:38.0937520Z</when>
        <gx:coord>12.058297 51.549015 107.250824</gx:coord>
        <when>2025-01-01T00:49:39.0937520Z</when>
        <gx:coord>12.058332 51.549004 107.24136</gx:coord>
        <when>2025-01-01T00:49:40.0947520Z</when>
        <gx:coord>12.058356 51.54899 107.24898</gx:coord>
        <when>2025-01-01T00:49:40.8467520Z</when>
        <gx:coord>12.058371 51.54897 107.24887</gx:coord>
        <when>2025-01-01T00:49:41.0937520Z</when>
        <gx:coord>12.058371 51.54897 107.24887</gx:coord>
        <when>2025-01-01T00:49:43.0937520Z</when>
        <gx:coord>12.058371 51.548916 107.286</gx:coord>
        <when>2025-01-01T00:49:45.8467520Z</when>
        <gx:coord>12.058348 51.548817 107.38055</gx:coord>
        <when>2025-01-01T00:49:50.0877520Z</when>
        <gx:coord>12.058324 51.54869 107.40868</gx:coord>
        <when>2025-01-01T00:49:50.8467520Z</when>
        <gx:coord>12.058328 51.548664 107.44655</gx:coord>
        <when>2025-01-01T00:49:52.0957520Z</when>
        <gx:coord>12.058337 51.54864 107.4838</gx:coord>
        <when>2025-01-01T00:49:52.0977520Z</when>
        <gx:coord>12.058337 51.54864 107.4838</gx:coord>
        <when>2025-01-01T00:49:55.8467520Z</when>
        <gx:coord>12.058395 51.548573 107.655945</gx:coord>
        <when>2025-01-01T00:49:57.0917520Z</when>
        <gx:coord>12.058406 51.548553 107.71727</gx:coord>
        <when>2025-01-01T00:49:58.0927520Z</when>
        <gx:coord>12.058413 51.54853 107.63917</gx:coord>
        <when>2025-01-01T00:50:00.8467520Z</when>
        <gx:coord>12.058396 51.54847 107.52632</gx:coord>
        <when>2025-01-01T00:50:01.0907520Z</when>
        <gx:coord>12.058396 51.54847 107.52632</gx:coord>
        <when>2025-01-01T00:50:03.0867520Z</when>
        <gx:coord>12.058372 51.548435 107.51808</gx:coord>
        <when>2025-01-01T00:50:05.8467520Z</when>
        <gx:coord>12.058329 51.54839 107.50021</gx:coord>
        <when>2025-01-01T00:50:07.0947520Z</when>
        <gx:coord>12.058313 51.548378 107.54193</gx:coord>
        <when>2025-01-01T00:50:08.0917520Z</when>
        <gx:coord>12.058296 51.54837 107.46667</gx:coord>
        <when>2025-01-01T00:50:09.0937520Z</when>
        <gx:coord>12.058272 51.548367 107.52627</gx:coord>
        <when>2025-01-01T00:50:10.8467520Z</when>
        <gx:coord>12.058236 51.54837 107.344574</gx:coord>
        <when>2025-01-01T00:50:12.0647520Z</when>
        <gx:coord>12.058224 51.548374 107.3223</gx:coord>
        <when>2025-01-01T00:50:15.8467520Z</when>
        <gx:coord>12.058207 51.548378 107.27017</gx:coord>
        <when>2025-01-01T00:50:20.8467520Z</when>
        <gx:coord>12.058203 51.548378 107.43066</gx:coord>
        <when>2025-01-01T00:50:25.8467520Z</when>
        <gx:coord>12.0582 51.548378 107.48927</gx:coord>
        <when>2025-01-01T00:50:30.5657520Z</when>
        <gx:coord>12.0582 51.548378 107.48982</gx:coord>
        <coordinates />
      </gx:Track>
    </Placemark>
    <Placemark>
      <name>Takeoff: 2025-01-01</name>
      <styleUrl>#downArrowIcon</styleUrl>
      <Point>
        <altitudeMode>relativeToGround</altitudeMode>
        <coordinates>12.06022,51.550606,20</coordinates>
      </Point>
    </Placemark>
    <Placemark>
      <name>Landing: 2025-01-01</name>
      <styleUrl>#downArrowIcon</styleUrl>
      <Point>
        <altitudeMode>relativeToGround</altitudeMode>
        <coordinates>12.055895,51.551735,20</coordinates>
      </Point>
    </Placemark>
    <Placemark>
      <name>Log Stop: 2025-01-01</name>
      <styleUrl>#downArrowIcon</styleUrl>
      <Point>
        <altitudeMode>relativeToGround</altitudeMode>
        <coordinates>12.0582,51.548378,20</coordinates>
      </Point>
    </Placemark>
  </Document>
</kml>
