<?xml version="1.0" encoding="utf-8"?>
<kml xmlns:gx="http://www.google.com/kml/ext/2.2" creator="kml-heatmap" xmlns="http://www.opengis.net/kml/2.2">
  <Document>
    <name>SkyDemon Track Log</name>
    <Style id="skydemonLogStyle">
      <LineStyle>
        <color>7f00ffff</color>
        <width>4</width>
      </LineStyle>
      <PolyStyle>
        <color>7fffa400</color>
      </PolyStyle>
    </Style>
    <Style id="downArrowIcon">
      <IconStyle>
        <href>http://maps.google.com/mapfiles/kml/pal4/icon28.png</href>
      </IconStyle>
    </Style>
    <Placemark>
      <name>Log Start: 2025-01-01</name>
      <styleUrl>#downArrowIcon</styleUrl>
      <Point>
        <altitudeMode>relativeToGround</altitudeMode>
        <coordinates>12.0582075,51.548374,20</coordinates>
      </Point>
    </Placemark>
    <Placemark>
      <name>EDAQ Halle-Oppin - EDAQ Halle-Oppin</name>
      <styleUrl>#skydemonLogStyle</styleUrl>
      <gx:Track>
        <extrude>1</extrude>
        <altitudeMode>absolute</altitudeMode>
        <when>2025-01-01T00:00:00.8099100Z</when>
        <gx:coord>12.0582075 51.548374 107.80218</gx:coord>
        <when>2025-01-01T00:00:05.8099100Z</when>
        <gx:coord>12.058202 51.548374 107.8767</gx:coord>
        <when>2025-01-01T00:00:10.8109100Z</when>
        <gx:coord>12.058198 51.548374 107.865326</gx:coord>
        <when>2025-01-01T00:00:15.8109100Z</when>
        <gx:coord>12.058195 51.54837 107.79974</gx:coord>
        <when>2025-01-01T00:00:20.8099100Z</when>
        <gx:coord>12.058198 51.54837 107.758095</gx:coord>
        <when>2025-01-01T00:00:25.8099100Z</when>
        <gx:coord>12.058194 51.54837 107.65417</gx:coord>
        <when>2025-01-01T00:00:30.8099100Z</when>
        <gx:coord>12.058188 51.54837 107.64544</gx:coord>
        <when>2025-01-01T00:00:35.8099100Z</when>
        <gx:coord>12.058195 51.54837 107.82688</gx:coord>
        <when>2025-01-01T00:00:40.8099100Z</when>
        <gx:coord>12.058195 51.548374 107.8949</gx:coord>
        <when>2025-01-01T00:00:45.8099100Z</when>
        <gx:coord>12.058195 51.54837 107.788315</gx:coord>
        <when>2025-01-01T00:00:50.8099100Z</when>
        <gx:coord>12.058193 51.54837 107.720345</gx:coord>
        <when>2025-01-01T00:00:55.8099100Z</when>
        <gx:coord>12.0581875 51.54837 107.81672</gx:coord>
        <when>2025-01-01T00:01:00.8099100Z</when>
        <gx:coord>12.058185 51.54837 107.98469</gx:coord>
        <when>2025-01-01T00:01:05.8099100Z</when>
        <gx:coord>12.058185 51.548367 108.04229</gx:coord>
        <when>2025-01-01T00:01:10.8099100Z</when>
        <gx:coord>12.058184 51.548367 108.04229</gx:coord>
        <when>2025-01-01T00:01:15.8099100Z</when>
        <gx:coord>12.058183 51.54837 108.04229</gx:coord>
        <when>2025-01-01T00:01:20.8099100Z</when>
        <gx:coord>12.058183 51.548367 108.04229</gx:coord>
        <when>2025-01-01T00:01:25.8099100Z</when>
        <gx:coord>12.058183 51.548367 108.04229</gx:coord>
        <when>2025-01-01T00:01:30.8099100Z</when>
        <gx:coord>12.058183 51.548367 108.04229</gx:coord>
        <when>2025-01-01T00:01:35.8099100Z</when>
        <gx:coord>12.058183 51.548367 108.04229</gx:coord>
        <when>2025-01-01T00:01:40.8099100Z</when>
        <gx:coord>12.058182 51.548367 108.04229</gx:coord>
        <when>2025-01-01T00:01:45.8099100Z</when>
        <gx:coord>12.058185 51.548367 108.04229</gx:coord>
        <when>2025-01-01T00:01:50.8089100Z</when>
        <gx:coord>12.058184 51.548367 108.04229</gx:coord>
        <when>2025-01-01T00:01:55.8089100Z</when>
        <gx:coord>12.058184 51.548367 108.04229</gx:coord>
        <when>2025-01-01T00:02:00.8089100Z</when>
        <gx:coord>12.058183 51.548367 108.04229</gx:coord>
        <when>2025-01-01T00:02:05.8089100Z</when>
        <gx:coord>12.058183 51.548367 108.04229</gx:coord>
        <when>2025-01-01T00:02:10.8089100Z</when>
        <gx:coord>12.058183 51.548367 108.04229</gx:coord>
        <when>2025-01-01T00:02:15.8089100Z</when>
        <gx:coord>12.058182 51.548367 108.04229</gx:coord>
        <when>2025-01-01T00:02:20.8089100Z</when>
        <gx:coord>12.058184 51.548367 108.04229</gx:coord>
        <when>2025-01-01T00:02:25.8089100Z</when>
        <gx:coord>12.058183 51.548367 108.04229</gx:coord>
        <when>2025-01-01T00:02:30.8089100Z</when>
        <gx:coord>12.058186 51.548367 108.01168</gx:coord>
        <when>2025-01-01T00:02:31.9129100Z</when>
        <gx:coord>12.058187 51.548367 108.08946</gx:coord>
        <when>2025-01-01T00:02:33.3329100Z</when>
        <gx:coord>12.05817 51.548374 108.14955</gx:coord>
        <when>2025-01-01T00:02:34.9329100Z</when>
        <gx:coord>12.058168 51.548374 108.19626</gx:coord>
        <when>2025-01-01T00:02:35.8089100Z</when>
        <gx:coord>12.05815 51.54838 108.237785</gx:coord>
        <when>2025-01-01T00:02:36.0909100Z</when>
        <gx:coord>12.05815 51.54838 108.237785</gx:coord>
        <when>2025-01-01T00:02:38.0929100Z</when>
        <gx:coord>12.058114 51.54841 108.30567</gx:coord>
        <when>2025-01-01T00:02:38.0929100Z</when>
        <gx:coord>12.058114 51.54841 108.30567</gx:coord>
        <when>2025-01-01T00:02:40.0959100Z</when>
        <gx:coord>12.058087 51.54845 108.21444</gx:coord>
        <when>2025-01-01T00:02:40.8089100Z</when>
        <gx:coord>12.058083 51.548466 107.80001</gx:coord>
        <when>2025-01-01T00:02:42.0889100Z</when>
        <gx:coord>12.058081 51.54849 108.137344</gx:coord>
        <when>2025-01-01T00:02:43.0919100Z</when>
        <gx:coord>12.058082 51.54851 108.150375</gx:coord>
        <when>2025-01-01T00:02:45.8089100Z</when>
        <gx:coord>12.058117 51.548615 108.02815</gx:coord>
        <when>2025-01-01T00:02:50.0889100Z</when>
        <gx:coord>12.058169 51.548744 107.867226</gx:coord>
        <when>2025-01-01T00:02:50.8089100Z</when>
        <gx:coord>12.058183 51.54877 107.86686</gx:coord>
        <when>2025-01-01T00:02:55.8089100Z</when>
        <gx:coord>12.058245 51.548916 107.83307</gx:coord>
        <when>2025-01-01T00:02:58.0899100Z</when>
        <gx:coord>12.058272 51.548973 107.7845</gx:coord>
        <when>2025-01-01T00:02:59.0939100Z</when>
        <gx:coord>12.058263 51.548992 107.86233</gx:coord>
        <when>2025-01-01T00:03:00.0979100Z</when>
        <gx:coord>12.058244 51.549015 107.8781</gx:coord>
        <when>2025-01-01T00:03:00.8089100Z</when>
        <gx:coord>12.058215 51.549026 107.85713</gx:coord>
        <when>2025-01-01T00:03:01.1209100Z</when>
        <gx:coord>12.058215 51.549026 107.85713</gx:coord>
        <when>2025-01-01T00:03:02.0939100Z</when>
        <gx:coord>12.058179 51.549038 107.81629</gx:coord>
        <when>2025-01-01T00:03:05.8089100Z</when>
        <gx:coord>12.058029 51.54907 107.668396</gx:coord>
        <when>2025-01-01T00:03:09.0969100Z</when>
        <gx:coord>12.057942 51.5491 107.797325</gx:coord>
        <when>2025-01-01T00:03:10.8089100Z</when>
        <gx:coord>12.0579 51.54913 107.80678</gx:coord>
        <when>2025-01-01T00:03:11.0969100Z</when>
        <gx:coord>12.0579 51.54913 107.80678</gx:coord>
        <when>2025-01-01T00:03:13.0949100Z</when>
        <gx:coord>12.0578785 51.549164 107.82492</gx:coord>
        <when>2025-01-01T00:03:15.0989100Z</when>
        <gx:coord>12.057871 51.549202 107.84941</gx:coord>
        <when>2025-01-01T00:03:15.8079100Z</when>
        <gx:coord>12.057874 51.549217 107.87232</gx:coord>
        <when>2025-01-01T00:03:16.0939100Z</when>
        <gx:coord>12.057874 51.549217 107.87232</gx:coord>
        <when>2025-01-01T00:03:20.8079100Z</when>
        <gx:coord>12.057922 51.54935 107.97913</gx:coord>
        <when>2025-01-01T00:03:21.1009100Z</when>
        <gx:coord>12.057922 51.54935 107.97913</gx:coord>
        <when>2025-01-01T00:03:25.8079100Z</when>
        <gx:coord>12.058005 51.54955 108.17346</gx:coord>
        <when>2025-01-01T00:03:26.0909100Z</when>
        <gx:coord>12.058005 51.54955 108.17346</gx:coord>
        <when>2025-01-01T00:03:30.8079100Z</when>
        <gx:coord>12.058119 51.549797 108.11234</gx:coord>
        <when>2025-01-01T00:03:35.8079100Z</when>
        <gx:coord>12.058233 51.55008 107.928734</gx:coord>
        <when>2025-01-01T00:03:40.8079100Z</when>
        <gx:coord>12.058349 51.550346 108.21705</gx:coord>
        <when>2025-01-01T00:03:45.8079100Z</when>
        <gx:coord>12.058437 51.55055 108.23313</gx:coord>
        <when>2025-01-01T00:03:49.0939100Z</when>
        <gx:coord>12.058447 51.55057 108.26107</gx:coord>
        <when>2025-01-01T00:03:50.8079100Z</when>
        <gx:coord>12.058447 51.55057 108.230606</gx:coord>
        <when>2025-01-01T00:03:55.8079100Z</when>
        <gx:coord>12.058447 51.55057 108.26767</gx:coord>
        <when>2025-01-01T00:04:00.8079100Z</when>
        <gx:coord>12.058447 51.55057 107.974434</gx:coord>
        <when>2025-01-01T00:04:05.8079100Z</when>
        <gx:coord>12.058447 51.55057 108.230156</gx:coord>
        <when>2025-01-01T00:04:10.8079100Z</when>
        <gx:coord>12.058448 51.55057 108.1328</gx:coord>
        <when>2025-01-01T00:04:15.8079100Z</when>
        <gx:coord>12.058449 51.55057 108.1556</gx:coord>
        <when>2025-01-01T00:04:20.8079100Z</when>
        <gx:coord>12.058449 51.55057 108.12106</gx:coord>
        <when>2025-01-01T00:04:25.8079100Z</when>
        <gx:coord>12.058449 51.55057 108.09078</gx:coord>
        <when>2025-01-01T00:04:30.8079100Z</when>
        <gx:coord>12.058449 51.55057 108.12091</gx:coord>
        <when>2025-01-01T00:04:35.8079100Z</when>
        <gx:coord>12.058449 51.55057 108.077415</gx:coord>
        <when>2025-01-01T00:04:40.8069100Z</when>
        <gx:coord>12.05845 51.55057 108.09375</gx:coord>
        <when>2025-01-01T00:04:45.8069100Z</when>
        <gx:coord>12.05845 51.55057 108.04975</gx:coord>
        <when>2025-01-01T00:04:50.8069100Z</when>
        <gx:coord>12.05845 51.55057 108.05976</gx:coord>
        <when>2025-01-01T00:04:55.8069100Z</when>
        <gx:coord>12.05845 51.55057 108.192795</gx:coord>
        <when>2025-01-01T00:05:00.8069100Z</when>
        <gx:coord>12.058451 51.55057 108.27409</gx:coord>
        <when>2025-01-01T00:05:05.8069100Z</when>
        <gx:coord>12.058451 51.55057 108.247574</gx:coord>
        <when>2025-01-01T00:05:10.8069100Z</when>
        <gx:coord>12.058451 51.55057 108.201096</gx:coord>
        <when>2025-01-01T00:05:15.8069100Z</when>
        <gx:coord>12.058452 51.55057 108.244736</gx:coord>
        <when>2025-01-01T00:05:20.8069100Z</when>
        <gx:coord>12.058452 51.55057 108.20998</gx:coord>
        <when>2025-01-01T00:05:25.8069100Z</when>
        <gx:coord>12.058452 51.55057 108.15737</gx:coord>
        <when>2025-01-01T00:05:30.8069100Z</when>
        <gx:coord>12.058452 51.55057 108.248665</gx:coord>
        <when>2025-01-01T00:05:35.8069100Z</when>
        <gx:coord>12.058453 51.55057 108.290276</gx:coord>
        <when>2025-01-01T00:05:40.8069100Z</when>
        <gx:coord>12.058452 51.55057 108.24774</gx:coord>
        <when>2025-01-01T00:05:45.8069100Z</when>
        <gx:coord>12.058452 51.55057 108.14569</gx:coord>
        <when>2025-01-01T00:05:50.8069100Z</when>
        <gx:coord>12.058451 51.55057 108.18725</gx:coord>
        <when>2025-01-01T00:05:55.8069100Z</when>
        <gx:coord>12.058451 51.55057 108.164215</gx:coord>
        <when>2025-01-01T00:06:00.8059100Z</when>
        <gx:coord>12.058451 51.55057 108.15728</gx:coord>
        <when>2025-01-01T00:06:05.8059100Z</when>
        <gx:coord>12.05845 51.55057 108.11232</gx:coord>
        <when>2025-01-01T00:06:10.8059100Z</when>
        <gx:coord>12.058459 51.550594 108.33538</gx:coord>
        <when>2025-01-01T00:06:15.8059100Z</when>
        <gx:coord>12.05849 51.550674 108.17323</gx:coord>
        <when>2025-01-01T00:06:20.8059100Z</when>
        <gx:coord>12.058534 51.550785 108.2467</gx:coord>
        <when>2025-01-01T00:06:25.8059100Z</when>
        <gx:coord>12.058608 51.550922 108.39759</gx:coord>
        <when>2025-01-01T00:06:26.0969100Z</when>
        <gx:coord>12.058608 51.550922 108.39759</gx:coord>
        <when>2025-01-01T00:06:27.0979100Z</when>
        <gx:coord>12.058629 51.550945 108.48046</gx:coord>
        <when>2025-01-01T00:06:28.0959100Z</when>
        <gx:coord>12.058659 51.55096 108.515724</gx:coord>
        <when>2025-01-01T00:06:30.0929100Z</when>
        <gx:coord>12.058733 51.550976 108.58264</gx:coord>
        <when>2025-01-01T00:06:30.8059100Z</when>
        <gx:coord>12.058781 51.550983 108.58861</gx:coord>
        <when>2025-01-01T00:06:32.0939100Z</when>
        <gx:coord>12.058833 51.550983 108.56864</gx:coord>
        <when>2025-01-01T00:06:34.0939100Z</when>
        <gx:coord>12.058949 51.55097 108.53459</gx:coord>
        <when>2025-01-01T00:06:35.8059100Z</when>
        <gx:coord>12.059081 51.55093 108.59374</gx:coord>
        <when>2025-01-01T00:06:36.0939100Z</when>
        <gx:coord>12.059081 51.55093 108.59374</gx:coord>
        <when>2025-01-01T00:06:38.0939100Z</when>
        <gx:coord>12.059231 51.550884 108.57039</gx:coord>
        <when>2025-01-01T00:06:40.8059100Z</when>
        <gx:coord>12.059497 51.550808 108.53948</gx:coord>
        <when>2025-01-01T00:06:45.8059100Z</when>
        <gx:coord>12.060023 51.550663 108.493286</gx:coord>
        <when>2025-01-01T00:06:50.8059100Z</when>
        <gx:coord>12.060547 51.550514 108.53307</gx:coord>
        <when>2025-01-01T00:06:55.0949100Z</when>
        <gx:coord>12.060883 51.55038 108.33495</gx:coord>
        <when>2025-01-01T00:06:55.8059100Z</when>
        <gx:coord>12.060951 51.550346 108.315865</gx:coord>
        <when>2025-01-01T00:06:59.1109100Z</when>
        <gx:coord>12.061123 51.550262 108.3222</gx:coord>
        <when>2025-01-01T00:07:00.0939100Z</when>
        <gx:coord>12.061169 51.550255 108.36152</gx:coord>
        <when>2025-01-01T00:07:00.8059100Z</when>
        <gx:coord>12.061204 51.55026 108.42021</gx:coord>
        <when>2025-01-01T00:07:01.0949100Z</when>
        <gx:coord>12.061204 51.55026 108.42021</gx:coord>
        <when>2025-01-01T00:07:02.0929100Z</when>
        <gx:coord>12.061231 51.55027 108.453766</gx:coord>
        <when>2025-01-01T00:07:03.0929100Z</when>
        <gx:coord>12.061244 51.550285 108.5066</gx:coord>
        <when>2025-01-01T00:07:05.1079100Z</when>
        <gx:coord>12.061216 51.550327 108.62394</gx:coord>
        <when>2025-01-01T00:07:05.8199100Z</when>
        <gx:coord>12.061216 51.550327 108.62394</gx:coord>
        <when>2025-01-01T00:07:05.9819100Z</when>
        <gx:coord>12.061216 51.550327 108.62394</gx:coord>
        <when>2025-01-01T00:07:09.0949100Z</when>
        <gx:coord>12.061142 51.55035 108.570335</gx:coord>
        <when>2025-01-01T00:07:10.0979100Z</when>
        <gx:coord>12.061102 51.55036 108.59079</gx:coord>
        <when>2025-01-01T00:07:10.8049100Z</when>
        <gx:coord>12.061014 51.550385 108.59419</gx:coord>
        <when>2025-01-01T00:07:13.0939100Z</when>
        <gx:coord>12.060781 51.55044 108.55727</gx:coord>
        <when>2025-01-01T00:07:15.1059100Z</when>
        <gx:coord>12.060442 51.550533 108.66021</gx:coord>
        <when>2025-01-01T00:07:15.8059100Z</when>
        <gx:coord>12.060231 51.55059 108.610146</gx:coord>
        <when>2025-01-01T00:07:16.0939100Z</when>
        <gx:coord>12.060231 51.55059 108.610146</gx:coord>
        <when>2025-01-01T00:07:20.0909100Z</when>
        <gx:coord>12.05916 51.55089 108.790245</gx:coord>
        <when>2025-01-01T00:07:20.8059100Z</when>
        <gx:coord>12.058832 51.550983 108.78459</gx:coord>
        <when>2025-01-01T00:07:24.1119100Z</when>
        <gx:coord>12.057729 51.551296 108.90564</gx:coord>
        <when>2025-01-01T00:07:25.8059100Z</when>
        <gx:coord>12.056891 51.55153 109.702385</gx:coord>
        <when>2025-01-01T00:07:30.8049100Z</when>
        <gx:coord>12.054587 51.55217 119.46937</gx:coord>
        <when>2025-01-01T00:07:31.0879100Z</when>
        <gx:coord>12.054587 51.55217 119.46937</gx:coord>
        <when>2025-01-01T00:07:35.8049100Z</when>
        <gx:coord>12.05217 51.552834 138.05804</gx:coord>
        <when>2025-01-01T00:07:36.0919100Z</when>
        <gx:coord>12.05169 51.552967 142.77596</gx:coord>
        <when>2025-01-01T00:07:40.8049100Z</when>
        <gx:coord>12.049795 51.5535 162.04266</gx:coord>
        <when>2025-01-01T00:07:43.0909100Z</when>
        <gx:coord>12.048421 51.553898 178.84995</gx:coord>
        <when>2025-01-01T00:07:45.3949100Z</when>
        <gx:coord>12.047975 51.554028 184.64317</gx:coord>
        <when>2025-01-01T00:07:45.8049100Z</when>
        <gx:coord>12.047533 51.554157 190.24385</gx:coord>
        <when>2025-01-01T00:07:49.0889100Z</when>
        <gx:coord>12.045822 51.554676 211.9447</gx:coord>
        <when>2025-01-01T00:07:50.8049100Z</when>
        <gx:coord>12.045405 51.55481 216.90602</gx:coord>
        <when>2025-01-01T00:07:55.0899100Z</when>
        <gx:coord>12.043762 51.555317 237.37303</gx:coord>
        <when>2025-01-01T00:07:55.8049100Z</when>
        <gx:coord>12.043361 51.555443 242.32639</gx:coord>
        <when>2025-01-01T00:07:56.0919100Z</when>
        <gx:coord>12.042961 51.55557 247.28236</gx:coord>
        <when>2025-01-01T00:08:00.8049100Z</when>
        <gx:coord>12.041388 51.556065 266.8006</gx:coord>
        <when>2025-01-01T00:08:03.0949100Z</when>
        <gx:coord>12.040241 51.55644 281.83417</gx:coord>
        <when>2025-01-01T00:08:05.8049100Z</when>
        <gx:coord>12.039479 51.556675 291.27274</gx:coord>
        <when>2025-01-01T00:08:10.8049100Z</when>
        <gx:coord>12.037484 51.557274 304.7982</gx:coord>
        <when>2025-01-01T00:08:13.0919100Z</when>
        <gx:coord>12.036177 51.557648 313.09335</gx:coord>
        <when>2025-01-01T00:08:14.0969100Z</when>
        <gx:coord>12.035732 51.557774 313.09335</gx:coord>
        <when>2025-01-01T00:08:15.8049100Z</when>
        <gx:coord>12.035283 51.557896 320.87646</gx:coord>
        <when>2025-01-01T00:08:20.8049100Z</when>
        <gx:coord>12.032996 51.558514 341.25903</gx:coord>
        <when>2025-01-01T00:08:21.0919100Z</when>
        <gx:coord>12.032533 51.558636 345.344</gx:coord>
        <when>2025-01-01T00:08:25.8049100Z</when>
        <gx:coord>12.030656 51.55911 363.08142</gx:coord>
        <when>2025-01-01T00:08:28.0899100Z</when>
        <gx:coord>12.029225 51.55943 377.12054</gx:coord>
        <when>2025-01-01T00:08:30.8049100Z</when>
        <gx:coord>12.028271 51.559635 386.83273</gx:coord>
        <when>2025-01-01T00:08:35.0939100Z</when>
        <gx:coord>12.025897 51.560154 411.7068</gx:coord>
        <when>2025-01-01T00:08:35.8049100Z</when>
        <gx:coord>12.025897 51.560154 411.7068</gx:coord>
        <when>2025-01-01T00:08:40.8049100Z</when>
        <gx:coord>12.023588 51.560696 441.68936</gx:coord>
        <when>2025-01-01T00:08:41.0959100Z</when>
        <gx:coord>12.02314 51.560806 447.77054</gx:coord>
        <when>2025-01-01T00:08:45.8049100Z</when>
        <gx:coord>12.021377 51.561256 469.3602</gx:coord>
        <when>2025-01-01T00:08:47.0889100Z</when>
        <gx:coord>12.020499 51.56149 478.90363</gx:coord>
        <when>2025-01-01T00:08:50.8049100Z</when>
        <gx:coord>12.019192 51.56184 493.76718</gx:coord>
        <when>2025-01-01T00:08:54.0899100Z</when>
        <gx:coord>12.017459 51.56232 513.3844</gx:coord>
        <when>2025-01-01T00:08:55.8049100Z</when>
        <gx:coord>12.01703 51.56244 518.2352</gx:coord>
        <when>2025-01-01T00:09:00.8039100Z</when>
        <gx:coord>12.014874 51.563084 539.2825</gx:coord>
        <when>2025-01-01T00:09:02.0939100Z</when>
        <gx:coord>12.014016 51.56336 548.5262</gx:coord>
        <when>2025-01-01T00:09:05.8039100Z</when>
        <gx:coord>12.012733 51.563786 562.53284</gx:coord>
        <when>2025-01-01T00:09:09.1009100Z</when>
        <gx:coord>12.011028 51.564354 576.66</gx:coord>
        <when>2025-01-01T00:09:09.1019100Z</when>
        <gx:coord>12.011028 51.564354 581.1926</gx:coord>
        <when>2025-01-01T00:09:10.8039100Z</when>
        <gx:coord>12.010601 51.56449 585.7908</gx:coord>
        <when>2025-01-01T00:09:15.8039100Z</when>
        <gx:coord>12.008404 51.565166 603.1732</gx:coord>
        <when>2025-01-01T00:09:19.0919100Z</when>
        <gx:coord>12.007004 51.56557 608.75684</gx:coord>
        <when>2025-01-01T00:09:20.0929100Z</when>
        <gx:coord>12.00603 51.56584 611.80695</gx:coord>
        <when>2025-01-01T00:09:20.8039100Z</when>
        <gx:coord>12.00603 51.56584 611.80695</gx:coord>
        <when>2025-01-01T00:09:25.8039100Z</when>
        <gx:coord>12.003519 51.56654 618.62885</gx:coord>
        <when>2025-01-01T00:09:30.8039100Z</when>
        <gx:coord>12.000933 51.567253 625.195</gx:coord>
        <when>2025-01-01T00:09:35.8039100Z</when>
        <gx:coord>11.998264 51.567978 629.8344</gx:coord>
        <when>2025-01-01T00:09:40.8039100Z</when>
        <gx:coord>11.995533 51.56867 637.01807</gx:coord>
        <when>2025-01-01T00:09:44.0919100Z</when>
        <gx:coord>11.99331 51.569183 643.2154</gx:coord>
        <when>2025-01-01T00:09:45.8039100Z</when>
        <gx:coord>11.992751 51.569313 644.3398</gx:coord>
        <when>2025-01-01T00:09:50.0899100Z</when>
        <gx:coord>11.990501 51.569817 649.43604</gx:coord>
        <when>2025-01-01T00:09:50.8039100Z</when>
        <gx:coord>11.989915 51.569942 650.8643</gx:coord>
        <when>2025-01-01T00:09:55.8039100Z</when>
        <gx:coord>11.987061 51.570587 660.4529</gx:coord>
        <when>2025-01-01T00:09:57.1009100Z</when>
        <gx:coord>11.985924 51.57086 662.5111</gx:coord>
        <when>2025-01-01T00:10:00.8039100Z</when>
        <gx:coord>11.984228 51.571293 670.9965</gx:coord>
        <when>2025-01-01T00:10:02.0929100Z</when>
        <gx:coord>11.983105 51.571587 675.177</gx:coord>
        <when>2025-01-01T00:10:05.8039100Z</when>
        <gx:coord>11.981432 51.57204 679.98083</gx:coord>
        <when>2025-01-01T00:10:10.8039100Z</when>
        <gx:coord>11.978635 51.572796 685.5943</gx:coord>
        <when>2025-01-01T00:10:13.0939100Z</when>
        <gx:coord>11.97749 51.573063 687.71045</gx:coord>
        <when>2025-01-01T00:10:15.8039100Z</when>
        <gx:coord>11.975704 51.573284 691.29004</gx:coord>
        <when>2025-01-01T00:10:16.0899100Z</when>
        <gx:coord>11.975704 51.573284 691.29004</gx:coord>
        <when>2025-01-01T00:10:19.0929100Z</when>
        <gx:coord>11.973884 51.573235 694.20996</gx:coord>
        <when>2025-01-01T00:10:20.8039100Z</when>
        <gx:coord>11.972683 51.57307 694.70764</gx:coord>
        <when>2025-01-01T00:10:25.8029100Z</when>
        <gx:coord>11.969698 51.572468 694.80096</gx:coord>
        <when>2025-01-01T00:10:30.0889100Z</when>
        <gx:coord>11.967256 51.571964 692.50964</gx:coord>
        <when>2025-01-01T00:10:30.8039100Z</when>
        <gx:coord>11.966642 51.571827 692.8363</gx:coord>
        <when>2025-01-01T00:10:35.8029100Z</when>
        <gx:coord>11.963641 51.570965 694.02484</gx:coord>
        <when>2025-01-01T00:10:40.8029100Z</when>
        <gx:coord>11.960674 51.56997 691.65533</gx:coord>
        <when>2025-01-01T00:10:43.0959100Z</when>
        <gx:coord>11.958908 51.56937 693.2996</gx:coord>
        <when>2025-01-01T00:10:45.0899100Z</when>
        <gx:coord>11.958332 51.569168 697.2597</gx:coord>
        <when>2025-01-01T00:10:45.8029100Z</when>
        <gx:coord>11.957762 51.568962 699.94116</gx:coord>
        <when>2025-01-01T00:10:49.0919100Z</when>
        <gx:coord>11.95552 51.568142 706.2842</gx:coord>
        <when>2025-01-01T00:10:50.8029100Z</when>
        <gx:coord>11.954962 51.56794 706.64496</gx:coord>
        <when>2025-01-01T00:10:55.8029100Z</when>
        <gx:coord>11.952088 51.56695 700.0275</gx:coord>
        <when>2025-01-01T00:11:00.8029100Z</when>
        <gx:coord>11.949036 51.566124 699.39484</gx:coord>
        <when>2025-01-01T00:11:05.8029100Z</when>
        <gx:coord>11.945956 51.56537 701.3035</gx:coord>
        <when>2025-01-01T00:11:09.0909100Z</when>
        <gx:coord>11.944102 51.56495 701.72675</gx:coord>
        <when>2025-01-01T00:11:10.8029100Z</when>
        <gx:coord>11.94286 51.564674 701.6736</gx:coord>
        <when>2025-01-01T00:11:15.8029100Z</when>
        <gx:coord>11.939745 51.56402 703.3217</gx:coord>
        <when>2025-01-01T00:11:20.8029100Z</when>
        <gx:coord>11.936616 51.563427 704.9324</gx:coord>
        <when>2025-01-01T00:11:24.0939100Z</when>
        <gx:coord>11.93408 51.56301 704.0297</gx:coord>
        <when>2025-01-01T00:11:25.8029100Z</when>
        <gx:coord>11.933441 51.5629 701.0465</gx:coord>
        <when>2025-01-01T00:11:30.8029100Z</when>
        <gx:coord>11.930257 51.56237 705.9118</gx:coord>
        <when>2025-01-01T00:11:35.8029100Z</when>
        <gx:coord>11.927161 51.561874 714.1617</gx:coord>
        <when>2025-01-01T00:11:40.8029100Z</when>
        <gx:coord>11.924066 51.561447 713.01056</gx:coord>
        <when>2025-01-01T00:11:45.8029100Z</when>
        <gx:coord>11.920899 51.561085 708.4202</gx:coord>
        <when>2025-01-01T00:11:50.8029100Z</when>
        <gx:coord>11.9176855 51.56065 708.56824</gx:coord>
        <when>2025-01-01T00:11:55.8029100Z</when>
        <gx:coord>11.914509 51.56023 715.6222</gx:coord>
        <when>2025-01-01T00:12:00.8029100Z</when>
        <gx:coord>11.911392 51.55982 722.77374</gx:coord>
        <when>2025-01-01T00:12:05.8029100Z</when>
        <gx:coord>11.908327 51.559383 726.14777</gx:coord>
        <when>2025-01-01T00:12:06.0989100Z</when>
        <gx:coord>11.907713 51.5593 726.14777</gx:coord>
        <when>2025-01-01T00:12:10.8029100Z</when>
        <gx:coord>11.905244 51.558945 726.65186</gx:coord>
        <when>2025-01-01T00:12:15.8029100Z</when>
        <gx:coord>11.902135 51.558483 726.47235</gx:coord>
        <when>2025-01-01T00:12:20.8019100Z</when>
        <gx:coord>11.899004 51.55791 722.47644</gx:coord>
        <when>2025-01-01T00:12:25.8019100Z</when>
        <gx:coord>11.895826 51.557335 721.0776</gx:coord>
        <when>2025-01-01T00:12:30.8019100Z</when>
        <gx:coord>11.892653 51.55678 723.9863</gx:coord>
        <when>2025-01-01T00:12:35.8019100Z</when>
        <gx:coord>11.889489 51.55623 724.6367</gx:coord>
        <when>2025-01-01T00:12:40.8019100Z</when>
        <gx:coord>11.886349 51.5556 726.6994</gx:coord>
        <when>2025-01-01T00:12:45.8019100Z</when>
        <gx:coord>11.883296 51.554928 728.4455</gx:coord>
        <when>2025-01-01T00:12:48.1009100Z</when>
        <gx:coord>11.881394 51.554604 728.4718</gx:coord>
        <when>2025-01-01T00:12:50.8019100Z</when>
        <gx:coord>11.880152 51.554382 730.0105</gx:coord>
        <when>2025-01-01T00:12:55.8019100Z</when>
        <gx:coord>11.877073 51.55384 735.413</gx:coord>
        <when>2025-01-01T00:12:57.0919100Z</when>
        <gx:coord>11.875869 51.553608 737.8759</gx:coord>
        <when>2025-01-01T00:13:00.8019100Z</when>
        <gx:coord>11.874099 51.553226 740.8557</gx:coord>
        <when>2025-01-01T00:13:05.8019100Z</when>
        <gx:coord>11.871216 51.552475 746.2206</gx:coord>
        <when>2025-01-01T00:13:10.8019100Z</when>
        <gx:coord>11.868407 51.551666 755.7331</gx:coord>
        <when>2025-01-01T00:13:15.8019100Z</when>
        <gx:coord>11.865718 51.550793 766.63477</gx:coord>
        <when>2025-01-01T00:13:17.0979100Z</when>
        <gx:coord>11.864654 51.55043 769.73065</gx:coord>
        <when>2025-01-01T00:13:20.0959100Z</when>
        <gx:coord>11.863601 51.550056 773.37976</gx:coord>
        <when>2025-01-01T00:13:20.8009100Z</when>
        <gx:coord>11.863077 51.54987 775.16254</gx:coord>
        <when>2025-01-01T00:13:25.8019100Z</when>
        <gx:coord>11.860459 51.54895 785.05664</gx:coord>
        <when>2025-01-01T00:13:30.0909100Z</when>
        <gx:coord>11.857901 51.54804 800.8215</gx:coord>
        <when>2025-01-01T00:13:30.8009100Z</when>
        <gx:coord>11.857901 51.54804 800.8215</gx:coord>
        <when>2025-01-01T00:13:32.0999100Z</when>
        <gx:coord>11.856897 51.54767 804.3952</gx:coord>
        <when>2025-01-01T00:13:35.8019100Z</when>
        <gx:coord>11.855399 51.547104 810.8176</gx:coord>
        <when>2025-01-01T00:13:40.8009100Z</when>
        <gx:coord>11.852833 51.546127 812.92053</gx:coord>
        <when>2025-01-01T00:13:45.8019100Z</when>
        <gx:coord>11.850232 51.545124 823.38165</gx:coord>
        <when>2025-01-01T00:13:50.8019100Z</when>
        <gx:coord>11.847556 51.544125 825.2522</gx:coord>
        <when>2025-01-01T00:13:54.0899100Z</when>
        <gx:coord>11.8453865 51.543297 833.39923</gx:coord>
        <when>2025-01-01T00:13:55.8019100Z</when>
        <gx:coord>11.844855 51.543083 835.34375</gx:coord>
        <when>2025-01-01T00:14:00.8009100Z</when>
        <gx:coord>11.842262 51.541973 849.8985</gx:coord>
        <when>2025-01-01T00:14:04.1059100Z</when>
        <gx:coord>11.840273 51.54104 863.9493</gx:coord>
        <when>2025-01-01T00:14:05.8009100Z</when>
        <gx:coord>11.83978 51.54081 866.4693</gx:coord>
        <when>2025-01-01T00:14:10.8009100Z</when>
        <gx:coord>11.837291 51.539642 872.0571</gx:coord>
        <when>2025-01-01T00:14:15.8009100Z</when>
        <gx:coord>11.834718 51.53843 874.2189</gx:coord>
        <when>2025-01-01T00:14:16.1039100Z</when>
        <gx:coord>11.834189 51.53818 874.2189</gx:coord>
        <when>2025-01-01T00:14:20.8009100Z</when>
        <gx:coord>11.832039 51.537163 875.55884</gx:coord>
        <when>2025-01-01T00:14:22.0939100Z</when>
        <gx:coord>11.831494 51.536907 876.53357</gx:coord>
        <when>2025-01-01T00:14:25.8009100Z</when>
        <gx:coord>11.829286 51.535904 882.62177</gx:coord>
        <when>2025-01-01T00:14:30.0929100Z</when>
        <gx:coord>11.826613 51.53461 894.96606</gx:coord>
        <when>2025-01-01T00:14:30.8009100Z</when>
        <gx:coord>11.826613 51.53461 894.96606</gx:coord>
        <when>2025-01-01T00:14:35.8009100Z</when>
        <gx:coord>11.8238535 51.533302 883.1934</gx:coord>
        <when>2025-01-01T00:14:40.8009100Z</when>
        <gx:coord>11.8208685 51.53192 873.3511</gx:coord>
        <when>2025-01-01T00:14:42.0939100Z</when>
        <gx:coord>11.820258 51.531643 872.25696</gx:coord>
        <when>2025-01-01T00:14:45.8009100Z</when>
        <gx:coord>11.81781 51.530502 871.1051</gx:coord>
        <when>2025-01-01T00:14:50.8009100Z</when>
        <gx:coord>11.814788 51.529083 878.71295</gx:coord>
        <when>2025-01-01T00:14:54.1029100Z</when>
        <gx:coord>11.812441 51.52795 884.22296</gx:coord>
        <when>2025-01-01T00:14:55.8009100Z</when>
        <gx:coord>11.811857 51.52767 886.4225</gx:coord>
        <when>2025-01-01T00:15:00.7999100Z</when>
        <gx:coord>11.808901 51.526333 889.93884</gx:coord>
        <when>2025-01-01T00:15:05.8009100Z</when>
        <gx:coord>11.805925 51.52501 891.9841</gx:coord>
        <when>2025-01-01T00:15:10.8009100Z</when>
        <gx:coord>11.802926 51.52373 897.40845</gx:coord>
        <when>2025-01-01T00:15:19.0899100Z</when>
        <gx:coord>11.7982235 51.521767 917.97205</gx:coord>
        <when>2025-01-01T00:15:20.0969100Z</when>
        <gx:coord>11.797086 51.521313 926.2364</gx:coord>
        <when>2025-01-01T00:15:32.0959100Z</when>
        <gx:coord>11.789993 51.518776 934.11066</gx:coord>
        <when>2025-01-01T00:15:36.4289100Z</when>
        <gx:coord>11.787591 51.517933 945.4344</gx:coord>
        <when>2025-01-01T00:15:40.0859100Z</when>
        <gx:coord>11.785293 51.517025 957.98114</gx:coord>
        <when>2025-01-01T00:15:41.4289100Z</when>
        <gx:coord>11.784731 51.51679 959.392</gx:coord>
        <when>2025-01-01T00:15:46.4289100Z</when>
        <gx:coord>11.781803 51.51557 946.8015</gx:coord>
        <when>2025-01-01T00:15:51.4289100Z</when>
        <gx:coord>11.778735 51.51431 945.03674</gx:coord>
        <when>2025-01-01T00:15:56.4289100Z</when>
        <gx:coord>11.775577 51.513054 940.9494</gx:coord>
        <when>2025-01-01T00:15:58.0919100Z</when>
        <gx:coord>11.774937 51.5128 940.6327</gx:coord>
        <when>2025-01-01T00:16:01.4289100Z</when>
        <gx:coord>11.772361 51.511787 937.7756</gx:coord>
        <when>2025-01-01T00:16:06.4289100Z</when>
        <gx:coord>11.769083 51.510536 934.7053</gx:coord>
        <when>2025-01-01T00:16:09.0989100Z</when>
        <gx:coord>11.7671175 51.509766 934.6717</gx:coord>
        <when>2025-01-01T00:16:11.4289100Z</when>
        <gx:coord>11.765796 51.509254 932.404</gx:coord>
        <when>2025-01-01T00:16:16.4289100Z</when>
        <gx:coord>11.76246 51.507984 932.4591</gx:coord>
        <when>2025-01-01T00:16:21.4289100Z</when>
        <gx:coord>11.759166 51.50669 936.5147</gx:coord>
        <when>2025-01-01T00:16:26.4289100Z</when>
        <gx:coord>11.755954 51.50533 940.51904</gx:coord>
        <when>2025-01-01T00:16:31.4289100Z</when>
        <gx:coord>11.752784 51.50396 944.254</gx:coord>
        <when>2025-01-01T00:16:36.4819100Z</when>
        <gx:coord>11.749635 51.502544 942.35077</gx:coord>
        <when>2025-01-01T00:16:41.4289100Z</when>
        <gx:coord>11.746468 51.50107 938.29785</gx:coord>
        <when>2025-01-01T00:16:44.0989100Z</when>
        <gx:coord>11.744555 51.500164 937.2348</gx:coord>
        <when>2025-01-01T00:16:46.4279100Z</when>
        <gx:coord>11.743289 51.49955 936.7967</gx:coord>
        <when>2025-01-01T00:16:51.4279100Z</when>
        <gx:coord>11.740115 51.498043 937.23083</gx:coord>
        <when>2025-01-01T00:16:56.4279100Z</when>
        <gx:coord>11.736927 51.49662 942.6502</gx:coord>
        <when>2025-01-01T00:17:01.4279100Z</when>
        <gx:coord>11.733793 51.495235 947.5329</gx:coord>
        <when>2025-01-01T00:17:06.4289100Z</when>
        <gx:coord>11.730666 51.493862 949.1597</gx:coord>
        <when>2025-01-01T00:17:11.4279100Z</when>
        <gx:coord>11.727495 51.492584 956.61383</gx:coord>
        <when>2025-01-01T00:17:16.4279100Z</when>
        <gx:coord>11.724283 51.491436 962.3714</gx:coord>
        <when>2025-01-01T00:17:19.1019100Z</when>
        <gx:coord>11.722375 51.490746 964.5938</gx:coord>
        <when>2025-01-01T00:17:21.4279100Z</when>
        <gx:coord>11.721112 51.490276 966.23303</gx:coord>
        <when>2025-01-01T00:17:26.4279100Z</when>
        <gx:coord>11.71792 51.48909 959.70074</gx:coord>
        <when>2025-01-01T00:17:31.4279100Z</when>
        <gx:coord>11.714642 51.4879 961.3988</gx:coord>
        <when>2025-01-01T00:17:36.4829100Z</when>
        <gx:coord>11.71138 51.486767 966.35034</gx:coord>
        <when>2025-01-01T00:17:41.4279100Z</when>
        <gx:coord>11.708196 51.485565 967.1213</gx:coord>
        <when>2025-01-01T00:17:46.4279100Z</when>
        <gx:coord>11.705018 51.484318 968.777</gx:coord>
        <when>2025-01-01T00:17:51.4279100Z</when>
        <gx:coord>11.701803 51.483086 968.90424</gx:coord>
        <when>2025-01-01T00:17:55.1009100Z</when>
        <gx:coord>11.699199 51.482105 967.271</gx:coord>
        <when>2025-01-01T00:17:56.4279100Z</when>
        <gx:coord>11.698548 51.481857 966.91284</gx:coord>
        <when>2025-01-01T00:18:01.4279100Z</when>
        <gx:coord>11.695299 51.480614 969.15356</gx:coord>
        <when>2025-01-01T00:18:06.4279100Z</when>
        <gx:coord>11.692082 51.479347 970.93195</gx:coord>
        <when>2025-01-01T00:18:11.4279100Z</when>
        <gx:coord>11.688895 51.47808 974.7692</gx:coord>
        <when>2025-01-01T00:18:16.4279100Z</when>
        <gx:coord>11.685727 51.476868 982.73334</gx:coord>
        <when>2025-01-01T00:18:20.0869100Z</when>
        <gx:coord>11.683167 51.47603 989.42175</gx:coord>
        <when>2025-01-01T00:18:21.4279100Z</when>
        <gx:coord>11.682513 51.47585 990.1418</gx:coord>
        <when>2025-01-01T00:18:26.4279100Z</when>
        <gx:coord>11.679188 51.47505 993.07153</gx:coord>
        <when>2025-01-01T00:18:29.0899100Z</when>
        <gx:coord>11.677848 51.47475 995.32263</gx:coord>
        <when>2025-01-01T00:18:31.4279100Z</when>
        <gx:coord>11.675839 51.474316 999.7118</gx:coord>
        <when>2025-01-01T00:18:32.0989100Z</when>
        <gx:coord>11.675169 51.474182 999.7118</gx:coord>
        <when>2025-01-01T00:18:36.4819100Z</when>
        <gx:coord>11.672472 51.473644 997.7841</gx:coord>
        <when>2025-01-01T00:18:41.4389100Z</when>
        <gx:coord>11.668909 51.473015 981.6542</gx:coord>
        <when>2025-01-01T00:18:46.4269100Z</when>
        <gx:coord>11.665223 51.472458 976.6673</gx:coord>
        <when>2025-01-01T00:18:51.4399100Z</when>
        <gx:coord>11.661494 51.47199 972.5492</gx:coord>
        <when>2025-01-01T00:18:56.4269100Z</when>
        <gx:coord>11.657739 51.471558 965.50684</gx:coord>
        <when>2025-01-01T00:19:01.4269100Z</when>
        <gx:coord>11.6539755 51.47113 965.9015</gx:coord>
        <when>2025-01-01T00:19:06.4269100Z</when>
        <gx:coord>11.650246 51.470715 968.32513</gx:coord>
        <when>2025-01-01T00:19:08.0959100Z</when>
        <gx:coord>11.649506 51.470634 968.596</gx:coord>
        <when>2025-01-01T00:19:08.1019100Z</when>
        <gx:coord>11.648767 51.47056 968.596</gx:coord>
        <when>2025-01-01T00:19:11.4269100Z</when>
        <gx:coord>11.646547 51.470337 966.42706</gx:coord>
        <when>2025-01-01T00:19:16.4269100Z</when>
        <gx:coord>11.642847 51.470024 967.27356</gx:coord>
        <when>2025-01-01T00:19:21.4269100Z</when>
        <gx:coord>11.639167 51.469723 967.5739</gx:coord>
        <when>2025-01-01T00:19:26.4269100Z</when>
        <gx:coord>11.6354685 51.469368 960.8664</gx:coord>
        <when>2025-01-01T00:19:31.4269100Z</when>
        <gx:coord>11.631745 51.468998 964.03235</gx:coord>
        <when>2025-01-01T00:19:36.4979100Z</when>
        <gx:coord>11.628068 51.46865 965.946</gx:coord>
        <when>2025-01-01T00:19:40.0909100Z</when>
        <gx:coord>11.625107 51.468285 958.40656</gx:coord>
        <when>2025-01-01T00:19:41.4269100Z</when>
        <gx:coord>11.624363 51.468178 957.73737</gx:coord>
        <when>2025-01-01T00:19:44.0959100Z</when>
        <gx:coord>11.622145 51.46782 958.5356</gx:coord>
        <when>2025-01-01T00:19:46.4269100Z</when>
        <gx:coord>11.620685 51.46756 962.12317</gx:coord>
        <when>2025-01-01T00:19:51.0849100Z</when>
        <gx:coord>11.617808 51.46697 962.1065</gx:coord>
        <when>2025-01-01T00:19:51.4269100Z</when>
        <gx:coord>11.617094 51.466805 961.7298</gx:coord>
        <when>2025-01-01T00:19:56.4269100Z</when>
        <gx:coord>11.61353 51.465923 960.2355</gx:coord>
        <when>2025-01-01T00:20:01.4269100Z</when>
        <gx:coord>11.609985 51.46502 964.088</gx:coord>
        <when>2025-01-01T00:20:06.4269100Z</when>
        <gx:coord>11.606492 51.464058 964.8303</gx:coord>
        <when>2025-01-01T00:20:11.4419100Z</when>
        <gx:coord>11.603079 51.463078 975.95544</gx:coord>
        <when>2025-01-01T00:20:16.4269100Z</when>
        <gx:coord>11.599808 51.46202 987.25757</gx:coord>
        <when>2025-01-01T00:20:17.0919100Z</when>
        <gx:coord>11.599169 51.461807 989.68555</gx:coord>
        <when>2025-01-01T00:20:20.0979100Z</when>
        <gx:coord>11.597275 51.46116 994.73334</gx:coord>
        <when>2025-01-01T00:20:21.4359100Z</when>
        <gx:coord>11.596649 51.460945 1000.8198</gx:coord>
        <when>2025-01-01T00:20:26.4269100Z</when>
        <gx:coord>11.59354 51.459938 1016.48004</gx:coord>
        <when>2025-01-01T00:20:28.0909100Z</when>
        <gx:coord>11.592306 51.45955 1022.2408</gx:coord>
        <when>2025-01-01T00:20:31.4259100Z</when>
        <gx:coord>11.59046 51.45898 1028.516</gx:coord>
        <when>2025-01-01T00:20:36.4779100Z</when>
        <gx:coord>11.587316 51.458065 1029.3076</gx:coord>
        <when>2025-01-01T00:20:41.4259100Z</when>
        <gx:coord>11.584009 51.45731 1027.7809</gx:coord>
        <when>2025-01-01T00:20:46.4259100Z</when>
        <gx:coord>11.580617 51.45668 1032.2217</gx:coord>
        <when>2025-01-01T00:20:51.4259100Z</when>
        <gx:coord>11.577258 51.456097 1042.8251</gx:coord>
        <when>2025-01-01T00:20:53.0909100Z</when>
        <gx:coord>11.576594 51.45599 1045.1853</gx:coord>
        <when>2025-01-01T00:20:55.0899100Z</when>
        <gx:coord>11.574623 51.45568 1052.8948</gx:coord>
        <when>2025-01-01T00:20:56.4259100Z</when>
        <gx:coord>11.573973 51.455585 1055.2789</gx:coord>
        <when>2025-01-01T00:20:59.0979100Z</when>
        <gx:coord>11.572032 51.455315 1059.5079</gx:coord>
        <when>2025-01-01T00:21:01.4389100Z</when>
        <gx:coord>11.570744 51.455135 1064.2648</gx:coord>
        <when>2025-01-01T00:21:06.4259100Z</when>
        <gx:coord>11.567517 51.45471 1069.8964</gx:coord>
        <when>2025-01-01T00:21:09.0849100Z</when>
        <gx:coord>11.566216 51.454556 1071.0074</gx:coord>
        <when>2025-01-01T00:21:11.4279100Z</when>
        <gx:coord>11.564249 51.45436 1071.9362</gx:coord>
        <when>2025-01-01T00:21:16.4259100Z</when>
        <gx:coord>11.560931 51.454144 1074.7527</gx:coord>
        <when>2025-01-01T00:21:21.1019100Z</when>
        <gx:coord>11.557629 51.45397 1084.302</gx:coord>
        <when>2025-01-01T00:21:21.4379100Z</when>
        <gx:coord>11.557629 51.45397 1084.302</gx:coord>
        <when>2025-01-01T00:21:26.4259100Z</when>
        <gx:coord>11.554389 51.453842 1096.1737</gx:coord>
        <when>2025-01-01T00:21:31.4259100Z</when>
        <gx:coord>11.551192 51.453766 1105.8896</gx:coord>
        <when>2025-01-01T00:21:36.4429100Z</when>
        <gx:coord>11.547988 51.453716 1111.7032</gx:coord>
        <when>2025-01-01T00:21:39.0949100Z</when>
        <gx:coord>11.54605 51.453674 1116.5339</gx:coord>
        <when>2025-01-01T00:21:40.0909100Z</when>
        <gx:coord>11.545405 51.453655 1116.5339</gx:coord>
        <when>2025-01-01T00:21:41.4259100Z</when>
        <gx:coord>11.544763 51.45363 1121.5233</gx:coord>
        <when>2025-01-01T00:21:46.4259100Z</when>
        <gx:coord>11.541585 51.45343 1136.9977</gx:coord>
        <when>2025-01-01T00:21:50.0939100Z</when>
        <gx:coord>11.539084 51.45324 1148.0975</gx:coord>
        <when>2025-01-01T00:21:51.4259100Z</when>
        <gx:coord>11.538463 51.453186 1150.987</gx:coord>
        <when>2025-01-01T00:21:56.4259100Z</when>
        <gx:coord>11.53538 51.452885 1165.559</gx:coord>
        <when>2025-01-01T00:22:01.4259100Z</when>
        <gx:coord>11.532303 51.452545 1174.8209</gx:coord>
        <when>2025-01-01T00:22:06.4259100Z</when>
        <gx:coord>11.529159 51.452217 1178.3484</gx:coord>
        <when>2025-01-01T00:22:07.0909100Z</when>
        <gx:coord>11.528517 51.452164 1178.6847</gx:coord>
        <when>2025-01-01T00:22:11.4259100Z</when>
        <gx:coord>11.525918 51.452015 1180.6833</gx:coord>
        <when>2025-01-01T00:22:16.4349100Z</when>
        <gx:coord>11.522612 51.451862 1184.9845</gx:coord>
        <when>2025-01-01T00:22:21.4259100Z</when>
        <gx:coord>11.519314 51.451633 1196.7864</gx:coord>
        <when>2025-01-01T00:22:22.0979100Z</when>
        <gx:coord>11.518662 51.451588 1196.7864</gx:coord>
        <when>2025-01-01T00:22:26.0909100Z</when>
        <gx:coord>11.516095 51.45147 1210.8949</gx:coord>
        <when>2025-01-01T00:22:26.4249100Z</when>
        <gx:coord>11.516095 51.45147 1210.8949</gx:coord>
        <when>2025-01-01T00:22:31.0909100Z</when>
        <gx:coord>11.513574 51.45145 1219.847</gx:coord>
        <when>2025-01-01T00:22:31.4369100Z</when>
        <gx:coord>11.512947 51.451454 1221.4199</gx:coord>
        <when>2025-01-01T00:22:36.4879100Z</when>
        <gx:coord>11.509804 51.451523 1226.1154</gx:coord>
        <when>2025-01-01T00:22:41.4249100Z</when>
        <gx:coord>11.50663 51.4516 1231.9955</gx:coord>
        <when>2025-01-01T00:22:46.4249100Z</when>
        <gx:coord>11.503461 51.451706 1239.7203</gx:coord>
        <when>2025-01-01T00:22:48.0869100Z</when>
        <gx:coord>11.502191 51.451748 1241.8707</gx:coord>
        <when>2025-01-01T00:22:51.4299100Z</when>
        <gx:coord>11.500271 51.451786 1245.1615</gx:coord>
        <when>2025-01-01T00:22:56.4249100Z</when>
        <gx:coord>11.497055 51.45179 1252.7137</gx:coord>
        <when>2025-01-01T00:23:01.4249100Z</when>
        <gx:coord>11.493837 51.451805 1259.4906</gx:coord>
        <when>2025-01-01T00:23:04.0909100Z</when>
        <gx:coord>11.491902 51.451817 1262.3331</gx:coord>
        <when>2025-01-01T00:23:06.4249100Z</when>
        <gx:coord>11.490615 51.451817 1268.4431</gx:coord>
        <when>2025-01-01T00:23:08.0889100Z</when>
        <gx:coord>11.489335 51.45182 1273.676</gx:coord>
        <when>2025-01-01T00:23:11.4249100Z</when>
        <gx:coord>11.487434 51.45181 1282.4484</gx:coord>
        <when>2025-01-01T00:23:16.4249100Z</when>
        <gx:coord>11.484299 51.451744 1294.924</gx:coord>
        <when>2025-01-01T00:23:21.0889100Z</when>
        <gx:coord>11.481159 51.451622 1305.1288</gx:coord>
        <when>2025-01-01T00:23:21.4249100Z</when>
        <gx:coord>11.481159 51.451622 1305.1288</gx:coord>
        <when>2025-01-01T00:23:26.4349100Z</when>
        <gx:coord>11.478012 51.45153 1315.3948</gx:coord>
        <when>2025-01-01T00:23:31.4249100Z</when>
        <gx:coord>11.474886 51.451565 1327.5284</gx:coord>
        <when>2025-01-01T00:23:35.0899100Z</when>
        <gx:coord>11.472406 51.45164 1337.3672</gx:coord>
        <when>2025-01-01T00:23:36.4739100Z</when>
        <gx:coord>11.471788 51.451664 1339.7327</gx:coord>
        <when>2025-01-01T00:23:41.4249100Z</when>
        <gx:coord>11.4686985 51.451786 1349.6696</gx:coord>
        <when>2025-01-01T00:23:46.4249100Z</when>
        <gx:coord>11.465572 51.45193 1354.6204</gx:coord>
        <when>2025-01-01T00:23:47.0989100Z</when>
        <gx:coord>11.464943 51.45197 1354.6204</gx:coord>
        <when>2025-01-01T00:23:51.4249100Z</when>
        <gx:coord>11.4624 51.452126 1357.1796</gx:coord>
        <when>2025-01-01T00:23:58.0809100Z</when>
        <gx:coord>11.457902 51.452465 1370.308</gx:coord>
        <when>2025-01-01T00:24:13.5069100Z</when>
        <gx:coord>11.448514 51.45307 1397.6302</gx:coord>
        <when>2025-01-01T00:24:18.5079100Z</when>
        <gx:coord>11.445241 51.453266 1396.267</gx:coord>
        <when>2025-01-01T00:24:22.1029100Z</when>
        <gx:coord>11.442585 51.45347 1402.42</gx:coord>
        <when>2025-01-01T00:24:23.5079100Z</when>
        <gx:coord>11.441927 51.453526 1404.4884</gx:coord>
        <when>2025-01-01T00:24:27.0939100Z</when>
        <gx:coord>11.439982 51.45374 1412.6733</gx:coord>
        <when>2025-01-01T00:24:28.1019100Z</when>
        <gx:coord>11.439345 51.453815 1416.0933</gx:coord>
        <when>2025-01-01T00:24:28.5079100Z</when>
        <gx:coord>11.438718 51.453903 1420.073</gx:coord>
        <when>2025-01-01T00:24:29.1039100Z</when>
        <gx:coord>11.438096 51.453987 1420.073</gx:coord>
        <when>2025-01-01T00:24:32.0909100Z</when>
        <gx:coord>11.436278 51.454266 1435.6991</gx:coord>
        <when>2025-01-01T00:24:33.5139100Z</when>
        <gx:coord>11.435681 51.454365 1438.7369</gx:coord>
        <when>2025-01-01T00:24:38.5079100Z</when>
        <gx:coord>11.432746 51.45489 1451.6396</gx:coord>
        <when>2025-01-01T00:24:39.0929100Z</when>
        <gx:coord>11.432746 51.45489 1451.6396</gx:coord>
        <when>2025-01-01T00:24:43.5069100Z</when>
        <gx:coord>11.42983 51.455444 1459.897</gx:coord>
        <when>2025-01-01T00:24:46.0909100Z</when>
        <gx:coord>11.428075 51.455788 1466.2861</gx:coord>
        <when>2025-01-01T00:24:48.5079100Z</when>
        <gx:coord>11.42692 51.456028 1471.9755</gx:coord>
        <when>2025-01-01T00:24:52.0939100Z</when>
        <gx:coord>11.425221 51.45641 1481.504</gx:coord>
        <when>2025-01-01T00:24:53.5079100Z</when>
        <gx:coord>11.42411 51.45668 1487.6293</gx:coord>
        <when>2025-01-01T00:24:58.0929100Z</when>
        <gx:coord>11.42136 51.457397 1496.8911</gx:coord>
        <when>2025-01-01T00:24:58.5079100Z</when>
        <gx:coord>11.42136 51.457397 1496.8911</gx:coord>
        <when>2025-01-01T00:25:03.5079100Z</when>
        <gx:coord>11.418609 51.458138 1507.7223</gx:coord>
        <when>2025-01-01T00:25:08.5079100Z</when>
        <gx:coord>11.415919 51.458942 1520.0686</gx:coord>
        <when>2025-01-01T00:25:12.0969100Z</when>
        <gx:coord>11.413783 51.459602 1528.185</gx:coord>
        <when>2025-01-01T00:25:13.5799100Z</when>
        <gx:coord>11.413248 51.459766 1530.1967</gx:coord>
        <when>2025-01-01T00:25:14.0959100Z</when>
        <gx:coord>11.412715 51.459934 1530.1967</gx:coord>
        <when>2025-01-01T00:25:18.5079100Z</when>
        <gx:coord>11.41059 51.460632 1539.3918</gx:coord>
        <when>2025-01-01T00:25:23.5079100Z</when>
        <gx:coord>11.40798 51.461548 1552.4117</gx:coord>
        <when>2025-01-01T00:25:26.0889100Z</when>
        <gx:coord>11.4064455 51.462112 1560.6606</gx:coord>
        <when>2025-01-01T00:25:27.0889100Z</when>
        <gx:coord>11.4064455 51.462112 1560.6606</gx:coord>
        <when>2025-01-01T00:25:28.5079100Z</when>
        <gx:coord>11.405432 51.46249 1565.774</gx:coord>
        <when>2025-01-01T00:25:33.5069100Z</when>
        <gx:coord>11.40293 51.463463 1578.2988</gx:coord>
        <when>2025-01-01T00:25:38.5069100Z</when>
        <gx:coord>11.400448 51.464455 1590.2218</gx:coord>
        <when>2025-01-01T00:25:39.0919100Z</when>
        <gx:coord>11.399952 51.464653 1592.5625</gx:coord>
        <when>2025-01-01T00:25:43.5069100Z</when>
        <gx:coord>11.397974 51.465458 1601.8477</gx:coord>
        <when>2025-01-01T00:25:48.5069100Z</when>
        <gx:coord>11.395551 51.4665 1615.1808</gx:coord>
        <when>2025-01-01T00:25:53.0889100Z</when>
        <gx:coord>11.393123 51.467552 1623.7012</gx:coord>
        <when>2025-01-01T00:25:53.5069100Z</when>
        <gx:coord>11.393123 51.467552 1623.7012</gx:coord>
        <when>2025-01-01T00:25:58.5069100Z</when>
        <gx:coord>11.390586 51.468544 1631.3464</gx:coord>
        <when>2025-01-01T00:26:00.0939100Z</when>
        <gx:coord>11.389553 51.468937 1633.06</gx:coord>
        <when>2025-01-01T00:26:03.5069100Z</when>
        <gx:coord>11.387998 51.469524 1640.172</gx:coord>
        <when>2025-01-01T00:26:08.5069100Z</when>
        <gx:coord>11.385419 51.470543 1649.9839</gx:coord>
        <when>2025-01-01T00:26:11.0929100Z</when>
        <gx:coord>11.383885 51.471172 1655.4824</gx:coord>
        <when>2025-01-01T00:26:13.5539100Z</when>
        <gx:coord>11.382866 51.4716 1659.24</gx:coord>
        <when>2025-01-01T00:26:18.5069100Z</when>
        <gx:coord>11.38033 51.47269 1668.7542</gx:coord>
        <when>2025-01-01T00:26:23.5069100Z</when>
        <gx:coord>11.377773 51.47377 1678.1143</gx:coord>
        <when>2025-01-01T00:26:27.0939100Z</when>
        <gx:coord>11.375656 51.47455 1686.8375</gx:coord>
        <when>2025-01-01T00:26:28.5069100Z</when>
        <gx:coord>11.375125 51.47474 1689.2316</gx:coord>
        <when>2025-01-01T00:26:33.5069100Z</when>
        <gx:coord>11.37249 51.475693 1703.2867</gx:coord>
        <when>2025-01-01T00:26:38.0939100Z</when>
        <gx:coord>11.369914 51.47664 1719.3754</gx:coord>
        <when>2025-01-01T00:26:38.5069100Z</when>
        <gx:coord>11.369914 51.47664 1719.3754</gx:coord>
        <when>2025-01-01T00:26:43.5069100Z</when>
        <gx:coord>11.36738 51.47759 1732.957</gx:coord>
        <when>2025-01-01T00:26:44.0969100Z</when>
        <gx:coord>11.366875 51.47778 1732.957</gx:coord>
        <when>2025-01-01T00:26:48.5069100Z</when>
        <gx:coord>11.364853 51.47855 1743.4248</gx:coord>
        <when>2025-01-01T00:26:52.0939100Z</when>
        <gx:coord>11.362806 51.4793 1752.1122</gx:coord>
        <when>2025-01-01T00:26:53.5069100Z</when>
        <gx:coord>11.362293 51.47949 1754.4215</gx:coord>
        <when>2025-01-01T00:26:58.5069100Z</when>
        <gx:coord>11.359728 51.480415 1765.7246</gx:coord>
        <when>2025-01-01T00:27:03.5069100Z</when>
        <gx:coord>11.357133 51.48132 1775.1707</gx:coord>
        <when>2025-01-01T00:27:08.5069100Z</when>
        <gx:coord>11.354493 51.482227 1781.7772</gx:coord>
        <when>2025-01-01T00:27:09.0899100Z</when>
        <gx:coord>11.353958 51.48241 1782.9033</gx:coord>
        <when>2025-01-01T00:27:13.5569100Z</when>
        <gx:coord>11.351792 51.483143 1787.488</gx:coord>
        <when>2025-01-01T00:27:18.5099100Z</when>
        <gx:coord>11.349012 51.484024 1794.5781</gx:coord>
        <when>2025-01-01T00:27:23.5069100Z</when>
        <gx:coord>11.346171 51.48487 1802.5011</gx:coord>
        <when>2025-01-01T00:27:28.0939100Z</when>
        <gx:coord>11.343345 51.48574 1811.0762</gx:coord>
        <when>2025-01-01T00:27:28.5069100Z</when>
        <gx:coord>11.343345 51.48574 1813.36</gx:coord>
        <when>2025-01-01T00:27:29.0909100Z</when>
        <gx:coord>11.342791 51.485924 1815.6976</gx:coord>
        <when>2025-01-01T00:27:33.5069100Z</when>
        <gx:coord>11.340599 51.486683 1825.7592</gx:coord>
        <when>2025-01-01T00:27:38.5069100Z</when>
        <gx:coord>11.337885 51.487648 1835.332</gx:coord>
        <when>2025-01-01T00:27:43.5089100Z</when>
        <gx:coord>11.335166 51.488667 1841.3645</gx:coord>
        <when>2025-01-01T00:27:47.1019100Z</when>
        <gx:coord>11.332954 51.4895 1846.4719</gx:coord>
        <when>2025-01-01T00:27:48.5069100Z</when>
        <gx:coord>11.332397 51.489708 1847.9169</gx:coord>
        <when>2025-01-01T00:27:53.5069100Z</when>
        <gx:coord>11.329606 51.490765 1856.4236</gx:coord>
        <when>2025-01-01T00:27:58.5069100Z</when>
        <gx:coord>11.326783 51.491795 1866.2949</gx:coord>
        <when>2025-01-01T00:28:03.0909100Z</when>
        <gx:coord>11.323923 51.492764 1878.1165</gx:coord>
        <when>2025-01-01T00:28:03.5069100Z</when>
        <gx:coord>11.323923 51.492764 1878.1165</gx:coord>
        <when>2025-01-01T00:28:08.5069100Z</when>
        <gx:coord>11.321089 51.493706 1891.7935</gx:coord>
        <when>2025-01-01T00:28:10.1019100Z</when>
        <gx:coord>11.31996 51.49408 1894.245</gx:coord>
        <when>2025-01-01T00:28:13.5539100Z</when>
        <gx:coord>11.318263 51.494625 1902.9651</gx:coord>
        <when>2025-01-01T00:28:16.0909100Z</when>
        <gx:coord>11.316566 51.495167 1910.2799</gx:coord>
        <when>2025-01-01T00:28:30.0849100Z</when>
        <gx:coord>11.308702 51.49765 1941.7074</gx:coord>
        <when>2025-01-01T00:28:33.0909100Z</when>
        <gx:coord>11.307534 51.49795 1945.314</gx:coord>
        <when>2025-01-01T00:28:36.7019100Z</when>
        <gx:coord>11.30513 51.49846 1954.1794</gx:coord>
        <when>2025-01-01T00:28:41.7029100Z</when>
        <gx:coord>11.302057 51.49892 1966.7643</gx:coord>
        <when>2025-01-01T00:28:45.0929100Z</when>
        <gx:coord>11.299573 51.499233 1973.0198</gx:coord>
        <when>2025-01-01T00:28:46.7029100Z</when>
        <gx:coord>11.298946 51.499317 1974.1764</gx:coord>
        <when>2025-01-01T00:28:51.7029100Z</when>
        <gx:coord>11.295807 51.49978 1981.8384</gx:coord>
        <when>2025-01-01T00:28:53.1029100Z</when>
        <gx:coord>11.294553 51.499977 1983.906</gx:coord>
        <when>2025-01-01T00:28:56.7089100Z</when>
        <gx:coord>11.292668 51.500286 1990.7765</gx:coord>
        <when>2025-01-01T00:29:01.7029100Z</when>
        <gx:coord>11.289512 51.500824 1998.8043</gx:coord>
        <when>2025-01-01T00:29:05.0949100Z</when>
        <gx:coord>11.286956 51.50125 2005.3593</gx:coord>
        <when>2025-01-01T00:29:06.7109100Z</when>
        <gx:coord>11.286316 51.501358 2007.1571</gx:coord>
        <when>2025-01-01T00:29:11.7029100Z</when>
        <gx:coord>11.283106 51.501884 2015.9666</gx:coord>
        <when>2025-01-01T00:29:16.7019100Z</when>
        <gx:coord>11.279894 51.502453 2023.8287</gx:coord>
        <when>2025-01-01T00:29:21.0909100Z</when>
        <gx:coord>11.277358 51.503036 2027.0796</gx:coord>
        <when>2025-01-01T00:29:21.7029100Z</when>
        <gx:coord>11.276724 51.503197 2027.8114</gx:coord>
        <when>2025-01-01T00:29:26.7019100Z</when>
        <gx:coord>11.273586 51.504066 2035.2169</gx:coord>
        <when>2025-01-01T00:29:27.0879100Z</when>
        <gx:coord>11.27296 51.50425 2036.2839</gx:coord>
        <when>2025-01-01T00:29:31.7029100Z</when>
        <gx:coord>11.270419 51.504986 2036.2096</gx:coord>
        <when>2025-01-01T00:29:33.0929100Z</when>
        <gx:coord>11.269137 51.50537 2036.8953</gx:coord>
        <when>2025-01-01T00:29:36.7719100Z</when>
        <gx:coord>11.267208 51.505966 2039.4137</gx:coord>
        <when>2025-01-01T00:29:41.7029100Z</when>
        <gx:coord>11.263988 51.506992 2044.516</gx:coord>
        <when>2025-01-01T00:29:46.7029100Z</when>
        <gx:coord>11.260811 51.508083 2051.9685</gx:coord>
        <when>2025-01-01T00:29:51.7019100Z</when>
        <gx:coord>11.25767 51.50919 2062.1272</gx:coord>
        <when>2025-01-01T00:29:56.0889100Z</when>
        <gx:coord>11.255166 51.51009 2064.7866</gx:coord>
        <when>2025-01-01T00:29:56.7019100Z</when>
        <gx:coord>11.254542 51.510323 2065.2886</gx:coord>
        <when>2025-01-01T00:30:01.7019100Z</when>
        <gx:coord>11.2514 51.51153 2063.9805</gx:coord>
        <when>2025-01-01T00:30:05.0879100Z</when>
        <gx:coord>11.249484 51.51227 2063.1375</gx:coord>
        <when>2025-01-01T00:30:06.7019100Z</when>
        <gx:coord>11.24818 51.512768 2059.6396</gx:coord>
        <when>2025-01-01T00:30:10.0969100Z</when>
        <gx:coord>11.245496 51.51375 2054.8323</gx:coord>
        <when>2025-01-01T00:30:11.7099100Z</when>
        <gx:coord>11.244815 51.513996 2052.9565</gx:coord>
        <when>2025-01-01T00:30:16.7019100Z</when>
        <gx:coord>11.241365 51.515224 2049.532</gx:coord>
        <when>2025-01-01T00:30:21.7019100Z</when>
        <gx:coord>11.237841 51.51641 2049.1016</gx:coord>
        <when>2025-01-01T00:30:26.7019100Z</when>
        <gx:coord>11.234363 51.517647 2051.1865</gx:coord>
        <when>2025-01-01T00:30:31.7019100Z</when>
        <gx:coord>11.230921 51.5189 2055.807</gx:coord>
        <when>2025-01-01T00:30:36.7409100Z</when>
        <gx:coord>11.2274885 51.52013 2058.9866</gx:coord>
        <when>2025-01-01T00:30:41.7019100Z</when>
        <gx:coord>11.224023 51.52134 2058.0583</gx:coord>
        <when>2025-01-01T00:30:44.0859100Z</when>
        <gx:coord>11.2219305 51.52206 2058.1226</gx:coord>
        <when>2025-01-01T00:31:18.0949100Z</when>
        <gx:coord>11.199246 51.53144 2057.514</gx:coord>
        <when>2025-01-01T00:31:29.2399100Z</when>
        <gx:coord>11.1918955 51.534767 2043.698</gx:coord>
        <when>2025-01-01T00:31:34.2409100Z</when>
        <gx:coord>11.188517 51.536278 2043.9279</gx:coord>
        <when>2025-01-01T00:31:39.2409100Z</when>
        <gx:coord>11.185123 51.537743 2044.1765</gx:coord>
        <when>2025-01-01T00:31:44.2409100Z</when>
        <gx:coord>11.181698 51.539165 2042.5193</gx:coord>
        <when>2025-01-01T00:31:49.2409100Z</when>
        <gx:coord>11.178205 51.540504 2042.9841</gx:coord>
        <when>2025-01-01T00:31:51.1019100Z</when>
        <gx:coord>11.176786 51.541 2043.4772</gx:coord>
        <when>2025-01-01T00:31:54.2409100Z</when>
        <gx:coord>11.174659 51.54173 2044.722</gx:coord>
        <when>2025-01-01T00:31:59.2409100Z</when>
        <gx:coord>11.171144 51.542953 2044.1398</gx:coord>
        <when>2025-01-01T00:32:04.2409100Z</when>
        <gx:coord>11.167589 51.54415 2041.4623</gx:coord>
        <when>2025-01-01T00:32:09.2409100Z</when>
        <gx:coord>11.164052 51.545353 2042.5027</gx:coord>
        <when>2025-01-01T00:32:14.2409100Z</when>
        <gx:coord>11.160601 51.546597 2046.376</gx:coord>
        <when>2025-01-01T00:32:19.2409100Z</when>
        <gx:coord>11.157171 51.547794 2051.5403</gx:coord>
        <when>2025-01-01T00:32:24.2409100Z</when>
        <gx:coord>11.153713 51.548866 2058.5486</gx:coord>
        <when>2025-01-01T00:32:25.1039100Z</when>
        <gx:coord>11.153022 51.549076 2058.5486</gx:coord>
        <when>2025-01-01T00:32:29.2789100Z</when>
        <gx:coord>11.150261 51.549896 2061.3228</gx:coord>
        <when>2025-01-01T00:32:34.2409100Z</when>
        <gx:coord>11.146741 51.550877 2058.125</gx:coord>
        <when>2025-01-01T00:32:39.2409100Z</when>
        <gx:coord>11.143118 51.5518 2055.006</gx:coord>
        <when>2025-01-01T00:32:44.2409100Z</when>
        <gx:coord>11.139428 51.55266 2053.819</gx:coord>
        <when>2025-01-01T00:32:49.2409100Z</when>
        <gx:coord>11.135739 51.55354 2054.78</gx:coord>
        <when>2025-01-01T00:32:54.2409100Z</when>
        <gx:coord>11.13212 51.554485 2058.766</gx:coord>
        <when>2025-01-01T00:32:59.2519100Z</when>
        <gx:coord>11.128565 51.555477 2061.6355</gx:coord>
        <when>2025-01-01T00:33:00.0929100Z</when>
        <gx:coord>11.127852 51.55567 2061.6355</gx:coord>
        <when>2025-01-01T00:33:04.2739100Z</when>
        <gx:coord>11.125014 51.556477 2060.4043</gx:coord>
        <when>2025-01-01T00:33:09.2709100Z</when>
        <gx:coord>11.121497 51.5576 2054.8972</gx:coord>
        <when>2025-01-01T00:33:14.2719100Z</when>
        <gx:coord>11.118026 51.558804 2055.3474</gx:coord>
        <when>2025-01-01T00:33:19.2409100Z</when>
        <gx:coord>11.114608 51.56002 2059.107</gx:coord>
        <when>2025-01-01T00:33:24.2409100Z</when>
        <gx:coord>11.111204 51.561234 2059.811</gx:coord>
        <when>2025-01-01T00:33:29.2759100Z</when>
        <gx:coord>11.10779 51.56245 2059.5042</gx:coord>
        <when>2025-01-01T00:33:34.0949100Z</when>
        <gx:coord>11.104419 51.563713 2059.0967</gx:coord>
        <when>2025-01-01T00:33:51.0829100Z</when>
        <gx:coord>11.094018 51.568108 2060.0066</gx:coord>
        <when>2025-01-01T00:34:09.0879100Z</when>
        <gx:coord>11.083826 51.575016 2053.3254</gx:coord>
        <when>2025-01-01T00:34:13.5139100Z</when>
        <gx:coord>11.081634 51.576447 2053.107</gx:coord>
        <when>2025-01-01T00:34:18.5149100Z</when>
        <gx:coord>11.078782 51.57818 2047.8584</gx:coord>
        <when>2025-01-01T00:34:23.5139100Z</when>
        <gx:coord>11.075804 51.579865 2042.5273</gx:coord>
        <when>2025-01-01T00:34:28.5149100Z</when>
        <gx:coord>11.072662 51.581432 2041.2733</gx:coord>
        <when>2025-01-01T00:34:33.5139100Z</when>
        <gx:coord>11.069405 51.58288 2041.2029</gx:coord>
        <when>2025-01-01T00:34:38.5139100Z</when>
        <gx:coord>11.0660925 51.58426 2040.9323</gx:coord>
        <when>2025-01-01T00:34:40.0859100Z</when>
        <gx:coord>11.065414 51.58452 2040.8414</gx:coord>
        <when>2025-01-01T00:34:43.1009100Z</when>
        <gx:coord>11.062664 51.585506 2040.4679</gx:coord>
        <when>2025-01-01T00:34:43.5139100Z</when>
        <gx:coord>11.062664 51.585506 2040.5901</gx:coord>
        <when>2025-01-01T00:35:09.4009100Z</when>
        <gx:coord>11.045559 51.592365 2060.8118</gx:coord>
        <when>2025-01-01T00:35:14.4019100Z</when>
        <gx:coord>11.042331 51.59379 2059.658</gx:coord>
        <when>2025-01-01T00:35:18.0999100Z</when>
        <gx:coord>11.039656 51.59489 2055.4207</gx:coord>
        <when>2025-01-01T00:35:19.4029100Z</when>
        <gx:coord>11.038968 51.59516 2051.7668</gx:coord>
        <when>2025-01-01T00:35:24.4029100Z</when>
        <gx:coord>11.03548 51.596516 2044.4681</gx:coord>
        <when>2025-01-01T00:35:29.4019100Z</when>
        <gx:coord>11.031997 51.597904 2042.2252</gx:coord>
        <when>2025-01-01T00:35:34.4019100Z</when>
        <gx:coord>11.0285225 51.59926 2043.6876</gx:coord>
        <when>2025-01-01T00:35:39.4019100Z</when>
        <gx:coord>11.025115 51.600624 2044.3899</gx:coord>
        <when>2025-01-01T00:35:44.4029100Z</when>
        <gx:coord>11.021815 51.602074 2042.1066</gx:coord>
        <when>2025-01-01T00:35:49.4029100Z</when>
        <gx:coord>11.018429 51.603485 2035.3442</gx:coord>
        <when>2025-01-01T00:35:51.0869100Z</when>
        <gx:coord>11.017022 51.604004 2033.0806</gx:coord>
        <when>2025-01-01T00:35:54.4029100Z</when>
        <gx:coord>11.014884 51.604774 2030.1406</gx:coord>
        <when>2025-01-01T00:36:25.0969100Z</when>
        <gx:coord>10.994064 51.613316 2035.8553</gx:coord>
        <when>2025-01-01T00:36:59.0949100Z</when>
        <gx:coord>10.971399 51.62267 2025.5435</gx:coord>
        <when>2025-01-01T00:37:21.0749100Z</when>
        <gx:coord>10.956999 51.62856 2026.2125</gx:coord>
        <when>2025-01-01T00:37:26.0759100Z</when>
        <gx:coord>10.953357 51.62973 2025.8086</gx:coord>
        <when>2025-01-01T00:37:31.0759100Z</when>
        <gx:coord>10.949655 51.630867 2022.9542</gx:coord>
        <when>2025-01-01T00:37:32.0959100Z</when>
        <gx:coord>10.94818 51.631348 2022.1011</gx:coord>
        <when>2025-01-01T00:37:34.0849100Z</when>
        <gx:coord>10.947445 51.63159 2020.0907</gx:coord>
        <when>2025-01-01T00:37:36.0759100Z</when>
        <gx:coord>10.945982 51.6321 2019.5382</gx:coord>
        <when>2025-01-01T00:37:41.0759100Z</when>
        <gx:coord>10.942376 51.633442 2018.6971</gx:coord>
        <when>2025-01-01T00:37:46.0759100Z</when>
        <gx:coord>10.938798 51.63481 2020.1448</gx:coord>
        <when>2025-01-01T00:37:51.0759100Z</when>
        <gx:coord>10.935225 51.636158 2022.993</gx:coord>
        <when>2025-01-01T00:37:56.0759100Z</when>
        <gx:coord>10.931672 51.63747 2028.5646</gx:coord>
        <when>2025-01-01T00:38:01.0759100Z</when>
        <gx:coord>10.928144 51.638763 2032.0991</gx:coord>
        <when>2025-01-01T00:38:05.0969100Z</when>
        <gx:coord>10.924599 51.640026 2033.7213</gx:coord>
        <when>2025-01-01T00:38:06.0759100Z</when>
        <gx:coord>10.924599 51.640026 2034.0172</gx:coord>
        <when>2025-01-01T00:38:11.0759100Z</when>
        <gx:coord>10.921006 51.641224 2036.5635</gx:coord>
        <when>2025-01-01T00:38:16.0759100Z</when>
        <gx:coord>10.917449 51.642433 2040.9843</gx:coord>
        <when>2025-01-01T00:38:21.1159100Z</when>
        <gx:coord>10.913893 51.64362 2044.468</gx:coord>
        <when>2025-01-01T00:38:26.0759100Z</when>
        <gx:coord>10.910305 51.64475 2049.6</gx:coord>
        <when>2025-01-01T00:38:31.0759100Z</when>
        <gx:coord>10.906698 51.645844 2053.9463</gx:coord>
        <when>2025-01-01T00:38:36.0759100Z</when>
        <gx:coord>10.9030695 51.646904 2057.934</gx:coord>
        <when>2025-01-01T00:38:39.0949100Z</when>
        <gx:coord>10.900168 51.64775 2060.1838</gx:coord>
        <when>2025-01-01T00:38:41.0749100Z</when>
        <gx:coord>10.899446 51.647964 2061.6812</gx:coord>
        <when>2025-01-01T00:38:46.0749100Z</when>
        <gx:coord>10.895811 51.649017 2063.1465</gx:coord>
        <when>2025-01-01T00:38:51.0759100Z</when>
        <gx:coord>10.892137 51.65006 2064.202</gx:coord>
        <when>2025-01-01T00:38:55.0909100Z</when>
        <gx:coord>10.8884535 51.65109 2067.3706</gx:coord>
        <when>2025-01-01T00:38:56.0759100Z</when>
        <gx:coord>10.8884535 51.65109 2067.3706</gx:coord>
        <when>2025-01-01T00:39:01.0759100Z</when>
        <gx:coord>10.884818 51.652153 2071.3596</gx:coord>
        <when>2025-01-01T00:39:06.0759100Z</when>
        <gx:coord>10.88122 51.65325 2072.7278</gx:coord>
        <when>2025-01-01T00:39:11.0759100Z</when>
        <gx:coord>10.877641 51.654373 2074.9285</gx:coord>
        <when>2025-01-01T00:39:13.0939100Z</when>
        <gx:coord>10.875502 51.655045 2075.9998</gx:coord>
        <when>2025-01-01T00:39:16.0759100Z</when>
        <gx:coord>10.874075 51.65549 2077.507</gx:coord>
        <when>2025-01-01T00:39:21.1169100Z</when>
        <gx:coord>10.870516 51.65657 2082.3386</gx:coord>
        <when>2025-01-01T00:39:26.0749100Z</when>
        <gx:coord>10.866986 51.657635 2084.93</gx:coord>
        <when>2025-01-01T00:39:31.0759100Z</when>
        <gx:coord>10.863432 51.658703 2080.6177</gx:coord>
        <when>2025-01-01T00:39:36.0759100Z</when>
        <gx:coord>10.859871 51.65983 2077.4858</gx:coord>
        <when>2025-01-01T00:39:41.0749100Z</when>
        <gx:coord>10.856375 51.66106 2075.8364</gx:coord>
        <when>2025-01-01T00:39:46.0759100Z</when>
        <gx:coord>10.852939 51.66236 2077.2346</gx:coord>
        <when>2025-01-01T00:39:47.1009100Z</when>
        <gx:coord>10.85157 51.66288 2077.9019</gx:coord>
        <when>2025-01-01T00:39:51.0749100Z</when>
        <gx:coord>10.849525 51.663654 2081.307</gx:coord>
        <when>2025-01-01T00:39:56.0759100Z</when>
        <gx:coord>10.8461485 51.66496 2082.555</gx:coord>
        <when>2025-01-01T00:40:01.0749100Z</when>
        <gx:coord>10.842751 51.66626 2080.4363</gx:coord>
        <when>2025-01-01T00:40:06.0759100Z</when>
        <gx:coord>10.83928 51.66753 2075.8481</gx:coord>
        <when>2025-01-01T00:40:11.0759100Z</when>
        <gx:coord>10.835748 51.668766 2074.901</gx:coord>
        <when>2025-01-01T00:40:16.0759100Z</when>
        <gx:coord>10.832237 51.670017 2075.9456</gx:coord>
        <when>2025-01-01T00:40:21.1389100Z</when>
        <gx:coord>10.82871 51.671238 2075.491</gx:coord>
        <when>2025-01-01T00:40:21.1419100Z</when>
        <gx:coord>10.827996 51.671474 2075.491</gx:coord>
        <when>2025-01-01T00:40:26.0749100Z</when>
        <gx:coord>10.825091 51.672413 2065.486</gx:coord>
        <when>2025-01-01T00:40:31.0759100Z</when>
        <gx:coord>10.821422 51.67361 2058.7383</gx:coord>
        <when>2025-01-01T00:40:36.0759100Z</when>
        <gx:coord>10.817753 51.674847 2054.5938</gx:coord>
        <when>2025-01-01T00:40:41.0749100Z</when>
        <gx:coord>10.81412 51.676155 2048.5469</gx:coord>
        <when>2025-01-01T00:40:46.0759100Z</when>
        <gx:coord>10.810463 51.677452 2045.7334</gx:coord>
        <when>2025-01-01T00:40:51.0759100Z</when>
        <gx:coord>10.806791 51.67873 2043.3652</gx:coord>
        <when>2025-01-01T00:40:54.0979100Z</when>
        <gx:coord>10.80386 51.679752 2041.9713</gx:coord>
        <when>2025-01-01T00:40:56.0759100Z</when>
        <gx:coord>10.803133 51.680016 2041.9768</gx:coord>
        <when>2025-01-01T00:41:01.0749100Z</when>
        <gx:coord>10.799529 51.68134 2041.7662</gx:coord>
        <when>2025-01-01T00:41:06.0759100Z</when>
        <gx:coord>10.79597 51.68269 2041.6195</gx:coord>
        <when>2025-01-01T00:41:11.0759100Z</when>
        <gx:coord>10.79242 51.684036 2040.6921</gx:coord>
        <when>2025-01-01T00:41:16.0759100Z</when>
        <gx:coord>10.788819 51.68532 2037.2333</gx:coord>
        <when>2025-01-01T00:41:16.0879100Z</when>
        <gx:coord>10.788084 51.685562 2036.441</gx:coord>
        <when>2025-01-01T00:41:21.1129100Z</when>
        <gx:coord>10.785121 51.686512 2033.7008</gx:coord>
        <when>2025-01-01T00:41:26.0759100Z</when>
        <gx:coord>10.78137 51.687653 2032.4722</gx:coord>
        <when>2025-01-01T00:41:27.0989100Z</when>
        <gx:coord>10.779866 51.688095 2032.7078</gx:coord>
        <when>2025-01-01T00:41:41.0949100Z</when>
        <gx:coord>10.770122 51.690792 2039.1853</gx:coord>
        <when>2025-01-01T00:42:00.0969100Z</when>
        <gx:coord>10.754281 51.693653 2036.3871</gx:coord>
        <when>2025-01-01T00:42:29.0849100Z</when>
        <gx:coord>10.732691 51.698402 2029.6149</gx:coord>
        <when>2025-01-01T00:42:33.0979100Z</when>
        <gx:coord>10.729147 51.699722 2029.2842</gx:coord>
        <when>2025-01-01T00:42:48.0839100Z</when>
        <gx:coord>10.719879 51.70403 2025.7751</gx:coord>
        <when>2025-01-01T00:42:56.2629100Z</when>
        <gx:coord>10.714176 51.707108 2019.8915</gx:coord>
        <when>2025-01-01T00:43:01.2639100Z</when>
        <gx:coord>10.711024 51.708824 2021.055</gx:coord>
        <when>2025-01-01T00:43:06.0989100Z</when>
        <gx:coord>10.707904 51.710545 2020.7699</gx:coord>
        <when>2025-01-01T00:43:06.2639100Z</when>
        <gx:coord>10.707904 51.710545 2020.5757</gx:coord>
        <when>2025-01-01T00:43:11.2639100Z</when>
        <gx:coord>10.704813 51.712276 2018.8981</gx:coord>
        <when>2025-01-01T00:43:16.0889100Z</when>
        <gx:coord>10.702525 51.7138 2015.9093</gx:coord>
        <when>2025-01-01T00:43:16.2629100Z</when>
        <gx:coord>10.70199 51.714203 2014.8273</gx:coord>
        <when>2025-01-01T00:43:21.2639100Z</when>
        <gx:coord>10.699436 51.716316 2006.3828</gx:coord>
        <when>2025-01-01T00:43:22.0879100Z</when>
        <gx:coord>10.6989355 51.71675 2003.9979</gx:coord>
        <when>2025-01-01T00:43:26.2629100Z</when>
        <gx:coord>10.696941 51.718517 1997.7179</gx:coord>
        <when>2025-01-01T00:43:31.2639100Z</when>
        <gx:coord>10.694377 51.72069 1992.876</gx:coord>
        <when>2025-01-01T00:43:36.2629100Z</when>
        <gx:coord>10.691675 51.72278 1996.0701</gx:coord>
        <when>2025-01-01T00:43:38.0929100Z</when>
        <gx:coord>10.69058 51.723576 1997.9637</gx:coord>
        <when>2025-01-01T00:43:41.2639100Z</when>
        <gx:coord>10.688937 51.72476 1999.669</gx:coord>
        <when>2025-01-01T00:43:46.2639100Z</when>
        <gx:coord>10.685987 51.72661 1995.8022</gx:coord>
        <when>2025-01-01T00:43:51.2639100Z</when>
        <gx:coord>10.682859 51.72838 1985.0227</gx:coord>
        <when>2025-01-01T00:43:53.0829100Z</when>
        <gx:coord>10.682206 51.72872 1983.1711</gx:coord>
        <when>2025-01-01T00:44:10.0969100Z</when>
        <gx:coord>10.669914 51.734222 1998.3032</gx:coord>
        <when>2025-01-01T00:44:11.1039100Z</when>
        <gx:coord>10.6692505 51.734512 1999.784</gx:coord>
        <when>2025-01-01T00:44:42.0869100Z</when>
        <gx:coord>10.650603 51.744663 2001.022</gx:coord>
        <when>2025-01-01T00:44:43.1029100Z</when>
        <gx:coord>10.649541 51.74546 2001.1782</gx:coord>
        <when>2025-01-01T00:44:51.0909100Z</when>
        <gx:coord>10.645406 51.748005 1991.94</gx:coord>
        <when>2025-01-01T00:44:56.9959100Z</when>
        <gx:coord>10.641417 51.749912 1990.7153</gx:coord>
        <when>2025-01-01T00:45:01.9969100Z</when>
        <gx:coord>10.637974 51.751286 1998.7502</gx:coord>
        <when>2025-01-01T00:45:05.0899100Z</when>
        <gx:coord>10.635887 51.752052 2001.8113</gx:coord>
        <when>2025-01-01T00:45:17.0899100Z</when>
        <gx:coord>10.626591 51.7549 1999.7256</gx:coord>
        <when>2025-01-01T00:45:38.1949100Z</when>
        <gx:coord>10.611019 51.759247 1999.6251</gx:coord>
        <when>2025-01-01T00:45:49.0799100Z</when>
        <gx:coord>10.603718 51.7613 1996.6302</gx:coord>
        <when>2025-01-01T00:45:51.0939100Z</when>
        <gx:coord>10.60141 51.761734 1995.0063</gx:coord>
        <when>2025-01-01T00:45:58.6979100Z</when>
        <gx:coord>10.595957 51.762592 1991.9769</gx:coord>
        <when>2025-01-01T00:46:02.0859100Z</when>
        <gx:coord>10.593608 51.76288 1991.1614</gx:coord>
        <when>2025-01-01T00:46:03.6989100Z</when>
        <gx:coord>10.592017 51.762936 1991.855</gx:coord>
        <when>2025-01-01T00:46:05.0879100Z</when>
        <gx:coord>10.591219 51.762924 1992.28</gx:coord>
        <when>2025-01-01T00:46:08.0859100Z</when>
        <gx:coord>10.588863 51.76271 1993.3868</gx:coord>
        <when>2025-01-01T00:46:08.6989100Z</when>
        <gx:coord>10.588099 51.76258 1993.2809</gx:coord>
        <when>2025-01-01T00:46:11.1009100Z</when>
        <gx:coord>10.5866 51.76221 1991.4324</gx:coord>
        <when>2025-01-01T00:46:14.0779100Z</when>
        <gx:coord>10.58448 51.761425 1985.9817</gx:coord>
        <when>2025-01-01T00:46:14.3969100Z</when>
        <gx:coord>10.583808 51.76112 1984.3889</gx:coord>
        <when>2025-01-01T00:46:18.0919100Z</when>
        <gx:coord>10.5819435 51.76003 1979.2037</gx:coord>
        <when>2025-01-01T00:46:19.3979100Z</when>
        <gx:coord>10.580869 51.759186 1982.4281</gx:coord>
        <when>2025-01-01T00:46:22.0879100Z</when>
        <gx:coord>10.579939 51.758274 1987.7639</gx:coord>
        <when>2025-01-01T00:46:24.3979100Z</when>
        <gx:coord>10.578857 51.756794 1997.1741</gx:coord>
        <when>2025-01-01T00:46:26.0879100Z</when>
        <gx:coord>10.5785885 51.75628 2000.9899</gx:coord>
        <when>2025-01-01T00:46:29.0859100Z</when>
        <gx:coord>10.578111 51.754665 2010.28</gx:coord>
        <when>2025-01-01T00:46:29.3979100Z</when>
        <gx:coord>10.57807 51.754112 2012.152</gx:coord>
        <when>2025-01-01T00:46:31.0929100Z</when>
        <gx:coord>10.578147 51.752987 2013.4419</gx:coord>
        <when>2025-01-01T00:46:33.0899100Z</when>
        <gx:coord>10.578216 51.752422 2016.2911</gx:coord>
        <when>2025-01-01T00:46:34.3979100Z</when>
        <gx:coord>10.578398 51.751286 2017.495</gx:coord>
        <when>2025-01-01T00:46:44.0889100Z</when>
        <gx:coord>10.579273 51.74562 2038.2373</gx:coord>
        <when>2025-01-01T00:46:53.0839100Z</when>
        <gx:coord>10.579892 51.741318 2068.313</gx:coord>
        <when>2025-01-01T00:47:01.0869100Z</when>
        <gx:coord>10.580853 51.736336 2062.8857</gx:coord>
        <when>2025-01-01T00:47:03.1699100Z</when>
        <gx:coord>10.581066 51.735184 2060.434</gx:coord>
        <when>2025-01-01T00:47:21.0879100Z</when>
        <gx:coord>10.582182 51.725033 2050.4587</gx:coord>
        <when>2025-01-01T00:47:29.0979100Z</when>
        <gx:coord>10.582391 51.719463 2044.909</gx:coord>
        <when>2025-01-01T00:47:55.9999100Z</when>
        <gx:coord>10.582968 51.70326 2038.2622</gx:coord>
        <when>2025-01-01T00:47:56.0819100Z</when>
        <gx:coord>10.583087 51.702633 2038.2622</gx:coord>
        <when>2025-01-01T00:48:06.8419100Z</when>
        <gx:coord>10.584623 51.696327 2026.1802</gx:coord>
        <when>2025-01-01T00:48:11.8429100Z</when>
        <gx:coord>10.585852 51.69316 2019.8378</gx:coord>
        <when>2025-01-01T00:48:13.0789100Z</when>
        <gx:coord>10.586141 51.692535 2018.8827</gx:coord>
        <when>2025-01-01T00:48:16.8449100Z</when>
        <gx:coord>10.587403 51.690025 2013.6858</gx:coord>
        <when>2025-01-01T00:48:21.0789100Z</when>
        <gx:coord>10.588731 51.686848 2006.801</gx:coord>
        <when>2025-01-01T00:48:21.8529100Z</when>
        <gx:coord>10.588731 51.686848 2006.801</gx:coord>
        <when>2025-01-01T00:48:22.0839100Z</when>
        <gx:coord>10.588936 51.686207 2006.801</gx:coord>
        <when>2025-01-01T00:48:26.8419100Z</when>
        <gx:coord>10.589597 51.683628 2001.9492</gx:coord>
        <when>2025-01-01T00:48:29.0869100Z</when>
        <gx:coord>10.589839 51.682335 2000.0184</gx:coord>
        <when>2025-01-01T00:48:31.8429100Z</when>
        <gx:coord>10.590135 51.680397 1996.6779</gx:coord>
        <when>2025-01-01T00:48:36.8429100Z</when>
        <gx:coord>10.590532 51.67715 1989.1643</gx:coord>
        <when>2025-01-01T00:48:41.8429100Z</when>
        <gx:coord>10.5906925 51.673893 1982.7471</gx:coord>
        <when>2025-01-01T00:48:46.0789100Z</when>
        <gx:coord>10.5904875 51.671307 1977.589</gx:coord>
        <when>2025-01-01T00:48:46.0849100Z</when>
        <gx:coord>10.590402 51.670662 1976.2137</gx:coord>
        <when>2025-01-01T00:48:48.0929100Z</when>
        <gx:coord>10.590198 51.66938 1975.0432</gx:coord>
        <when>2025-01-01T00:48:51.7659100Z</when>
        <gx:coord>10.589823 51.66746 1969.3594</gx:coord>
        <when>2025-01-01T00:48:56.7659100Z</when>
        <gx:coord>10.589189 51.664272 1969.1887</gx:coord>
        <when>2025-01-01T00:49:01.7659100Z</when>
        <gx:coord>10.588664 51.66113 1977.4078</gx:coord>
        <when>2025-01-01T00:49:06.7659100Z</when>
        <gx:coord>10.588154 51.658024 1981.2584</gx:coord>
        <when>2025-01-01T00:49:15.0889100Z</when>
        <gx:coord>10.587265 51.65255 1997.5205</gx:coord>
        <when>2025-01-01T00:49:39.0859100Z</when>
        <gx:coord>10.587093 51.637856 2008.6139</gx:coord>
        <when>2025-01-01T00:49:43.0729100Z</when>
        <gx:coord>10.58729 51.636013 2017.3174</gx:coord>
        <when>2025-01-01T00:49:43.1059100Z</when>
        <gx:coord>10.587359 51.635403 2017.3174</gx:coord>
        <when>2025-01-01T00:49:48.0749100Z</when>
        <gx:coord>10.587687 51.632988 2029.6367</gx:coord>
        <when>2025-01-01T00:49:53.0749100Z</when>
        <gx:coord>10.587981 51.62997 2034.995</gx:coord>
        <when>2025-01-01T00:49:58.0759100Z</when>
        <gx:coord>10.588073 51.626945 2038.7468</gx:coord>
        <when>2025-01-01T00:49:58.1109100Z</when>
        <gx:coord>10.588088 51.62634 2039.151</gx:coord>
        <when>2025-01-01T00:50:03.0759100Z</when>
        <gx:coord>10.588124 51.623898 2039.1772</gx:coord>
        <when>2025-01-01T00:50:08.0759100Z</when>
        <gx:coord>10.588056 51.620827 2036.8491</gx:coord>
        <when>2025-01-01T00:50:11.0879100Z</when>
        <gx:coord>10.587898 51.618362 2036.706</gx:coord>
        <when>2025-01-01T00:50:13.0759100Z</when>
        <gx:coord>10.587852 51.617744 2037.6967</gx:coord>
        <when>2025-01-01T00:50:18.0759100Z</when>
        <gx:coord>10.587547 51.614685 2041.6256</gx:coord>
        <when>2025-01-01T00:50:39.0869100Z</when>
        <gx:coord>10.584235 51.6017 2054.2258</gx:coord>
        <when>2025-01-01T00:50:43.5029100Z</when>
        <gx:coord>10.583576 51.59933 2052.2034</gx:coord>
        <when>2025-01-01T00:50:48.5039100Z</when>
        <gx:coord>10.582958 51.596313 2051.3535</gx:coord>
        <when>2025-01-01T00:50:53.5039100Z</when>
        <gx:coord>10.582235 51.593307 2052.0784</gx:coord>
        <when>2025-01-01T00:50:58.1519100Z</when>
        <gx:coord>10.581498 51.59031 2053.0632</gx:coord>
        <when>2025-01-01T00:51:03.1529100Z</when>
        <gx:coord>10.580934 51.587284 2052.312</gx:coord>
        <when>2025-01-01T00:51:07.0939100Z</when>
        <gx:coord>10.580536 51.584854 2052.1682</gx:coord>
        <when>2025-01-01T00:51:08.1519100Z</when>
        <gx:coord>10.580436 51.584244 2052.271</gx:coord>
        <when>2025-01-01T00:51:13.1529100Z</when>
        <gx:coord>10.57987 51.581223 2051.9363</gx:coord>
        <when>2025-01-01T00:51:18.1529100Z</when>
        <gx:coord>10.579039 51.578243 2050.8374</gx:coord>
        <when>2025-01-01T00:51:23.1529100Z</when>
        <gx:coord>10.578004 51.57531 2050.9023</gx:coord>
        <when>2025-01-01T00:51:28.1529100Z</when>
        <gx:coord>10.5768795 51.57239 2050.5051</gx:coord>
        <when>2025-01-01T00:51:33.1529100Z</when>
        <gx:coord>10.575808 51.56946 2050.0388</gx:coord>
        <when>2025-01-01T00:51:35.1039100Z</when>
        <gx:coord>10.575376 51.568287 2049.9104</gx:coord>
        <when>2025-01-01T00:51:38.1529100Z</when>
        <gx:coord>10.574723 51.566517 2047.9855</gx:coord>
        <when>2025-01-01T00:51:43.1529100Z</when>
        <gx:coord>10.573596 51.563572 2046.0688</gx:coord>
        <when>2025-01-01T00:51:48.1539100Z</when>
        <gx:coord>10.572452 51.560627 2046.8854</gx:coord>
        <when>2025-01-01T00:52:03.0999100Z</when>
        <gx:coord>10.569277 51.551884 2054.5798</gx:coord>
        <when>2025-01-01T00:52:05.0849100Z</when>
        <gx:coord>10.56904 51.551315 2054.1257</gx:coord>
        <when>2025-01-01T00:52:24.0889100Z</when>
        <gx:coord>10.563725 51.54081 2056.3818</gx:coord>
        <when>2025-01-01T00:52:28.5669100Z</when>
        <gx:coord>10.562239 51.538136 2054.5503</gx:coord>
        <when>2025-01-01T00:52:32.0949100Z</when>
        <gx:coord>10.560932 51.536026 2053.2268</gx:coord>
        <when>2025-01-01T00:52:33.5679100Z</when>
        <gx:coord>10.560597 51.5355 2052.3035</gx:coord>
        <when>2025-01-01T00:52:38.5679100Z</when>
        <gx:coord>10.558908 51.532864 2049.9983</gx:coord>
        <when>2025-01-01T00:52:43.5679100Z</when>
        <gx:coord>10.557218 51.53022 2049.339</gx:coord>
        <when>2025-01-01T00:52:48.5679100Z</when>
        <gx:coord>10.555611 51.527554 2049.4626</gx:coord>
        <when>2025-01-01T00:52:53.5679100Z</when>
        <gx:coord>10.554036 51.52488 2049.5898</gx:coord>
        <when>2025-01-01T00:52:58.5679100Z</when>
        <gx:coord>10.5524 51.522232 2051.2744</gx:coord>
        <when>2025-01-01T00:53:02.0979100Z</when>
        <gx:coord>10.551134 51.520103 2052.5535</gx:coord>
        <when>2025-01-01T00:53:03.0949100Z</when>
        <gx:coord>10.550828 51.51957 2053.0498</gx:coord>
        <when>2025-01-01T00:53:03.5679100Z</when>
        <gx:coord>10.550828 51.51957 2053.4602</gx:coord>
        <when>2025-01-01T00:53:08.5679100Z</when>
        <gx:coord>10.549309 51.51689 2057.1826</gx:coord>
        <when>2025-01-01T00:53:13.5679100Z</when>
        <gx:coord>10.54782 51.514233 2063.1052</gx:coord>
        <when>2025-01-01T00:53:18.5679100Z</when>
        <gx:coord>10.54635 51.511585 2067.4539</gx:coord>
        <when>2025-01-01T00:53:23.5679100Z</when>
        <gx:coord>10.544847 51.50895 2068.9575</gx:coord>
        <when>2025-01-01T00:53:26.9039100Z</when>
        <gx:coord>10.543956 51.50736 2069.1187</gx:coord>
        <when>2025-01-01T00:53:31.9039100Z</when>
        <gx:coord>10.542522 51.50468 2068.6917</gx:coord>
        <when>2025-01-01T00:53:32.0959100Z</when>
        <gx:coord>10.542236 51.50414 2068.6917</gx:coord>
        <when>2025-01-01T00:53:36.9049100Z</when>
        <gx:coord>10.54108 51.50198 2065.143</gx:coord>
        <when>2025-01-01T00:53:41.9049100Z</when>
        <gx:coord>10.539585 51.499275 2062.1658</gx:coord>
        <when>2025-01-01T00:53:46.9039100Z</when>
        <gx:coord>10.538042 51.49657 2060.9211</gx:coord>
        <when>2025-01-01T00:53:51.9049100Z</when>
        <gx:coord>10.53646 51.493874 2060.903</gx:coord>
        <when>2025-01-01T00:53:56.9049100Z</when>
        <gx:coord>10.534936 51.491154 2063.3042</gx:coord>
        <when>2025-01-01T00:54:01.0939100Z</when>
        <gx:coord>10.533561 51.488396 2066.3828</gx:coord>
        <when>2025-01-01T00:54:01.9039100Z</when>
        <gx:coord>10.533561 51.488396 2067.3784</gx:coord>
        <when>2025-01-01T00:54:04.0839100Z</when>
        <gx:coord>10.532829 51.48673 2070.634</gx:coord>
        <when>2025-01-01T00:54:06.9039100Z</when>
        <gx:coord>10.532371 51.48561 2072.8582</gx:coord>
        <when>2025-01-01T00:54:11.9039100Z</when>
        <gx:coord>10.531241 51.482845 2078.0566</gx:coord>
        <when>2025-01-01T00:54:16.9039100Z</when>
        <gx:coord>10.530065 51.480125 2082.0596</gx:coord>
        <when>2025-01-01T00:54:21.9049100Z</when>
        <gx:coord>10.528772 51.47745 2082.9578</gx:coord>
        <when>2025-01-01T00:54:26.9439100Z</when>
        <gx:coord>10.5273485 51.47481 2078.9253</gx:coord>
        <when>2025-01-01T00:54:31.0969100Z</when>
        <gx:coord>10.525855 51.472157 2075.9639</gx:coord>
        <when>2025-01-01T00:54:31.9049100Z</when>
        <gx:coord>10.525855 51.472157 2075.8845</gx:coord>
        <when>2025-01-01T00:54:36.9049100Z</when>
        <gx:coord>10.524309 51.46952 2077.7957</gx:coord>
        <when>2025-01-01T00:54:41.9049100Z</when>
        <gx:coord>10.522698 51.466915 2079.666</gx:coord>
        <when>2025-01-01T00:54:46.9039100Z</when>
        <gx:coord>10.520949 51.464363 2080.122</gx:coord>
        <when>2025-01-01T00:54:48.0899100Z</when>
        <gx:coord>10.52058 51.46386 2079.86</gx:coord>
        <when>2025-01-01T00:54:51.9049100Z</when>
        <gx:coord>10.519031 51.461864 2077.3813</gx:coord>
        <when>2025-01-01T00:54:56.9049100Z</when>
        <gx:coord>10.516985 51.459393 2073.4414</gx:coord>
        <when>2025-01-01T00:55:01.0979100Z</when>
        <gx:coord>10.514825 51.45696 2071.4805</gx:coord>
        <when>2025-01-01T00:55:01.9049100Z</when>
        <gx:coord>10.514825 51.45696 2071.2332</gx:coord>
        <when>2025-01-01T00:55:06.9039100Z</when>
        <gx:coord>10.512577 51.45456 2070.2773</gx:coord>
        <when>2025-01-01T00:55:11.9049100Z</when>
        <gx:coord>10.510283 51.45218 2069.955</gx:coord>
        <when>2025-01-01T00:55:16.9049100Z</when>
        <gx:coord>10.507918 51.449844 2070.2644</gx:coord>
        <when>2025-01-01T00:55:21.9049100Z</when>
        <gx:coord>10.505558 51.447502 2064.124</gx:coord>
        <when>2025-01-01T00:55:26.9589100Z</when>
        <gx:coord>10.503486 51.445015 2058.2722</gx:coord>
        <when>2025-01-01T00:55:31.1009100Z</when>
        <gx:coord>10.501742 51.442383 2051.798</gx:coord>
        <when>2025-01-01T00:55:31.9049100Z</when>
        <gx:coord>10.501742 51.442383 2050.0115</gx:coord>
        <when>2025-01-01T00:55:36.9049100Z</when>
        <gx:coord>10.500115 51.439697 2041.8334</gx:coord>
        <when>2025-01-01T00:55:37.1079100Z</when>
        <gx:coord>10.49979 51.439156 2039.4998</gx:coord>
        <when>2025-01-01T00:55:41.9049100Z</when>
        <gx:coord>10.498553 51.436947 2028.8408</gx:coord>
        <when>2025-01-01T00:55:46.9049100Z</when>
        <gx:coord>10.497165 51.43411 2023.985</gx:coord>
        <when>2025-01-01T00:55:51.9049100Z</when>
        <gx:coord>10.495898 51.431263 2023.6818</gx:coord>
        <when>2025-01-01T00:55:56.9049100Z</when>
        <gx:coord>10.494621 51.428432 2024.4459</gx:coord>
        <when>2025-01-01T00:55:58.0919100Z</when>
        <gx:coord>10.494375 51.427864 2025.0829</gx:coord>
        <when>2025-01-01T00:56:00.0959100Z</when>
        <gx:coord>10.49366 51.426167 2026.7347</gx:coord>
        <when>2025-01-01T00:56:01.9049100Z</when>
        <gx:coord>10.493431 51.425594 2028.8754</gx:coord>
        <when>2025-01-01T00:56:06.9039100Z</when>
        <gx:coord>10.492297 51.42277 2034.4314</gx:coord>
        <when>2025-01-01T00:56:11.9039100Z</when>
        <gx:coord>10.491158 51.41998 2039.1305</gx:coord>
        <when>2025-01-01T00:56:30.0909100Z</when>
        <gx:coord>10.48674 51.409584 2046.7202</gx:coord>
        <when>2025-01-01T00:56:46.8659100Z</when>
        <gx:coord>10.48238 51.400955 2045.4862</gx:coord>
        <when>2025-01-01T00:56:51.8669100Z</when>
        <gx:coord>10.48101 51.398254 2042.3353</gx:coord>
        <when>2025-01-01T00:56:56.8669100Z</when>
        <gx:coord>10.479594 51.39552 2035.4525</gx:coord>
        <when>2025-01-01T00:57:00.1059100Z</when>
        <gx:coord>10.478374 51.393326 2031.8748</gx:coord>
        <when>2025-01-01T00:57:01.8659100Z</when>
        <gx:coord>10.478069 51.392773 2030.5106</gx:coord>
        <when>2025-01-01T00:57:06.8659100Z</when>
        <gx:coord>10.476601 51.39001 2035.587</gx:coord>
        <when>2025-01-01T00:57:11.8669100Z</when>
        <gx:coord>10.475188 51.387314 2045.992</gx:coord>
        <when>2025-01-01T00:57:16.8679100Z</when>
        <gx:coord>10.473712 51.384636 2042.4974</gx:coord>
        <when>2025-01-01T00:57:21.8669100Z</when>
        <gx:coord>10.472182 51.38192 2035.0417</gx:coord>
        <when>2025-01-01T00:57:26.8659100Z</when>
        <gx:coord>10.470689 51.37914 2029.739</gx:coord>
        <when>2025-01-01T00:57:29.0969100Z</when>
        <gx:coord>10.469902 51.377422 2028.9598</gx:coord>
        <when>2025-01-01T00:57:31.8669100Z</when>
        <gx:coord>10.469419 51.37627 2031.7896</gx:coord>
        <when>2025-01-01T00:57:36.8669100Z</when>
        <gx:coord>10.468265 51.373417 2042.6921</gx:coord>
        <when>2025-01-01T00:57:41.8669100Z</when>
        <gx:coord>10.467158 51.370625 2053.765</gx:coord>
        <when>2025-01-01T00:57:46.9219100Z</when>
        <gx:coord>10.46607 51.36785 2055.8545</gx:coord>
        <when>2025-01-01T00:57:51.8759100Z</when>
        <gx:coord>10.465008 51.365105 2067.1113</gx:coord>
        <when>2025-01-01T00:57:52.0909100Z</when>
        <gx:coord>10.464788 51.364567 2070.1257</gx:coord>
        <when>2025-01-01T00:57:56.8669100Z</when>
        <gx:coord>10.463908 51.362446 2081.633</gx:coord>
        <when>2025-01-01T00:57:59.0989100Z</when>
        <gx:coord>10.46325 51.360878 2085.4294</gx:coord>
        <when>2025-01-01T00:58:01.8669100Z</when>
        <gx:coord>10.462807 51.35983 2088.2424</gx:coord>
        <when>2025-01-01T00:58:06.8659100Z</when>
        <gx:coord>10.461648 51.357227 2096.3865</gx:coord>
        <when>2025-01-01T00:58:08.0909100Z</when>
        <gx:coord>10.461165 51.3562 2100.9763</gx:coord>
        <when>2025-01-01T00:58:11.8669100Z</when>
        <gx:coord>10.4604435 51.354675 2110.602</gx:coord>
        <when>2025-01-01T00:58:14.0929100Z</when>
        <gx:coord>10.459968 51.353672 2117.5024</gx:coord>
        <when>2025-01-01T00:58:16.8659100Z</when>
        <gx:coord>10.459262 51.35218 2127.2832</gx:coord>
        <when>2025-01-01T00:58:18.0919100Z</when>
        <gx:coord>10.458796 51.351204 2135.0933</gx:coord>
        <when>2025-01-01T00:58:21.8659100Z</when>
        <gx:coord>10.458107 51.349762 2147.8652</gx:coord>
        <when>2025-01-01T00:58:26.8659100Z</when>
        <gx:coord>10.456995 51.34741 2165.0386</gx:coord>
        <when>2025-01-01T00:58:27.0909100Z</when>
        <gx:coord>10.456772 51.34694 2166.8313</gx:coord>
        <when>2025-01-01T00:58:31.8659100Z</when>
        <gx:coord>10.455845 51.345047 2169.128</gx:coord>
        <when>2025-01-01T00:58:32.0989100Z</when>
        <gx:coord>10.455604 51.34457 2169.128</gx:coord>
        <when>2025-01-01T00:58:36.8659100Z</when>
        <gx:coord>10.454587 51.342674 2177.9258</gx:coord>
        <when>2025-01-01T00:58:41.8659100Z</when>
        <gx:coord>10.453248 51.340336 2189.6423</gx:coord>
        <when>2025-01-01T00:58:45.0909100Z</when>
        <gx:coord>10.452195 51.33846 2198.0415</gx:coord>
        <when>2025-01-01T00:58:46.9189100Z</when>
        <gx:coord>10.451941 51.337986 2200.2869</gx:coord>
        <when>2025-01-01T00:58:51.8659100Z</when>
        <gx:coord>10.450745 51.33561 2214.0833</gx:coord>
        <when>2025-01-01T00:58:56.0869100Z</when>
        <gx:coord>10.449624 51.333244 2229.7014</gx:coord>
        <when>2025-01-01T00:58:56.8659100Z</when>
        <gx:coord>10.449624 51.333244 2229.7014</gx:coord>
        <when>2025-01-01T00:59:01.8659100Z</when>
        <gx:coord>10.448548 51.330883 2241.7551</gx:coord>
        <when>2025-01-01T00:59:06.0989100Z</when>
        <gx:coord>10.447509 51.328487 2247.4128</gx:coord>
        <when>2025-01-01T00:59:06.8659100Z</when>
        <gx:coord>10.447509 51.328487 2248.387</gx:coord>
        <when>2025-01-01T00:59:11.8659100Z</when>
        <gx:coord>10.446344 51.326046 2249.7065</gx:coord>
        <when>2025-01-01T00:59:16.8679100Z</when>
        <gx:coord>10.444966 51.32358 2252.232</gx:coord>
        <when>2025-01-01T00:59:20.0889100Z</when>
        <gx:coord>10.443932 51.321564 2260.9963</gx:coord>
        <when>2025-01-01T00:59:21.8779100Z</when>
        <gx:coord>10.443692 51.321056 2263.8225</gx:coord>
        <when>2025-01-01T00:59:26.8659100Z</when>
        <gx:coord>10.4425535 51.318512 2277.2578</gx:coord>
        <when>2025-01-01T00:59:31.8659100Z</when>
        <gx:coord>10.441419 51.315975 2289.8643</gx:coord>
        <when>2025-01-01T00:59:32.0919100Z</when>
        <gx:coord>10.441194 51.31547 2292.5273</gx:coord>
        <when>2025-01-01T00:59:36.8659100Z</when>
        <gx:coord>10.4403305 51.31344 2302.2449</gx:coord>
        <when>2025-01-01T00:59:38.0969100Z</when>
        <gx:coord>10.439932 51.31242 2305.1306</gx:coord>
        <when>2025-01-01T00:59:41.8659100Z</when>
        <gx:coord>10.439347 51.310894 2316.9595</gx:coord>
        <when>2025-01-01T00:59:44.0859100Z</when>
        <gx:coord>10.438764 51.309376 2325.559</gx:coord>
        <when>2025-01-01T00:59:46.9499100Z</when>
        <gx:coord>10.438375 51.30837 2331.269</gx:coord>
        <when>2025-01-01T00:59:51.8659100Z</when>
        <gx:coord>10.437408 51.305862 2346.3682</gx:coord>
        <when>2025-01-01T00:59:55.0859100Z</when>
        <gx:coord>10.436675 51.30385 2356.074</gx:coord>
        <when>2025-01-01T00:59:56.8659100Z</when>
        <gx:coord>10.436491 51.303345 2358.4978</gx:coord>
        <when>2025-01-01T01:00:01.8659100Z</when>
        <gx:coord>10.435556 51.300835 2373.2812</gx:coord>
        <when>2025-01-01T01:00:06.0869100Z</when>
        <gx:coord>10.434606 51.298336 2387.9636</gx:coord>
        <when>2025-01-01T01:00:06.8659100Z</when>
        <gx:coord>10.434606 51.298336 2387.9636</gx:coord>
        <when>2025-01-01T01:00:11.0939100Z</when>
        <gx:coord>10.433697 51.29585 2403.4128</gx:coord>
        <when>2025-01-01T01:00:11.8659100Z</when>
        <gx:coord>10.433697 51.29585 2407.3823</gx:coord>
        <when>2025-01-01T01:00:15.0859100Z</when>
        <gx:coord>10.43299 51.293873 2420.7087</gx:coord>
        <when>2025-01-01T01:00:16.8789100Z</when>
        <gx:coord>10.432812 51.29338 2423.3962</gx:coord>
        <when>2025-01-01T01:00:21.8659100Z</when>
        <gx:coord>10.431897 51.290905 2436.0718</gx:coord>
        <when>2025-01-01T01:00:26.8659100Z</when>
        <gx:coord>10.43098 51.28842 2449.1462</gx:coord>
        <when>2025-01-01T01:00:28.0949100Z</when>
        <gx:coord>10.430624 51.28742 2452.8013</gx:coord>
        <when>2025-01-01T01:00:31.8659100Z</when>
        <gx:coord>10.430088 51.2859 2458.7258</gx:coord>
        <when>2025-01-01T01:00:36.8659100Z</when>
        <gx:coord>10.429122 51.28339 2472.5017</gx:coord>
        <when>2025-01-01T01:00:41.8769100Z</when>
        <gx:coord>10.428124 51.280876 2482.6643</gx:coord>
        <when>2025-01-01T01:00:42.0869100Z</when>
        <gx:coord>10.427927 51.280373 2484.729</gx:coord>
        <when>2025-01-01T01:00:44.0989100Z</when>
        <gx:coord>10.427537 51.279358 2486.8447</gx:coord>
        <when>2025-01-01T01:00:46.9169100Z</when>
        <gx:coord>10.427157 51.27834 2493.9739</gx:coord>
        <when>2025-01-01T01:00:51.8659100Z</when>
        <gx:coord>10.426229 51.275795 2506.7026</gx:coord>
        <when>2025-01-01T01:00:56.0869100Z</when>
        <gx:coord>10.425279 51.273247 2515.7068</gx:coord>
        <when>2025-01-01T01:00:56.8659100Z</when>
        <gx:coord>10.425279 51.273247 2515.7068</gx:coord>
        <when>2025-01-01T01:01:01.8659100Z</when>
        <gx:coord>10.42434 51.27066 2523.11</gx:coord>
        <when>2025-01-01T01:01:06.8659100Z</when>
        <gx:coord>10.423421 51.268047 2532.321</gx:coord>
        <when>2025-01-01T01:01:15.0919100Z</when>
        <gx:coord>10.421656 51.263325 2546.7632</gx:coord>
        <when>2025-01-01T01:01:16.0979100Z</when>
        <gx:coord>10.421449 51.2628 2546.7632</gx:coord>
        <when>2025-01-01T01:01:33.0779100Z</when>
        <gx:coord>10.417729 51.25387 2577.5994</gx:coord>
        <when>2025-01-01T01:01:34.2349100Z</when>
        <gx:coord>10.417518 51.25334 2580.1062</gx:coord>
        <when>2025-01-01T01:01:39.2359100Z</when>
        <gx:coord>10.416513 51.250698 2587.9353</gx:coord>
        <when>2025-01-01T01:01:44.2359100Z</when>
        <gx:coord>10.415591 51.248016 2593.803</gx:coord>
        <when>2025-01-01T01:01:47.0939100Z</when>
        <gx:coord>10.415079 51.24638 2595.8176</gx:coord>
        <when>2025-01-01T01:01:49.2359100Z</when>
        <gx:coord>10.414765 51.24528 2599.7146</gx:coord>
        <when>2025-01-01T01:01:52.0949100Z</when>
        <gx:coord>10.41432 51.243633 2608.8604</gx:coord>
        <when>2025-01-01T01:01:54.2449100Z</when>
        <gx:coord>10.414041 51.24255 2616.489</gx:coord>
        <when>2025-01-01T01:01:59.2359100Z</when>
        <gx:coord>10.413408 51.239857 2630.591</gx:coord>
        <when>2025-01-01T01:02:04.2519100Z</when>
        <gx:coord>10.41275 51.237164 2638.021</gx:coord>
        <when>2025-01-01T01:02:06.0889100Z</when>
        <gx:coord>10.4124365 51.236088 2640.0532</gx:coord>
        <when>2025-01-01T01:02:09.2359100Z</when>
        <gx:coord>10.41195 51.234463 2640.7705</gx:coord>
        <when>2025-01-01T01:02:14.0899100Z</when>
        <gx:coord>10.411263 51.23225 2638.8809</gx:coord>
        <when>2025-01-01T01:02:14.2359100Z</when>
        <gx:coord>10.411084 51.231693 2638.8123</gx:coord>
        <when>2025-01-01T01:02:18.0999100Z</when>
        <gx:coord>10.410353 51.229435 2639.129</gx:coord>
        <when>2025-01-01T01:02:19.2359100Z</when>
        <gx:coord>10.41017 51.228867 2638.5974</gx:coord>
        <when>2025-01-01T01:02:24.2359100Z</when>
        <gx:coord>10.40924 51.225986 2633.5906</gx:coord>
        <when>2025-01-01T01:02:29.2359100Z</when>
        <gx:coord>10.408279 51.22306 2634.143</gx:coord>
        <when>2025-01-01T01:02:31.7319100Z</when>
        <gx:coord>10.407903 51.221886 2636.0796</gx:coord>
        <when>2025-01-01T01:02:36.7329100Z</when>
        <gx:coord>10.407006 51.218937 2640.899</gx:coord>
        <when>2025-01-01T01:02:46.0889100Z</when>
        <gx:coord>10.405067 51.213093 2652.3408</gx:coord>
        <when>2025-01-01T01:02:57.9249100Z</when>
        <gx:coord>10.403317 51.20656 2654.8489</gx:coord>
        <when>2025-01-01T01:03:02.9259100Z</when>
        <gx:coord>10.402736 51.203552 2658.3992</gx:coord>
        <when>2025-01-01T01:03:07.9259100Z</when>
        <gx:coord>10.402027 51.200592 2658.9211</gx:coord>
        <when>2025-01-01T01:03:12.9259100Z</when>
        <gx:coord>10.401197 51.19765 2656.0474</gx:coord>
        <when>2025-01-01T01:03:14.0989100Z</when>
        <gx:coord>10.40077 51.19649 2655.0334</gx:coord>
        <when>2025-01-01T01:03:17.9259100Z</when>
        <gx:coord>10.400012 51.194767 2649.0916</gx:coord>
        <when>2025-01-01T01:03:22.9259100Z</when>
        <gx:coord>10.398512 51.191925 2642.1372</gx:coord>
        <when>2025-01-01T01:03:27.9259100Z</when>
        <gx:coord>10.396997 51.189087 2646.0088</gx:coord>
        <when>2025-01-01T01:03:32.9259100Z</when>
        <gx:coord>10.3955345 51.18627 2652.7502</gx:coord>
        <when>2025-01-01T01:03:37.9249100Z</when>
        <gx:coord>10.394119 51.18348 2659.1387</gx:coord>
        <when>2025-01-01T01:03:42.9269100Z</when>
        <gx:coord>10.392752 51.18069 2664.7305</gx:coord>
        <when>2025-01-01T01:03:43.0969100Z</when>
        <gx:coord>10.392482 51.180134 2664.7305</gx:coord>
        <when>2025-01-01T01:03:47.9259100Z</when>
        <gx:coord>10.391403 51.177895 2665.9688</gx:coord>
        <when>2025-01-01T01:03:54.0859100Z</when>
        <gx:coord>10.389563 51.173958 2671.6396</gx:coord>
        <when>2025-01-01T01:03:57.8289100Z</when>
        <gx:coord>10.388827 51.172268 2676.5347</gx:coord>
        <when>2025-01-01T01:04:09.8729100Z</when>
        <gx:coord>10.386194 51.165554 2694.818</gx:coord>
        <when>2025-01-01T01:04:12.0999100Z</when>
        <gx:coord>10.385644 51.16386 2697.1628</gx:coord>
        <when>2025-01-01T01:04:14.8739100Z</when>
        <gx:coord>10.385294 51.162724 2700.2593</gx:coord>
        <when>2025-01-01T01:04:16.0899100Z</when>
        <gx:coord>10.384947 51.161587 2702.2937</gx:coord>
        <when>2025-01-01T01:04:21.5039100Z</when>
        <gx:coord>10.384116 51.158733 2707.2551</gx:coord>
        <when>2025-01-01T01:04:26.5049100Z</when>
        <gx:coord>10.383313 51.15587 2711.754</gx:coord>
        <when>2025-01-01T01:04:31.5049100Z</when>
        <gx:coord>10.382524 51.15299 2715.8013</gx:coord>
        <when>2025-01-01T01:04:36.5049100Z</when>
        <gx:coord>10.381803 51.15007 2713.1826</gx:coord>
        <when>2025-01-01T01:04:41.0899100Z</when>
        <gx:coord>10.381207 51.147663 2705.68</gx:coord>
        <when>2025-01-01T01:04:41.1039100Z</when>
        <gx:coord>10.381072 51.14705 2705.68</gx:coord>
        <when>2025-01-01T01:04:41.5049100Z</when>
        <gx:coord>10.381072 51.14705 2704.5378</gx:coord>
        <when>2025-01-01T01:04:46.5049100Z</when>
        <gx:coord>10.380566 51.143932 2704.1807</gx:coord>
        <when>2025-01-01T01:04:51.5039100Z</when>
        <gx:coord>10.380075 51.140797 2704.9226</gx:coord>
        <when>2025-01-01T01:04:56.5049100Z</when>
        <gx:coord>10.379504 51.137638 2700.8984</gx:coord>
        <when>2025-01-01T01:05:01.5039100Z</when>
        <gx:coord>10.378952 51.134438 2696.636</gx:coord>
        <when>2025-01-01T01:05:06.5049100Z</when>
        <gx:coord>10.378446 51.131203 2693.6997</gx:coord>
        <when>2025-01-01T01:05:08.0919100Z</when>
        <gx:coord>10.378243 51.129906 2693.6665</gx:coord>
        <when>2025-01-01T01:05:11.5049100Z</when>
        <gx:coord>10.377924 51.12797 2695.573</gx:coord>
        <when>2025-01-01T01:05:16.5049100Z</when>
        <gx:coord>10.377282 51.124798 2700.334</gx:coord>
        <when>2025-01-01T01:05:21.5669100Z</when>
        <gx:coord>10.376603 51.121655 2700.1472</gx:coord>
        <when>2025-01-01T01:05:26.5049100Z</when>
        <gx:coord>10.375876 51.118496 2695.8093</gx:coord>
        <when>2025-01-01T01:05:31.5049100Z</when>
        <gx:coord>10.375037 51.115337 2692.6528</gx:coord>
        <when>2025-01-01T01:05:35.1019100Z</when>
        <gx:coord>10.374337 51.11281 2691.4285</gx:coord>
        <when>2025-01-01T01:05:36.5049100Z</when>
        <gx:coord>10.374158 51.11218 2691.6594</gx:coord>
        <when>2025-01-01T01:05:41.5039100Z</when>
        <gx:coord>10.373267 51.109024 2691.5376</gx:coord>
        <when>2025-01-01T01:05:46.5049100Z</when>
        <gx:coord>10.372409 51.105854 2686.9624</gx:coord>
        <when>2025-01-01T01:05:51.5039100Z</when>
        <gx:coord>10.371535 51.10268 2683.2217</gx:coord>
        <when>2025-01-01T01:05:56.5049100Z</when>
        <gx:coord>10.370699 51.099495 2678.204</gx:coord>
        <when>2025-01-01T01:06:01.0949100Z</when>
        <gx:coord>10.370031 51.096264 2671.985</gx:coord>
        <when>2025-01-01T01:06:01.0949100Z</when>
        <gx:coord>10.370031 51.096264 2670.3254</gx:coord>
        <when>2025-01-01T01:06:01.5039100Z</when>
        <gx:coord>10.370031 51.096264 2670.3254</gx:coord>
        <when>2025-01-01T01:06:03.0889100Z</when>
        <gx:coord>10.36994 51.095608 2668.5603</gx:coord>
        <when>2025-01-01T01:06:06.5049100Z</when>
        <gx:coord>10.369654 51.092964 2663.3914</gx:coord>
        <when>2025-01-01T01:06:11.5049100Z</when>
        <gx:coord>10.369396 51.089657 2661.5134</gx:coord>
        <when>2025-01-01T01:06:16.5049100Z</when>
        <gx:coord>10.36935 51.08634 2658.6367</gx:coord>
        <when>2025-01-01T01:06:17.0849100Z</when>
        <gx:coord>10.36935 51.08634 2658.6367</gx:coord>
        <when>2025-01-01T01:06:21.5149100Z</when>
        <gx:coord>10.36947 51.083008 2651.8777</gx:coord>
        <when>2025-01-01T01:06:26.5049100Z</when>
        <gx:coord>10.369663 51.079655 2646.5566</gx:coord>
        <when>2025-01-01T01:06:27.1009100Z</when>
        <gx:coord>10.369691 51.078983 2646.5566</gx:coord>
        <when>2025-01-01T01:06:31.5049100Z</when>
        <gx:coord>10.369796 51.076305 2641.3489</gx:coord>
        <when>2025-01-01T01:06:34.0919100Z</when>
        <gx:coord>10.369872 51.074295 2639.3904</gx:coord>
        <when>2025-01-01T01:06:36.5039100Z</when>
        <gx:coord>10.369921 51.07296 2638.4482</gx:coord>
        <when>2025-01-01T01:06:41.5039100Z</when>
        <gx:coord>10.370098 51.06964 2640.945</gx:coord>
        <when>2025-01-01T01:06:46.5049100Z</when>
        <gx:coord>10.370234 51.06636 2643.8796</gx:coord>
        <when>2025-01-01T01:06:51.5039100Z</when>
        <gx:coord>10.370329 51.063114 2646.0137</gx:coord>
        <when>2025-01-01T01:06:53.0999100Z</when>
        <gx:coord>10.37037 51.06182 2646.213</gx:coord>
        <when>2025-01-01T01:06:56.5049100Z</when>
        <gx:coord>10.37043 51.05987 2643.7676</gx:coord>
        <when>2025-01-01T01:07:01.5039100Z</when>
        <gx:coord>10.370465 51.056614 2639.119</gx:coord>
        <when>2025-01-01T01:07:06.5049100Z</when>
        <gx:coord>10.370389 51.05334 2633.4412</gx:coord>
        <when>2025-01-01T01:07:11.5049100Z</when>
        <gx:coord>10.370375 51.050026 2628.1506</gx:coord>
        <when>2025-01-01T01:07:16.5049100Z</when>
        <gx:coord>10.370455 51.04669 2625.541</gx:coord>
        <when>2025-01-01T01:07:19.1009100Z</when>
        <gx:coord>10.370509 51.044685 2625.344</gx:coord>
        <when>2025-01-01T01:07:21.5309100Z</when>
        <gx:coord>10.37056 51.043354 2626.956</gx:coord>
        <when>2025-01-01T01:07:26.5049100Z</when>
        <gx:coord>10.370836 51.040054 2636.4988</gx:coord>
        <when>2025-01-01T01:07:31.5049100Z</when>
        <gx:coord>10.3711815 51.03681 2647.258</gx:coord>
        <when>2025-01-01T01:07:36.5049100Z</when>
        <gx:coord>10.3715315 51.033615 2653.2288</gx:coord>
        <when>2025-01-01T01:07:41.5189100Z</when>
        <gx:coord>10.3717165 51.03043 2652.9397</gx:coord>
        <when>2025-01-01T01:07:45.0959100Z</when>
        <gx:coord>10.371846 51.027866 2650.2034</gx:coord>
        <when>2025-01-01T01:07:46.5189100Z</when>
        <gx:coord>10.371886 51.027218 2646.6218</gx:coord>
        <when>2025-01-01T01:08:11.0989100Z</when>
        <gx:coord>10.373335 51.01098 2653.6868</gx:coord>
        <when>2025-01-01T01:08:24.0909100Z</when>
        <gx:coord>10.374203 51.0031 2628.722</gx:coord>
        <when>2025-01-01T01:08:37.1049100Z</when>
        <gx:coord>10.375752 50.994465 2639.18</gx:coord>
        <when>2025-01-01T01:08:37.1149100Z</when>
        <gx:coord>10.375839 50.99382 2639.18</gx:coord>
        <when>2025-01-01T01:08:56.3409100Z</when>
        <gx:coord>10.377389 50.981445 2613.2148</gx:coord>
        <when>2025-01-01T01:09:01.3419100Z</when>
        <gx:coord>10.377593 50.9781 2611.8179</gx:coord>
        <when>2025-01-01T01:09:03.1029100Z</when>
        <gx:coord>10.377884 50.976765 2612.5056</gx:coord>
        <when>2025-01-01T01:09:06.3419100Z</when>
        <gx:coord>10.378625 50.97478 2616.1323</gx:coord>
        <when>2025-01-01T01:09:07.0869100Z</when>
        <gx:coord>10.378625 50.97478 2616.1323</gx:coord>
        <when>2025-01-01T01:09:11.3419100Z</when>
        <gx:coord>10.380584 50.97161 2623.5193</gx:coord>
        <when>2025-01-01T01:09:12.0879100Z</when>
        <gx:coord>10.380584 50.97161 2623.5193</gx:coord>
        <when>2025-01-01T01:09:15.0909100Z</when>
        <gx:coord>10.382381 50.969883 2624.191</gx:coord>
        <when>2025-01-01T01:09:16.3419100Z</when>
        <gx:coord>10.383896 50.96887 2622.4204</gx:coord>
        <when>2025-01-01T01:09:18.0839100Z</when>
        <gx:coord>10.384738 50.968407 2621.1045</gx:coord>
        <when>2025-01-01T01:09:21.1289100Z</when>
        <gx:coord>10.387541 50.967255 2612.8972</gx:coord>
        <when>2025-01-01T01:09:21.1289100Z</when>
        <gx:coord>10.388568 50.966957 2608.7903</gx:coord>
        <when>2025-01-01T01:09:21.3419100Z</when>
        <gx:coord>10.388568 50.966957 2608.7903</gx:coord>
        <when>2025-01-01T01:09:22.0899100Z</when>
        <gx:coord>10.388568 50.966957 2608.7903</gx:coord>
        <when>2025-01-01T01:09:24.0909100Z</when>
        <gx:coord>10.390709 50.966473 2599.4768</gx:coord>
        <when>2025-01-01T01:09:26.3419100Z</when>
        <gx:coord>10.394089 50.966057 2579.817</gx:coord>
        <when>2025-01-01T01:09:27.0929100Z</when>
        <gx:coord>10.395245 50.96597 2574.3452</gx:coord>
        <when>2025-01-01T01:09:30.1039100Z</when>
        <gx:coord>10.398734 50.965694 2568.4207</gx:coord>
        <when>2025-01-01T01:09:31.3469100Z</when>
        <gx:coord>10.399889 50.965595 2567.5156</gx:coord>
        <when>2025-01-01T01:09:36.3419100Z</when>
        <gx:coord>10.40557 50.965015 2563.537</gx:coord>
        <when>2025-01-01T01:09:41.3419100Z</when>
        <gx:coord>10.410985 50.963978 2562.1665</gx:coord>
        <when>2025-01-01T01:09:46.3419100Z</when>
        <gx:coord>10.416157 50.962654 2559.8276</gx:coord>
        <when>2025-01-01T01:09:51.3419100Z</when>
        <gx:coord>10.421298 50.961414 2550.5864</gx:coord>
        <when>2025-01-01T01:09:54.1009100Z</when>
        <gx:coord>10.42439 50.96069 2545.9658</gx:coord>
        <when>2025-01-01T01:09:54.1009100Z</when>
        <gx:coord>10.42439 50.96069 2543.8118</gx:coord>
        <when>2025-01-01T01:09:56.4089100Z</when>
        <gx:coord>10.426452 50.960213 2540.0515</gx:coord>
        <when>2025-01-01T01:10:01.3419100Z</when>
        <gx:coord>10.431575 50.959045 2535.9995</gx:coord>
        <when>2025-01-01T01:10:06.3419100Z</when>
        <gx:coord>10.436528 50.957787 2538.2576</gx:coord>
        <when>2025-01-01T01:10:08.0839100Z</when>
        <gx:coord>10.437491 50.957516 2538.4866</gx:coord>
        <when>2025-01-01T01:10:09.0869100Z</when>
        <gx:coord>10.438446 50.957233 2538.511</gx:coord>
        <when>2025-01-01T01:10:11.3419100Z</when>
        <gx:coord>10.4412565 50.956345 2534.8794</gx:coord>
        <when>2025-01-01T01:10:16.3419100Z</when>
        <gx:coord>10.445979 50.954845 2517.6501</gx:coord>
        <when>2025-01-01T01:10:18.0839100Z</when>
        <gx:coord>10.447905 50.95425 2509.971</gx:coord>
        <when>2025-01-01T01:10:19.0949100Z</when>
        <gx:coord>10.448876 50.953957 2509.971</gx:coord>
        <when>2025-01-01T01:10:21.3409100Z</when>
        <gx:coord>10.450839 50.953384 2500.2363</gx:coord>
        <when>2025-01-01T01:10:26.3489100Z</when>
        <gx:coord>10.45588 50.952118 2484.8752</gx:coord>
        <when>2025-01-01T01:10:28.0859100Z</when>
        <gx:coord>10.457937 50.951664 2479.4783</gx:coord>
        <when>2025-01-01T01:10:31.3419100Z</when>
        <gx:coord>10.46102 50.950985 2473.7043</gx:coord>
        <when>2025-01-01T01:10:36.3419100Z</when>
        <gx:coord>10.466136 50.949886 2466.8652</gx:coord>
        <when>2025-01-01T01:10:41.3419100Z</when>
        <gx:coord>10.4712515 50.9489 2457.8547</gx:coord>
        <when>2025-01-01T01:10:43.0869100Z</when>
        <gx:coord>10.472275 50.948715 2456.1365</gx:coord>
        <when>2025-01-01T01:10:44.0959100Z</when>
        <gx:coord>10.474325 50.948368 2454.6548</gx:coord>
        <when>2025-01-01T01:10:46.3419100Z</when>
        <gx:coord>10.476378 50.948055 2450.252</gx:coord>
        <when>2025-01-01T01:10:47.0899100Z</when>
        <gx:coord>10.4774065 50.947906 2448.8472</gx:coord>
        <when>2025-01-01T01:10:51.3419100Z</when>
        <gx:coord>10.481505 50.947323 2442.959</gx:coord>
        <when>2025-01-01T01:10:56.3849100Z</when>
        <gx:coord>10.48657 50.94647 2436.565</gx:coord>
        <when>2025-01-01T01:11:01.3419100Z</when>
        <gx:coord>10.491594 50.945507 2426.8398</gx:coord>
        <when>2025-01-01T01:11:05.0929100Z</when>
        <gx:coord>10.495628 50.944744 2417.9878</gx:coord>
        <when>2025-01-01T01:11:06.3419100Z</when>
        <gx:coord>10.496638 50.944546 2415.7168</gx:coord>
        <when>2025-01-01T01:11:10.0989100Z</when>
        <gx:coord>10.500657 50.943695 2409.6545</gx:coord>
        <when>2025-01-01T01:11:11.3419100Z</when>
        <gx:coord>10.5016575 50.94347 2405.7937</gx:coord>
        <when>2025-01-01T01:11:16.3419100Z</when>
        <gx:coord>10.50666 50.94235 2396.6707</gx:coord>
        <when>2025-01-01T01:11:20.0849100Z</when>
        <gx:coord>10.510717 50.941555 2385.2832</gx:coord>
        <when>2025-01-01T01:11:21.3419100Z</when>
        <gx:coord>10.511744 50.941376 2381.8755</gx:coord>
        <when>2025-01-01T01:11:26.3499100Z</when>
        <gx:coord>10.516915 50.940495 2364.0212</gx:coord>
        <when>2025-01-01T01:11:29.0939100Z</when>
        <gx:coord>10.520032 50.93994 2353.7368</gx:coord>
        <when>2025-01-01T01:11:31.3419100Z</when>
        <gx:coord>10.522117 50.939575 2346.7468</gx:coord>
        <when>2025-01-01T01:11:35.1009100Z</when>
        <gx:coord>10.526312 50.93888 2336.582</gx:coord>
        <when>2025-01-01T01:11:36.3419100Z</when>
        <gx:coord>10.527368 50.938717 2328.6396</gx:coord>
        <when>2025-01-01T01:11:40.0879100Z</when>
        <gx:coord>10.53158 50.938076 2322.836</gx:coord>
        <when>2025-01-01T01:11:41.3419100Z</when>
        <gx:coord>10.532627 50.937916 2321.4966</gx:coord>
        <when>2025-01-01T01:11:46.3419100Z</when>
        <gx:coord>10.537815 50.937122 2320.765</gx:coord>
        <when>2025-01-01T01:11:51.3419100Z</when>
        <gx:coord>10.542977 50.93638 2319.8936</gx:coord>
        <when>2025-01-01T01:11:56.3819100Z</when>
        <gx:coord>10.548073 50.935673 2322.4138</gx:coord>
        <when>2025-01-01T01:12:00.0969100Z</when>
        <gx:coord>10.552133 50.935158 2323.069</gx:coord>
        <when>2025-01-01T01:12:01.3419100Z</when>
        <gx:coord>10.553143 50.93504 2326.6428</gx:coord>
        <when>2025-01-01T01:12:06.3419100Z</when>
        <gx:coord>10.558138 50.934467 2334.3127</gx:coord>
        <when>2025-01-01T01:12:11.3409100Z</when>
        <gx:coord>10.563122 50.933926 2331.1355</gx:coord>
        <when>2025-01-01T01:12:16.3419100Z</when>
        <gx:coord>10.568164 50.93341 2325.5574</gx:coord>
        <when>2025-01-01T01:12:21.3429100Z</when>
        <gx:coord>10.573254 50.93286 2319.234</gx:coord>
        <when>2025-01-01T01:12:26.0829100Z</when>
        <gx:coord>10.578381 50.932312 2315.6602</gx:coord>
        <when>2025-01-01T01:12:26.3419100Z</when>
        <gx:coord>10.578381 50.932312 2315.1602</gx:coord>
        <when>2025-01-01T01:12:31.3419100Z</when>
        <gx:coord>10.583466 50.931583 2313.4604</gx:coord>
        <when>2025-01-01T01:12:36.3419100Z</when>
        <gx:coord>10.58842 50.930508 2309.4565</gx:coord>
        <when>2025-01-01T01:12:41.3729100Z</when>
        <gx:coord>10.593253 50.929173 2305.5732</gx:coord>
        <when>2025-01-01T01:12:46.3419100Z</when>
        <gx:coord>10.59807 50.927807 2304.6853</gx:coord>
        <when>2025-01-01T01:12:51.3419100Z</when>
        <gx:coord>10.603082 50.926773 2303.5679</gx:coord>
        <when>2025-01-01T01:12:52.0919100Z</when>
        <gx:coord>10.604102 50.926613 2303.5679</gx:coord>
        <when>2025-01-01T01:12:56.3859100Z</when>
        <gx:coord>10.608193 50.92604 2305.613</gx:coord>
        <when>2025-01-01T01:13:01.3419100Z</when>
        <gx:coord>10.613247 50.92528 2313.3567</gx:coord>
        <when>2025-01-01T01:13:06.3489100Z</when>
        <gx:coord>10.618166 50.924446 2322.9604</gx:coord>
        <when>2025-01-01T01:13:11.3419100Z</when>
        <gx:coord>10.623057 50.92362 2325.755</gx:coord>
        <when>2025-01-01T01:13:18.0939100Z</when>
        <gx:coord>10.629875 50.922474 2331.7583</gx:coord>
        <when>2025-01-01T01:13:29.0899100Z</when>
        <gx:coord>10.639407 50.920765 2350.3613</gx:coord>
        <when>2025-01-01T01:13:31.0959100Z</when>
        <gx:coord>10.642228 50.920265 2354.659</gx:coord>
        <when>2025-01-01T01:13:37.5649100Z</when>
        <gx:coord>10.647842 50.919247 2359.6177</gx:coord>
        <when>2025-01-01T01:13:42.5659100Z</when>
        <gx:coord>10.652561 50.9184 2352.5027</gx:coord>
        <when>2025-01-01T01:13:45.0949100Z</when>
        <gx:coord>10.655458 50.91789 2346.1272</gx:coord>
        <when>2025-01-01T01:13:47.5659100Z</when>
        <gx:coord>10.657423 50.91756 2339.141</gx:coord>
        <when>2025-01-01T01:13:52.5659100Z</when>
        <gx:coord>10.662409 50.916794 2329.1362</gx:coord>
        <when>2025-01-01T01:13:57.5649100Z</when>
        <gx:coord>10.667409 50.916023 2330.2415</gx:coord>
        <when>2025-01-01T01:14:02.5659100Z</when>
        <gx:coord>10.672334 50.915195 2333.5862</gx:coord>
        <when>2025-01-01T01:14:07.5759100Z</when>
        <gx:coord>10.677192 50.914352 2339.1416</gx:coord>
        <when>2025-01-01T01:14:11.0989100Z</when>
        <gx:coord>10.681043 50.913685 2341.9495</gx:coord>
        <when>2025-01-01T01:14:12.5659100Z</when>
        <gx:coord>10.682005 50.91352 2342.9312</gx:coord>
        <when>2025-01-01T01:14:17.5649100Z</when>
        <gx:coord>10.686851 50.912735 2341.5818</gx:coord>
        <when>2025-01-01T01:14:19.0929100Z</when>
        <gx:coord>10.688806 50.912422 2340.9297</gx:coord>
        <when>2025-01-01T01:14:22.5659100Z</when>
        <gx:coord>10.691749 50.911938 2339.2305</gx:coord>
        <when>2025-01-01T01:14:27.5659100Z</when>
        <gx:coord>10.696659 50.91109 2340.4639</gx:coord>
        <when>2025-01-01T01:14:32.5659100Z</when>
        <gx:coord>10.701558 50.910244 2345.4258</gx:coord>
        <when>2025-01-01T01:14:37.6419100Z</when>
        <gx:coord>10.706429 50.909405 2351.393</gx:coord>
        <when>2025-01-01T01:14:38.1009100Z</when>
        <gx:coord>10.707401 50.909245 2351.393</gx:coord>
        <when>2025-01-01T01:14:42.5659100Z</when>
        <gx:coord>10.711281 50.908615 2357.5635</gx:coord>
        <when>2025-01-01T01:15:02.2619100Z</when>
        <gx:coord>10.730603 50.90575 2368.954</gx:coord>
        <when>2025-01-01T01:15:05.1009100Z</when>
        <gx:coord>10.733541 50.905327 2369.6924</gx:coord>
        <when>2025-01-01T01:15:06.2529100Z</when>
        <gx:coord>10.734521 50.90519 2370.0134</gx:coord>
        <when>2025-01-01T01:15:14.2769100Z</when>
        <gx:coord>10.742422 50.90407 2371.5251</gx:coord>
        <when>2025-01-01T01:15:19.2779100Z</when>
        <gx:coord>10.747345 50.90345 2378.2046</gx:coord>
        <when>2025-01-01T01:15:24.2879100Z</when>
        <gx:coord>10.752261 50.90292 2382.9321</gx:coord>
        <when>2025-01-01T01:15:29.2779100Z</when>
        <gx:coord>10.757185 50.90235 2383.8967</gx:coord>
        <when>2025-01-01T01:15:32.0949100Z</when>
        <gx:coord>10.760142 50.901936 2383.8584</gx:coord>
        <when>2025-01-01T01:15:34.2779100Z</when>
        <gx:coord>10.762118 50.901634 2383.0535</gx:coord>
        <when>2025-01-01T01:15:39.2779100Z</when>
        <gx:coord>10.767072 50.90089 2385.0757</gx:coord>
        <when>2025-01-01T01:15:40.0869100Z</when>
        <gx:coord>10.7680645 50.900753 2385.5996</gx:coord>
        <when>2025-01-01T01:15:44.2779100Z</when>
        <gx:coord>10.7720585 50.90028 2386.6921</gx:coord>
        <when>2025-01-01T01:15:49.0879100Z</when>
        <gx:coord>10.776092 50.899986 2385.1501</gx:coord>
        <when>2025-01-01T01:15:49.2779100Z</when>
        <gx:coord>10.777105 50.89995 2384.3357</gx:coord>
        <when>2025-01-01T01:15:54.2779100Z</when>
        <gx:coord>10.782202 50.900055 2375.9985</gx:coord>
        <when>2025-01-01T01:15:56.0819100Z</when>
        <gx:coord>10.783222 50.90013 2373.65</gx:coord>
        <when>2025-01-01T01:15:59.0989100Z</when>
        <gx:coord>10.787329 50.900414 2370.0588</gx:coord>
        <when>2025-01-01T01:15:59.2879100Z</when>
        <gx:coord>10.787329 50.900414 2370.3472</gx:coord>
        <when>2025-01-01T01:16:04.2779100Z</when>
        <gx:coord>10.792486 50.90054 2374.27</gx:coord>
        <when>2025-01-01T01:16:08.0869100Z</when>
        <gx:coord>10.795568 50.900467 2376.5486</gx:coord>
        <when>2025-01-01T01:16:09.2779100Z</when>
        <gx:coord>10.797614 50.900352 2377.2336</gx:coord>
        <when>2025-01-01T01:16:14.3249100Z</when>
        <gx:coord>10.802719 50.89995 2375.2378</gx:coord>
        <when>2025-01-01T01:16:19.2779100Z</when>
        <gx:coord>10.807831 50.899548 2375.7625</gx:coord>
        <when>2025-01-01T01:16:24.2779100Z</when>
        <gx:coord>10.812908 50.89909 2378.6743</gx:coord>
        <when>2025-01-01T01:16:25.1059100Z</when>
        <gx:coord>10.813918 50.898987 2378.6743</gx:coord>
        <when>2025-01-01T01:16:29.2779100Z</when>
        <gx:coord>10.817941 50.898476 2379.1208</gx:coord>
        <when>2025-01-01T01:16:31.0899100Z</when>
        <gx:coord>10.818939 50.898315 2379.0444</gx:coord>
        <when>2025-01-01T01:16:34.2779100Z</when>
        <gx:coord>10.8229265 50.897625 2378.1357</gx:coord>
        <when>2025-01-01T01:16:39.2779100Z</when>
        <gx:coord>10.827912 50.89676 2380.7239</gx:coord>
        <when>2025-01-01T01:16:44.2779100Z</when>
        <gx:coord>10.83284 50.8958 2385.2979</gx:coord>
        <when>2025-01-01T01:16:49.2879100Z</when>
        <gx:coord>10.837724 50.89479 2388.2197</gx:coord>
        <when>2025-01-01T01:16:51.0989100Z</when>
        <gx:coord>10.839678 50.89438 2388.426</gx:coord>
        <when>2025-01-01T01:16:54.2779100Z</when>
        <gx:coord>10.842615 50.893757 2387.7302</gx:coord>
        <when>2025-01-01T01:16:59.2779100Z</when>
        <gx:coord>10.847532 50.892696 2386.3022</gx:coord>
        <when>2025-01-01T01:17:04.2779100Z</when>
        <gx:coord>10.852425 50.891567 2388.9163</gx:coord>
        <when>2025-01-01T01:17:09.2779100Z</when>
        <gx:coord>10.857297 50.890396 2387.7385</gx:coord>
        <when>2025-01-01T01:17:14.3219100Z</when>
        <gx:coord>10.862218 50.889294 2387.7036</gx:coord>
        <when>2025-01-01T01:17:17.0969100Z</when>
        <gx:coord>10.865187 50.88868 2388.811</gx:coord>
        <when>2025-01-01T01:17:34.0879100Z</when>
        <gx:coord>10.881594 50.88519 2416.749</gx:coord>
        <when>2025-01-01T01:17:44.0919100Z</when>
        <gx:coord>10.891153 50.88338 2425.617</gx:coord>
        <when>2025-01-01T01:17:54.0289100Z</when>
        <gx:coord>10.899912 50.88215 2430.6182</gx:coord>
        <when>2025-01-01T01:17:59.0299100Z</when>
        <gx:coord>10.904839 50.88144 2426.1836</gx:coord>
        <when>2025-01-01T01:18:04.0299100Z</when>
        <gx:coord>10.909858 50.880665 2417.088</gx:coord>
        <when>2025-01-01T01:18:07.0889100Z</when>
        <gx:coord>10.912911 50.88019 2413.2427</gx:coord>
        <when>2025-01-01T01:18:10.1009100Z</when>
        <gx:coord>10.916987 50.879498 2410.1704</gx:coord>
        <when>2025-01-01T01:18:28.6829100Z</when>
        <gx:coord>10.934983 50.876057 2415.337</gx:coord>
        <when>2025-01-01T01:18:33.6839100Z</when>
        <gx:coord>10.940017 50.875095 2405.8337</gx:coord>
        <when>2025-01-01T01:18:36.1019100Z</when>
        <gx:coord>10.9430895 50.874542 2401.3281</gx:coord>
        <when>2025-01-01T01:18:38.6949100Z</when>
        <gx:coord>10.945157 50.874165 2392.7463</gx:coord>
        <when>2025-01-01T01:18:41.0879100Z</when>
        <gx:coord>10.948282 50.873577 2383.8755</gx:coord>
        <when>2025-01-01T01:18:43.6839100Z</when>
        <gx:coord>10.950378 50.87317 2378.8147</gx:coord>
        <when>2025-01-01T01:18:48.6959100Z</when>
        <gx:coord>10.955647 50.87208 2365.6753</gx:coord>
        <when>2025-01-01T01:18:53.6839100Z</when>
        <gx:coord>10.960935 50.871006 2362.3909</gx:coord>
        <when>2025-01-01T01:18:58.6839100Z</when>
        <gx:coord>10.966232 50.87002 2357.058</gx:coord>
        <when>2025-01-01T01:19:00.0989100Z</when>
        <gx:coord>10.968363 50.869656 2355.9473</gx:coord>
        <when>2025-01-01T01:19:03.6839100Z</when>
        <gx:coord>10.971554 50.869133 2355.5015</gx:coord>
        <when>2025-01-01T01:19:08.6839100Z</when>
        <gx:coord>10.976826 50.86826 2357.3862</gx:coord>
        <when>2025-01-01T01:19:18.0769100Z</when>
        <gx:coord>10.987249 50.866444 2352.8367</gx:coord>
        <when>2025-01-01T01:19:25.0929100Z</when>
        <gx:coord>10.994501 50.86505 2346.5002</gx:coord>
        <when>2025-01-01T01:19:25.5379100Z</when>
        <gx:coord>10.994501 50.86505 2345.315</gx:coord>
        <when>2025-01-01T01:19:30.5389100Z</when>
        <gx:coord>10.99966 50.863983 2338.3967</gx:coord>
        <when>2025-01-01T01:19:35.5389100Z</when>
        <gx:coord>11.004828 50.862915 2332.1616</gx:coord>
        <when>2025-01-01T01:19:40.5389100Z</when>
        <gx:coord>11.010002 50.861866 2327.98</gx:coord>
        <when>2025-01-01T01:19:45.0859100Z</when>
        <gx:coord>11.015195 50.860863 2321.9143</gx:coord>
        <when>2025-01-01T01:19:45.5389100Z</when>
        <gx:coord>11.015195 50.860863 2321.9143</gx:coord>
        <when>2025-01-01T01:19:50.0969100Z</when>
        <gx:coord>11.020417 50.85995 2320.1365</gx:coord>
        <when>2025-01-01T01:19:50.5389100Z</when>
        <gx:coord>11.020417 50.85995 2320.9424</gx:coord>
        <when>2025-01-01T01:20:16.0949100Z</when>
        <gx:coord>11.04651 50.8563 2341.057</gx:coord>
        <when>2025-01-01T01:20:16.6049100Z</when>
        <gx:coord>11.04651 50.8563 2339.502</gx:coord>
        <when>2025-01-01T01:20:21.6049100Z</when>
        <gx:coord>11.051617 50.855732 2328.1692</gx:coord>
        <when>2025-01-01T01:20:26.6059100Z</when>
        <gx:coord>11.056809 50.855045 2318.5884</gx:coord>
        <when>2025-01-01T01:20:31.6049100Z</when>
        <gx:coord>11.06193 50.854317 2328.206</gx:coord>
        <when>2025-01-01T01:20:36.6119100Z</when>
        <gx:coord>11.066924 50.853577 2338.05</gx:coord>
        <when>2025-01-01T01:20:41.6389100Z</when>
        <gx:coord>11.071832 50.85281 2343.61</gx:coord>
        <when>2025-01-01T01:20:42.0929100Z</when>
        <gx:coord>11.072807 50.85265 2343.61</gx:coord>
        <when>2025-01-01T01:20:46.6049100Z</when>
        <gx:coord>11.076703 50.85199 2345.849</gx:coord>
        <when>2025-01-01T01:20:49.0869100Z</when>
        <gx:coord>11.079629 50.851482 2345.4192</gx:coord>
        <when>2025-01-01T01:20:51.6049100Z</when>
        <gx:coord>11.081586 50.85114 2343.9739</gx:coord>
        <when>2025-01-01T01:20:56.6059100Z</when>
        <gx:coord>11.086495 50.85025 2340.2095</gx:coord>
        <when>2025-01-01T01:21:01.6059100Z</when>
        <gx:coord>11.091393 50.849255 2338.095</gx:coord>
        <when>2025-01-01T01:21:06.6059100Z</when>
        <gx:coord>11.096234 50.84812 2337.2468</gx:coord>
        <when>2025-01-01T01:21:08.0999100Z</when>
        <gx:coord>11.098166 50.847664 2337.1558</gx:coord>
        <when>2025-01-01T01:21:11.6059100Z</when>
        <gx:coord>11.101066 50.846985 2337.6106</gx:coord>
        <when>2025-01-01T01:21:16.6219100Z</when>
        <gx:coord>11.105859 50.84581 2338.7886</gx:coord>
        <when>2025-01-01T01:21:21.6059100Z</when>
        <gx:coord>11.11065 50.844627 2336.5688</gx:coord>
        <when>2025-01-01T01:21:26.6049100Z</when>
        <gx:coord>11.115486 50.843437 2330.2437</gx:coord>
        <when>2025-01-01T01:21:31.6059100Z</when>
        <gx:coord>11.120325 50.842194 2328.3127</gx:coord>
        <when>2025-01-01T01:21:34.0939100Z</when>
        <gx:coord>11.123214 50.841427 2328.076</gx:coord>
        <when>2025-01-01T01:21:36.6059100Z</when>
        <gx:coord>11.125132 50.840908 2328.6514</gx:coord>
        <when>2025-01-01T01:21:41.6049100Z</when>
        <gx:coord>11.129898 50.839603 2329.759</gx:coord>
        <when>2025-01-01T01:21:46.6059100Z</when>
        <gx:coord>11.134692 50.83833 2325.827</gx:coord>
        <when>2025-01-01T01:21:51.6059100Z</when>
        <gx:coord>11.139528 50.83707 2323.3054</gx:coord>
        <when>2025-01-01T01:21:56.6049100Z</when>
        <gx:coord>11.144342 50.83578 2321.0437</gx:coord>
        <when>2025-01-01T01:22:00.0909100Z</when>
        <gx:coord>11.1481905 50.83472 2318.4646</gx:coord>
        <when>2025-01-01T01:22:01.6059100Z</when>
        <gx:coord>11.149155 50.834457 2316.5164</gx:coord>
        <when>2025-01-01T01:22:06.6059100Z</when>
        <gx:coord>11.154003 50.833168 2315.7678</gx:coord>
        <when>2025-01-01T01:22:11.6059100Z</when>
        <gx:coord>11.15886 50.831966 2318.431</gx:coord>
        <when>2025-01-01T01:22:16.6219100Z</when>
        <gx:coord>11.163722 50.83084 2318.6396</gx:coord>
        <when>2025-01-01T01:22:21.6059100Z</when>
        <gx:coord>11.168591 50.82971 2314.4482</gx:coord>
        <when>2025-01-01T01:22:26.0979100Z</when>
        <gx:coord>11.173488 50.82853 2308.5586</gx:coord>
        <when>2025-01-01T01:22:26.6059100Z</when>
        <gx:coord>11.173488 50.82853 2307.1624</gx:coord>
        <when>2025-01-01T01:22:31.6059100Z</when>
        <gx:coord>11.1784315 50.82733 2299.3677</gx:coord>
        <when>2025-01-01T01:22:36.6049100Z</when>
        <gx:coord>11.183407 50.826103 2292.4663</gx:coord>
        <when>2025-01-01T01:22:38.0859100Z</when>
        <gx:coord>11.185397 50.8256 2290.7437</gx:coord>
        <when>2025-01-01T01:22:41.6059100Z</when>
        <gx:coord>11.188386 50.824852 2288.5173</gx:coord>
        <when>2025-01-01T01:22:46.6059100Z</when>
        <gx:coord>11.193365 50.823654 2293.3123</gx:coord>
        <when>2025-01-01T01:22:51.0999100Z</when>
        <gx:coord>11.198261 50.822502 2298.42</gx:coord>
        <when>2025-01-01T01:22:51.6059100Z</when>
        <gx:coord>11.198261 50.822502 2299.0322</gx:coord>
        <when>2025-01-01T01:22:56.6059100Z</when>
        <gx:coord>11.203151 50.821404 2298.2844</gx:coord>
        <when>2025-01-01T01:23:01.6059100Z</when>
        <gx:coord>11.208034 50.8203 2300.592</gx:coord>
        <when>2025-01-01T01:23:06.6059100Z</when>
        <gx:coord>11.212836 50.819134 2305.7466</gx:coord>
        <when>2025-01-01T01:23:11.6049100Z</when>
        <gx:coord>11.217577 50.81793 2309.2053</gx:coord>
        <when>2025-01-01T01:23:16.6279100Z</when>
        <gx:coord>11.222299 50.816727 2312.7278</gx:coord>
        <when>2025-01-01T01:23:17.0959100Z</when>
        <gx:coord>11.223242 50.816494 2312.7278</gx:coord>
        <when>2025-01-01T01:23:21.6059100Z</when>
        <gx:coord>11.226989 50.815533 2317.1697</gx:coord>
        <when>2025-01-01T01:23:25.0909100Z</when>
        <gx:coord>11.229768 50.814774 2318.4138</gx:coord>
        <when>2025-01-01T01:23:26.6059100Z</when>
        <gx:coord>11.231589 50.814228 2319.993</gx:coord>
        <when>2025-01-01T01:23:28.0879100Z</when>
        <gx:coord>11.233372 50.813637 2321.9353</gx:coord>
        <when>2025-01-01T01:23:31.6059100Z</when>
        <gx:coord>11.23596 50.812664 2322.5498</gx:coord>
        <when>2025-01-01T01:23:36.0899100Z</when>
        <gx:coord>11.239335 50.811253 2316.572</gx:coord>
        <when>2025-01-01T01:23:36.6059100Z</when>
        <gx:coord>11.240169 50.81088 2315.949</gx:coord>
        <when>2025-01-01T01:23:41.6059100Z</when>
        <gx:coord>11.244312 50.808983 2313.131</gx:coord>
        <when>2025-01-01T01:23:44.0949100Z</when>
        <gx:coord>11.246922 50.807964 2314.8699</gx:coord>
        <when>2025-01-01T01:23:46.6059100Z</when>
        <gx:coord>11.248739 50.80739 2317.7207</gx:coord>
        <when>2025-01-01T01:23:47.0879100Z</when>
        <gx:coord>11.248739 50.80739 2317.7207</gx:coord>
        <when>2025-01-01T01:23:51.6059100Z</when>
        <gx:coord>11.253526 50.80641 2320.6782</gx:coord>
        <when>2025-01-01T01:23:52.0879100Z</when>
        <gx:coord>11.253526 50.80641 2320.6782</gx:coord>
        <when>2025-01-01T01:23:56.0889100Z</when>
        <gx:coord>11.257476 50.80617 2322.8906</gx:coord>
        <when>2025-01-01T01:23:56.6059100Z</when>
        <gx:coord>11.258459 50.80619 2323.1736</gx:coord>
        <when>2025-01-01T01:23:59.0889100Z</when>
        <gx:coord>11.260406 50.80633 2322.925</gx:coord>
        <when>2025-01-01T01:24:00.0889100Z</when>
        <gx:coord>11.261362 50.806454 2322.9712</gx:coord>
        <when>2025-01-01T01:24:01.6059100Z</when>
        <gx:coord>11.26323 50.806778 2321.5364</gx:coord>
        <when>2025-01-01T01:24:06.6059100Z</when>
        <gx:coord>11.267811 50.807804 2314.929</gx:coord>
        <when>2025-01-01T01:24:11.0869100Z</when>
        <gx:coord>11.271417 50.80875 2311.6501</gx:coord>
        <when>2025-01-01T01:24:11.6059100Z</when>
        <gx:coord>11.2723055 50.809002 2311.964</gx:coord>
        <when>2025-01-01T01:24:12.0989100Z</when>
        <gx:coord>11.273191 50.809254 2311.964</gx:coord>
        <when>2025-01-01T01:24:33.2399100Z</when>
        <gx:coord>11.291101 50.814995 2323.9795</gx:coord>
        <when>2025-01-01T01:24:38.2409100Z</when>
        <gx:coord>11.295325 50.816307 2321.1694</gx:coord>
        <when>2025-01-01T01:24:40.0949100Z</when>
        <gx:coord>11.297046 50.81683 2319.693</gx:coord>
        <when>2025-01-01T01:24:43.2409100Z</when>
        <gx:coord>11.2996435 50.817616 2315.8948</gx:coord>
        <when>2025-01-01T01:24:48.2409100Z</when>
        <gx:coord>11.304046 50.818863 2314.0222</gx:coord>
        <when>2025-01-01T01:24:53.2409100Z</when>
        <gx:coord>11.308504 50.820065 2311.9385</gx:coord>
        <when>2025-01-01T01:24:58.2409100Z</when>
        <gx:coord>11.31301 50.82121 2311.5435</gx:coord>
        <when>2025-01-01T01:25:03.2409100Z</when>
        <gx:coord>11.31752 50.822334 2311.2295</gx:coord>
        <when>2025-01-01T01:25:08.0949100Z</when>
        <gx:coord>11.321982 50.823536 2307.1738</gx:coord>
        <when>2025-01-01T01:25:08.2409100Z</when>
        <gx:coord>11.321982 50.823536 2306.3489</gx:coord>
        <when>2025-01-01T01:25:34.0949100Z</when>
        <gx:coord>11.342988 50.830944 2297.839</gx:coord>
        <when>2025-01-01T01:25:34.2339100Z</when>
        <gx:coord>11.343774 50.831287 2297.0415</gx:coord>
        <when>2025-01-01T01:25:36.0989100Z</when>
        <gx:coord>11.345323 50.832 2296.3503</gx:coord>
        <when>2025-01-01T01:25:39.2349100Z</when>
        <gx:coord>11.347605 50.833103 2294.5447</gx:coord>
        <when>2025-01-01T01:25:44.2339100Z</when>
        <gx:coord>11.351381 50.834957 2291.6465</gx:coord>
        <when>2025-01-01T01:25:45.0869100Z</when>
        <gx:coord>11.352156 50.835316 2291.2751</gx:coord>
        <when>2025-01-01T01:25:49.2349100Z</when>
        <gx:coord>11.35532 50.836708 2289.5627</gx:coord>
        <when>2025-01-01T01:25:54.2349100Z</when>
        <gx:coord>11.35933 50.838413 2287.7356</gx:coord>
        <when>2025-01-01T01:26:04.0909100Z</when>
        <gx:coord>11.367444 50.841774 2281.5325</gx:coord>
        <when>2025-01-01T01:26:26.8809100Z</when>
        <gx:coord>11.386429 50.84826 2263.689</gx:coord>
        <when>2025-01-01T01:26:31.0989100Z</when>
        <gx:coord>11.390633 50.849834 2262.1587</gx:coord>
        <when>2025-01-01T01:26:31.8819100Z</when>
        <gx:coord>11.390633 50.849834 2261.8035</gx:coord>
        <when>2025-01-01T01:26:36.0929100Z</when>
        <gx:coord>11.394808 50.85141 2260.78</gx:coord>
        <when>2025-01-01T01:26:46.9189100Z</when>
        <gx:coord>11.402906 50.85475 2251.5798</gx:coord>
        <when>2025-01-01T01:26:51.9349100Z</when>
        <gx:coord>11.406724 50.85661 2247.372</gx:coord>
        <when>2025-01-01T01:26:56.9189100Z</when>
        <gx:coord>11.410503 50.858505 2246.3757</gx:coord>
        <when>2025-01-01T01:26:59.0939100Z</when>
        <gx:coord>11.412702 50.85968 2247.6028</gx:coord>
        <when>2025-01-01T01:27:01.9189100Z</when>
        <gx:coord>11.4141445 50.86047 2246.9111</gx:coord>
        <when>2025-01-01T01:27:06.9189100Z</when>
        <gx:coord>11.417802 50.86243 2244.2373</gx:coord>
        <when>2025-01-01T01:27:11.9189100Z</when>
        <gx:coord>11.421486 50.864388 2241.687</gx:coord>
        <when>2025-01-01T01:27:16.9349100Z</when>
        <gx:coord>11.425249 50.86631 2237.6812</gx:coord>
        <when>2025-01-01T01:27:21.0879100Z</when>
        <gx:coord>11.428941 50.868313 2228.7493</gx:coord>
        <when>2025-01-01T01:27:21.9189100Z</when>
        <gx:coord>11.428941 50.868313 2228.7493</gx:coord>
        <when>2025-01-01T01:27:24.0869100Z</when>
        <gx:coord>11.430349 50.86916 2228.3206</gx:coord>
        <when>2025-01-01T01:27:26.9189100Z</when>
        <gx:coord>11.432332 50.87049 2225.1658</gx:coord>
        <when>2025-01-01T01:27:27.0919100Z</when>
        <gx:coord>11.43296 50.870953 2225.1658</gx:coord>
        <when>2025-01-01T01:27:31.9189100Z</when>
        <gx:coord>11.435419 50.872833 2215.416</gx:coord>
        <when>2025-01-01T01:27:36.9359100Z</when>
        <gx:coord>11.438522 50.8752 2200.5002</gx:coord>
        <when>2025-01-01T01:27:37.0989100Z</when>
        <gx:coord>11.439143 50.875675 2198.0452</gx:coord>
        <when>2025-01-01T01:27:55.0879100Z</when>
        <gx:coord>11.450199 50.884026 2190.5942</gx:coord>
        <when>2025-01-01T01:28:04.0879100Z</when>
        <gx:coord>11.455723 50.888126 2166.842</gx:coord>
        <when>2025-01-01T01:28:05.7009100Z</when>
        <gx:coord>11.456313 50.888603 2163.4722</gx:coord>
        <when>2025-01-01T01:28:15.0829100Z</when>
        <gx:coord>11.461964 50.893555 2136.1929</gx:coord>
        <when>2025-01-01T01:28:22.0869100Z</when>
        <gx:coord>11.4653635 50.896534 2127.1494</gx:coord>
        <when>2025-01-01T01:28:23.0959100Z</when>
        <gx:coord>11.466441 50.89754 2126.0552</gx:coord>
        <when>2025-01-01T01:28:36.0779100Z</when>
        <gx:coord>11.472019 50.90378 2107.4934</gx:coord>
        <when>2025-01-01T01:28:37.0959100Z</when>
        <gx:coord>11.472777 50.90486 2104.0466</gx:coord>
        <when>2025-01-01T01:28:37.9349100Z</when>
        <gx:coord>11.472777 50.90486 2104.0466</gx:coord>
        <when>2025-01-01T01:28:42.9359100Z</when>
        <gx:coord>11.474709 50.907543 2099.563</gx:coord>
        <when>2025-01-01T01:28:43.0929100Z</when>
        <gx:coord>11.475098 50.90807 2099.563</gx:coord>
        <when>2025-01-01T01:28:47.9359100Z</when>
        <gx:coord>11.476751 50.910164 2094.9846</gx:coord>
        <when>2025-01-01T01:28:52.1039100Z</when>
        <gx:coord>11.479023 50.912746 2083.771</gx:coord>
        <when>2025-01-01T01:28:52.9359100Z</when>
        <gx:coord>11.479023 50.912746 2080.7847</gx:coord>
        <when>2025-01-01T01:28:55.0909100Z</when>
        <gx:coord>11.480505 50.914288 2071.6313</gx:coord>
        <when>2025-01-01T01:28:57.9509100Z</when>
        <gx:coord>11.4815445 50.915306 2065.5195</gx:coord>
        <when>2025-01-01T01:29:00.0839100Z</when>
        <gx:coord>11.482629 50.916317 2059.478</gx:coord>
        <when>2025-01-01T01:29:02.9529100Z</when>
        <gx:coord>11.484329 50.91782 2048.3528</gx:coord>
        <when>2025-01-01T01:29:04.0859100Z</when>
        <gx:coord>11.485495 50.918823 2039.2266</gx:coord>
        <when>2025-01-01T01:29:07.9359100Z</when>
        <gx:coord>11.4872465 50.92035 2026.5066</gx:coord>
        <when>2025-01-01T01:29:13.0879100Z</when>
        <gx:coord>11.490706 50.92347 2007.4247</gx:coord>
        <when>2025-01-01T01:29:19.0929100Z</when>
        <gx:coord>11.494094 50.926567 2003.3169</gx:coord>
        <when>2025-01-01T01:29:37.0839100Z</when>
        <gx:coord>11.502838 50.93582 1976.7179</gx:coord>
        <when>2025-01-01T01:29:42.1419100Z</when>
        <gx:coord>11.504978 50.93852 1957.3965</gx:coord>
        <when>2025-01-01T01:29:46.0859100Z</when>
        <gx:coord>11.506645 50.94072 1945.406</gx:coord>
        <when>2025-01-01T01:29:47.0849100Z</when>
        <gx:coord>11.507041 50.94127 1945.406</gx:coord>
        <when>2025-01-01T01:29:47.1429100Z</when>
        <gx:coord>11.507041 50.94127 1943.6913</gx:coord>
        <when>2025-01-01T01:29:48.0869100Z</when>
        <gx:coord>11.507041 50.94127 1943.6913</gx:coord>
        <when>2025-01-01T01:29:52.1429100Z</when>
        <gx:coord>11.509077 50.944008 1938.2495</gx:coord>
        <when>2025-01-01T01:29:57.1419100Z</when>
        <gx:coord>11.511256 50.946693 1929.1566</gx:coord>
        <when>2025-01-01T01:30:02.1529100Z</when>
        <gx:coord>11.513602 50.94934 1919.9172</gx:coord>
        <when>2025-01-01T01:30:05.0959100Z</when>
        <gx:coord>11.515125 50.950897 1914.1666</gx:coord>
        <when>2025-01-01T01:30:07.1429100Z</when>
        <gx:coord>11.516201 50.951916 1910.6937</gx:coord>
        <when>2025-01-01T01:30:09.0869100Z</when>
        <gx:coord>11.516755 50.95242 1909.3024</gx:coord>
        <when>2025-01-01T01:30:12.1429100Z</when>
        <gx:coord>11.519057 50.954395 1904.0859</gx:coord>
        <when>2025-01-01T01:30:15.0889100Z</when>
        <gx:coord>11.520868 50.955837 1901.6473</gx:coord>
        <when>2025-01-01T01:30:17.1429100Z</when>
        <gx:coord>11.522108 50.956776 1897.6365</gx:coord>
        <when>2025-01-01T01:30:22.1429100Z</when>
        <gx:coord>11.525238 50.959106 1889.5482</gx:coord>
        <when>2025-01-01T01:30:26.0869100Z</when>
        <gx:coord>11.527755 50.960968 1882.3235</gx:coord>
        <when>2025-01-01T01:30:27.1429100Z</when>
        <gx:coord>11.528391 50.96143 1880.494</gx:coord>
        <when>2025-01-01T01:30:32.1429100Z</when>
        <gx:coord>11.531628 50.96373 1871.3436</gx:coord>
        <when>2025-01-01T01:30:37.0839100Z</when>
        <gx:coord>11.534334 50.96552 1864.4227</gx:coord>
        <when>2025-01-01T01:30:37.1429100Z</when>
        <gx:coord>11.535039 50.96595 1862.2324</gx:coord>
        <when>2025-01-01T01:30:42.0869100Z</when>
        <gx:coord>11.538809 50.968002 1849.7452</gx:coord>
        <when>2025-01-01T01:30:42.1619100Z</when>
        <gx:coord>11.538809 50.968002 1849.7452</gx:coord>
        <when>2025-01-01T01:30:43.1029100Z</when>
        <gx:coord>11.539617 50.968388 1849.7452</gx:coord>
        <when>2025-01-01T01:30:46.0849100Z</when>
        <gx:coord>11.541273 50.969128 1842.2672</gx:coord>
        <when>2025-01-01T01:30:47.1429100Z</when>
        <gx:coord>11.542968 50.96985 1836.6442</gx:coord>
        <when>2025-01-01T01:30:52.1429100Z</when>
        <gx:coord>11.547316 50.9716 1821.7816</gx:coord>
        <when>2025-01-01T01:30:53.0919100Z</when>
        <gx:coord>11.548197 50.971947 1819.0563</gx:coord>
        <when>2025-01-01T01:30:57.1429100Z</when>
        <gx:coord>11.5517235 50.973335 1809.5083</gx:coord>
        <when>2025-01-01T01:31:02.1429100Z</when>
        <gx:coord>11.556072 50.975105 1802.2988</gx:coord>
        <when>2025-01-01T01:31:07.1429100Z</when>
        <gx:coord>11.56038 50.976868 1793.5016</gx:coord>
        <when>2025-01-01T01:31:09.0909100Z</when>
        <gx:coord>11.56212 50.977554 1791.6581</gx:coord>
        <when>2025-01-01T01:31:10.0899100Z</when>
        <gx:coord>11.562998 50.97789 1788.2543</gx:coord>
        <when>2025-01-01T01:31:12.1459100Z</when>
        <gx:coord>11.564766 50.97855 1784.5754</gx:coord>
        <when>2025-01-01T01:31:17.1429100Z</when>
        <gx:coord>11.569248 50.98015 1776.7146</gx:coord>
        <when>2025-01-01T01:31:22.1429100Z</when>
        <gx:coord>11.5737095 50.981754 1770.4327</gx:coord>
        <when>2025-01-01T01:31:27.1429100Z</when>
        <gx:coord>11.578124 50.983368 1764.6091</gx:coord>
        <when>2025-01-01T01:31:32.1429100Z</when>
        <gx:coord>11.58247 50.985004 1758.0573</gx:coord>
        <when>2025-01-01T01:31:33.0809100Z</when>
        <gx:coord>11.583325 50.98534 1756.4425</gx:coord>
        <when>2025-01-01T01:31:35.0839100Z</when>
        <gx:coord>11.585027 50.98602 1754.7878</gx:coord>
        <when>2025-01-01T01:31:37.1429100Z</when>
        <gx:coord>11.586721 50.9867 1749.5581</gx:coord>
        <when>2025-01-01T01:31:42.1629100Z</when>
        <gx:coord>11.590897 50.988457 1739.952</gx:coord>
        <when>2025-01-01T01:31:47.1439100Z</when>
        <gx:coord>11.594919 50.99032 1735.0044</gx:coord>
        <when>2025-01-01T01:31:52.1429100Z</when>
        <gx:coord>11.598819 50.992165 1737.9181</gx:coord>
        <when>2025-01-01T01:31:57.1439100Z</when>
        <gx:coord>11.602685 50.993973 1735.6774</gx:coord>
        <when>2025-01-01T01:32:02.0919100Z</when>
        <gx:coord>11.606654 50.995724 1729.1531</gx:coord>
        <when>2025-01-01T01:32:02.1439100Z</when>
        <gx:coord>11.606654 50.995724 1727.6007</gx:coord>
        <when>2025-01-01T01:32:04.0869100Z</when>
        <gx:coord>11.608293 50.996403 1724.5455</gx:coord>
        <when>2025-01-01T01:32:07.1439100Z</when>
        <gx:coord>11.610799 50.997395 1720.267</gx:coord>
        <when>2025-01-01T01:32:12.1439100Z</when>
        <gx:coord>11.615057 50.998985 1719.8933</gx:coord>
        <when>2025-01-01T01:32:17.1429100Z</when>
        <gx:coord>11.619285 51.000523 1727.8989</gx:coord>
        <when>2025-01-01T01:32:22.1429100Z</when>
        <gx:coord>11.623457 51.002037 1734.7131</gx:coord>
        <when>2025-01-01T01:32:27.1429100Z</when>
        <gx:coord>11.627653 51.003498 1739.6887</gx:coord>
        <when>2025-01-01T01:32:30.1059100Z</when>
        <gx:coord>11.630143 51.004375 1743.4447</gx:coord>
        <when>2025-01-01T01:32:32.1429100Z</when>
        <gx:coord>11.63178 51.004963 1749.0911</gx:coord>
        <when>2025-01-01T01:32:37.0849100Z</when>
        <gx:coord>11.635824 51.00644 1756.0752</gx:coord>
        <when>2025-01-01T01:32:37.1439100Z</when>
        <gx:coord>11.635824 51.00644 1756.0752</gx:coord>
        <when>2025-01-01T01:32:42.1729100Z</when>
        <gx:coord>11.639805 51.00792 1762.0094</gx:coord>
        <when>2025-01-01T01:32:47.1439100Z</when>
        <gx:coord>11.643738 51.009438 1766.5463</gx:coord>
        <when>2025-01-01T01:32:52.1439100Z</when>
        <gx:coord>11.647586 51.011017 1772.7579</gx:coord>
        <when>2025-01-01T01:32:57.1439100Z</when>
        <gx:coord>11.651356 51.012653 1779.6136</gx:coord>
        <when>2025-01-01T01:32:59.0949100Z</when>
        <gx:coord>11.652849 51.013313 1780.953</gx:coord>
        <when>2025-01-01T01:33:02.1429100Z</when>
        <gx:coord>11.65508 51.01432 1782.3578</gx:coord>
        <when>2025-01-01T01:33:07.1439100Z</when>
        <gx:coord>11.658856 51.016075 1764.6892</gx:coord>
        <when>2025-01-01T01:33:12.1439100Z</when>
        <gx:coord>11.662795 51.017918 1746.2344</gx:coord>
        <when>2025-01-01T01:33:17.1439100Z</when>
        <gx:coord>11.666876 51.01978 1728.65</gx:coord>
        <when>2025-01-01T01:33:19.0849100Z</when>
        <gx:coord>11.668541 51.020523 1724.0459</gx:coord>
        <when>2025-01-01T01:33:22.1429100Z</when>
        <gx:coord>11.6710205 51.021664 1719.0406</gx:coord>
        <when>2025-01-01T01:33:26.0949100Z</when>
        <gx:coord>11.674183 51.023273 1713.1921</gx:coord>
        <when>2025-01-01T01:33:27.1439100Z</when>
        <gx:coord>11.674939 51.023693 1709.6819</gx:coord>
        <when>2025-01-01T01:33:32.1439100Z</when>
        <gx:coord>11.678722 51.025784 1698.9081</gx:coord>
        <when>2025-01-01T01:33:34.0849100Z</when>
        <gx:coord>11.680265 51.026604 1692.8146</gx:coord>
        <when>2025-01-01T01:33:37.1439100Z</when>
        <gx:coord>11.682598 51.02783 1682.944</gx:coord>
        <when>2025-01-01T01:33:42.1679100Z</when>
        <gx:coord>11.686464 51.029884 1667.2443</gx:coord>
        <when>2025-01-01T01:33:44.0899100Z</when>
        <gx:coord>11.68798 51.030727 1660.9156</gx:coord>
        <when>2025-01-01T01:33:47.1439100Z</when>
        <gx:coord>11.690201 51.032013 1651.982</gx:coord>
        <when>2025-01-01T01:33:49.0889100Z</when>
        <gx:coord>11.69092 51.032455 1649.1316</gx:coord>
        <when>2025-01-01T01:33:52.1439100Z</when>
        <gx:coord>11.693694 51.034267 1633.485</gx:coord>
        <when>2025-01-01T01:33:53.0939100Z</when>
        <gx:coord>11.694373 51.034733 1633.485</gx:coord>
        <when>2025-01-01T01:33:53.0939100Z</when>
        <gx:coord>11.694373 51.034733 1629.2699</gx:coord>
        <when>2025-01-01T01:33:57.1439100Z</when>
        <gx:coord>11.697113 51.03657 1614.3317</gx:coord>
        <when>2025-01-01T01:34:02.0879100Z</when>
        <gx:coord>11.700619 51.038815 1598.1764</gx:coord>
        <when>2025-01-01T01:34:02.1439100Z</when>
        <gx:coord>11.700619 51.038815 1598.1764</gx:coord>
        <when>2025-01-01T01:34:07.1439100Z</when>
        <gx:coord>11.704172 51.041008 1580.5273</gx:coord>
        <when>2025-01-01T01:34:10.0859100Z</when>
        <gx:coord>11.706317 51.042313 1567.1809</gx:coord>
        <when>2025-01-01T01:34:12.1439100Z</when>
        <gx:coord>11.707753 51.043186 1556.8678</gx:coord>
        <when>2025-01-01T01:34:17.0869100Z</when>
        <gx:coord>11.711357 51.045395 1532.6322</gx:coord>
        <when>2025-01-01T01:34:17.1439100Z</when>
        <gx:coord>11.711357 51.045395 1532.6322</gx:coord>
        <when>2025-01-01T01:34:20.0909100Z</when>
        <gx:coord>11.713504 51.046734 1524.2905</gx:coord>
        <when>2025-01-01T01:34:22.1439100Z</when>
        <gx:coord>11.714925 51.04762 1516.6323</gx:coord>
        <when>2025-01-01T01:34:27.0899100Z</when>
        <gx:coord>11.718522 51.049797 1500.6014</gx:coord>
        <when>2025-01-01T01:34:27.1439100Z</when>
        <gx:coord>11.718522 51.049797 1500.6014</gx:coord>
        <when>2025-01-01T01:34:32.1439100Z</when>
        <gx:coord>11.722078 51.05194 1489.2672</gx:coord>
        <when>2025-01-01T01:34:37.1459100Z</when>
        <gx:coord>11.725123 51.05426 1472.9307</gx:coord>
        <when>2025-01-01T01:34:38.0859100Z</when>
        <gx:coord>11.725123 51.05426 1472.9307</gx:coord>
        <when>2025-01-01T01:34:38.0869100Z</when>
        <gx:coord>11.725638 51.054756 1468.8392</gx:coord>
        <when>2025-01-01T01:34:42.1959100Z</when>
        <gx:coord>11.727571 51.056778 1452.3002</gx:coord>
        <when>2025-01-01T01:34:46.0839100Z</when>
        <gx:coord>11.729466 51.05882 1437.3859</gx:coord>
        <when>2025-01-01T01:34:47.1439100Z</when>
        <gx:coord>11.729951 51.059322 1433.9551</gx:coord>
        <when>2025-01-01T01:34:48.0939100Z</when>
        <gx:coord>11.730444 51.05983 1433.9551</gx:coord>
        <when>2025-01-01T01:34:52.1439100Z</when>
        <gx:coord>11.732489 51.06183 1410.7118</gx:coord>
        <when>2025-01-01T01:34:53.0849100Z</when>
        <gx:coord>11.733021 51.062325 1406.12</gx:coord>
        <when>2025-01-01T01:34:57.1439100Z</when>
        <gx:coord>11.735218 51.06429 1390.4972</gx:coord>
        <when>2025-01-01T01:35:02.0889100Z</when>
        <gx:coord>11.738029 51.06671 1375.4419</gx:coord>
        <when>2025-01-01T01:35:02.1439100Z</when>
        <gx:coord>11.738029 51.06671 1375.4419</gx:coord>
        <when>2025-01-01T01:35:07.1439100Z</when>
        <gx:coord>11.7406645 51.06914 1359.6445</gx:coord>
        <when>2025-01-01T01:35:12.0919100Z</when>
        <gx:coord>11.743292 51.07155 1343.7053</gx:coord>
        <when>2025-01-01T01:35:12.1439100Z</when>
        <gx:coord>11.743292 51.07155 1343.7053</gx:coord>
        <when>2025-01-01T01:35:17.0939100Z</when>
        <gx:coord>11.745838 51.073967 1328.0825</gx:coord>
        <when>2025-01-01T01:35:17.1439100Z</when>
        <gx:coord>11.745838 51.073967 1324.05</gx:coord>
        <when>2025-01-01T01:35:21.0889100Z</when>
        <gx:coord>11.747866 51.075905 1310.4342</gx:coord>
        <when>2025-01-01T01:35:22.1439100Z</when>
        <gx:coord>11.748379 51.07638 1307.7017</gx:coord>
        <when>2025-01-01T01:35:27.1439100Z</when>
        <gx:coord>11.751023 51.07873 1294.6632</gx:coord>
        <when>2025-01-01T01:35:29.0869100Z</when>
        <gx:coord>11.751565 51.07919 1292.4955</gx:coord>
        <when>2025-01-01T01:35:32.1439100Z</when>
        <gx:coord>11.753788 51.08099 1283.0979</gx:coord>
        <when>2025-01-01T01:35:34.0899100Z</when>
        <gx:coord>11.754934 51.08187 1276.3534</gx:coord>
        <when>2025-01-01T01:35:37.1439100Z</when>
        <gx:coord>11.7567 51.083183 1264.8501</gx:coord>
        <when>2025-01-01T01:35:42.1679100Z</when>
        <gx:coord>11.759705 51.085365 1246.7677</gx:coord>
        <when>2025-01-01T01:35:43.0919100Z</when>
        <gx:coord>11.760304 51.085804 1244.0404</gx:coord>
        <when>2025-01-01T01:35:46.0929100Z</when>
        <gx:coord>11.762082 51.08712 1239.3165</gx:coord>
        <when>2025-01-01T01:35:47.1439100Z</when>
        <gx:coord>11.762664 51.087563 1235.2587</gx:coord>
        <when>2025-01-01T01:35:52.1439100Z</when>
        <gx:coord>11.765523 51.089764 1223.7725</gx:coord>
        <when>2025-01-01T01:35:57.0919100Z</when>
        <gx:coord>11.768399 51.091927 1211.9594</gx:coord>
        <when>2025-01-01T01:35:57.1439100Z</when>
        <gx:coord>11.768399 51.091927 1211.9594</gx:coord>
        <when>2025-01-01T01:36:02.1439100Z</when>
        <gx:coord>11.771304 51.094067 1198.4369</gx:coord>
        <when>2025-01-01T01:36:07.1439100Z</when>
        <gx:coord>11.774181 51.096195 1185.9995</gx:coord>
        <when>2025-01-01T01:36:09.0869100Z</when>
        <gx:coord>11.7753105 51.09705 1180.7662</gx:coord>
        <when>2025-01-01T01:36:12.1439100Z</when>
        <gx:coord>11.776972 51.09834 1172.0331</gx:coord>
        <when>2025-01-01T01:36:16.0959100Z</when>
        <gx:coord>11.779139 51.100082 1161.8455</gx:coord>
        <when>2025-01-01T01:36:17.1439100Z</when>
        <gx:coord>11.779685 51.100517 1154.6405</gx:coord>
        <when>2025-01-01T01:36:19.0919100Z</when>
        <gx:coord>11.780782 51.101395 1147.4078</gx:coord>
        <when>2025-01-01T01:36:22.1439100Z</when>
        <gx:coord>11.782436 51.10271 1136.6481</gx:coord>
        <when>2025-01-01T01:36:27.1439100Z</when>
        <gx:coord>11.78519 51.104927 1119.6584</gx:coord>
        <when>2025-01-01T01:36:28.0869100Z</when>
        <gx:coord>11.785736 51.10537 1116.5048</gx:coord>
        <when>2025-01-01T01:36:32.1439100Z</when>
        <gx:coord>11.787889 51.10716 1104.7665</gx:coord>
        <when>2025-01-01T01:36:37.1439100Z</when>
        <gx:coord>11.79055 51.109394 1091.8441</gx:coord>
        <when>2025-01-01T01:36:40.0879100Z</when>
        <gx:coord>11.792177 51.11071 1083.1387</gx:coord>
        <when>2025-01-01T01:36:42.1559100Z</when>
        <gx:coord>11.79328 51.111584 1077.2495</gx:coord>
        <when>2025-01-01T01:36:46.0959100Z</when>
        <gx:coord>11.795487 51.113327 1068.0619</gx:coord>
        <when>2025-01-01T01:36:47.1439100Z</when>
        <gx:coord>11.79603 51.113766 1061.7443</gx:coord>
        <when>2025-01-01T01:36:50.0889100Z</when>
        <gx:coord>11.797619 51.115097 1052.569</gx:coord>
        <when>2025-01-01T01:36:52.1439100Z</when>
        <gx:coord>11.798651 51.115993 1047.2992</gx:coord>
        <when>2025-01-01T01:36:57.1449100Z</when>
        <gx:coord>11.80121 51.11823 1034.919</gx:coord>
        <when>2025-01-01T01:37:02.0889100Z</when>
        <gx:coord>11.803789 51.120445 1019.69556</gx:coord>
        <when>2025-01-01T01:37:02.1449100Z</when>
        <gx:coord>11.803789 51.120445 1019.69556</gx:coord>
        <when>2025-01-01T01:37:07.1449100Z</when>
        <gx:coord>11.806339 51.122673 1006.0971</gx:coord>
        <when>2025-01-01T01:37:12.1449100Z</when>
        <gx:coord>11.808864 51.124893 994.27435</gx:coord>
        <when>2025-01-01T01:37:14.0909100Z</when>
        <gx:coord>11.809885 51.125774 989.2147</gx:coord>
        <when>2025-01-01T01:37:17.1029100Z</when>
        <gx:coord>11.811443 51.127087 983.74066</gx:coord>
        <when>2025-01-01T01:37:17.1439100Z</when>
        <gx:coord>11.811443 51.127087 980.8714</gx:coord>
        <when>2025-01-01T01:37:22.1449100Z</when>
        <gx:coord>11.81407 51.129272 966.9719</gx:coord>
        <when>2025-01-01T01:37:26.0899100Z</when>
        <gx:coord>11.816153 51.13103 958.0334</gx:coord>
        <when>2025-01-01T01:37:27.1439100Z</when>
        <gx:coord>11.816672 51.13147 956.0393</gx:coord>
        <when>2025-01-01T01:37:32.1449100Z</when>
        <gx:coord>11.819271 51.13365 946.1714</gx:coord>
        <when>2025-01-01T01:37:37.1449100Z</when>
        <gx:coord>11.821925 51.13581 936.4694</gx:coord>
        <when>2025-01-01T01:37:42.0889100Z</when>
        <gx:coord>11.824555 51.137974 926.9099</gx:coord>
        <when>2025-01-01T01:37:42.1689100Z</when>
        <gx:coord>11.824555 51.137974 926.9099</gx:coord>
        <when>2025-01-01T01:37:47.1449100Z</when>
        <gx:coord>11.827153 51.140156 915.7157</gx:coord>
        <when>2025-01-01T01:37:48.0929100Z</when>
        <gx:coord>11.827669 51.140594 915.7157</gx:coord>
        <when>2025-01-01T01:37:52.1449100Z</when>
        <gx:coord>11.829691 51.142372 903.4361</gx:coord>
        <when>2025-01-01T01:37:55.0949100Z</when>
        <gx:coord>11.831157 51.143738 895.48016</gx:coord>
        <when>2025-01-01T01:37:57.1449100Z</when>
        <gx:coord>11.832112 51.14467 889.4654</gx:coord>
        <when>2025-01-01T01:38:02.1449100Z</when>
        <gx:coord>11.834531 51.147015 873.29407</gx:coord>
        <when>2025-01-01T01:38:05.0879100Z</when>
        <gx:coord>11.835979 51.14844 864.3607</gx:coord>
        <when>2025-01-01T01:38:07.1439100Z</when>
        <gx:coord>11.836951 51.149403 858.12177</gx:coord>
        <when>2025-01-01T01:38:12.1529100Z</when>
        <gx:coord>11.83943 51.151806 843.67316</gx:coord>
        <when>2025-01-01T01:38:16.0819100Z</when>
        <gx:coord>11.841741 51.153618 832.385</gx:coord>
        <when>2025-01-01T01:38:17.1509100Z</when>
        <gx:coord>11.842351 51.154064 829.0873</gx:coord>
        <when>2025-01-01T01:38:18.0959100Z</when>
        <gx:coord>11.842963 51.154507 829.0873</gx:coord>
        <when>2025-01-01T01:38:20.0949100Z</when>
        <gx:coord>11.844202 51.155388 822.2879</gx:coord>
        <when>2025-01-01T01:38:22.1439100Z</when>
        <gx:coord>11.845457 51.15627 812.1158</gx:coord>
        <when>2025-01-01T01:38:25.0859100Z</when>
        <gx:coord>11.847362 51.157604 799.7558</gx:coord>
        <when>2025-01-01T01:38:27.1439100Z</when>
        <gx:coord>11.848639 51.15852 789.02454</gx:coord>
        <when>2025-01-01T01:38:29.0879100Z</when>
        <gx:coord>11.84928 51.158985 784.94196</gx:coord>
        <when>2025-01-01T01:38:32.1429100Z</when>
        <gx:coord>11.851889 51.160854 771.58417</gx:coord>
        <when>2025-01-01T01:38:34.0869100Z</when>
        <gx:coord>11.853223 51.161785 767.5247</gx:coord>
        <when>2025-01-01T01:38:37.1439100Z</when>
        <gx:coord>11.855228 51.16316 759.7352</gx:coord>
        <when>2025-01-01T01:38:46.0919100Z</when>
        <gx:coord>11.861244 51.167236 742.63544</gx:coord>
        <when>2025-01-01T01:38:48.0899100Z</when>
        <gx:coord>11.861919 51.16768 741.6445</gx:coord>
        <when>2025-01-01T01:38:52.0829100Z</when>
        <gx:coord>11.865283 51.16988 735.98517</gx:coord>
        <when>2025-01-01T01:39:06.5069100Z</when>
        <gx:coord>11.874821 51.17595 721.242</gx:coord>
        <when>2025-01-01T01:39:11.5079100Z</when>
        <gx:coord>11.878135 51.178116 712.04095</gx:coord>
        <when>2025-01-01T01:39:14.0959100Z</when>
        <gx:coord>11.880078 51.17945 706.98724</gx:coord>
        <when>2025-01-01T01:39:14.0959100Z</when>
        <gx:coord>11.880078 51.17945 704.78625</gx:coord>
        <when>2025-01-01T01:39:16.5079100Z</when>
        <gx:coord>11.881359 51.18036 701.8772</gx:coord>
        <when>2025-01-01T01:39:21.5079100Z</when>
        <gx:coord>11.884581 51.182613 692.4987</gx:coord>
        <when>2025-01-01T01:39:26.5079100Z</when>
        <gx:coord>11.887793 51.184853 693.41</gx:coord>
        <when>2025-01-01T01:39:31.5079100Z</when>
        <gx:coord>11.890776 51.187115 691.1208</gx:coord>
        <when>2025-01-01T01:39:36.5079100Z</when>
        <gx:coord>11.893718 51.189438 679.7505</gx:coord>
        <when>2025-01-01T01:39:39.0909100Z</when>
        <gx:coord>11.895344 51.190895 674.22534</gx:coord>
        <when>2025-01-01T01:39:40.0909100Z</when>
        <gx:coord>11.895344 51.190895 674.22534</gx:coord>
        <when>2025-01-01T01:39:41.5079100Z</when>
        <gx:coord>11.896353 51.191895 669.90106</gx:coord>
        <when>2025-01-01T01:39:42.0949100Z</when>
        <gx:coord>11.896844 51.192398 669.90106</gx:coord>
        <when>2025-01-01T01:39:46.5079100Z</when>
        <gx:coord>11.898834 51.194424 662.0015</gx:coord>
        <when>2025-01-01T01:39:51.5089100Z</when>
        <gx:coord>11.901481 51.19686 665.2336</gx:coord>
        <when>2025-01-01T01:39:56.5079100Z</when>
        <gx:coord>11.904119 51.199314 656.39746</gx:coord>
        <when>2025-01-01T01:40:01.5089100Z</when>
        <gx:coord>11.906677 51.20182 652.2639</gx:coord>
        <when>2025-01-01T01:40:06.5759100Z</when>
        <gx:coord>11.90917 51.204384 650.3528</gx:coord>
        <when>2025-01-01T01:40:10.0939100Z</when>
        <gx:coord>11.91113 51.20643 655.3169</gx:coord>
        <when>2025-01-01T01:40:11.5079100Z</when>
        <gx:coord>11.911613 51.206936 657.8755</gx:coord>
        <when>2025-01-01T01:40:16.5079100Z</when>
        <gx:coord>11.91398 51.20947 662.02747</gx:coord>
        <when>2025-01-01T01:40:21.5079100Z</when>
        <gx:coord>11.9166155 51.211864 671.9382</gx:coord>
        <when>2025-01-01T01:40:26.5079100Z</when>
        <gx:coord>11.919627 51.214073 676.55206</gx:coord>
        <when>2025-01-01T01:40:30.0869100Z</when>
        <gx:coord>11.921515 51.21536 678.732</gx:coord>
        <when>2025-01-01T01:40:31.5079100Z</when>
        <gx:coord>11.922789 51.2162 681.0558</gx:coord>
        <when>2025-01-01T01:40:36.5079100Z</when>
        <gx:coord>11.925938 51.21829 685.5626</gx:coord>
        <when>2025-01-01T01:40:38.0859100Z</when>
        <gx:coord>11.926566 51.218704 686.56665</gx:coord>
        <when>2025-01-01T01:40:39.1129100Z</when>
        <gx:coord>11.92784 51.219517 687.3349</gx:coord>
        <when>2025-01-01T01:40:41.5079100Z</when>
        <gx:coord>11.929152 51.220306 689.42566</gx:coord>
        <when>2025-01-01T01:40:46.5079100Z</when>
        <gx:coord>11.932502 51.222237 690.18256</gx:coord>
        <when>2025-01-01T01:40:51.5079100Z</when>
        <gx:coord>11.93613 51.22405 680.60394</gx:coord>
        <when>2025-01-01T01:40:56.0829100Z</when>
        <gx:coord>11.939149 51.225483 675.71387</gx:coord>
        <when>2025-01-01T01:40:56.5079100Z</when>
        <gx:coord>11.9399185 51.225834 675.25586</gx:coord>
        <when>2025-01-01T01:41:01.5079100Z</when>
        <gx:coord>11.94386 51.227524 675.0977</gx:coord>
        <when>2025-01-01T01:41:08.1019100Z</when>
        <gx:coord>11.949547 51.229744 676.47614</gx:coord>
        <when>2025-01-01T01:41:08.1099100Z</when>
        <gx:coord>11.949547 51.229744 676.47614</gx:coord>
        <when>2025-01-01T01:41:17.9019100Z</when>
        <gx:coord>11.956996 51.232365 682.6876</gx:coord>
        <when>2025-01-01T01:41:22.9029100Z</when>
        <gx:coord>11.961214 51.233704 683.20514</gx:coord>
        <when>2025-01-01T01:41:27.9029100Z</when>
        <gx:coord>11.96547 51.23503 678.50793</gx:coord>
        <when>2025-01-01T01:41:32.9029100Z</when>
        <gx:coord>11.969746 51.23637 675.8123</gx:coord>
        <when>2025-01-01T01:41:36.0909100Z</when>
        <gx:coord>11.9731455 51.23744 676.5121</gx:coord>
        <when>2025-01-01T01:41:37.9019100Z</when>
        <gx:coord>11.973989 51.23771 677.32367</gx:coord>
        <when>2025-01-01T01:41:42.9029100Z</when>
        <gx:coord>11.978163 51.23906 680.12994</gx:coord>
        <when>2025-01-01T01:41:45.0869100Z</when>
        <gx:coord>11.979837 51.239586 681.71094</gx:coord>
        <when>2025-01-01T01:41:47.9019100Z</when>
        <gx:coord>11.982371 51.240334 684.03265</gx:coord>
        <when>2025-01-01T01:41:52.9029100Z</when>
        <gx:coord>11.986684 51.241467 685.3476</gx:coord>
        <when>2025-01-01T01:41:57.9019100Z</when>
        <gx:coord>11.99108 51.24254 681.5332</gx:coord>
        <when>2025-01-01T01:42:02.9019100Z</when>
        <gx:coord>11.995537 51.243614 682.4753</gx:coord>
        <when>2025-01-01T01:42:05.0949100Z</when>
        <gx:coord>11.998228 51.244225 684.5482</gx:coord>
        <when>2025-01-01T01:42:07.9019100Z</when>
        <gx:coord>11.999979 51.244682 687.27124</gx:coord>
        <when>2025-01-01T01:42:12.9029100Z</when>
        <gx:coord>12.003938 51.24618 696.83527</gx:coord>
        <when>2025-01-01T01:42:13.0919100Z</when>
        <gx:coord>12.003938 51.24618 696.83527</gx:coord>
        <when>2025-01-01T01:42:17.9469100Z</when>
        <gx:coord>12.007232 51.24808 700.98895</gx:coord>
        <when>2025-01-01T01:42:19.0879100Z</when>
        <gx:coord>12.007827 51.24849 701.1115</gx:coord>
        <when>2025-01-01T01:42:22.9029100Z</when>
        <gx:coord>12.010019 51.250202 701.5415</gx:coord>
        <when>2025-01-01T01:42:26.0849100Z</when>
        <gx:coord>12.012034 51.25196 705.5075</gx:coord>
        <when>2025-01-01T01:42:27.9019100Z</when>
        <gx:coord>12.012568 51.252388 706.6108</gx:coord>
        <when>2025-01-01T01:42:32.9019100Z</when>
        <gx:coord>12.015532 51.254402 705.68896</gx:coord>
        <when>2025-01-01T01:42:36.0909100Z</when>
        <gx:coord>12.018126 51.255966 699.3115</gx:coord>
        <when>2025-01-01T01:42:37.9019100Z</when>
        <gx:coord>12.018784 51.256363 696.39703</gx:coord>
        <when>2025-01-01T01:42:42.9019100Z</when>
        <gx:coord>12.022056 51.258404 687.3265</gx:coord>
        <when>2025-01-01T01:42:47.9009100Z</when>
        <gx:coord>12.025404 51.260487 682.85864</gx:coord>
        <when>2025-01-01T01:42:52.9019100Z</when>
        <gx:coord>12.028749 51.262573 682.7269</gx:coord>
        <when>2025-01-01T01:42:57.9009100Z</when>
        <gx:coord>12.032074 51.26465 683.3298</gx:coord>
        <when>2025-01-01T01:43:02.9019100Z</when>
        <gx:coord>12.035338 51.26673 680.7203</gx:coord>
        <when>2025-01-01T01:43:05.0939100Z</when>
        <gx:coord>12.037299 51.26798 678.8147</gx:coord>
        <when>2025-01-01T01:43:07.9019100Z</when>
        <gx:coord>12.038616 51.268806 675.6816</gx:coord>
        <when>2025-01-01T01:43:08.0839100Z</when>
        <gx:coord>12.03928 51.26922 674.70514</gx:coord>
        <when>2025-01-01T01:43:12.9019100Z</when>
        <gx:coord>12.041985 51.270847 671.72925</gx:coord>
        <when>2025-01-01T01:43:17.9399100Z</when>
        <gx:coord>12.045444 51.272842 669.1889</gx:coord>
        <when>2025-01-01T01:43:22.9019100Z</when>
        <gx:coord>12.048858 51.274845 670.6476</gx:coord>
        <when>2025-01-01T01:43:27.9019100Z</when>
        <gx:coord>12.052248 51.276825 672.79364</gx:coord>
        <when>2025-01-01T01:43:32.9019100Z</when>
        <gx:coord>12.055654 51.27881 670.2806</gx:coord>
        <when>2025-01-01T01:43:34.1009100Z</when>
        <gx:coord>12.057014 51.27961 669.9062</gx:coord>
        <when>2025-01-01T01:43:37.9019100Z</when>
        <gx:coord>12.059055 51.28081 670.2472</gx:coord>
        <when>2025-01-01T01:43:42.9019100Z</when>
        <gx:coord>12.062477 51.28278 670.10425</gx:coord>
        <when>2025-01-01T01:43:47.9019100Z</when>
        <gx:coord>12.065924 51.284748 666.7573</gx:coord>
        <when>2025-01-01T01:43:52.9019100Z</when>
        <gx:coord>12.06939 51.286694 666.6599</gx:coord>
        <when>2025-01-01T01:43:57.9019100Z</when>
        <gx:coord>12.072847 51.288624 666.44946</gx:coord>
        <when>2025-01-01T01:44:02.9019100Z</when>
        <gx:coord>12.076297 51.29052 667.60065</gx:coord>
        <when>2025-01-01T01:44:03.0959100Z</when>
        <gx:coord>12.076992 51.290894 667.60065</gx:coord>
        <when>2025-01-01T01:44:07.9019100Z</when>
        <gx:coord>12.079761 51.292385 667.34265</gx:coord>
        <when>2025-01-01T01:44:12.9019100Z</when>
        <gx:coord>12.083182 51.29428 665.56586</gx:coord>
        <when>2025-01-01T01:44:17.9389100Z</when>
        <gx:coord>12.086655 51.296143 666.12933</gx:coord>
        <when>2025-01-01T01:44:22.9019100Z</when>
        <gx:coord>12.090178 51.297962 667.18884</gx:coord>
        <when>2025-01-01T01:44:27.9009100Z</when>
        <gx:coord>12.093706 51.29974 671.37646</gx:coord>
        <when>2025-01-01T01:44:30.0879100Z</when>
        <gx:coord>12.095114 51.300438 673.2452</gx:coord>
        <when>2025-01-01T01:44:32.9019100Z</when>
        <gx:coord>12.097221 51.301476 675.39166</gx:coord>
        <when>2025-01-01T01:44:33.1129100Z</when>
        <gx:coord>12.097919 51.301823 675.39166</gx:coord>
        <when>2025-01-01T01:44:37.9059100Z</when>
        <gx:coord>12.100719 51.30319 678.8016</gx:coord>
        <when>2025-01-01T01:44:42.9019100Z</when>
        <gx:coord>12.104318 51.30484 673.36346</gx:coord>
        <when>2025-01-01T01:44:47.9009100Z</when>
        <gx:coord>12.10808 51.30648 662.13806</gx:coord>
        <when>2025-01-01T01:44:52.9069100Z</when>
        <gx:coord>12.111957 51.30814 653.4596</gx:coord>
        <when>2025-01-01T01:44:57.9049100Z</when>
        <gx:coord>12.115897 51.309776 649.7006</gx:coord>
        <when>2025-01-01T01:45:02.0949100Z</when>
        <gx:coord>12.1198435 51.311405 646.8978</gx:coord>
        <when>2025-01-01T01:45:02.9019100Z</when>
        <gx:coord>12.1198435 51.311405 646.81976</gx:coord>
        <when>2025-01-01T01:45:07.9019100Z</when>
        <gx:coord>12.123782 51.313 648.4531</gx:coord>
        <when>2025-01-01T01:45:12.9019100Z</when>
        <gx:coord>12.12768 51.314583 647.9255</gx:coord>
        <when>2025-01-01T01:45:17.9699100Z</when>
        <gx:coord>12.131574 51.31615 647.48425</gx:coord>
        <when>2025-01-01T01:45:22.9019100Z</when>
        <gx:coord>12.135475 51.317688 647.78424</gx:coord>
        <when>2025-01-01T01:45:27.9019100Z</when>
        <gx:coord>12.139368 51.319214 648.00885</gx:coord>
        <when>2025-01-01T01:45:31.0989100Z</when>
        <gx:coord>12.142459 51.320465 646.5112</gx:coord>
        <when>2025-01-01T01:45:32.9019100Z</when>
        <gx:coord>12.143228 51.320786 645.1445</gx:coord>
        <when>2025-01-01T01:45:34.0859100Z</when>
        <gx:coord>12.144767 51.321426 643.4174</gx:coord>
        <when>2025-01-01T01:45:37.9009100Z</when>
        <gx:coord>12.147072 51.322403 640.1748</gx:coord>
        <when>2025-01-01T01:45:42.9019100Z</when>
        <gx:coord>12.150906 51.324047 636.3002</gx:coord>
        <when>2025-01-01T01:45:47.9009100Z</when>
        <gx:coord>12.154781 51.32565 636.7799</gx:coord>
        <when>2025-01-01T01:45:52.9019100Z</when>
        <gx:coord>12.158718 51.32719 635.72894</gx:coord>
        <when>2025-01-01T01:45:57.9009100Z</when>
        <gx:coord>12.162733 51.328682 632.3012</gx:coord>
        <when>2025-01-01T01:46:00.0959100Z</when>
        <gx:coord>12.165197 51.329536 631.47296</gx:coord>
        <when>2025-01-01T01:46:02.0829100Z</when>
        <gx:coord>12.166025 51.329815 631.1963</gx:coord>
        <when>2025-01-01T01:46:02.9019100Z</when>
        <gx:coord>12.166858 51.33009 631.30493</gx:coord>
        <when>2025-01-01T01:46:07.9019100Z</when>
        <gx:coord>12.171077 51.331375 631.7769</gx:coord>
        <when>2025-01-01T01:46:12.9019100Z</when>
        <gx:coord>12.175325 51.332626 629.44946</gx:coord>
        <when>2025-01-01T01:46:29.0879100Z</when>
        <gx:coord>12.190028 51.336754 618.8506</gx:coord>
        <when>2025-01-01T01:46:32.0829100Z</when>
        <gx:coord>12.191823 51.337135 616.49475</gx:coord>
        <when>2025-01-01T01:46:34.0849100Z</when>
        <gx:coord>12.194569 51.337646 612.822</gx:coord>
        <when>2025-01-01T01:46:57.0799100Z</when>
        <gx:coord>12.215831 51.341007 599.1152</gx:coord>
        <when>2025-01-01T01:47:10.9599100Z</when>
        <gx:coord>12.227708 51.34332 593.47986</gx:coord>
        <when>2025-01-01T01:47:15.9609100Z</when>
        <gx:coord>12.232221 51.344265 594.1928</gx:coord>
        <when>2025-01-01T01:47:20.9609100Z</when>
        <gx:coord>12.236808 51.345024 596.70703</gx:coord>
        <when>2025-01-01T01:47:24.0829100Z</when>
        <gx:coord>12.239615 51.345295 598.0513</gx:coord>
        <when>2025-01-01T01:47:25.9609100Z</when>
        <gx:coord>12.2415 51.34542 597.3437</gx:coord>
        <when>2025-01-01T01:47:26.1119100Z</when>
        <gx:coord>12.242445 51.345474 597.3437</gx:coord>
        <when>2025-01-01T01:47:30.9609100Z</when>
        <gx:coord>12.246252 51.3456 594.17096</gx:coord>
        <when>2025-01-01T01:47:35.9609100Z</when>
        <gx:coord>12.251019 51.345596 596.954</gx:coord>
        <when>2025-01-01T01:47:36.0849100Z</when>
        <gx:coord>12.251019 51.345596 596.954</gx:coord>
        <when>2025-01-01T01:47:40.9609100Z</when>
        <gx:coord>12.25569 51.34523 599.33496</gx:coord>
        <when>2025-01-01T01:47:45.9609100Z</when>
        <gx:coord>12.26031 51.34473 598.66797</gx:coord>
        <when>2025-01-01T01:47:50.9609100Z</when>
        <gx:coord>12.264917 51.344162 596.4806</gx:coord>
        <when>2025-01-01T01:47:55.0919100Z</when>
        <gx:coord>12.269513 51.343533 594.5461</gx:coord>
        <when>2025-01-01T01:48:05.8139100Z</when>
        <gx:coord>12.278736 51.34233 592.1726</gx:coord>
        <when>2025-01-01T01:48:10.8149100Z</when>
        <gx:coord>12.283257 51.341606 590.9178</gx:coord>
        <when>2025-01-01T01:48:15.8149100Z</when>
        <gx:coord>12.287798 51.340935 590.66656</gx:coord>
        <when>2025-01-01T01:48:20.8149100Z</when>
        <gx:coord>12.292323 51.34028 591.87634</gx:coord>
        <when>2025-01-01T01:48:24.0919100Z</when>
        <gx:coord>12.29592 51.33974 592.6631</gx:coord>
        <when>2025-01-01T01:48:25.8149100Z</when>
        <gx:coord>12.296815 51.339603 592.8015</gx:coord>
        <when>2025-01-01T01:48:28.0889100Z</when>
        <gx:coord>12.2986 51.339314 592.52954</gx:coord>
        <when>2025-01-01T01:48:30.8159100Z</when>
        <gx:coord>12.30127 51.338856 592.3115</gx:coord>
        <when>2025-01-01T01:48:35.8159100Z</when>
        <gx:coord>12.30566 51.338 591.53064</gx:coord>
        <when>2025-01-01T01:48:49.6379100Z</when>
        <gx:coord>12.31804 51.335583 587.17334</gx:coord>
        <when>2025-01-01T01:48:53.1139100Z</when>
        <gx:coord>12.321581 51.334885 587.1952</gx:coord>
        <when>2025-01-01T01:48:54.6389100Z</when>
        <gx:coord>12.322464 51.33471 587.5588</gx:coord>
        <when>2025-01-01T01:49:22.0859100Z</when>
        <gx:coord>12.346794 51.329475 588.5072</gx:coord>
        <when>2025-01-01T01:49:34.0809100Z</when>
        <gx:coord>12.356466 51.328053 598.33716</gx:coord>
        <when>2025-01-01T01:49:40.0809100Z</when>
        <gx:coord>12.361929 51.3282 595.0648</gx:coord>
        <when>2025-01-01T01:49:47.0809100Z</when>
        <gx:coord>12.369307 51.329018 581.72534</gx:coord>
        <when>2025-01-01T01:49:52.0889100Z</when>
        <gx:coord>12.3740015 51.329567 578.05273</gx:coord>
        <when>2025-01-01T01:50:09.8979100Z</when>
        <gx:coord>12.389894 51.33078 581.83984</gx:coord>
        <when>2025-01-01T01:50:14.8989100Z</when>
        <gx:coord>12.394518 51.33117 584.5785</gx:coord>
        <when>2025-01-01T01:50:19.8989100Z</when>
        <gx:coord>12.399083 51.331547 589.54816</gx:coord>
        <when>2025-01-01T01:50:21.0859100Z</when>
        <gx:coord>12.4009 51.331696 590.3058</gx:coord>
        <when>2025-01-01T01:50:24.8979100Z</when>
        <gx:coord>12.403619 51.331932 592.2834</gx:coord>
        <when>2025-01-01T01:50:29.8989100Z</when>
        <gx:coord>12.4081545 51.33235 591.6653</gx:coord>
        <when>2025-01-01T01:50:34.8989100Z</when>
        <gx:coord>12.412705 51.33277 590.96155</gx:coord>
        <when>2025-01-01T01:50:39.8989100Z</when>
        <gx:coord>12.417262 51.333206 591.40967</gx:coord>
        <when>2025-01-01T01:50:44.8989100Z</when>
        <gx:coord>12.4217615 51.333797 592.6963</gx:coord>
        <when>2025-01-01T01:50:49.8999100Z</when>
        <gx:coord>12.426213 51.334442 595.8879</gx:coord>
        <when>2025-01-01T01:50:51.0909100Z</when>
        <gx:coord>12.427989 51.33469 596.1552</gx:coord>
        <when>2025-01-01T01:50:54.8999100Z</when>
        <gx:coord>12.430661 51.33504 596.8637</gx:coord>
        <when>2025-01-01T01:50:59.8999100Z</when>
        <gx:coord>12.4351635 51.33528 600.7047</gx:coord>
        <when>2025-01-01T01:51:01.0939100Z</when>
        <gx:coord>12.436065 51.335255 600.6695</gx:coord>
        <when>2025-01-01T01:51:04.8989100Z</when>
        <gx:coord>12.439622 51.33487 597.499</gx:coord>
        <when>2025-01-01T01:51:05.0909100Z</when>
        <gx:coord>12.439622 51.33487 597.499</gx:coord>
        <when>2025-01-01T01:51:09.0849100Z</when>
        <gx:coord>12.442992 51.33405 591.4612</gx:coord>
        <when>2025-01-01T01:51:09.9279100Z</when>
        <gx:coord>12.443785 51.33378 590.0184</gx:coord>
        <when>2025-01-01T01:51:13.0879100Z</when>
        <gx:coord>12.44599 51.332817 586.7132</gx:coord>
        <when>2025-01-01T01:51:14.8999100Z</when>
        <gx:coord>12.447291 51.332066 583.9466</gx:coord>
        <when>2025-01-01T01:51:17.0829100Z</when>
        <gx:coord>12.448432 51.33123 580.7753</gx:coord>
        <when>2025-01-01T01:51:19.8999100Z</when>
        <gx:coord>12.449779 51.329853 578.3329</gx:coord>
        <when>2025-01-01T01:51:20.0889100Z</when>
        <gx:coord>12.449779 51.329853 578.3329</gx:coord>
        <when>2025-01-01T01:51:21.0879100Z</when>
        <gx:coord>12.450117 51.329372 578.89044</gx:coord>
        <when>2025-01-01T01:51:23.0839100Z</when>
        <gx:coord>12.450623 51.328392 581.596</gx:coord>
        <when>2025-01-01T01:51:24.8999100Z</when>
        <gx:coord>12.45093 51.32742 585.79474</gx:coord>
        <when>2025-01-01T01:51:26.0869100Z</when>
        <gx:coord>12.451007 51.32694 587.793</gx:coord>
        <when>2025-01-01T01:51:27.0829100Z</when>
        <gx:coord>12.451037 51.32646 588.955</gx:coord>
        <when>2025-01-01T01:51:27.0899100Z</when>
        <gx:coord>12.451028 51.325993 588.955</gx:coord>
        <when>2025-01-01T01:51:29.0779100Z</when>
        <gx:coord>12.450958 51.325527 589.45123</gx:coord>
        <when>2025-01-01T01:51:29.8999100Z</when>
        <gx:coord>12.450847 51.325073 588.91534</gx:coord>
        <when>2025-01-01T01:51:32.0869100Z</when>
        <gx:coord>12.450491 51.3242 586.81067</gx:coord>
        <when>2025-01-01T01:51:34.8999100Z</when>
        <gx:coord>12.449632 51.32298 581.9483</gx:coord>
        <when>2025-01-01T01:51:35.0869100Z</when>
        <gx:coord>12.449632 51.32298 581.9483</gx:coord>
        <when>2025-01-01T01:51:38.0839100Z</when>
        <gx:coord>12.44844 51.32189 576.6943</gx:coord>
        <when>2025-01-01T01:51:39.8989100Z</when>
        <gx:coord>12.447489 51.321255 573.17523</gx:coord>
        <when>2025-01-01T01:51:42.0859100Z</when>
        <gx:coord>12.446446 51.320675 569.93286</gx:coord>
        <when>2025-01-01T01:51:44.8999100Z</when>
        <gx:coord>12.444811 51.319855 565.25757</gx:coord>
        <when>2025-01-01T01:51:49.8999100Z</when>
        <gx:coord>12.442124 51.31844 563.3887</gx:coord>
        <when>2025-01-01T01:51:54.8999100Z</when>
        <gx:coord>12.439607 51.316933 567.64136</gx:coord>
        <when>2025-01-01T01:52:05.0849100Z</when>
        <gx:coord>12.4349985 51.313778 571.5822</gx:coord>
        <when>2025-01-01T01:52:06.0999100Z</when>
        <gx:coord>12.434124 51.313118 571.1248</gx:coord>
        <when>2025-01-01T01:52:11.0799100Z</when>
        <gx:coord>12.432377 51.311806 572.70184</gx:coord>
        <when>2025-01-01T01:52:29.0859100Z</when>
        <gx:coord>12.424046 51.306416 569.5644</gx:coord>
        <when>2025-01-01T01:52:40.1729100Z</when>
        <gx:coord>12.417642 51.303566 572.0822</gx:coord>
        <when>2025-01-01T01:52:44.0889100Z</when>
        <gx:coord>12.415988 51.30296 574.3273</gx:coord>
        <when>2025-01-01T01:52:45.1739100Z</when>
        <gx:coord>12.414884 51.302574 575.39557</gx:coord>
        <when>2025-01-01T01:52:47.0939100Z</when>
        <gx:coord>12.413757 51.30222 575.674</gx:coord>
        <when>2025-01-01T01:52:50.1739100Z</when>
        <gx:coord>12.412044 51.30174 578.1532</gx:coord>
        <when>2025-01-01T01:52:54.0859100Z</when>
        <gx:coord>12.410307 51.30132 580.81067</gx:coord>
        <when>2025-01-01T01:52:55.1739100Z</when>
        <gx:coord>12.409137 51.301075 582.5931</gx:coord>
        <when>2025-01-01T01:53:00.1779100Z</when>
        <gx:coord>12.406175 51.300602 586.48535</gx:coord>
        <when>2025-01-01T01:53:05.0779100Z</when>
        <gx:coord>12.403778 51.300327 588.9365</gx:coord>
        <when>2025-01-01T01:53:05.1739100Z</when>
        <gx:coord>12.403175 51.30027 589.81036</gx:coord>
        <when>2025-01-01T01:53:10.1739100Z</when>
        <gx:coord>12.4001465 51.30012 594.59247</gx:coord>
        <when>2025-01-01T01:53:12.0869100Z</when>
        <gx:coord>12.399539 51.300125 595.4453</gx:coord>
        <when>2025-01-01T01:53:15.1739100Z</when>
        <gx:coord>12.397114 51.300255 597.54126</gx:coord>
        <when>2025-01-01T01:53:18.0899100Z</when>
        <gx:coord>12.395908 51.30039 598.1232</gx:coord>
        <when>2025-01-01T01:53:20.1739100Z</when>
        <gx:coord>12.394105 51.300644 597.50354</gx:coord>
        <when>2025-01-01T01:53:25.1739100Z</when>
        <gx:coord>12.391028 51.300995 593.40436</gx:coord>
        <when>2025-01-01T01:53:30.1739100Z</when>
        <gx:coord>12.387903 51.301273 593.8434</gx:coord>
        <when>2025-01-01T01:53:32.0929100Z</when>
        <gx:coord>12.386657 51.301376 594.4894</gx:coord>
        <when>2025-01-01T01:53:35.1739100Z</when>
        <gx:coord>12.384804 51.30156 598.41705</gx:coord>
        <when>2025-01-01T01:53:40.0929100Z</when>
        <gx:coord>12.3824215 51.302 603.2596</gx:coord>
        <when>2025-01-01T01:53:40.1899100Z</when>
        <gx:coord>12.381852 51.302166 603.6413</gx:coord>
        <when>2025-01-01T01:53:43.0889100Z</when>
        <gx:coord>12.380758 51.30257 603.1635</gx:coord>
        <when>2025-01-01T01:53:45.1739100Z</when>
        <gx:coord>12.379234 51.303345 599.5684</gx:coord>
        <when>2025-01-01T01:53:47.0879100Z</when>
        <gx:coord>12.378764 51.303642 597.2222</gx:coord>
        <when>2025-01-01T01:53:50.1739100Z</when>
        <gx:coord>12.377094 51.30506 587.46124</gx:coord>
        <when>2025-01-01T01:53:51.0849100Z</when>
        <gx:coord>12.377094 51.30506 587.46124</gx:coord>
        <when>2025-01-01T01:53:55.0919100Z</when>
        <gx:coord>12.375831 51.306744 584.3592</gx:coord>
        <when>2025-01-01T01:53:55.1739100Z</when>
        <gx:coord>12.375578 51.30719 584.42285</gx:coord>
        <when>2025-01-01T01:53:56.0889100Z</when>
        <gx:coord>12.375578 51.30719 584.42285</gx:coord>
        <when>2025-01-01T01:54:00.1739100Z</when>
        <gx:coord>12.374613 51.309498 586.60004</gx:coord>
        <when>2025-01-01T01:54:05.1749100Z</when>
        <gx:coord>12.373908 51.311863 585.03394</gx:coord>
        <when>2025-01-01T01:54:10.1739100Z</when>
        <gx:coord>12.372955 51.31418 583.3223</gx:coord>
        <when>2025-01-01T01:54:13.0929100Z</when>
        <gx:coord>12.372337 51.315544 584.42377</gx:coord>
        <when>2025-01-01T01:54:15.1749100Z</when>
        <gx:coord>12.371921 51.31645 586.0189</gx:coord>
        <when>2025-01-01T01:54:20.1739100Z</when>
        <gx:coord>12.371009 51.31873 588.42017</gx:coord>
        <when>2025-01-01T01:54:25.1749100Z</when>
        <gx:coord>12.3701935 51.321033 588.2253</gx:coord>
        <when>2025-01-01T01:54:30.1749100Z</when>
        <gx:coord>12.369382 51.323345 586.2178</gx:coord>
        <when>2025-01-01T01:54:35.1749100Z</when>
        <gx:coord>12.368394 51.325623 583.5465</gx:coord>
        <when>2025-01-01T01:54:40.2399100Z</when>
        <gx:coord>12.367396 51.327904 582.17114</gx:coord>
        <when>2025-01-01T01:54:45.1749100Z</when>
        <gx:coord>12.366323 51.330173 578.7074</gx:coord>
        <when>2025-01-01T01:54:49.0969100Z</when>
        <gx:coord>12.365349 51.331963 577.063</gx:coord>
        <when>2025-01-01T01:54:50.1749100Z</when>
        <gx:coord>12.365075 51.3324 576.0143</gx:coord>
        <when>2025-01-01T01:55:23.2329100Z</when>
        <gx:coord>12.355573 51.346848 556.4444</gx:coord>
        <when>2025-01-01T01:55:25.0889100Z</when>
        <gx:coord>12.354943 51.347706 555.23676</gx:coord>
        <when>2025-01-01T01:55:26.0909100Z</when>
        <gx:coord>12.354943 51.347706 553.6917</gx:coord>
        <when>2025-01-01T01:55:28.0789100Z</when>
        <gx:coord>12.354085 51.34846 551.6982</gx:coord>
        <when>2025-01-01T01:55:28.0789100Z</when>
        <gx:coord>12.3535595 51.348766 550.882</gx:coord>
        <when>2025-01-01T01:55:28.2329100Z</when>
        <gx:coord>12.3535595 51.348766 550.882</gx:coord>
        <when>2025-01-01T01:55:30.0859100Z</when>
        <gx:coord>12.352996 51.349033 550.77155</gx:coord>
        <when>2025-01-01T01:55:32.0889100Z</when>
        <gx:coord>12.3517885 51.34946 551.2498</gx:coord>
        <when>2025-01-01T01:55:33.0879100Z</when>
        <gx:coord>12.351157 51.34962 550.8436</gx:coord>
        <when>2025-01-01T01:55:33.2479100Z</when>
        <gx:coord>12.350507 51.349743 549.6683</gx:coord>
        <when>2025-01-01T01:55:34.0969100Z</when>
        <gx:coord>12.350507 51.349743 549.6683</gx:coord>
        <when>2025-01-01T01:55:36.0929100Z</when>
        <gx:coord>12.349199 51.349876 548.4699</gx:coord>
        <when>2025-01-01T01:55:39.0809100Z</when>
        <gx:coord>12.347172 51.349815 544.3039</gx:coord>
        <when>2025-01-01T01:55:42.0849100Z</when>
        <gx:coord>12.345186 51.349533 536.4958</gx:coord>
        <when>2025-01-01T01:55:46.0769100Z</when>
        <gx:coord>12.342699 51.348774 533.88245</gx:coord>
        <when>2025-01-01T01:55:46.1009100Z</when>
        <gx:coord>12.342699 51.348774 533.88245</gx:coord>
        <when>2025-01-01T01:55:51.0779100Z</when>
        <gx:coord>12.3398285 51.34757 534.86584</gx:coord>
        <when>2025-01-01T01:55:56.0779100Z</when>
        <gx:coord>12.337016 51.34642 540.67957</gx:coord>
        <when>2025-01-01T01:56:01.0779100Z</when>
        <gx:coord>12.334294 51.345238 541.7342</gx:coord>
        <when>2025-01-01T01:56:06.0779100Z</when>
        <gx:coord>12.331586 51.344025 538.8302</gx:coord>
        <when>2025-01-01T01:56:10.0979100Z</when>
        <gx:coord>12.328836 51.342907 544.7461</gx:coord>
        <when>2025-01-01T01:56:11.0779100Z</when>
        <gx:coord>12.328836 51.342907 546.1876</gx:coord>
        <when>2025-01-01T01:56:16.0779100Z</when>
        <gx:coord>12.32603 51.34197 549.9366</gx:coord>
        <when>2025-01-01T01:56:17.0909100Z</when>
        <gx:coord>12.325442 51.341824 549.5096</gx:coord>
        <when>2025-01-01T01:56:21.0779100Z</when>
        <gx:coord>12.323015 51.341377 548.8709</gx:coord>
        <when>2025-01-01T01:56:22.0899100Z</when>
        <gx:coord>12.322397 51.341305 549.5142</gx:coord>
        <when>2025-01-01T01:56:26.0779100Z</when>
        <gx:coord>12.319896 51.341183 550.8894</gx:coord>
        <when>2025-01-01T01:56:27.0869100Z</when>
        <gx:coord>12.319267 51.34119 550.90594</gx:coord>
        <when>2025-01-01T01:56:31.0779100Z</when>
        <gx:coord>12.316747 51.34132 549.42267</gx:coord>
        <when>2025-01-01T01:56:33.0859100Z</when>
        <gx:coord>12.315485 51.341454 548.1309</gx:coord>
        <when>2025-01-01T01:56:36.0779100Z</when>
        <gx:coord>12.31361 51.34177 546.5803</gx:coord>
        <when>2025-01-01T01:56:39.0879100Z</when>
        <gx:coord>12.311774 51.342205 545.4496</gx:coord>
        <when>2025-01-01T01:56:41.0779100Z</when>
        <gx:coord>12.310574 51.342545 545.23047</gx:coord>
        <when>2025-01-01T01:56:46.0839100Z</when>
        <gx:coord>12.307716 51.343502 555.06934</gx:coord>
        <when>2025-01-01T01:56:51.0779100Z</when>
        <gx:coord>12.30489 51.344425 555.4042</gx:coord>
        <when>2025-01-01T01:56:53.0859100Z</when>
        <gx:coord>12.303677 51.344627 556.5405</gx:coord>
        <when>2025-01-01T01:56:55.0849100Z</when>
        <gx:coord>12.302449 51.344685 559.6541</gx:coord>
        <when>2025-01-01T01:56:55.0909100Z</when>
        <gx:coord>12.301843 51.34465 559.6541</gx:coord>
        <when>2025-01-01T01:56:56.0779100Z</when>
        <gx:coord>12.301843 51.34465 560.98553</gx:coord>
        <when>2025-01-01T01:56:56.0859100Z</when>
        <gx:coord>12.301843 51.34465 560.98553</gx:coord>
        <when>2025-01-01T01:56:57.0899100Z</when>
        <gx:coord>12.301249 51.34457 561.7327</gx:coord>
        <when>2025-01-01T01:56:59.0899100Z</when>
        <gx:coord>12.300127 51.34427 561.7486</gx:coord>
        <when>2025-01-01T01:57:01.0779100Z</when>
        <gx:coord>12.299124 51.343807 561.7106</gx:coord>
        <when>2025-01-01T01:57:01.0929100Z</when>
        <gx:coord>12.299124 51.343807 561.7106</gx:coord>
        <when>2025-01-01T01:57:04.0929100Z</when>
        <gx:coord>12.297877 51.34289 556.68695</gx:coord>
        <when>2025-01-01T01:57:05.0819100Z</when>
        <gx:coord>12.297535 51.342533 553.841</gx:coord>
        <when>2025-01-01T01:57:06.0779100Z</when>
        <gx:coord>12.2972355 51.342144 550.7004</gx:coord>
        <when>2025-01-01T01:57:07.0869100Z</when>
        <gx:coord>12.296971 51.341736 546.6277</gx:coord>
        <when>2025-01-01T01:57:10.0949100Z</when>
        <gx:coord>12.29637 51.34041 534.3895</gx:coord>
        <when>2025-01-01T01:57:12.0969100Z</when>
        <gx:coord>12.296087 51.339466 529.0756</gx:coord>
        <when>2025-01-01T01:57:18.0929100Z</when>
        <gx:coord>12.295549 51.33657 529.3014</gx:coord>
        <when>2025-01-01T01:57:20.0919100Z</when>
        <gx:coord>12.295711 51.335594 535.43866</gx:coord>
        <when>2025-01-01T01:57:22.1489100Z</when>
        <gx:coord>12.296449 51.334183 543.8555</gx:coord>
        <when>2025-01-01T01:57:23.0969100Z</when>
        <gx:coord>12.296449 51.334183 543.8555</gx:coord>
        <when>2025-01-01T01:57:26.0869100Z</when>
        <gx:coord>12.297728 51.332897 548.67395</gx:coord>
        <when>2025-01-01T01:57:27.1489100Z</when>
        <gx:coord>12.298836 51.332138 551.5364</gx:coord>
        <when>2025-01-01T01:57:28.0839100Z</when>
        <gx:coord>12.298836 51.332138 551.5364</gx:coord>
        <when>2025-01-01T01:57:29.0899100Z</when>
        <gx:coord>12.299476 51.3318 553.1907</gx:coord>
        <when>2025-01-01T01:57:32.0939100Z</when>
        <gx:coord>12.301584 51.33094 560.0661</gx:coord>
        <when>2025-01-01T01:57:32.1559100Z</when>
        <gx:coord>12.3023405 51.33071 562.70624</gx:coord>
        <when>2025-01-01T01:57:35.0839100Z</when>
        <gx:coord>12.303916 51.33035 567.818</gx:coord>
        <when>2025-01-01T01:57:37.1519100Z</when>
        <gx:coord>12.30638 51.330055 573.7107</gx:coord>
        <when>2025-01-01T01:57:38.0859100Z</when>
        <gx:coord>12.30638 51.330055 573.7107</gx:coord>
        <when>2025-01-01T01:57:41.0919100Z</when>
        <gx:coord>12.308908 51.33007 572.6168</gx:coord>
        <when>2025-01-01T01:57:42.1539100Z</when>
        <gx:coord>12.310593 51.330265 570.0907</gx:coord>
        <when>2025-01-01T01:57:45.0889100Z</when>
        <gx:coord>12.312248 51.330566 568.58655</gx:coord>
        <when>2025-01-01T01:57:47.1489100Z</when>
        <gx:coord>12.314618 51.33121 567.9072</gx:coord>
        <when>2025-01-01T01:57:50.0909100Z</when>
        <gx:coord>12.316127 51.331738 566.5469</gx:coord>
        <when>2025-01-01T01:57:52.1509100Z</when>
        <gx:coord>12.318378 51.33256 565.3458</gx:coord>
        <when>2025-01-01T01:57:57.1489100Z</when>
        <gx:coord>12.322141 51.33397 562.6941</gx:coord>
        <when>2025-01-01T01:57:58.0969100Z</when>
        <gx:coord>12.322909 51.334248 562.6941</gx:coord>
        <when>2025-01-01T01:58:02.1489100Z</when>
        <gx:coord>12.326085 51.33526 563.7857</gx:coord>
        <when>2025-01-01T01:58:07.1489100Z</when>
        <gx:coord>12.330243 51.336327 563.0696</gx:coord>
        <when>2025-01-01T01:58:12.1489100Z</when>
        <gx:coord>12.334437 51.33738 563.6157</gx:coord>
        <when>2025-01-01T01:58:13.0909100Z</when>
        <gx:coord>12.334437 51.33738 563.6157</gx:coord>
        <when>2025-01-01T01:58:21.0879100Z</when>
        <gx:coord>12.34124 51.339054 558.7812</gx:coord>
        <when>2025-01-01T01:58:28.0959100Z</when>
        <gx:coord>12.348253 51.340557 555.05817</gx:coord>
        <when>2025-01-01T01:58:57.1009100Z</when>
        <gx:coord>12.374138 51.345497 538.7469</gx:coord>
        <when>2025-01-01T01:58:57.5339100Z</when>
        <gx:coord>12.374138 51.345497 538.88617</gx:coord>
        <when>2025-01-01T01:59:02.5339100Z</when>
        <gx:coord>12.378353 51.346844 537.69135</gx:coord>
        <when>2025-01-01T01:59:07.5339100Z</when>
        <gx:coord>12.382635 51.34807 539.4135</gx:coord>
        <when>2025-01-01T01:59:12.5339100Z</when>
        <gx:coord>12.386984 51.349144 539.60974</gx:coord>
        <when>2025-01-01T01:59:17.5339100Z</when>
        <gx:coord>12.391302 51.350243 537.1574</gx:coord>
        <when>2025-01-01T01:59:22.5339100Z</when>
        <gx:coord>12.395573 51.35142 533.9591</gx:coord>
        <when>2025-01-01T01:59:26.0969100Z</when>
        <gx:coord>12.398926 51.3524 536.9891</gx:coord>
        <when>2025-01-01T01:59:27.5349100Z</when>
        <gx:coord>12.399749 51.352646 540.8344</gx:coord>
        <when>2025-01-01T01:59:32.5339100Z</when>
        <gx:coord>12.403823 51.353855 546.6257</gx:coord>
        <when>2025-01-01T01:59:37.5409100Z</when>
        <gx:coord>12.407863 51.355087 550.46716</gx:coord>
        <when>2025-01-01T01:59:42.5339100Z</when>
        <gx:coord>12.411723 51.35644 558.8216</gx:coord>
        <when>2025-01-01T01:59:47.5389100Z</when>
        <gx:coord>12.41576 51.357506 564.7238</gx:coord>
        <when>2025-01-01T01:59:51.0889100Z</when>
        <gx:coord>12.418343 51.35786 564.2895</gx:coord>
        <when>2025-01-01T01:59:52.5339100Z</when>
        <gx:coord>12.420114 51.357952 562.5313</gx:coord>
        <when>2025-01-01T01:59:55.0949100Z</when>
        <gx:coord>12.4219 51.35793 560.6247</gx:coord>
        <when>2025-01-01T01:59:57.0939100Z</when>
        <gx:coord>12.424558 51.357697 559.22565</gx:coord>
        <when>2025-01-01T01:59:57.5999100Z</when>
        <gx:coord>12.424558 51.357697 558.9219</gx:coord>
        <when>2025-01-01T01:59:59.0899100Z</when>
        <gx:coord>12.425429 51.35757 558.76276</gx:coord>
        <when>2025-01-01T02:00:02.5339100Z</when>
        <gx:coord>12.428765 51.35684 560.8941</gx:coord>
        <when>2025-01-01T02:00:04.0919100Z</when>
        <gx:coord>12.429556 51.356606 561.94385</gx:coord>
        <when>2025-01-01T02:00:07.5339100Z</when>
        <gx:coord>12.43248 51.35549 566.74225</gx:coord>
        <when>2025-01-01T02:00:08.0889100Z</when>
        <gx:coord>12.43248 51.35549 566.74225</gx:coord>
        <when>2025-01-01T02:00:09.0929100Z</when>
        <gx:coord>12.433132 51.35516 567.5099</gx:coord>
        <when>2025-01-01T02:00:12.0889100Z</when>
        <gx:coord>12.43488 51.354065 567.8287</gx:coord>
        <when>2025-01-01T02:00:12.5339100Z</when>
        <gx:coord>12.435389 51.353664 567.47345</gx:coord>
        <when>2025-01-01T02:00:16.0909100Z</when>
        <gx:coord>12.436699 51.35239 564.59796</gx:coord>
        <when>2025-01-01T02:00:17.5339100Z</when>
        <gx:coord>12.437349 51.35149 565.1179</gx:coord>
        <when>2025-01-01T02:00:19.0879100Z</when>
        <gx:coord>12.437598 51.35103 565.86584</gx:coord>
        <when>2025-01-01T02:00:20.0909100Z</when>
        <gx:coord>12.437807 51.350567 566.9615</gx:coord>
        <when>2025-01-01T02:00:22.0949100Z</when>
        <gx:coord>12.438076 51.349648 570.208</gx:coord>
        <when>2025-01-01T02:00:22.5339100Z</when>
        <gx:coord>12.438139 51.34919 572.0402</gx:coord>
        <when>2025-01-01T02:00:25.0889100Z</when>
        <gx:coord>12.438148 51.348297 574.9601</gx:coord>
        <when>2025-01-01T02:00:27.0899100Z</when>
        <gx:coord>12.437979 51.347435 577.3742</gx:coord>
        <when>2025-01-01T02:00:27.5339100Z</when>
        <gx:coord>12.43783 51.347023 578.3124</gx:coord>
        <when>2025-01-01T02:00:28.0879100Z</when>
        <gx:coord>12.43783 51.347023 578.3124</gx:coord>
        <when>2025-01-01T02:00:31.0879100Z</when>
        <gx:coord>12.4370985 51.34587 578.738</gx:coord>
        <when>2025-01-01T02:00:32.5339100Z</when>
        <gx:coord>12.436393 51.345196 577.3587</gx:coord>
        <when>2025-01-01T02:00:34.0909100Z</when>
        <gx:coord>12.435985 51.344887 576.596</gx:coord>
        <when>2025-01-01T02:00:36.0939100Z</when>
        <gx:coord>12.435044 51.344353 576.2782</gx:coord>
        <when>2025-01-01T02:00:37.5339100Z</when>
        <gx:coord>12.433995 51.343925 575.78094</gx:coord>
        <when>2025-01-01T02:00:39.0879100Z</when>
        <gx:coord>12.433438 51.343746 573.9599</gx:coord>
        <when>2025-01-01T02:00:42.5339100Z</when>
        <gx:coord>12.431094 51.343113 562.1745</gx:coord>
        <when>2025-01-01T02:00:47.5329100Z</when>
        <gx:coord>12.428027 51.342274 549.6251</gx:coord>
        <when>2025-01-01T02:00:52.5389100Z</when>
        <gx:coord>12.42496 51.341316 543.1265</gx:coord>
        <when>2025-01-01T02:00:54.0949100Z</when>
        <gx:coord>12.423718 51.340942 541.8004</gx:coord>
        <when>2025-01-01T02:00:57.5769100Z</when>
        <gx:coord>12.421821 51.340435 538.1507</gx:coord>
        <when>2025-01-01T02:01:00.0899100Z</when>
        <gx:coord>12.420524 51.340164 537.54565</gx:coord>
        <when>2025-01-01T02:01:02.5349100Z</when>
        <gx:coord>12.418571 51.339848 541.49207</gx:coord>
        <when>2025-01-01T02:01:07.5349100Z</when>
        <gx:coord>12.4154005 51.339348 548.1563</gx:coord>
        <when>2025-01-01T02:01:12.5349100Z</when>
        <gx:coord>12.4123 51.338875 550.2127</gx:coord>
        <when>2025-01-01T02:01:17.5359100Z</when>
        <gx:coord>12.409185 51.338406 546.5424</gx:coord>
        <when>2025-01-01T02:01:22.5359100Z</when>
        <gx:coord>12.406097 51.33782 545.2251</gx:coord>
        <when>2025-01-01T02:01:27.5359100Z</when>
        <gx:coord>12.403042 51.33717 545.3122</gx:coord>
        <when>2025-01-01T02:01:32.5359100Z</when>
        <gx:coord>12.399972 51.336533 543.2316</gx:coord>
        <when>2025-01-01T02:01:35.0869100Z</when>
        <gx:coord>12.398104 51.336174 542.69867</gx:coord>
        <when>2025-01-01T02:01:37.5359100Z</when>
        <gx:coord>12.396859 51.33594 543.7225</gx:coord>
        <when>2025-01-01T02:01:42.5359100Z</when>
        <gx:coord>12.393765 51.33539 546.8759</gx:coord>
        <when>2025-01-01T02:01:47.5359100Z</when>
        <gx:coord>12.390668 51.334896 545.9899</gx:coord>
        <when>2025-01-01T02:01:52.5359100Z</when>
        <gx:coord>12.387515 51.33452 545.53467</gx:coord>
        <when>2025-01-01T02:01:57.5419100Z</when>
        <gx:coord>12.38447 51.33427 560.70905</gx:coord>
        <when>2025-01-01T02:01:58.0909100Z</when>
        <gx:coord>12.38447 51.33427 560.70905</gx:coord>
        <when>2025-01-01T02:02:01.0909100Z</when>
        <gx:coord>12.382682 51.334137 563.4009</gx:coord>
        <when>2025-01-01T02:02:02.5359100Z</when>
        <gx:coord>12.381481 51.334084 564.06323</gx:coord>
        <when>2025-01-01T02:02:07.5359100Z</when>
        <gx:coord>12.378442 51.334137 563.5782</gx:coord>
        <when>2025-01-01T02:02:08.0929100Z</when>
        <gx:coord>12.378442 51.334137 563.5782</gx:coord>
        <when>2025-01-01T02:02:12.5359100Z</when>
        <gx:coord>12.375392 51.33436 565.4933</gx:coord>
        <when>2025-01-01T02:02:17.5359100Z</when>
        <gx:coord>12.372416 51.334713 573.00336</gx:coord>
        <when>2025-01-01T02:02:19.0999100Z</when>
        <gx:coord>12.371251 51.334885 574.4327</gx:coord>
        <when>2025-01-01T02:02:22.5359100Z</when>
        <gx:coord>12.369529 51.335163 581.2337</gx:coord>
        <when>2025-01-01T02:02:23.0949100Z</when>
        <gx:coord>12.369529 51.335163 581.2337</gx:coord>
        <when>2025-01-01T02:02:23.0949100Z</when>
        <gx:coord>12.368959 51.33526 582.44104</gx:coord>
        <when>2025-01-01T02:02:27.5359100Z</when>
        <gx:coord>12.366679 51.33565 583.87384</gx:coord>
        <when>2025-01-01T02:02:32.5359100Z</when>
        <gx:coord>12.363805 51.336227 582.47284</gx:coord>
        <when>2025-01-01T02:02:34.0919100Z</when>
        <gx:coord>12.36324 51.336372 583.1836</gx:coord>
        <when>2025-01-01T02:02:37.0959100Z</when>
        <gx:coord>12.36164 51.33696 584.0727</gx:coord>
        <when>2025-01-01T02:02:37.5359100Z</when>
        <gx:coord>12.361151 51.337208 584.291</gx:coord>
        <when>2025-01-01T02:02:40.0929100Z</when>
        <gx:coord>12.360237 51.33777 585.2751</gx:coord>
        <when>2025-01-01T02:02:42.5369100Z</when>
        <gx:coord>12.359063 51.338753 585.3864</gx:coord>
        <when>2025-01-01T02:02:43.0969100Z</when>
        <gx:coord>12.359063 51.338753 585.3864</gx:coord>
        <when>2025-01-01T02:02:45.0959100Z</when>
        <gx:coord>12.358417 51.339497 584.61786</gx:coord>
        <when>2025-01-01T02:02:47.5369100Z</when>
        <gx:coord>12.357445 51.34062 583.26483</gx:coord>
        <when>2025-01-01T02:02:52.5369100Z</when>
        <gx:coord>12.355477 51.342327 580.0301</gx:coord>
        <when>2025-01-01T02:02:57.5789100Z</when>
        <gx:coord>12.353303 51.343933 579.06976</gx:coord>
        <when>2025-01-01T02:02:58.0909100Z</when>
        <gx:coord>12.353303 51.343933 579.06976</gx:coord>
        <when>2025-01-01T02:03:02.5369100Z</when>
        <gx:coord>12.351103 51.345524 579.9234</gx:coord>
        <when>2025-01-01T02:03:03.0939100Z</when>
        <gx:coord>12.350664 51.345844 579.9234</gx:coord>
        <when>2025-01-01T02:03:07.5379100Z</when>
        <gx:coord>12.34888 51.34709 581.78925</gx:coord>
        <when>2025-01-01T02:03:12.5369100Z</when>
        <gx:coord>12.346662 51.348667 581.7569</gx:coord>
        <when>2025-01-01T02:03:17.5359100Z</when>
        <gx:coord>12.344531 51.350334 577.852</gx:coord>
        <when>2025-01-01T02:03:22.5359100Z</when>
        <gx:coord>12.342435 51.35207 576.26166</gx:coord>
        <when>2025-01-01T02:03:27.5359100Z</when>
        <gx:coord>12.340355 51.3538 579.428</gx:coord>
        <when>2025-01-01T02:03:32.5369100Z</when>
        <gx:coord>12.338221 51.355453 583.31525</gx:coord>
        <when>2025-01-01T02:03:37.5359100Z</when>
        <gx:coord>12.335989 51.357014 585.15015</gx:coord>
        <when>2025-01-01T02:03:42.5369100Z</when>
        <gx:coord>12.333751 51.35855 588.0818</gx:coord>
        <when>2025-01-01T02:03:43.1009100Z</when>
        <gx:coord>12.333301 51.358856 588.0818</gx:coord>
        <when>2025-01-01T02:03:47.5369100Z</when>
        <gx:coord>12.331489 51.36005 590.92163</gx:coord>
        <when>2025-01-01T02:03:52.5369100Z</when>
        <gx:coord>12.329219 51.361546 591.6926</gx:coord>
        <when>2025-01-01T02:03:57.5869100Z</when>
        <gx:coord>12.326969 51.363068 591.4555</gx:coord>
        <when>2025-01-01T02:04:02.5369100Z</when>
        <gx:coord>12.324725 51.364594 594.0587</gx:coord>
        <when>2025-01-01T02:04:07.5369100Z</when>
        <gx:coord>12.322419 51.366047 596.5819</gx:coord>
        <when>2025-01-01T02:04:12.5369100Z</when>
        <gx:coord>12.320092 51.367466 598.2072</gx:coord>
        <when>2025-01-01T02:04:17.5369100Z</when>
        <gx:coord>12.317694 51.368824 598.85016</gx:coord>
        <when>2025-01-01T02:04:22.5359100Z</when>
        <gx:coord>12.315227 51.37015 598.39996</gx:coord>
        <when>2025-01-01T02:04:24.1019100Z</when>
        <gx:coord>12.31423 51.370678 598.54755</gx:coord>
        <when>2025-01-01T02:04:27.5369100Z</when>
        <gx:coord>12.312732 51.371468 599.2567</gx:coord>
        <when>2025-01-01T02:04:29.0849100Z</when>
        <gx:coord>12.312228 51.371727 599.36633</gx:coord>
        <when>2025-01-01T02:04:32.5369100Z</when>
        <gx:coord>12.310178 51.372734 599.61676</gx:coord>
        <when>2025-01-01T02:04:37.5369100Z</when>
        <gx:coord>12.307581 51.37398 599.0544</gx:coord>
        <when>2025-01-01T02:04:42.5369100Z</when>
        <gx:coord>12.304962 51.375233 598.56177</gx:coord>
        <when>2025-01-01T02:04:54.0139100Z</when>
        <gx:coord>12.299181 51.37807 596.45703</gx:coord>
        <when>2025-01-01T02:04:59.0149100Z</when>
        <gx:coord>12.296608 51.379444 595.728</gx:coord>
        <when>2025-01-01T02:05:02.6859100Z</when>
        <gx:coord>12.294567 51.380573 594.6354</gx:coord>
        <when>2025-01-01T02:05:05.1039100Z</when>
        <gx:coord>12.292989 51.38139 594.0577</gx:coord>
        <when>2025-01-01T02:05:16.0859100Z</when>
        <gx:coord>12.287789 51.38418 593.79535</gx:coord>
        <when>2025-01-01T02:05:19.0909100Z</when>
        <gx:coord>12.286598 51.38528 593.77844</gx:coord>
        <when>2025-01-01T02:05:22.0899100Z</when>
        <gx:coord>12.285764 51.386562 591.2266</gx:coord>
        <when>2025-01-01T02:05:22.0909100Z</when>
        <gx:coord>12.285764 51.386562 591.2266</gx:coord>
        <when>2025-01-01T02:05:43.1049100Z</when>
        <gx:coord>12.282546 51.3971 583.7579</gx:coord>
        <when>2025-01-01T02:05:53.0189100Z</when>
        <gx:coord>12.280745 51.401287 581.92377</gx:coord>
        <when>2025-01-01T02:05:58.0199100Z</when>
        <gx:coord>12.279954 51.4037 577.93176</gx:coord>
        <when>2025-01-01T02:06:18.0979100Z</when>
        <gx:coord>12.275812 51.413666 572.9628</gx:coord>
        <when>2025-01-01T02:06:40.4409100Z</when>
        <gx:coord>12.271892 51.424114 568.8492</gx:coord>
        <when>2025-01-01T02:06:53.0909100Z</when>
        <gx:coord>12.270064 51.430305 565.8217</gx:coord>
        <when>2025-01-01T02:06:56.0629100Z</when>
        <gx:coord>12.269833 51.43128 563.3404</gx:coord>
        <when>2025-01-01T02:07:16.2109100Z</when>
        <gx:coord>12.266406 51.44107 571.14197</gx:coord>
        <when>2025-01-01T02:07:19.0879100Z</when>
        <gx:coord>12.265792 51.441856 573.6573</gx:coord>
        <when>2025-01-01T02:07:21.2119100Z</when>
        <gx:coord>12.264747 51.442963 574.5596</gx:coord>
        <when>2025-01-01T02:07:23.0919100Z</when>
        <gx:coord>12.264364 51.44331 574.5916</gx:coord>
        <when>2025-01-01T02:07:26.1079100Z</when>
        <gx:coord>12.263134 51.444317 574.2868</gx:coord>
        <when>2025-01-01T02:07:26.2119100Z</when>
        <gx:coord>12.262713 51.44465 574.8483</gx:coord>
        <when>2025-01-01T02:07:31.0989100Z</when>
        <gx:coord>12.260576 51.44627 575.1157</gx:coord>
        <when>2025-01-01T02:07:31.2129100Z</when>
        <gx:coord>12.260576 51.44627 575.5695</gx:coord>
        <when>2025-01-01T02:07:36.2119100Z</when>
        <gx:coord>12.258461 51.44788 581.95703</gx:coord>
        <when>2025-01-01T02:07:54.0859100Z</when>
        <gx:coord>12.250835 51.45316 564.73444</gx:coord>
        <when>2025-01-01T02:07:55.3279100Z</when>
        <gx:coord>12.249771 51.45373 562.74347</gx:coord>
        <when>2025-01-01T02:08:00.3289100Z</when>
        <gx:coord>12.24713 51.45511 569.7356</gx:coord>
        <when>2025-01-01T02:08:05.3289100Z</when>
        <gx:coord>12.244645 51.4565 576.84186</gx:coord>
        <when>2025-01-01T02:08:10.3289100Z</when>
        <gx:coord>12.242168 51.45783 580.96716</gx:coord>
        <when>2025-01-01T02:08:11.0989100Z</when>
        <gx:coord>12.241669 51.458088 580.96716</gx:coord>
        <when>2025-01-01T02:08:15.3289100Z</when>
        <gx:coord>12.239643 51.45912 578.627</gx:coord>
        <when>2025-01-01T02:08:20.3289100Z</when>
        <gx:coord>12.237082 51.460415 578.1859</gx:coord>
        <when>2025-01-01T02:08:25.3429100Z</when>
        <gx:coord>12.234528 51.461693 579.65027</gx:coord>
        <when>2025-01-01T02:08:30.3289100Z</when>
        <gx:coord>12.23197 51.462936 580.3433</gx:coord>
        <when>2025-01-01T02:08:35.3289100Z</when>
        <gx:coord>12.22952 51.4643 577.9103</gx:coord>
        <when>2025-01-01T02:08:40.3289100Z</when>
        <gx:coord>12.227189 51.46579 576.406</gx:coord>
        <when>2025-01-01T02:08:45.3289100Z</when>
        <gx:coord>12.224813 51.46724 575.8613</gx:coord>
        <when>2025-01-01T02:08:50.3289100Z</when>
        <gx:coord>12.222462 51.468704 576.11475</gx:coord>
        <when>2025-01-01T02:08:52.0949100Z</when>
        <gx:coord>12.221529 51.46929 576.1608</gx:coord>
        <when>2025-01-01T02:08:55.3749100Z</when>
        <gx:coord>12.2201 51.470154 575.0139</gx:coord>
        <when>2025-01-01T02:09:00.3289100Z</when>
        <gx:coord>12.217523 51.471382 576.99713</gx:coord>
        <when>2025-01-01T02:09:03.0939100Z</when>
        <gx:coord>12.216447 51.4718 578.33875</gx:coord>
        <when>2025-01-01T02:09:05.3289100Z</when>
        <gx:coord>12.21483 51.47241 581.1302</gx:coord>
        <when>2025-01-01T02:09:10.3289100Z</when>
        <gx:coord>12.212137 51.473347 586.13074</gx:coord>
        <when>2025-01-01T02:09:13.0929100Z</when>
        <gx:coord>12.2110615 51.473698 588.9006</gx:coord>
        <when>2025-01-01T02:09:15.3289100Z</when>
        <gx:coord>12.209494 51.47426 593.39844</gx:coord>
        <when>2025-01-01T02:09:19.0899100Z</when>
        <gx:coord>12.208043 51.47494 595.8769</gx:coord>
        <when>2025-01-01T02:09:20.3289100Z</when>
        <gx:coord>12.207141 51.47547 596.3232</gx:coord>
        <when>2025-01-01T02:09:25.3289100Z</when>
        <gx:coord>12.205015 51.47695 592.9474</gx:coord>
        <when>2025-01-01T02:09:30.3299100Z</when>
        <gx:coord>12.202877 51.478535 588.6651</gx:coord>
        <when>2025-01-01T02:09:35.0859100Z</when>
        <gx:coord>12.200602 51.480038 590.0777</gx:coord>
        <when>2025-01-01T02:09:35.3299100Z</when>
        <gx:coord>12.200602 51.480038 591.2118</gx:coord>
        <when>2025-01-01T02:09:40.3299100Z</when>
        <gx:coord>12.198213 51.48138 599.5666</gx:coord>
        <when>2025-01-01T02:09:45.3299100Z</when>
        <gx:coord>12.195708 51.48252 607.30096</gx:coord>
        <when>2025-01-01T02:09:46.0839100Z</when>
        <gx:coord>12.195708 51.48252 607.30096</gx:coord>
        <when>2025-01-01T02:09:49.0919100Z</when>
        <gx:coord>12.193596 51.48323 613.48456</gx:coord>
        <when>2025-01-01T02:09:50.3299100Z</when>
        <gx:coord>12.193059 51.483387 614.71954</gx:coord>
        <when>2025-01-01T02:09:53.0919100Z</when>
        <gx:coord>12.191976 51.483677 617.9154</gx:coord>
        <when>2025-01-01T02:09:55.4159100Z</when>
        <gx:coord>12.190323 51.484005 623.43823</gx:coord>
        <when>2025-01-01T02:09:57.0939100Z</when>
        <gx:coord>12.189762 51.48408 624.50494</gx:coord>
        <when>2025-01-01T02:10:00.3379100Z</when>
        <gx:coord>12.187491 51.48425 627.4589</gx:coord>
        <when>2025-01-01T02:10:05.3309100Z</when>
        <gx:coord>12.184622 51.484364 633.1627</gx:coord>
        <when>2025-01-01T02:10:08.0899100Z</when>
        <gx:coord>12.18348 51.484383 636.13934</gx:coord>
        <when>2025-01-01T02:10:10.3409100Z</when>
        <gx:coord>12.1817665 51.48436 637.9763</gx:coord>
        <when>2025-01-01T02:10:15.3309100Z</when>
        <gx:coord>12.178854 51.484226 636.6996</gx:coord>
        <when>2025-01-01T02:10:20.3309100Z</when>
        <gx:coord>12.175872 51.484222 638.0552</gx:coord>
        <when>2025-01-01T02:10:22.0989100Z</when>
        <gx:coord>12.174678 51.48427 638.9047</gx:coord>
        <when>2025-01-01T02:10:25.3309100Z</when>
        <gx:coord>12.172883 51.48434 640.53827</gx:coord>
        <when>2025-01-01T02:10:30.3309100Z</when>
        <gx:coord>12.169839 51.48449 638.64874</gx:coord>
        <when>2025-01-01T02:10:35.3309100Z</when>
        <gx:coord>12.166778 51.48471 640.30194</gx:coord>
        <when>2025-01-01T02:10:40.3309100Z</when>
        <gx:coord>12.163729 51.484955 641.59576</gx:coord>
        <when>2025-01-01T02:10:45.0929100Z</when>
        <gx:coord>12.160702 51.485237 644.6677</gx:coord>
        <when>2025-01-01T02:10:45.3309100Z</when>
        <gx:coord>12.160702 51.485237 644.6677</gx:coord>
        <when>2025-01-01T02:10:47.0909100Z</when>
        <gx:coord>12.160104 51.485302 645.67694</gx:coord>
        <when>2025-01-01T02:10:50.3309100Z</when>
        <gx:coord>12.15774 51.485603 648.25134</gx:coord>
        <when>2025-01-01T02:10:55.3779100Z</when>
        <gx:coord>12.154759 51.48599 642.2177</gx:coord>
        <when>2025-01-01T02:11:00.3309100Z</when>
        <gx:coord>12.151715 51.486374 634.34814</gx:coord>
        <when>2025-01-01T02:11:05.3409100Z</when>
        <gx:coord>12.148629 51.48683 627.6514</gx:coord>
        <when>2025-01-01T02:11:06.0929100Z</when>
        <gx:coord>12.148014 51.486935 627.6514</gx:coord>
        <when>2025-01-01T02:11:10.3309100Z</when>
        <gx:coord>12.145586 51.487385 626.24884</gx:coord>
        <when>2025-01-01T02:11:15.3309100Z</when>
        <gx:coord>12.142549 51.48796 619.6928</gx:coord>
        <when>2025-01-01T02:11:20.0869100Z</when>
        <gx:coord>12.139482 51.48849 613.5251</gx:coord>
        <when>2025-01-01T02:11:20.3309100Z</when>
        <gx:coord>12.139482 51.48849 613.5251</gx:coord>
        <when>2025-01-01T02:11:25.3309100Z</when>
        <gx:coord>12.136404 51.48902 606.6613</gx:coord>
        <when>2025-01-01T02:11:30.3309100Z</when>
        <gx:coord>12.133312 51.489594 597.66504</gx:coord>
        <when>2025-01-01T02:11:35.3309100Z</when>
        <gx:coord>12.13023 51.490208 593.619</gx:coord>
        <when>2025-01-01T02:11:40.3319100Z</when>
        <gx:coord>12.12716 51.490738 591.6763</gx:coord>
        <when>2025-01-01T02:11:45.3319100Z</when>
        <gx:coord>12.124128 51.49127 591.4582</gx:coord>
        <when>2025-01-01T02:11:48.0989100Z</when>
        <gx:coord>12.122353 51.491604 592.88214</gx:coord>
        <when>2025-01-01T02:11:50.3319100Z</when>
        <gx:coord>12.121185 51.49183 595.0464</gx:coord>
        <when>2025-01-01T02:11:55.3769100Z</when>
        <gx:coord>12.118294 51.49237 593.1349</gx:coord>
        <when>2025-01-01T02:12:00.3319100Z</when>
        <gx:coord>12.115377 51.492935 584.2483</gx:coord>
        <when>2025-01-01T02:12:01.0849100Z</when>
        <gx:coord>12.114791 51.493053 582.59143</gx:coord>
        <when>2025-01-01T02:12:05.3439100Z</when>
        <gx:coord>12.112431 51.493546 574.8415</gx:coord>
        <when>2025-01-01T02:12:10.3319100Z</when>
        <gx:coord>12.109466 51.494194 569.9198</gx:coord>
        <when>2025-01-01T02:12:15.3429100Z</when>
        <gx:coord>12.106517 51.49486 564.48315</gx:coord>
        <when>2025-01-01T02:12:17.0949100Z</when>
        <gx:coord>12.105931 51.495 563.2858</gx:coord>
        <when>2025-01-01T02:12:20.3439100Z</when>
        <gx:coord>12.1036 51.495567 559.7215</gx:coord>
        <when>2025-01-01T02:12:25.3319100Z</when>
        <gx:coord>12.100729 51.49633 555.09357</gx:coord>
        <when>2025-01-01T02:12:29.0899100Z</when>
        <gx:coord>12.09846 51.496952 551.6655</gx:coord>
        <when>2025-01-01T02:12:30.3319100Z</when>
        <gx:coord>12.097896 51.49711 550.98676</gx:coord>
        <when>2025-01-01T02:12:32.0929100Z</when>
        <gx:coord>12.096767 51.497414 550.4511</gx:coord>
        <when>2025-01-01T02:12:35.3429100Z</when>
        <gx:coord>12.095075 51.497852 547.444</gx:coord>
        <when>2025-01-01T02:12:40.3319100Z</when>
        <gx:coord>12.092274 51.498573 545.5942</gx:coord>
        <when>2025-01-01T02:12:45.3319100Z</when>
        <gx:coord>12.08955 51.49931 548.4063</gx:coord>
        <when>2025-01-01T02:12:50.3319100Z</when>
        <gx:coord>12.086873 51.500004 549.12634</gx:coord>
        <when>2025-01-01T02:12:55.3569100Z</when>
        <gx:coord>12.0842705 51.500717 551.2646</gx:coord>
        <when>2025-01-01T02:13:00.3319100Z</when>
        <gx:coord>12.081781 51.50146 552.3595</gx:coord>
        <when>2025-01-01T02:13:05.3319100Z</when>
        <gx:coord>12.079324 51.502213 547.9462</gx:coord>
        <when>2025-01-01T02:13:10.3319100Z</when>
        <gx:coord>12.0767765 51.502903 541.99097</gx:coord>
        <when>2025-01-01T02:13:15.3319100Z</when>
        <gx:coord>12.0742445 51.50366 541.72437</gx:coord>
        <when>2025-01-01T02:13:19.0959100Z</when>
        <gx:coord>12.072208 51.50421 540.65576</gx:coord>
        <when>2025-01-01T02:13:20.3319100Z</when>
        <gx:coord>12.071703 51.504353 541.54034</gx:coord>
        <when>2025-01-01T02:13:25.3339100Z</when>
        <gx:coord>12.069188 51.50504 545.4053</gx:coord>
        <when>2025-01-01T02:13:30.3329100Z</when>
        <gx:coord>12.066743 51.50572 547.96375</gx:coord>
        <when>2025-01-01T02:13:35.3319100Z</when>
        <gx:coord>12.064274 51.50634 541.06885</gx:coord>
        <when>2025-01-01T02:13:40.3319100Z</when>
        <gx:coord>12.061808 51.50698 537.2782</gx:coord>
        <when>2025-01-01T02:13:42.0879100Z</when>
        <gx:coord>12.061326 51.507114 537.24286</gx:coord>
        <when>2025-01-01T02:13:45.3319100Z</when>
        <gx:coord>12.059401 51.507664 531.4833</gx:coord>
        <when>2025-01-01T02:13:49.0899100Z</when>
        <gx:coord>12.057391 51.50817 520.5443</gx:coord>
        <when>2025-01-01T02:13:50.3319100Z</when>
        <gx:coord>12.056869 51.50829 517.6576</gx:coord>
        <when>2025-01-01T02:13:55.3749100Z</when>
        <gx:coord>12.054154 51.508884 502.16843</gx:coord>
        <when>2025-01-01T02:14:00.0889100Z</when>
        <gx:coord>12.0519285 51.509407 491.8687</gx:coord>
        <when>2025-01-01T02:14:00.3429100Z</when>
        <gx:coord>12.051374 51.509552 490.3864</gx:coord>
        <when>2025-01-01T02:14:01.0909100Z</when>
        <gx:coord>12.050822 51.5097 489.25647</gx:coord>
        <when>2025-01-01T02:14:05.3319100Z</when>
        <gx:coord>12.048656 51.51032 483.3665</gx:coord>
        <when>2025-01-01T02:14:08.0999100Z</when>
        <gx:coord>12.047074 51.510822 479.6371</gx:coord>
        <when>2025-01-01T02:14:10.3319100Z</when>
        <gx:coord>12.046032 51.51118 471.7446</gx:coord>
        <when>2025-01-01T02:14:11.0919100Z</when>
        <gx:coord>12.046032 51.51118 471.7446</gx:coord>
        <when>2025-01-01T02:14:15.0889100Z</when>
        <gx:coord>12.043497 51.512196 456.87106</gx:coord>
        <when>2025-01-01T02:14:15.3319100Z</when>
        <gx:coord>12.043497 51.512196 456.87106</gx:coord>
        <when>2025-01-01T02:14:20.3319100Z</when>
        <gx:coord>12.041059 51.513416 443.04153</gx:coord>
        <when>2025-01-01T02:14:23.1039100Z</when>
        <gx:coord>12.040101 51.51395 436.889</gx:coord>
        <when>2025-01-01T02:14:23.1059100Z</when>
        <gx:coord>12.040101 51.51395 436.889</gx:coord>
        <when>2025-01-01T02:14:25.3319100Z</when>
        <gx:coord>12.038738 51.514835 429.30026</gx:coord>
        <when>2025-01-01T02:14:26.0909100Z</when>
        <gx:coord>12.038287 51.515137 425.73315</gx:coord>
        <when>2025-01-01T02:14:30.3319100Z</when>
        <gx:coord>12.036495 51.516323 418.35394</gx:coord>
        <when>2025-01-01T02:14:35.3319100Z</when>
        <gx:coord>12.034233 51.517715 415.6709</gx:coord>
        <when>2025-01-01T02:14:40.3319100Z</when>
        <gx:coord>12.032015 51.518974 418.66748</gx:coord>
        <when>2025-01-01T02:14:45.3329100Z</when>
        <gx:coord>12.030023 51.520287 415.26367</gx:coord>
        <when>2025-01-01T02:14:48.0889100Z</when>
        <gx:coord>12.029325 51.52086 415.5509</gx:coord>
        <when>2025-01-01T02:14:50.0919100Z</when>
        <gx:coord>12.028773 51.521492 416.36725</gx:coord>
        <when>2025-01-01T02:14:50.3329100Z</when>
        <gx:coord>12.02857 51.521843 416.4948</gx:coord>
        <when>2025-01-01T02:14:52.0899100Z</when>
        <gx:coord>12.028412 51.522205 414.98224</gx:coord>
        <when>2025-01-01T02:14:53.0959100Z</when>
        <gx:coord>12.028256 51.522976 412.09976</gx:coord>
        <when>2025-01-01T02:14:54.0879100Z</when>
        <gx:coord>12.028256 51.522976 409.28394</gx:coord>
        <when>2025-01-01T02:14:55.1099100Z</when>
        <gx:coord>12.028261 51.52338 406.0847</gx:coord>
        <when>2025-01-01T02:14:55.4079100Z</when>
        <gx:coord>12.0283165 51.523796 403.2481</gx:coord>
        <when>2025-01-01T02:14:57.0879100Z</when>
        <gx:coord>12.028422 51.524216 400.3481</gx:coord>
        <when>2025-01-01T02:14:58.1109100Z</when>
        <gx:coord>12.02858 51.52464 397.03497</gx:coord>
        <when>2025-01-01T02:14:58.1109100Z</when>
        <gx:coord>12.028799 51.525066 393.77863</gx:coord>
        <when>2025-01-01T02:15:00.3429100Z</when>
        <gx:coord>12.0294285 51.525913 385.88312</gx:coord>
        <when>2025-01-01T02:15:01.0919100Z</when>
        <gx:coord>12.0294285 51.525913 385.88312</gx:coord>
        <when>2025-01-01T02:15:02.0869100Z</when>
        <gx:coord>12.029825 51.526325 381.3304</gx:coord>
        <when>2025-01-01T02:15:04.0889100Z</when>
        <gx:coord>12.030776 51.527122 376.39447</gx:coord>
        <when>2025-01-01T02:15:05.3329100Z</when>
        <gx:coord>12.031861 51.527874 372.15274</gx:coord>
        <when>2025-01-01T02:15:09.1089100Z</when>
        <gx:coord>12.034168 51.52935 362.3909</gx:coord>
        <when>2025-01-01T02:15:10.3389100Z</when>
        <gx:coord>12.034783 51.529697 363.81113</gx:coord>
        <when>2025-01-01T02:15:11.0869100Z</when>
        <gx:coord>12.034783 51.529697 363.81113</gx:coord>
        <when>2025-01-01T02:15:14.1119100Z</when>
        <gx:coord>12.036835 51.530567 369.87415</gx:coord>
        <when>2025-01-01T02:15:15.3329100Z</when>
        <gx:coord>12.038333 51.530983 371.67273</gx:coord>
        <when>2025-01-01T02:15:17.0919100Z</when>
        <gx:coord>12.039111 51.53114 372.61362</gx:coord>
        <when>2025-01-01T02:15:20.3329100Z</when>
        <gx:coord>12.042328 51.531456 364.44296</gx:coord>
        <when>2025-01-01T02:15:21.0879100Z</when>
        <gx:coord>12.042328 51.531456 364.44296</gx:coord>
        <when>2025-01-01T02:15:25.3449100Z</when>
        <gx:coord>12.046443 51.531605 352.98083</gx:coord>
        <when>2025-01-01T02:15:26.1029100Z</when>
        <gx:coord>12.046443 51.531605 352.98083</gx:coord>
        <when>2025-01-01T02:15:30.3329100Z</when>
        <gx:coord>12.050457 51.531857 351.20993</gx:coord>
        <when>2025-01-01T02:15:31.1189100Z</when>
        <gx:coord>12.051237 51.531876 351.20993</gx:coord>
        <when>2025-01-01T02:15:35.3329100Z</when>
        <gx:coord>12.054223 51.531803 361.75555</gx:coord>
        <when>2025-01-01T02:15:36.0889100Z</when>
        <gx:coord>12.054223 51.531803 361.75555</gx:coord>
        <when>2025-01-01T02:15:37.1129100Z</when>
        <gx:coord>12.054919 51.531734 364.1484</gx:coord>
        <when>2025-01-01T02:15:40.3329100Z</when>
        <gx:coord>12.0575695 51.531357 361.1935</gx:coord>
        <when>2025-01-01T02:15:42.0889100Z</when>
        <gx:coord>12.058213 51.53124 360.54947</gx:coord>
        <when>2025-01-01T02:15:45.3329100Z</when>
        <gx:coord>12.060672 51.53063 355.86652</gx:coord>
        <when>2025-01-01T02:15:50.3329100Z</when>
        <gx:coord>12.063582 51.52976 350.36438</gx:coord>
        <when>2025-01-01T02:15:55.3789100Z</when>
        <gx:coord>12.066495 51.5289 344.55692</gx:coord>
        <when>2025-01-01T02:16:00.3329100Z</when>
        <gx:coord>12.069405 51.528038 343.50208</gx:coord>
        <when>2025-01-01T02:16:05.3429100Z</when>
        <gx:coord>12.072295 51.527206 338.1645</gx:coord>
        <when>2025-01-01T02:16:08.0919100Z</when>
        <gx:coord>12.073607 51.527065 332.9949</gx:coord>
        <when>2025-01-01T02:16:08.0919100Z</when>
        <gx:coord>12.074291 51.527058 329.26755</gx:coord>
        <when>2025-01-01T02:16:10.1169100Z</when>
        <gx:coord>12.074985 51.527096 326.14847</gx:coord>
        <when>2025-01-01T02:16:10.3329100Z</when>
        <gx:coord>12.075673 51.527176 322.0338</gx:coord>
        <when>2025-01-01T02:16:12.0879100Z</when>
        <gx:coord>12.076349 51.52731 318.04797</gx:coord>
        <when>2025-01-01T02:16:13.0919100Z</when>
        <gx:coord>12.077623 51.52772 314.39365</gx:coord>
        <when>2025-01-01T02:16:14.1129100Z</when>
        <gx:coord>12.077623 51.52772 311.30273</gx:coord>
        <when>2025-01-01T02:16:15.3329100Z</when>
        <gx:coord>12.078734 51.528286 307.04398</gx:coord>
        <when>2025-01-01T02:16:16.1149100Z</when>
        <gx:coord>12.078734 51.528286 307.04398</gx:coord>
        <when>2025-01-01T02:16:18.0959100Z</when>
        <gx:coord>12.079608 51.528965 300.6076</gx:coord>
        <when>2025-01-01T02:16:18.0959100Z</when>
        <gx:coord>12.079973 51.52933 298.18567</gx:coord>
        <when>2025-01-01T02:16:20.3429100Z</when>
        <gx:coord>12.080655 51.53007 294.33054</gx:coord>
        <when>2025-01-01T02:16:25.3329100Z</when>
        <gx:coord>12.082361 51.531887 287.0031</gx:coord>
        <when>2025-01-01T02:16:30.3329100Z</when>
        <gx:coord>12.0839615 51.533657 280.5126</gx:coord>
        <when>2025-01-01T02:16:35.3439100Z</when>
        <gx:coord>12.085613 51.535362 275.82437</gx:coord>
        <when>2025-01-01T02:16:38.1089100Z</when>
        <gx:coord>12.086224 51.53605 274.438</gx:coord>
        <when>2025-01-01T02:16:40.3319100Z</when>
        <gx:coord>12.0870075 51.537086 272.30923</gx:coord>
        <when>2025-01-01T02:16:42.0929100Z</when>
        <gx:coord>12.087252 51.537434 271.45477</gx:coord>
        <when>2025-01-01T02:16:45.0889100Z</when>
        <gx:coord>12.087775 51.53851 270.41748</gx:coord>
        <when>2025-01-01T02:16:45.3329100Z</when>
        <gx:coord>12.087835 51.538868 269.89377</gx:coord>
        <when>2025-01-01T02:16:47.0919100Z</when>
        <gx:coord>12.087852 51.53922 268.31912</gx:coord>
        <when>2025-01-01T02:16:47.0919100Z</when>
        <gx:coord>12.087819 51.539562 267.48343</gx:coord>
        <when>2025-01-01T02:16:48.0919100Z</when>
        <gx:coord>12.087819 51.539562 267.48343</gx:coord>
        <when>2025-01-01T02:16:49.0909100Z</when>
        <gx:coord>12.087723 51.539898 267.0608</gx:coord>
        <when>2025-01-01T02:16:50.3319100Z</when>
        <gx:coord>12.087438 51.540546 264.52194</gx:coord>
        <when>2025-01-01T02:16:53.0939100Z</when>
        <gx:coord>12.087053 51.54118 260.68637</gx:coord>
        <when>2025-01-01T02:16:55.3769100Z</when>
        <gx:coord>12.08628 51.542065 253.72682</gx:coord>
        <when>2025-01-01T02:16:57.0919100Z</when>
        <gx:coord>12.085975 51.542343 251.60284</gx:coord>
        <when>2025-01-01T02:17:00.0909100Z</when>
        <gx:coord>12.084903 51.54308 245.84052</gx:coord>
        <when>2025-01-01T02:17:00.3329100Z</when>
        <gx:coord>12.084509 51.543293 243.94914</gx:coord>
        <when>2025-01-01T02:17:04.0919100Z</when>
        <gx:coord>12.083305 51.543827 238.61992</gx:coord>
        <when>2025-01-01T02:17:04.0919100Z</when>
        <gx:coord>12.082904 51.543976 236.87378</gx:coord>
        <when>2025-01-01T02:17:05.0909100Z</when>
        <gx:coord>12.082904 51.543976 236.87378</gx:coord>
        <when>2025-01-01T02:17:05.0959100Z</when>
        <gx:coord>12.082505 51.54412 236.87378</gx:coord>
        <when>2025-01-01T02:17:05.3429100Z</when>
        <gx:coord>12.082505 51.54412 234.91667</gx:coord>
        <when>2025-01-01T02:17:10.3439100Z</when>
        <gx:coord>12.0805025 51.544727 225.68756</gx:coord>
        <when>2025-01-01T02:17:15.3329100Z</when>
        <gx:coord>12.078496 51.545258 216.91368</gx:coord>
        <when>2025-01-01T02:17:20.3329100Z</when>
        <gx:coord>12.076534 51.545837 207.21953</gx:coord>
        <when>2025-01-01T02:17:21.0829100Z</when>
        <gx:coord>12.076145 51.54596 204.74425</gx:coord>
        <when>2025-01-01T02:17:25.3329100Z</when>
        <gx:coord>12.07455 51.546432 196.96928</gx:coord>
        <when>2025-01-01T02:17:30.3329100Z</when>
        <gx:coord>12.072531 51.547005 186.43579</gx:coord>
        <when>2025-01-01T02:17:35.3439100Z</when>
        <gx:coord>12.070511 51.54757 175.78036</gx:coord>
        <when>2025-01-01T02:17:36.0899100Z</when>
        <gx:coord>12.070109 51.547695 173.0399</gx:coord>
        <when>2025-01-01T02:17:40.3329100Z</when>
        <gx:coord>12.068471 51.54823 162.10884</gx:coord>
        <when>2025-01-01T02:17:45.3329100Z</when>
        <gx:coord>12.066324 51.548843 148.41661</gx:coord>
        <when>2025-01-01T02:17:47.0939100Z</when>
        <gx:coord>12.065458 51.549072 142.03912</gx:coord>
        <when>2025-01-01T02:17:50.3329100Z</when>
        <gx:coord>12.064186 51.549427 133.4217</gx:coord>
        <when>2025-01-01T02:17:55.3609100Z</when>
        <gx:coord>12.062114 51.550045 118.1088</gx:coord>
        <when>2025-01-01T02:17:58.0909100Z</when>
        <gx:coord>12.060887 51.550396 110.49345</gx:coord>
        <when>2025-01-01T02:18:00.3449100Z</when>
        <gx:coord>12.060095 51.55062 109.45893</gx:coord>
        <when>2025-01-01T02:18:05.0899100Z</when>
        <gx:coord>12.05862 51.551033 108.58447</gx:coord>
        <when>2025-01-01T02:18:05.3329100Z</when>
        <gx:coord>12.058277 51.551132 108.48802</gx:coord>
        <when>2025-01-01T02:18:06.0989100Z</when>
        <gx:coord>12.057947 51.551228 108.48802</gx:coord>
        <when>2025-01-01T02:18:10.3329100Z</when>
        <gx:coord>12.056728 51.55157 108.57095</gx:coord>
        <when>2025-01-01T02:18:11.0919100Z</when>
        <gx:coord>12.056728 51.55157 108.57095</gx:coord>
        <when>2025-01-01T02:18:14.0889100Z</when>
        <gx:coord>12.056017 51.55179 108.5968</gx:coord>
        <when>2025-01-01T02:18:15.3329100Z</when>
        <gx:coord>12.055684 51.551895 108.54105</gx:coord>
        <when>2025-01-01T02:18:17.0919100Z</when>
        <gx:coord>12.055571 51.55194 108.49009</gx:coord>
        <when>2025-01-01T02:18:20.0879100Z</when>
        <gx:coord>12.055384 51.552017 108.54364</gx:coord>
        <when>2025-01-01T02:18:20.0939100Z</when>
        <gx:coord>12.055384 51.552017 108.54364</gx:coord>
        <when>2025-01-01T02:18:20.0969100Z</when>
        <gx:coord>12.055384 51.552017 108.54364</gx:coord>
        <when>2025-01-01T02:18:20.3329100Z</when>
        <gx:coord>12.055358 51.55201 108.57598</gx:coord>
        <when>2025-01-01T02:18:21.0869100Z</when>
        <gx:coord>12.055358 51.55201 108.57598</gx:coord>
        <when>2025-01-01T02:18:22.1049100Z</when>
        <gx:coord>12.055346 51.551983 108.52859</gx:coord>
        <when>2025-01-01T02:18:22.4199100Z</when>
        <gx:coord>12.055346 51.551983 108.52859</gx:coord>
        <when>2025-01-01T02:18:22.7399100Z</when>
        <gx:coord>12.055346 51.551983 108.52859</gx:coord>
        <when>2025-01-01T02:18:23.0629100Z</when>
        <gx:coord>12.055346 51.551983 108.52859</gx:coord>
        <when>2025-01-01T02:18:23.4819100Z</when>
        <gx:coord>12.055355 51.551968 108.584984</gx:coord>
        <when>2025-01-01T02:18:24.0949100Z</when>
        <gx:coord>12.055377 51.551952 108.62965</gx:coord>
        <when>2025-01-01T02:18:24.2009100Z</when>
        <gx:coord>12.055377 51.551952 108.62965</gx:coord>
        <when>2025-01-01T02:18:25.3349100Z</when>
        <gx:coord>12.055407 51.551945 108.6499</gx:coord>
        <when>2025-01-01T02:18:30.0919100Z</when>
        <gx:coord>12.0555725 51.55189 108.47698</gx:coord>
        <when>2025-01-01T02:18:30.3329100Z</when>
        <gx:coord>12.055661 51.551865 108.61701</gx:coord>
        <when>2025-01-01T02:18:31.0879100Z</when>
        <gx:coord>12.055661 51.551865 108.61701</gx:coord>
        <when>2025-01-01T02:18:33.0929100Z</when>
        <gx:coord>12.05579 51.551823 108.34976</gx:coord>
        <when>2025-01-01T02:18:34.0899100Z</when>
        <gx:coord>12.055828 51.551792 108.281586</gx:coord>
        <when>2025-01-01T02:18:35.1079100Z</when>
        <gx:coord>12.055849 51.55175 108.14808</gx:coord>
        <when>2025-01-01T02:18:35.3329100Z</when>
        <gx:coord>12.055857 51.551704 108.010796</gx:coord>
        <when>2025-01-01T02:18:36.0909100Z</when>
        <gx:coord>12.055857 51.551704 108.010796</gx:coord>
        <when>2025-01-01T02:18:37.0889100Z</when>
        <gx:coord>12.055846 51.551655 107.92354</gx:coord>
        <when>2025-01-01T02:18:37.0889100Z</when>
        <gx:coord>12.055846 51.551655 107.92354</gx:coord>
        <when>2025-01-01T02:18:40.3329100Z</when>
        <gx:coord>12.055722 51.551464 107.86329</gx:coord>
        <when>2025-01-01T02:18:41.0869100Z</when>
        <gx:coord>12.055722 51.551464 107.86329</gx:coord>
        <when>2025-01-01T02:18:45.3329100Z</when>
        <gx:coord>12.05561 51.551323 107.634056</gx:coord>
        <when>2025-01-01T02:18:50.3329100Z</when>
        <gx:coord>12.055613 51.551327 107.701355</gx:coord>
        <when>2025-01-01T02:18:55.3699100Z</when>
        <gx:coord>12.055613 51.551327 107.693054</gx:coord>
        <when>2025-01-01T02:19:00.3329100Z</when>
        <gx:coord>12.0556135 51.551327 107.783226</gx:coord>
        <when>2025-01-01T02:19:05.3329100Z</when>
        <gx:coord>12.0556135 51.551327 107.8032</gx:coord>
        <when>2025-01-01T02:19:10.3329100Z</when>
        <gx:coord>12.055585 51.551285 107.841354</gx:coord>
        <when>2025-01-01T02:19:15.3329100Z</when>
        <gx:coord>12.055514 51.551178 107.79825</gx:coord>
        <when>2025-01-01T02:19:20.3329100Z</when>
        <gx:coord>12.0554085 51.55104 107.727776</gx:coord>
        <when>2025-01-01T02:19:25.0899100Z</when>
        <gx:coord>12.055334 51.550915 107.64602</gx:coord>
        <when>2025-01-01T02:19:25.3329100Z</when>
        <gx:coord>12.055329 51.550888 107.66622</gx:coord>
        <when>2025-01-01T02:19:26.0919100Z</when>
        <gx:coord>12.055329 51.550888 107.66622</gx:coord>
        <when>2025-01-01T02:19:27.0839100Z</when>
        <gx:coord>12.055337 51.550858 107.6885</gx:coord>
        <when>2025-01-01T02:19:28.0929100Z</when>
        <gx:coord>12.055357 51.550823 107.69843</gx:coord>
        <when>2025-01-01T02:19:29.0929100Z</when>
        <gx:coord>12.0553875 51.55079 107.68943</gx:coord>
        <when>2025-01-01T02:19:30.0929100Z</when>
        <gx:coord>12.055426 51.550762 107.654205</gx:coord>
        <when>2025-01-01T02:19:30.3329100Z</when>
        <gx:coord>12.055473 51.55074 107.62765</gx:coord>
        <when>2025-01-01T02:19:32.0859100Z</when>
        <gx:coord>12.055528 51.550716 107.56468</gx:coord>
        <when>2025-01-01T02:19:35.3329100Z</when>
        <gx:coord>12.055792 51.550644 107.47658</gx:coord>
        <when>2025-01-01T02:19:40.3329100Z</when>
        <gx:coord>12.056207 51.55053 107.58903</gx:coord>
        <when>2025-01-01T02:19:45.3329100Z</when>
        <gx:coord>12.056645 51.55041 107.60293</gx:coord>
        <when>2025-01-01T02:19:50.3329100Z</when>
        <gx:coord>12.057064 51.55029 107.611725</gx:coord>
        <when>2025-01-01T02:19:55.3919100Z</when>
        <gx:coord>12.057486 51.55018 107.65349</gx:coord>
        <when>2025-01-01T02:20:00.3329100Z</when>
        <gx:coord>12.0578785 51.550064 107.66361</gx:coord>
        <when>2025-01-01T02:20:05.1069100Z</when>
        <gx:coord>12.058098 51.549976 107.539055</gx:coord>
        <when>2025-01-01T02:20:05.3329100Z</when>
        <gx:coord>12.058134 51.549942 107.52383</gx:coord>
        <when>2025-01-01T02:20:06.0939100Z</when>
        <gx:coord>12.058134 51.549942 107.52383</gx:coord>
        <when>2025-01-01T02:20:08.1089100Z</when>
        <gx:coord>12.058168 51.54987 107.637596</gx:coord>
        <when>2025-01-01T02:20:09.0929100Z</when>
        <gx:coord>12.058173 51.549835 107.59591</gx:coord>
        <when>2025-01-01T02:20:10.3459100Z</when>
        <gx:coord>12.058147 51.54977 107.541046</gx:coord>
        <when>2025-01-01T02:20:11.0919100Z</when>
        <gx:coord>12.058147 51.54977 107.541046</gx:coord>
        <when>2025-01-01T02:20:15.3329100Z</when>
        <gx:coord>12.05807 51.549614 107.48164</gx:coord>
        <when>2025-01-01T02:20:20.3329100Z</when>
        <gx:coord>12.057997 51.549435 107.45595</gx:coord>
        <when>2025-01-01T02:20:25.3319100Z</when>
        <gx:coord>12.0579195 51.54924 107.52292</gx:coord>
        <when>2025-01-01T02:20:28.0919100Z</when>
        <gx:coord>12.057899 51.549183 107.49972</gx:coord>
        <when>2025-01-01T02:20:29.0829100Z</when>
        <gx:coord>12.057906 51.54916 107.50808</gx:coord>
        <when>2025-01-01T02:20:30.0969100Z</when>
        <gx:coord>12.057926 51.54913 107.47137</gx:coord>
        <when>2025-01-01T02:20:30.3329100Z</when>
        <gx:coord>12.057958 51.549107 107.46487</gx:coord>
        <when>2025-01-01T02:20:31.0969100Z</when>
        <gx:coord>12.057958 51.549107 107.46487</gx:coord>
        <when>2025-01-01T02:20:32.0999100Z</when>
        <gx:coord>12.057996 51.549088 107.503365</gx:coord>
        <when>2025-01-01T02:20:34.0919100Z</when>
        <gx:coord>12.0580845 51.549065 107.50882</gx:coord>
        <when>2025-01-01T02:20:35.3329100Z</when>
        <gx:coord>12.058168 51.549053 107.57351</gx:coord>
        <when>2025-01-01T02:20:40.3329100Z</when>
        <gx:coord>12.058339 51.54903 107.652725</gx:coord>
        <when>2025-01-01T02:20:44.0859100Z</when>
        <gx:coord>12.058402 51.549007 107.67065</gx:coord>
        <when>2025-01-01T02:20:45.0889100Z</when>
        <gx:coord>12.058421 51.548992 107.66585</gx:coord>
        <when>2025-01-01T02:20:45.3329100Z</when>
        <gx:coord>12.0584345 51.54897 107.642075</gx:coord>
        <when>2025-01-01T02:20:46.0959100Z</when>
        <gx:coord>12.0584345 51.54897 107.642075</gx:coord>
        <when>2025-01-01T02:20:47.0939100Z</when>
        <gx:coord>12.058441 51.548943 107.57099</gx:coord>
        <when>2025-01-01T02:20:49.0919100Z</when>
        <gx:coord>12.058436 51.54888 107.48127</gx:coord>
        <when>2025-01-01T02:20:50.3329100Z</when>
        <gx:coord>12.058407 51.548824 107.615974</gx:coord>
        <when>2025-01-01T02:20:51.0919100Z</when>
        <gx:coord>12.058407 51.548824 107.615974</gx:coord>
        <when>2025-01-01T02:20:55.3679100Z</when>
        <gx:coord>12.058296 51.54868 107.73569</gx:coord>
        <when>2025-01-01T02:21:00.3329100Z</when>
        <gx:coord>12.0582285 51.54853 107.89081</gx:coord>
        <when>2025-01-01T02:21:04.0809100Z</when>
        <gx:coord>12.058202 51.548447 107.96784</gx:coord>
        <when>2025-01-01T02:21:05.0869100Z</when>
        <gx:coord>12.0582075 51.54843 107.97851</gx:coord>
        <when>2025-01-01T02:21:05.3329100Z</when>
        <gx:coord>12.058222 51.548412 108.02484</gx:coord>
        <when>2025-01-01T02:21:07.0929100Z</when>
        <gx:coord>12.058237 51.548397 108.06532</gx:coord>
        <when>2025-01-01T02:21:10.3329100Z</when>
        <gx:coord>12.058262 51.54835 107.877686</gx:coord>
        <when>2025-01-01T02:21:12.1139100Z</when>
        <gx:coord>12.058246 51.54833 107.82698</gx:coord>
        <when>2025-01-01T02:21:12.5649100Z</when>
        <gx:coord>12.058246 51.54833 107.82698</gx:coord>
        <when>2025-01-01T02:21:13.1449100Z</when>
        <gx:coord>12.058231 51.548325 107.82252</gx:coord>
        <when>2025-01-01T02:21:13.8459100Z</when>
        <gx:coord>12.058231 51.548325 107.82252</gx:coord>
        <when>2025-01-01T02:21:14.8069100Z</when>
        <gx:coord>12.058223 51.548325 107.83159</gx:coord>
        <when>2025-01-01T02:21:15.3329100Z</when>
        <gx:coord>12.058214 51.548325 107.82234</gx:coord>
        <when>2025-01-01T02:21:15.8869100Z</when>
        <gx:coord>12.058214 51.548325 107.82234</gx:coord>
        <when>2025-01-01T02:21:20.3329100Z</when>
        <gx:coord>12.058186 51.548332 107.91718</gx:coord>
        <when>2025-01-01T02:21:25.3329100Z</when>
        <gx:coord>12.058186 51.548332 107.92552</gx:coord>
        <when>2025-01-01T02:21:30.3329100Z</when>
        <gx:coord>12.058184 51.54833 108.13403</gx:coord>
        <when>2025-01-01T02:21:35.3329100Z</when>
        <gx:coord>12.058184 51.54833 108.32256</gx:coord>
        <when>2025-01-01T02:21:40.3329100Z</when>
        <gx:coord>12.058183 51.54833 108.467735</gx:coord>
        <when>2025-01-01T02:21:45.3329100Z</when>
        <gx:coord>12.058183 51.548332 108.54464</gx:coord>
        <when>2025-01-01T02:21:50.3329100Z</when>
        <gx:coord>12.058183 51.548332 108.54464</gx:coord>
        <when>2025-01-01T02:21:55.3759100Z</when>
        <gx:coord>12.058183 51.548332 108.457214</gx:coord>
        <when>2025-01-01T02:21:57.8689100Z</when>
        <gx:coord>12.058186 51.548336 108.18604</gx:coord>
        <when>2025-01-01T02:22:00.3329100Z</when>
        <gx:coord>12.05819 51.548344 108.24337</gx:coord>
        <when>2025-01-01T02:22:03.9819100Z</when>
        <gx:coord>12.05819 51.548344 108.24337</gx:coord>
        <when>2025-01-01T02:22:05.3329100Z</when>
        <gx:coord>12.05819 51.548344 108.24337</gx:coord>
        <when>2025-01-01T02:22:10.3329100Z</when>
        <gx:coord>12.05819 51.548344 108.24337</gx:coord>
        <when>2025-01-01T02:22:15.3329100Z</when>
        <gx:coord>12.05819 51.548344 108.24337</gx:coord>
        <when>2025-01-01T02:22:20.3329100Z</when>
        <gx:coord>12.058192 51.54834 108.255936</gx:coord>
        <when>2025-01-01T02:22:25.3329100Z</when>
        <gx:coord>12.058192 51.54834 108.255936</gx:coord>
        <when>2025-01-01T02:22:30.3329100Z</when>
        <gx:coord>12.058192 51.54834 108.255936</gx:coord>
        <when>2025-01-01T02:22:35.3329100Z</when>
        <gx:coord>12.058192 51.54834 108.255936</gx:coord>
        <when>2025-01-01T02:22:40.3329100Z</when>
        <gx:coord>12.058194 51.54834 108.704544</gx:coord>
        <when>2025-01-01T02:22:45.3329100Z</when>
        <gx:coord>12.058193 51.54834 108.66679</gx:coord>
        <when>2025-01-01T02:22:50.3329100Z</when>
        <gx:coord>12.058188 51.54834 108.393234</gx:coord>
        <when>2025-01-01T02:22:55.3709100Z</when>
        <gx:coord>12.058188 51.54834 108.39632</gx:coord>
        <when>2025-01-01T02:22:57.8739100Z</when>
        <gx:coord>12.058188 51.54834 108.39632</gx:coord>
        <when>2025-01-01T02:22:58.5539100Z</when>
        <gx:coord>12.058188 51.54834 108.39632</gx:coord>
        <when>2025-01-01T02:22:58.7949100Z</when>
        <gx:coord>12.058188 51.54834 108.39632</gx:coord>
        <when>2025-01-01T02:22:58.8939100Z</when>
        <gx:coord>12.058188 51.54834 108.39632</gx:coord>
        <when>2025-01-01T02:22:58.9739100Z</when>
        <gx:coord>12.058188 51.54834 108.39632</gx:coord>
        <when>2025-01-01T02:22:59.0549100Z</when>
        <gx:coord>12.058188 51.54834 108.39632</gx:coord>
        <when>2025-01-01T02:22:59.1149100Z</when>
        <gx:coord>12.058185 51.548336 108.60899</gx:coord>
        <when>2025-01-01T02:22:59.2149100Z</when>
        <gx:coord>12.058185 51.548336 108.60899</gx:coord>
        <when>2025-01-01T02:22:59.3339100Z</when>
        <gx:coord>12.058185 51.548336 108.60899</gx:coord>
        <when>2025-01-01T02:22:59.5339100Z</when>
        <gx:coord>12.058185 51.548336 108.60899</gx:coord>
        <when>2025-01-01T02:22:59.9749100Z</when>
        <gx:coord>12.058185 51.548336 108.60899</gx:coord>
        <when>2025-01-01T02:23:00.3329100Z</when>
        <gx:coord>12.058188 51.548336 108.652306</gx:coord>
        <when>2025-01-01T02:23:00.6149100Z</when>
        <gx:coord>12.058188 51.548336 108.652306</gx:coord>
        <coordinates />
      </gx:Track>
    </Placemark>
    <Placemark>
      <name>Takeoff: 2025-01-01</name>
      <styleUrl>#downArrowIcon</styleUrl>
      <Point>
        <altitudeMode>relativeToGround</altitudeMode>
        <coordinates>12.060442,51.550533,20</coordinates>
      </Point>
    </Placemark>
    <Placemark>
      <name>Landing: 2025-01-01</name>
      <styleUrl>#downArrowIcon</styleUrl>
      <Point>
        <altitudeMode>relativeToGround</altitudeMode>
        <coordinates>12.055377,51.551952,20</coordinates>
      </Point>
    </Placemark>
    <Placemark>
      <name>Log Stop: 2025-01-01</name>
      <styleUrl>#downArrowIcon</styleUrl>
      <Point>
        <altitudeMode>relativeToGround</altitudeMode>
        <coordinates>12.058188,51.548336,20</coordinates>
      </Point>
    </Placemark>
  </Document>
</kml>
