<?xml version="1.0" encoding="utf-8"?>
<kml xmlns:gx="http://www.google.com/kml/ext/2.2" creator="kml-heatmap" xmlns="http://www.opengis.net/kml/2.2">
  <Document>
    <name>SkyDemon Track Log</name>
    <Style id="skydemonLogStyle">
      <LineStyle>
        <color>7f00ffff</color>
        <width>4</width>
      </LineStyle>
      <PolyStyle>
        <color>7fffa400</color>
      </PolyStyle>
    </Style>
    <Style id="downArrowIcon">
      <IconStyle>
        <href>http://maps.google.com/mapfiles/kml/pal4/icon28.png</href>
      </IconStyle>
    </Style>
    <Placemark>
      <name>Log Start: 2026-01-01</name>
      <styleUrl>#downArrowIcon</styleUrl>
      <Point>
        <altitudeMode>relativeToGround</altitudeMode>
        <coordinates>12.058136,51.54813,20</coordinates>
      </Point>
    </Placemark>
    <Placemark>
      <name>EDAQ Halle-Oppin - EDVM Hildesheim</name>
      <styleUrl>#skydemonLogStyle</styleUrl>
      <gx:Track>
        <extrude>1</extrude>
        <altitudeMode>absolute</altitudeMode>
        <when>2026-01-01T00:00:00.5154080Z</when>
        <gx:coord>12.058136 51.54813 109.89364</gx:coord>
        <when>2026-01-01T00:00:05.5164080Z</when>
        <gx:coord>12.058136 51.54813 109.89364</gx:coord>
        <when>2026-01-01T00:00:07.0774080Z</when>
        <gx:coord>12.058136 51.54813 109.89364</gx:coord>
        <when>2026-01-01T00:00:07.7384080Z</when>
        <gx:coord>12.058163 51.54812 0</gx:coord>
        <when>2026-01-01T00:00:07.7384080Z</when>
        <gx:coord>12.058163 51.54812 0</gx:coord>
        <when>2026-01-01T00:00:07.7394080Z</when>
        <gx:coord>12.058163 51.54812 109.89364</gx:coord>
        <when>2026-01-01T00:00:10.5164080Z</when>
        <gx:coord>12.058163 51.54812 109.89364</gx:coord>
        <when>2026-01-01T00:00:17.8194080Z</when>
        <gx:coord>12.058163 51.54812 109.89364</gx:coord>
        <when>2026-01-01T00:00:17.8364080Z</when>
        <gx:coord>12.058163 51.54812 109.89364</gx:coord>
        <when>2026-01-01T00:00:22.7524080Z</when>
        <gx:coord>12.058184 51.548107 0</gx:coord>
        <when>2026-01-01T00:00:22.7534080Z</when>
        <gx:coord>12.058184 51.548107 0</gx:coord>
        <when>2026-01-01T00:00:22.7534080Z</when>
        <gx:coord>12.058184 51.548107 109.89364</gx:coord>
        <when>2026-01-01T00:00:22.8204080Z</when>
        <gx:coord>12.058184 51.548107 109.89364</gx:coord>
        <when>2026-01-01T00:00:27.4524080Z</when>
        <gx:coord>12.058184 51.548107 109.89364</gx:coord>
        <when>2026-01-01T00:00:27.4844080Z</when>
        <gx:coord>12.058183 51.548115 108.09142</gx:coord>
        <when>2026-01-01T00:00:27.8204080Z</when>
        <gx:coord>12.058183 51.548115 108.09142</gx:coord>
        <when>2026-01-01T00:00:32.8204080Z</when>
        <gx:coord>12.058197 51.548115 108.09142</gx:coord>
        <when>2026-01-01T00:00:35.0814080Z</when>
        <gx:coord>12.058197 51.548115 108.09142</gx:coord>
        <when>2026-01-01T00:00:35.0834080Z</when>
        <gx:coord>12.058197 51.548115 108.09142</gx:coord>
        <when>2026-01-01T00:00:37.8194080Z</when>
        <gx:coord>12.05821 51.548107 107.87</gx:coord>
        <when>2026-01-01T00:00:42.8204080Z</when>
        <gx:coord>12.058222 51.548103 107.87</gx:coord>
        <when>2026-01-01T00:00:47.0914080Z</when>
        <gx:coord>12.058222 51.548103 107.87014</gx:coord>
        <when>2026-01-01T00:00:47.1354080Z</when>
        <gx:coord>12.058144 51.548286 108.09142</gx:coord>
        <when>2026-01-01T00:00:47.8194080Z</when>
        <gx:coord>12.058144 51.548286 108.09142</gx:coord>
        <when>2026-01-01T00:00:52.8204080Z</when>
        <gx:coord>12.058144 51.548286 108.09142</gx:coord>
        <when>2026-01-01T00:00:57.8194080Z</when>
        <gx:coord>12.0581455 51.548286 108.09142</gx:coord>
        <when>2026-01-01T00:01:02.8194080Z</when>
        <gx:coord>12.058149 51.54829 107.59939</gx:coord>
        <when>2026-01-01T00:01:07.8194080Z</when>
        <gx:coord>12.058152 51.548294 107.59134</gx:coord>
        <when>2026-01-01T00:01:12.8194080Z</when>
        <gx:coord>12.058152 51.5483 107.60443</gx:coord>
        <when>2026-01-01T00:01:17.8784080Z</when>
        <gx:coord>12.058147 51.548298 107.802734</gx:coord>
        <when>2026-01-01T00:01:22.8194080Z</when>
        <gx:coord>12.0581455 51.548298 108.01824</gx:coord>
        <when>2026-01-01T00:01:25.0924080Z</when>
        <gx:coord>12.058144 51.548298 108.06503</gx:coord>
        <when>2026-01-01T00:01:25.0934080Z</when>
        <gx:coord>12.058144 51.548298 108.06503</gx:coord>
        <when>2026-01-01T00:01:26.0954080Z</when>
        <gx:coord>12.058143 51.548294 108.11926</gx:coord>
        <when>2026-01-01T00:01:26.1124080Z</when>
        <gx:coord>12.058142 51.548298 108.12415</gx:coord>
        <when>2026-01-01T00:01:27.8194080Z</when>
        <gx:coord>12.058141 51.548298 108.14419</gx:coord>
        <when>2026-01-01T00:01:32.8194080Z</when>
        <gx:coord>12.05814 51.548294 108.2821</gx:coord>
        <when>2026-01-01T00:01:37.8194080Z</when>
        <gx:coord>12.058141 51.548294 108.455864</gx:coord>
        <when>2026-01-01T00:01:42.8194080Z</when>
        <gx:coord>12.058144 51.548298 108.49218</gx:coord>
        <when>2026-01-01T00:01:47.8184080Z</when>
        <gx:coord>12.058148 51.548298 108.5185</gx:coord>
        <when>2026-01-01T00:01:52.8194080Z</when>
        <gx:coord>12.05815 51.548298 108.58396</gx:coord>
        <when>2026-01-01T00:01:57.8184080Z</when>
        <gx:coord>12.05815 51.548298 108.61882</gx:coord>
        <when>2026-01-01T00:02:02.8194080Z</when>
        <gx:coord>12.058154 51.548298 108.64418</gx:coord>
        <when>2026-01-01T00:02:07.8194080Z</when>
        <gx:coord>12.058154 51.548298 108.77246</gx:coord>
        <when>2026-01-01T00:02:12.8194080Z</when>
        <gx:coord>12.058152 51.548298 108.88903</gx:coord>
        <when>2026-01-01T00:02:17.8374080Z</when>
        <gx:coord>12.058153 51.548298 108.90736</gx:coord>
        <when>2026-01-01T00:02:22.8184080Z</when>
        <gx:coord>12.058152 51.548298 108.866875</gx:coord>
        <when>2026-01-01T00:02:27.8184080Z</when>
        <gx:coord>12.058149 51.548298 108.917885</gx:coord>
        <when>2026-01-01T00:02:29.2474080Z</when>
        <gx:coord>12.0581255 51.548294 108.85232</gx:coord>
        <when>2026-01-01T00:02:32.8184080Z</when>
        <gx:coord>12.058118 51.548298 108.922</gx:coord>
        <when>2026-01-01T00:02:33.1274080Z</when>
        <gx:coord>12.058102 51.548298 108.93048</gx:coord>
        <when>2026-01-01T00:02:35.1474080Z</when>
        <gx:coord>12.058076 51.548298 108.90614</gx:coord>
        <when>2026-01-01T00:02:36.0924080Z</when>
        <gx:coord>12.058076 51.548298 108.90614</gx:coord>
        <when>2026-01-01T00:02:37.8184080Z</when>
        <gx:coord>12.058034 51.548286 108.94325</gx:coord>
        <when>2026-01-01T00:02:42.8184080Z</when>
        <gx:coord>12.057941 51.548267 109.010994</gx:coord>
        <when>2026-01-01T00:02:43.0934080Z</when>
        <gx:coord>12.057941 51.548267 109.010994</gx:coord>
        <when>2026-01-01T00:02:46.0854080Z</when>
        <gx:coord>12.057841 51.54826 109.020035</gx:coord>
        <when>2026-01-01T00:02:47.8184080Z</when>
        <gx:coord>12.057758 51.548256 108.96859</gx:coord>
        <when>2026-01-01T00:02:49.0954080Z</when>
        <gx:coord>12.05772 51.548264 108.98273</gx:coord>
        <when>2026-01-01T00:02:52.0944080Z</when>
        <gx:coord>12.057601 51.54829 108.93715</gx:coord>
        <when>2026-01-01T00:02:52.8184080Z</when>
        <gx:coord>12.057574 51.548298 108.85421</gx:coord>
        <when>2026-01-01T00:02:54.0974080Z</when>
        <gx:coord>12.057557 51.54831 108.82565</gx:coord>
        <when>2026-01-01T00:02:55.1134080Z</when>
        <gx:coord>12.057547 51.54832 108.82686</gx:coord>
        <when>2026-01-01T00:02:57.0954080Z</when>
        <gx:coord>12.057524 51.548355 108.75612</gx:coord>
        <when>2026-01-01T00:02:57.8184080Z</when>
        <gx:coord>12.057523 51.548374 108.70725</gx:coord>
        <when>2026-01-01T00:02:59.0974080Z</when>
        <gx:coord>12.057526 51.54839 108.662895</gx:coord>
        <when>2026-01-01T00:03:02.0974080Z</when>
        <gx:coord>12.05755 51.54847 108.47766</gx:coord>
        <when>2026-01-01T00:03:02.8184080Z</when>
        <gx:coord>12.057569 51.548496 108.493454</gx:coord>
        <when>2026-01-01T00:03:07.8184080Z</when>
        <gx:coord>12.05764 51.548668 108.14901</gx:coord>
        <when>2026-01-01T00:03:12.8184080Z</when>
        <gx:coord>12.057718 51.54886 107.540985</gx:coord>
        <when>2026-01-01T00:03:15.0904080Z</when>
        <gx:coord>12.057756 51.548946 107.45852</gx:coord>
        <when>2026-01-01T00:03:17.8354080Z</when>
        <gx:coord>12.0578165 51.549088 107.22073</gx:coord>
        <when>2026-01-01T00:03:22.8184080Z</when>
        <gx:coord>12.05792 51.54933 107.68188</gx:coord>
        <when>2026-01-01T00:03:27.8184080Z</when>
        <gx:coord>12.058033 51.549583 107.58271</gx:coord>
        <when>2026-01-01T00:03:32.8174080Z</when>
        <gx:coord>12.058143 51.54984 107.44761</gx:coord>
        <when>2026-01-01T00:03:37.8174080Z</when>
        <gx:coord>12.058246 51.550083 107.23152</gx:coord>
        <when>2026-01-01T00:03:42.8174080Z</when>
        <gx:coord>12.058354 51.550343 107.35578</gx:coord>
        <when>2026-01-01T00:03:47.8174080Z</when>
        <gx:coord>12.058447 51.55055 107.47272</gx:coord>
        <when>2026-01-01T00:03:51.0904080Z</when>
        <gx:coord>12.05846 51.55058 107.39805</gx:coord>
        <when>2026-01-01T00:03:52.8174080Z</when>
        <gx:coord>12.058459 51.55058 107.448906</gx:coord>
        <when>2026-01-01T00:03:57.8174080Z</when>
        <gx:coord>12.058457 51.55058 107.48286</gx:coord>
        <when>2026-01-01T00:04:02.8174080Z</when>
        <gx:coord>12.058458 51.55058 107.520515</gx:coord>
        <when>2026-01-01T00:04:07.8174080Z</when>
        <gx:coord>12.058457 51.55058 107.57273</gx:coord>
        <when>2026-01-01T00:04:12.8174080Z</when>
        <gx:coord>12.058455 51.55058 107.65842</gx:coord>
        <when>2026-01-01T00:04:17.8314080Z</when>
        <gx:coord>12.0584545 51.55058 107.550255</gx:coord>
        <when>2026-01-01T00:04:22.8174080Z</when>
        <gx:coord>12.0584545 51.55058 107.52177</gx:coord>
        <when>2026-01-01T00:04:27.8174080Z</when>
        <gx:coord>12.058454 51.55058 107.49665</gx:coord>
        <when>2026-01-01T00:04:32.8174080Z</when>
        <gx:coord>12.058454 51.55058 107.43236</gx:coord>
        <when>2026-01-01T00:04:37.8164080Z</when>
        <gx:coord>12.058454 51.55058 107.43236</gx:coord>
        <when>2026-01-01T00:04:42.8174080Z</when>
        <gx:coord>12.058453 51.55058 107.420685</gx:coord>
        <when>2026-01-01T00:04:47.8164080Z</when>
        <gx:coord>12.058453 51.55058 107.437706</gx:coord>
        <when>2026-01-01T00:04:52.8174080Z</when>
        <gx:coord>12.058453 51.55058 107.437706</gx:coord>
        <when>2026-01-01T00:04:57.8164080Z</when>
        <gx:coord>12.058453 51.55058 107.437706</gx:coord>
        <when>2026-01-01T00:05:02.8164080Z</when>
        <gx:coord>12.058453 51.55058 107.437706</gx:coord>
        <when>2026-01-01T00:05:07.8164080Z</when>
        <gx:coord>12.058453 51.55058 107.437706</gx:coord>
        <when>2026-01-01T00:05:12.8164080Z</when>
        <gx:coord>12.058453 51.55058 107.437706</gx:coord>
        <when>2026-01-01T00:05:17.8314080Z</when>
        <gx:coord>12.058453 51.55058 107.437706</gx:coord>
        <when>2026-01-01T00:05:22.8164080Z</when>
        <gx:coord>12.058453 51.55058 107.437706</gx:coord>
        <when>2026-01-01T00:05:27.8164080Z</when>
        <gx:coord>12.058451 51.550575 107.753265</gx:coord>
        <when>2026-01-01T00:05:32.8164080Z</when>
        <gx:coord>12.058451 51.550575 107.753265</gx:coord>
        <when>2026-01-01T00:05:37.8164080Z</when>
        <gx:coord>12.058451 51.550575 107.753265</gx:coord>
        <when>2026-01-01T00:05:42.8204080Z</when>
        <gx:coord>12.058451 51.550575 107.753265</gx:coord>
        <when>2026-01-01T00:05:54.0684080Z</when>
        <gx:coord>12.058453 51.55058 107.70723</gx:coord>
        <when>2026-01-01T00:05:59.0684080Z</when>
        <gx:coord>12.058453 51.55058 107.70723</gx:coord>
        <when>2026-01-01T00:06:04.0694080Z</when>
        <gx:coord>12.058453 51.55058 107.67484</gx:coord>
        <when>2026-01-01T00:06:09.0684080Z</when>
        <gx:coord>12.058453 51.55058 107.65612</gx:coord>
        <when>2026-01-01T00:06:14.0684080Z</when>
        <gx:coord>12.058453 51.55058 107.65612</gx:coord>
        <when>2026-01-01T00:06:19.0694080Z</when>
        <gx:coord>12.058453 51.55058 107.65612</gx:coord>
        <when>2026-01-01T00:06:24.0694080Z</when>
        <gx:coord>12.058454 51.55058 107.67297</gx:coord>
        <when>2026-01-01T00:06:29.0694080Z</when>
        <gx:coord>12.058454 51.55058 107.719894</gx:coord>
        <when>2026-01-01T00:06:34.0694080Z</when>
        <gx:coord>12.0584545 51.55058 107.730446</gx:coord>
        <when>2026-01-01T00:06:39.0694080Z</when>
        <gx:coord>12.058464 51.5506 107.40811</gx:coord>
        <when>2026-01-01T00:06:44.0684080Z</when>
        <gx:coord>12.0584955 51.550674 107.16765</gx:coord>
        <when>2026-01-01T00:06:49.0684080Z</when>
        <gx:coord>12.058563 51.55083 107.733864</gx:coord>
        <when>2026-01-01T00:06:53.0984080Z</when>
        <gx:coord>12.058631 51.550945 107.87157</gx:coord>
        <when>2026-01-01T00:06:54.0684080Z</when>
        <gx:coord>12.058658 51.550957 107.89231</gx:coord>
        <when>2026-01-01T00:06:55.0994080Z</when>
        <gx:coord>12.058688 51.550972 107.890366</gx:coord>
        <when>2026-01-01T00:06:57.0964080Z</when>
        <gx:coord>12.058758 51.550987 107.96252</gx:coord>
        <when>2026-01-01T00:06:58.0974080Z</when>
        <gx:coord>12.058802 51.550987 108.01151</gx:coord>
        <when>2026-01-01T00:06:59.0684080Z</when>
        <gx:coord>12.058852 51.55098 108.073135</gx:coord>
        <when>2026-01-01T00:06:59.0964080Z</when>
        <gx:coord>12.058852 51.55098 108.073135</gx:coord>
        <when>2026-01-01T00:07:01.0974080Z</when>
        <gx:coord>12.058966 51.550953 107.99837</gx:coord>
        <when>2026-01-01T00:07:03.0984080Z</when>
        <gx:coord>12.059093 51.550915 107.972176</gx:coord>
        <when>2026-01-01T00:07:04.0684080Z</when>
        <gx:coord>12.059163 51.55089 107.94196</gx:coord>
        <when>2026-01-01T00:07:09.0684080Z</when>
        <gx:coord>12.059599 51.550766 107.92656</gx:coord>
        <when>2026-01-01T00:07:14.0684080Z</when>
        <gx:coord>12.060118 51.55061 107.93931</gx:coord>
        <when>2026-01-01T00:07:19.0684080Z</when>
        <gx:coord>12.060619 51.550457 107.92817</gx:coord>
        <when>2026-01-01T00:07:19.0954080Z</when>
        <gx:coord>12.060619 51.550457 107.92817</gx:coord>
        <when>2026-01-01T00:07:24.0684080Z</when>
        <gx:coord>12.060992 51.550278 107.78382</gx:coord>
        <when>2026-01-01T00:07:25.0964080Z</when>
        <gx:coord>12.061044 51.55026 107.82281</gx:coord>
        <when>2026-01-01T00:07:26.0954080Z</when>
        <gx:coord>12.061091 51.550255 107.86727</gx:coord>
        <when>2026-01-01T00:07:27.0974080Z</when>
        <gx:coord>12.061128 51.55026 107.89847</gx:coord>
        <when>2026-01-01T00:07:28.0964080Z</when>
        <gx:coord>12.061148 51.550278 107.95725</gx:coord>
        <when>2026-01-01T00:07:29.0684080Z</when>
        <gx:coord>12.06116 51.550293 107.9938</gx:coord>
        <when>2026-01-01T00:07:29.0984080Z</when>
        <gx:coord>12.06116 51.550293 107.9938</gx:coord>
        <when>2026-01-01T00:07:30.0974080Z</when>
        <gx:coord>12.061155 51.550312 108.009224</gx:coord>
        <when>2026-01-01T00:07:31.0984080Z</when>
        <gx:coord>12.061142 51.55033 108.04</gx:coord>
        <when>2026-01-01T00:07:32.0964080Z</when>
        <gx:coord>12.061121 51.550346 107.995514</gx:coord>
        <when>2026-01-01T00:07:33.1004080Z</when>
        <gx:coord>12.0610895 51.550354 107.97029</gx:coord>
        <when>2026-01-01T00:07:34.0684080Z</when>
        <gx:coord>12.061061 51.55036 107.9663</gx:coord>
        <when>2026-01-01T00:07:35.0934080Z</when>
        <gx:coord>12.061038 51.550365 107.96728</gx:coord>
        <when>2026-01-01T00:07:39.0684080Z</when>
        <gx:coord>12.060858 51.550415 107.91998</gx:coord>
        <when>2026-01-01T00:07:41.0964080Z</when>
        <gx:coord>12.060619 51.55048 107.91456</gx:coord>
        <when>2026-01-01T00:07:43.1174080Z</when>
        <gx:coord>12.06028 51.55057 107.93632</gx:coord>
        <when>2026-01-01T00:07:44.0684080Z</when>
        <gx:coord>12.060072 51.55063 107.98032</gx:coord>
        <when>2026-01-01T00:07:44.0964080Z</when>
        <gx:coord>12.060072 51.55063 107.98032</gx:coord>
        <when>2026-01-01T00:07:47.0974080Z</when>
        <gx:coord>12.059314 51.550842 108.02187</gx:coord>
        <when>2026-01-01T00:07:49.0684080Z</when>
        <gx:coord>12.0587 51.551018 108.1625</gx:coord>
        <when>2026-01-01T00:07:51.1054080Z</when>
        <gx:coord>12.0580015 51.551212 108.16135</gx:coord>
        <when>2026-01-01T00:07:54.0684080Z</when>
        <gx:coord>12.056824 51.55155 108.905075</gx:coord>
        <when>2026-01-01T00:07:56.1014080Z</when>
        <gx:coord>12.055962 51.551792 110.102585</gx:coord>
        <when>2026-01-01T00:07:59.0684080Z</when>
        <gx:coord>12.054581 51.552174 116.41612</gx:coord>
        <when>2026-01-01T00:08:04.0684080Z</when>
        <gx:coord>12.052182 51.552814 133.01508</gx:coord>
        <when>2026-01-01T00:08:05.0954080Z</when>
        <gx:coord>12.051228 51.553074 141.29515</gx:coord>
        <when>2026-01-01T00:08:09.0674080Z</when>
        <gx:coord>12.049796 51.553455 154.60002</gx:coord>
        <when>2026-01-01T00:08:13.0954080Z</when>
        <gx:coord>12.047423 51.554054 175.23782</gx:coord>
        <when>2026-01-01T00:08:14.0674080Z</when>
        <gx:coord>12.047423 51.554054 175.23782</gx:coord>
        <when>2026-01-01T00:08:19.0674080Z</when>
        <gx:coord>12.045047 51.554607 198.90636</gx:coord>
        <when>2026-01-01T00:08:20.0974080Z</when>
        <gx:coord>12.044132 51.55483 209.77534</gx:coord>
        <when>2026-01-01T00:08:24.0674080Z</when>
        <gx:coord>12.042789 51.555138 225.51305</gx:coord>
        <when>2026-01-01T00:08:26.0974080Z</when>
        <gx:coord>12.041482 51.555428 241.3256</gx:coord>
        <when>2026-01-01T00:08:29.0664080Z</when>
        <gx:coord>12.04063 51.555622 252.04758</gx:coord>
        <when>2026-01-01T00:08:34.0674080Z</when>
        <gx:coord>12.038509 51.556126 269.84216</gx:coord>
        <when>2026-01-01T00:08:36.0944080Z</when>
        <gx:coord>12.037123 51.556442 272.64246</gx:coord>
        <when>2026-01-01T00:08:39.0674080Z</when>
        <gx:coord>12.036149 51.556656 276.99387</gx:coord>
        <when>2026-01-01T00:08:40.1064080Z</when>
        <gx:coord>12.035166 51.55688 280.22308</gx:coord>
        <when>2026-01-01T00:08:44.0674080Z</when>
        <gx:coord>12.033708 51.55726 296.31323</gx:coord>
        <when>2026-01-01T00:08:46.0984080Z</when>
        <gx:coord>12.032239 51.55767 305.94434</gx:coord>
        <when>2026-01-01T00:08:49.0674080Z</when>
        <gx:coord>12.031233 51.55795 311.50647</gx:coord>
        <when>2026-01-01T00:08:50.0984080Z</when>
        <gx:coord>12.030721 51.558086 314.39233</gx:coord>
        <when>2026-01-01T00:08:54.0674080Z</when>
        <gx:coord>12.028631 51.558636 327.26242</gx:coord>
        <when>2026-01-01T00:08:56.0974080Z</when>
        <gx:coord>12.027048 51.55906 338.42386</gx:coord>
        <when>2026-01-01T00:08:59.0674080Z</when>
        <gx:coord>12.026005 51.559353 347.96402</gx:coord>
        <when>2026-01-01T00:09:04.0674080Z</when>
        <gx:coord>12.023408 51.5601 368.31277</gx:coord>
        <when>2026-01-01T00:09:04.0964080Z</when>
        <gx:coord>12.02288 51.560246 371.80853</gx:coord>
        <when>2026-01-01T00:09:09.0674080Z</when>
        <gx:coord>12.020727 51.560806 386.35968</gx:coord>
        <when>2026-01-01T00:09:12.0954080Z</when>
        <gx:coord>12.01854 51.56134 402.96973</gx:coord>
        <when>2026-01-01T00:09:14.0674080Z</when>
        <gx:coord>12.017993 51.561474 407.13364</gx:coord>
        <when>2026-01-01T00:09:19.0674080Z</when>
        <gx:coord>12.01523 51.56215 425.24844</gx:coord>
        <when>2026-01-01T00:09:21.0954080Z</when>
        <gx:coord>12.013552 51.562557 436.8856</gx:coord>
        <when>2026-01-01T00:09:24.0674080Z</when>
        <gx:coord>12.0124235 51.56282 444.63416</gx:coord>
        <when>2026-01-01T00:09:27.1104080Z</when>
        <gx:coord>12.010146 51.563335 456.75705</gx:coord>
        <when>2026-01-01T00:09:29.0674080Z</when>
        <gx:coord>12.009574 51.56346 464.78113</gx:coord>
        <when>2026-01-01T00:09:29.0974080Z</when>
        <gx:coord>12.009 51.56359 468.73727</gx:coord>
        <when>2026-01-01T00:09:34.0674080Z</when>
        <gx:coord>12.006698 51.56409 484.5183</gx:coord>
        <when>2026-01-01T00:09:37.1004080Z</when>
        <gx:coord>12.00442 51.564632 501.9955</gx:coord>
        <when>2026-01-01T00:09:39.0674080Z</when>
        <gx:coord>12.003865 51.564793 506.11032</gx:coord>
        <when>2026-01-01T00:09:43.1004080Z</when>
        <gx:coord>12.001643 51.565475 517.4988</gx:coord>
        <when>2026-01-01T00:09:44.0664080Z</when>
        <gx:coord>12.00107 51.56565 518.9786</gx:coord>
        <when>2026-01-01T00:09:48.1314080Z</when>
        <gx:coord>11.998089 51.56646 534.86127</gx:coord>
        <when>2026-01-01T00:09:49.0664080Z</when>
        <gx:coord>11.998089 51.56646 534.86127</gx:coord>
        <when>2026-01-01T00:09:53.0954080Z</when>
        <gx:coord>11.995181 51.567215 565.76654</gx:coord>
        <when>2026-01-01T00:09:54.0664080Z</when>
        <gx:coord>11.995181 51.567215 565.76654</gx:coord>
        <when>2026-01-01T00:09:59.0664080Z</when>
        <gx:coord>11.992303 51.567898 588.9154</gx:coord>
        <when>2026-01-01T00:10:00.0944080Z</when>
        <gx:coord>11.9911375 51.56815 597.30597</gx:coord>
        <when>2026-01-01T00:10:04.0664080Z</when>
        <gx:coord>11.98938 51.568516 609.8248</gx:coord>
        <when>2026-01-01T00:10:07.0984080Z</when>
        <gx:coord>11.987057 51.569027 627.94965</gx:coord>
        <when>2026-01-01T00:10:09.0664080Z</when>
        <gx:coord>11.986482 51.569164 632.61426</gx:coord>
        <when>2026-01-01T00:10:11.4434080Z</when>
        <gx:coord>11.984772 51.56958 641.8986</gx:coord>
        <when>2026-01-01T00:10:14.0664080Z</when>
        <gx:coord>11.983636 51.569866 655.30334</gx:coord>
        <when>2026-01-01T00:10:14.0984080Z</when>
        <gx:coord>11.9830675 51.570007 659.5224</gx:coord>
        <when>2026-01-01T00:10:19.0664080Z</when>
        <gx:coord>11.980776 51.570557 676.4927</gx:coord>
        <when>2026-01-01T00:10:21.0954080Z</when>
        <gx:coord>11.979055 51.570957 690.06476</gx:coord>
        <when>2026-01-01T00:10:24.0664080Z</when>
        <gx:coord>11.977908 51.571217 699.4042</gx:coord>
        <when>2026-01-01T00:10:28.0974080Z</when>
        <gx:coord>11.975067 51.57183 725.593</gx:coord>
        <when>2026-01-01T00:10:29.0664080Z</when>
        <gx:coord>11.975067 51.57183 725.593</gx:coord>
        <when>2026-01-01T00:10:34.0664080Z</when>
        <gx:coord>11.972277 51.572433 749.6589</gx:coord>
        <when>2026-01-01T00:10:36.0984080Z</when>
        <gx:coord>11.970575 51.57281 756.6939</gx:coord>
        <when>2026-01-01T00:10:39.0664080Z</when>
        <gx:coord>11.969414 51.573086 761.2844</gx:coord>
        <when>2026-01-01T00:10:44.0664080Z</when>
        <gx:coord>11.966413 51.573814 773.2809</gx:coord>
        <when>2026-01-01T00:10:49.0654080Z</when>
        <gx:coord>11.963302 51.574604 786.19696</gx:coord>
        <when>2026-01-01T00:10:49.0954080Z</when>
        <gx:coord>11.962678 51.574764 791.57556</gx:coord>
        <when>2026-01-01T00:10:54.0974080Z</when>
        <gx:coord>11.959657 51.575577 816.33417</gx:coord>
        <when>2026-01-01T00:10:54.0974080Z</when>
        <gx:coord>11.959657 51.575577 822.752</gx:coord>
        <when>2026-01-01T00:10:54.0974080Z</when>
        <gx:coord>11.959657 51.575577 822.752</gx:coord>
        <when>2026-01-01T00:10:59.0664080Z</when>
        <gx:coord>11.957321 51.57623 841.885</gx:coord>
        <when>2026-01-01T00:11:04.0664080Z</when>
        <gx:coord>11.954262 51.577114 840.01965</gx:coord>
        <when>2026-01-01T00:11:05.0944080Z</when>
        <gx:coord>11.95362 51.5773 838.9358</gx:coord>
        <when>2026-01-01T00:11:09.0654080Z</when>
        <gx:coord>11.950974 51.57809 837.409</gx:coord>
        <when>2026-01-01T00:11:14.0654080Z</when>
        <gx:coord>11.94762 51.579113 846.046</gx:coord>
        <when>2026-01-01T00:11:19.0654080Z</when>
        <gx:coord>11.944243 51.580166 853.1875</gx:coord>
        <when>2026-01-01T00:11:19.0934080Z</when>
        <gx:coord>11.943566 51.580383 854.5962</gx:coord>
        <when>2026-01-01T00:11:24.0654080Z</when>
        <gx:coord>11.940814 51.581226 859.1823</gx:coord>
        <when>2026-01-01T00:11:29.0654080Z</when>
        <gx:coord>11.937227 51.58218 863.9863</gx:coord>
        <when>2026-01-01T00:11:31.1094080Z</when>
        <gx:coord>11.935046 51.58273 867.3464</gx:coord>
        <when>2026-01-01T00:11:34.0654080Z</when>
        <gx:coord>11.9335985 51.583084 875.6782</gx:coord>
        <when>2026-01-01T00:11:36.0944080Z</when>
        <gx:coord>11.931436 51.583588 885.7934</gx:coord>
        <when>2026-01-01T00:11:39.0654080Z</when>
        <gx:coord>11.930018 51.58392 894.17126</gx:coord>
        <when>2026-01-01T00:11:44.0654080Z</when>
        <gx:coord>11.92658 51.584812 908.69885</gx:coord>
        <when>2026-01-01T00:11:49.0654080Z</when>
        <gx:coord>11.923082 51.585754 903.52203</gx:coord>
        <when>2026-01-01T00:11:50.0944080Z</when>
        <gx:coord>11.922358 51.58595 901.21875</gx:coord>
        <when>2026-01-01T00:11:54.0654080Z</when>
        <gx:coord>11.919392 51.58675 896.8127</gx:coord>
        <when>2026-01-01T00:11:59.0654080Z</when>
        <gx:coord>11.915635 51.587784 901.2968</gx:coord>
        <when>2026-01-01T00:12:04.0654080Z</when>
        <gx:coord>11.911853 51.58877 909.00745</gx:coord>
        <when>2026-01-01T00:12:05.1084080Z</when>
        <gx:coord>11.910348 51.58917 910.5303</gx:coord>
        <when>2026-01-01T00:12:08.1064080Z</when>
        <gx:coord>11.908087 51.589756 916.313</gx:coord>
        <when>2026-01-01T00:12:09.0654080Z</when>
        <gx:coord>11.908087 51.589756 916.313</gx:coord>
        <when>2026-01-01T00:12:14.0654080Z</when>
        <gx:coord>11.904305 51.59069 924.33795</gx:coord>
        <when>2026-01-01T00:12:19.0654080Z</when>
        <gx:coord>11.900516 51.59152 938.0978</gx:coord>
        <when>2026-01-01T00:12:21.1144080Z</when>
        <gx:coord>11.898306 51.592014 950.5425</gx:coord>
        <when>2026-01-01T00:12:24.0654080Z</when>
        <gx:coord>11.8968935 51.592365 961.3054</gx:coord>
        <when>2026-01-01T00:12:28.0924080Z</when>
        <gx:coord>11.893522 51.59327 984.69446</gx:coord>
        <when>2026-01-01T00:12:29.0654080Z</when>
        <gx:coord>11.893522 51.59327 984.69446</gx:coord>
        <when>2026-01-01T00:12:29.0954080Z</when>
        <gx:coord>11.893522 51.59327 984.69446</gx:coord>
        <when>2026-01-01T00:12:34.0644080Z</when>
        <gx:coord>11.890283 51.594162 1003.4545</gx:coord>
        <when>2026-01-01T00:12:39.0654080Z</when>
        <gx:coord>11.887034 51.595036 1013.1804</gx:coord>
        <when>2026-01-01T00:12:39.0934080Z</when>
        <gx:coord>11.886379 51.595203 1015.8487</gx:coord>
        <when>2026-01-01T00:12:41.1094080Z</when>
        <gx:coord>11.885073 51.59554 1018.62286</gx:coord>
        <when>2026-01-01T00:12:44.0644080Z</when>
        <gx:coord>11.883777 51.59588 1027.6312</gx:coord>
        <when>2026-01-01T00:12:49.0644080Z</when>
        <gx:coord>11.880548 51.596767 1032.7653</gx:coord>
        <when>2026-01-01T00:12:54.0644080Z</when>
        <gx:coord>11.877156 51.59775 1021.8358</gx:coord>
        <when>2026-01-01T00:12:56.0944080Z</when>
        <gx:coord>11.875744 51.598175 1017.7312</gx:coord>
        <when>2026-01-01T00:12:59.0644080Z</when>
        <gx:coord>11.873573 51.598827 1012.3785</gx:coord>
        <when>2026-01-01T00:13:04.0644080Z</when>
        <gx:coord>11.869937 51.599964 1016.2731</gx:coord>
        <when>2026-01-01T00:13:09.0644080Z</when>
        <gx:coord>11.866279 51.601044 1022.9855</gx:coord>
        <when>2026-01-01T00:13:14.0644080Z</when>
        <gx:coord>11.862633 51.602085 1030.4874</gx:coord>
        <when>2026-01-01T00:13:16.1044080Z</when>
        <gx:coord>11.860449 51.60271 1032.2451</gx:coord>
        <when>2026-01-01T00:13:19.0644080Z</when>
        <gx:coord>11.85897 51.6031 1033.6531</gx:coord>
        <when>2026-01-01T00:13:24.0634080Z</when>
        <gx:coord>11.855254 51.604084 1037.5305</gx:coord>
        <when>2026-01-01T00:13:29.0644080Z</when>
        <gx:coord>11.851601 51.605175 1039.3955</gx:coord>
        <when>2026-01-01T00:13:34.0644080Z</when>
        <gx:coord>11.847944 51.6063 1042.6388</gx:coord>
        <when>2026-01-01T00:13:36.1004080Z</when>
        <gx:coord>11.845756 51.60698 1046.458</gx:coord>
        <when>2026-01-01T00:13:39.0644080Z</when>
        <gx:coord>11.844313 51.607437 1050.4456</gx:coord>
        <when>2026-01-01T00:13:44.0644080Z</when>
        <gx:coord>11.840718 51.60858 1054.5269</gx:coord>
        <when>2026-01-01T00:13:49.0644080Z</when>
        <gx:coord>11.837061 51.6097 1055.5266</gx:coord>
        <when>2026-01-01T00:13:50.1104080Z</when>
        <gx:coord>11.835584 51.610146 1055.72</gx:coord>
        <when>2026-01-01T00:14:00.7674080Z</when>
        <gx:coord>11.828098 51.612335 1058.3693</gx:coord>
        <when>2026-01-01T00:14:05.7684080Z</when>
        <gx:coord>11.824339 51.613457 1060.1003</gx:coord>
        <when>2026-01-01T00:14:10.7684080Z</when>
        <gx:coord>11.820576 51.61457 1063.5945</gx:coord>
        <when>2026-01-01T00:14:15.7674080Z</when>
        <gx:coord>11.816818 51.615677 1068.3792</gx:coord>
        <when>2026-01-01T00:14:20.7664080Z</when>
        <gx:coord>11.813093 51.616817 1068.1215</gx:coord>
        <when>2026-01-01T00:14:23.1094080Z</when>
        <gx:coord>11.810809 51.617504 1064.0951</gx:coord>
        <when>2026-01-01T00:14:25.7674080Z</when>
        <gx:coord>11.809245 51.61795 1057.727</gx:coord>
        <when>2026-01-01T00:14:28.0904080Z</when>
        <gx:coord>11.80765 51.618378 1054.369</gx:coord>
        <when>2026-01-01T00:14:30.7664080Z</when>
        <gx:coord>11.805239 51.61902 1052.8794</gx:coord>
        <when>2026-01-01T00:14:35.7674080Z</when>
        <gx:coord>11.801255 51.62013 1054.0298</gx:coord>
        <when>2026-01-01T00:14:40.7664080Z</when>
        <gx:coord>11.797301 51.621246 1057.9244</gx:coord>
        <when>2026-01-01T00:14:45.7674080Z</when>
        <gx:coord>11.79342 51.622364 1065.0198</gx:coord>
        <when>2026-01-01T00:14:50.7674080Z</when>
        <gx:coord>11.789529 51.62345 1062.1891</gx:coord>
        <when>2026-01-01T00:14:55.1084080Z</when>
        <gx:coord>11.78556 51.624504 1059.5656</gx:coord>
        <when>2026-01-01T00:14:55.7674080Z</when>
        <gx:coord>11.78556 51.624504 1059.0381</gx:coord>
        <when>2026-01-01T00:15:00.7704080Z</when>
        <gx:coord>11.781586 51.625576 1059.206</gx:coord>
        <when>2026-01-01T00:15:05.7674080Z</when>
        <gx:coord>11.77766 51.626656 1065.8118</gx:coord>
        <when>2026-01-01T00:15:10.7674080Z</when>
        <gx:coord>11.773719 51.62767 1065.6757</gx:coord>
        <when>2026-01-01T00:15:15.7674080Z</when>
        <gx:coord>11.769707 51.62864 1064.5538</gx:coord>
        <when>2026-01-01T00:15:20.7664080Z</when>
        <gx:coord>11.765655 51.62955 1067.0729</gx:coord>
        <when>2026-01-01T00:15:25.7674080Z</when>
        <gx:coord>11.761674 51.63048 1074.7395</gx:coord>
        <when>2026-01-01T00:15:27.1094080Z</when>
        <gx:coord>11.7601 51.63085 1076.096</gx:coord>
        <when>2026-01-01T00:15:27.1184080Z</when>
        <gx:coord>11.7601 51.63085 1077.3363</gx:coord>
        <when>2026-01-01T00:15:30.7664080Z</when>
        <gx:coord>11.7577505 51.6314 1080.6991</gx:coord>
        <when>2026-01-01T00:15:35.7674080Z</when>
        <gx:coord>11.753842 51.632347 1080.709</gx:coord>
        <when>2026-01-01T00:15:54.1054080Z</when>
        <gx:coord>11.739774 51.636166 1080.1534</gx:coord>
        <when>2026-01-01T00:15:59.0884080Z</when>
        <gx:coord>11.735131 51.637527 1079.6294</gx:coord>
        <when>2026-01-01T00:15:59.1224080Z</when>
        <gx:coord>11.735131 51.637527 1079.1772</gx:coord>
        <when>2026-01-01T00:16:04.1124080Z</when>
        <gx:coord>11.7312355 51.638702 1072.7349</gx:coord>
        <when>2026-01-01T00:16:09.1194080Z</when>
        <gx:coord>11.727243 51.639847 1067.8289</gx:coord>
        <when>2026-01-01T00:16:14.1064080Z</when>
        <gx:coord>11.72316 51.640903 1067.3524</gx:coord>
        <when>2026-01-01T00:16:19.1384080Z</when>
        <gx:coord>11.719066 51.64186 1072.4175</gx:coord>
        <when>2026-01-01T00:16:24.1064080Z</when>
        <gx:coord>11.71496 51.64271 1075.2067</gx:coord>
        <when>2026-01-01T00:16:29.1064080Z</when>
        <gx:coord>11.710895 51.643612 1073.2428</gx:coord>
        <when>2026-01-01T00:16:30.1044080Z</when>
        <gx:coord>11.71008 51.6438 1073.2428</gx:coord>
        <when>2026-01-01T00:16:34.1064080Z</when>
        <gx:coord>11.706804 51.644558 1068.7742</gx:coord>
        <when>2026-01-01T00:16:39.1064080Z</when>
        <gx:coord>11.702731 51.64557 1068.3269</gx:coord>
        <when>2026-01-01T00:16:44.1064080Z</when>
        <gx:coord>11.698695 51.646618 1072.2413</gx:coord>
        <when>2026-01-01T00:16:49.1104080Z</when>
        <gx:coord>11.694755 51.6477 1078.0497</gx:coord>
        <when>2026-01-01T00:16:54.1144080Z</when>
        <gx:coord>11.690857 51.648796 1079.7489</gx:coord>
        <when>2026-01-01T00:16:59.1064080Z</when>
        <gx:coord>11.686985 51.649914 1078.9441</gx:coord>
        <when>2026-01-01T00:17:01.1094080Z</when>
        <gx:coord>11.685438 51.650368 1078.9917</gx:coord>
        <when>2026-01-01T00:17:04.1114080Z</when>
        <gx:coord>11.683121 51.651054 1079.4744</gx:coord>
        <when>2026-01-01T00:17:09.1064080Z</when>
        <gx:coord>11.67927 51.652245 1079.0314</gx:coord>
        <when>2026-01-01T00:17:14.1054080Z</when>
        <gx:coord>11.675357 51.653393 1076.234</gx:coord>
        <when>2026-01-01T00:17:19.1374080Z</when>
        <gx:coord>11.671321 51.654404 1074.9834</gx:coord>
        <when>2026-01-01T00:17:24.1054080Z</when>
        <gx:coord>11.667219 51.65537 1071.5309</gx:coord>
        <when>2026-01-01T00:17:29.1324080Z</when>
        <gx:coord>11.66307 51.6563 1070.2047</gx:coord>
        <when>2026-01-01T00:17:32.1044080Z</when>
        <gx:coord>11.660562 51.65683 1070.2682</gx:coord>
        <when>2026-01-01T00:17:34.1134080Z</when>
        <gx:coord>11.658893 51.65718 1071.1904</gx:coord>
        <when>2026-01-01T00:17:39.1094080Z</when>
        <gx:coord>11.654752 51.658077 1074.8369</gx:coord>
        <when>2026-01-01T00:17:44.1144080Z</when>
        <gx:coord>11.650675 51.658974 1081.9341</gx:coord>
        <when>2026-01-01T00:17:49.1054080Z</when>
        <gx:coord>11.646699 51.6599 1090.0947</gx:coord>
        <when>2026-01-01T00:17:54.1184080Z</when>
        <gx:coord>11.642805 51.660862 1094.12</gx:coord>
        <when>2026-01-01T00:18:04.0964080Z</when>
        <gx:coord>11.634999 51.662766 1097.0481</gx:coord>
        <when>2026-01-01T00:18:12.0864080Z</when>
        <gx:coord>11.628859 51.66434 1108.8397</gx:coord>
        <when>2026-01-01T00:18:18.7464080Z</when>
        <gx:coord>11.624346 51.665497 1119.0035</gx:coord>
        <when>2026-01-01T00:18:23.7474080Z</when>
        <gx:coord>11.620596 51.66646 1118.4089</gx:coord>
        <when>2026-01-01T00:18:28.7474080Z</when>
        <gx:coord>11.6167 51.667366 1117.6039</gx:coord>
        <when>2026-01-01T00:18:33.7474080Z</when>
        <gx:coord>11.612755 51.66826 1118.5549</gx:coord>
        <when>2026-01-01T00:18:37.1044080Z</when>
        <gx:coord>11.609603 51.669037 1115.955</gx:coord>
        <when>2026-01-01T00:18:38.7464080Z</when>
        <gx:coord>11.60881 51.669228 1115.1992</gx:coord>
        <when>2026-01-01T00:18:43.7474080Z</when>
        <gx:coord>11.604809 51.67017 1117.7698</gx:coord>
        <when>2026-01-01T00:18:48.7464080Z</when>
        <gx:coord>11.60083 51.671085 1123.1478</gx:coord>
        <when>2026-01-01T00:18:53.7474080Z</when>
        <gx:coord>11.596859 51.672 1122.5231</gx:coord>
        <when>2026-01-01T00:18:58.7464080Z</when>
        <gx:coord>11.5929 51.672966 1124.2074</gx:coord>
        <when>2026-01-01T00:19:03.7474080Z</when>
        <gx:coord>11.58899 51.67394 1131.5786</gx:coord>
        <when>2026-01-01T00:19:08.7474080Z</when>
        <gx:coord>11.585097 51.674896 1134.8667</gx:coord>
        <when>2026-01-01T00:19:09.1034080Z</when>
        <gx:coord>11.584318 51.675087 1134.8667</gx:coord>
        <when>2026-01-01T00:19:13.7464080Z</when>
        <gx:coord>11.581205 51.67588 1136.0096</gx:coord>
        <when>2026-01-01T00:19:18.7734080Z</when>
        <gx:coord>11.577289 51.676876 1137.0814</gx:coord>
        <when>2026-01-01T00:19:23.0884080Z</when>
        <gx:coord>11.573363 51.677876 1139.8857</gx:coord>
        <when>2026-01-01T00:19:23.7464080Z</when>
        <gx:coord>11.573363 51.677876 1139.8857</gx:coord>
        <when>2026-01-01T00:19:28.7464080Z</when>
        <gx:coord>11.569433 51.67886 1143.4674</gx:coord>
        <when>2026-01-01T00:19:33.7464080Z</when>
        <gx:coord>11.565481 51.679817 1146.8331</gx:coord>
        <when>2026-01-01T00:19:38.7524080Z</when>
        <gx:coord>11.561547 51.680786 1150.7631</gx:coord>
        <when>2026-01-01T00:19:41.1044080Z</when>
        <gx:coord>11.559182 51.681347 1152.0967</gx:coord>
        <when>2026-01-01T00:19:43.7464080Z</when>
        <gx:coord>11.557603 51.68172 1154.399</gx:coord>
        <when>2026-01-01T00:19:48.7464080Z</when>
        <gx:coord>11.5536375 51.68264 1155.2798</gx:coord>
        <when>2026-01-01T00:19:53.7464080Z</when>
        <gx:coord>11.549637 51.68356 1154.3877</gx:coord>
        <when>2026-01-01T00:19:58.7464080Z</when>
        <gx:coord>11.545594 51.68448 1154.362</gx:coord>
        <when>2026-01-01T00:20:03.7464080Z</when>
        <gx:coord>11.541522 51.685383 1155.2021</gx:coord>
        <when>2026-01-01T00:20:08.7464080Z</when>
        <gx:coord>11.537473 51.686264 1160.7861</gx:coord>
        <when>2026-01-01T00:20:13.1044080Z</when>
        <gx:coord>11.533478 51.687126 1167.6292</gx:coord>
        <when>2026-01-01T00:20:13.7474080Z</when>
        <gx:coord>11.533478 51.687126 1169.0104</gx:coord>
        <when>2026-01-01T00:20:15.0924080Z</when>
        <gx:coord>11.531887 51.68747 1171.31</gx:coord>
        <when>2026-01-01T00:20:18.7724080Z</when>
        <gx:coord>11.52951 51.687984 1173.8904</gx:coord>
        <when>2026-01-01T00:20:23.7464080Z</when>
        <gx:coord>11.525568 51.688892 1175.847</gx:coord>
        <when>2026-01-01T00:20:28.7464080Z</when>
        <gx:coord>11.52162 51.689835 1177.8247</gx:coord>
        <when>2026-01-01T00:20:33.7464080Z</when>
        <gx:coord>11.517668 51.690784 1179.5671</gx:coord>
        <when>2026-01-01T00:20:38.7454080Z</when>
        <gx:coord>11.513671 51.691742 1176.4318</gx:coord>
        <when>2026-01-01T00:20:43.7464080Z</when>
        <gx:coord>11.509593 51.69269 1170.9841</gx:coord>
        <when>2026-01-01T00:20:45.1024080Z</when>
        <gx:coord>11.507938 51.69307 1170.2214</gx:coord>
        <when>2026-01-01T00:20:48.7454080Z</when>
        <gx:coord>11.5054455 51.693638 1168.2645</gx:coord>
        <when>2026-01-01T00:20:53.7464080Z</when>
        <gx:coord>11.501303 51.694595 1170.7672</gx:coord>
        <when>2026-01-01T00:20:58.7454080Z</when>
        <gx:coord>11.497198 51.69551 1178.3427</gx:coord>
        <when>2026-01-01T00:21:03.7464080Z</when>
        <gx:coord>11.493146 51.69638 1185.2423</gx:coord>
        <when>2026-01-01T00:21:08.7474080Z</when>
        <gx:coord>11.48917 51.69729 1191.2153</gx:coord>
        <when>2026-01-01T00:21:13.7464080Z</when>
        <gx:coord>11.485234 51.698223 1194.5984</gx:coord>
        <when>2026-01-01T00:21:17.1054080Z</when>
        <gx:coord>11.482048 51.698948 1194.9479</gx:coord>
        <when>2026-01-01T00:21:18.8044080Z</when>
        <gx:coord>11.481244 51.699123 1196.2394</gx:coord>
        <when>2026-01-01T00:21:23.0954080Z</when>
        <gx:coord>11.477253 51.70001 1201.8783</gx:coord>
        <when>2026-01-01T00:21:23.7464080Z</when>
        <gx:coord>11.477253 51.70001 1201.8783</gx:coord>
        <when>2026-01-01T00:21:28.7454080Z</when>
        <gx:coord>11.473354 51.700935 1210.9001</gx:coord>
        <when>2026-01-01T00:21:33.7454080Z</when>
        <gx:coord>11.469519 51.701847 1219.8396</gx:coord>
        <when>2026-01-01T00:21:38.7484080Z</when>
        <gx:coord>11.465695 51.70273 1225.3181</gx:coord>
        <when>2026-01-01T00:21:43.7454080Z</when>
        <gx:coord>11.461835 51.703583 1227.892</gx:coord>
        <when>2026-01-01T00:21:48.0984080Z</when>
        <gx:coord>11.457967 51.704453 1232.5188</gx:coord>
        <when>2026-01-01T00:21:50.0974080Z</when>
        <gx:coord>11.456414 51.704792 1233.5538</gx:coord>
        <when>2026-01-01T00:21:53.0864080Z</when>
        <gx:coord>11.454857 51.705116 1236.7155</gx:coord>
        <when>2026-01-01T00:22:01.3404080Z</when>
        <gx:coord>11.447663 51.706184 1246.6389</gx:coord>
        <when>2026-01-01T00:22:06.3404080Z</when>
        <gx:coord>11.443643 51.70672 1249.861</gx:coord>
        <when>2026-01-01T00:22:11.3574080Z</when>
        <gx:coord>11.439693 51.707413 1253.49</gx:coord>
        <when>2026-01-01T00:22:16.3404080Z</when>
        <gx:coord>11.435755 51.708183 1253.6866</gx:coord>
        <when>2026-01-01T00:22:21.3404080Z</when>
        <gx:coord>11.431778 51.70896 1252.2386</gx:coord>
        <when>2026-01-01T00:22:23.1084080Z</when>
        <gx:coord>11.4301605 51.70925 1251.5863</gx:coord>
        <when>2026-01-01T00:22:26.3404080Z</when>
        <gx:coord>11.427731 51.709705 1252.7883</gx:coord>
        <when>2026-01-01T00:22:31.3404080Z</when>
        <gx:coord>11.423697 51.71051 1252.6221</gx:coord>
        <when>2026-01-01T00:22:36.3404080Z</when>
        <gx:coord>11.419691 51.71138 1252.7523</gx:coord>
        <when>2026-01-01T00:22:41.3404080Z</when>
        <gx:coord>11.415685 51.71224 1256.3876</gx:coord>
        <when>2026-01-01T00:22:46.3404080Z</when>
        <gx:coord>11.411717 51.713116 1255.9991</gx:coord>
        <when>2026-01-01T00:22:51.3404080Z</when>
        <gx:coord>11.407692 51.71397 1255.2739</gx:coord>
        <when>2026-01-01T00:22:55.1104080Z</when>
        <gx:coord>11.404439 51.71463 1255.0406</gx:coord>
        <when>2026-01-01T00:22:56.3404080Z</when>
        <gx:coord>11.403626 51.714798 1256.2626</gx:coord>
        <when>2026-01-01T00:23:01.3964080Z</when>
        <gx:coord>11.399588 51.715652 1259.212</gx:coord>
        <when>2026-01-01T00:23:06.3404080Z</when>
        <gx:coord>11.3955345 51.716484 1261.958</gx:coord>
        <when>2026-01-01T00:23:07.0924080Z</when>
        <gx:coord>11.394731 51.716656 1263.0197</gx:coord>
        <when>2026-01-01T00:23:11.3404080Z</when>
        <gx:coord>11.391527 51.71735 1266.9808</gx:coord>
        <when>2026-01-01T00:23:16.3404080Z</when>
        <gx:coord>11.387538 51.71822 1270.334</gx:coord>
        <when>2026-01-01T00:23:21.3404080Z</when>
        <gx:coord>11.383545 51.719093 1272.7444</gx:coord>
        <when>2026-01-01T00:23:26.3404080Z</when>
        <gx:coord>11.379532 51.71994 1275.5044</gx:coord>
        <when>2026-01-01T00:23:27.1034080Z</when>
        <gx:coord>11.378731 51.720108 1275.5044</gx:coord>
        <when>2026-01-01T00:23:31.3404080Z</when>
        <gx:coord>11.375525 51.720814 1276.1066</gx:coord>
        <when>2026-01-01T00:23:36.3404080Z</when>
        <gx:coord>11.371492 51.721687 1276.9988</gx:coord>
        <when>2026-01-01T00:23:41.3404080Z</when>
        <gx:coord>11.367445 51.72256 1279.5507</gx:coord>
        <when>2026-01-01T00:23:46.3404080Z</when>
        <gx:coord>11.36341 51.723434 1282.999</gx:coord>
        <when>2026-01-01T00:23:51.3574080Z</when>
        <gx:coord>11.359377 51.724297 1286.2787</gx:coord>
        <when>2026-01-01T00:23:56.3394080Z</when>
        <gx:coord>11.355355 51.72514 1291.2827</gx:coord>
        <when>2026-01-01T00:23:59.1134080Z</when>
        <gx:coord>11.352934 51.72563 1291.9315</gx:coord>
        <when>2026-01-01T00:24:01.3914080Z</when>
        <gx:coord>11.351306 51.725952 1291.705</gx:coord>
        <when>2026-01-01T00:24:06.3404080Z</when>
        <gx:coord>11.347182 51.726707 1290.895</gx:coord>
        <when>2026-01-01T00:24:11.3404080Z</when>
        <gx:coord>11.342988 51.7274 1289.564</gx:coord>
        <when>2026-01-01T00:24:16.3404080Z</when>
        <gx:coord>11.338788 51.728096 1290.8726</gx:coord>
        <when>2026-01-01T00:24:21.3394080Z</when>
        <gx:coord>11.334587 51.72879 1292.016</gx:coord>
        <when>2026-01-01T00:24:27.0874080Z</when>
        <gx:coord>11.329569 51.729683 1293.6082</gx:coord>
        <when>2026-01-01T00:24:30.0954080Z</when>
        <gx:coord>11.327053 51.730125 1294.2247</gx:coord>
        <when>2026-01-01T00:24:41.7414080Z</when>
        <gx:coord>11.317947 51.73182 1304.3754</gx:coord>
        <when>2026-01-01T00:24:46.7424080Z</when>
        <gx:coord>11.313848 51.732483 1310.7269</gx:coord>
        <when>2026-01-01T00:24:51.7424080Z</when>
        <gx:coord>11.309709 51.733055 1312.6315</gx:coord>
        <when>2026-01-01T00:24:56.7504080Z</when>
        <gx:coord>11.305543 51.733673 1310.6466</gx:coord>
        <when>2026-01-01T00:25:01.7414080Z</when>
        <gx:coord>11.301347 51.73431 1311.1443</gx:coord>
        <when>2026-01-01T00:25:02.1074080Z</when>
        <gx:coord>11.300507 51.734417 1311.1443</gx:coord>
        <when>2026-01-01T00:25:06.7414080Z</when>
        <gx:coord>11.297116 51.734795 1315.8302</gx:coord>
        <when>2026-01-01T00:25:11.7414080Z</when>
        <gx:coord>11.292932 51.73528 1322.2935</gx:coord>
        <when>2026-01-01T00:25:16.7414080Z</when>
        <gx:coord>11.2887 51.735703 1319.3132</gx:coord>
        <when>2026-01-01T00:25:21.7414080Z</when>
        <gx:coord>11.284406 51.736153 1317.6273</gx:coord>
        <when>2026-01-01T00:25:26.7424080Z</when>
        <gx:coord>11.280164 51.736774 1317.76</gx:coord>
        <when>2026-01-01T00:25:31.7424080Z</when>
        <gx:coord>11.275922 51.73744 1315.7667</gx:coord>
        <when>2026-01-01T00:25:34.1054080Z</when>
        <gx:coord>11.273367 51.737827 1315.8964</gx:coord>
        <when>2026-01-01T00:25:36.7424080Z</when>
        <gx:coord>11.271662 51.73808 1316.9</gx:coord>
        <when>2026-01-01T00:25:41.8034080Z</when>
        <gx:coord>11.2673855 51.738674 1318.5933</gx:coord>
        <when>2026-01-01T00:25:46.7414080Z</when>
        <gx:coord>11.263106 51.739243 1320.8691</gx:coord>
        <when>2026-01-01T00:25:51.7414080Z</when>
        <gx:coord>11.258838 51.739853 1320.8491</gx:coord>
        <when>2026-01-01T00:25:56.7424080Z</when>
        <gx:coord>11.254543 51.74046 1319.7716</gx:coord>
        <when>2026-01-01T00:26:01.7414080Z</when>
        <gx:coord>11.250206 51.740993 1320.222</gx:coord>
        <when>2026-01-01T00:26:05.1084080Z</when>
        <gx:coord>11.246727 51.741398 1319.7625</gx:coord>
        <when>2026-01-01T00:26:06.7424080Z</when>
        <gx:coord>11.245852 51.741493 1318.6707</gx:coord>
        <when>2026-01-01T00:26:11.7414080Z</when>
        <gx:coord>11.241456 51.741966 1315.6842</gx:coord>
        <when>2026-01-01T00:26:16.7424080Z</when>
        <gx:coord>11.237103 51.742554 1319.0345</gx:coord>
        <when>2026-01-01T00:26:21.7414080Z</when>
        <gx:coord>11.232851 51.74323 1323.0269</gx:coord>
        <when>2026-01-01T00:26:26.7414080Z</when>
        <gx:coord>11.228616 51.7439 1322.8003</gx:coord>
        <when>2026-01-01T00:26:31.7414080Z</when>
        <gx:coord>11.224384 51.744625 1321.4946</gx:coord>
        <when>2026-01-01T00:26:36.1034080Z</when>
        <gx:coord>11.220187 51.745453 1320.873</gx:coord>
        <when>2026-01-01T00:26:36.7414080Z</when>
        <gx:coord>11.220187 51.745453 1320.735</gx:coord>
        <when>2026-01-01T00:26:41.7404080Z</when>
        <gx:coord>11.216044 51.746403 1320.5752</gx:coord>
        <when>2026-01-01T00:26:46.7414080Z</when>
        <gx:coord>11.211905 51.74736 1322.0939</gx:coord>
        <when>2026-01-01T00:26:49.0914080Z</when>
        <gx:coord>11.20943 51.74793 1324.4308</gx:coord>
        <when>2026-01-01T00:26:51.7414080Z</when>
        <gx:coord>11.207788 51.74831 1324.1158</gx:coord>
        <when>2026-01-01T00:26:56.7414080Z</when>
        <gx:coord>11.203689 51.74929 1323.9158</gx:coord>
        <when>2026-01-01T00:27:01.7404080Z</when>
        <gx:coord>11.199576 51.750263 1324.3033</gx:coord>
        <when>2026-01-01T00:27:06.7414080Z</when>
        <gx:coord>11.195463 51.75121 1328.3022</gx:coord>
        <when>2026-01-01T00:27:07.1064080Z</when>
        <gx:coord>11.19464 51.75139 1328.3022</gx:coord>
        <when>2026-01-01T00:27:11.7404080Z</when>
        <gx:coord>11.1913395 51.752083 1331.3835</gx:coord>
        <when>2026-01-01T00:27:16.7414080Z</when>
        <gx:coord>11.1871805 51.752865 1333.6838</gx:coord>
        <when>2026-01-01T00:27:21.7404080Z</when>
        <gx:coord>11.183025 51.75362 1337.2625</gx:coord>
        <when>2026-01-01T00:27:26.7414080Z</when>
        <gx:coord>11.178878 51.754402 1336.9056</gx:coord>
        <when>2026-01-01T00:27:31.7404080Z</when>
        <gx:coord>11.17469 51.75519 1333.5618</gx:coord>
        <when>2026-01-01T00:27:36.7404080Z</when>
        <gx:coord>11.170412 51.755943 1326.9629</gx:coord>
        <when>2026-01-01T00:27:37.6114080Z</when>
        <gx:coord>11.16955 51.7561 1325.581</gx:coord>
        <when>2026-01-01T00:27:38.0944080Z</when>
        <gx:coord>11.168686 51.756256 1325.581</gx:coord>
        <when>2026-01-01T00:28:09.1004080Z</when>
        <gx:coord>11.142399 51.761745 1318.0623</gx:coord>
        <when>2026-01-01T00:28:31.5644080Z</when>
        <gx:coord>11.124376 51.76618 1328.3358</gx:coord>
        <when>2026-01-01T00:28:36.5644080Z</when>
        <gx:coord>11.120311 51.767136 1327.8083</gx:coord>
        <when>2026-01-01T00:28:40.1024080Z</when>
        <gx:coord>11.1170435 51.76791 1327.0308</gx:coord>
        <when>2026-01-01T00:28:41.5644080Z</when>
        <gx:coord>11.1162195 51.7681 1326.313</gx:coord>
        <when>2026-01-01T00:28:46.5644080Z</when>
        <gx:coord>11.112082 51.769035 1324.7717</gx:coord>
        <when>2026-01-01T00:28:51.5644080Z</when>
        <gx:coord>11.107935 51.769913 1328.1075</gx:coord>
        <when>2026-01-01T00:28:56.5644080Z</when>
        <gx:coord>11.103843 51.770824 1332.0355</gx:coord>
        <when>2026-01-01T00:29:01.5644080Z</when>
        <gx:coord>11.099782 51.77176 1332.9609</gx:coord>
        <when>2026-01-01T00:29:06.5654080Z</when>
        <gx:coord>11.095671 51.772667 1331.0576</gx:coord>
        <when>2026-01-01T00:29:11.1024080Z</when>
        <gx:coord>11.091524 51.77356 1330.892</gx:coord>
        <when>2026-01-01T00:29:11.5644080Z</when>
        <gx:coord>11.091524 51.77356 1330.9167</gx:coord>
        <when>2026-01-01T00:29:16.5644080Z</when>
        <gx:coord>11.08736 51.77443 1331.8186</gx:coord>
        <when>2026-01-01T00:29:32.0154080Z</when>
        <gx:coord>11.074985 51.777275 1328.6628</gx:coord>
        <when>2026-01-01T00:29:37.0164080Z</when>
        <gx:coord>11.070822 51.778248 1326.3252</gx:coord>
        <when>2026-01-01T00:29:42.0164080Z</when>
        <gx:coord>11.066631 51.779175 1324.289</gx:coord>
        <when>2026-01-01T00:29:42.1164080Z</when>
        <gx:coord>11.06579 51.779358 1324.289</gx:coord>
        <when>2026-01-01T00:29:47.0164080Z</when>
        <gx:coord>11.0624075 51.78006 1323.9</gx:coord>
        <when>2026-01-01T00:29:52.0204080Z</when>
        <gx:coord>11.058157 51.780884 1324.721</gx:coord>
        <when>2026-01-01T00:29:57.0214080Z</when>
        <gx:coord>11.053944 51.781742 1325.4194</gx:coord>
        <when>2026-01-01T00:30:02.0234080Z</when>
        <gx:coord>11.049772 51.78266 1325.5392</gx:coord>
        <when>2026-01-01T00:30:07.0184080Z</when>
        <gx:coord>11.045624 51.783646 1322.1312</gx:coord>
        <when>2026-01-01T00:30:12.0174080Z</when>
        <gx:coord>11.041515 51.784718 1320.59</gx:coord>
        <when>2026-01-01T00:30:13.1064080Z</when>
        <gx:coord>11.039882 51.78516 1320.7389</gx:coord>
        <when>2026-01-01T00:30:17.0184080Z</when>
        <gx:coord>11.037441 51.78582 1321.3029</gx:coord>
        <when>2026-01-01T00:30:28.0924080Z</when>
        <gx:coord>11.028627 51.788406 1319.0503</gx:coord>
        <when>2026-01-01T00:30:43.0584080Z</when>
        <gx:coord>11.016774 51.792362 1316.8992</gx:coord>
        <when>2026-01-01T00:30:44.1074080Z</when>
        <gx:coord>11.015197 51.792873 1317.9573</gx:coord>
        <when>2026-01-01T00:30:48.0594080Z</when>
        <gx:coord>11.012863 51.793648 1323.3534</gx:coord>
        <when>2026-01-01T00:31:15.1054080Z</when>
        <gx:coord>10.991727 51.801704 1311.2029</gx:coord>
        <when>2026-01-01T00:31:46.1134080Z</when>
        <gx:coord>10.967637 51.80975 1313.0834</gx:coord>
        <when>2026-01-01T00:31:53.4274080Z</when>
        <gx:coord>10.962225 51.811543 1313.9589</gx:coord>
        <when>2026-01-01T00:31:58.4284080Z</when>
        <gx:coord>10.958269 51.812737 1311.9773</gx:coord>
        <when>2026-01-01T00:32:17.1114080Z</when>
        <gx:coord>10.943116 51.816967 1312.7026</gx:coord>
        <when>2026-01-01T00:32:28.2544080Z</when>
        <gx:coord>10.93394 51.81916 1305.9061</gx:coord>
        <when>2026-01-01T00:32:33.2554080Z</when>
        <gx:coord>10.929788 51.8201 1313.4667</gx:coord>
        <when>2026-01-01T00:32:38.2554080Z</when>
        <gx:coord>10.925732 51.82102 1321.1013</gx:coord>
        <when>2026-01-01T00:32:43.2554080Z</when>
        <gx:coord>10.921745 51.821968 1326.2281</gx:coord>
        <when>2026-01-01T00:32:48.1034080Z</when>
        <gx:coord>10.9178295 51.822975 1330.4373</gx:coord>
        <when>2026-01-01T00:32:48.2554080Z</when>
        <gx:coord>10.9178295 51.822975 1331.0448</gx:coord>
        <when>2026-01-01T00:32:53.2554080Z</when>
        <gx:coord>10.913911 51.823997 1329.4724</gx:coord>
        <when>2026-01-01T00:33:20.1084080Z</when>
        <gx:coord>10.892687 51.830273 1327.4808</gx:coord>
        <when>2026-01-01T00:33:23.7984080Z</when>
        <gx:coord>10.890429 51.831085 1327.24</gx:coord>
        <when>2026-01-01T00:33:28.7994080Z</when>
        <gx:coord>10.886565 51.832336 1325.7592</gx:coord>
        <when>2026-01-01T00:33:33.7994080Z</when>
        <gx:coord>10.882534 51.83339 1324.6042</gx:coord>
        <when>2026-01-01T00:33:38.7994080Z</when>
        <gx:coord>10.878545 51.834515 1324.8607</gx:coord>
        <when>2026-01-01T00:33:43.7994080Z</when>
        <gx:coord>10.874652 51.835754 1325.9097</gx:coord>
        <when>2026-01-01T00:33:48.7994080Z</when>
        <gx:coord>10.870794 51.837017 1328.082</gx:coord>
        <when>2026-01-01T00:33:51.1024080Z</when>
        <gx:coord>10.868486 51.837772 1329.4532</gx:coord>
        <when>2026-01-01T00:34:22.1004080Z</when>
        <gx:coord>10.843957 51.845253 1333.2964</gx:coord>
        <when>2026-01-01T00:34:49.0874080Z</when>
        <gx:coord>10.823036 51.850395 1328.6849</gx:coord>
        <when>2026-01-01T00:34:54.1044080Z</when>
        <gx:coord>10.817868 51.85112 1329.2974</gx:coord>
        <when>2026-01-01T00:35:07.9104080Z</when>
        <gx:coord>10.806805 51.85254 1339.2887</gx:coord>
        <when>2026-01-01T00:35:12.9114080Z</when>
        <gx:coord>10.802622 51.853218 1334.8794</gx:coord>
        <when>2026-01-01T00:35:17.9114080Z</when>
        <gx:coord>10.798398 51.854004 1325.9745</gx:coord>
        <when>2026-01-01T00:35:22.9114080Z</when>
        <gx:coord>10.7941885 51.85491 1324.0396</gx:coord>
        <when>2026-01-01T00:35:25.1044080Z</when>
        <gx:coord>10.7917185 51.855526 1325.4406</gx:coord>
        <when>2026-01-01T00:35:27.9114080Z</when>
        <gx:coord>10.790094 51.855938 1328.9817</gx:coord>
        <when>2026-01-01T00:35:45.0844080Z</when>
        <gx:coord>10.776637 51.859547 1332.0144</gx:coord>
        <when>2026-01-01T00:35:56.1014080Z</when>
        <gx:coord>10.767396 51.862713 1329.5801</gx:coord>
        <when>2026-01-01T00:35:57.6314080Z</when>
        <gx:coord>10.766644 51.86299 1331.3278</gx:coord>
        <when>2026-01-01T00:36:02.6324080Z</when>
        <gx:coord>10.762944 51.86439 1335.7754</gx:coord>
        <when>2026-01-01T00:36:07.6324080Z</when>
        <gx:coord>10.759292 51.86582 1336.2007</gx:coord>
        <when>2026-01-01T00:36:12.6324080Z</when>
        <gx:coord>10.755681 51.867313 1334.3539</gx:coord>
        <when>2026-01-01T00:36:17.6324080Z</when>
        <gx:coord>10.752124 51.868855 1335.9794</gx:coord>
        <when>2026-01-01T00:36:22.6324080Z</when>
        <gx:coord>10.748514 51.870323 1337.5398</gx:coord>
        <when>2026-01-01T00:36:27.6324080Z</when>
        <gx:coord>10.744813 51.87168 1338.7677</gx:coord>
        <when>2026-01-01T00:36:28.1034080Z</when>
        <gx:coord>10.744063 51.87194 1338.7677</gx:coord>
        <when>2026-01-01T00:36:32.6334080Z</when>
        <gx:coord>10.741058 51.87298 1338.707</gx:coord>
        <when>2026-01-01T00:36:37.6324080Z</when>
        <gx:coord>10.737254 51.874237 1337.3419</gx:coord>
        <when>2026-01-01T00:36:42.6334080Z</when>
        <gx:coord>10.733422 51.87548 1337.2539</gx:coord>
        <when>2026-01-01T00:37:00.0954080Z</when>
        <gx:coord>10.719885 51.88015 1340.3955</gx:coord>
        <when>2026-01-01T00:37:07.0194080Z</when>
        <gx:coord>10.715506 51.881878 1337.4368</gx:coord>
        <when>2026-01-01T00:37:12.0194080Z</when>
        <gx:coord>10.711912 51.883396 1334.473</gx:coord>
        <when>2026-01-01T00:37:17.0234080Z</when>
        <gx:coord>10.708153 51.88478 1330.3446</gx:coord>
        <when>2026-01-01T00:37:22.0204080Z</when>
        <gx:coord>10.704225 51.885983 1331.2301</gx:coord>
        <when>2026-01-01T00:37:27.0204080Z</when>
        <gx:coord>10.700284 51.887077 1338.7964</gx:coord>
        <when>2026-01-01T00:37:32.0204080Z</when>
        <gx:coord>10.696389 51.88813 1344.7091</gx:coord>
        <when>2026-01-01T00:37:32.0914080Z</when>
        <gx:coord>10.695612 51.888336 1344.7091</gx:coord>
        <when>2026-01-01T00:37:37.0204080Z</when>
        <gx:coord>10.69249 51.88915 1345.9501</gx:coord>
        <when>2026-01-01T00:38:04.1054080Z</when>
        <gx:coord>10.670168 51.894615 1348.5294</gx:coord>
        <when>2026-01-01T00:38:06.1824080Z</when>
        <gx:coord>10.668581 51.895035 1349.5388</gx:coord>
        <when>2026-01-01T00:38:11.1824080Z</when>
        <gx:coord>10.664655 51.896122 1351.5536</gx:coord>
        <when>2026-01-01T00:38:16.1824080Z</when>
        <gx:coord>10.660765 51.897255 1352.4185</gx:coord>
        <when>2026-01-01T00:38:36.1044080Z</when>
        <gx:coord>10.644982 51.901936 1343.0706</gx:coord>
        <when>2026-01-01T00:38:49.0854080Z</when>
        <gx:coord>10.635235 51.905525 1355.2935</gx:coord>
        <when>2026-01-01T00:38:54.1594080Z</when>
        <gx:coord>10.631563 51.90694 1355.6786</gx:coord>
        <when>2026-01-01T00:38:59.1604080Z</when>
        <gx:coord>10.62782 51.908325 1352.8712</gx:coord>
        <when>2026-01-01T00:39:04.1604080Z</when>
        <gx:coord>10.624008 51.909695 1350.3794</gx:coord>
        <when>2026-01-01T00:39:07.1134080Z</when>
        <gx:coord>10.6217165 51.91052 1349.9646</gx:coord>
        <when>2026-01-01T00:39:09.1594080Z</when>
        <gx:coord>10.6201935 51.911076 1350.0957</gx:coord>
        <when>2026-01-01T00:39:10.9044080Z</when>
        <gx:coord>10.619431 51.91135 1350.2755</gx:coord>
        <when>2026-01-01T00:39:27.3104080Z</when>
        <gx:coord>10.606402 51.915855 1356.8845</gx:coord>
        <when>2026-01-01T00:39:32.3174080Z</when>
        <gx:coord>10.602444 51.91704 1352.4475</gx:coord>
        <when>2026-01-01T00:39:37.3114080Z</when>
        <gx:coord>10.5983305 51.918137 1342.2937</gx:coord>
        <when>2026-01-01T00:39:38.1064080Z</when>
        <gx:coord>10.597489 51.918346 1342.2937</gx:coord>
        <when>2026-01-01T00:39:42.3114080Z</when>
        <gx:coord>10.594093 51.919178 1335.5685</gx:coord>
        <when>2026-01-01T00:39:47.3114080Z</when>
        <gx:coord>10.589873 51.920242 1337.9926</gx:coord>
        <when>2026-01-01T00:39:52.3124080Z</when>
        <gx:coord>10.585726 51.921307 1343.5356</gx:coord>
        <when>2026-01-01T00:39:57.3114080Z</when>
        <gx:coord>10.581631 51.922363 1346.0927</gx:coord>
        <when>2026-01-01T00:40:02.3124080Z</when>
        <gx:coord>10.577505 51.923378 1343.6509</gx:coord>
        <when>2026-01-01T00:40:07.3114080Z</when>
        <gx:coord>10.573317 51.924366 1337.7942</gx:coord>
        <when>2026-01-01T00:40:09.1054080Z</when>
        <gx:coord>10.571622 51.92476 1336.6134</gx:coord>
        <when>2026-01-01T00:40:12.3124080Z</when>
        <gx:coord>10.569074 51.925354 1333.2217</gx:coord>
        <when>2026-01-01T00:40:17.3124080Z</when>
        <gx:coord>10.564833 51.92638 1332.3785</gx:coord>
        <when>2026-01-01T00:40:39.0994080Z</when>
        <gx:coord>10.546844 51.931408 1337.9736</gx:coord>
        <when>2026-01-01T00:41:08.4484080Z</when>
        <gx:coord>10.523511 51.93852 1335.2203</gx:coord>
        <when>2026-01-01T00:41:10.1004080Z</when>
        <gx:coord>10.5218 51.93888 1334.2476</gx:coord>
        <when>2026-01-01T00:41:13.0864080Z</when>
        <gx:coord>10.5200615 51.93921 1330.9293</gx:coord>
        <when>2026-01-01T00:41:13.4494080Z</when>
        <gx:coord>10.519189 51.939365 1330.1602</gx:coord>
        <when>2026-01-01T00:41:18.4494080Z</when>
        <gx:coord>10.514785 51.94013 1325.891</gx:coord>
        <when>2026-01-01T00:41:23.4494080Z</when>
        <gx:coord>10.510394 51.940907 1326.7782</gx:coord>
        <when>2026-01-01T00:41:28.4494080Z</when>
        <gx:coord>10.5060835 51.941765 1330.3429</gx:coord>
        <when>2026-01-01T00:41:40.1034080Z</when>
        <gx:coord>10.495887 51.94395 1329.7366</gx:coord>
        <when>2026-01-01T00:41:44.0904080Z</when>
        <gx:coord>10.492481 51.944736 1324.6835</gx:coord>
        <when>2026-01-01T00:41:52.1704080Z</when>
        <gx:coord>10.485649 51.946396 1320.5411</gx:coord>
        <when>2026-01-01T00:41:57.1714080Z</when>
        <gx:coord>10.481363 51.94739 1322.3396</gx:coord>
        <when>2026-01-01T00:42:02.1714080Z</when>
        <gx:coord>10.477109 51.94838 1326.0531</gx:coord>
        <when>2026-01-01T00:42:10.1054080Z</when>
        <gx:coord>10.470354 51.949932 1328.5121</gx:coord>
        <when>2026-01-01T00:42:40.1074080Z</when>
        <gx:coord>10.444609 51.95563 1317.5074</gx:coord>
        <when>2026-01-01T00:42:51.0914080Z</when>
        <gx:coord>10.4362135 51.957943 1320.4702</gx:coord>
        <when>2026-01-01T00:43:00.0304080Z</when>
        <gx:coord>10.429155 51.960472 1323.4011</gx:coord>
        <when>2026-01-01T00:43:05.0314080Z</when>
        <gx:coord>10.425295 51.96194 1320.2833</gx:coord>
        <when>2026-01-01T00:43:10.0324080Z</when>
        <gx:coord>10.42134 51.963352 1316.1088</gx:coord>
        <when>2026-01-01T00:43:10.0974080Z</when>
        <gx:coord>10.420543 51.963627 1316.1088</gx:coord>
        <when>2026-01-01T00:43:15.0324080Z</when>
        <gx:coord>10.417354 51.9647 1318.3417</gx:coord>
        <when>2026-01-01T00:43:20.0324080Z</when>
        <gx:coord>10.41336 51.965984 1321.6224</gx:coord>
        <when>2026-01-01T00:43:25.0324080Z</when>
        <gx:coord>10.409401 51.96726 1325.433</gx:coord>
        <when>2026-01-01T00:43:30.0324080Z</when>
        <gx:coord>10.405455 51.968525 1327.3134</gx:coord>
        <when>2026-01-01T00:43:35.0324080Z</when>
        <gx:coord>10.401598 51.96985 1330.6957</gx:coord>
        <when>2026-01-01T00:43:40.0324080Z</when>
        <gx:coord>10.397799 51.97122 1332.079</gx:coord>
        <when>2026-01-01T00:43:41.1064080Z</when>
        <gx:coord>10.396283 51.97177 1332.2302</gx:coord>
        <when>2026-01-01T00:44:12.1034080Z</when>
        <gx:coord>10.373092 51.98118 1324.4159</gx:coord>
        <when>2026-01-01T00:44:21.0854080Z</when>
        <gx:coord>10.367212 51.9837 1326.7631</gx:coord>
        <when>2026-01-01T00:44:26.0864080Z</when>
        <gx:coord>10.3635 51.985218 1328.1617</gx:coord>
        <when>2026-01-01T00:44:31.0904080Z</when>
        <gx:coord>10.359016 51.987007 1327.3175</gx:coord>
        <when>2026-01-01T00:44:36.0854080Z</when>
        <gx:coord>10.355932 51.988113 1325.9451</gx:coord>
        <when>2026-01-01T00:44:41.0854080Z</when>
        <gx:coord>10.352005 51.989418 1326.9247</gx:coord>
        <when>2026-01-01T00:44:43.1064080Z</when>
        <gx:coord>10.349645 51.990185 1327.9161</gx:coord>
        <when>2026-01-01T00:44:46.0864080Z</when>
        <gx:coord>10.348092 51.990707 1330.2157</gx:coord>
        <when>2026-01-01T00:44:51.0854080Z</when>
        <gx:coord>10.3442955 51.99209 1332.7448</gx:coord>
        <when>2026-01-01T00:44:56.0864080Z</when>
        <gx:coord>10.340579 51.993553 1332.6637</gx:coord>
        <when>2026-01-01T00:44:56.3274080Z</when>
        <gx:coord>10.339836 51.99385 1332.6637</gx:coord>
        <when>2026-01-01T00:45:01.0864080Z</when>
        <gx:coord>10.336909 51.995087 1329.9125</gx:coord>
        <when>2026-01-01T00:45:06.0864080Z</when>
        <gx:coord>10.333276 51.996704 1326.1029</gx:coord>
        <when>2026-01-01T00:45:11.0864080Z</when>
        <gx:coord>10.32955 51.99826 1325.684</gx:coord>
        <when>2026-01-01T00:45:14.1034080Z</when>
        <gx:coord>10.326507 51.99943 1327.7075</gx:coord>
        <when>2026-01-01T00:45:16.0864080Z</when>
        <gx:coord>10.325743 51.999714 1329.7396</gx:coord>
        <when>2026-01-01T00:45:21.1104080Z</when>
        <gx:coord>10.3212 52.001404 1336.8022</gx:coord>
        <when>2026-01-01T00:45:26.0864080Z</when>
        <gx:coord>10.318206 52.002518 1341.1985</gx:coord>
        <when>2026-01-01T00:45:31.0864080Z</when>
        <gx:coord>10.314473 52.003895 1343.4706</gx:coord>
        <when>2026-01-01T00:45:36.0864080Z</when>
        <gx:coord>10.31071 52.005264 1341.8656</gx:coord>
        <when>2026-01-01T00:45:41.0864080Z</when>
        <gx:coord>10.306862 52.0066 1338.8439</gx:coord>
        <when>2026-01-01T00:45:45.1114080Z</when>
        <gx:coord>10.302867 52.007812 1336.7344</gx:coord>
        <when>2026-01-01T00:45:46.0874080Z</when>
        <gx:coord>10.302867 52.007812 1336.5449</gx:coord>
        <when>2026-01-01T00:45:51.0864080Z</when>
        <gx:coord>10.298919 52.009083 1338.9257</gx:coord>
        <when>2026-01-01T00:45:56.0864080Z</when>
        <gx:coord>10.2950325 52.01038 1343.0552</gx:coord>
        <when>2026-01-01T00:46:01.0864080Z</when>
        <gx:coord>10.291169 52.011677 1345.5472</gx:coord>
        <when>2026-01-01T00:46:06.0874080Z</when>
        <gx:coord>10.28735 52.013004 1349.2091</gx:coord>
        <when>2026-01-01T00:46:11.0874080Z</when>
        <gx:coord>10.283557 52.014336 1352.8722</gx:coord>
        <when>2026-01-01T00:46:16.0874080Z</when>
        <gx:coord>10.279745 52.01564 1354.9442</gx:coord>
        <when>2026-01-01T00:46:16.1074080Z</when>
        <gx:coord>10.278977 52.015896 1354.9442</gx:coord>
        <when>2026-01-01T00:46:17.0934080Z</when>
        <gx:coord>10.278208 52.01615 1355.234</gx:coord>
        <when>2026-01-01T00:46:21.1534080Z</when>
        <gx:coord>10.275115 52.01716 1355.2844</gx:coord>
        <when>2026-01-01T00:46:26.0874080Z</when>
        <gx:coord>10.272013 52.018173 1355.0068</gx:coord>
        <when>2026-01-01T00:46:31.0874080Z</when>
        <gx:coord>10.268127 52.019485 1351.6952</gx:coord>
        <when>2026-01-01T00:46:36.0874080Z</when>
        <gx:coord>10.264253 52.020844 1351.7146</gx:coord>
        <when>2026-01-01T00:46:41.0874080Z</when>
        <gx:coord>10.260415 52.022243 1353.0576</gx:coord>
        <when>2026-01-01T00:46:46.0874080Z</when>
        <gx:coord>10.256635 52.0237 1353.3936</gx:coord>
        <when>2026-01-01T00:46:47.1044080Z</when>
        <gx:coord>10.255134 52.024296 1353.428</gx:coord>
        <when>2026-01-01T00:46:51.0874080Z</when>
        <gx:coord>10.252892 52.0252 1353.3921</gx:coord>
        <when>2026-01-01T00:46:56.0874080Z</when>
        <gx:coord>10.249162 52.026695 1356.3837</gx:coord>
        <when>2026-01-01T00:47:01.0874080Z</when>
        <gx:coord>10.245445 52.02816 1360.382</gx:coord>
        <when>2026-01-01T00:47:06.0874080Z</when>
        <gx:coord>10.241691 52.029564 1362.0637</gx:coord>
        <when>2026-01-01T00:47:11.0904080Z</when>
        <gx:coord>10.237874 52.030922 1360.7716</gx:coord>
        <when>2026-01-01T00:47:16.0884080Z</when>
        <gx:coord>10.234002 52.032276 1357.474</gx:coord>
        <when>2026-01-01T00:47:18.1084080Z</when>
        <gx:coord>10.231661 52.0331 1355.5712</gx:coord>
        <when>2026-01-01T00:47:21.0994080Z</when>
        <gx:coord>10.230092 52.033657 1352.5747</gx:coord>
        <when>2026-01-01T00:47:26.0884080Z</when>
        <gx:coord>10.226171 52.035095 1349.0835</gx:coord>
        <when>2026-01-01T00:47:31.0884080Z</when>
        <gx:coord>10.222286 52.03659 1347.6405</gx:coord>
        <when>2026-01-01T00:47:48.1114080Z</when>
        <gx:coord>10.208517 52.041874 1362.7391</gx:coord>
        <when>2026-01-01T00:47:49.2124080Z</when>
        <gx:coord>10.207747 52.042137 1364.3405</gx:coord>
        <when>2026-01-01T00:47:54.2134080Z</when>
        <gx:coord>10.203893 52.043465 1363.224</gx:coord>
        <when>2026-01-01T00:47:59.2134080Z</when>
        <gx:coord>10.200015 52.044872 1353.8363</gx:coord>
        <when>2026-01-01T00:48:04.2134080Z</when>
        <gx:coord>10.19605 52.04633 1341.3842</gx:coord>
        <when>2026-01-01T00:48:09.2124080Z</when>
        <gx:coord>10.192023 52.047817 1336.2632</gx:coord>
        <when>2026-01-01T00:48:14.2134080Z</when>
        <gx:coord>10.188028 52.049305 1339.0918</gx:coord>
        <when>2026-01-01T00:48:18.0964080Z</when>
        <gx:coord>10.184839 52.05043 1342.5396</gx:coord>
        <when>2026-01-01T00:48:19.2124080Z</when>
        <gx:coord>10.184036 52.050694 1344.9066</gx:coord>
        <when>2026-01-01T00:48:24.2124080Z</when>
        <gx:coord>10.179984 52.05192 1348.7668</gx:coord>
        <when>2026-01-01T00:48:29.2134080Z</when>
        <gx:coord>10.175859 52.05303 1347.7242</gx:coord>
        <when>2026-01-01T00:48:34.2134080Z</when>
        <gx:coord>10.171735 52.05414 1349.577</gx:coord>
        <when>2026-01-01T00:48:39.2134080Z</when>
        <gx:coord>10.167622 52.055252 1351.0707</gx:coord>
        <when>2026-01-01T00:48:44.2134080Z</when>
        <gx:coord>10.16351 52.056355 1352.39</gx:coord>
        <when>2026-01-01T00:48:49.1094080Z</when>
        <gx:coord>10.159438 52.057503 1354.0208</gx:coord>
        <when>2026-01-01T00:48:49.2394080Z</when>
        <gx:coord>10.159438 52.057503 1354.3055</gx:coord>
        <when>2026-01-01T00:48:54.2134080Z</when>
        <gx:coord>10.155386 52.058674 1354.4015</gx:coord>
        <when>2026-01-01T00:48:59.2124080Z</when>
        <gx:coord>10.151309 52.059837 1352.9264</gx:coord>
        <when>2026-01-01T00:49:04.2134080Z</when>
        <gx:coord>10.147206 52.060993 1351.5808</gx:coord>
        <when>2026-01-01T00:49:09.2134080Z</when>
        <gx:coord>10.143059 52.062107 1351.0165</gx:coord>
        <when>2026-01-01T00:49:14.2134080Z</when>
        <gx:coord>10.138938 52.063263 1350.9419</gx:coord>
        <when>2026-01-01T00:49:19.1074080Z</when>
        <gx:coord>10.134841 52.064472 1349.2386</gx:coord>
        <when>2026-01-01T00:49:19.2124080Z</when>
        <gx:coord>10.134841 52.064472 1348.7352</gx:coord>
        <when>2026-01-01T00:49:24.2134080Z</when>
        <gx:coord>10.130741 52.065704 1347.039</gx:coord>
        <when>2026-01-01T00:49:29.2134080Z</when>
        <gx:coord>10.126635 52.06695 1344.776</gx:coord>
        <when>2026-01-01T00:49:34.2134080Z</when>
        <gx:coord>10.122483 52.06816 1342.5292</gx:coord>
        <when>2026-01-01T00:49:39.2134080Z</when>
        <gx:coord>10.118299 52.069336 1341.2467</gx:coord>
        <when>2026-01-01T00:49:44.2144080Z</when>
        <gx:coord>10.114134 52.070534 1341.004</gx:coord>
        <when>2026-01-01T00:49:49.1084080Z</when>
        <gx:coord>10.110003 52.071754 1342.0922</gx:coord>
        <when>2026-01-01T00:49:49.2144080Z</when>
        <gx:coord>10.110003 52.071754 1342.336</gx:coord>
        <when>2026-01-01T00:49:54.2144080Z</when>
        <gx:coord>10.105878 52.07296 1343.0603</gx:coord>
        <when>2026-01-01T00:49:59.2144080Z</when>
        <gx:coord>10.101757 52.074158 1343.5138</gx:coord>
        <when>2026-01-01T00:50:04.2134080Z</when>
        <gx:coord>10.097664 52.075397 1341.951</gx:coord>
        <when>2026-01-01T00:50:09.2134080Z</when>
        <gx:coord>10.093567 52.076675 1337.894</gx:coord>
        <when>2026-01-01T00:50:14.2144080Z</when>
        <gx:coord>10.089444 52.07797 1334.1726</gx:coord>
        <when>2026-01-01T00:50:19.1084080Z</when>
        <gx:coord>10.085294 52.07925 1332.1731</gx:coord>
        <when>2026-01-01T00:50:19.2134080Z</when>
        <gx:coord>10.085294 52.07925 1331.6357</gx:coord>
        <when>2026-01-01T00:50:24.0954080Z</when>
        <gx:coord>10.081063 52.080467 1322.7479</gx:coord>
        <when>2026-01-01T00:50:24.2144080Z</when>
        <gx:coord>10.081063 52.080467 1322.7479</gx:coord>
        <when>2026-01-01T00:50:29.2134080Z</when>
        <gx:coord>10.076747 52.081642 1311.4675</gx:coord>
        <when>2026-01-01T00:50:34.2144080Z</when>
        <gx:coord>10.07244 52.082783 1308.3354</gx:coord>
        <when>2026-01-01T00:50:39.2144080Z</when>
        <gx:coord>10.068171 52.08389 1305.4703</gx:coord>
        <when>2026-01-01T00:50:44.2144080Z</when>
        <gx:coord>10.063922 52.084946 1300.7565</gx:coord>
        <when>2026-01-01T00:50:49.1094080Z</when>
        <gx:coord>10.059663 52.085953 1295.758</gx:coord>
        <when>2026-01-01T00:50:49.2744080Z</when>
        <gx:coord>10.059663 52.085953 1294.6626</gx:coord>
        <when>2026-01-01T00:50:52.0924080Z</when>
        <gx:coord>10.0571 52.086536 1292.0342</gx:coord>
        <when>2026-01-01T00:50:54.2394080Z</when>
        <gx:coord>10.055396 52.086918 1292.8113</gx:coord>
        <when>2026-01-01T00:50:59.2144080Z</when>
        <gx:coord>10.051139 52.087845 1293.6285</gx:coord>
        <when>2026-01-01T00:51:04.0934080Z</when>
        <gx:coord>10.047712 52.08853 1292.6246</gx:coord>
        <when>2026-01-01T00:51:04.2144080Z</when>
        <gx:coord>10.0468445 52.088684 1291.9905</gx:coord>
        <when>2026-01-01T00:51:09.2134080Z</when>
        <gx:coord>10.042434 52.0893 1287.2188</gx:coord>
        <when>2026-01-01T00:51:14.2144080Z</when>
        <gx:coord>10.03795 52.089794 1284.0206</gx:coord>
        <when>2026-01-01T00:51:19.1124080Z</when>
        <gx:coord>10.033491 52.090374 1284.3746</gx:coord>
        <when>2026-01-01T00:51:19.2134080Z</when>
        <gx:coord>10.033491 52.090374 1284.6129</gx:coord>
        <when>2026-01-01T00:51:24.2144080Z</when>
        <gx:coord>10.029059 52.090984 1285.1503</gx:coord>
        <when>2026-01-01T00:51:29.2134080Z</when>
        <gx:coord>10.024631 52.09157 1285.3698</gx:coord>
        <when>2026-01-01T00:51:34.2144080Z</when>
        <gx:coord>10.020186 52.092094 1285.6328</gx:coord>
        <when>2026-01-01T00:51:39.2144080Z</when>
        <gx:coord>10.015742 52.092564 1285.4873</gx:coord>
        <when>2026-01-01T00:51:44.2144080Z</when>
        <gx:coord>10.011265 52.09298 1281.3661</gx:coord>
        <when>2026-01-01T00:51:49.1074080Z</when>
        <gx:coord>10.006755 52.09341 1279.4851</gx:coord>
        <when>2026-01-01T00:52:08.9764080Z</when>
        <gx:coord>9.98993 52.095592 1280.0112</gx:coord>
        <when>2026-01-01T00:52:13.9774080Z</when>
        <gx:coord>9.985475 52.09628 1273.826</gx:coord>
        <when>2026-01-01T00:52:18.9764080Z</when>
        <gx:coord>9.981007 52.09704 1268.7312</gx:coord>
        <when>2026-01-01T00:52:19.1144080Z</when>
        <gx:coord>9.980114 52.097202 1268.7312</gx:coord>
        <when>2026-01-01T00:52:23.9774080Z</when>
        <gx:coord>9.976547 52.097878 1265.8345</gx:coord>
        <when>2026-01-01T00:52:28.9764080Z</when>
        <gx:coord>9.972116 52.09873 1267.8965</gx:coord>
        <when>2026-01-01T00:52:33.9774080Z</when>
        <gx:coord>9.967715 52.09955 1269.5996</gx:coord>
        <when>2026-01-01T00:52:38.9764080Z</when>
        <gx:coord>9.963325 52.10032 1269.1232</gx:coord>
        <when>2026-01-01T00:52:43.9774080Z</when>
        <gx:coord>9.95891 52.101067 1264.6056</gx:coord>
        <when>2026-01-01T00:52:46.0974080Z</when>
        <gx:coord>9.956229 52.10149 1260.6403</gx:coord>
        <when>2026-01-01T00:52:48.9764080Z</when>
        <gx:coord>9.95443 52.10176 1258.5428</gx:coord>
        <when>2026-01-01T00:52:49.1084080Z</when>
        <gx:coord>9.953527 52.1019 1258.5428</gx:coord>
        <when>2026-01-01T00:52:53.9774080Z</when>
        <gx:coord>9.949924 52.102463 1255.8612</gx:coord>
        <when>2026-01-01T00:52:58.9774080Z</when>
        <gx:coord>9.945458 52.103195 1259.8556</gx:coord>
        <when>2026-01-01T00:53:03.9774080Z</when>
        <gx:coord>9.941068 52.10394 1264.0532</gx:coord>
        <when>2026-01-01T00:53:09.0124080Z</when>
        <gx:coord>9.936704 52.104626 1266.9352</gx:coord>
        <when>2026-01-01T00:53:13.9774080Z</when>
        <gx:coord>9.932364 52.105316 1266.9437</gx:coord>
        <when>2026-01-01T00:53:18.9774080Z</when>
        <gx:coord>9.927986 52.10596 1261.5938</gx:coord>
        <when>2026-01-01T00:53:19.1104080Z</when>
        <gx:coord>9.927099 52.10607 1261.5938</gx:coord>
        <when>2026-01-01T00:53:23.9774080Z</when>
        <gx:coord>9.923535 52.10649 1258.2024</gx:coord>
        <when>2026-01-01T00:53:28.9764080Z</when>
        <gx:coord>9.919127 52.107063 1261.7034</gx:coord>
        <when>2026-01-01T00:53:33.9774080Z</when>
        <gx:coord>9.914788 52.10768 1264.4877</gx:coord>
        <when>2026-01-01T00:53:38.9764080Z</when>
        <gx:coord>9.910481 52.10839 1262.7314</gx:coord>
        <when>2026-01-01T00:53:43.9944080Z</when>
        <gx:coord>9.9061575 52.109146 1259.5721</gx:coord>
        <when>2026-01-01T00:53:48.9774080Z</when>
        <gx:coord>9.901779 52.10985 1255.4156</gx:coord>
        <when>2026-01-01T00:53:50.1004080Z</when>
        <gx:coord>9.900014 52.11013 1254.5469</gx:coord>
        <when>2026-01-01T00:53:53.9774080Z</when>
        <gx:coord>9.89736 52.110554 1251.935</gx:coord>
        <when>2026-01-01T00:53:58.9774080Z</when>
        <gx:coord>9.892957 52.11131 1253.3939</gx:coord>
        <when>2026-01-01T00:54:03.9774080Z</when>
        <gx:coord>9.888631 52.11215 1257.3849</gx:coord>
        <when>2026-01-01T00:54:08.9844080Z</when>
        <gx:coord>9.884328 52.11297 1259.199</gx:coord>
        <when>2026-01-01T00:54:13.9774080Z</when>
        <gx:coord>9.880002 52.113724 1260.2664</gx:coord>
        <when>2026-01-01T00:54:18.9774080Z</when>
        <gx:coord>9.875718 52.114544 1262.0323</gx:coord>
        <when>2026-01-01T00:54:20.1114080Z</when>
        <gx:coord>9.874019 52.114895 1262.1128</gx:coord>
        <when>2026-01-01T00:54:23.9774080Z</when>
        <gx:coord>9.871475 52.115444 1261.9261</gx:coord>
        <when>2026-01-01T00:54:28.9764080Z</when>
        <gx:coord>9.867239 52.116375 1260.0787</gx:coord>
        <when>2026-01-01T00:54:33.9774080Z</when>
        <gx:coord>9.862949 52.11724 1258.3369</gx:coord>
        <when>2026-01-01T00:54:38.9764080Z</when>
        <gx:coord>9.85864 52.118095 1256.5203</gx:coord>
        <when>2026-01-01T00:54:43.9774080Z</when>
        <gx:coord>9.854254 52.118805 1253.0084</gx:coord>
        <when>2026-01-01T00:54:48.9764080Z</when>
        <gx:coord>9.849819 52.1194 1252.3252</gx:coord>
        <when>2026-01-01T00:54:51.1034080Z</when>
        <gx:coord>9.847182 52.11978 1254.2274</gx:coord>
        <when>2026-01-01T00:54:53.9774080Z</when>
        <gx:coord>9.845442 52.120045 1257.8906</gx:coord>
        <when>2026-01-01T00:54:58.9774080Z</when>
        <gx:coord>9.8411255 52.120693 1260.797</gx:coord>
        <when>2026-01-01T00:55:03.9774080Z</when>
        <gx:coord>9.836804 52.12136 1256.5056</gx:coord>
        <when>2026-01-01T00:55:09.0084080Z</when>
        <gx:coord>9.832414 52.122055 1248.1057</gx:coord>
        <when>2026-01-01T00:55:13.9774080Z</when>
        <gx:coord>9.827977 52.122807 1243.1334</gx:coord>
        <when>2026-01-01T00:55:18.9774080Z</when>
        <gx:coord>9.82356 52.12361 1241.8544</gx:coord>
        <when>2026-01-01T00:55:21.1074080Z</when>
        <gx:coord>9.82092 52.124096 1241.5658</gx:coord>
        <when>2026-01-01T00:55:23.9774080Z</when>
        <gx:coord>9.819167 52.124424 1241.7373</gx:coord>
        <when>2026-01-01T00:55:28.9764080Z</when>
        <gx:coord>9.814804 52.125237 1242.7603</gx:coord>
        <when>2026-01-01T00:55:33.9904080Z</when>
        <gx:coord>9.810471 52.12603 1245.4572</gx:coord>
        <when>2026-01-01T00:55:38.9764080Z</when>
        <gx:coord>9.80614 52.126766 1245.6893</gx:coord>
        <when>2026-01-01T00:55:43.9764080Z</when>
        <gx:coord>9.801776 52.127445 1242.768</gx:coord>
        <when>2026-01-01T00:55:48.9764080Z</when>
        <gx:coord>9.797391 52.128155 1238.3348</gx:coord>
        <when>2026-01-01T00:55:51.1034080Z</when>
        <gx:coord>9.79477 52.128662 1235.7524</gx:coord>
        <when>2026-01-01T00:55:53.9774080Z</when>
        <gx:coord>9.793019 52.12902 1231.2393</gx:coord>
        <when>2026-01-01T00:55:58.9774080Z</when>
        <gx:coord>9.788665 52.129974 1231.0957</gx:coord>
        <when>2026-01-01T00:56:03.9774080Z</when>
        <gx:coord>9.784403 52.13096 1238.7247</gx:coord>
        <when>2026-01-01T00:56:09.0384080Z</when>
        <gx:coord>9.78022 52.131924 1244.9703</gx:coord>
        <when>2026-01-01T00:56:13.9774080Z</when>
        <gx:coord>9.776073 52.13291 1245.5992</gx:coord>
        <when>2026-01-01T00:56:18.0864080Z</when>
        <gx:coord>9.772844 52.133812 1247.8284</gx:coord>
        <when>2026-01-01T00:56:18.9774080Z</when>
        <gx:coord>9.772066 52.13407 1248.3092</gx:coord>
        <when>2026-01-01T00:56:22.1044080Z</when>
        <gx:coord>9.769078 52.13522 1249.45</gx:coord>
        <when>2026-01-01T00:56:23.9764080Z</when>
        <gx:coord>9.768369 52.13554 1250.2902</gx:coord>
        <when>2026-01-01T00:56:25.0984080Z</when>
        <gx:coord>9.767673 52.135876 1250.3544</gx:coord>
        <when>2026-01-01T00:56:28.9764080Z</when>
        <gx:coord>9.764936 52.13727 1240.8833</gx:coord>
        <when>2026-01-01T00:56:32.0944080Z</when>
        <gx:coord>9.762183 52.138733 1228.173</gx:coord>
        <when>2026-01-01T00:56:33.9794080Z</when>
        <gx:coord>9.761481 52.1391 1224.8689</gx:coord>
        <when>2026-01-01T00:56:38.9764080Z</when>
        <gx:coord>9.757932 52.14095 1212.4879</gx:coord>
        <when>2026-01-01T00:56:43.9774080Z</when>
        <gx:coord>9.754394 52.142834 1204.9128</gx:coord>
        <when>2026-01-01T00:56:48.9764080Z</when>
        <gx:coord>9.750963 52.14477 1201.4257</gx:coord>
        <when>2026-01-01T00:56:52.1094080Z</when>
        <gx:coord>9.748259 52.14632 1198.9905</gx:coord>
        <when>2026-01-01T00:56:53.1074080Z</when>
        <gx:coord>9.747578 52.1467 1197.3896</gx:coord>
        <when>2026-01-01T00:56:53.9774080Z</when>
        <gx:coord>9.747578 52.1467 1197.3896</gx:coord>
        <when>2026-01-01T00:56:58.9774080Z</when>
        <gx:coord>9.744206 52.148586 1195.6262</gx:coord>
        <when>2026-01-01T00:57:03.9774080Z</when>
        <gx:coord>9.740876 52.150444 1190.4731</gx:coord>
        <when>2026-01-01T00:57:09.0194080Z</when>
        <gx:coord>9.737609 52.15232 1183.9725</gx:coord>
        <when>2026-01-01T00:57:13.9774080Z</when>
        <gx:coord>9.734399 52.154232 1175.4432</gx:coord>
        <when>2026-01-01T00:57:17.0974080Z</when>
        <gx:coord>9.732562 52.15544 1167.9543</gx:coord>
        <when>2026-01-01T00:57:17.0984080Z</when>
        <gx:coord>9.731963 52.155853 1164.711</gx:coord>
        <when>2026-01-01T00:57:18.9774080Z</when>
        <gx:coord>9.731368 52.156273 1161.6307</gx:coord>
        <when>2026-01-01T00:57:23.1124080Z</when>
        <gx:coord>9.7284355 52.15842 1150.5758</gx:coord>
        <when>2026-01-01T00:57:23.9774080Z</when>
        <gx:coord>9.7284355 52.15842 1148.2201</gx:coord>
        <when>2026-01-01T00:57:28.9764080Z</when>
        <gx:coord>9.72555 52.16061 1139.1154</gx:coord>
        <when>2026-01-01T00:57:32.0934080Z</when>
        <gx:coord>9.723298 52.16238 1132.9244</gx:coord>
        <when>2026-01-01T00:57:33.9774080Z</when>
        <gx:coord>9.722741 52.162823 1131.0463</gx:coord>
        <when>2026-01-01T00:57:38.9764080Z</when>
        <gx:coord>9.720039 52.16508 1124.6022</gx:coord>
        <when>2026-01-01T00:57:43.9774080Z</when>
        <gx:coord>9.717514 52.167393 1116.5787</gx:coord>
        <when>2026-01-01T00:57:48.9764080Z</when>
        <gx:coord>9.715078 52.16974 1102.8219</gx:coord>
        <when>2026-01-01T00:57:49.0954080Z</when>
        <gx:coord>9.714593 52.17021 1099.5194</gx:coord>
        <when>2026-01-01T00:57:53.0954080Z</when>
        <gx:coord>9.7131405 52.171646 1089.0613</gx:coord>
        <when>2026-01-01T00:57:53.1084080Z</when>
        <gx:coord>9.712661 52.172127 1089.0613</gx:coord>
        <when>2026-01-01T00:57:53.9774080Z</when>
        <gx:coord>9.712661 52.172127 1085.7854</gx:coord>
        <when>2026-01-01T00:57:58.9774080Z</when>
        <gx:coord>9.710344 52.174572 1071.2505</gx:coord>
        <when>2026-01-01T00:57:59.0944080Z</when>
        <gx:coord>9.709903 52.17507 1067.7235</gx:coord>
        <when>2026-01-01T00:58:03.9774080Z</when>
        <gx:coord>9.708195 52.17709 1053.7653</gx:coord>
        <when>2026-01-01T00:58:09.0084080Z</when>
        <gx:coord>9.706105 52.179646 1037.2568</gx:coord>
        <when>2026-01-01T00:58:09.1084080Z</when>
        <gx:coord>9.705693 52.18016 1033.8973</gx:coord>
        <when>2026-01-01T00:58:13.9764080Z</when>
        <gx:coord>9.70408 52.182228 1020.7636</gx:coord>
        <when>2026-01-01T00:58:18.9764080Z</when>
        <gx:coord>9.702195 52.184853 1006.65594</gx:coord>
        <when>2026-01-01T00:58:20.1134080Z</when>
        <gx:coord>9.701497 52.185913 1002.16425</gx:coord>
        <when>2026-01-01T00:58:21.1144080Z</when>
        <gx:coord>9.701497 52.185913 1002.16425</gx:coord>
        <when>2026-01-01T00:58:23.1074080Z</when>
        <gx:coord>9.700492 52.187504 997.01544</gx:coord>
        <when>2026-01-01T00:58:23.9774080Z</when>
        <gx:coord>9.700492 52.187504 994.0368</gx:coord>
        <when>2026-01-01T00:58:28.9764080Z</when>
        <gx:coord>9.698864 52.19019 976.0849</gx:coord>
        <when>2026-01-01T00:58:30.0954080Z</when>
        <gx:coord>9.698227 52.191277 969.0939</gx:coord>
        <when>2026-01-01T00:58:33.9774080Z</when>
        <gx:coord>9.697307 52.19293 958.4705</gx:coord>
        <when>2026-01-01T00:58:38.0954080Z</when>
        <gx:coord>9.695764 52.1957 936.99414</gx:coord>
        <when>2026-01-01T00:58:38.9764080Z</when>
        <gx:coord>9.695764 52.1957 936.99414</gx:coord>
        <when>2026-01-01T00:58:39.0954080Z</when>
        <gx:coord>9.695764 52.1957 936.99414</gx:coord>
        <when>2026-01-01T00:58:43.9774080Z</when>
        <gx:coord>9.694207 52.198517 912.38464</gx:coord>
        <when>2026-01-01T00:58:45.1024080Z</when>
        <gx:coord>9.693622 52.19966 902.8223</gx:coord>
        <when>2026-01-01T00:58:48.9774080Z</when>
        <gx:coord>9.692796 52.201393 889.88055</gx:coord>
        <when>2026-01-01T00:58:52.1074080Z</when>
        <gx:coord>9.691756 52.20372 876.6437</gx:coord>
        <when>2026-01-01T00:58:53.0874080Z</when>
        <gx:coord>9.6915045 52.2043 869.87244</gx:coord>
        <when>2026-01-01T00:58:53.9774080Z</when>
        <gx:coord>9.6915045 52.2043 869.87244</gx:coord>
        <when>2026-01-01T00:58:58.9774080Z</when>
        <gx:coord>9.690241 52.20719 849.1119</gx:coord>
        <when>2026-01-01T00:59:01.0954080Z</when>
        <gx:coord>9.689517 52.20893 837.2782</gx:coord>
        <when>2026-01-01T00:59:03.9774080Z</when>
        <gx:coord>9.689057 52.210094 830.392</gx:coord>
        <when>2026-01-01T00:59:09.0034080Z</when>
        <gx:coord>9.68804 52.21299 813.8071</gx:coord>
        <when>2026-01-01T00:59:10.0914080Z</when>
        <gx:coord>9.68765 52.21414 806.39233</gx:coord>
        <when>2026-01-01T00:59:13.9774080Z</when>
        <gx:coord>9.687053 52.21586 794.8459</gx:coord>
        <when>2026-01-01T00:59:18.0914080Z</when>
        <gx:coord>9.686076 52.218716 773.4136</gx:coord>
        <when>2026-01-01T00:59:18.9774080Z</when>
        <gx:coord>9.686076 52.218716 773.4136</gx:coord>
        <when>2026-01-01T00:59:20.0954080Z</when>
        <gx:coord>9.685887 52.21929 769.10156</gx:coord>
        <when>2026-01-01T00:59:21.1064080Z</when>
        <gx:coord>9.685537 52.22044 764.9837</gx:coord>
        <when>2026-01-01T00:59:23.9774080Z</when>
        <gx:coord>9.685209 52.22159 753.1955</gx:coord>
        <when>2026-01-01T00:59:26.0974080Z</when>
        <gx:coord>9.684742 52.223305 742.78375</gx:coord>
        <when>2026-01-01T00:59:28.9764080Z</when>
        <gx:coord>9.684423 52.224445 735.81323</gx:coord>
        <when>2026-01-01T00:59:33.9764080Z</when>
        <gx:coord>9.683505 52.227272 716.98364</gx:coord>
        <when>2026-01-01T00:59:35.0924080Z</when>
        <gx:coord>9.68311 52.228397 708.57745</gx:coord>
        <when>2026-01-01T00:59:38.9764080Z</when>
        <gx:coord>9.6824875 52.230083 696.87463</gx:coord>
        <when>2026-01-01T00:59:43.9774080Z</when>
        <gx:coord>9.681398 52.232857 683.3208</gx:coord>
        <when>2026-01-01T00:59:46.0994080Z</when>
        <gx:coord>9.680794 52.2345 675.5419</gx:coord>
        <when>2026-01-01T00:59:48.9764080Z</when>
        <gx:coord>9.680394 52.235588 669.4332</gx:coord>
        <when>2026-01-01T00:59:51.1004080Z</when>
        <gx:coord>9.679751 52.237206 665.16864</gx:coord>
        <when>2026-01-01T00:59:53.9774080Z</when>
        <gx:coord>9.679319 52.23827 657.1495</gx:coord>
        <when>2026-01-01T00:59:55.0934080Z</when>
        <gx:coord>9.679103 52.238804 655.73596</gx:coord>
        <when>2026-01-01T00:59:58.9764080Z</when>
        <gx:coord>9.678256 52.24089 652.27203</gx:coord>
        <when>2026-01-01T01:00:01.0944080Z</when>
        <gx:coord>9.677639 52.242443 641.91644</gx:coord>
        <when>2026-01-01T01:00:03.9774080Z</when>
        <gx:coord>9.677207 52.243484 634.0251</gx:coord>
        <when>2026-01-01T01:00:09.0024080Z</when>
        <gx:coord>9.676058 52.24609 618.8158</gx:coord>
        <when>2026-01-01T01:00:11.0954080Z</when>
        <gx:coord>9.675415 52.24766 609.9936</gx:coord>
        <when>2026-01-01T01:00:13.9774080Z</when>
        <gx:coord>9.675017 52.248714 605.7194</gx:coord>
        <when>2026-01-01T01:00:18.9774080Z</when>
        <gx:coord>9.674092 52.251312 599.9386</gx:coord>
        <when>2026-01-01T01:00:22.1094080Z</when>
        <gx:coord>9.673349 52.253395 591.1195</gx:coord>
        <when>2026-01-01T01:00:23.0964080Z</when>
        <gx:coord>9.6731615 52.25392 579.42926</gx:coord>
        <when>2026-01-01T01:00:23.9774080Z</when>
        <gx:coord>9.6731615 52.25392 579.42926</gx:coord>
        <when>2026-01-01T01:00:29.0084080Z</when>
        <gx:coord>9.67228 52.2566 572.717</gx:coord>
        <when>2026-01-01T01:00:33.9774080Z</when>
        <gx:coord>9.671408 52.259216 569.8669</gx:coord>
        <when>2026-01-01T01:00:38.9764080Z</when>
        <gx:coord>9.670535 52.26179 565.57385</gx:coord>
        <when>2026-01-01T01:00:43.9774080Z</when>
        <gx:coord>9.669771 52.26435 565.51263</gx:coord>
        <when>2026-01-01T01:00:48.9764080Z</when>
        <gx:coord>9.669043 52.26688 564.64496</gx:coord>
        <when>2026-01-01T01:00:53.9774080Z</when>
        <gx:coord>9.668294 52.269432 564.98315</gx:coord>
        <when>2026-01-01T01:00:54.1054080Z</when>
        <gx:coord>9.668145 52.269947 564.98315</gx:coord>
        <when>2026-01-01T01:00:58.9774080Z</when>
        <gx:coord>9.66757 52.272022 564.5214</gx:coord>
        <when>2026-01-01T01:01:03.9764080Z</when>
        <gx:coord>9.667129 52.274628 571.22015</gx:coord>
        <when>2026-01-01T01:01:06.0944080Z</when>
        <gx:coord>9.667072 52.275665 574.8418</gx:coord>
        <when>2026-01-01T01:01:07.1014080Z</when>
        <gx:coord>9.66707 52.276176 577.3564</gx:coord>
        <when>2026-01-01T01:01:09.0254080Z</when>
        <gx:coord>9.667113 52.277195 582.7857</gx:coord>
        <when>2026-01-01T01:01:11.1384080Z</when>
        <gx:coord>9.667218 52.278194 587.7134</gx:coord>
        <when>2026-01-01T01:01:13.9774080Z</when>
        <gx:coord>9.667479 52.27967 592.91003</gx:coord>
        <when>2026-01-01T01:01:17.0984080Z</when>
        <gx:coord>9.66786 52.28114 594.6829</gx:coord>
        <when>2026-01-01T01:01:18.9774080Z</when>
        <gx:coord>9.668181 52.282116 594.1721</gx:coord>
        <when>2026-01-01T01:01:23.9774080Z</when>
        <gx:coord>9.669184 52.284565 590.9336</gx:coord>
        <when>2026-01-01T01:01:28.1094080Z</when>
        <gx:coord>9.670475 52.286983 592.8743</gx:coord>
        <when>2026-01-01T01:01:28.9784080Z</when>
        <gx:coord>9.670475 52.286983 593.7904</gx:coord>
        <when>2026-01-01T01:01:30.0964080Z</when>
        <gx:coord>9.670774 52.287457 594.27966</gx:coord>
        <when>2026-01-01T01:01:33.9764080Z</when>
        <gx:coord>9.671939 52.289352 595.9819</gx:coord>
        <when>2026-01-01T01:01:38.9764080Z</when>
        <gx:coord>9.673335 52.291725 599.7317</gx:coord>
        <when>2026-01-01T01:01:43.9774080Z</when>
        <gx:coord>9.674757 52.29408 601.60046</gx:coord>
        <when>2026-01-01T01:01:48.9764080Z</when>
        <gx:coord>9.676212 52.296432 602.9119</gx:coord>
        <when>2026-01-01T01:01:53.9924080Z</when>
        <gx:coord>9.677733 52.29878 602.65295</gx:coord>
        <when>2026-01-01T01:01:58.9774080Z</when>
        <gx:coord>9.6792965 52.301136 603.4055</gx:coord>
        <when>2026-01-01T01:02:01.1094080Z</when>
        <gx:coord>9.680331 52.302517 605.07855</gx:coord>
        <when>2026-01-01T01:02:03.9764080Z</when>
        <gx:coord>9.681128 52.30339 609.55383</gx:coord>
        <when>2026-01-01T01:02:04.0974080Z</when>
        <gx:coord>9.681546 52.303818 610.3379</gx:coord>
        <when>2026-01-01T01:02:05.0964080Z</when>
        <gx:coord>9.681546 52.303818 610.3379</gx:coord>
        <when>2026-01-01T01:02:09.0084080Z</when>
        <gx:coord>9.683395 52.305447 612.67694</gx:coord>
        <when>2026-01-01T01:02:13.9784080Z</when>
        <gx:coord>9.68598 52.30735 615.7449</gx:coord>
        <when>2026-01-01T01:02:14.0994080Z</when>
        <gx:coord>9.68598 52.30735 615.7449</gx:coord>
        <when>2026-01-01T01:02:18.9774080Z</when>
        <gx:coord>9.688894 52.30901 623.09845</gx:coord>
        <when>2026-01-01T01:02:20.0984080Z</when>
        <gx:coord>9.689517 52.3093 625.5546</gx:coord>
        <when>2026-01-01T01:02:23.9774080Z</when>
        <gx:coord>9.692101 52.3103 636.34406</gx:coord>
        <when>2026-01-01T01:02:25.0954080Z</when>
        <gx:coord>9.693433 52.310707 641.20105</gx:coord>
        <when>2026-01-01T01:02:26.0954080Z</when>
        <gx:coord>9.693433 52.310707 641.20105</gx:coord>
        <when>2026-01-01T01:02:28.9764080Z</when>
        <gx:coord>9.695488 52.311237 640.7019</gx:coord>
        <when>2026-01-01T01:02:33.9774080Z</when>
        <gx:coord>9.699098 52.312065 625.38196</gx:coord>
        <when>2026-01-01T01:02:37.1134080Z</when>
        <gx:coord>9.702125 52.31272 621.3483</gx:coord>
        <when>2026-01-01T01:02:38.9804080Z</when>
        <gx:coord>9.702894 52.312878 617.9648</gx:coord>
        <when>2026-01-01T01:02:41.0954080Z</when>
        <gx:coord>9.705243 52.313343 609.3199</gx:coord>
        <when>2026-01-01T01:02:43.9764080Z</when>
        <gx:coord>9.706832 52.313675 604.65106</gx:coord>
        <when>2026-01-01T01:02:48.9764080Z</when>
        <gx:coord>9.710829 52.314583 599.92163</gx:coord>
        <when>2026-01-01T01:02:53.9774080Z</when>
        <gx:coord>9.714802 52.315483 601.4385</gx:coord>
        <when>2026-01-01T01:02:58.9764080Z</when>
        <gx:coord>9.718676 52.316425 605.72156</gx:coord>
        <when>2026-01-01T01:03:03.9774080Z</when>
        <gx:coord>9.722514 52.317337 607.0214</gx:coord>
        <when>2026-01-01T01:03:08.9764080Z</when>
        <gx:coord>9.72629 52.318253 610.9013</gx:coord>
        <when>2026-01-01T01:03:10.1134080Z</when>
        <gx:coord>9.727775 52.318638 611.0572</gx:coord>
        <when>2026-01-01T01:03:13.9774080Z</when>
        <gx:coord>9.729995 52.31925 607.21564</gx:coord>
        <when>2026-01-01T01:03:18.9774080Z</when>
        <gx:coord>9.733745 52.32034 595.9992</gx:coord>
        <when>2026-01-01T01:03:23.9774080Z</when>
        <gx:coord>9.737582 52.321472 587.17395</gx:coord>
        <when>2026-01-01T01:03:28.9764080Z</when>
        <gx:coord>9.741471 52.322628 579.0687</gx:coord>
        <when>2026-01-01T01:03:29.0974080Z</when>
        <gx:coord>9.742256 52.32286 577.54016</gx:coord>
        <when>2026-01-01T01:03:33.9804080Z</when>
        <gx:coord>9.745392 52.32381 572.2122</gx:coord>
        <when>2026-01-01T01:03:38.9764080Z</when>
        <gx:coord>9.749229 52.325085 571.46643</gx:coord>
        <when>2026-01-01T01:03:42.1114080Z</when>
        <gx:coord>9.752239 52.326145 570.5747</gx:coord>
        <when>2026-01-01T01:03:43.9764080Z</when>
        <gx:coord>9.752993 52.32641 568.573</gx:coord>
        <when>2026-01-01T01:03:48.9764080Z</when>
        <gx:coord>9.756799 52.32765 566.65234</gx:coord>
        <when>2026-01-01T01:03:53.9764080Z</when>
        <gx:coord>9.760556 52.328796 575.0136</gx:coord>
        <when>2026-01-01T01:03:58.9754080Z</when>
        <gx:coord>9.764256 52.329754 584.90704</gx:coord>
        <when>2026-01-01T01:04:03.9764080Z</when>
        <gx:coord>9.767879 52.330647 588.5253</gx:coord>
        <when>2026-01-01T01:04:08.9784080Z</when>
        <gx:coord>9.771539 52.331516 584.3873</gx:coord>
        <when>2026-01-01T01:04:13.9764080Z</when>
        <gx:coord>9.775297 52.332336 577.3656</gx:coord>
        <when>2026-01-01T01:04:16.1114080Z</when>
        <gx:coord>9.777574 52.33281 577.8372</gx:coord>
        <when>2026-01-01T01:04:18.9764080Z</when>
        <gx:coord>9.779073 52.333134 580.32806</gx:coord>
        <when>2026-01-01T01:04:23.9764080Z</when>
        <gx:coord>9.782774 52.333946 584.54236</gx:coord>
        <when>2026-01-01T01:04:28.9754080Z</when>
        <gx:coord>9.786412 52.33482 584.0526</gx:coord>
        <when>2026-01-01T01:04:33.9764080Z</when>
        <gx:coord>9.790084 52.335743 578.7867</gx:coord>
        <when>2026-01-01T01:04:38.9764080Z</when>
        <gx:coord>9.793783 52.33665 578.3764</gx:coord>
        <when>2026-01-01T01:04:43.9764080Z</when>
        <gx:coord>9.797425 52.33761 580.22894</gx:coord>
        <when>2026-01-01T01:04:48.9754080Z</when>
        <gx:coord>9.801028 52.338585 581.7538</gx:coord>
        <when>2026-01-01T01:04:51.1064080Z</when>
        <gx:coord>9.803199 52.339138 581.5265</gx:coord>
        <when>2026-01-01T01:04:53.9764080Z</when>
        <gx:coord>9.804651 52.339497 580.4928</gx:coord>
        <when>2026-01-01T01:04:58.9764080Z</when>
        <gx:coord>9.808313 52.340393 576.5904</gx:coord>
        <when>2026-01-01T01:05:03.9764080Z</when>
        <gx:coord>9.812032 52.34125 573.3372</gx:coord>
        <when>2026-01-01T01:05:08.9984080Z</when>
        <gx:coord>9.815743 52.342087 577.2258</gx:coord>
        <when>2026-01-01T01:05:10.0984080Z</when>
        <gx:coord>9.816484 52.342216 579.8616</gx:coord>
        <when>2026-01-01T01:05:12.0954080Z</when>
        <gx:coord>9.817961 52.342396 586.1308</gx:coord>
        <when>2026-01-01T01:05:13.0914080Z</when>
        <gx:coord>9.81869 52.34244 589.4544</gx:coord>
        <when>2026-01-01T01:05:13.9754080Z</when>
        <gx:coord>9.819408 52.342453 592.851</gx:coord>
        <when>2026-01-01T01:05:16.0934080Z</when>
        <gx:coord>9.820805 52.342377 597.2621</gx:coord>
        <when>2026-01-01T01:05:18.9764080Z</when>
        <gx:coord>9.822802 52.34206 596.7314</gx:coord>
        <when>2026-01-01T01:05:19.0964080Z</when>
        <gx:coord>9.822802 52.34206 596.7314</gx:coord>
        <when>2026-01-01T01:05:23.0994080Z</when>
        <gx:coord>9.825278 52.341297 588.10144</gx:coord>
        <when>2026-01-01T01:05:23.9764080Z</when>
        <gx:coord>9.825859 52.341053 586.36597</gx:coord>
        <when>2026-01-01T01:05:28.9754080Z</when>
        <gx:coord>9.828575 52.33965 578.8796</gx:coord>
        <when>2026-01-01T01:05:29.0924080Z</when>
        <gx:coord>9.828575 52.33965 578.8796</gx:coord>
        <when>2026-01-01T01:05:32.1044080Z</when>
        <gx:coord>9.830501 52.338345 577.0707</gx:coord>
        <when>2026-01-01T01:05:33.9764080Z</when>
        <gx:coord>9.830941 52.338 577.5348</gx:coord>
        <when>2026-01-01T01:05:38.9764080Z</when>
        <gx:coord>9.833036 52.33623 575.26025</gx:coord>
        <when>2026-01-01T01:05:40.0964080Z</when>
        <gx:coord>9.833448 52.335876 575.32306</gx:coord>
        <when>2026-01-01T01:05:43.9764080Z</when>
        <gx:coord>9.835034 52.33444 577.46094</gx:coord>
        <when>2026-01-01T01:05:48.9754080Z</when>
        <gx:coord>9.836951 52.332645 579.9404</gx:coord>
        <when>2026-01-01T01:05:53.9764080Z</when>
        <gx:coord>9.838849 52.33086 582.8222</gx:coord>
        <when>2026-01-01T01:05:58.9774080Z</when>
        <gx:coord>9.840722 52.3291 588.40765</gx:coord>
        <when>2026-01-01T01:06:03.9794080Z</when>
        <gx:coord>9.842577 52.327377 593.6967</gx:coord>
        <when>2026-01-01T01:06:09.0344080Z</when>
        <gx:coord>9.844393 52.32567 596.825</gx:coord>
        <when>2026-01-01T01:06:12.1104080Z</when>
        <gx:coord>9.845819 52.32429 597.32715</gx:coord>
        <when>2026-01-01T01:06:13.9764080Z</when>
        <gx:coord>9.846173 52.323944 597.2101</gx:coord>
        <when>2026-01-01T01:06:18.9764080Z</when>
        <gx:coord>9.847916 52.32219 596.78375</gx:coord>
        <when>2026-01-01T01:06:23.9764080Z</when>
        <gx:coord>9.849602 52.3204 598.20135</gx:coord>
        <when>2026-01-01T01:06:28.9754080Z</when>
        <gx:coord>9.851274 52.31859 597.6719</gx:coord>
        <when>2026-01-01T01:06:33.9764080Z</when>
        <gx:coord>9.852973 52.316788 602.51154</gx:coord>
        <when>2026-01-01T01:06:36.1064080Z</when>
        <gx:coord>9.853636 52.31608 606.88464</gx:coord>
        <when>2026-01-01T01:06:36.1064080Z</when>
        <gx:coord>9.853959 52.315727 609.6252</gx:coord>
        <when>2026-01-01T01:06:38.9784080Z</when>
        <gx:coord>9.85459 52.315033 615.7222</gx:coord>
        <when>2026-01-01T01:06:43.9764080Z</when>
        <gx:coord>9.856129 52.31336 625.87445</gx:coord>
        <when>2026-01-01T01:06:48.9754080Z</when>
        <gx:coord>9.857663 52.311672 624.74304</gx:coord>
        <when>2026-01-01T01:06:53.9764080Z</when>
        <gx:coord>9.859199 52.30994 622.97314</gx:coord>
        <when>2026-01-01T01:06:54.1114080Z</when>
        <gx:coord>9.8595295 52.309593 622.97314</gx:coord>
        <when>2026-01-01T01:06:58.9754080Z</when>
        <gx:coord>9.860986 52.30824 619.00037</gx:coord>
        <when>2026-01-01T01:07:03.9764080Z</when>
        <gx:coord>9.863069 52.306602 616.1376</gx:coord>
        <when>2026-01-01T01:07:09.0014080Z</when>
        <gx:coord>9.864979 52.304867 614.1351</gx:coord>
        <when>2026-01-01T01:07:13.9764080Z</when>
        <gx:coord>9.866844 52.303062 607.6609</gx:coord>
        <when>2026-01-01T01:07:18.9764080Z</when>
        <gx:coord>9.868663 52.301205 603.8283</gx:coord>
        <when>2026-01-01T01:07:23.9764080Z</when>
        <gx:coord>9.870393 52.299274 594.12195</gx:coord>
        <when>2026-01-01T01:07:26.0964080Z</when>
        <gx:coord>9.871082 52.298485 588.71136</gx:coord>
        <when>2026-01-01T01:07:28.9754080Z</when>
        <gx:coord>9.872162 52.29729 581.4216</gx:coord>
        <when>2026-01-01T01:07:30.0954080Z</when>
        <gx:coord>9.872906 52.296494 578.29016</gx:coord>
        <when>2026-01-01T01:07:33.1134080Z</when>
        <gx:coord>9.874019 52.295303 577.7146</gx:coord>
        <when>2026-01-01T01:07:33.9774080Z</when>
        <gx:coord>9.874019 52.295303 577.5076</gx:coord>
        <when>2026-01-01T01:07:38.9754080Z</when>
        <gx:coord>9.875834 52.29333 576.2207</gx:coord>
        <when>2026-01-01T01:07:43.9774080Z</when>
        <gx:coord>9.877532 52.291363 576.58594</gx:coord>
        <when>2026-01-01T01:07:48.9754080Z</when>
        <gx:coord>9.879174 52.289413 576.9135</gx:coord>
        <when>2026-01-01T01:07:53.9764080Z</when>
        <gx:coord>9.880754 52.287445 571.7506</gx:coord>
        <when>2026-01-01T01:07:58.9784080Z</when>
        <gx:coord>9.882367 52.28547 566.8651</gx:coord>
        <when>2026-01-01T01:08:00.0954080Z</when>
        <gx:coord>9.882676 52.285065 565.72253</gx:coord>
        <when>2026-01-01T01:08:03.9764080Z</when>
        <gx:coord>9.883901 52.283447 562.2862</gx:coord>
        <when>2026-01-01T01:08:08.9894080Z</when>
        <gx:coord>9.885488 52.281452 559.38385</gx:coord>
        <when>2026-01-01T01:08:11.1084080Z</when>
        <gx:coord>9.886618 52.28032 555.06866</gx:coord>
        <when>2026-01-01T01:08:13.9764080Z</when>
        <gx:coord>9.887428 52.279583 548.11847</gx:coord>
        <when>2026-01-01T01:08:14.0954080Z</when>
        <gx:coord>9.887841 52.279217 546.13153</gx:coord>
        <when>2026-01-01T01:08:17.0934080Z</when>
        <gx:coord>9.888668 52.27848 541.62695</gx:coord>
        <when>2026-01-01T01:08:18.9764080Z</when>
        <gx:coord>9.889505 52.27775 537.9405</gx:coord>
        <when>2026-01-01T01:08:23.9764080Z</when>
        <gx:coord>9.891403 52.27587 538.46265</gx:coord>
        <when>2026-01-01T01:08:24.0934080Z</when>
        <gx:coord>9.891403 52.27587 538.46265</gx:coord>
        <when>2026-01-01T01:08:27.0944080Z</when>
        <gx:coord>9.892071 52.274666 542.07794</gx:coord>
        <when>2026-01-01T01:08:28.9754080Z</when>
        <gx:coord>9.892312 52.273838 540.7933</gx:coord>
        <when>2026-01-01T01:08:33.9764080Z</when>
        <gx:coord>9.892679 52.27173 525.90967</gx:coord>
        <when>2026-01-01T01:08:36.0944080Z</when>
        <gx:coord>9.892954 52.270428 513.00757</gx:coord>
        <when>2026-01-01T01:08:38.9764080Z</when>
        <gx:coord>9.89317 52.269543 505.3658</gx:coord>
        <when>2026-01-01T01:08:43.9774080Z</when>
        <gx:coord>9.893632 52.2673 492.91333</gx:coord>
        <when>2026-01-01T01:08:48.0974080Z</when>
        <gx:coord>9.893911 52.265053 481.62372</gx:coord>
        <when>2026-01-01T01:08:48.9754080Z</when>
        <gx:coord>9.893911 52.265053 481.62372</gx:coord>
        <when>2026-01-01T01:08:50.1034080Z</when>
        <gx:coord>9.89401 52.264153 478.4081</gx:coord>
        <when>2026-01-01T01:08:53.9774080Z</when>
        <gx:coord>9.89417 52.262794 468.77017</gx:coord>
        <when>2026-01-01T01:08:58.9804080Z</when>
        <gx:coord>9.894411 52.26057 464.74844</gx:coord>
        <when>2026-01-01T01:09:03.9764080Z</when>
        <gx:coord>9.89462 52.258404 458.79852</gx:coord>
        <when>2026-01-01T01:09:08.9754080Z</when>
        <gx:coord>9.894825 52.256275 452.657</gx:coord>
        <when>2026-01-01T01:09:09.0994080Z</when>
        <gx:coord>9.894872 52.25585 450.73364</gx:coord>
        <when>2026-01-01T01:09:13.9764080Z</when>
        <gx:coord>9.89503 52.25418 444.92828</gx:coord>
        <when>2026-01-01T01:09:15.0964080Z</when>
        <gx:coord>9.895066 52.25376 441.88925</gx:coord>
        <when>2026-01-01T01:09:18.9764080Z</when>
        <gx:coord>9.895161 52.252083 434.64392</gx:coord>
        <when>2026-01-01T01:09:23.9764080Z</when>
        <gx:coord>9.895192 52.25001 428.02325</gx:coord>
        <when>2026-01-01T01:09:26.0914080Z</when>
        <gx:coord>9.89526 52.24877 418.10294</gx:coord>
        <when>2026-01-01T01:09:28.9774080Z</when>
        <gx:coord>9.895303 52.247936 412.2177</gx:coord>
        <when>2026-01-01T01:09:29.1094080Z</when>
        <gx:coord>9.895313 52.247517 412.2177</gx:coord>
        <when>2026-01-01T01:09:33.9764080Z</when>
        <gx:coord>9.895257 52.245857 402.6468</gx:coord>
        <when>2026-01-01T01:09:38.9754080Z</when>
        <gx:coord>9.895102 52.243805 393.02518</gx:coord>
        <when>2026-01-01T01:09:40.0964080Z</when>
        <gx:coord>9.895018 52.24299 387.0632</gx:coord>
        <when>2026-01-01T01:09:43.9764080Z</when>
        <gx:coord>9.894871 52.241756 378.28214</gx:coord>
        <when>2026-01-01T01:09:48.9754080Z</when>
        <gx:coord>9.894621 52.239697 370.51904</gx:coord>
        <when>2026-01-01T01:09:53.0964080Z</when>
        <gx:coord>9.894558 52.238068 363.35696</gx:coord>
        <when>2026-01-01T01:09:53.9764080Z</when>
        <gx:coord>9.894574 52.237663 361.83627</gx:coord>
        <when>2026-01-01T01:09:57.1004080Z</when>
        <gx:coord>9.894746 52.23606 356.43854</gx:coord>
        <when>2026-01-01T01:09:58.9764080Z</when>
        <gx:coord>9.894812 52.235664 355.81067</gx:coord>
        <when>2026-01-01T01:10:02.1074080Z</when>
        <gx:coord>9.895124 52.234524 357.79788</gx:coord>
        <when>2026-01-01T01:10:03.9764080Z</when>
        <gx:coord>9.8954525 52.2338 356.9211</gx:coord>
        <when>2026-01-01T01:10:08.9924080Z</when>
        <gx:coord>9.896476 52.232063 354.16693</gx:coord>
        <when>2026-01-01T01:10:11.1074080Z</when>
        <gx:coord>9.8969555 52.23138 350.17053</gx:coord>
        <when>2026-01-01T01:10:12.1064080Z</when>
        <gx:coord>9.897472 52.23071 348.52557</gx:coord>
        <when>2026-01-01T01:10:13.9764080Z</when>
        <gx:coord>9.89774 52.23037 344.80746</gx:coord>
        <when>2026-01-01T01:10:18.0924080Z</when>
        <gx:coord>9.898972 52.22903 341.82874</gx:coord>
        <when>2026-01-01T01:10:18.9754080Z</when>
        <gx:coord>9.899343 52.22871 341.96912</gx:coord>
        <when>2026-01-01T01:10:22.0954080Z</when>
        <gx:coord>9.900624 52.22783 343.71924</gx:coord>
        <when>2026-01-01T01:10:23.9754080Z</when>
        <gx:coord>9.9015875 52.227287 343.47806</gx:coord>
        <when>2026-01-01T01:10:28.0954080Z</when>
        <gx:coord>9.903716 52.22631 342.0677</gx:coord>
        <when>2026-01-01T01:10:28.9744080Z</when>
        <gx:coord>9.904291 52.226093 342.70834</gx:coord>
        <when>2026-01-01T01:10:33.9754080Z</when>
        <gx:coord>9.907225 52.225117 352.16788</gx:coord>
        <when>2026-01-01T01:10:36.0884080Z</when>
        <gx:coord>9.908445 52.22477 352.6884</gx:coord>
        <when>2026-01-01T01:10:38.9764080Z</when>
        <gx:coord>9.910386 52.22436 352.68704</gx:coord>
        <when>2026-01-01T01:10:43.9754080Z</when>
        <gx:coord>9.913827 52.22378 342.04816</gx:coord>
        <when>2026-01-01T01:10:45.0944080Z</when>
        <gx:coord>9.914523 52.223637 340.5787</gx:coord>
        <when>2026-01-01T01:10:48.9744080Z</when>
        <gx:coord>9.917249 52.22298 341.70004</gx:coord>
        <when>2026-01-01T01:10:53.9754080Z</when>
        <gx:coord>9.920475 52.222054 350.0406</gx:coord>
        <when>2026-01-01T01:10:54.1004080Z</when>
        <gx:coord>9.9211035 52.221867 350.0406</gx:coord>
        <when>2026-01-01T01:10:58.9754080Z</when>
        <gx:coord>9.923562 52.22112 360.35107</gx:coord>
        <when>2026-01-01T01:11:03.9754080Z</when>
        <gx:coord>9.926604 52.220222 364.4534</gx:coord>
        <when>2026-01-01T01:11:06.0944080Z</when>
        <gx:coord>9.927947 52.22001 363.86844</gx:coord>
        <when>2026-01-01T01:11:08.0964080Z</when>
        <gx:coord>9.929379 52.219967 362.29218</gx:coord>
        <when>2026-01-01T01:11:09.0314080Z</when>
        <gx:coord>9.930113 52.22002 361.10022</gx:coord>
        <when>2026-01-01T01:11:10.0934080Z</when>
        <gx:coord>9.930846 52.22011 360.23413</gx:coord>
        <when>2026-01-01T01:11:13.9754080Z</when>
        <gx:coord>9.9337435 52.22077 354.12704</gx:coord>
        <when>2026-01-01T01:11:18.9754080Z</when>
        <gx:coord>9.937462 52.221474 353.18835</gx:coord>
        <when>2026-01-01T01:11:23.9754080Z</when>
        <gx:coord>9.9411545 52.221977 352.07587</gx:coord>
        <when>2026-01-01T01:11:28.9744080Z</when>
        <gx:coord>9.944743 52.222466 351.12708</gx:coord>
        <when>2026-01-01T01:11:33.1024080Z</when>
        <gx:coord>9.948221 52.222904 352.06265</gx:coord>
        <when>2026-01-01T01:11:33.9754080Z</when>
        <gx:coord>9.948221 52.222904 352.49496</gx:coord>
        <when>2026-01-01T01:11:38.9744080Z</when>
        <gx:coord>9.951583 52.223297 353.07303</gx:coord>
        <when>2026-01-01T01:11:42.0924080Z</when>
        <gx:coord>9.953542 52.223537 355.61398</gx:coord>
        <when>2026-01-01T01:11:43.9754080Z</when>
        <gx:coord>9.95481 52.223698 356.64838</gx:coord>
        <when>2026-01-01T01:11:48.9744080Z</when>
        <gx:coord>9.957889 52.224133 357.01157</gx:coord>
        <when>2026-01-01T01:11:53.9754080Z</when>
        <gx:coord>9.960868 52.224586 355.58948</gx:coord>
        <when>2026-01-01T01:11:58.9764080Z</when>
        <gx:coord>9.963817 52.22498 359.25623</gx:coord>
        <when>2026-01-01T01:12:00.0944080Z</when>
        <gx:coord>9.964393 52.225033 360.6585</gx:coord>
        <when>2026-01-01T01:12:01.0954080Z</when>
        <gx:coord>9.96496 52.225067 362.2273</gx:coord>
        <when>2026-01-01T01:12:03.9764080Z</when>
        <gx:coord>9.96663 52.225063 365.34448</gx:coord>
        <when>2026-01-01T01:12:04.0914080Z</when>
        <gx:coord>9.96663 52.225063 365.34448</gx:coord>
        <when>2026-01-01T01:12:07.0984080Z</when>
        <gx:coord>9.968238 52.22485 363.80463</gx:coord>
        <when>2026-01-01T01:12:08.9944080Z</when>
        <gx:coord>9.969264 52.224594 361.6226</gx:coord>
        <when>2026-01-01T01:12:10.0924080Z</when>
        <gx:coord>9.969754 52.22443 360.62766</gx:coord>
        <when>2026-01-01T01:12:13.0974080Z</when>
        <gx:coord>9.971123 52.223824 357.7078</gx:coord>
        <when>2026-01-01T01:12:13.9774080Z</when>
        <gx:coord>9.971534 52.223583 357.1175</gx:coord>
        <when>2026-01-01T01:12:16.0944080Z</when>
        <gx:coord>9.972267 52.223057 356.0568</gx:coord>
        <when>2026-01-01T01:12:18.9774080Z</when>
        <gx:coord>9.973091 52.222153 354.84366</gx:coord>
        <when>2026-01-01T01:12:19.0974080Z</when>
        <gx:coord>9.973091 52.222153 354.84366</gx:coord>
        <when>2026-01-01T01:12:22.0944080Z</when>
        <gx:coord>9.973539 52.221157 350.4809</gx:coord>
        <when>2026-01-01T01:12:23.9784080Z</when>
        <gx:coord>9.97367 52.220463 345.62308</gx:coord>
        <when>2026-01-01T01:12:28.9764080Z</when>
        <gx:coord>9.973924 52.21872 341.2037</gx:coord>
        <when>2026-01-01T01:12:31.1064080Z</when>
        <gx:coord>9.974062 52.217697 340.3212</gx:coord>
        <when>2026-01-01T01:12:33.9774080Z</when>
        <gx:coord>9.974256 52.217037 337.22446</gx:coord>
        <when>2026-01-01T01:12:38.0954080Z</when>
        <gx:coord>9.974914 52.215744 331.7368</gx:coord>
        <when>2026-01-01T01:12:38.9804080Z</when>
        <gx:coord>9.975093 52.215427 331.22797</gx:coord>
        <when>2026-01-01T01:12:43.9774080Z</when>
        <gx:coord>9.975967 52.213886 333.00662</gx:coord>
        <when>2026-01-01T01:12:48.9764080Z</when>
        <gx:coord>9.976779 52.212414 332.71216</gx:coord>
        <when>2026-01-01T01:12:53.9774080Z</when>
        <gx:coord>9.977454 52.21092 330.13623</gx:coord>
        <when>2026-01-01T01:12:58.9774080Z</when>
        <gx:coord>9.978024 52.209385 326.85852</gx:coord>
        <when>2026-01-01T01:13:03.9774080Z</when>
        <gx:coord>9.978505 52.20784 329.76532</gx:coord>
        <when>2026-01-01T01:13:09.0054080Z</when>
        <gx:coord>9.978916 52.20631 334.4499</gx:coord>
        <when>2026-01-01T01:13:13.0934080Z</when>
        <gx:coord>9.979487 52.2048 325.88718</gx:coord>
        <when>2026-01-01T01:13:13.9774080Z</when>
        <gx:coord>9.979487 52.2048 325.88718</gx:coord>
        <when>2026-01-01T01:13:18.9774080Z</when>
        <gx:coord>9.980149 52.203236 316.98364</gx:coord>
        <when>2026-01-01T01:13:23.9784080Z</when>
        <gx:coord>9.980651 52.20164 309.94357</gx:coord>
        <when>2026-01-01T01:13:24.1054080Z</when>
        <gx:coord>9.980759 52.20132 309.94357</gx:coord>
        <when>2026-01-01T01:13:28.9774080Z</when>
        <gx:coord>9.981236 52.200043 302.15594</gx:coord>
        <when>2026-01-01T01:13:33.9774080Z</when>
        <gx:coord>9.982106 52.198463 295.68362</gx:coord>
        <when>2026-01-01T01:13:34.0964080Z</when>
        <gx:coord>9.982307 52.19815 294.26456</gx:coord>
        <when>2026-01-01T01:13:39.0014080Z</when>
        <gx:coord>9.983087 52.19693 293.769</gx:coord>
        <when>2026-01-01T01:13:42.0924080Z</when>
        <gx:coord>9.983604 52.19605 295.37766</gx:coord>
        <when>2026-01-01T01:13:43.9774080Z</when>
        <gx:coord>9.983929 52.19548 296.59326</gx:coord>
        <when>2026-01-01T01:13:48.9774080Z</when>
        <gx:coord>9.9847355 52.19408 294.94507</gx:coord>
        <when>2026-01-01T01:13:53.9774080Z</when>
        <gx:coord>9.985439 52.19262 288.4428</gx:coord>
        <when>2026-01-01T01:13:58.9794080Z</when>
        <gx:coord>9.985963 52.19108 284.92813</gx:coord>
        <when>2026-01-01T01:13:59.0934080Z</when>
        <gx:coord>9.985963 52.19108 284.92813</gx:coord>
        <when>2026-01-01T01:14:02.0944080Z</when>
        <gx:coord>9.986046 52.190144 284.29678</gx:coord>
        <when>2026-01-01T01:14:03.9774080Z</when>
        <gx:coord>9.985868 52.18954 282.21295</gx:coord>
        <when>2026-01-01T01:14:04.0984080Z</when>
        <gx:coord>9.985868 52.18954 282.21295</gx:coord>
        <when>2026-01-01T01:14:06.0964080Z</when>
        <gx:coord>9.985518 52.188965 280.00317</gx:coord>
        <when>2026-01-01T01:14:09.0024080Z</when>
        <gx:coord>9.9847145 52.18815 271.42715</gx:coord>
        <when>2026-01-01T01:14:10.0984080Z</when>
        <gx:coord>9.984395 52.187885 267.2448</gx:coord>
        <when>2026-01-01T01:14:10.0994080Z</when>
        <gx:coord>9.98405 52.187626 263.21582</gx:coord>
        <when>2026-01-01T01:14:13.9774080Z</when>
        <gx:coord>9.982883 52.18688 250.66685</gx:coord>
        <when>2026-01-01T01:14:14.0974080Z</when>
        <gx:coord>9.982883 52.18688 250.66685</gx:coord>
        <when>2026-01-01T01:14:14.0984080Z</when>
        <gx:coord>9.982883 52.18688 250.66685</gx:coord>
        <when>2026-01-01T01:14:17.0924080Z</when>
        <gx:coord>9.981443 52.186245 240.03786</gx:coord>
        <when>2026-01-01T01:14:18.9784080Z</when>
        <gx:coord>9.980363 52.185913 236.82343</gx:coord>
        <when>2026-01-01T01:14:20.1164080Z</when>
        <gx:coord>9.979271 52.18562 230.28174</gx:coord>
        <when>2026-01-01T01:14:23.9784080Z</when>
        <gx:coord>9.977629 52.185226 220.97108</gx:coord>
        <when>2026-01-01T01:14:24.0944080Z</when>
        <gx:coord>9.977629 52.185226 220.97108</gx:coord>
        <when>2026-01-01T01:14:26.1054080Z</when>
        <gx:coord>9.976005 52.18492 215.09163</gx:coord>
        <when>2026-01-01T01:14:28.9804080Z</when>
        <gx:coord>9.974965 52.184746 207.0083</gx:coord>
        <when>2026-01-01T01:14:32.0964080Z</when>
        <gx:coord>9.972965 52.18441 196.9916</gx:coord>
        <when>2026-01-01T01:14:33.9784080Z</when>
        <gx:coord>9.972475 52.184322 193.85278</gx:coord>
        <when>2026-01-01T01:14:38.9774080Z</when>
        <gx:coord>9.969964 52.183853 177.28496</gx:coord>
        <when>2026-01-01T01:14:42.0954080Z</when>
        <gx:coord>9.967869 52.183495 166.46346</gx:coord>
        <when>2026-01-01T01:14:43.9784080Z</when>
        <gx:coord>9.96734 52.183414 163.62645</gx:coord>
        <when>2026-01-01T01:14:48.9774080Z</when>
        <gx:coord>9.964751 52.182964 150.13115</gx:coord>
        <when>2026-01-01T01:14:53.9784080Z</when>
        <gx:coord>9.962145 52.182514 137.09517</gx:coord>
        <when>2026-01-01T01:14:54.0904080Z</when>
        <gx:coord>9.961619 52.182434 134.00206</gx:coord>
        <when>2026-01-01T01:14:58.9784080Z</when>
        <gx:coord>9.959545 52.182095 122.282974</gx:coord>
        <when>2026-01-01T01:15:03.9784080Z</when>
        <gx:coord>9.957041 52.181686 108.208626</gx:coord>
        <when>2026-01-01T01:15:05.0904080Z</when>
        <gx:coord>9.956054 52.181522 101.82201</gx:coord>
        <when>2026-01-01T01:15:09.0014080Z</when>
        <gx:coord>9.954585 52.181274 93.959045</gx:coord>
        <when>2026-01-01T01:15:09.0944080Z</when>
        <gx:coord>9.954585 52.181274 93.959045</gx:coord>
        <when>2026-01-01T01:15:14.1624080Z</when>
        <gx:coord>9.951819 52.180813 90.611115</gx:coord>
        <when>2026-01-01T01:15:17.0924080Z</when>
        <gx:coord>9.950978 52.180676 90.26873</gx:coord>
        <when>2026-01-01T01:15:18.9784080Z</when>
        <gx:coord>9.9501915 52.18054 90.49416</gx:coord>
        <when>2026-01-01T01:15:19.1034080Z</when>
        <gx:coord>9.94981 52.18048 90.49416</gx:coord>
        <when>2026-01-01T01:15:22.0924080Z</when>
        <gx:coord>9.949112 52.180355 90.69423</gx:coord>
        <when>2026-01-01T01:15:23.9784080Z</when>
        <gx:coord>9.948489 52.180252 90.62771</gx:coord>
        <when>2026-01-01T01:15:26.0954080Z</when>
        <gx:coord>9.947961 52.18016 90.55733</gx:coord>
        <when>2026-01-01T01:15:28.9784080Z</when>
        <gx:coord>9.947276 52.180054 90.26272</gx:coord>
        <when>2026-01-01T01:15:33.9784080Z</when>
        <gx:coord>9.946273 52.179867 89.70436</gx:coord>
        <when>2026-01-01T01:15:38.9784080Z</when>
        <gx:coord>9.945338 52.179707 89.42473</gx:coord>
        <when>2026-01-01T01:15:42.0924080Z</when>
        <gx:coord>9.944803 52.17962 89.35215</gx:coord>
        <when>2026-01-01T01:15:43.9784080Z</when>
        <gx:coord>9.944461 52.17956 89.35939</gx:coord>
        <when>2026-01-01T01:15:48.9784080Z</when>
        <gx:coord>9.943637 52.179424 89.44362</gx:coord>
        <when>2026-01-01T01:15:53.9784080Z</when>
        <gx:coord>9.942853 52.179295 89.49195</gx:coord>
        <when>2026-01-01T01:15:58.9784080Z</when>
        <gx:coord>9.9421015 52.17917 89.59069</gx:coord>
        <when>2026-01-01T01:16:03.9784080Z</when>
        <gx:coord>9.94139 52.179047 89.82155</gx:coord>
        <when>2026-01-01T01:16:09.0324080Z</when>
        <gx:coord>9.94069 52.17893 90.08458</gx:coord>
        <when>2026-01-01T01:16:13.9794080Z</when>
        <gx:coord>9.939992 52.17881 90.35462</gx:coord>
        <when>2026-01-01T01:16:18.9794080Z</when>
        <gx:coord>9.939321 52.178696 90.43501</gx:coord>
        <when>2026-01-01T01:16:23.9794080Z</when>
        <gx:coord>9.938677 52.178596 90.428406</gx:coord>
        <when>2026-01-01T01:16:28.9784080Z</when>
        <gx:coord>9.93804 52.178486 90.29115</gx:coord>
        <when>2026-01-01T01:16:33.0914080Z</when>
        <gx:coord>9.93757 52.17841 90.16225</gx:coord>
        <when>2026-01-01T01:16:33.9794080Z</when>
        <gx:coord>9.937468 52.178394 90.049675</gx:coord>
        <when>2026-01-01T01:16:36.0944080Z</when>
        <gx:coord>9.937325 52.178364 89.981804</gx:coord>
        <when>2026-01-01T01:16:37.0994080Z</when>
        <gx:coord>9.937271 52.178345 89.95054</gx:coord>
        <when>2026-01-01T01:16:38.9784080Z</when>
        <gx:coord>9.937198 52.178288 89.90894</gx:coord>
        <when>2026-01-01T01:16:39.0924080Z</when>
        <gx:coord>9.937198 52.178288 89.90894</gx:coord>
        <when>2026-01-01T01:16:41.0984080Z</when>
        <gx:coord>9.937161 52.17822 89.91497</gx:coord>
        <when>2026-01-01T01:16:41.1044080Z</when>
        <gx:coord>9.937155 52.178185 89.889336</gx:coord>
        <when>2026-01-01T01:16:43.0934080Z</when>
        <gx:coord>9.937157 52.178146 89.93932</gx:coord>
        <when>2026-01-01T01:16:43.9794080Z</when>
        <gx:coord>9.937165 52.17811 89.91806</gx:coord>
        <when>2026-01-01T01:16:45.0994080Z</when>
        <gx:coord>9.937183 52.178074 89.88765</gx:coord>
        <when>2026-01-01T01:16:47.0984080Z</when>
        <gx:coord>9.937246 52.177994 89.88859</gx:coord>
        <when>2026-01-01T01:16:48.0944080Z</when>
        <gx:coord>9.937288 52.17796 89.916336</gx:coord>
        <when>2026-01-01T01:16:48.9784080Z</when>
        <gx:coord>9.937336 52.177933 89.90648</gx:coord>
        <when>2026-01-01T01:16:50.0934080Z</when>
        <gx:coord>9.93739 52.17791 89.83329</gx:coord>
        <when>2026-01-01T01:16:52.0934080Z</when>
        <gx:coord>9.937501 52.177883 89.71761</gx:coord>
        <when>2026-01-01T01:16:53.9794080Z</when>
        <gx:coord>9.937588 52.177876 89.6532</gx:coord>
        <when>2026-01-01T01:16:54.0944080Z</when>
        <gx:coord>9.937588 52.177876 89.6532</gx:coord>
        <when>2026-01-01T01:16:54.0964080Z</when>
        <gx:coord>9.937588 52.177876 89.6532</gx:coord>
        <when>2026-01-01T01:16:58.9794080Z</when>
        <gx:coord>9.937638 52.17789 89.51282</gx:coord>
        <when>2026-01-01T01:17:03.9794080Z</when>
        <gx:coord>9.937639 52.17789 89.40382</gx:coord>
        <when>2026-01-01T01:17:08.9954080Z</when>
        <gx:coord>9.93764 52.17789 89.36552</gx:coord>
        <when>2026-01-01T01:17:13.9824080Z</when>
        <gx:coord>9.937667 52.177895 89.24946</gx:coord>
        <when>2026-01-01T01:17:14.0904080Z</when>
        <gx:coord>9.937667 52.177895 89.24946</gx:coord>
        <when>2026-01-01T01:17:18.9804080Z</when>
        <gx:coord>9.937861 52.177925 89.19694</gx:coord>
        <when>2026-01-01T01:17:23.9804080Z</when>
        <gx:coord>9.93823 52.177994 89.18547</gx:coord>
        <when>2026-01-01T01:17:25.0924080Z</when>
        <gx:coord>9.938318 52.178005 89.19081</gx:coord>
        <when>2026-01-01T01:17:28.9794080Z</when>
        <gx:coord>9.938723 52.178066 89.22927</gx:coord>
        <when>2026-01-01T01:17:33.9794080Z</when>
        <gx:coord>9.93926 52.178158 89.18561</gx:coord>
        <when>2026-01-01T01:17:38.9814080Z</when>
        <gx:coord>9.939776 52.17824 89.34095</gx:coord>
        <when>2026-01-01T01:17:43.9804080Z</when>
        <gx:coord>9.940327 52.178333 89.14019</gx:coord>
        <when>2026-01-01T01:17:48.9794080Z</when>
        <gx:coord>9.940888 52.178432 89.105286</gx:coord>
        <when>2026-01-01T01:17:53.9804080Z</when>
        <gx:coord>9.941458 52.178528 89.10256</gx:coord>
        <when>2026-01-01T01:17:58.9804080Z</when>
        <gx:coord>9.942037 52.178627 89.09394</gx:coord>
        <when>2026-01-01T01:18:03.9804080Z</when>
        <gx:coord>9.942609 52.17872 88.74406</gx:coord>
        <when>2026-01-01T01:18:08.9924080Z</when>
        <gx:coord>9.943182 52.178818 88.78857</gx:coord>
        <when>2026-01-01T01:18:13.9804080Z</when>
        <gx:coord>9.943764 52.178917 88.44014</gx:coord>
        <when>2026-01-01T01:18:18.9804080Z</when>
        <gx:coord>9.944385 52.179024 87.92083</gx:coord>
        <when>2026-01-01T01:18:23.9804080Z</when>
        <gx:coord>9.945038 52.179123 87.816635</gx:coord>
        <when>2026-01-01T01:18:28.9794080Z</when>
        <gx:coord>9.945687 52.179245 87.788246</gx:coord>
        <when>2026-01-01T01:18:33.9804080Z</when>
        <gx:coord>9.946335 52.17935 87.87497</gx:coord>
        <when>2026-01-01T01:18:38.9824080Z</when>
        <gx:coord>9.946968 52.179462 88.15982</gx:coord>
        <when>2026-01-01T01:18:43.9804080Z</when>
        <gx:coord>9.947489 52.17955 89.02553</gx:coord>
        <when>2026-01-01T01:18:48.9804080Z</when>
        <gx:coord>9.947801 52.179604 89.44876</gx:coord>
        <when>2026-01-01T01:18:51.0934080Z</when>
        <gx:coord>9.947873 52.17962 89.433075</gx:coord>
        <when>2026-01-01T01:18:51.0934080Z</when>
        <gx:coord>9.947873 52.17962 89.433075</gx:coord>
        <when>2026-01-01T01:18:52.0914080Z</when>
        <gx:coord>9.9479 52.179623 89.428925</gx:coord>
        <when>2026-01-01T01:18:53.0964080Z</when>
        <gx:coord>9.947926 52.179623 89.424</gx:coord>
        <when>2026-01-01T01:18:53.9814080Z</when>
        <gx:coord>9.947952 52.179615 89.41514</gx:coord>
        <when>2026-01-01T01:18:54.0944080Z</when>
        <gx:coord>9.947952 52.179615 89.41514</gx:coord>
        <when>2026-01-01T01:18:55.0934080Z</when>
        <gx:coord>9.947978 52.179604 89.47078</gx:coord>
        <when>2026-01-01T01:18:56.0954080Z</when>
        <gx:coord>9.948004 52.17959 89.520744</gx:coord>
        <when>2026-01-01T01:18:58.0934080Z</when>
        <gx:coord>9.948047 52.179535 89.53081</gx:coord>
        <when>2026-01-01T01:18:58.9814080Z</when>
        <gx:coord>9.948064 52.179504 89.55495</gx:coord>
        <when>2026-01-01T01:19:03.9804080Z</when>
        <gx:coord>9.948158 52.179302 89.676254</gx:coord>
        <when>2026-01-01T01:19:08.0944080Z</when>
        <gx:coord>9.948256 52.17909 89.74389</gx:coord>
        <when>2026-01-01T01:19:08.9894080Z</when>
        <gx:coord>9.948282 52.179028 89.724106</gx:coord>
        <when>2026-01-01T01:19:13.9814080Z</when>
        <gx:coord>9.948414 52.178715 89.51516</gx:coord>
        <when>2026-01-01T01:19:17.0934080Z</when>
        <gx:coord>9.948515 52.17855 89.4748</gx:coord>
        <when>2026-01-01T01:19:18.9814080Z</when>
        <gx:coord>9.948606 52.17846 89.61661</gx:coord>
        <when>2026-01-01T01:19:20.0944080Z</when>
        <gx:coord>9.948659 52.178413 89.69782</gx:coord>
        <when>2026-01-01T01:19:23.9814080Z</when>
        <gx:coord>9.948898 52.178272 89.74132</gx:coord>
        <when>2026-01-01T01:19:28.9804080Z</when>
        <gx:coord>9.949237 52.17809 89.51317</gx:coord>
        <when>2026-01-01T01:19:33.9814080Z</when>
        <gx:coord>9.949544 52.177902 89.590744</gx:coord>
        <when>2026-01-01T01:19:38.9804080Z</when>
        <gx:coord>9.949836 52.177723 89.961174</gx:coord>
        <when>2026-01-01T01:19:43.9814080Z</when>
        <gx:coord>9.950117 52.177547 90.410835</gx:coord>
        <when>2026-01-01T01:19:47.0944080Z</when>
        <gx:coord>9.950249 52.177456 90.60214</gx:coord>
        <when>2026-01-01T01:19:48.9804080Z</when>
        <gx:coord>9.95029 52.177395 90.581795</gx:coord>
        <when>2026-01-01T01:19:49.0914080Z</when>
        <gx:coord>9.95029 52.177395 90.581795</gx:coord>
        <when>2026-01-01T01:19:51.0934080Z</when>
        <gx:coord>9.950309 52.17733 90.6279</gx:coord>
        <when>2026-01-01T01:19:52.0924080Z</when>
        <gx:coord>9.950309 52.177303 90.60613</gx:coord>
        <when>2026-01-01T01:19:53.9814080Z</when>
        <gx:coord>9.950281 52.177246 90.60343</gx:coord>
        <when>2026-01-01T01:19:54.0954080Z</when>
        <gx:coord>9.950281 52.177246 90.60343</gx:coord>
        <when>2026-01-01T01:19:56.0944080Z</when>
        <gx:coord>9.950233 52.1772 90.67529</gx:coord>
        <when>2026-01-01T01:19:58.9814080Z</when>
        <gx:coord>9.950133 52.17715 90.64729</gx:coord>
        <when>2026-01-01T01:20:00.0954080Z</when>
        <gx:coord>9.9501095 52.17714 90.5611</gx:coord>
        <when>2026-01-01T01:20:02.0914080Z</when>
        <gx:coord>9.950077 52.177116 90.632095</gx:coord>
        <when>2026-01-01T01:20:03.9814080Z</when>
        <gx:coord>9.950059 52.177082 90.51373</gx:coord>
        <when>2026-01-01T01:20:05.0934080Z</when>
        <gx:coord>9.950052 52.177067 90.557396</gx:coord>
        <when>2026-01-01T01:20:05.0954080Z</when>
        <gx:coord>9.950052 52.177067 90.557396</gx:coord>
        <when>2026-01-01T01:20:06.0924080Z</when>
        <gx:coord>9.95005 52.17705 90.53962</gx:coord>
        <when>2026-01-01T01:20:07.0974080Z</when>
        <gx:coord>9.950053 52.17704 90.523926</gx:coord>
        <when>2026-01-01T01:20:07.1714080Z</when>
        <gx:coord>9.95006 52.177032 90.456245</gx:coord>
        <when>2026-01-01T01:20:07.7924080Z</when>
        <gx:coord>9.95006 52.177032 90.456245</gx:coord>
        <when>2026-01-01T01:20:08.5354080Z</when>
        <gx:coord>9.950071 52.17703 90.415955</gx:coord>
        <when>2026-01-01T01:20:08.9964080Z</when>
        <gx:coord>9.950071 52.17703 90.415955</gx:coord>
        <when>2026-01-01T01:20:09.9734080Z</when>
        <gx:coord>9.950082 52.17703 90.39964</gx:coord>
        <when>2026-01-01T01:20:13.9814080Z</when>
        <gx:coord>9.950098 52.177032 90.46246</gx:coord>
        <when>2026-01-01T01:20:18.9814080Z</when>
        <gx:coord>9.950097 52.177032 90.537025</gx:coord>
        <when>2026-01-01T01:20:23.9814080Z</when>
        <gx:coord>9.950097 52.177032 90.537025</gx:coord>
        <when>2026-01-01T01:20:28.9814080Z</when>
        <gx:coord>9.950097 52.177032 90.537025</gx:coord>
        <when>2026-01-01T01:20:33.9824080Z</when>
        <gx:coord>9.9501 52.177032 90.7514</gx:coord>
        <when>2026-01-01T01:20:38.9814080Z</when>
        <gx:coord>9.9501 52.177032 90.79754</gx:coord>
        <when>2026-01-01T01:20:43.9824080Z</when>
        <gx:coord>9.9501 52.177032 90.79754</gx:coord>
        <when>2026-01-01T01:20:48.9814080Z</when>
        <gx:coord>9.9501 52.177032 90.79754</gx:coord>
        <when>2026-01-01T01:20:53.9824080Z</when>
        <gx:coord>9.9501 52.177032 90.79754</gx:coord>
        <when>2026-01-01T01:20:55.6884080Z</when>
        <gx:coord>9.9501 52.177032 90.79754</gx:coord>
        <coordinates />
      </gx:Track>
    </Placemark>
    <Placemark>
      <name>Takeoff: 2026-01-01</name>
      <styleUrl>#downArrowIcon</styleUrl>
      <Point>
        <altitudeMode>relativeToGround</altitudeMode>
        <coordinates>12.06028,51.55057,20</coordinates>
      </Point>
    </Placemark>
    <Placemark>
      <name>Landing: 2026-01-01</name>
      <styleUrl>#downArrowIcon</styleUrl>
      <Point>
        <altitudeMode>relativeToGround</altitudeMode>
        <coordinates>9.937155,52.178185,20</coordinates>
      </Point>
    </Placemark>
    <Placemark>
      <name>Log Stop: 2026-01-01</name>
      <styleUrl>#downArrowIcon</styleUrl>
      <Point>
        <altitudeMode>relativeToGround</altitudeMode>
        <coordinates>9.9501,52.177032,20</coordinates>
      </Point>
    </Placemark>
  </Document>
</kml>
