<?xml version="1.0" encoding="utf-8"?>
<kml xmlns:gx="http://www.google.com/kml/ext/2.2" creator="kml-heatmap" xmlns="http://www.opengis.net/kml/2.2">
  <Document>
    <name>SkyDemon Track Log</name>
    <Style id="skydemonLogStyle">
      <LineStyle>
        <color>7f00ffff</color>
        <width>4</width>
      </LineStyle>
      <PolyStyle>
        <color>7fffa400</color>
      </PolyStyle>
    </Style>
    <Style id="downArrowIcon">
      <IconStyle>
        <href>http://maps.google.com/mapfiles/kml/pal4/icon28.png</href>
      </IconStyle>
    </Style>
    <Placemark>
      <name>Log Start: 2026-01-01</name>
      <styleUrl>#downArrowIcon</styleUrl>
      <Point>
        <altitudeMode>relativeToGround</altitudeMode>
        <coordinates>12.058163,51.548363,20</coordinates>
      </Point>
    </Placemark>
    <Placemark>
      <name>EDAQ Halle-Oppin - EDAQ Halle-Oppin</name>
      <styleUrl>#skydemonLogStyle</styleUrl>
      <gx:Track>
        <extrude>1</extrude>
        <altitudeMode>absolute</altitudeMode>
        <when>2026-01-01T00:00:00.3448220Z</when>
        <gx:coord>12.058163 51.548363 107.536026</gx:coord>
        <when>2026-01-01T00:00:05.3448220Z</when>
        <gx:coord>12.058162 51.54836 107.62077</gx:coord>
        <when>2026-01-01T00:00:10.3448220Z</when>
        <gx:coord>12.058161 51.54836 107.63961</gx:coord>
        <when>2026-01-01T00:00:15.3448220Z</when>
        <gx:coord>12.058161 51.54836 107.65599</gx:coord>
        <when>2026-01-01T00:00:20.3438220Z</when>
        <gx:coord>12.058154 51.548344 108.73691</gx:coord>
        <when>2026-01-01T00:00:25.3438220Z</when>
        <gx:coord>12.058157 51.548344 108.74258</gx:coord>
        <when>2026-01-01T00:00:30.3438220Z</when>
        <gx:coord>12.058155 51.54834 108.762024</gx:coord>
        <when>2026-01-01T00:00:35.3438220Z</when>
        <gx:coord>12.058163 51.548344 109.02253</gx:coord>
        <when>2026-01-01T00:00:40.3438220Z</when>
        <gx:coord>12.058164 51.54834 109.22326</gx:coord>
        <when>2026-01-01T00:00:45.3438220Z</when>
        <gx:coord>12.058171 51.548347 109.55209</gx:coord>
        <when>2026-01-01T00:00:50.3438220Z</when>
        <gx:coord>12.058174 51.548332 109.772545</gx:coord>
        <when>2026-01-01T00:00:55.3438220Z</when>
        <gx:coord>12.058157 51.548347 109.84073</gx:coord>
        <when>2026-01-01T00:01:00.3438220Z</when>
        <gx:coord>12.058157 51.54834 109.84776</gx:coord>
        <when>2026-01-01T00:01:03.2528220Z</when>
        <gx:coord>12.058102 51.54836 109.829384</gx:coord>
        <when>2026-01-01T00:01:04.4938220Z</when>
        <gx:coord>12.058101 51.54836 109.82128</gx:coord>
        <when>2026-01-01T00:01:05.3438220Z</when>
        <gx:coord>12.0581 51.548363 109.82862</gx:coord>
        <when>2026-01-01T00:01:05.5738220Z</when>
        <gx:coord>12.0581 51.548363 109.82862</gx:coord>
        <when>2026-01-01T00:01:06.2548220Z</when>
        <gx:coord>12.05809 51.54836 109.81209</gx:coord>
        <when>2026-01-01T00:01:06.9748220Z</when>
        <gx:coord>12.05809 51.54836 109.81209</gx:coord>
        <when>2026-01-01T00:01:08.0898220Z</when>
        <gx:coord>12.058084 51.548374 109.81634</gx:coord>
        <when>2026-01-01T00:01:09.0918220Z</when>
        <gx:coord>12.058072 51.548397 109.77259</gx:coord>
        <when>2026-01-01T00:01:10.3438220Z</when>
        <gx:coord>12.058074 51.548447 109.76321</gx:coord>
        <when>2026-01-01T00:01:11.0908220Z</when>
        <gx:coord>12.058074 51.548447 109.76321</gx:coord>
        <when>2026-01-01T00:01:15.0958220Z</when>
        <gx:coord>12.058114 51.548553 109.534615</gx:coord>
        <when>2026-01-01T00:01:15.3438220Z</when>
        <gx:coord>12.058129 51.548588 109.45892</gx:coord>
        <when>2026-01-01T00:01:20.3438220Z</when>
        <gx:coord>12.058188 51.548786 109.18298</gx:coord>
        <when>2026-01-01T00:01:25.3438220Z</when>
        <gx:coord>12.05824 51.54896 109.04344</gx:coord>
        <when>2026-01-01T00:01:26.0958220Z</when>
        <gx:coord>12.05824 51.54896 109.04344</gx:coord>
        <when>2026-01-01T00:01:27.0928220Z</when>
        <gx:coord>12.058222 51.548977 109.02317</gx:coord>
        <when>2026-01-01T00:01:28.0928220Z</when>
        <gx:coord>12.058195 51.548992 109.01351</gx:coord>
        <when>2026-01-01T00:01:29.0928220Z</when>
        <gx:coord>12.058158 51.54901 108.951294</gx:coord>
        <when>2026-01-01T00:01:30.3438220Z</when>
        <gx:coord>12.058052 51.549034 108.8968</gx:coord>
        <when>2026-01-01T00:01:31.0928220Z</when>
        <gx:coord>12.058052 51.549034 108.8968</gx:coord>
        <when>2026-01-01T00:01:34.0948220Z</when>
        <gx:coord>12.057922 51.549065 108.90563</gx:coord>
        <when>2026-01-01T00:01:35.0948220Z</when>
        <gx:coord>12.057889 51.549084 108.840485</gx:coord>
        <when>2026-01-01T00:01:35.3438220Z</when>
        <gx:coord>12.057859 51.54911 108.84841</gx:coord>
        <when>2026-01-01T00:01:36.0928220Z</when>
        <gx:coord>12.057859 51.54911 108.84841</gx:coord>
        <when>2026-01-01T00:01:37.0858220Z</when>
        <gx:coord>12.057842 51.54914 108.78882</gx:coord>
        <when>2026-01-01T00:01:38.0958220Z</when>
        <gx:coord>12.057834 51.549168 108.87317</gx:coord>
        <when>2026-01-01T00:01:39.0938220Z</when>
        <gx:coord>12.057839 51.549202 108.952705</gx:coord>
        <when>2026-01-01T00:01:40.3438220Z</when>
        <gx:coord>12.057876 51.549274 109.03165</gx:coord>
        <when>2026-01-01T00:01:41.0918220Z</when>
        <gx:coord>12.057876 51.549274 109.03165</gx:coord>
        <when>2026-01-01T00:01:42.0988220Z</when>
        <gx:coord>12.057896 51.549316 109.07689</gx:coord>
        <when>2026-01-01T00:01:45.3438220Z</when>
        <gx:coord>12.057994 51.549538 108.76359</gx:coord>
        <when>2026-01-01T00:01:50.3438220Z</when>
        <gx:coord>12.058107 51.549797 108.7998</gx:coord>
        <when>2026-01-01T00:01:52.0998220Z</when>
        <gx:coord>12.058121 51.549835 108.70125</gx:coord>
        <when>2026-01-01T00:01:54.0998220Z</when>
        <gx:coord>12.0580845 51.54991 108.672226</gx:coord>
        <when>2026-01-01T00:01:55.0938220Z</when>
        <gx:coord>12.058059 51.549942 108.5187</gx:coord>
        <when>2026-01-01T00:01:55.3438220Z</when>
        <gx:coord>12.058017 51.54996 108.59968</gx:coord>
        <when>2026-01-01T00:01:57.1098220Z</when>
        <gx:coord>12.057957 51.549988 108.61432</gx:coord>
        <when>2026-01-01T00:02:00.3438220Z</when>
        <gx:coord>12.057692 51.550068 108.570816</gx:coord>
        <when>2026-01-01T00:02:05.3438220Z</when>
        <gx:coord>12.057286 51.55018 108.54851</gx:coord>
        <when>2026-01-01T00:02:10.3438220Z</when>
        <gx:coord>12.056821 51.550312 108.46313</gx:coord>
        <when>2026-01-01T00:02:15.3428220Z</when>
        <gx:coord>12.056335 51.550446 108.42534</gx:coord>
        <when>2026-01-01T00:02:20.3438220Z</when>
        <gx:coord>12.055831 51.550587 108.34215</gx:coord>
        <when>2026-01-01T00:02:25.3438220Z</when>
        <gx:coord>12.055333 51.550728 108.28475</gx:coord>
        <when>2026-01-01T00:02:30.3428220Z</when>
        <gx:coord>12.054911 51.55085 108.025154</gx:coord>
        <when>2026-01-01T00:02:35.3438220Z</when>
        <gx:coord>12.054471 51.550972 108.12388</gx:coord>
        <when>2026-01-01T00:02:40.3428220Z</when>
        <gx:coord>12.053991 51.55111 108.58604</gx:coord>
        <when>2026-01-01T00:02:45.3488220Z</when>
        <gx:coord>12.053459 51.551258 108.95978</gx:coord>
        <when>2026-01-01T00:02:50.3438220Z</when>
        <gx:coord>12.052913 51.551414 109.37497</gx:coord>
        <when>2026-01-01T00:02:55.3438220Z</when>
        <gx:coord>12.052351 51.55157 109.61255</gx:coord>
        <when>2026-01-01T00:03:00.3508220Z</when>
        <gx:coord>12.051782 51.55173 109.74165</gx:coord>
        <when>2026-01-01T00:03:05.3438220Z</when>
        <gx:coord>12.051215 51.55189 110.07056</gx:coord>
        <when>2026-01-01T00:03:10.3428220Z</when>
        <gx:coord>12.050647 51.55205 110.50381</gx:coord>
        <when>2026-01-01T00:03:15.3438220Z</when>
        <gx:coord>12.050091 51.552208 110.94845</gx:coord>
        <when>2026-01-01T00:03:20.3498220Z</when>
        <gx:coord>12.049535 51.552364 111.420876</gx:coord>
        <when>2026-01-01T00:03:25.3438220Z</when>
        <gx:coord>12.048985 51.552517 111.81163</gx:coord>
        <when>2026-01-01T00:03:30.3438220Z</when>
        <gx:coord>12.048448 51.55267 112.169945</gx:coord>
        <when>2026-01-01T00:03:35.3438220Z</when>
        <gx:coord>12.047913 51.55282 112.53364</gx:coord>
        <when>2026-01-01T00:03:40.3438220Z</when>
        <gx:coord>12.047431 51.55295 112.94362</gx:coord>
        <when>2026-01-01T00:03:45.3438220Z</when>
        <gx:coord>12.047004 51.553066 113.07588</gx:coord>
        <when>2026-01-01T00:03:50.0958220Z</when>
        <gx:coord>12.046774 51.55315 113.165665</gx:coord>
        <when>2026-01-01T00:03:50.3438220Z</when>
        <gx:coord>12.046739 51.553173 113.248276</gx:coord>
        <when>2026-01-01T00:03:52.0918220Z</when>
        <gx:coord>12.04671 51.5532 113.34989</gx:coord>
        <when>2026-01-01T00:03:54.0928220Z</when>
        <gx:coord>12.04667 51.55325 113.58805</gx:coord>
        <when>2026-01-01T00:03:55.3438220Z</when>
        <gx:coord>12.046657 51.553318 113.59982</gx:coord>
        <when>2026-01-01T00:03:56.0938220Z</when>
        <gx:coord>12.046657 51.553318 113.59982</gx:coord>
        <when>2026-01-01T00:04:00.3438220Z</when>
        <gx:coord>12.0466585 51.55355 113.89178</gx:coord>
        <when>2026-01-01T00:04:05.3438220Z</when>
        <gx:coord>12.046651 51.5538 114.05808</gx:coord>
        <when>2026-01-01T00:04:10.0938220Z</when>
        <gx:coord>12.046645 51.5539 114.13021</gx:coord>
        <when>2026-01-01T00:04:10.3438220Z</when>
        <gx:coord>12.046644 51.553898 114.1373</gx:coord>
        <when>2026-01-01T00:04:15.3438220Z</when>
        <gx:coord>12.046644 51.553898 114.25698</gx:coord>
        <when>2026-01-01T00:04:20.3438220Z</when>
        <gx:coord>12.046643 51.553898 114.110405</gx:coord>
        <when>2026-01-01T00:04:25.3438220Z</when>
        <gx:coord>12.046645 51.553898 114.12089</gx:coord>
        <when>2026-01-01T00:04:30.3438220Z</when>
        <gx:coord>12.046644 51.553898 114.17397</gx:coord>
        <when>2026-01-01T00:04:35.3438220Z</when>
        <gx:coord>12.046644 51.553898 114.16007</gx:coord>
        <when>2026-01-01T00:04:40.3438220Z</when>
        <gx:coord>12.046644 51.553898 114.13549</gx:coord>
        <when>2026-01-01T00:04:45.3438220Z</when>
        <gx:coord>12.046643 51.553898 114.08431</gx:coord>
        <when>2026-01-01T00:04:50.3438220Z</when>
        <gx:coord>12.046644 51.553898 114.12624</gx:coord>
        <when>2026-01-01T00:04:55.3438220Z</when>
        <gx:coord>12.046643 51.553898 114.16414</gx:coord>
        <when>2026-01-01T00:05:00.3438220Z</when>
        <gx:coord>12.046643 51.553898 114.15611</gx:coord>
        <when>2026-01-01T00:05:05.3438220Z</when>
        <gx:coord>12.046643 51.553898 114.225914</gx:coord>
        <when>2026-01-01T00:05:10.3438220Z</when>
        <gx:coord>12.046643 51.553898 114.19688</gx:coord>
        <when>2026-01-01T00:05:15.3438220Z</when>
        <gx:coord>12.046642 51.553898 114.13463</gx:coord>
        <when>2026-01-01T00:05:20.3438220Z</when>
        <gx:coord>12.046643 51.553898 114.07447</gx:coord>
        <when>2026-01-01T00:05:25.3438220Z</when>
        <gx:coord>12.046644 51.553898 114.15449</gx:coord>
        <when>2026-01-01T00:05:30.3438220Z</when>
        <gx:coord>12.046644 51.553898 114.12271</gx:coord>
        <when>2026-01-01T00:05:35.3438220Z</when>
        <gx:coord>12.046643 51.553898 114.10603</gx:coord>
        <when>2026-01-01T00:05:40.3438220Z</when>
        <gx:coord>12.046643 51.5539 113.99443</gx:coord>
        <when>2026-01-01T00:05:45.3438220Z</when>
        <gx:coord>12.046641 51.553993 114.16467</gx:coord>
        <when>2026-01-01T00:05:48.0918220Z</when>
        <gx:coord>12.04664 51.554058 114.25554</gx:coord>
        <when>2026-01-01T00:05:50.3438220Z</when>
        <gx:coord>12.046661 51.554153 114.24017</gx:coord>
        <when>2026-01-01T00:05:51.0988220Z</when>
        <gx:coord>12.046661 51.554153 114.24017</gx:coord>
        <when>2026-01-01T00:05:52.0968220Z</when>
        <gx:coord>12.046689 51.554184 114.23077</gx:coord>
        <when>2026-01-01T00:05:53.0918220Z</when>
        <gx:coord>12.046731 51.554214 114.192314</gx:coord>
        <when>2026-01-01T00:05:54.0958220Z</when>
        <gx:coord>12.0467825 51.55424 114.25027</gx:coord>
        <when>2026-01-01T00:05:55.0908220Z</when>
        <gx:coord>12.046839 51.55426 114.2729</gx:coord>
        <when>2026-01-01T00:05:55.3438220Z</when>
        <gx:coord>12.046903 51.55427 114.32084</gx:coord>
        <when>2026-01-01T00:05:56.0938220Z</when>
        <gx:coord>12.046903 51.55427 114.32084</gx:coord>
        <when>2026-01-01T00:05:57.0978220Z</when>
        <gx:coord>12.046974 51.554276 114.31999</gx:coord>
        <when>2026-01-01T00:05:58.0918220Z</when>
        <gx:coord>12.0470495 51.554268 114.31945</gx:coord>
        <when>2026-01-01T00:05:59.0918220Z</when>
        <gx:coord>12.047135 51.554253 114.24319</gx:coord>
        <when>2026-01-01T00:06:00.3438220Z</when>
        <gx:coord>12.047371 51.5542 114.04272</gx:coord>
        <when>2026-01-01T00:06:01.0858220Z</when>
        <gx:coord>12.047371 51.5542 114.04272</gx:coord>
        <when>2026-01-01T00:06:02.1798220Z</when>
        <gx:coord>12.047525 51.55415 113.853676</gx:coord>
        <when>2026-01-01T00:06:04.0918220Z</when>
        <gx:coord>12.047932 51.55404 113.47403</gx:coord>
        <when>2026-01-01T00:06:05.3438220Z</when>
        <gx:coord>12.048444 51.553898 113.10295</gx:coord>
        <when>2026-01-01T00:06:06.0958220Z</when>
        <gx:coord>12.048444 51.553898 113.10295</gx:coord>
        <when>2026-01-01T00:06:07.0918220Z</when>
        <gx:coord>12.048735 51.553814 112.88874</gx:coord>
        <when>2026-01-01T00:06:10.3438220Z</when>
        <gx:coord>12.0501375 51.553425 111.90943</gx:coord>
        <when>2026-01-01T00:06:11.0938220Z</when>
        <gx:coord>12.0501375 51.553425 111.90943</gx:coord>
        <when>2026-01-01T00:06:15.3428220Z</when>
        <gx:coord>12.052314 51.552822 113.22755</gx:coord>
        <when>2026-01-01T00:06:16.0978220Z</when>
        <gx:coord>12.052314 51.552822 113.22755</gx:coord>
        <when>2026-01-01T00:06:20.3438220Z</when>
        <gx:coord>12.054771 51.552143 122.196625</gx:coord>
        <when>2026-01-01T00:06:25.0908220Z</when>
        <gx:coord>12.057281 51.55145 144.78514</gx:coord>
        <when>2026-01-01T00:06:25.3508220Z</when>
        <gx:coord>12.057281 51.55145 144.78514</gx:coord>
        <when>2026-01-01T00:06:30.3508220Z</when>
        <gx:coord>12.059694 51.55083 168.3473</gx:coord>
        <when>2026-01-01T00:06:32.0918220Z</when>
        <gx:coord>12.06064 51.5506 176.34843</gx:coord>
        <when>2026-01-01T00:06:35.3438220Z</when>
        <gx:coord>12.0620575 51.55025 185.01054</gx:coord>
        <when>2026-01-01T00:06:40.3438220Z</when>
        <gx:coord>12.064454 51.54959 197.67009</gx:coord>
        <when>2026-01-01T00:06:43.0908220Z</when>
        <gx:coord>12.065888 51.54915 207.75673</gx:coord>
        <when>2026-01-01T00:06:45.3468220Z</when>
        <gx:coord>12.066838 51.54885 214.47949</gx:coord>
        <when>2026-01-01T00:06:50.3438220Z</when>
        <gx:coord>12.069156 51.54814 236.59149</gx:coord>
        <when>2026-01-01T00:06:51.0988220Z</when>
        <gx:coord>12.069617 51.548 240.19905</gx:coord>
        <when>2026-01-01T00:06:55.3438220Z</when>
        <gx:coord>12.071476 51.547462 253.91034</gx:coord>
        <when>2026-01-01T00:07:00.3438220Z</when>
        <gx:coord>12.073822 51.54682 269.32642</gx:coord>
        <when>2026-01-01T00:07:01.0918220Z</when>
        <gx:coord>12.074297 51.546696 271.93884</gx:coord>
        <when>2026-01-01T00:07:05.3438220Z</when>
        <gx:coord>12.076219 51.54619 282.24908</gx:coord>
        <when>2026-01-01T00:07:10.3438220Z</when>
        <gx:coord>12.078734 51.545525 291.88995</gx:coord>
        <when>2026-01-01T00:07:14.0808220Z</when>
        <gx:coord>12.080851 51.545 303.53113</gx:coord>
        <when>2026-01-01T00:07:15.3438220Z</when>
        <gx:coord>12.081397 51.544876 305.75357</gx:coord>
        <when>2026-01-01T00:07:20.0998220Z</when>
        <gx:coord>12.084161 51.54431 319.84924</gx:coord>
        <when>2026-01-01T00:07:20.3438220Z</when>
        <gx:coord>12.084161 51.54431 323.65668</gx:coord>
        <when>2026-01-01T00:07:23.0868220Z</when>
        <gx:coord>12.085809 51.544 334.59146</gx:coord>
        <when>2026-01-01T00:07:25.3438220Z</when>
        <gx:coord>12.086909 51.543797 341.2803</gx:coord>
        <when>2026-01-01T00:07:27.0908220Z</when>
        <gx:coord>12.087465 51.543705 344.64752</gx:coord>
        <when>2026-01-01T00:07:30.3438220Z</when>
        <gx:coord>12.089741 51.543476 359.06808</gx:coord>
        <when>2026-01-01T00:07:32.0948220Z</when>
        <gx:coord>12.090319 51.543457 363.05804</gx:coord>
        <when>2026-01-01T00:07:32.0948220Z</when>
        <gx:coord>12.090897 51.543457 367.028</gx:coord>
        <when>2026-01-01T00:07:35.3438220Z</when>
        <gx:coord>12.092628 51.543575 378.09286</gx:coord>
        <when>2026-01-01T00:07:36.0888220Z</when>
        <gx:coord>12.092628 51.543575 378.09286</gx:coord>
        <when>2026-01-01T00:07:39.0908220Z</when>
        <gx:coord>12.094289 51.543903 392.5579</gx:coord>
        <when>2026-01-01T00:07:40.0918220Z</when>
        <gx:coord>12.095313 51.54425 400.3015</gx:coord>
        <when>2026-01-01T00:07:40.3438220Z</when>
        <gx:coord>12.095313 51.54425 400.3015</gx:coord>
        <when>2026-01-01T00:07:42.0908220Z</when>
        <gx:coord>12.095797 51.54446 403.0944</gx:coord>
        <when>2026-01-01T00:07:45.0898220Z</when>
        <gx:coord>12.097119 51.545193 413.5621</gx:coord>
        <when>2026-01-01T00:07:45.0908220Z</when>
        <gx:coord>12.097119 51.545193 413.5621</gx:coord>
        <when>2026-01-01T00:07:45.3438220Z</when>
        <gx:coord>12.097515 51.54547 416.50827</gx:coord>
        <when>2026-01-01T00:07:49.0928220Z</when>
        <gx:coord>12.098955 51.54667 430.9034</gx:coord>
        <when>2026-01-01T00:07:50.3438220Z</when>
        <gx:coord>12.099286 51.54698 435.24905</gx:coord>
        <when>2026-01-01T00:07:51.0938220Z</when>
        <gx:coord>12.099286 51.54698 435.24905</gx:coord>
        <when>2026-01-01T00:07:55.3428220Z</when>
        <gx:coord>12.100784 51.548634 451.83032</gx:coord>
        <when>2026-01-01T00:07:59.1098220Z</when>
        <gx:coord>12.101533 51.54968 460.28784</gx:coord>
        <when>2026-01-01T00:07:59.1098220Z</when>
        <gx:coord>12.101761 51.550034 464.0032</gx:coord>
        <when>2026-01-01T00:08:00.3438220Z</when>
        <gx:coord>12.101976 51.55039 468.38608</gx:coord>
        <when>2026-01-01T00:08:05.3438220Z</when>
        <gx:coord>12.102895 51.5522 482.16727</gx:coord>
        <when>2026-01-01T00:08:10.0938220Z</when>
        <gx:coord>12.103788 51.554058 497.18246</gx:coord>
        <when>2026-01-01T00:08:10.3438220Z</when>
        <gx:coord>12.103788 51.554058 497.18246</gx:coord>
        <when>2026-01-01T00:08:14.0988220Z</when>
        <gx:coord>12.1044235 51.5556 502.9721</gx:coord>
        <when>2026-01-01T00:08:15.3438220Z</when>
        <gx:coord>12.104576 51.555992 508.88907</gx:coord>
        <when>2026-01-01T00:08:20.0868220Z</when>
        <gx:coord>12.10515 51.557568 520.9926</gx:coord>
        <when>2026-01-01T00:08:20.3438220Z</when>
        <gx:coord>12.105279 51.557957 525.67267</gx:coord>
        <when>2026-01-01T00:08:21.0928220Z</when>
        <gx:coord>12.105404 51.558346 529.9018</gx:coord>
        <when>2026-01-01T00:08:25.3438220Z</when>
        <gx:coord>12.105888 51.559883 546.6245</gx:coord>
        <when>2026-01-01T00:08:30.0938220Z</when>
        <gx:coord>12.106364 51.561783 562.6271</gx:coord>
        <when>2026-01-01T00:08:30.3448220Z</when>
        <gx:coord>12.106364 51.561783 562.6271</gx:coord>
        <when>2026-01-01T00:08:32.0918220Z</when>
        <gx:coord>12.106374 51.56216 565.8907</gx:coord>
        <when>2026-01-01T00:08:35.0938220Z</when>
        <gx:coord>12.106105 51.56328 572.69525</gx:coord>
        <when>2026-01-01T00:08:35.3448220Z</when>
        <gx:coord>12.105937 51.56364 573.4334</gx:coord>
        <when>2026-01-01T00:08:40.3448220Z</when>
        <gx:coord>12.104935 51.56547 581.5844</gx:coord>
        <when>2026-01-01T00:08:43.0908220Z</when>
        <gx:coord>12.104359 51.56655 598.59796</gx:coord>
        <when>2026-01-01T00:08:45.3448220Z</when>
        <gx:coord>12.103996 51.56724 609.2693</gx:coord>
        <when>2026-01-01T00:08:49.0888220Z</when>
        <gx:coord>12.103292 51.568573 630.70935</gx:coord>
        <when>2026-01-01T00:08:50.3448220Z</when>
        <gx:coord>12.103114 51.568905 631.4422</gx:coord>
        <when>2026-01-01T00:08:55.3448220Z</when>
        <gx:coord>12.10206 51.570667 630.3671</gx:coord>
        <when>2026-01-01T00:08:59.0978220Z</when>
        <gx:coord>12.101091 51.572144 632.4018</gx:coord>
        <when>2026-01-01T00:09:00.3448220Z</when>
        <gx:coord>12.100836 51.572517 633.24756</gx:coord>
        <when>2026-01-01T00:09:05.3448220Z</when>
        <gx:coord>12.099544 51.574413 633.8931</gx:coord>
        <when>2026-01-01T00:09:06.0908220Z</when>
        <gx:coord>12.099544 51.574413 633.8931</gx:coord>
        <when>2026-01-01T00:09:10.3448220Z</when>
        <gx:coord>12.098216 51.576363 632.1158</gx:coord>
        <when>2026-01-01T00:09:15.3448220Z</when>
        <gx:coord>12.096782 51.578373 626.6644</gx:coord>
        <when>2026-01-01T00:09:20.3448220Z</when>
        <gx:coord>12.095319 51.580475 622.88995</gx:coord>
        <when>2026-01-01T00:09:25.3448220Z</when>
        <gx:coord>12.09394 51.582596 631.3811</gx:coord>
        <when>2026-01-01T00:09:30.3448220Z</when>
        <gx:coord>12.092662 51.584698 636.2357</gx:coord>
        <when>2026-01-01T00:09:35.3448220Z</when>
        <gx:coord>12.091354 51.5868 637.7949</gx:coord>
        <when>2026-01-01T00:09:37.0988220Z</when>
        <gx:coord>12.090776 51.587624 638.6842</gx:coord>
        <when>2026-01-01T00:09:40.0878220Z</when>
        <gx:coord>12.0901785 51.58844 640.9426</gx:coord>
        <when>2026-01-01T00:09:40.3448220Z</when>
        <gx:coord>12.089871 51.58885 641.67194</gx:coord>
        <when>2026-01-01T00:09:45.3448220Z</when>
        <gx:coord>12.088044 51.59076 646.333</gx:coord>
        <when>2026-01-01T00:09:46.0858220Z</when>
        <gx:coord>12.088044 51.59076 646.333</gx:coord>
        <when>2026-01-01T00:09:50.0868220Z</when>
        <gx:coord>12.086077 51.59201 646.76337</gx:coord>
        <when>2026-01-01T00:09:50.3448220Z</when>
        <gx:coord>12.085543 51.592297 645.89703</gx:coord>
        <when>2026-01-01T00:09:55.3448220Z</when>
        <gx:coord>12.082772 51.593704 643.07654</gx:coord>
        <when>2026-01-01T00:10:00.3448220Z</when>
        <gx:coord>12.079901 51.595108 638.0793</gx:coord>
        <when>2026-01-01T00:10:03.0888220Z</when>
        <gx:coord>12.078708 51.595657 633.693</gx:coord>
        <when>2026-01-01T00:10:05.3448220Z</when>
        <gx:coord>12.076839 51.596436 632.03815</gx:coord>
        <when>2026-01-01T00:10:10.3448220Z</when>
        <gx:coord>12.07365 51.59767 628.4304</gx:coord>
        <when>2026-01-01T00:10:15.0928220Z</when>
        <gx:coord>12.070516 51.598934 634.51056</gx:coord>
        <when>2026-01-01T00:10:15.3448220Z</when>
        <gx:coord>12.070516 51.598934 635.2643</gx:coord>
        <when>2026-01-01T00:10:20.3448220Z</when>
        <gx:coord>12.067435 51.600224 634.0177</gx:coord>
        <when>2026-01-01T00:10:25.3448220Z</when>
        <gx:coord>12.064294 51.601505 630.7393</gx:coord>
        <when>2026-01-01T00:10:30.3448220Z</when>
        <gx:coord>12.061076 51.602787 626.5563</gx:coord>
        <when>2026-01-01T00:10:35.3448220Z</when>
        <gx:coord>12.057836 51.604057 624.4865</gx:coord>
        <when>2026-01-01T00:10:37.0838220Z</when>
        <gx:coord>12.057185 51.604305 624.46375</gx:coord>
        <when>2026-01-01T00:10:40.3448220Z</when>
        <gx:coord>12.0545225 51.60518 626.7183</gx:coord>
        <when>2026-01-01T00:10:45.3448220Z</when>
        <gx:coord>12.051123 51.606064 629.08453</gx:coord>
        <when>2026-01-01T00:10:46.0878220Z</when>
        <gx:coord>12.051123 51.606064 629.08453</gx:coord>
        <when>2026-01-01T00:10:50.3448220Z</when>
        <gx:coord>12.047686 51.606747 632.3251</gx:coord>
        <when>2026-01-01T00:10:52.0938220Z</when>
        <gx:coord>12.046302 51.60698 631.6096</gx:coord>
        <when>2026-01-01T00:10:55.3458220Z</when>
        <gx:coord>12.044202 51.60727 630.97473</gx:coord>
        <when>2026-01-01T00:10:58.0808220Z</when>
        <gx:coord>12.042798 51.607433 630.56604</gx:coord>
        <when>2026-01-01T00:11:00.3458220Z</when>
        <gx:coord>12.040693 51.607662 631.2101</gx:coord>
        <when>2026-01-01T00:11:05.3458220Z</when>
        <gx:coord>12.037237 51.60804 638.96423</gx:coord>
        <when>2026-01-01T00:11:10.3458220Z</when>
        <gx:coord>12.033813 51.60835 642.52264</gx:coord>
        <when>2026-01-01T00:11:15.3458220Z</when>
        <gx:coord>12.030345 51.60854 639.43475</gx:coord>
        <when>2026-01-01T00:11:20.3458220Z</when>
        <gx:coord>12.026815 51.608757 634.6727</gx:coord>
        <when>2026-01-01T00:11:25.3458220Z</when>
        <gx:coord>12.023272 51.608925 637.32135</gx:coord>
        <when>2026-01-01T00:11:30.3458220Z</when>
        <gx:coord>12.019777 51.60899 641.23254</gx:coord>
        <when>2026-01-01T00:11:31.0938220Z</when>
        <gx:coord>12.019085 51.609 641.23254</gx:coord>
        <when>2026-01-01T00:11:35.3458220Z</when>
        <gx:coord>12.016328 51.60906 647.71814</gx:coord>
        <when>2026-01-01T00:11:40.3458220Z</when>
        <gx:coord>12.012896 51.60911 650.7807</gx:coord>
        <when>2026-01-01T00:11:45.3458220Z</when>
        <gx:coord>12.009487 51.60916 650.68665</gx:coord>
        <when>2026-01-01T00:11:50.3458220Z</when>
        <gx:coord>12.0060835 51.609207 650.79785</gx:coord>
        <when>2026-01-01T00:11:55.3458220Z</when>
        <gx:coord>12.002636 51.60928 645.7449</gx:coord>
        <when>2026-01-01T00:11:56.0898220Z</when>
        <gx:coord>12.002636 51.60928 645.7449</gx:coord>
        <when>2026-01-01T00:12:00.3458220Z</when>
        <gx:coord>11.999127 51.6091 635.7646</gx:coord>
        <when>2026-01-01T00:12:05.3458220Z</when>
        <gx:coord>11.995563 51.608864 635.02814</gx:coord>
        <when>2026-01-01T00:12:10.0938220Z</when>
        <gx:coord>11.991987 51.60872 632.4692</gx:coord>
        <when>2026-01-01T00:12:10.3458220Z</when>
        <gx:coord>11.991987 51.60872 631.2952</gx:coord>
        <when>2026-01-01T00:12:15.3458220Z</when>
        <gx:coord>11.988395 51.60867 625.3235</gx:coord>
        <when>2026-01-01T00:12:20.3458220Z</when>
        <gx:coord>11.984801 51.608627 621.30774</gx:coord>
        <when>2026-01-01T00:12:25.3458220Z</when>
        <gx:coord>11.9812 51.608555 615.38794</gx:coord>
        <when>2026-01-01T00:12:30.3458220Z</when>
        <gx:coord>11.977644 51.608524 618.2895</gx:coord>
        <when>2026-01-01T00:12:35.3458220Z</when>
        <gx:coord>11.974209 51.608524 624.6774</gx:coord>
        <when>2026-01-01T00:12:40.3458220Z</when>
        <gx:coord>11.970833 51.60851 620.5355</gx:coord>
        <when>2026-01-01T00:12:45.3458220Z</when>
        <gx:coord>11.967382 51.608517 612.99335</gx:coord>
        <when>2026-01-01T00:12:49.0938220Z</when>
        <gx:coord>11.964605 51.60855 614.0811</gx:coord>
        <when>2026-01-01T00:12:50.3458220Z</when>
        <gx:coord>11.963921 51.608562 616.2303</gx:coord>
        <when>2026-01-01T00:12:55.3458220Z</when>
        <gx:coord>11.96052 51.608593 618.615</gx:coord>
        <when>2026-01-01T00:12:57.0888220Z</when>
        <gx:coord>11.959847 51.6086 619.4543</gx:coord>
        <when>2026-01-01T00:13:00.3458220Z</when>
        <gx:coord>11.957188 51.60866 623.5641</gx:coord>
        <when>2026-01-01T00:13:05.3458220Z</when>
        <gx:coord>11.953915 51.608677 627.3139</gx:coord>
        <when>2026-01-01T00:13:09.0938220Z</when>
        <gx:coord>11.952011 51.60854 630.0921</gx:coord>
        <when>2026-01-01T00:13:10.3458220Z</when>
        <gx:coord>11.950779 51.608356 630.04626</gx:coord>
        <when>2026-01-01T00:13:14.0868220Z</when>
        <gx:coord>11.94899 51.607952 627.49994</gx:coord>
        <when>2026-01-01T00:13:15.3458220Z</when>
        <gx:coord>11.947851 51.607586 624.3723</gx:coord>
        <when>2026-01-01T00:13:18.0888220Z</when>
        <gx:coord>11.94676 51.60715 621.114</gx:coord>
        <when>2026-01-01T00:13:20.3458220Z</when>
        <gx:coord>11.9452505 51.606377 619.00684</gx:coord>
        <when>2026-01-01T00:13:24.0888220Z</when>
        <gx:coord>11.943882 51.6055 617.0834</gx:coord>
        <when>2026-01-01T00:13:25.3458220Z</when>
        <gx:coord>11.943036 51.604866 615.602</gx:coord>
        <when>2026-01-01T00:13:29.0888220Z</when>
        <gx:coord>11.941916 51.603844 615.0791</gx:coord>
        <when>2026-01-01T00:13:30.3458220Z</when>
        <gx:coord>11.94126 51.60313 615.384</gx:coord>
        <when>2026-01-01T00:13:34.0928220Z</when>
        <gx:coord>11.94021 51.601643 616.81995</gx:coord>
        <when>2026-01-01T00:13:35.0888220Z</when>
        <gx:coord>11.94021 51.601643 617.0232</gx:coord>
        <when>2026-01-01T00:13:35.3468220Z</when>
        <gx:coord>11.9400015 51.60126 617.1934</gx:coord>
        <when>2026-01-01T00:13:40.3468220Z</when>
        <gx:coord>11.939158 51.599304 615.759</gx:coord>
        <when>2026-01-01T00:13:45.3468220Z</when>
        <gx:coord>11.938359 51.597343 615.8185</gx:coord>
        <when>2026-01-01T00:13:47.0918220Z</when>
        <gx:coord>11.938212 51.59695 616.1916</gx:coord>
        <when>2026-01-01T00:13:50.3468220Z</when>
        <gx:coord>11.937639 51.595383 617.26843</gx:coord>
        <when>2026-01-01T00:13:55.3458220Z</when>
        <gx:coord>11.937055 51.593407 615.6805</gx:coord>
        <when>2026-01-01T00:14:00.3468220Z</when>
        <gx:coord>11.936547 51.591393 614.33167</gx:coord>
        <when>2026-01-01T00:14:05.3468220Z</when>
        <gx:coord>11.936277 51.58937 617.7098</gx:coord>
        <when>2026-01-01T00:14:06.0868220Z</when>
        <gx:coord>11.936277 51.58937 617.7098</gx:coord>
        <when>2026-01-01T00:14:10.3468220Z</when>
        <gx:coord>11.936257 51.587357 622.0504</gx:coord>
        <when>2026-01-01T00:14:15.3468220Z</when>
        <gx:coord>11.936478 51.58535 623.55273</gx:coord>
        <when>2026-01-01T00:14:16.0928220Z</when>
        <gx:coord>11.936543 51.584946 623.55273</gx:coord>
        <when>2026-01-01T00:14:20.3468220Z</when>
        <gx:coord>11.936774 51.583336 624.9456</gx:coord>
        <when>2026-01-01T00:14:25.3468220Z</when>
        <gx:coord>11.936999 51.581318 626.14954</gx:coord>
        <when>2026-01-01T00:14:30.3468220Z</when>
        <gx:coord>11.937176 51.579308 627.8279</gx:coord>
        <when>2026-01-01T00:14:35.3468220Z</when>
        <gx:coord>11.937446 51.577305 630.4304</gx:coord>
        <when>2026-01-01T00:14:40.3468220Z</when>
        <gx:coord>11.9377 51.575283 628.46844</gx:coord>
        <when>2026-01-01T00:14:45.3468220Z</when>
        <gx:coord>11.937861 51.57325 626.9728</gx:coord>
        <when>2026-01-01T00:14:50.3468220Z</when>
        <gx:coord>11.9379425 51.571224 625.6498</gx:coord>
        <when>2026-01-01T00:14:55.3468220Z</when>
        <gx:coord>11.937917 51.56921 624.60443</gx:coord>
        <when>2026-01-01T00:14:58.0948220Z</when>
        <gx:coord>11.9377985 51.56801 624.55756</gx:coord>
        <when>2026-01-01T00:15:00.3468220Z</when>
        <gx:coord>11.937664 51.56721 623.03125</gx:coord>
        <when>2026-01-01T00:15:05.3468220Z</when>
        <gx:coord>11.937425 51.56521 621.2654</gx:coord>
        <when>2026-01-01T00:15:10.3468220Z</when>
        <gx:coord>11.937628 51.563198 619.4555</gx:coord>
        <when>2026-01-01T00:15:11.0898220Z</when>
        <gx:coord>11.937628 51.563198 619.4555</gx:coord>
        <when>2026-01-01T00:15:15.3468220Z</when>
        <gx:coord>11.938404 51.56122 618.76697</gx:coord>
        <when>2026-01-01T00:15:16.0888220Z</when>
        <gx:coord>11.938404 51.56122 618.76697</gx:coord>
        <when>2026-01-01T00:15:20.3468220Z</when>
        <gx:coord>11.939859 51.559334 616.4393</gx:coord>
        <when>2026-01-01T00:15:21.0918220Z</when>
        <gx:coord>11.939859 51.559334 616.4393</gx:coord>
        <when>2026-01-01T00:15:25.3468220Z</when>
        <gx:coord>11.941785 51.55759 616.1078</gx:coord>
        <when>2026-01-01T00:15:30.3468220Z</when>
        <gx:coord>11.943885 51.555973 619.2596</gx:coord>
        <when>2026-01-01T00:15:35.3468220Z</when>
        <gx:coord>11.945966 51.554367 619.02167</gx:coord>
        <when>2026-01-01T00:15:40.3468220Z</when>
        <gx:coord>11.9480915 51.55275 618.19305</gx:coord>
        <when>2026-01-01T00:15:41.0958220Z</when>
        <gx:coord>11.948515 51.552425 618.19305</gx:coord>
        <when>2026-01-01T00:15:45.3468220Z</when>
        <gx:coord>11.950204 51.55113 620.83154</gx:coord>
        <when>2026-01-01T00:15:50.3468220Z</when>
        <gx:coord>11.952334 51.549522 625.95355</gx:coord>
        <when>2026-01-01T00:15:55.3468220Z</when>
        <gx:coord>11.954495 51.54797 633.4058</gx:coord>
        <when>2026-01-01T00:16:00.3468220Z</when>
        <gx:coord>11.9566345 51.54643 634.9984</gx:coord>
        <when>2026-01-01T00:16:05.3468220Z</when>
        <gx:coord>11.9587 51.544853 635.5172</gx:coord>
        <when>2026-01-01T00:16:10.3468220Z</when>
        <gx:coord>11.960806 51.543274 632.2407</gx:coord>
        <when>2026-01-01T00:16:15.3468220Z</when>
        <gx:coord>11.962943 51.54167 628.24414</gx:coord>
        <when>2026-01-01T00:16:20.3468220Z</when>
        <gx:coord>11.965106 51.54005 625.1846</gx:coord>
        <when>2026-01-01T00:16:22.0938220Z</when>
        <gx:coord>11.965974 51.5394 625.0593</gx:coord>
        <when>2026-01-01T00:16:25.3468220Z</when>
        <gx:coord>11.967249 51.538395 623.4651</gx:coord>
        <when>2026-01-01T00:16:30.3468220Z</when>
        <gx:coord>11.96927 51.53666 622.6919</gx:coord>
        <when>2026-01-01T00:16:35.3468220Z</when>
        <gx:coord>11.971268 51.534924 628.9209</gx:coord>
        <when>2026-01-01T00:16:40.3468220Z</when>
        <gx:coord>11.973263 51.533222 636.1473</gx:coord>
        <when>2026-01-01T00:16:45.3478220Z</when>
        <gx:coord>11.975186 51.5315 636.2238</gx:coord>
        <when>2026-01-01T00:16:50.3468220Z</when>
        <gx:coord>11.97697 51.52971 636.2249</gx:coord>
        <when>2026-01-01T00:16:55.3468220Z</when>
        <gx:coord>11.978391 51.5278 637.4587</gx:coord>
        <when>2026-01-01T00:16:56.0848220Z</when>
        <gx:coord>11.978391 51.5278 637.4587</gx:coord>
        <when>2026-01-01T00:17:00.3458220Z</when>
        <gx:coord>11.979311 51.525784 636.8923</gx:coord>
        <when>2026-01-01T00:17:02.0898220Z</when>
        <gx:coord>11.979428 51.525368 635.9296</gx:coord>
        <when>2026-01-01T00:17:02.0958220Z</when>
        <gx:coord>11.979525 51.52495 635.9296</gx:coord>
        <when>2026-01-01T00:17:05.3468220Z</when>
        <gx:coord>11.979744 51.523685 634.0196</gx:coord>
        <when>2026-01-01T00:17:10.3458220Z</when>
        <gx:coord>11.979888 51.521553 626.0642</gx:coord>
        <when>2026-01-01T00:17:15.3468220Z</when>
        <gx:coord>11.979867 51.519413 625.04895</gx:coord>
        <when>2026-01-01T00:17:20.3468220Z</when>
        <gx:coord>11.979809 51.5173 625.03864</gx:coord>
        <when>2026-01-01T00:17:24.0878220Z</when>
        <gx:coord>11.979771 51.51602 619.4537</gx:coord>
        <when>2026-01-01T00:17:25.3468220Z</when>
        <gx:coord>11.979734 51.515152 615.89594</gx:coord>
        <when>2026-01-01T00:17:30.3468220Z</when>
        <gx:coord>11.9794 51.51297 611.90375</gx:coord>
        <when>2026-01-01T00:17:32.0888220Z</when>
        <gx:coord>11.979256 51.512543 611.74524</gx:coord>
        <when>2026-01-01T00:17:35.3468220Z</when>
        <gx:coord>11.978473 51.510876 607.73364</gx:coord>
        <when>2026-01-01T00:17:40.3468220Z</when>
        <gx:coord>11.977283 51.508877 612.9456</gx:coord>
        <when>2026-01-01T00:17:42.0968220Z</when>
        <gx:coord>11.976808 51.5081 613.8743</gx:coord>
        <when>2026-01-01T00:17:45.3468220Z</when>
        <gx:coord>11.976088 51.50694 615.38696</gx:coord>
        <when>2026-01-01T00:17:50.3468220Z</when>
        <gx:coord>11.974838 51.50503 617.7444</gx:coord>
        <when>2026-01-01T00:17:55.3468220Z</when>
        <gx:coord>11.973632 51.50311 614.75195</gx:coord>
        <when>2026-01-01T00:18:00.3468220Z</when>
        <gx:coord>11.972515 51.501114 609.1712</gx:coord>
        <when>2026-01-01T00:18:05.3468220Z</when>
        <gx:coord>11.971391 51.499096 608.2047</gx:coord>
        <when>2026-01-01T00:18:10.3468220Z</when>
        <gx:coord>11.970249 51.497093 604.42236</gx:coord>
        <when>2026-01-01T00:18:15.3468220Z</when>
        <gx:coord>11.969093 51.495094 604.2705</gx:coord>
        <when>2026-01-01T00:18:20.3468220Z</when>
        <gx:coord>11.968047 51.49309 606.8862</gx:coord>
        <when>2026-01-01T00:18:22.0978220Z</when>
        <gx:coord>11.9676695 51.49229 607.5691</gx:coord>
        <when>2026-01-01T00:18:25.3468220Z</when>
        <gx:coord>11.967152 51.491085 607.5587</gx:coord>
        <when>2026-01-01T00:18:30.3468220Z</when>
        <gx:coord>11.966305 51.489067 604.516</gx:coord>
        <when>2026-01-01T00:18:35.3468220Z</when>
        <gx:coord>11.965558 51.48702 601.42206</gx:coord>
        <when>2026-01-01T00:18:40.3468220Z</when>
        <gx:coord>11.964975 51.48496 601.9194</gx:coord>
        <when>2026-01-01T00:18:44.0878220Z</when>
        <gx:coord>11.964707 51.483284 599.5997</gx:coord>
        <when>2026-01-01T00:18:45.0888220Z</when>
        <gx:coord>11.964707 51.483284 599.5997</gx:coord>
        <when>2026-01-01T00:18:45.3468220Z</when>
        <gx:coord>11.964681 51.48286 599.4247</gx:coord>
        <when>2026-01-01T00:18:50.3468220Z</when>
        <gx:coord>11.964616 51.480724 595.7893</gx:coord>
        <when>2026-01-01T00:18:55.3468220Z</when>
        <gx:coord>11.964441 51.47859 591.9563</gx:coord>
        <when>2026-01-01T00:19:00.3468220Z</when>
        <gx:coord>11.96427 51.476486 597.96686</gx:coord>
        <when>2026-01-01T00:19:02.0928220Z</when>
        <gx:coord>11.964233 51.475662 599.3005</gx:coord>
        <when>2026-01-01T00:19:05.3468220Z</when>
        <gx:coord>11.964069 51.474438 599.3246</gx:coord>
        <when>2026-01-01T00:19:10.3468220Z</when>
        <gx:coord>11.963532 51.47241 595.6815</gx:coord>
        <when>2026-01-01T00:19:15.3468220Z</when>
        <gx:coord>11.962874 51.47038 595.57355</gx:coord>
        <when>2026-01-01T00:19:20.3468220Z</when>
        <gx:coord>11.96219 51.468372 597.52655</gx:coord>
        <when>2026-01-01T00:19:25.3468220Z</when>
        <gx:coord>11.961488 51.46639 597.5942</gx:coord>
        <when>2026-01-01T00:19:30.0928220Z</when>
        <gx:coord>11.96094 51.464787 595.33026</gx:coord>
        <when>2026-01-01T00:19:30.3468220Z</when>
        <gx:coord>11.9607935 51.464386 594.9263</gx:coord>
        <when>2026-01-01T00:19:35.3468220Z</when>
        <gx:coord>11.960053 51.462414 597.685</gx:coord>
        <when>2026-01-01T00:19:40.3468220Z</when>
        <gx:coord>11.9593725 51.46047 598.1016</gx:coord>
        <when>2026-01-01T00:19:43.0908220Z</when>
        <gx:coord>11.9588785 51.459305 597.6794</gx:coord>
        <when>2026-01-01T00:19:45.3468220Z</when>
        <gx:coord>11.958487 51.458534 598.2413</gx:coord>
        <when>2026-01-01T00:19:50.3468220Z</when>
        <gx:coord>11.957442 51.456615 599.7779</gx:coord>
        <when>2026-01-01T00:19:55.3458220Z</when>
        <gx:coord>11.956432 51.4547 604.43744</gx:coord>
        <when>2026-01-01T00:20:00.3468220Z</when>
        <gx:coord>11.955439 51.452755 605.96924</gx:coord>
        <when>2026-01-01T00:20:05.3468220Z</when>
        <gx:coord>11.954535 51.450768 607.4282</gx:coord>
        <when>2026-01-01T00:20:10.3468220Z</when>
        <gx:coord>11.953743 51.448757 608.89594</gx:coord>
        <when>2026-01-01T00:20:15.3468220Z</when>
        <gx:coord>11.953358 51.44671 607.13</gx:coord>
        <when>2026-01-01T00:20:16.0898220Z</when>
        <gx:coord>11.953358 51.44671 607.13</gx:coord>
        <when>2026-01-01T00:20:20.3468220Z</when>
        <gx:coord>11.9535265 51.44461 598.69305</gx:coord>
        <when>2026-01-01T00:20:24.0948220Z</when>
        <gx:coord>11.953828 51.442894 594.456</gx:coord>
        <when>2026-01-01T00:20:25.3468220Z</when>
        <gx:coord>11.953906 51.442467 592.57056</gx:coord>
        <when>2026-01-01T00:20:30.3468220Z</when>
        <gx:coord>11.954382 51.440323 591.6764</gx:coord>
        <when>2026-01-01T00:20:35.3468220Z</when>
        <gx:coord>11.954879 51.438198 590.8492</gx:coord>
        <when>2026-01-01T00:20:40.3468220Z</when>
        <gx:coord>11.955313 51.43612 596.766</gx:coord>
        <when>2026-01-01T00:20:45.3468220Z</when>
        <gx:coord>11.955672 51.43408 597.6162</gx:coord>
        <when>2026-01-01T00:20:50.3468220Z</when>
        <gx:coord>11.956014 51.432 590.11237</gx:coord>
        <when>2026-01-01T00:20:53.0868220Z</when>
        <gx:coord>11.956199 51.431156 588.06006</gx:coord>
        <when>2026-01-01T00:20:55.3468220Z</when>
        <gx:coord>11.956579 51.429886 586.88635</gx:coord>
        <when>2026-01-01T00:21:00.3468220Z</when>
        <gx:coord>11.957272 51.42776 585.42664</gx:coord>
        <when>2026-01-01T00:21:04.0968220Z</when>
        <gx:coord>11.957811 51.426052 583.7603</gx:coord>
        <when>2026-01-01T00:21:05.3468220Z</when>
        <gx:coord>11.957946 51.42562 581.9325</gx:coord>
        <when>2026-01-01T00:21:10.3468220Z</when>
        <gx:coord>11.958598 51.42346 581.83246</gx:coord>
        <when>2026-01-01T00:21:15.3468220Z</when>
        <gx:coord>11.959257 51.42137 592.27576</gx:coord>
        <when>2026-01-01T00:21:20.3468220Z</when>
        <gx:coord>11.959869 51.41933 597.78156</gx:coord>
        <when>2026-01-01T00:21:25.3468220Z</when>
        <gx:coord>11.960428 51.417282 595.0552</gx:coord>
        <when>2026-01-01T00:21:30.3468220Z</when>
        <gx:coord>11.961138 51.415226 590.9521</gx:coord>
        <when>2026-01-01T00:21:35.3468220Z</when>
        <gx:coord>11.961957 51.413166 588.35236</gx:coord>
        <when>2026-01-01T00:21:40.3468220Z</when>
        <gx:coord>11.962719 51.411087 586.5733</gx:coord>
        <when>2026-01-01T00:21:44.0948220Z</when>
        <gx:coord>11.9633045 51.409443 587.99866</gx:coord>
        <when>2026-01-01T00:21:45.3468220Z</when>
        <gx:coord>11.963451 51.409042 587.6306</gx:coord>
        <when>2026-01-01T00:21:50.3468220Z</when>
        <gx:coord>11.964224 51.407036 586.7799</gx:coord>
        <when>2026-01-01T00:21:55.3468220Z</when>
        <gx:coord>11.964856 51.405014 593.8302</gx:coord>
        <when>2026-01-01T00:22:00.3468220Z</when>
        <gx:coord>11.965378 51.40299 603.79736</gx:coord>
        <when>2026-01-01T00:22:05.3468220Z</when>
        <gx:coord>11.96587 51.400936 603.8992</gx:coord>
        <when>2026-01-01T00:22:10.3468220Z</when>
        <gx:coord>11.966415 51.39883 598.8721</gx:coord>
        <when>2026-01-01T00:22:15.3468220Z</when>
        <gx:coord>11.967031 51.396683 603.31854</gx:coord>
        <when>2026-01-01T00:22:20.3468220Z</when>
        <gx:coord>11.967582 51.394547 611.1524</gx:coord>
        <when>2026-01-01T00:22:24.0938220Z</when>
        <gx:coord>11.9680195 51.392845 609.6199</gx:coord>
        <when>2026-01-01T00:22:25.3588220Z</when>
        <gx:coord>11.968134 51.392418 609.4817</gx:coord>
        <when>2026-01-01T00:22:30.3468220Z</when>
        <gx:coord>11.968681 51.390297 608.81165</gx:coord>
        <when>2026-01-01T00:22:35.3468220Z</when>
        <gx:coord>11.969312 51.38822 614.2297</gx:coord>
        <when>2026-01-01T00:22:40.3468220Z</when>
        <gx:coord>11.970019 51.386173 613.8221</gx:coord>
        <when>2026-01-01T00:22:45.3468220Z</when>
        <gx:coord>11.970686 51.384117 615.83514</gx:coord>
        <when>2026-01-01T00:22:50.3468220Z</when>
        <gx:coord>11.971328 51.38207 614.72003</gx:coord>
        <when>2026-01-01T00:22:55.3468220Z</when>
        <gx:coord>11.972045 51.380013 613.9685</gx:coord>
        <when>2026-01-01T00:23:00.3468220Z</when>
        <gx:coord>11.972777 51.377953 614.02527</gx:coord>
        <when>2026-01-01T00:23:04.0978220Z</when>
        <gx:coord>11.973413 51.37632 612.6706</gx:coord>
        <when>2026-01-01T00:23:05.3468220Z</when>
        <gx:coord>11.973568 51.375908 612.70654</gx:coord>
        <when>2026-01-01T00:23:10.3468220Z</when>
        <gx:coord>11.974298 51.373863 613.93445</gx:coord>
        <when>2026-01-01T00:23:15.3458220Z</when>
        <gx:coord>11.974966 51.37181 615.18536</gx:coord>
        <when>2026-01-01T00:23:20.3468220Z</when>
        <gx:coord>11.975588 51.369743 613.4475</gx:coord>
        <when>2026-01-01T00:23:25.3468220Z</when>
        <gx:coord>11.975933 51.36765 609.7438</gx:coord>
        <when>2026-01-01T00:23:30.3468220Z</when>
        <gx:coord>11.976217 51.365524 607.5204</gx:coord>
        <when>2026-01-01T00:23:35.3468220Z</when>
        <gx:coord>11.976338 51.363407 606.4998</gx:coord>
        <when>2026-01-01T00:23:36.0868220Z</when>
        <gx:coord>11.976338 51.363407 606.4998</gx:coord>
        <when>2026-01-01T00:23:40.3458220Z</when>
        <gx:coord>11.976058 51.36133 606.6267</gx:coord>
        <when>2026-01-01T00:23:43.0858220Z</when>
        <gx:coord>11.975828 51.360504 605.1579</gx:coord>
        <when>2026-01-01T00:23:44.0948220Z</when>
        <gx:coord>11.97553 51.359684 604.078</gx:coord>
        <when>2026-01-01T00:23:45.3458220Z</when>
        <gx:coord>11.975352 51.359276 603.4627</gx:coord>
        <when>2026-01-01T00:23:50.3458220Z</when>
        <gx:coord>11.97427 51.357315 607.7987</gx:coord>
        <when>2026-01-01T00:23:51.0878220Z</when>
        <gx:coord>11.97427 51.357315 607.7987</gx:coord>
        <when>2026-01-01T00:23:55.3458220Z</when>
        <gx:coord>11.972794 51.35552 610.23914</gx:coord>
        <when>2026-01-01T00:23:57.0938220Z</when>
        <gx:coord>11.972448 51.355175 609.74097</gx:coord>
        <when>2026-01-01T00:24:00.3458220Z</when>
        <gx:coord>11.970867 51.353867 604.31976</gx:coord>
        <when>2026-01-01T00:24:04.0888220Z</when>
        <gx:coord>11.969495 51.35295 602.07745</gx:coord>
        <when>2026-01-01T00:24:05.3458220Z</when>
        <gx:coord>11.968488 51.3524 601.8319</gx:coord>
        <when>2026-01-01T00:24:10.0888220Z</when>
        <gx:coord>11.966333 51.35141 599.6646</gx:coord>
        <when>2026-01-01T00:24:10.3458220Z</when>
        <gx:coord>11.965759 51.351185 597.9492</gx:coord>
        <when>2026-01-01T00:24:15.0898220Z</when>
        <gx:coord>11.963296 51.350452 593.0453</gx:coord>
        <when>2026-01-01T00:24:15.3458220Z</when>
        <gx:coord>11.962644 51.35031 592.4739</gx:coord>
        <when>2026-01-01T00:24:20.3458220Z</when>
        <gx:coord>11.959274 51.349766 583.7583</gx:coord>
        <when>2026-01-01T00:24:25.3458220Z</when>
        <gx:coord>11.955828 51.34927 577.4827</gx:coord>
        <when>2026-01-01T00:24:27.0978220Z</when>
        <gx:coord>11.954462 51.34908 577.936</gx:coord>
        <when>2026-01-01T00:24:30.3458220Z</when>
        <gx:coord>11.952473 51.348804 584.42303</gx:coord>
        <when>2026-01-01T00:24:35.3458220Z</when>
        <gx:coord>11.949217 51.348377 588.35065</gx:coord>
        <when>2026-01-01T00:24:40.3458220Z</when>
        <gx:coord>11.946023 51.347973 592.3861</gx:coord>
        <when>2026-01-01T00:24:45.3458220Z</when>
        <gx:coord>11.94288 51.34759 595.2747</gx:coord>
        <when>2026-01-01T00:24:49.0868220Z</when>
        <gx:coord>11.941023 51.34738 598.744</gx:coord>
        <when>2026-01-01T00:24:50.3458220Z</when>
        <gx:coord>11.939793 51.347256 599.6737</gx:coord>
        <when>2026-01-01T00:24:55.3458220Z</when>
        <gx:coord>11.936695 51.346992 597.01074</gx:coord>
        <when>2026-01-01T00:25:00.3458220Z</when>
        <gx:coord>11.93355 51.346672 593.3312</gx:coord>
        <when>2026-01-01T00:25:05.3458220Z</when>
        <gx:coord>11.930449 51.346275 596.465</gx:coord>
        <when>2026-01-01T00:25:09.0978220Z</when>
        <gx:coord>11.927973 51.34606 598.0377</gx:coord>
        <when>2026-01-01T00:25:10.3458220Z</when>
        <gx:coord>11.927353 51.346054 600.64966</gx:coord>
        <when>2026-01-01T00:25:11.0888220Z</when>
        <gx:coord>11.927353 51.346054 600.64966</gx:coord>
        <when>2026-01-01T00:25:14.0878220Z</when>
        <gx:coord>11.925525 51.34619 603.53925</gx:coord>
        <when>2026-01-01T00:25:15.3458220Z</when>
        <gx:coord>11.924353 51.346428 602.9857</gx:coord>
        <when>2026-01-01T00:25:17.0838220Z</when>
        <gx:coord>11.923786 51.34659 602.4781</gx:coord>
        <when>2026-01-01T00:25:20.3458220Z</when>
        <gx:coord>11.921669 51.34743 599.2625</gx:coord>
        <when>2026-01-01T00:25:21.0928220Z</when>
        <gx:coord>11.921669 51.34743 599.2625</gx:coord>
        <when>2026-01-01T00:25:25.3458220Z</when>
        <gx:coord>11.91922 51.348797 591.5396</gx:coord>
        <when>2026-01-01T00:25:27.0908220Z</when>
        <gx:coord>11.918763 51.349102 590.63464</gx:coord>
        <when>2026-01-01T00:25:30.3458220Z</when>
        <gx:coord>11.91703 51.350414 587.6404</gx:coord>
        <when>2026-01-01T00:25:35.3458220Z</when>
        <gx:coord>11.91503 51.352142 588.5743</gx:coord>
        <when>2026-01-01T00:25:40.3458220Z</when>
        <gx:coord>11.913111 51.353878 590.26416</gx:coord>
        <when>2026-01-01T00:25:45.3458220Z</when>
        <gx:coord>11.911271 51.35559 596.71674</gx:coord>
        <when>2026-01-01T00:25:50.3458220Z</when>
        <gx:coord>11.909477 51.357285 596.0597</gx:coord>
        <when>2026-01-01T00:25:51.0918220Z</when>
        <gx:coord>11.909477 51.357285 596.0597</gx:coord>
        <when>2026-01-01T00:25:52.0988220Z</when>
        <gx:coord>11.908803 51.35799 594.88916</gx:coord>
        <when>2026-01-01T00:25:55.3458220Z</when>
        <gx:coord>11.907889 51.35911 590.0787</gx:coord>
        <when>2026-01-01T00:25:58.0888220Z</when>
        <gx:coord>11.907371 51.359898 590.26</gx:coord>
        <when>2026-01-01T00:26:00.3458220Z</when>
        <gx:coord>11.90676 51.361115 592.4418</gx:coord>
        <when>2026-01-01T00:26:05.3458220Z</when>
        <gx:coord>11.905974 51.363167 591.126</gx:coord>
        <when>2026-01-01T00:26:10.3458220Z</when>
        <gx:coord>11.9051895 51.36525 587.7017</gx:coord>
        <when>2026-01-01T00:26:14.0878220Z</when>
        <gx:coord>11.90479 51.366524 584.73254</gx:coord>
        <when>2026-01-01T00:26:15.3458220Z</when>
        <gx:coord>11.90457 51.367382 583.97406</gx:coord>
        <when>2026-01-01T00:26:20.3458220Z</when>
        <gx:coord>11.903899 51.369503 584.86566</gx:coord>
        <when>2026-01-01T00:26:23.0878220Z</when>
        <gx:coord>11.903468 51.370323 582.45593</gx:coord>
        <when>2026-01-01T00:26:25.3458220Z</when>
        <gx:coord>11.902663 51.371532 579.43256</gx:coord>
        <when>2026-01-01T00:26:30.3458220Z</when>
        <gx:coord>11.901149 51.373528 578.2442</gx:coord>
        <when>2026-01-01T00:26:31.0918220Z</when>
        <gx:coord>11.900841 51.373917 578.2442</gx:coord>
        <when>2026-01-01T00:26:35.3458220Z</when>
        <gx:coord>11.89958 51.375443 582.81335</gx:coord>
        <when>2026-01-01T00:26:38.0888220Z</when>
        <gx:coord>11.898908 51.376175 584.7935</gx:coord>
        <when>2026-01-01T00:26:40.3458220Z</when>
        <gx:coord>11.897787 51.37722 586.01843</gx:coord>
        <when>2026-01-01T00:26:44.0888220Z</when>
        <gx:coord>11.896509 51.378193 583.96735</gx:coord>
        <when>2026-01-01T00:26:45.3458220Z</when>
        <gx:coord>11.8955765 51.378807 581.5207</gx:coord>
        <when>2026-01-01T00:26:50.3458220Z</when>
        <gx:coord>11.893179 51.38031 579.3791</gx:coord>
        <when>2026-01-01T00:26:55.3448220Z</when>
        <gx:coord>11.890794 51.381786 580.94135</gx:coord>
        <when>2026-01-01T00:27:00.3458220Z</when>
        <gx:coord>11.888376 51.383224 582.44885</gx:coord>
        <when>2026-01-01T00:27:05.3458220Z</when>
        <gx:coord>11.885909 51.384563 589.5726</gx:coord>
        <when>2026-01-01T00:27:08.0888220Z</when>
        <gx:coord>11.8848915 51.38506 589.0737</gx:coord>
        <when>2026-01-01T00:27:10.3458220Z</when>
        <gx:coord>11.883314 51.385773 587.3007</gx:coord>
        <when>2026-01-01T00:27:12.0948220Z</when>
        <gx:coord>11.8822365 51.386234 586.55865</gx:coord>
        <when>2026-01-01T00:27:15.3458220Z</when>
        <gx:coord>11.8805895 51.386925 585.1452</gx:coord>
        <when>2026-01-01T00:27:20.3458220Z</when>
        <gx:coord>11.877864 51.388054 593.7335</gx:coord>
        <when>2026-01-01T00:27:25.3458220Z</when>
        <gx:coord>11.875221 51.389122 601.75836</gx:coord>
        <when>2026-01-01T00:27:30.3448220Z</when>
        <gx:coord>11.872582 51.39018 600.92505</gx:coord>
        <when>2026-01-01T00:27:35.3448220Z</when>
        <gx:coord>11.869906 51.391205 604.2204</gx:coord>
        <when>2026-01-01T00:27:40.3448220Z</when>
        <gx:coord>11.867164 51.392143 603.0064</gx:coord>
        <when>2026-01-01T00:27:45.3448220Z</when>
        <gx:coord>11.864343 51.393066 600.85535</gx:coord>
        <when>2026-01-01T00:27:50.3448220Z</when>
        <gx:coord>11.861504 51.394005 601.9063</gx:coord>
        <when>2026-01-01T00:27:54.0918220Z</when>
        <gx:coord>11.859269 51.394768 604.10364</gx:coord>
        <when>2026-01-01T00:27:55.3448220Z</when>
        <gx:coord>11.858715 51.394955 605.1245</gx:coord>
        <when>2026-01-01T00:28:00.3448220Z</when>
        <gx:coord>11.855961 51.395885 606.6789</gx:coord>
        <when>2026-01-01T00:28:05.3448220Z</when>
        <gx:coord>11.853195 51.3968 607.8776</gx:coord>
        <when>2026-01-01T00:28:10.3448220Z</when>
        <gx:coord>11.850458 51.397747 610.7502</gx:coord>
        <when>2026-01-01T00:28:15.3448220Z</when>
        <gx:coord>11.847913 51.398857 615.2585</gx:coord>
        <when>2026-01-01T00:28:18.0878220Z</when>
        <gx:coord>11.847018 51.399395 616.6784</gx:coord>
        <when>2026-01-01T00:28:20.3448220Z</when>
        <gx:coord>11.845819 51.400295 618.6607</gx:coord>
        <when>2026-01-01T00:28:23.0878220Z</when>
        <gx:coord>11.845105 51.40094 618.49347</gx:coord>
        <when>2026-01-01T00:28:25.3448220Z</when>
        <gx:coord>11.84415 51.40198 617.14435</gx:coord>
        <when>2026-01-01T00:28:30.3448220Z</when>
        <gx:coord>11.84274 51.403843 612.88464</gx:coord>
        <when>2026-01-01T00:28:33.0878220Z</when>
        <gx:coord>11.842229 51.404617 611.5929</gx:coord>
        <when>2026-01-01T00:28:35.3448220Z</when>
        <gx:coord>11.841479 51.405796 611.77594</gx:coord>
        <when>2026-01-01T00:28:38.0898220Z</when>
        <gx:coord>11.840772 51.407 612.02545</gx:coord>
        <when>2026-01-01T00:28:40.3448220Z</when>
        <gx:coord>11.840325 51.407814 613.5797</gx:coord>
        <when>2026-01-01T00:28:45.3448220Z</when>
        <gx:coord>11.839242 51.40985 611.74884</gx:coord>
        <when>2026-01-01T00:28:50.3448220Z</when>
        <gx:coord>11.838206 51.411892 614.9287</gx:coord>
        <when>2026-01-01T00:28:55.3448220Z</when>
        <gx:coord>11.837241 51.41389 621.23047</gx:coord>
        <when>2026-01-01T00:29:00.3448220Z</when>
        <gx:coord>11.836375 51.415916 615.3898</gx:coord>
        <when>2026-01-01T00:29:05.0858220Z</when>
        <gx:coord>11.835727 51.417595 608.86414</gx:coord>
        <when>2026-01-01T00:29:05.3448220Z</when>
        <gx:coord>11.83561 51.418026 607.52356</gx:coord>
        <when>2026-01-01T00:29:09.0888220Z</when>
        <gx:coord>11.835452 51.419353 605.6737</gx:coord>
        <when>2026-01-01T00:29:10.3448220Z</when>
        <gx:coord>11.83551 51.420246 605.22766</gx:coord>
        <when>2026-01-01T00:29:13.0888220Z</when>
        <gx:coord>11.835701 51.421135 604.65845</gx:coord>
        <when>2026-01-01T00:29:15.3448220Z</when>
        <gx:coord>11.83619 51.422455 603.48914</gx:coord>
        <when>2026-01-01T00:29:18.0918220Z</when>
        <gx:coord>11.836822 51.42376 602.1733</gx:coord>
        <when>2026-01-01T00:29:20.3448220Z</when>
        <gx:coord>11.837257 51.424633 599.8495</gx:coord>
        <when>2026-01-01T00:29:25.3448220Z</when>
        <gx:coord>11.838354 51.426807 596.95184</gx:coord>
        <when>2026-01-01T00:29:30.3448220Z</when>
        <gx:coord>11.839502 51.42896 598.4555</gx:coord>
        <when>2026-01-01T00:29:35.3448220Z</when>
        <gx:coord>11.840647 51.431118 591.18915</gx:coord>
        <when>2026-01-01T00:29:36.0858220Z</when>
        <gx:coord>11.840647 51.431118 591.18915</gx:coord>
        <when>2026-01-01T00:29:38.0828220Z</when>
        <gx:coord>11.8412075 51.431976 589.51874</gx:coord>
        <when>2026-01-01T00:29:40.3448220Z</when>
        <gx:coord>11.842189 51.433228 589.2999</gx:coord>
        <when>2026-01-01T00:29:44.0848220Z</when>
        <gx:coord>11.843305 51.434433 588.43164</gx:coord>
        <when>2026-01-01T00:29:45.3448220Z</when>
        <gx:coord>11.844112 51.43521 587.91504</gx:coord>
        <when>2026-01-01T00:29:50.3448220Z</when>
        <gx:coord>11.846272 51.4371 585.951</gx:coord>
        <when>2026-01-01T00:29:55.0808220Z</when>
        <gx:coord>11.848556 51.438915 584.9811</gx:coord>
        <when>2026-01-01T00:29:55.3448220Z</when>
        <gx:coord>11.848556 51.438915 585.06226</gx:coord>
        <when>2026-01-01T00:29:59.0868220Z</when>
        <gx:coord>11.850014 51.43997 583.6077</gx:coord>
        <when>2026-01-01T00:30:00.3448220Z</when>
        <gx:coord>11.851039 51.440643 583.0452</gx:coord>
        <when>2026-01-01T00:30:05.3448220Z</when>
        <gx:coord>11.853679 51.44228 581.1389</gx:coord>
        <when>2026-01-01T00:30:10.3448220Z</when>
        <gx:coord>11.856317 51.443874 585.3605</gx:coord>
        <when>2026-01-01T00:30:15.3448220Z</when>
        <gx:coord>11.858887 51.44545 591.8755</gx:coord>
        <when>2026-01-01T00:30:20.3448220Z</when>
        <gx:coord>11.861379 51.447033 594.8724</gx:coord>
        <when>2026-01-01T00:30:25.3448220Z</when>
        <gx:coord>11.863817 51.44862 600.3005</gx:coord>
        <when>2026-01-01T00:30:30.3448220Z</when>
        <gx:coord>11.86622 51.450195 602.7251</gx:coord>
        <when>2026-01-01T00:30:33.0968220Z</when>
        <gx:coord>11.867653 51.45113 605.44525</gx:coord>
        <when>2026-01-01T00:30:35.3448220Z</when>
        <gx:coord>11.868608 51.45174 607.235</gx:coord>
        <when>2026-01-01T00:30:40.3438220Z</when>
        <gx:coord>11.871141 51.453217 603.42224</gx:coord>
        <when>2026-01-01T00:30:45.3448220Z</when>
        <gx:coord>11.873834 51.45466 600.35114</gx:coord>
        <when>2026-01-01T00:30:50.3448220Z</when>
        <gx:coord>11.876563 51.45611 599.6276</gx:coord>
        <when>2026-01-01T00:30:55.3448220Z</when>
        <gx:coord>11.879284 51.457565 601.27655</gx:coord>
        <when>2026-01-01T00:31:00.3448220Z</when>
        <gx:coord>11.881985 51.458996 605.3814</gx:coord>
        <when>2026-01-01T00:31:05.3448220Z</when>
        <gx:coord>11.884666 51.460426 602.8876</gx:coord>
        <when>2026-01-01T00:31:10.3448220Z</when>
        <gx:coord>11.887341 51.461914 600.5795</gx:coord>
        <when>2026-01-01T00:31:11.0928220Z</when>
        <gx:coord>11.887865 51.46222 600.5795</gx:coord>
        <when>2026-01-01T00:31:15.3448220Z</when>
        <gx:coord>11.8899355 51.46346 602.7924</gx:coord>
        <when>2026-01-01T00:31:20.3438220Z</when>
        <gx:coord>11.8924885 51.465004 605.04987</gx:coord>
        <when>2026-01-01T00:31:25.3438220Z</when>
        <gx:coord>11.895042 51.466537 605.7763</gx:coord>
        <when>2026-01-01T00:31:30.3438220Z</when>
        <gx:coord>11.897562 51.468094 605.8928</gx:coord>
        <when>2026-01-01T00:31:35.3438220Z</when>
        <gx:coord>11.900012 51.469715 602.03723</gx:coord>
        <when>2026-01-01T00:31:40.3438220Z</when>
        <gx:coord>11.902529 51.471333 602.6732</gx:coord>
        <when>2026-01-01T00:31:45.3438220Z</when>
        <gx:coord>11.905142 51.4729 603.01514</gx:coord>
        <when>2026-01-01T00:31:49.1008220Z</when>
        <gx:coord>11.907334 51.474106 603.7002</gx:coord>
        <when>2026-01-01T00:31:50.3438220Z</when>
        <gx:coord>11.90789 51.4744 603.44507</gx:coord>
        <when>2026-01-01T00:31:55.3438220Z</when>
        <gx:coord>11.910657 51.475883 605.4061</gx:coord>
        <when>2026-01-01T00:32:00.3438220Z</when>
        <gx:coord>11.913439 51.47733 605.97797</gx:coord>
        <when>2026-01-01T00:32:05.3438220Z</when>
        <gx:coord>11.916257 51.47874 604.0244</gx:coord>
        <when>2026-01-01T00:32:10.3438220Z</when>
        <gx:coord>11.919117 51.480164 600.52277</gx:coord>
        <when>2026-01-01T00:32:15.3438220Z</when>
        <gx:coord>11.921996 51.48157 601.46625</gx:coord>
        <when>2026-01-01T00:32:20.3438220Z</when>
        <gx:coord>11.924823 51.48296 606.0492</gx:coord>
        <when>2026-01-01T00:32:22.0918220Z</when>
        <gx:coord>11.925385 51.483227 606.92065</gx:coord>
        <when>2026-01-01T00:32:25.3438220Z</when>
        <gx:coord>11.927646 51.48428 607.8621</gx:coord>
        <when>2026-01-01T00:32:26.0918220Z</when>
        <gx:coord>11.928218 51.484535 607.8621</gx:coord>
        <when>2026-01-01T00:32:30.3438220Z</when>
        <gx:coord>11.930527 51.485565 601.9745</gx:coord>
        <when>2026-01-01T00:32:35.3438220Z</when>
        <gx:coord>11.933326 51.486973 603.573</gx:coord>
        <when>2026-01-01T00:32:39.0868220Z</when>
        <gx:coord>11.93484 51.487915 607.96405</gx:coord>
        <when>2026-01-01T00:32:40.3438220Z</when>
        <gx:coord>11.935769 51.488583 610.0938</gx:coord>
        <when>2026-01-01T00:32:45.0878220Z</when>
        <gx:coord>11.9374275 51.49002 613.30585</gx:coord>
        <when>2026-01-01T00:32:45.3438220Z</when>
        <gx:coord>11.937804 51.4904 613.52893</gx:coord>
        <when>2026-01-01T00:32:50.3438220Z</when>
        <gx:coord>11.939504 51.49238 609.21545</gx:coord>
        <when>2026-01-01T00:32:55.3438220Z</when>
        <gx:coord>11.941182 51.494423 603.68085</gx:coord>
        <when>2026-01-01T00:33:00.3438220Z</when>
        <gx:coord>11.942859 51.496468 608.84985</gx:coord>
        <when>2026-01-01T00:33:04.0888220Z</when>
        <gx:coord>11.944164 51.49806 612.615</gx:coord>
        <when>2026-01-01T00:33:05.3438220Z</when>
        <gx:coord>11.944488 51.49845 614.34155</gx:coord>
        <when>2026-01-01T00:33:10.3438220Z</when>
        <gx:coord>11.946033 51.500443 612.016</gx:coord>
        <when>2026-01-01T00:33:15.3438220Z</when>
        <gx:coord>11.947455 51.502495 608.691</gx:coord>
        <when>2026-01-01T00:33:16.0868220Z</when>
        <gx:coord>11.947455 51.502495 608.691</gx:coord>
        <when>2026-01-01T00:33:20.3438220Z</when>
        <gx:coord>11.948684 51.504593 610.1308</gx:coord>
        <when>2026-01-01T00:33:25.3438220Z</when>
        <gx:coord>11.949786 51.50671 608.6994</gx:coord>
        <when>2026-01-01T00:33:30.3438220Z</when>
        <gx:coord>11.95096 51.508785 611.58374</gx:coord>
        <when>2026-01-01T00:33:35.3438220Z</when>
        <gx:coord>11.9522085 51.51086 612.76416</gx:coord>
        <when>2026-01-01T00:33:40.3438220Z</when>
        <gx:coord>11.953373 51.51298 614.6694</gx:coord>
        <when>2026-01-01T00:33:42.0928220Z</when>
        <gx:coord>11.953809 51.51384 615.11456</gx:coord>
        <when>2026-01-01T00:33:45.3438220Z</when>
        <gx:coord>11.954451 51.515133 616.6368</gx:coord>
        <when>2026-01-01T00:33:50.3438220Z</when>
        <gx:coord>11.955488 51.517315 613.7669</gx:coord>
        <when>2026-01-01T00:33:55.3438220Z</when>
        <gx:coord>11.95643 51.51955 616.1164</gx:coord>
        <when>2026-01-01T00:34:00.3438220Z</when>
        <gx:coord>11.9573145 51.521797 618.6329</gx:coord>
        <when>2026-01-01T00:34:02.0898220Z</when>
        <gx:coord>11.957468 51.522243 618.7332</gx:coord>
        <when>2026-01-01T00:34:05.3438220Z</when>
        <gx:coord>11.9578905 51.52405 615.0225</gx:coord>
        <when>2026-01-01T00:34:09.0848220Z</when>
        <gx:coord>11.957997 51.52543 616.018</gx:coord>
        <when>2026-01-01T00:34:10.0898220Z</when>
        <gx:coord>11.957992 51.52589 617.42395</gx:coord>
        <when>2026-01-01T00:34:10.3438220Z</when>
        <gx:coord>11.957969 51.526352 618.68567</gx:coord>
        <when>2026-01-01T00:34:15.3438220Z</when>
        <gx:coord>11.957617 51.52865 625.6134</gx:coord>
        <when>2026-01-01T00:34:18.0868220Z</when>
        <gx:coord>11.957267 51.530003 630.26605</gx:coord>
        <when>2026-01-01T00:34:19.0948220Z</when>
        <gx:coord>11.957133 51.53045 630.26605</gx:coord>
        <when>2026-01-01T00:34:20.3438220Z</when>
        <gx:coord>11.956992 51.5309 632.0788</gx:coord>
        <when>2026-01-01T00:34:21.0878220Z</when>
        <gx:coord>11.956992 51.5309 632.0788</gx:coord>
        <when>2026-01-01T00:34:25.3438220Z</when>
        <gx:coord>11.956152 51.533108 634.4949</gx:coord>
        <when>2026-01-01T00:34:30.0858220Z</when>
        <gx:coord>11.955207 51.534813 634.0662</gx:coord>
        <when>2026-01-01T00:34:30.3438220Z</when>
        <gx:coord>11.9549265 51.53523 632.7671</gx:coord>
        <when>2026-01-01T00:34:35.3438220Z</when>
        <gx:coord>11.953396 51.53729 631.3639</gx:coord>
        <when>2026-01-01T00:34:40.3438220Z</when>
        <gx:coord>11.951745 51.539337 624.0478</gx:coord>
        <when>2026-01-01T00:34:42.0908220Z</when>
        <gx:coord>11.9513645 51.53973 622.9722</gx:coord>
        <when>2026-01-01T00:34:45.3438220Z</when>
        <gx:coord>11.949611 51.54119 621.3155</gx:coord>
        <when>2026-01-01T00:34:47.0888220Z</when>
        <gx:coord>11.949119 51.541527 620.7043</gx:coord>
        <when>2026-01-01T00:34:50.3438220Z</when>
        <gx:coord>11.947024 51.542767 619.6657</gx:coord>
        <when>2026-01-01T00:34:55.3438220Z</when>
        <gx:coord>11.944259 51.54421 614.2056</gx:coord>
        <when>2026-01-01T00:34:57.0918220Z</when>
        <gx:coord>11.943152 51.54478 614.3292</gx:coord>
        <when>2026-01-01T00:35:00.3438220Z</when>
        <gx:coord>11.9415245 51.54563 618.11334</gx:coord>
        <when>2026-01-01T00:35:05.3438220Z</when>
        <gx:coord>11.938925 51.547054 622.98083</gx:coord>
        <when>2026-01-01T00:35:10.3438220Z</when>
        <gx:coord>11.936339 51.54843 623.5855</gx:coord>
        <when>2026-01-01T00:35:15.3438220Z</when>
        <gx:coord>11.933703 51.549747 621.3433</gx:coord>
        <when>2026-01-01T00:35:20.3438220Z</when>
        <gx:coord>11.931015 51.55106 619.091</gx:coord>
        <when>2026-01-01T00:35:25.3438220Z</when>
        <gx:coord>11.928366 51.55246 619.13495</gx:coord>
        <when>2026-01-01T00:35:30.3438220Z</when>
        <gx:coord>11.925708 51.55389 619.8284</gx:coord>
        <when>2026-01-01T00:35:35.3438220Z</when>
        <gx:coord>11.923084 51.55534 624.7066</gx:coord>
        <when>2026-01-01T00:35:36.0898220Z</when>
        <gx:coord>11.922562 51.555634 624.7066</gx:coord>
        <when>2026-01-01T00:35:40.3438220Z</when>
        <gx:coord>11.920478 51.556805 625.5259</gx:coord>
        <when>2026-01-01T00:35:45.3438220Z</when>
        <gx:coord>11.917839 51.55822 625.4542</gx:coord>
        <when>2026-01-01T00:35:50.3438220Z</when>
        <gx:coord>11.915164 51.55962 623.8952</gx:coord>
        <when>2026-01-01T00:35:55.3438220Z</when>
        <gx:coord>11.912474 51.56109 617.54675</gx:coord>
        <when>2026-01-01T00:36:00.3438220Z</when>
        <gx:coord>11.909704 51.56254 614.64716</gx:coord>
        <when>2026-01-01T00:36:04.0838220Z</when>
        <gx:coord>11.907964 51.56336 609.87006</gx:coord>
        <when>2026-01-01T00:36:05.3678220Z</when>
        <gx:coord>11.906771 51.56389 608.3669</gx:coord>
        <when>2026-01-01T00:36:10.3438220Z</when>
        <gx:coord>11.903798 51.56517 613.08093</gx:coord>
        <when>2026-01-01T00:36:14.0938220Z</when>
        <gx:coord>11.9014845 51.56618 615.2927</gx:coord>
        <when>2026-01-01T00:36:15.3438220Z</when>
        <gx:coord>11.900909 51.566433 614.8839</gx:coord>
        <when>2026-01-01T00:36:20.3438220Z</when>
        <gx:coord>11.898064 51.56772 613.04736</gx:coord>
        <when>2026-01-01T00:36:25.3438220Z</when>
        <gx:coord>11.895253 51.56904 613.03577</gx:coord>
        <when>2026-01-01T00:36:30.3438220Z</when>
        <gx:coord>11.89246 51.57036 613.88684</gx:coord>
        <when>2026-01-01T00:36:35.3438220Z</when>
        <gx:coord>11.889784 51.57174 615.9238</gx:coord>
        <when>2026-01-01T00:36:40.3438220Z</when>
        <gx:coord>11.886879 51.572876 613.7846</gx:coord>
        <when>2026-01-01T00:36:41.0918220Z</when>
        <gx:coord>11.886879 51.572876 613.7846</gx:coord>
        <when>2026-01-01T00:36:44.0888220Z</when>
        <gx:coord>11.884937 51.57328 614.0843</gx:coord>
        <when>2026-01-01T00:36:45.3438220Z</when>
        <gx:coord>11.883601 51.573425 612.6313</gx:coord>
        <when>2026-01-01T00:36:50.3438220Z</when>
        <gx:coord>11.8802185 51.57357 610.4165</gx:coord>
        <when>2026-01-01T00:36:53.0878220Z</when>
        <gx:coord>11.878863 51.573616 610.8503</gx:coord>
        <when>2026-01-01T00:36:54.0828220Z</when>
        <gx:coord>11.877521 51.573658 611.84906</gx:coord>
        <when>2026-01-01T00:36:55.0868220Z</when>
        <gx:coord>11.877521 51.573658 614.0265</gx:coord>
        <when>2026-01-01T00:36:55.3438220Z</when>
        <gx:coord>11.876858 51.573677 615.77924</gx:coord>
        <when>2026-01-01T00:37:00.3438220Z</when>
        <gx:coord>11.873658 51.573795 631.0288</gx:coord>
        <when>2026-01-01T00:37:05.3438220Z</when>
        <gx:coord>11.870612 51.573925 641.4689</gx:coord>
        <when>2026-01-01T00:37:10.3438220Z</when>
        <gx:coord>11.867621 51.574047 651.1956</gx:coord>
        <when>2026-01-01T00:37:13.0858220Z</when>
        <gx:coord>11.866441 51.574093 654.8875</gx:coord>
        <when>2026-01-01T00:37:15.0878220Z</when>
        <gx:coord>11.86468 51.574177 660.92303</gx:coord>
        <when>2026-01-01T00:37:15.3438220Z</when>
        <gx:coord>11.86468 51.574177 660.92303</gx:coord>
        <when>2026-01-01T00:37:20.3438220Z</when>
        <gx:coord>11.861735 51.57432 666.2968</gx:coord>
        <when>2026-01-01T00:37:25.3438220Z</when>
        <gx:coord>11.858666 51.574413 661.81384</gx:coord>
        <when>2026-01-01T00:37:30.0918220Z</when>
        <gx:coord>11.856076 51.574505 655.97156</gx:coord>
        <when>2026-01-01T00:37:30.3438220Z</when>
        <gx:coord>11.8554125 51.574528 654.062</gx:coord>
        <when>2026-01-01T00:37:35.3438220Z</when>
        <gx:coord>11.852001 51.574657 644.4345</gx:coord>
        <when>2026-01-01T00:37:37.0928220Z</when>
        <gx:coord>11.850594 51.574703 642.00037</gx:coord>
        <when>2026-01-01T00:37:40.3438220Z</when>
        <gx:coord>11.848473 51.574768 642.9537</gx:coord>
        <when>2026-01-01T00:37:45.3438220Z</when>
        <gx:coord>11.844957 51.57489 646.393</gx:coord>
        <when>2026-01-01T00:37:50.3438220Z</when>
        <gx:coord>11.841486 51.57504 652.78284</gx:coord>
        <when>2026-01-01T00:37:55.3438220Z</when>
        <gx:coord>11.838049 51.575222 653.4056</gx:coord>
        <when>2026-01-01T00:38:00.3438220Z</when>
        <gx:coord>11.834613 51.57541 655.72253</gx:coord>
        <when>2026-01-01T00:38:05.3438220Z</when>
        <gx:coord>11.831183 51.575615 656.0532</gx:coord>
        <when>2026-01-01T00:38:10.3428220Z</when>
        <gx:coord>11.8277235 51.57587 651.8581</gx:coord>
        <when>2026-01-01T00:38:15.3428220Z</when>
        <gx:coord>11.824229 51.576214 652.7008</gx:coord>
        <when>2026-01-01T00:38:16.0948220Z</when>
        <gx:coord>11.823527 51.576283 652.7008</gx:coord>
        <when>2026-01-01T00:38:20.3428220Z</when>
        <gx:coord>11.8207035 51.576546 651.01</gx:coord>
        <when>2026-01-01T00:38:25.3428220Z</when>
        <gx:coord>11.817148 51.576843 648.9266</gx:coord>
        <when>2026-01-01T00:38:30.3428220Z</when>
        <gx:coord>11.813551 51.577106 644.24133</gx:coord>
        <when>2026-01-01T00:38:35.3428220Z</when>
        <gx:coord>11.80991 51.577404 642.01874</gx:coord>
        <when>2026-01-01T00:38:40.3428220Z</when>
        <gx:coord>11.806261 51.577724 640.3256</gx:coord>
        <when>2026-01-01T00:38:45.3428220Z</when>
        <gx:coord>11.802641 51.578053 645.10754</gx:coord>
        <when>2026-01-01T00:38:47.0908220Z</when>
        <gx:coord>11.801942 51.578156 647.7305</gx:coord>
        <when>2026-01-01T00:38:50.0928220Z</when>
        <gx:coord>11.7999525 51.578594 653.5774</gx:coord>
        <when>2026-01-01T00:38:50.3428220Z</when>
        <gx:coord>11.799331 51.578793 654.4964</gx:coord>
        <when>2026-01-01T00:38:53.0888220Z</when>
        <gx:coord>11.798162 51.579258 654.60535</gx:coord>
        <when>2026-01-01T00:38:54.0968220Z</when>
        <gx:coord>11.797114 51.57983 654.3567</gx:coord>
        <when>2026-01-01T00:38:55.3428220Z</when>
        <gx:coord>11.796644 51.580154 653.5753</gx:coord>
        <when>2026-01-01T00:38:56.0898220Z</when>
        <gx:coord>11.796644 51.580154 653.5753</gx:coord>
        <when>2026-01-01T00:38:59.0898220Z</when>
        <gx:coord>11.795494 51.581245 654.4936</gx:coord>
        <when>2026-01-01T00:39:00.3428220Z</when>
        <gx:coord>11.794974 51.58205 655.41266</gx:coord>
        <when>2026-01-01T00:39:02.0948220Z</when>
        <gx:coord>11.794797 51.58247 655.51154</gx:coord>
        <when>2026-01-01T00:39:05.0868220Z</when>
        <gx:coord>11.794563 51.58377 653.33246</gx:coord>
        <when>2026-01-01T00:39:05.3428220Z</when>
        <gx:coord>11.794583 51.58421 653.2477</gx:coord>
        <when>2026-01-01T00:39:08.0848220Z</when>
        <gx:coord>11.794794 51.585083 654.0093</gx:coord>
        <when>2026-01-01T00:39:10.3428220Z</when>
        <gx:coord>11.795532 51.586327 654.225</gx:coord>
        <when>2026-01-01T00:39:11.0878220Z</when>
        <gx:coord>11.795532 51.586327 654.225</gx:coord>
        <when>2026-01-01T00:39:14.0888220Z</when>
        <gx:coord>11.796752 51.58743 653.402</gx:coord>
        <when>2026-01-01T00:39:15.3428220Z</when>
        <gx:coord>11.797825 51.588047 651.9962</gx:coord>
        <when>2026-01-01T00:39:17.0898220Z</when>
        <gx:coord>11.798425 51.588318 651.1359</gx:coord>
        <when>2026-01-01T00:39:18.0878220Z</when>
        <gx:coord>11.799061 51.588554 650.5115</gx:coord>
        <when>2026-01-01T00:39:20.0898220Z</when>
        <gx:coord>11.800413 51.588936 651.8301</gx:coord>
        <when>2026-01-01T00:39:20.3428220Z</when>
        <gx:coord>11.801119 51.58908 652.50433</gx:coord>
        <when>2026-01-01T00:39:23.0918220Z</when>
        <gx:coord>11.80257 51.589275 654.0238</gx:coord>
        <when>2026-01-01T00:39:25.3428220Z</when>
        <gx:coord>11.804778 51.589325 657.8629</gx:coord>
        <when>2026-01-01T00:39:26.0918220Z</when>
        <gx:coord>11.804778 51.589325 657.8629</gx:coord>
        <when>2026-01-01T00:39:29.0918220Z</when>
        <gx:coord>11.80693 51.58907 660.31354</gx:coord>
        <when>2026-01-01T00:39:30.3428220Z</when>
        <gx:coord>11.808281 51.588753 661.69556</gx:coord>
        <when>2026-01-01T00:39:32.0858220Z</when>
        <gx:coord>11.808924 51.588547 661.9379</gx:coord>
        <when>2026-01-01T00:39:35.0888220Z</when>
        <gx:coord>11.810695 51.58775 656.143</gx:coord>
        <when>2026-01-01T00:39:35.3428220Z</when>
        <gx:coord>11.811219 51.58743 654.73944</gx:coord>
        <when>2026-01-01T00:39:38.0898220Z</when>
        <gx:coord>11.812121 51.586704 654.22644</gx:coord>
        <when>2026-01-01T00:39:40.3428220Z</when>
        <gx:coord>11.813077 51.585484 655.8391</gx:coord>
        <when>2026-01-01T00:39:41.0878220Z</when>
        <gx:coord>11.813077 51.585484 655.8391</gx:coord>
        <when>2026-01-01T00:39:43.0918220Z</when>
        <gx:coord>11.8134165 51.584614 655.6624</gx:coord>
        <when>2026-01-01T00:39:45.3428220Z</when>
        <gx:coord>11.813474 51.583282 655.78656</gx:coord>
        <when>2026-01-01T00:39:46.0908220Z</when>
        <gx:coord>11.813474 51.583282 655.78656</gx:coord>
        <when>2026-01-01T00:39:49.0888220Z</when>
        <gx:coord>11.81304 51.581997 657.94653</gx:coord>
        <when>2026-01-01T00:39:50.3428220Z</when>
        <gx:coord>11.812509 51.581196 659.61096</gx:coord>
        <when>2026-01-01T00:39:52.0918220Z</when>
        <gx:coord>11.81218 51.58082 660.2204</gx:coord>
        <when>2026-01-01T00:39:55.0998220Z</when>
        <gx:coord>11.810954 51.57978 660.59644</gx:coord>
        <when>2026-01-01T00:39:55.3428220Z</when>
        <gx:coord>11.8104725 51.57947 660.39856</gx:coord>
        <when>2026-01-01T00:39:58.0898220Z</when>
        <gx:coord>11.809421 51.578915 659.53217</gx:coord>
        <when>2026-01-01T00:40:00.3428220Z</when>
        <gx:coord>11.80765 51.57824 659.52167</gx:coord>
        <when>2026-01-01T00:40:02.0888220Z</when>
        <gx:coord>11.80702 51.578056 659.01044</gx:coord>
        <when>2026-01-01T00:40:05.0978220Z</when>
        <gx:coord>11.805026 51.57766 656.9594</gx:coord>
        <when>2026-01-01T00:40:05.3428220Z</when>
        <gx:coord>11.804333 51.577587 656.6227</gx:coord>
        <when>2026-01-01T00:40:08.0908220Z</when>
        <gx:coord>11.802934 51.577534 656.8333</gx:coord>
        <when>2026-01-01T00:40:10.3428220Z</when>
        <gx:coord>11.800837 51.577625 655.7891</gx:coord>
        <when>2026-01-01T00:40:15.3428220Z</when>
        <gx:coord>11.797312 51.577896 654.8598</gx:coord>
        <when>2026-01-01T00:40:17.0888220Z</when>
        <gx:coord>11.796614 51.577984 655.75586</gx:coord>
        <when>2026-01-01T00:40:20.0928220Z</when>
        <gx:coord>11.7946205 51.578415 663.6375</gx:coord>
        <when>2026-01-01T00:40:20.3428220Z</when>
        <gx:coord>11.794015 51.578625 666.5317</gx:coord>
        <when>2026-01-01T00:40:23.0898220Z</when>
        <gx:coord>11.792903 51.57912 669.95636</gx:coord>
        <when>2026-01-01T00:40:25.3428220Z</when>
        <gx:coord>11.791511 51.580063 671.4478</gx:coord>
        <when>2026-01-01T00:40:26.0898220Z</when>
        <gx:coord>11.791511 51.580063 671.4478</gx:coord>
        <when>2026-01-01T00:40:29.0868220Z</when>
        <gx:coord>11.79047 51.581165 673.8676</gx:coord>
        <when>2026-01-01T00:40:30.3418220Z</when>
        <gx:coord>11.790018 51.58197 676.3932</gx:coord>
        <when>2026-01-01T00:40:32.0918220Z</when>
        <gx:coord>11.789865 51.582386 677.3601</gx:coord>
        <when>2026-01-01T00:40:35.0918220Z</when>
        <gx:coord>11.789741 51.583664 679.68225</gx:coord>
        <when>2026-01-01T00:40:35.3428220Z</when>
        <gx:coord>11.789805 51.584087 680.54706</gx:coord>
        <when>2026-01-01T00:40:38.0918220Z</when>
        <gx:coord>11.790086 51.58493 679.736</gx:coord>
        <when>2026-01-01T00:40:40.3428220Z</when>
        <gx:coord>11.790899 51.586143 674.9553</gx:coord>
        <when>2026-01-01T00:40:41.0898220Z</when>
        <gx:coord>11.790899 51.586143 674.9553</gx:coord>
        <when>2026-01-01T00:40:44.0908220Z</when>
        <gx:coord>11.7921505 51.58724 670.46783</gx:coord>
        <when>2026-01-01T00:40:45.3428220Z</when>
        <gx:coord>11.793216 51.587868 668.38513</gx:coord>
        <when>2026-01-01T00:40:47.0908220Z</when>
        <gx:coord>11.793801 51.58815 667.2379</gx:coord>
        <when>2026-01-01T00:40:50.0898220Z</when>
        <gx:coord>11.795765 51.58883 662.30273</gx:coord>
        <when>2026-01-01T00:40:50.3428220Z</when>
        <gx:coord>11.796476 51.588997 659.1067</gx:coord>
        <when>2026-01-01T00:40:53.0908220Z</when>
        <gx:coord>11.797966 51.589256 655.5894</gx:coord>
        <when>2026-01-01T00:40:55.3428220Z</when>
        <gx:coord>11.800293 51.589447 649.31335</gx:coord>
        <when>2026-01-01T00:40:59.0908220Z</when>
        <gx:coord>11.802686 51.589523 643.40485</gx:coord>
        <when>2026-01-01T00:41:00.3428220Z</when>
        <gx:coord>11.804298 51.589485 642.4332</gx:coord>
        <when>2026-01-01T00:41:05.3428220Z</when>
        <gx:coord>11.808296 51.58918 635.2784</gx:coord>
        <when>2026-01-01T00:41:06.0988220Z</when>
        <gx:coord>11.808296 51.58918 635.2784</gx:coord>
        <when>2026-01-01T00:41:08.0908220Z</when>
        <gx:coord>11.810747 51.58901 629.4612</gx:coord>
        <when>2026-01-01T00:41:10.3428220Z</when>
        <gx:coord>11.812397 51.588947 628.1296</gx:coord>
        <when>2026-01-01T00:41:15.3428220Z</when>
        <gx:coord>11.816453 51.588997 634.51794</gx:coord>
        <when>2026-01-01T00:41:19.0938220Z</when>
        <gx:coord>11.819626 51.58912 637.1302</gx:coord>
        <when>2026-01-01T00:41:20.3428220Z</when>
        <gx:coord>11.820411 51.58915 639.00085</gx:coord>
        <when>2026-01-01T00:41:25.3428220Z</when>
        <gx:coord>11.824311 51.589237 641.56116</gx:coord>
        <when>2026-01-01T00:41:30.3428220Z</when>
        <gx:coord>11.828179 51.589195 642.557</gx:coord>
        <when>2026-01-01T00:41:35.3428220Z</when>
        <gx:coord>11.832029 51.589157 643.7487</gx:coord>
        <when>2026-01-01T00:41:40.3428220Z</when>
        <gx:coord>11.8358555 51.58917 645.66595</gx:coord>
        <when>2026-01-01T00:41:45.3428220Z</when>
        <gx:coord>11.839667 51.58927 645.8528</gx:coord>
        <when>2026-01-01T00:41:50.3428220Z</when>
        <gx:coord>11.843434 51.58944 651.1301</gx:coord>
        <when>2026-01-01T00:41:54.0918220Z</when>
        <gx:coord>11.846409 51.58955 653.86017</gx:coord>
        <when>2026-01-01T00:41:55.0798220Z</when>
        <gx:coord>11.846409 51.58955 654.5141</gx:coord>
        <when>2026-01-01T00:41:55.3428220Z</when>
        <gx:coord>11.847149 51.589577 655.0748</gx:coord>
        <when>2026-01-01T00:42:00.3428220Z</when>
        <gx:coord>11.850858 51.589695 654.5948</gx:coord>
        <when>2026-01-01T00:42:05.3428220Z</when>
        <gx:coord>11.854602 51.58974 652.87225</gx:coord>
        <when>2026-01-01T00:42:10.3428220Z</when>
        <gx:coord>11.858371 51.58978 651.784</gx:coord>
        <when>2026-01-01T00:42:15.3428220Z</when>
        <gx:coord>11.862161 51.589878 651.3483</gx:coord>
        <when>2026-01-01T00:42:19.0918220Z</when>
        <gx:coord>11.864423 51.590004 653.14215</gx:coord>
        <when>2026-01-01T00:42:20.3428220Z</when>
        <gx:coord>11.8659 51.59022 651.8675</gx:coord>
        <when>2026-01-01T00:42:22.0878220Z</when>
        <gx:coord>11.866618 51.59039 650.7798</gx:coord>
        <when>2026-01-01T00:42:24.0938220Z</when>
        <gx:coord>11.867949 51.59087 650.03656</gx:coord>
        <when>2026-01-01T00:42:25.3428220Z</when>
        <gx:coord>11.869092 51.59152 648.5636</gx:coord>
        <when>2026-01-01T00:42:26.0918220Z</when>
        <gx:coord>11.869092 51.59152 648.5636</gx:coord>
        <when>2026-01-01T00:42:28.0878220Z</when>
        <gx:coord>11.869991 51.5923 647.03125</gx:coord>
        <when>2026-01-01T00:42:30.0918220Z</when>
        <gx:coord>11.870619 51.59319 642.2974</gx:coord>
        <when>2026-01-01T00:42:30.3428220Z</when>
        <gx:coord>11.870817 51.593662 639.6781</gx:coord>
        <when>2026-01-01T00:42:32.0878220Z</when>
        <gx:coord>11.870928 51.594147 637.6154</gx:coord>
        <when>2026-01-01T00:42:33.0938220Z</when>
        <gx:coord>11.870956 51.594635 637.6317</gx:coord>
        <when>2026-01-01T00:42:35.0838220Z</when>
        <gx:coord>11.870751 51.59559 639.85114</gx:coord>
        <when>2026-01-01T00:42:35.3428220Z</when>
        <gx:coord>11.870516 51.59603 642.42865</gx:coord>
        <when>2026-01-01T00:42:37.0898220Z</when>
        <gx:coord>11.870202 51.59645 644.573</gx:coord>
        <when>2026-01-01T00:42:39.0848220Z</when>
        <gx:coord>11.869377 51.597187 648.0503</gx:coord>
        <when>2026-01-01T00:42:40.3428220Z</when>
        <gx:coord>11.868336 51.59779 649.0084</gx:coord>
        <when>2026-01-01T00:42:41.0898220Z</when>
        <gx:coord>11.868336 51.59779 649.0084</gx:coord>
        <when>2026-01-01T00:42:43.0898220Z</when>
        <gx:coord>11.867111 51.59821 649.5742</gx:coord>
        <when>2026-01-01T00:42:45.0868220Z</when>
        <gx:coord>11.865787 51.598446 649.73285</gx:coord>
        <when>2026-01-01T00:42:45.3428220Z</when>
        <gx:coord>11.865106 51.59849 649.55</gx:coord>
        <when>2026-01-01T00:42:47.0868220Z</when>
        <gx:coord>11.864424 51.598484 649.6459</gx:coord>
        <when>2026-01-01T00:42:49.0888220Z</when>
        <gx:coord>11.863099 51.59832 649.7521</gx:coord>
        <when>2026-01-01T00:42:50.3428220Z</when>
        <gx:coord>11.861884 51.59797 649.3526</gx:coord>
        <when>2026-01-01T00:42:51.0918220Z</when>
        <gx:coord>11.861884 51.59797 649.3526</gx:coord>
        <when>2026-01-01T00:42:53.0888220Z</when>
        <gx:coord>11.860839 51.597446 648.1572</gx:coord>
        <when>2026-01-01T00:42:55.0908220Z</when>
        <gx:coord>11.860031 51.596764 646.65234</gx:coord>
        <when>2026-01-01T00:42:55.3428220Z</when>
        <gx:coord>11.859732 51.596382 646.09375</gx:coord>
        <when>2026-01-01T00:42:57.0918220Z</when>
        <gx:coord>11.8595085 51.595978 645.66846</gx:coord>
        <when>2026-01-01T00:42:59.0898220Z</when>
        <gx:coord>11.85931 51.59512 646.1116</gx:coord>
        <when>2026-01-01T00:43:00.3418220Z</when>
        <gx:coord>11.859436 51.594257 647.6338</gx:coord>
        <when>2026-01-01T00:43:01.0898220Z</when>
        <gx:coord>11.859436 51.594257 647.6338</gx:coord>
        <when>2026-01-01T00:43:03.0898220Z</when>
        <gx:coord>11.859884 51.593426 648.37634</gx:coord>
        <when>2026-01-01T00:43:05.0908220Z</when>
        <gx:coord>11.8606415 51.592678 649.36383</gx:coord>
        <when>2026-01-01T00:43:05.3428220Z</when>
        <gx:coord>11.861115 51.592342 649.1235</gx:coord>
        <when>2026-01-01T00:43:07.0918220Z</when>
        <gx:coord>11.861645 51.592033 649.17175</gx:coord>
        <when>2026-01-01T00:43:09.0938220Z</when>
        <gx:coord>11.862865 51.591537 647.6813</gx:coord>
        <when>2026-01-01T00:43:10.3428220Z</when>
        <gx:coord>11.864253 51.591194 645.4227</gx:coord>
        <when>2026-01-01T00:43:11.0918220Z</when>
        <gx:coord>11.864253 51.591194 645.4227</gx:coord>
        <when>2026-01-01T00:43:13.0858220Z</when>
        <gx:coord>11.865743 51.591022 642.6152</gx:coord>
        <when>2026-01-01T00:43:15.3428220Z</when>
        <gx:coord>11.86806 51.591007 634.90936</gx:coord>
        <when>2026-01-01T00:43:20.3428220Z</when>
        <gx:coord>11.87196 51.591045 639.64624</gx:coord>
        <when>2026-01-01T00:43:22.0948220Z</when>
        <gx:coord>11.873487 51.59103 640.7975</gx:coord>
        <when>2026-01-01T00:43:25.3428220Z</when>
        <gx:coord>11.875715 51.59083 647.4204</gx:coord>
        <when>2026-01-01T00:43:26.0898220Z</when>
        <gx:coord>11.875715 51.59083 647.4204</gx:coord>
        <when>2026-01-01T00:43:29.0888220Z</when>
        <gx:coord>11.877778 51.590355 648.6272</gx:coord>
        <when>2026-01-01T00:43:30.3428220Z</when>
        <gx:coord>11.879032 51.589893 648.5613</gx:coord>
        <when>2026-01-01T00:43:32.0858220Z</when>
        <gx:coord>11.8796215 51.58963 648.8478</gx:coord>
        <when>2026-01-01T00:43:35.3428220Z</when>
        <gx:coord>11.881762 51.588432 650.2883</gx:coord>
        <when>2026-01-01T00:43:40.3428220Z</when>
        <gx:coord>11.884229 51.586838 649.4788</gx:coord>
        <when>2026-01-01T00:43:45.3428220Z</when>
        <gx:coord>11.886736 51.58524 649.6696</gx:coord>
        <when>2026-01-01T00:43:50.3428220Z</when>
        <gx:coord>11.8893175 51.583694 650.77844</gx:coord>
        <when>2026-01-01T00:43:55.3428220Z</when>
        <gx:coord>11.892063 51.582253 646.3149</gx:coord>
        <when>2026-01-01T00:44:00.0858220Z</when>
        <gx:coord>11.89505 51.58095 641.4653</gx:coord>
        <when>2026-01-01T00:44:00.3418220Z</when>
        <gx:coord>11.89505 51.58095 639.992</gx:coord>
        <when>2026-01-01T00:44:05.3448220Z</when>
        <gx:coord>11.898155 51.579678 626.8134</gx:coord>
        <when>2026-01-01T00:44:10.3428220Z</when>
        <gx:coord>11.901187 51.578217 614.19305</gx:coord>
        <when>2026-01-01T00:44:15.3418220Z</when>
        <gx:coord>11.904096 51.57669 612.12164</gx:coord>
        <when>2026-01-01T00:44:20.3428220Z</when>
        <gx:coord>11.90695 51.575172 606.9583</gx:coord>
        <when>2026-01-01T00:44:25.0868220Z</when>
        <gx:coord>11.909756 51.573654 597.8201</gx:coord>
        <when>2026-01-01T00:44:25.3428220Z</when>
        <gx:coord>11.909756 51.573654 597.8201</gx:coord>
        <when>2026-01-01T00:44:30.3428220Z</when>
        <gx:coord>11.912531 51.572075 587.3058</gx:coord>
        <when>2026-01-01T00:44:35.3428220Z</when>
        <gx:coord>11.915222 51.570446 579.3131</gx:coord>
        <when>2026-01-01T00:44:36.0918220Z</when>
        <gx:coord>11.915752 51.570114 579.3131</gx:coord>
        <when>2026-01-01T00:44:40.3428220Z</when>
        <gx:coord>11.91784 51.56878 571.9026</gx:coord>
        <when>2026-01-01T00:44:44.0878220Z</when>
        <gx:coord>11.919389 51.56778 569.4053</gx:coord>
        <when>2026-01-01T00:44:45.3428220Z</when>
        <gx:coord>11.920413 51.567112 567.6053</gx:coord>
        <when>2026-01-01T00:44:46.0908220Z</when>
        <gx:coord>11.92092 51.56678 566.48785</gx:coord>
        <when>2026-01-01T00:44:50.3428220Z</when>
        <gx:coord>11.922898 51.565414 560.44055</gx:coord>
        <when>2026-01-01T00:44:55.3428220Z</when>
        <gx:coord>11.9252825 51.563663 554.58746</gx:coord>
        <when>2026-01-01T00:45:00.3418220Z</when>
        <gx:coord>11.927669 51.56192 547.1712</gx:coord>
        <when>2026-01-01T00:45:05.3418220Z</when>
        <gx:coord>11.93001 51.56018 546.8217</gx:coord>
        <when>2026-01-01T00:45:10.3418220Z</when>
        <gx:coord>11.932326 51.558506 548.3469</gx:coord>
        <when>2026-01-01T00:45:13.0918220Z</when>
        <gx:coord>11.933752 51.557533 549.3349</gx:coord>
        <when>2026-01-01T00:45:15.3418220Z</when>
        <gx:coord>11.934731 51.556908 549.3544</gx:coord>
        <when>2026-01-01T00:45:20.3418220Z</when>
        <gx:coord>11.937223 51.55537 545.5466</gx:coord>
        <when>2026-01-01T00:45:25.3418220Z</when>
        <gx:coord>11.939847 51.553913 539.17957</gx:coord>
        <when>2026-01-01T00:45:27.0858220Z</when>
        <gx:coord>11.940406 51.55364 537.1913</gx:coord>
        <when>2026-01-01T00:45:27.0858220Z</when>
        <gx:coord>11.940976 51.55337 535.65924</gx:coord>
        <when>2026-01-01T00:45:30.3418220Z</when>
        <gx:coord>11.942696 51.552544 529.70245</gx:coord>
        <when>2026-01-01T00:45:35.3418220Z</when>
        <gx:coord>11.945551 51.551147 524.2582</gx:coord>
        <when>2026-01-01T00:45:40.3418220Z</when>
        <gx:coord>11.948243 51.549717 524.0971</gx:coord>
        <when>2026-01-01T00:45:45.3408220Z</when>
        <gx:coord>11.950679 51.548206 521.9659</gx:coord>
        <when>2026-01-01T00:45:49.0938220Z</when>
        <gx:coord>11.952085 51.547283 518.6507</gx:coord>
        <when>2026-01-01T00:45:50.3418220Z</when>
        <gx:coord>11.952993 51.546658 517.1742</gx:coord>
        <when>2026-01-01T00:45:52.0948220Z</when>
        <gx:coord>11.953892 51.54603 516.69073</gx:coord>
        <when>2026-01-01T00:45:55.3418220Z</when>
        <gx:coord>11.955209 51.545067 512.23566</gx:coord>
        <when>2026-01-01T00:46:00.3418220Z</when>
        <gx:coord>11.957338 51.543446 506.25134</gx:coord>
        <when>2026-01-01T00:46:01.0888220Z</when>
        <gx:coord>11.957743 51.543114 504.66092</gx:coord>
        <when>2026-01-01T00:46:05.3418220Z</when>
        <gx:coord>11.95933 51.54177 499.55362</gx:coord>
        <when>2026-01-01T00:46:06.0858220Z</when>
        <gx:coord>11.95933 51.54177 499.55362</gx:coord>
        <when>2026-01-01T00:46:10.3418220Z</when>
        <gx:coord>11.961244 51.54007 495.2945</gx:coord>
        <when>2026-01-01T00:46:13.0858220Z</when>
        <gx:coord>11.961974 51.539368 491.39612</gx:coord>
        <when>2026-01-01T00:46:15.3418220Z</when>
        <gx:coord>11.96306 51.538296 486.1156</gx:coord>
        <when>2026-01-01T00:46:19.0858220Z</when>
        <gx:coord>11.964522 51.53683 474.1009</gx:coord>
        <when>2026-01-01T00:46:20.3418220Z</when>
        <gx:coord>11.964886 51.536453 471.9722</gx:coord>
        <when>2026-01-01T00:46:25.3418220Z</when>
        <gx:coord>11.966725 51.534546 460.53525</gx:coord>
        <when>2026-01-01T00:46:30.3418220Z</when>
        <gx:coord>11.968644 51.53269 458.59036</gx:coord>
        <when>2026-01-01T00:46:32.0918220Z</when>
        <gx:coord>11.969411 51.531956 458.4844</gx:coord>
        <when>2026-01-01T00:46:35.3418220Z</when>
        <gx:coord>11.970586 51.53089 458.7968</gx:coord>
        <when>2026-01-01T00:46:40.3418220Z</when>
        <gx:coord>11.972707 51.52924 458.96838</gx:coord>
        <when>2026-01-01T00:46:42.0858220Z</when>
        <gx:coord>11.973156 51.528927 459.03238</gx:coord>
        <when>2026-01-01T00:46:45.3418220Z</when>
        <gx:coord>11.975068 51.527752 458.5452</gx:coord>
        <when>2026-01-01T00:46:49.0888220Z</when>
        <gx:coord>11.976629 51.526955 458.2429</gx:coord>
        <when>2026-01-01T00:46:50.3418220Z</when>
        <gx:coord>11.977718 51.526463 458.85876</gx:coord>
        <when>2026-01-01T00:46:55.3418220Z</when>
        <gx:coord>11.980522 51.525295 457.44418</gx:coord>
        <when>2026-01-01T00:47:00.3418220Z</when>
        <gx:coord>11.983292 51.524105 453.07108</gx:coord>
        <when>2026-01-01T00:47:05.3418220Z</when>
        <gx:coord>11.985992 51.522984 458.5878</gx:coord>
        <when>2026-01-01T00:47:10.3418220Z</when>
        <gx:coord>11.988661 51.52198 459.59436</gx:coord>
        <when>2026-01-01T00:47:13.0928220Z</when>
        <gx:coord>11.990284 51.521427 458.29178</gx:coord>
        <when>2026-01-01T00:47:15.3418220Z</when>
        <gx:coord>11.9913645 51.521065 456.55768</gx:coord>
        <when>2026-01-01T00:47:20.3418220Z</when>
        <gx:coord>11.994035 51.520145 457.23013</gx:coord>
        <when>2026-01-01T00:47:25.3418220Z</when>
        <gx:coord>11.996648 51.519215 456.69827</gx:coord>
        <when>2026-01-01T00:47:30.3418220Z</when>
        <gx:coord>11.999304 51.518265 452.4824</gx:coord>
        <when>2026-01-01T00:47:35.3418220Z</when>
        <gx:coord>12.00207 51.51732 450.48645</gx:coord>
        <when>2026-01-01T00:47:40.3418220Z</when>
        <gx:coord>12.004885 51.516323 453.19772</gx:coord>
        <when>2026-01-01T00:47:45.3418220Z</when>
        <gx:coord>12.007659 51.515285 452.53445</gx:coord>
        <when>2026-01-01T00:47:49.0908220Z</when>
        <gx:coord>12.009391 51.514713 449.28995</gx:coord>
        <when>2026-01-01T00:47:50.3418220Z</when>
        <gx:coord>12.010599 51.51437 447.03156</gx:coord>
        <when>2026-01-01T00:47:55.3418220Z</when>
        <gx:coord>12.013756 51.513687 445.29697</gx:coord>
        <when>2026-01-01T00:47:56.0908220Z</when>
        <gx:coord>12.014402 51.51357 445.29697</gx:coord>
        <when>2026-01-01T00:47:57.0858220Z</when>
        <gx:coord>12.014402 51.51357 443.6223</gx:coord>
        <when>2026-01-01T00:47:57.0858220Z</when>
        <gx:coord>12.015054 51.51346 441.648</gx:coord>
        <when>2026-01-01T00:48:00.3408220Z</when>
        <gx:coord>12.017033 51.513138 437.06583</gx:coord>
        <when>2026-01-01T00:48:05.3418220Z</when>
        <gx:coord>12.020427 51.51281 433.67188</gx:coord>
        <when>2026-01-01T00:48:06.0888220Z</when>
        <gx:coord>12.020427 51.51281 433.67188</gx:coord>
        <when>2026-01-01T00:48:10.3418220Z</when>
        <gx:coord>12.023876 51.51277 431.1617</gx:coord>
        <when>2026-01-01T00:48:15.3418220Z</when>
        <gx:coord>12.02731 51.512905 425.27835</gx:coord>
        <when>2026-01-01T00:48:16.0848220Z</when>
        <gx:coord>12.02731 51.512905 425.27835</gx:coord>
        <when>2026-01-01T00:48:20.3418220Z</when>
        <gx:coord>12.030725 51.513256 421.48486</gx:coord>
        <when>2026-01-01T00:48:22.0898220Z</when>
        <gx:coord>12.031393 51.51337 421.66193</gx:coord>
        <when>2026-01-01T00:48:25.3408220Z</when>
        <gx:coord>12.033924 51.514008 424.85483</gx:coord>
        <when>2026-01-01T00:48:26.0898220Z</when>
        <gx:coord>12.033924 51.514008 424.85483</gx:coord>
        <when>2026-01-01T00:48:30.0858220Z</when>
        <gx:coord>12.03611 51.51495 428.14066</gx:coord>
        <when>2026-01-01T00:48:30.3418220Z</when>
        <gx:coord>12.036595 51.515224 427.39893</gx:coord>
        <when>2026-01-01T00:48:33.0868220Z</when>
        <gx:coord>12.037487 51.51583 423.07587</gx:coord>
        <when>2026-01-01T00:48:35.3418220Z</when>
        <gx:coord>12.038608 51.51687 417.84348</gx:coord>
        <when>2026-01-01T00:48:38.0908220Z</when>
        <gx:coord>12.039254 51.517612 414.1354</gx:coord>
        <when>2026-01-01T00:48:40.0928220Z</when>
        <gx:coord>12.040171 51.518753 412.02728</gx:coord>
        <when>2026-01-01T00:48:40.0928220Z</when>
        <gx:coord>12.040171 51.518753 410.97266</gx:coord>
        <when>2026-01-01T00:48:40.3418220Z</when>
        <gx:coord>12.040171 51.518753 410.97266</gx:coord>
        <when>2026-01-01T00:48:45.3418220Z</when>
        <gx:coord>12.04156 51.520702 406.3553</gx:coord>
        <when>2026-01-01T00:48:47.0858220Z</when>
        <gx:coord>12.041775 51.521103 406.78806</gx:coord>
        <when>2026-01-01T00:48:50.3418220Z</when>
        <gx:coord>12.042407 51.522747 402.9294</gx:coord>
        <when>2026-01-01T00:48:52.0888220Z</when>
        <gx:coord>12.042503 51.523163 402.56735</gx:coord>
        <when>2026-01-01T00:48:55.3408220Z</when>
        <gx:coord>12.0426855 51.52483 397.2296</gx:coord>
        <when>2026-01-01T00:48:56.0858220Z</when>
        <gx:coord>12.0426855 51.52483 397.2296</gx:coord>
        <when>2026-01-01T00:49:00.3408220Z</when>
        <gx:coord>12.042398 51.526897 390.06476</gx:coord>
        <when>2026-01-01T00:49:04.0848220Z</when>
        <gx:coord>12.042065 51.52815 385.1717</gx:coord>
        <when>2026-01-01T00:49:05.3408220Z</when>
        <gx:coord>12.04172 51.528957 385.2472</gx:coord>
        <when>2026-01-01T00:49:09.0998220Z</when>
        <gx:coord>12.040842 51.530525 379.41364</gx:coord>
        <when>2026-01-01T00:49:10.3408220Z</when>
        <gx:coord>12.04058 51.53091 378.3953</gx:coord>
        <when>2026-01-01T00:49:11.1018220Z</when>
        <gx:coord>12.04058 51.53091 378.3953</gx:coord>
        <when>2026-01-01T00:49:15.3408220Z</when>
        <gx:coord>12.039036 51.532764 371.76324</gx:coord>
        <when>2026-01-01T00:49:18.0998220Z</when>
        <gx:coord>12.038321 51.533478 371.03064</gx:coord>
        <when>2026-01-01T00:49:20.3408220Z</when>
        <gx:coord>12.037121 51.534462 369.616</gx:coord>
        <when>2026-01-01T00:49:23.0898220Z</when>
        <gx:coord>12.036271 51.53504 369.1296</gx:coord>
        <when>2026-01-01T00:49:23.0958220Z</when>
        <gx:coord>12.0358305 51.535305 369.1296</gx:coord>
        <when>2026-01-01T00:49:25.3408220Z</when>
        <gx:coord>12.034917 51.535786 366.79684</gx:coord>
        <when>2026-01-01T00:49:26.1048220Z</when>
        <gx:coord>12.034917 51.535786 366.79684</gx:coord>
        <when>2026-01-01T00:49:27.0918220Z</when>
        <gx:coord>12.034444 51.535995 366.70688</gx:coord>
        <when>2026-01-01T00:49:30.3408220Z</when>
        <gx:coord>12.03245 51.536625 369.7333</gx:coord>
        <when>2026-01-01T00:49:31.0848220Z</when>
        <gx:coord>12.03245 51.536625 369.7333</gx:coord>
        <when>2026-01-01T00:49:35.3408220Z</when>
        <gx:coord>12.029928 51.5373 369.9989</gx:coord>
        <when>2026-01-01T00:49:40.3408220Z</when>
        <gx:coord>12.027443 51.538017 371.11786</gx:coord>
        <when>2026-01-01T00:49:45.3408220Z</when>
        <gx:coord>12.025017 51.538815 373.23492</gx:coord>
        <when>2026-01-01T00:49:50.3408220Z</when>
        <gx:coord>12.022615 51.539608 374.08728</gx:coord>
        <when>2026-01-01T00:49:55.3408220Z</when>
        <gx:coord>12.020178 51.540363 371.64685</gx:coord>
        <when>2026-01-01T00:50:00.3408220Z</when>
        <gx:coord>12.017741 51.54116 367.38663</gx:coord>
        <when>2026-01-01T00:50:05.3408220Z</when>
        <gx:coord>12.015279 51.541946 362.33057</gx:coord>
        <when>2026-01-01T00:50:10.3408220Z</when>
        <gx:coord>12.012769 51.54268 357.3028</gx:coord>
        <when>2026-01-01T00:50:12.0918220Z</when>
        <gx:coord>12.011764 51.542973 356.9624</gx:coord>
        <when>2026-01-01T00:50:15.3408220Z</when>
        <gx:coord>12.010278 51.54344 356.0246</gx:coord>
        <when>2026-01-01T00:50:20.3408220Z</when>
        <gx:coord>12.007859 51.544243 356.23044</gx:coord>
        <when>2026-01-01T00:50:22.0848220Z</when>
        <gx:coord>12.007394 51.54441 356.78183</gx:coord>
        <when>2026-01-01T00:50:25.1078220Z</when>
        <gx:coord>12.00616 51.545036 360.82166</gx:coord>
        <when>2026-01-01T00:50:25.3408220Z</when>
        <gx:coord>12.005824 51.545296 361.72107</gx:coord>
        <when>2026-01-01T00:50:27.0908220Z</when>
        <gx:coord>12.005532 51.54557 361.95596</gx:coord>
        <when>2026-01-01T00:50:30.0998220Z</when>
        <gx:coord>12.004876 51.546497 358.72272</gx:coord>
        <when>2026-01-01T00:50:30.3408220Z</when>
        <gx:coord>12.004723 51.54683 357.4552</gx:coord>
        <when>2026-01-01T00:50:34.1018220Z</when>
        <gx:coord>12.004445 51.54787 353.25217</gx:coord>
        <when>2026-01-01T00:50:35.3408220Z</when>
        <gx:coord>12.004347 51.54858 349.15976</gx:coord>
        <when>2026-01-01T00:50:36.1008220Z</when>
        <gx:coord>12.004313 51.548935 347.7005</gx:coord>
        <when>2026-01-01T00:50:39.1038220Z</when>
        <gx:coord>12.004297 51.54965 346.0065</gx:coord>
        <when>2026-01-01T00:50:40.3408220Z</when>
        <gx:coord>12.004385 51.55035 344.6579</gx:coord>
        <when>2026-01-01T00:50:44.0838220Z</when>
        <gx:coord>12.004675 51.551388 340.02353</gx:coord>
        <when>2026-01-01T00:50:45.3398220Z</when>
        <gx:coord>12.004963 51.55207 335.65338</gx:coord>
        <when>2026-01-01T00:50:50.0878220Z</when>
        <gx:coord>12.005745 51.55341 325.73666</gx:coord>
        <when>2026-01-01T00:50:50.3408220Z</when>
        <gx:coord>12.0059805 51.553738 324.10867</gx:coord>
        <when>2026-01-01T00:50:55.3408220Z</when>
        <gx:coord>12.007168 51.5553 321.10638</gx:coord>
        <when>2026-01-01T00:50:58.0878220Z</when>
        <gx:coord>12.0079 51.5562 317.1641</gx:coord>
        <when>2026-01-01T00:51:00.3408220Z</when>
        <gx:coord>12.008385 51.556805 312.9255</gx:coord>
        <when>2026-01-01T00:51:05.3408220Z</when>
        <gx:coord>12.009571 51.558342 307.1025</gx:coord>
        <when>2026-01-01T00:51:10.0938220Z</when>
        <gx:coord>12.010808 51.559807 305.16623</gx:coord>
        <when>2026-01-01T00:51:10.3398220Z</when>
        <gx:coord>12.010808 51.559807 304.68713</gx:coord>
        <when>2026-01-01T00:51:13.0868220Z</when>
        <gx:coord>12.0113535 51.560364 303.42065</gx:coord>
        <when>2026-01-01T00:51:15.3408220Z</when>
        <gx:coord>12.0123625 51.561108 301.91895</gx:coord>
        <when>2026-01-01T00:51:16.0888220Z</when>
        <gx:coord>12.0123625 51.561108 301.91895</gx:coord>
        <when>2026-01-01T00:51:19.0878220Z</when>
        <gx:coord>12.013632 51.561695 299.5347</gx:coord>
        <when>2026-01-01T00:51:20.3408220Z</when>
        <gx:coord>12.014594 51.561974 298.08298</gx:coord>
        <when>2026-01-01T00:51:22.0968220Z</when>
        <gx:coord>12.0151005 51.562077 297.14136</gx:coord>
        <when>2026-01-01T00:51:25.0958220Z</when>
        <gx:coord>12.016677 51.56227 292.49045</gx:coord>
        <when>2026-01-01T00:51:25.3408220Z</when>
        <gx:coord>12.017217 51.56228 291.28012</gx:coord>
        <when>2026-01-01T00:51:28.0928220Z</when>
        <gx:coord>12.018278 51.56221 288.92252</gx:coord>
        <when>2026-01-01T00:51:28.0928220Z</when>
        <gx:coord>12.0188 51.562134 286.67795</gx:coord>
        <when>2026-01-01T00:51:30.3408220Z</when>
        <gx:coord>12.019829 51.561935 281.92883</gx:coord>
        <when>2026-01-01T00:51:33.0868220Z</when>
        <gx:coord>12.020854 51.56169 276.10648</gx:coord>
        <when>2026-01-01T00:51:35.3398220Z</when>
        <gx:coord>12.022368 51.56128 269.7986</gx:coord>
        <when>2026-01-01T00:51:40.3398220Z</when>
        <gx:coord>12.024911 51.560596 257.76022</gx:coord>
        <when>2026-01-01T00:51:41.0888220Z</when>
        <gx:coord>12.025421 51.560455 255.00233</gx:coord>
        <when>2026-01-01T00:51:45.3408220Z</when>
        <gx:coord>12.027469 51.55989 243.2504</gx:coord>
        <when>2026-01-01T00:51:50.3408220Z</when>
        <gx:coord>12.0300255 51.55917 228.0321</gx:coord>
        <when>2026-01-01T00:51:52.0868220Z</when>
        <gx:coord>12.031036 51.55888 222.08762</gx:coord>
        <when>2026-01-01T00:51:55.3398220Z</when>
        <gx:coord>12.032537 51.558453 211.95744</gx:coord>
        <when>2026-01-01T00:52:00.3408220Z</when>
        <gx:coord>12.034948 51.557762 198.00421</gx:coord>
        <when>2026-01-01T00:52:02.0848220Z</when>
        <gx:coord>12.035414 51.557625 195.8795</gx:coord>
        <when>2026-01-01T00:52:03.0818220Z</when>
        <gx:coord>12.036325 51.557354 190.38217</gx:coord>
        <when>2026-01-01T00:52:05.0948220Z</when>
        <gx:coord>12.0372305 51.557087 187.30307</gx:coord>
        <when>2026-01-01T00:52:05.3408220Z</when>
        <gx:coord>12.0372305 51.557087 183.86017</gx:coord>
        <when>2026-01-01T00:52:10.3408220Z</when>
        <gx:coord>12.039479 51.556446 167.66382</gx:coord>
        <when>2026-01-01T00:52:13.0888220Z</when>
        <gx:coord>12.040818 51.556057 158.14879</gx:coord>
        <when>2026-01-01T00:52:15.3408220Z</when>
        <gx:coord>12.041692 51.55581 151.98756</gx:coord>
        <when>2026-01-01T00:52:20.3408220Z</when>
        <gx:coord>12.043823 51.55521 138.34883</gx:coord>
        <when>2026-01-01T00:52:24.0868220Z</when>
        <gx:coord>12.04554 51.554718 127.07782</gx:coord>
        <when>2026-01-01T00:52:25.3408220Z</when>
        <gx:coord>12.045975 51.554592 124.310646</gx:coord>
        <when>2026-01-01T00:52:30.3408220Z</when>
        <gx:coord>12.048145 51.55397 114.290665</gx:coord>
        <when>2026-01-01T00:52:33.0918220Z</when>
        <gx:coord>12.048954 51.553745 113.12218</gx:coord>
        <when>2026-01-01T00:52:35.3408220Z</when>
        <gx:coord>12.050083 51.553425 112.04309</gx:coord>
        <when>2026-01-01T00:52:40.0888220Z</when>
        <gx:coord>12.0514555 51.55304 110.64168</gx:coord>
        <when>2026-01-01T00:52:40.3408220Z</when>
        <gx:coord>12.051774 51.552948 110.39323</gx:coord>
        <when>2026-01-01T00:52:45.3408220Z</when>
        <gx:coord>12.053248 51.552536 109.55936</gx:coord>
        <when>2026-01-01T00:52:48.0908220Z</when>
        <gx:coord>12.053779 51.552395 109.2831</gx:coord>
        <when>2026-01-01T00:52:50.3408220Z</when>
        <gx:coord>12.054442 51.552216 108.87175</gx:coord>
        <when>2026-01-01T00:52:53.0898220Z</when>
        <gx:coord>12.054804 51.552113 108.71598</gx:coord>
        <when>2026-01-01T00:52:55.3408220Z</when>
        <gx:coord>12.055241 51.551987 108.58401</gx:coord>
        <when>2026-01-01T00:52:58.0878220Z</when>
        <gx:coord>12.055472 51.55192 108.51637</gx:coord>
        <when>2026-01-01T00:53:00.0868220Z</when>
        <gx:coord>12.055633 51.551872 108.45823</gx:coord>
        <when>2026-01-01T00:53:00.3408220Z</when>
        <gx:coord>12.055686 51.55184 108.437775</gx:coord>
        <when>2026-01-01T00:53:02.0888220Z</when>
        <gx:coord>12.055727 51.551807 108.36597</gx:coord>
        <when>2026-01-01T00:53:03.0898220Z</when>
        <gx:coord>12.055756 51.551773 108.2722</gx:coord>
        <when>2026-01-01T00:53:04.0918220Z</when>
        <gx:coord>12.055772 51.55173 108.205536</gx:coord>
        <when>2026-01-01T00:53:05.3408220Z</when>
        <gx:coord>12.055775 51.551636 108.037926</gx:coord>
        <when>2026-01-01T00:53:06.0918220Z</when>
        <gx:coord>12.055775 51.551636 108.037926</gx:coord>
        <when>2026-01-01T00:53:08.0878220Z</when>
        <gx:coord>12.055731 51.551537 107.999756</gx:coord>
        <when>2026-01-01T00:53:10.3408220Z</when>
        <gx:coord>12.055642 51.55142 107.93467</gx:coord>
        <when>2026-01-01T00:53:15.3408220Z</when>
        <gx:coord>12.055568 51.551292 107.913574</gx:coord>
        <when>2026-01-01T00:53:17.0858220Z</when>
        <gx:coord>12.055559 51.551273 107.87404</gx:coord>
        <when>2026-01-01T00:53:17.1028220Z</when>
        <gx:coord>12.055552 51.551254 107.84478</gx:coord>
        <when>2026-01-01T00:53:20.3408220Z</when>
        <gx:coord>12.055525 51.55121 107.741005</gx:coord>
        <when>2026-01-01T00:53:25.3408220Z</when>
        <gx:coord>12.05542 51.55108 107.531296</gx:coord>
        <when>2026-01-01T00:53:30.3408220Z</when>
        <gx:coord>12.055303 51.550934 107.45231</gx:coord>
        <when>2026-01-01T00:53:34.0888220Z</when>
        <gx:coord>12.055276 51.550854 107.42459</gx:coord>
        <when>2026-01-01T00:53:35.0898220Z</when>
        <gx:coord>12.0552845 51.550823 107.45029</gx:coord>
        <when>2026-01-01T00:53:35.3398220Z</when>
        <gx:coord>12.055302 51.550793 107.433655</gx:coord>
        <when>2026-01-01T00:53:36.0928220Z</when>
        <gx:coord>12.055302 51.550793 107.433655</gx:coord>
        <when>2026-01-01T00:53:37.0908220Z</when>
        <gx:coord>12.055329 51.550762 107.45588</gx:coord>
        <when>2026-01-01T00:53:38.0918220Z</when>
        <gx:coord>12.055367 51.550735 107.47995</gx:coord>
        <when>2026-01-01T00:53:40.0918220Z</when>
        <gx:coord>12.055479 51.55069 107.34745</gx:coord>
        <when>2026-01-01T00:53:40.3408220Z</when>
        <gx:coord>12.055552 51.550667 107.29513</gx:coord>
        <when>2026-01-01T00:53:45.3398220Z</when>
        <gx:coord>12.055952 51.550568 107.34063</gx:coord>
        <when>2026-01-01T00:53:50.3398220Z</when>
        <gx:coord>12.056284 51.550476 107.35464</gx:coord>
        <when>2026-01-01T00:53:55.3398220Z</when>
        <gx:coord>12.056591 51.550385 107.30431</gx:coord>
        <when>2026-01-01T00:54:00.3398220Z</when>
        <gx:coord>12.056925 51.550293 107.444756</gx:coord>
        <when>2026-01-01T00:54:05.3398220Z</when>
        <gx:coord>12.057308 51.550186 107.36231</gx:coord>
        <when>2026-01-01T00:54:10.3398220Z</when>
        <gx:coord>12.057664 51.550087 107.38765</gx:coord>
        <when>2026-01-01T00:54:15.3398220Z</when>
        <gx:coord>12.057949 51.550003 107.3511</gx:coord>
        <when>2026-01-01T00:54:18.0988220Z</when>
        <gx:coord>12.058037 51.549957 107.25019</gx:coord>
        <when>2026-01-01T00:54:20.0948220Z</when>
        <gx:coord>12.058092 51.5499 107.26103</gx:coord>
        <when>2026-01-01T00:54:20.3398220Z</when>
        <gx:coord>12.058101 51.549866 107.28969</gx:coord>
        <when>2026-01-01T00:54:21.0908220Z</when>
        <gx:coord>12.058101 51.549866 107.28969</gx:coord>
        <when>2026-01-01T00:54:23.0888220Z</when>
        <gx:coord>12.058093 51.549786 107.35059</gx:coord>
        <when>2026-01-01T00:54:25.3398220Z</when>
        <gx:coord>12.058039 51.549644 107.32259</gx:coord>
        <when>2026-01-01T00:54:30.3398220Z</when>
        <gx:coord>12.057927 51.549397 107.22916</gx:coord>
        <when>2026-01-01T00:54:35.3398220Z</when>
        <gx:coord>12.057842 51.54919 107.227356</gx:coord>
        <when>2026-01-01T00:54:38.0918220Z</when>
        <gx:coord>12.057852 51.549137 107.17207</gx:coord>
        <when>2026-01-01T00:54:39.0898220Z</when>
        <gx:coord>12.057873 51.549107 107.07002</gx:coord>
        <when>2026-01-01T00:54:40.0878220Z</when>
        <gx:coord>12.057902 51.549084 107.07477</gx:coord>
        <when>2026-01-01T00:54:40.3398220Z</when>
        <gx:coord>12.057941 51.54907 107.09013</gx:coord>
        <when>2026-01-01T00:54:41.0888220Z</when>
        <gx:coord>12.057941 51.54907 107.09013</gx:coord>
        <when>2026-01-01T00:54:42.0898220Z</when>
        <gx:coord>12.057991 51.549053 107.12588</gx:coord>
        <when>2026-01-01T00:54:45.0888220Z</when>
        <gx:coord>12.058176 51.549026 107.29636</gx:coord>
        <when>2026-01-01T00:54:45.3398220Z</when>
        <gx:coord>12.058242 51.54902 107.34395</gx:coord>
        <when>2026-01-01T00:54:50.3398220Z</when>
        <gx:coord>12.058634 51.548954 107.515274</gx:coord>
        <when>2026-01-01T00:54:55.3398220Z</when>
        <gx:coord>12.059085 51.548885 107.69882</gx:coord>
        <when>2026-01-01T00:55:00.3398220Z</when>
        <gx:coord>12.059432 51.548832 108.09494</gx:coord>
        <when>2026-01-01T00:55:05.0898220Z</when>
        <gx:coord>12.059649 51.548794 108.23155</gx:coord>
        <when>2026-01-01T00:55:05.3398220Z</when>
        <gx:coord>12.059676 51.548782 108.26684</gx:coord>
        <when>2026-01-01T00:55:06.0908220Z</when>
        <gx:coord>12.059676 51.548782 108.26684</gx:coord>
        <when>2026-01-01T00:55:07.0898220Z</when>
        <gx:coord>12.059694 51.548763 108.3092</gx:coord>
        <when>2026-01-01T00:55:08.0898220Z</when>
        <gx:coord>12.059708 51.54874 108.31672</gx:coord>
        <when>2026-01-01T00:55:09.0968220Z</when>
        <gx:coord>12.059711 51.548717 108.263405</gx:coord>
        <when>2026-01-01T00:55:10.3398220Z</when>
        <gx:coord>12.05969 51.54865 108.33199</gx:coord>
        <when>2026-01-01T00:55:11.0918220Z</when>
        <gx:coord>12.05969 51.54865 108.33199</gx:coord>
        <when>2026-01-01T00:55:15.3398220Z</when>
        <gx:coord>12.059603 51.548466 108.27166</gx:coord>
        <when>2026-01-01T00:55:20.3398220Z</when>
        <gx:coord>12.059527 51.548275 108.3419</gx:coord>
        <when>2026-01-01T00:55:25.0948220Z</when>
        <gx:coord>12.0595 51.548187 108.41464</gx:coord>
        <when>2026-01-01T00:55:25.3398220Z</when>
        <gx:coord>12.059508 51.548172 108.44377</gx:coord>
        <when>2026-01-01T00:55:26.0888220Z</when>
        <gx:coord>12.059508 51.548172 108.44377</gx:coord>
        <when>2026-01-01T00:55:27.0888220Z</when>
        <gx:coord>12.059525 51.548153 108.476555</gx:coord>
        <when>2026-01-01T00:55:28.0938220Z</when>
        <gx:coord>12.059549 51.54814 108.49919</gx:coord>
        <when>2026-01-01T00:55:29.0878220Z</when>
        <gx:coord>12.059586 51.54813 108.56891</gx:coord>
        <when>2026-01-01T00:55:30.0888220Z</when>
        <gx:coord>12.059632 51.548122 108.64873</gx:coord>
        <when>2026-01-01T00:55:30.3398220Z</when>
        <gx:coord>12.059683 51.54812 108.73301</gx:coord>
        <when>2026-01-01T00:55:32.0918220Z</when>
        <gx:coord>12.059793 51.548107 108.84634</gx:coord>
        <when>2026-01-01T00:55:35.3398220Z</when>
        <gx:coord>12.059988 51.54808 109.05212</gx:coord>
        <when>2026-01-01T00:55:40.3398220Z</when>
        <gx:coord>12.0602865 51.548035 109.39061</gx:coord>
        <when>2026-01-01T00:55:45.3398220Z</when>
        <gx:coord>12.060464 51.548008 109.60106</gx:coord>
        <when>2026-01-01T00:55:48.1058220Z</when>
        <gx:coord>12.060508 51.547997 109.8554</gx:coord>
        <when>2026-01-01T00:55:50.3398220Z</when>
        <gx:coord>12.060522 51.548 109.835335</gx:coord>
        <when>2026-01-01T00:55:55.3398220Z</when>
        <gx:coord>12.060521 51.548 109.91698</gx:coord>
        <when>2026-01-01T00:56:00.3398220Z</when>
        <gx:coord>12.06052 51.548004 110.03744</gx:coord>
        <when>2026-01-01T00:56:05.3398220Z</when>
        <gx:coord>12.060519 51.548004 110.10812</gx:coord>
        <when>2026-01-01T00:56:10.3398220Z</when>
        <gx:coord>12.060517 51.548004 110.1695</gx:coord>
        <when>2026-01-01T00:56:15.3398220Z</when>
        <gx:coord>12.060517 51.548004 110.1695</gx:coord>
        <when>2026-01-01T00:56:20.3398220Z</when>
        <gx:coord>12.060517 51.548004 110.1695</gx:coord>
        <when>2026-01-01T00:56:21.0358220Z</when>
        <gx:coord>12.060517 51.548004 110.1695</gx:coord>
        <coordinates />
      </gx:Track>
    </Placemark>
    <Placemark>
      <name>Takeoff: 2026-01-01</name>
      <styleUrl>#downArrowIcon</styleUrl>
      <Point>
        <altitudeMode>relativeToGround</altitudeMode>
        <coordinates>12.047525,51.55415,20</coordinates>
      </Point>
    </Placemark>
    <Placemark>
      <name>Landing: 2026-01-01</name>
      <styleUrl>#downArrowIcon</styleUrl>
      <Point>
        <altitudeMode>relativeToGround</altitudeMode>
        <coordinates>12.055552,51.551254,20</coordinates>
      </Point>
    </Placemark>
    <Placemark>
      <name>Log Stop: 2026-01-01</name>
      <styleUrl>#downArrowIcon</styleUrl>
      <Point>
        <altitudeMode>relativeToGround</altitudeMode>
        <coordinates>12.060517,51.548004,20</coordinates>
      </Point>
    </Placemark>
  </Document>
</kml>
