<?xml version="1.0" encoding="utf-8"?>
<kml xmlns:gx="http://www.google.com/kml/ext/2.2" creator="kml-heatmap" xmlns="http://www.opengis.net/kml/2.2">
  <Document>
    <name>SkyDemon Track Log</name>
    <Style id="skydemonLogStyle">
      <LineStyle>
        <color>7f00ffff</color>
        <width>4</width>
      </LineStyle>
      <PolyStyle>
        <color>7fffa400</color>
      </PolyStyle>
    </Style>
    <Style id="downArrowIcon">
      <IconStyle>
        <href>http://maps.google.com/mapfiles/kml/pal4/icon28.png</href>
      </IconStyle>
    </Style>
    <Placemark>
      <name>Log Start: 2026-01-01</name>
      <styleUrl>#downArrowIcon</styleUrl>
      <Point>
        <altitudeMode>relativeToGround</altitudeMode>
        <coordinates>7.9099545,53.78667,20</coordinates>
      </Point>
    </Placemark>
    <Placemark>
      <name>EDWG Wangerooge - EDAQ Halle-Oppin</name>
      <styleUrl>#skydemonLogStyle</styleUrl>
      <gx:Track>
        <extrude>1</extrude>
        <altitudeMode>absolute</altitudeMode>
        <when>2026-01-01T00:00:00.8725470Z</when>
        <gx:coord>7.9099545 53.78667 2.9981735</gx:coord>
        <when>2026-01-01T00:00:05.8725470Z</when>
        <gx:coord>7.9099526 53.786667 3.1643057</gx:coord>
        <when>2026-01-01T00:00:10.8725470Z</when>
        <gx:coord>7.909956 53.78668 3.3378763</gx:coord>
        <when>2026-01-01T00:00:15.8725470Z</when>
        <gx:coord>7.9099603 53.786682 3.2055693</gx:coord>
        <when>2026-01-01T00:00:20.8725470Z</when>
        <gx:coord>7.909949 53.78666 3.5064552</gx:coord>
        <when>2026-01-01T00:00:25.8725470Z</when>
        <gx:coord>7.9098864 53.786655 3.4718454</gx:coord>
        <when>2026-01-01T00:00:26.1055470Z</when>
        <gx:coord>7.9098864 53.786655 3.4718454</gx:coord>
        <when>2026-01-01T00:00:30.8725470Z</when>
        <gx:coord>7.9097915 53.78664 3.206265</gx:coord>
        <when>2026-01-01T00:00:31.0845470Z</when>
        <gx:coord>7.9097915 53.78664 3.206265</gx:coord>
        <when>2026-01-01T00:00:32.0905470Z</when>
        <gx:coord>7.9097757 53.786633 3.2182481</gx:coord>
        <when>2026-01-01T00:00:33.0895470Z</when>
        <gx:coord>7.909762 53.78662 3.308838</gx:coord>
        <when>2026-01-01T00:00:34.0905470Z</when>
        <gx:coord>7.909751 53.786606 3.2794447</gx:coord>
        <when>2026-01-01T00:00:35.0925470Z</when>
        <gx:coord>7.9097486 53.786587 3.3110607</gx:coord>
        <when>2026-01-01T00:00:35.0925470Z</when>
        <gx:coord>7.9097486 53.786587 3.3110607</gx:coord>
        <when>2026-01-01T00:00:35.8725470Z</when>
        <gx:coord>7.909753 53.786556 3.2277217</gx:coord>
        <when>2026-01-01T00:00:36.0875470Z</when>
        <gx:coord>7.909753 53.786556 3.2277217</gx:coord>
        <when>2026-01-01T00:00:38.0875470Z</when>
        <gx:coord>7.909798 53.786495 3.0421917</gx:coord>
        <when>2026-01-01T00:00:40.8725470Z</when>
        <gx:coord>7.9098887 53.786385 2.8942778</gx:coord>
        <when>2026-01-01T00:00:43.0865470Z</when>
        <gx:coord>7.9099402 53.7863 2.7961116</gx:coord>
        <when>2026-01-01T00:00:45.8725470Z</when>
        <gx:coord>7.9100304 53.78615 2.6135018</gx:coord>
        <when>2026-01-01T00:00:50.8725470Z</when>
        <gx:coord>7.910208 53.785885 2.5130289</gx:coord>
        <when>2026-01-01T00:00:55.8725470Z</when>
        <gx:coord>7.9103894 53.785614 2.4831872</gx:coord>
        <when>2026-01-01T00:01:00.8725470Z</when>
        <gx:coord>7.9105196 53.785404 2.3085632</gx:coord>
        <when>2026-01-01T00:01:05.8725470Z</when>
        <gx:coord>7.9105983 53.785294 2.4150553</gx:coord>
        <when>2026-01-01T00:01:08.0865470Z</when>
        <gx:coord>7.9106274 53.78526 2.4307485</gx:coord>
        <when>2026-01-01T00:01:10.8725470Z</when>
        <gx:coord>7.910726 53.785187 2.387407</gx:coord>
        <when>2026-01-01T00:01:12.1205470Z</when>
        <gx:coord>7.9107733 53.785156 2.3926532</gx:coord>
        <when>2026-01-01T00:01:15.8725470Z</when>
        <gx:coord>7.911011 53.785027 2.234289</gx:coord>
        <when>2026-01-01T00:01:18.0895470Z</when>
        <gx:coord>7.9111605 53.78496 2.194289</gx:coord>
        <when>2026-01-01T00:01:20.8725470Z</when>
        <gx:coord>7.911389 53.784866 2.2960923</gx:coord>
        <when>2026-01-01T00:01:25.8725470Z</when>
        <gx:coord>7.91171 53.78473 2.217719</gx:coord>
        <when>2026-01-01T00:01:30.8725470Z</when>
        <gx:coord>7.9121156 53.784557 2.084734</gx:coord>
        <when>2026-01-01T00:01:35.8725470Z</when>
        <gx:coord>7.912583 53.78436 2.0323539</gx:coord>
        <when>2026-01-01T00:01:40.8725470Z</when>
        <gx:coord>7.9130125 53.784176 2.0870833</gx:coord>
        <when>2026-01-01T00:01:45.8725470Z</when>
        <gx:coord>7.9134274 53.784 1.9738292</gx:coord>
        <when>2026-01-01T00:01:50.8725470Z</when>
        <gx:coord>7.9138527 53.783813 2.029659</gx:coord>
        <when>2026-01-01T00:01:55.8835470Z</when>
        <gx:coord>7.9142737 53.783638 1.9352034</gx:coord>
        <when>2026-01-01T00:02:00.8725470Z</when>
        <gx:coord>7.914662 53.783474 1.9106739</gx:coord>
        <when>2026-01-01T00:02:04.0865470Z</when>
        <gx:coord>7.914909 53.783394 1.9347063</gx:coord>
        <when>2026-01-01T00:02:05.8725470Z</when>
        <gx:coord>7.9150863 53.783356 1.9517816</gx:coord>
        <when>2026-01-01T00:02:07.0875470Z</when>
        <gx:coord>7.9151826 53.78334 2.084822</gx:coord>
        <when>2026-01-01T00:02:10.8725470Z</when>
        <gx:coord>7.9155974 53.783325 2.1383946</gx:coord>
        <when>2026-01-01T00:02:15.8725470Z</when>
        <gx:coord>7.9161477 53.783302 2.0694754</gx:coord>
        <when>2026-01-01T00:02:20.8725470Z</when>
        <gx:coord>7.9167314 53.78328 2.0535283</gx:coord>
        <when>2026-01-01T00:02:25.8725470Z</when>
        <gx:coord>7.91733 53.783257 1.9830444</gx:coord>
        <when>2026-01-01T00:02:30.8725470Z</when>
        <gx:coord>7.9179397 53.78323 1.915056</gx:coord>
        <when>2026-01-01T00:02:35.8725470Z</when>
        <gx:coord>7.918542 53.783203 1.9551846</gx:coord>
        <when>2026-01-01T00:02:40.8725470Z</when>
        <gx:coord>7.919136 53.783176 1.8916414</gx:coord>
        <when>2026-01-01T00:02:45.8725470Z</when>
        <gx:coord>7.919679 53.783157 1.9011765</gx:coord>
        <when>2026-01-01T00:02:50.8725470Z</when>
        <gx:coord>7.9202275 53.78313 2.0146043</gx:coord>
        <when>2026-01-01T00:02:55.8725470Z</when>
        <gx:coord>7.920823 53.783108 2.2170408</gx:coord>
        <when>2026-01-01T00:03:00.8725470Z</when>
        <gx:coord>7.92146 53.783085 2.1698146</gx:coord>
        <when>2026-01-01T00:03:05.8725470Z</when>
        <gx:coord>7.9221363 53.783054 2.350253</gx:coord>
        <when>2026-01-01T00:03:10.8725470Z</when>
        <gx:coord>7.922865 53.78302 2.2618182</gx:coord>
        <when>2026-01-01T00:03:15.8725470Z</when>
        <gx:coord>7.9235544 53.782993 2.10371</gx:coord>
        <when>2026-01-01T00:03:20.8725470Z</when>
        <gx:coord>7.9242163 53.782963 1.9491699</gx:coord>
        <when>2026-01-01T00:03:25.8725470Z</when>
        <gx:coord>7.924884 53.782936 2.0181782</gx:coord>
        <when>2026-01-01T00:03:30.8725470Z</when>
        <gx:coord>7.9254494 53.782917 2.101145</gx:coord>
        <when>2026-01-01T00:03:35.8725470Z</when>
        <gx:coord>7.9258294 53.782898 2.2322369</gx:coord>
        <when>2026-01-01T00:03:38.0895470Z</when>
        <gx:coord>7.9259396 53.78289 2.227744</gx:coord>
        <when>2026-01-01T00:03:39.0865470Z</when>
        <gx:coord>7.9259787 53.782875 2.322325</gx:coord>
        <when>2026-01-01T00:03:40.8725470Z</when>
        <gx:coord>7.926031 53.782837 2.23484</gx:coord>
        <when>2026-01-01T00:03:41.0825470Z</when>
        <gx:coord>7.926031 53.782837 2.23484</gx:coord>
        <when>2026-01-01T00:03:42.0915470Z</when>
        <gx:coord>7.9260387 53.78282 2.2638347</gx:coord>
        <when>2026-01-01T00:03:43.1075470Z</when>
        <gx:coord>7.9260335 53.782803 2.309182</gx:coord>
        <when>2026-01-01T00:03:44.0835470Z</when>
        <gx:coord>7.9260335 53.782803 2.309182</gx:coord>
        <when>2026-01-01T00:03:45.8725470Z</when>
        <gx:coord>7.9260316 53.782803 2.2637322</gx:coord>
        <when>2026-01-01T00:03:50.8725470Z</when>
        <gx:coord>7.9260316 53.782803 2.1365514</gx:coord>
        <when>2026-01-01T00:03:55.8725470Z</when>
        <gx:coord>7.926031 53.7828 2.1702163</gx:coord>
        <when>2026-01-01T00:04:00.8725470Z</when>
        <gx:coord>7.926031 53.7828 2.299424</gx:coord>
        <when>2026-01-01T00:04:05.8725470Z</when>
        <gx:coord>7.926031 53.7828 2.407737</gx:coord>
        <when>2026-01-01T00:04:10.8725470Z</when>
        <gx:coord>7.9260316 53.7828 2.5151181</gx:coord>
        <when>2026-01-01T00:04:15.8725470Z</when>
        <gx:coord>7.9260316 53.7828 2.693411</gx:coord>
        <when>2026-01-01T00:04:20.8725470Z</when>
        <gx:coord>7.9260316 53.7828 2.8061926</gx:coord>
        <when>2026-01-01T00:04:25.8725470Z</when>
        <gx:coord>7.92603 53.7828 2.6249163</gx:coord>
        <when>2026-01-01T00:04:30.8725470Z</when>
        <gx:coord>7.9260287 53.7828 2.5234542</gx:coord>
        <when>2026-01-01T00:04:35.8725470Z</when>
        <gx:coord>7.926028 53.7828 2.4120655</gx:coord>
        <when>2026-01-01T00:04:40.8725470Z</when>
        <gx:coord>7.926028 53.7828 2.403921</gx:coord>
        <when>2026-01-01T00:04:45.8725470Z</when>
        <gx:coord>7.926028 53.7828 2.4134576</gx:coord>
        <when>2026-01-01T00:04:50.8725470Z</when>
        <gx:coord>7.9260283 53.7828 2.4556658</gx:coord>
        <when>2026-01-01T00:04:55.8725470Z</when>
        <gx:coord>7.9260273 53.7828 2.4828246</gx:coord>
        <when>2026-01-01T00:05:00.8725470Z</when>
        <gx:coord>7.9260263 53.7828 2.5067658</gx:coord>
        <when>2026-01-01T00:05:05.8725470Z</when>
        <gx:coord>7.9260273 53.7828 2.4830337</gx:coord>
        <when>2026-01-01T00:05:10.8725470Z</when>
        <gx:coord>7.926027 53.7828 2.5169542</gx:coord>
        <when>2026-01-01T00:05:15.8725470Z</when>
        <gx:coord>7.926025 53.7828 2.630629</gx:coord>
        <when>2026-01-01T00:05:20.8725470Z</when>
        <gx:coord>7.926024 53.7828 2.6752748</gx:coord>
        <when>2026-01-01T00:05:25.8725470Z</when>
        <gx:coord>7.926024 53.7828 2.6533902</gx:coord>
        <when>2026-01-01T00:05:30.8725470Z</when>
        <gx:coord>7.9260235 53.7828 2.60988</gx:coord>
        <when>2026-01-01T00:05:35.8725470Z</when>
        <gx:coord>7.926024 53.7828 2.6236465</gx:coord>
        <when>2026-01-01T00:05:40.8725470Z</when>
        <gx:coord>7.926024 53.782795 2.5955935</gx:coord>
        <when>2026-01-01T00:05:44.0825470Z</when>
        <gx:coord>7.9260283 53.782784 2.5560896</gx:coord>
        <when>2026-01-01T00:05:45.8725470Z</when>
        <gx:coord>7.9260335 53.782753 2.5287888</gx:coord>
        <when>2026-01-01T00:05:46.0845470Z</when>
        <gx:coord>7.9260335 53.782753 2.5287888</gx:coord>
        <when>2026-01-01T00:05:50.8725470Z</when>
        <gx:coord>7.926021 53.782616 2.5071917</gx:coord>
        <when>2026-01-01T00:05:55.8725470Z</when>
        <gx:coord>7.9259963 53.782467 2.482838</gx:coord>
        <when>2026-01-01T00:05:58.0845470Z</when>
        <gx:coord>7.92598 53.782406 2.390257</gx:coord>
        <when>2026-01-01T00:06:00.8725470Z</when>
        <gx:coord>7.925957 53.78233 2.535422</gx:coord>
        <when>2026-01-01T00:06:02.0845470Z</when>
        <gx:coord>7.9259443 53.782314 2.551899</gx:coord>
        <when>2026-01-01T00:06:03.0895470Z</when>
        <gx:coord>7.9259267 53.7823 2.5477762</gx:coord>
        <when>2026-01-01T00:06:05.8725470Z</when>
        <gx:coord>7.925858 53.782284 2.525966</gx:coord>
        <when>2026-01-01T00:06:09.0895470Z</when>
        <gx:coord>7.925786 53.78228 2.3555987</gx:coord>
        <when>2026-01-01T00:06:10.0875470Z</when>
        <gx:coord>7.925741 53.782284 2.2934353</gx:coord>
        <when>2026-01-01T00:06:10.8725470Z</when>
        <gx:coord>7.9256673 53.78229 2.274525</gx:coord>
        <when>2026-01-01T00:06:11.0845470Z</when>
        <gx:coord>7.9256673 53.78229 2.274525</gx:coord>
        <when>2026-01-01T00:06:13.0915470Z</when>
        <gx:coord>7.925384 53.782303 2.1725197</gx:coord>
        <when>2026-01-01T00:06:14.1025470Z</when>
        <gx:coord>7.9251814 53.78231 2.2978828</gx:coord>
        <when>2026-01-01T00:06:15.8725470Z</when>
        <gx:coord>7.9246693 53.782337 2.445461</gx:coord>
        <when>2026-01-01T00:06:16.0835470Z</when>
        <gx:coord>7.9246693 53.782337 2.445461</gx:coord>
        <when>2026-01-01T00:06:19.0835470Z</when>
        <gx:coord>7.9236374 53.782387 2.5939107</gx:coord>
        <when>2026-01-01T00:06:20.8725470Z</when>
        <gx:coord>7.922785 53.782425 2.6523597</gx:coord>
        <when>2026-01-01T00:06:22.0875470Z</when>
        <gx:coord>7.922315 53.782444 2.7665286</gx:coord>
        <when>2026-01-01T00:06:25.0825470Z</when>
        <gx:coord>7.9202223 53.782494 7.764491</gx:coord>
        <when>2026-01-01T00:06:25.8725470Z</when>
        <gx:coord>7.9202223 53.782494 7.764491</gx:coord>
        <when>2026-01-01T00:06:30.8845470Z</when>
        <gx:coord>7.9173903 53.782593 25.691185</gx:coord>
        <when>2026-01-01T00:06:31.0825470Z</when>
        <gx:coord>7.9173903 53.782593 25.691185</gx:coord>
        <when>2026-01-01T00:06:33.0925470Z</when>
        <gx:coord>7.915648 53.782654 39.79064</gx:coord>
        <when>2026-01-01T00:06:35.8725470Z</when>
        <gx:coord>7.9144645 53.782692 48.46723</gx:coord>
        <when>2026-01-01T00:06:40.8725470Z</when>
        <gx:coord>7.9114957 53.782833 69.92754</gx:coord>
        <when>2026-01-01T00:06:41.0835470Z</when>
        <gx:coord>7.910897 53.782867 74.363335</gx:coord>
        <when>2026-01-01T00:06:45.8825470Z</when>
        <gx:coord>7.9084945 53.78301 98.86392</gx:coord>
        <when>2026-01-01T00:06:47.0855470Z</when>
        <gx:coord>7.9073 53.783077 109.31526</gx:coord>
        <when>2026-01-01T00:06:50.8725470Z</when>
        <gx:coord>7.9055066 53.783207 123.902115</gx:coord>
        <when>2026-01-01T00:06:55.8825470Z</when>
        <gx:coord>7.9023657 53.783474 138.87306</gx:coord>
        <when>2026-01-01T00:06:56.0855470Z</when>
        <gx:coord>7.9023657 53.783474 138.87306</gx:coord>
        <when>2026-01-01T00:06:56.0855470Z</when>
        <gx:coord>7.9017034 53.783527 140.84016</gx:coord>
        <when>2026-01-01T00:07:00.8725470Z</when>
        <gx:coord>7.898942 53.78368 150.03127</gx:coord>
        <when>2026-01-01T00:07:04.0885470Z</when>
        <gx:coord>7.8961234 53.78374 172.13168</gx:coord>
        <when>2026-01-01T00:07:05.8825470Z</when>
        <gx:coord>7.895429 53.783752 177.4941</gx:coord>
        <when>2026-01-01T00:07:10.8725470Z</when>
        <gx:coord>7.891911 53.783756 198.15831</gx:coord>
        <when>2026-01-01T00:07:11.0835470Z</when>
        <gx:coord>7.8911967 53.783745 202.85947</gx:coord>
        <when>2026-01-01T00:07:15.8725470Z</when>
        <gx:coord>7.888305 53.783653 220.77774</gx:coord>
        <when>2026-01-01T00:07:19.0865470Z</when>
        <gx:coord>7.885363 53.783478 238.34865</gx:coord>
        <when>2026-01-01T00:07:20.0845470Z</when>
        <gx:coord>7.885363 53.783478 238.34865</gx:coord>
        <when>2026-01-01T00:07:20.8725470Z</when>
        <gx:coord>7.8846335 53.783405 243.55241</gx:coord>
        <when>2026-01-01T00:07:21.0845470Z</when>
        <gx:coord>7.8846335 53.783405 243.55241</gx:coord>
        <when>2026-01-01T00:07:23.0955470Z</when>
        <gx:coord>7.8824344 53.78312 250.99257</gx:coord>
        <when>2026-01-01T00:07:25.8725470Z</when>
        <gx:coord>7.8809547 53.782894 260.72147</gx:coord>
        <when>2026-01-01T00:07:27.0885470Z</when>
        <gx:coord>7.8794885 53.782654 270.52618</gx:coord>
        <when>2026-01-01T00:07:30.8725470Z</when>
        <gx:coord>7.8772984 53.782272 284.14185</gx:coord>
        <when>2026-01-01T00:07:35.0875470Z</when>
        <gx:coord>7.8743815 53.78171 297.10425</gx:coord>
        <when>2026-01-01T00:07:35.8725470Z</when>
        <gx:coord>7.873652 53.78156 300.4441</gx:coord>
        <when>2026-01-01T00:07:36.0825470Z</when>
        <gx:coord>7.872928 53.7814 305.71967</gx:coord>
        <when>2026-01-01T00:07:40.8725470Z</when>
        <gx:coord>7.8701243 53.78071 328.70227</gx:coord>
        <when>2026-01-01T00:07:42.0865470Z</when>
        <gx:coord>7.868757 53.78034 338.73373</gx:coord>
        <when>2026-01-01T00:07:45.8725470Z</when>
        <gx:coord>7.8667445 53.77975 354.29578</gx:coord>
        <when>2026-01-01T00:07:48.0845470Z</when>
        <gx:coord>7.8654447 53.77934 367.54413</gx:coord>
        <when>2026-01-01T00:07:48.0845470Z</when>
        <gx:coord>7.864822 53.779125 376.3997</gx:coord>
        <when>2026-01-01T00:07:50.8875470Z</when>
        <gx:coord>7.8636484 53.778694 395.91714</gx:coord>
        <when>2026-01-01T00:07:52.0845470Z</when>
        <gx:coord>7.863099 53.77847 405.67075</gx:coord>
        <when>2026-01-01T00:07:52.0855470Z</when>
        <gx:coord>7.8625855 53.778236 415.64252</gx:coord>
        <when>2026-01-01T00:07:53.0835470Z</when>
        <gx:coord>7.8625855 53.778236 415.64252</gx:coord>
        <when>2026-01-01T00:07:55.0865470Z</when>
        <gx:coord>7.861256 53.777496 447.6114</gx:coord>
        <when>2026-01-01T00:07:55.8885470Z</when>
        <gx:coord>7.861256 53.777496 447.6114</gx:coord>
        <when>2026-01-01T00:07:57.0865470Z</when>
        <gx:coord>7.8608694 53.77724 458.04498</gx:coord>
        <when>2026-01-01T00:07:57.0875470Z</when>
        <gx:coord>7.8608694 53.77724 458.04498</gx:coord>
        <when>2026-01-01T00:08:00.8725470Z</when>
        <gx:coord>7.859492 53.776146 476.78784</gx:coord>
        <when>2026-01-01T00:08:02.0885470Z</when>
        <gx:coord>7.858778 53.77556 478.8584</gx:coord>
        <when>2026-01-01T00:08:05.0965470Z</when>
        <gx:coord>7.8575406 53.77469 480.77896</gx:coord>
        <when>2026-01-01T00:08:05.8725470Z</when>
        <gx:coord>7.8575406 53.77469 482.03317</gx:coord>
        <when>2026-01-01T00:08:06.0805470Z</when>
        <gx:coord>7.8575406 53.77469 482.03317</gx:coord>
        <when>2026-01-01T00:08:09.0825470Z</when>
        <gx:coord>7.856079 53.773865 486.33548</gx:coord>
        <when>2026-01-01T00:08:10.8875470Z</when>
        <gx:coord>7.8549848 53.77336 490.1273</gx:coord>
        <when>2026-01-01T00:08:14.0825470Z</when>
        <gx:coord>7.8531837 53.772694 498.11273</gx:coord>
        <when>2026-01-01T00:08:15.8885470Z</when>
        <gx:coord>7.851905 53.772324 507.08054</gx:coord>
        <when>2026-01-01T00:08:16.0805470Z</when>
        <gx:coord>7.8512506 53.772167 512.5414</gx:coord>
        <when>2026-01-01T00:08:19.0815470Z</when>
        <gx:coord>7.849921 53.7719 524.1306</gx:coord>
        <when>2026-01-01T00:08:20.8725470Z</when>
        <gx:coord>7.8485713 53.7717 536.0762</gx:coord>
        <when>2026-01-01T00:08:22.0825470Z</when>
        <gx:coord>7.847209 53.771576 548.29065</gx:coord>
        <when>2026-01-01T00:08:23.0815470Z</when>
        <gx:coord>7.847209 53.771576 548.29065</gx:coord>
        <when>2026-01-01T00:08:25.8725470Z</when>
        <gx:coord>7.845175 53.77153 566.59326</gx:coord>
        <when>2026-01-01T00:08:28.0795470Z</when>
        <gx:coord>7.843834 53.771584 578.3786</gx:coord>
        <when>2026-01-01T00:08:28.0795470Z</when>
        <gx:coord>7.8431697 53.771637 583.98413</gx:coord>
        <when>2026-01-01T00:08:30.8725470Z</when>
        <gx:coord>7.841861 53.77179 594.27454</gx:coord>
        <when>2026-01-01T00:08:32.0835470Z</when>
        <gx:coord>7.841213 53.77189 599.13214</gx:coord>
        <when>2026-01-01T00:08:35.8855470Z</when>
        <gx:coord>7.838671 53.772457 614.39136</gx:coord>
        <when>2026-01-01T00:08:36.0815470Z</when>
        <gx:coord>7.838045 53.772636 616.91504</gx:coord>
        <when>2026-01-01T00:08:37.0795470Z</when>
        <gx:coord>7.838045 53.772636 616.91504</gx:coord>
        <when>2026-01-01T00:08:40.8725470Z</when>
        <gx:coord>7.8355846 53.773518 622.8793</gx:coord>
        <when>2026-01-01T00:08:41.0765470Z</when>
        <gx:coord>7.8355846 53.773518 622.8793</gx:coord>
        <when>2026-01-01T00:08:42.0805470Z</when>
        <gx:coord>7.8349805 53.77378 623.37714</gx:coord>
        <when>2026-01-01T00:08:45.8725470Z</when>
        <gx:coord>7.8326344 53.775005 621.44653</gx:coord>
        <when>2026-01-01T00:08:47.0795470Z</when>
        <gx:coord>7.832073 53.775356 620.6011</gx:coord>
        <when>2026-01-01T00:08:47.0805470Z</when>
        <gx:coord>7.832073 53.775356 620.6011</gx:coord>
        <when>2026-01-01T00:08:50.8725470Z</when>
        <gx:coord>7.8299932 53.776955 616.57056</gx:coord>
        <when>2026-01-01T00:08:51.0915470Z</when>
        <gx:coord>7.829524 53.7774 616.57056</gx:coord>
        <when>2026-01-01T00:08:52.0835470Z</when>
        <gx:coord>7.829524 53.7774 615.0156</gx:coord>
        <when>2026-01-01T00:08:54.0815470Z</when>
        <gx:coord>7.828666 53.778343 611.77655</gx:coord>
        <when>2026-01-01T00:08:55.8875470Z</when>
        <gx:coord>7.827932 53.779346 609.58813</gx:coord>
        <when>2026-01-01T00:08:57.0775470Z</when>
        <gx:coord>7.827614 53.77987 608.69434</gx:coord>
        <when>2026-01-01T00:09:00.8725470Z</when>
        <gx:coord>7.8267198 53.78207 605.22394</gx:coord>
        <when>2026-01-01T00:09:01.0755470Z</when>
        <gx:coord>7.8267198 53.78207 605.22394</gx:coord>
        <when>2026-01-01T00:09:04.0785470Z</when>
        <gx:coord>7.8264894 53.783802 604.1336</gx:coord>
        <when>2026-01-01T00:09:05.8725470Z</when>
        <gx:coord>7.8265257 53.78497 604.2254</gx:coord>
        <when>2026-01-01T00:09:10.8725470Z</when>
        <gx:coord>7.827021 53.787895 604.5799</gx:coord>
        <when>2026-01-01T00:09:15.8725470Z</when>
        <gx:coord>7.827662 53.790817 605.10126</gx:coord>
        <when>2026-01-01T00:09:19.0815470Z</when>
        <gx:coord>7.8280344 53.792572 605.08673</gx:coord>
        <when>2026-01-01T00:09:20.8725470Z</when>
        <gx:coord>7.828289 53.793743 605.0553</gx:coord>
        <when>2026-01-01T00:09:21.0905470Z</when>
        <gx:coord>7.828416 53.794327 605.0553</gx:coord>
        <when>2026-01-01T00:09:25.8725470Z</when>
        <gx:coord>7.8289256 53.79667 605.2826</gx:coord>
        <when>2026-01-01T00:09:30.8725470Z</when>
        <gx:coord>7.8295655 53.799606 605.4044</gx:coord>
        <when>2026-01-01T00:09:35.8725470Z</when>
        <gx:coord>7.830204 53.802547 605.61993</gx:coord>
        <when>2026-01-01T00:09:40.8725470Z</when>
        <gx:coord>7.830833 53.805492 605.5281</gx:coord>
        <when>2026-01-01T00:09:45.8725470Z</when>
        <gx:coord>7.831467 53.808445 605.6083</gx:coord>
        <when>2026-01-01T00:09:50.2555470Z</when>
        <gx:coord>7.8320994 53.8114 605.37915</gx:coord>
        <when>2026-01-01T00:09:50.8725470Z</when>
        <gx:coord>7.8320994 53.8114 605.31866</gx:coord>
        <when>2026-01-01T00:09:55.8725470Z</when>
        <gx:coord>7.8327403 53.81436 605.50183</gx:coord>
        <when>2026-01-01T00:10:00.8725470Z</when>
        <gx:coord>7.8334026 53.817318 605.0874</gx:coord>
        <when>2026-01-01T00:10:05.8725470Z</when>
        <gx:coord>7.834056 53.820274 605.27386</gx:coord>
        <when>2026-01-01T00:10:10.8735470Z</when>
        <gx:coord>7.8347135 53.82323 605.56616</gx:coord>
        <when>2026-01-01T00:10:15.8735470Z</when>
        <gx:coord>7.8353963 53.82618 605.5753</gx:coord>
        <when>2026-01-01T00:10:18.0905470Z</when>
        <gx:coord>7.8358 53.82795 605.738</gx:coord>
        <when>2026-01-01T00:10:20.8725470Z</when>
        <gx:coord>7.8360705 53.82913 605.47675</gx:coord>
        <when>2026-01-01T00:10:25.8735470Z</when>
        <gx:coord>7.836786 53.832077 605.08905</gx:coord>
        <when>2026-01-01T00:10:30.8725470Z</when>
        <gx:coord>7.8374877 53.835022 605.2404</gx:coord>
        <when>2026-01-01T00:10:35.8725470Z</when>
        <gx:coord>7.8382177 53.837975 605.41974</gx:coord>
        <when>2026-01-01T00:10:40.8735470Z</when>
        <gx:coord>7.8389473 53.840923 605.57117</gx:coord>
        <when>2026-01-01T00:10:45.8735470Z</when>
        <gx:coord>7.8396683 53.84386 608.5066</gx:coord>
        <when>2026-01-01T00:10:46.0965470Z</when>
        <gx:coord>7.8398123 53.844444 608.5066</gx:coord>
        <when>2026-01-01T00:10:50.8735470Z</when>
        <gx:coord>7.84039 53.84677 613.3745</gx:coord>
        <when>2026-01-01T00:10:55.8735470Z</when>
        <gx:coord>7.841097 53.84965 619.51624</gx:coord>
        <when>2026-01-01T00:11:00.8735470Z</when>
        <gx:coord>7.841799 53.8525 624.3953</gx:coord>
        <when>2026-01-01T00:11:05.8735470Z</when>
        <gx:coord>7.8425074 53.85535 626.22003</gx:coord>
        <when>2026-01-01T00:11:10.8735470Z</when>
        <gx:coord>7.843216 53.85821 625.9858</gx:coord>
        <when>2026-01-01T00:11:15.0835470Z</when>
        <gx:coord>7.8439565 53.86109 624.691</gx:coord>
        <when>2026-01-01T00:11:15.8735470Z</when>
        <gx:coord>7.8439565 53.86109 624.4935</gx:coord>
        <when>2026-01-01T00:11:20.8725470Z</when>
        <gx:coord>7.8446984 53.86399 622.8271</gx:coord>
        <when>2026-01-01T00:11:25.8735470Z</when>
        <gx:coord>7.845418 53.866898 622.2937</gx:coord>
        <when>2026-01-01T00:11:30.8735470Z</when>
        <gx:coord>7.8461556 53.86981 622.2712</gx:coord>
        <when>2026-01-01T00:11:35.8735470Z</when>
        <gx:coord>7.846889 53.87273 622.46686</gx:coord>
        <when>2026-01-01T00:11:40.8735470Z</when>
        <gx:coord>7.847635 53.875656 622.59784</gx:coord>
        <when>2026-01-01T00:11:44.0935470Z</when>
        <gx:coord>7.8482375 53.877995 622.326</gx:coord>
        <when>2026-01-01T00:11:45.8735470Z</when>
        <gx:coord>7.848383 53.878582 622.1478</gx:coord>
        <when>2026-01-01T00:11:50.8735470Z</when>
        <gx:coord>7.8491206 53.88151 622.38586</gx:coord>
        <when>2026-01-01T00:11:55.8735470Z</when>
        <gx:coord>7.849876 53.88444 622.9139</gx:coord>
        <when>2026-01-01T00:12:00.8735470Z</when>
        <gx:coord>7.8506513 53.887375 622.88007</gx:coord>
        <when>2026-01-01T00:12:01.0765470Z</when>
        <gx:coord>7.8506513 53.887375 622.88007</gx:coord>
        <when>2026-01-01T00:12:05.8735470Z</when>
        <gx:coord>7.85143 53.890312 623.05457</gx:coord>
        <when>2026-01-01T00:12:10.8735470Z</when>
        <gx:coord>7.8522067 53.89324 623.5563</gx:coord>
        <when>2026-01-01T00:12:13.0935470Z</when>
        <gx:coord>7.8526645 53.894997 623.92035</gx:coord>
        <when>2026-01-01T00:12:15.8735470Z</when>
        <gx:coord>7.852967 53.896168 623.8067</gx:coord>
        <when>2026-01-01T00:12:20.8735470Z</when>
        <gx:coord>7.8537626 53.899097 623.9873</gx:coord>
        <when>2026-01-01T00:12:25.8735470Z</when>
        <gx:coord>7.8545866 53.90203 623.8378</gx:coord>
        <when>2026-01-01T00:12:30.8735470Z</when>
        <gx:coord>7.85538 53.90496 623.45776</gx:coord>
        <when>2026-01-01T00:12:35.8735470Z</when>
        <gx:coord>7.85616 53.907894 623.50244</gx:coord>
        <when>2026-01-01T00:12:40.8735470Z</when>
        <gx:coord>7.8569617 53.91082 623.5708</gx:coord>
        <when>2026-01-01T00:12:42.0785470Z</when>
        <gx:coord>7.8572674 53.911983 623.76764</gx:coord>
        <when>2026-01-01T00:13:07.3115470Z</when>
        <gx:coord>7.8611393 53.92661 622.43164</gx:coord>
        <when>2026-01-01T00:13:11.0915470Z</when>
        <gx:coord>7.861761 53.92896 624.30804</gx:coord>
        <when>2026-01-01T00:13:12.3125470Z</when>
        <gx:coord>7.8619 53.929543 622.1255</gx:coord>
        <when>2026-01-01T00:13:17.3135470Z</when>
        <gx:coord>7.8626547 53.932465 618.8703</gx:coord>
        <when>2026-01-01T00:13:22.3125470Z</when>
        <gx:coord>7.8634486 53.935394 619.81586</gx:coord>
        <when>2026-01-01T00:13:27.3125470Z</when>
        <gx:coord>7.8642464 53.93832 621.4221</gx:coord>
        <when>2026-01-01T00:13:32.3125470Z</when>
        <gx:coord>7.8650236 53.941242 621.7081</gx:coord>
        <when>2026-01-01T00:13:40.0865470Z</when>
        <gx:coord>7.8662944 53.945915 622.08795</gx:coord>
        <when>2026-01-01T00:13:49.1365470Z</when>
        <gx:coord>7.8677115 53.95118 622.5721</gx:coord>
        <when>2026-01-01T00:13:54.1375470Z</when>
        <gx:coord>7.868516 53.954086 623.0935</gx:coord>
        <when>2026-01-01T00:13:59.1375470Z</when>
        <gx:coord>7.869275 53.957005 622.68317</gx:coord>
        <when>2026-01-01T00:14:04.1375470Z</when>
        <gx:coord>7.870045 53.959915 622.95197</gx:coord>
        <when>2026-01-01T00:14:09.0925470Z</when>
        <gx:coord>7.870818 53.962822 622.8005</gx:coord>
        <when>2026-01-01T00:14:09.1365470Z</when>
        <gx:coord>7.870818 53.962822 622.5628</gx:coord>
        <when>2026-01-01T00:14:14.1375470Z</when>
        <gx:coord>7.8716035 53.965733 622.55457</gx:coord>
        <when>2026-01-01T00:14:19.1375470Z</when>
        <gx:coord>7.8723683 53.968636 622.4642</gx:coord>
        <when>2026-01-01T00:14:24.1375470Z</when>
        <gx:coord>7.87313 53.97154 622.50494</gx:coord>
        <when>2026-01-01T00:14:29.1375470Z</when>
        <gx:coord>7.8739114 53.974445 625.3282</gx:coord>
        <when>2026-01-01T00:14:34.1375470Z</when>
        <gx:coord>7.874663 53.97736 626.81793</gx:coord>
        <when>2026-01-01T00:14:38.0865470Z</when>
        <gx:coord>7.875271 53.979706 626.7575</gx:coord>
        <when>2026-01-01T00:14:39.1375470Z</when>
        <gx:coord>7.875425 53.980293 626.3301</gx:coord>
        <when>2026-01-01T00:14:44.1375470Z</when>
        <gx:coord>7.876192 53.983242 625.142</gx:coord>
        <when>2026-01-01T00:14:49.1585470Z</when>
        <gx:coord>7.876964 53.98621 624.2033</gx:coord>
        <when>2026-01-01T00:14:54.1375470Z</when>
        <gx:coord>7.8777447 53.989193 623.75525</gx:coord>
        <when>2026-01-01T00:14:59.1375470Z</when>
        <gx:coord>7.8785357 53.992184 623.3593</gx:coord>
        <when>2026-01-01T00:15:04.1375470Z</when>
        <gx:coord>7.879325 53.995174 622.79297</gx:coord>
        <when>2026-01-01T00:15:06.0895470Z</when>
        <gx:coord>7.8796372 53.996376 622.52075</gx:coord>
        <when>2026-01-01T00:15:09.1375470Z</when>
        <gx:coord>7.8800993 53.998173 622.15247</gx:coord>
        <when>2026-01-01T00:15:14.1375470Z</when>
        <gx:coord>7.8808665 54.001167 622.22253</gx:coord>
        <when>2026-01-01T00:15:19.1365470Z</when>
        <gx:coord>7.8816195 54.004158 622.50116</gx:coord>
        <when>2026-01-01T00:15:24.1375470Z</when>
        <gx:coord>7.882399 54.007145 623.0183</gx:coord>
        <when>2026-01-01T00:15:29.1375470Z</when>
        <gx:coord>7.8831825 54.01013 623.2515</gx:coord>
        <when>2026-01-01T00:15:34.0865470Z</when>
        <gx:coord>7.8839607 54.01312 622.9833</gx:coord>
        <when>2026-01-01T00:15:34.1375470Z</when>
        <gx:coord>7.8839607 54.01312 622.9629</gx:coord>
        <when>2026-01-01T00:16:02.0855470Z</when>
        <gx:coord>7.888107 54.029877 624.3424</gx:coord>
        <when>2026-01-01T00:16:10.7555470Z</when>
        <gx:coord>7.889224 54.034664 623.4433</gx:coord>
        <when>2026-01-01T00:16:15.7565470Z</when>
        <gx:coord>7.889907 54.037663 623.54645</gx:coord>
        <when>2026-01-01T00:16:20.7565470Z</when>
        <gx:coord>7.890622 54.04065 623.35815</gx:coord>
        <when>2026-01-01T00:16:25.7555470Z</when>
        <gx:coord>7.8913064 54.04364 623.2497</gx:coord>
        <when>2026-01-01T00:16:30.0875470Z</when>
        <gx:coord>7.892001 54.046635 622.9988</gx:coord>
        <when>2026-01-01T00:16:30.7565470Z</when>
        <gx:coord>7.892001 54.046635 623.0261</gx:coord>
        <when>2026-01-01T00:16:35.7565470Z</when>
        <gx:coord>7.892704 54.049625 622.51306</gx:coord>
        <when>2026-01-01T00:16:40.7565470Z</when>
        <gx:coord>7.8933973 54.05261 622.62616</gx:coord>
        <when>2026-01-01T00:16:45.7565470Z</when>
        <gx:coord>7.8940945 54.055595 622.3222</gx:coord>
        <when>2026-01-01T00:16:50.7565470Z</when>
        <gx:coord>7.894791 54.058575 622.6393</gx:coord>
        <when>2026-01-01T00:16:55.7565470Z</when>
        <gx:coord>7.8954897 54.06156 622.29706</gx:coord>
        <when>2026-01-01T00:16:58.0855470Z</when>
        <gx:coord>7.8959174 54.06336 622.12823</gx:coord>
        <when>2026-01-01T00:17:00.7555470Z</when>
        <gx:coord>7.8962064 54.064552 622.0804</gx:coord>
        <when>2026-01-01T00:17:05.7565470Z</when>
        <gx:coord>7.896931 54.067547 621.99274</gx:coord>
        <when>2026-01-01T00:17:10.7815470Z</when>
        <gx:coord>7.89765 54.070538 621.6237</gx:coord>
        <when>2026-01-01T00:17:15.7565470Z</when>
        <gx:coord>7.898365 54.07353 621.34265</gx:coord>
        <when>2026-01-01T00:17:20.7565470Z</when>
        <gx:coord>7.899079 54.076523 621.11676</gx:coord>
        <when>2026-01-01T00:17:25.7565470Z</when>
        <gx:coord>7.899775 54.07952 620.6949</gx:coord>
        <when>2026-01-01T00:17:26.0925470Z</when>
        <gx:coord>7.8999147 54.080124 620.6949</gx:coord>
        <when>2026-01-01T00:17:30.7565470Z</when>
        <gx:coord>7.900497 54.082523 620.7909</gx:coord>
        <when>2026-01-01T00:17:35.7575470Z</when>
        <gx:coord>7.9011974 54.085526 621.49695</gx:coord>
        <when>2026-01-01T00:17:36.0765470Z</when>
        <gx:coord>7.9011974 54.085526 621.49695</gx:coord>
        <when>2026-01-01T00:17:37.0785470Z</when>
        <gx:coord>7.9012094 54.086124 618.78815</gx:coord>
        <when>2026-01-01T00:17:48.4385470Z</when>
        <gx:coord>7.903028 54.093346 620.69775</gx:coord>
        <when>2026-01-01T00:17:53.4385470Z</when>
        <gx:coord>7.9037123 54.096363 621.4605</gx:coord>
        <when>2026-01-01T00:17:54.0825470Z</when>
        <gx:coord>7.9038496 54.096966 621.4605</gx:coord>
        <when>2026-01-01T00:18:18.2625470Z</when>
        <gx:coord>7.9071426 54.11142 621.83887</gx:coord>
        <when>2026-01-01T00:18:22.0885470Z</when>
        <gx:coord>7.9076734 54.113834 621.8994</gx:coord>
        <when>2026-01-01T00:18:23.2635470Z</when>
        <gx:coord>7.907804 54.114437 621.8104</gx:coord>
        <when>2026-01-01T00:18:28.2635470Z</when>
        <gx:coord>7.9084783 54.117455 621.0877</gx:coord>
        <when>2026-01-01T00:18:33.2635470Z</when>
        <gx:coord>7.9091444 54.12047 620.1133</gx:coord>
        <when>2026-01-01T00:18:38.2635470Z</when>
        <gx:coord>7.909809 54.123486 619.88525</gx:coord>
        <when>2026-01-01T00:18:43.2635470Z</when>
        <gx:coord>7.910478 54.126503 619.9684</gx:coord>
        <when>2026-01-01T00:18:48.2635470Z</when>
        <gx:coord>7.911135 54.12952 619.9358</gx:coord>
        <when>2026-01-01T00:18:50.0945470Z</when>
        <gx:coord>7.911391 54.13073 619.88696</gx:coord>
        <when>2026-01-01T00:18:53.2635470Z</when>
        <gx:coord>7.911779 54.13254 619.8894</gx:coord>
        <when>2026-01-01T00:18:58.2635470Z</when>
        <gx:coord>7.912427 54.13556 619.6619</gx:coord>
        <when>2026-01-01T00:19:03.2635470Z</when>
        <gx:coord>7.913086 54.138584 618.9191</gx:coord>
        <when>2026-01-01T00:19:08.2635470Z</when>
        <gx:coord>7.913737 54.14161 618.6783</gx:coord>
        <when>2026-01-01T00:19:18.0805470Z</when>
        <gx:coord>7.9150014 54.147667 617.6245</gx:coord>
        <when>2026-01-01T00:19:32.0415470Z</when>
        <gx:coord>7.9166217 54.155567 620.3892</gx:coord>
        <when>2026-01-01T00:19:36.0815470Z</when>
        <gx:coord>7.916799 54.15801 619.99866</gx:coord>
        <when>2026-01-01T00:19:37.0435470Z</when>
        <gx:coord>7.916719 54.158615 620.0991</gx:coord>
        <when>2026-01-01T00:19:40.0705470Z</when>
        <gx:coord>7.916141 54.160393 620.6046</gx:coord>
        <when>2026-01-01T00:19:42.0425470Z</when>
        <gx:coord>7.9155297 54.161537 621.01227</gx:coord>
        <when>2026-01-01T00:19:44.0725470Z</when>
        <gx:coord>7.914736 54.162636 621.33026</gx:coord>
        <when>2026-01-01T00:19:47.0425470Z</when>
        <gx:coord>7.913268 54.16418 622.60236</gx:coord>
        <when>2026-01-01T00:19:47.0805470Z</when>
        <gx:coord>7.912741 54.16468 622.60236</gx:coord>
        <when>2026-01-01T00:19:52.0425470Z</when>
        <gx:coord>7.91072 54.166714 622.9332</gx:coord>
        <when>2026-01-01T00:20:16.0965470Z</when>
        <gx:coord>7.9009137 54.180466 619.41095</gx:coord>
        <when>2026-01-01T00:20:44.0915470Z</when>
        <gx:coord>7.8898582 54.19596 617.4174</gx:coord>
        <when>2026-01-01T00:21:02.0775470Z</when>
        <gx:coord>7.882454 54.205147 616.95996</gx:coord>
        <when>2026-01-01T00:21:03.9995470Z</when>
        <gx:coord>7.881107 54.205982 618.3346</gx:coord>
        <when>2026-01-01T00:21:06.0855470Z</when>
        <gx:coord>7.8796177 54.206734 618.743</gx:coord>
        <when>2026-01-01T00:21:09.0005470Z</when>
        <gx:coord>7.8772078 54.207787 618.6512</gx:coord>
        <when>2026-01-01T00:21:11.0745470Z</when>
        <gx:coord>7.875568 54.208347 619.13086</gx:coord>
        <when>2026-01-01T00:21:12.0735470Z</when>
        <gx:coord>7.874687 54.208504 619.96893</gx:coord>
        <when>2026-01-01T00:21:14.0005470Z</when>
        <gx:coord>7.872934 54.208836 619.7323</gx:coord>
        <when>2026-01-01T00:21:14.0745470Z</when>
        <gx:coord>7.872934 54.208836 619.7323</gx:coord>
        <when>2026-01-01T00:21:15.1055470Z</when>
        <gx:coord>7.8710628 54.20901 619.244</gx:coord>
        <when>2026-01-01T00:21:17.0725470Z</when>
        <gx:coord>7.870131 54.209072 619.3762</gx:coord>
        <when>2026-01-01T00:21:18.9995470Z</when>
        <gx:coord>7.868733 54.209484 593.5615</gx:coord>
        <when>2026-01-01T00:21:19.0635470Z</when>
        <gx:coord>7.8678565 54.209435 577.35626</gx:coord>
        <when>2026-01-01T00:21:21.0705470Z</when>
        <gx:coord>7.8670144 54.2094 562.71826</gx:coord>
        <when>2026-01-01T00:21:21.0705470Z</when>
        <gx:coord>7.8670144 54.2094 562.71826</gx:coord>
        <when>2026-01-01T00:21:22.0705470Z</when>
        <gx:coord>7.865424 54.209187 536.3716</gx:coord>
        <when>2026-01-01T00:21:24.0035470Z</when>
        <gx:coord>7.8646584 54.20901 520.3822</gx:coord>
        <when>2026-01-01T00:21:24.0715470Z</when>
        <gx:coord>7.8646584 54.20901 520.3822</gx:coord>
        <when>2026-01-01T00:21:25.0705470Z</when>
        <gx:coord>7.8628774 54.20875 501.70966</gx:coord>
        <when>2026-01-01T00:21:27.0695470Z</when>
        <gx:coord>7.862151 54.208607 489.12238</gx:coord>
        <when>2026-01-01T00:21:28.0705470Z</when>
        <gx:coord>7.8607183 54.208233 462.94778</gx:coord>
        <when>2026-01-01T00:21:29.0035470Z</when>
        <gx:coord>7.8607183 54.208233 462.94778</gx:coord>
        <when>2026-01-01T00:21:31.0705470Z</when>
        <gx:coord>7.8588347 54.207516 419.8455</gx:coord>
        <when>2026-01-01T00:21:33.2935470Z</when>
        <gx:coord>7.857746 54.20699 383.86926</gx:coord>
        <when>2026-01-01T00:21:34.0005470Z</when>
        <gx:coord>7.857746 54.20699 383.86926</gx:coord>
        <when>2026-01-01T00:21:35.0625470Z</when>
        <gx:coord>7.8566647 54.20648 344.48007</gx:coord>
        <when>2026-01-01T00:21:37.0505470Z</when>
        <gx:coord>7.85612 54.206223 324.29422</gx:coord>
        <when>2026-01-01T00:21:37.0515470Z</when>
        <gx:coord>7.85612 54.206223 324.29422</gx:coord>
        <when>2026-01-01T00:21:37.0535470Z</when>
        <gx:coord>7.852086 54.204338 617.2946</gx:coord>
        <when>2026-01-01T00:21:52.0725470Z</when>
        <gx:coord>7.852086 54.204338 617.2946</gx:coord>
        <when>2026-01-01T00:21:52.0735470Z</when>
        <gx:coord>7.852086 54.204338 617.2946</gx:coord>
        <when>2026-01-01T00:21:52.0865470Z</when>
        <gx:coord>7.8512325 54.193684 617.2946</gx:coord>
        <when>2026-01-01T00:21:52.0865470Z</when>
        <gx:coord>7.8512325 54.193684 -217.46873</gx:coord>
        <when>2026-01-01T00:21:55.0645470Z</when>
        <gx:coord>7.8506217 54.19192 -255.51343</gx:coord>
        <when>2026-01-01T00:21:59.0805470Z</when>
        <gx:coord>7.8497777 54.189766 -278.27747</gx:coord>
        <when>2026-01-01T00:22:00.0615470Z</when>
        <gx:coord>7.8496494 54.189262 -286.62177</gx:coord>
        <when>2026-01-01T00:22:03.0635470Z</when>
        <gx:coord>7.8498116 54.18794 -339.38535</gx:coord>
        <when>2026-01-01T00:22:05.0655470Z</when>
        <gx:coord>7.849592 54.18742 -339.38507</gx:coord>
        <when>2026-01-01T00:22:07.0675470Z</when>
        <gx:coord>7.8497777 54.186085 -385.4891</gx:coord>
        <when>2026-01-01T00:22:07.6985470Z</when>
        <gx:coord>7.8497777 54.186085 -385.4891</gx:coord>
        <when>2026-01-01T00:22:08.0575470Z</when>
        <gx:coord>7.8501186 54.185684 -418.56738</gx:coord>
        <when>2026-01-01T00:22:46.5825470Z</when>
        <gx:coord>7.849909 54.18519 -418.56717</gx:coord>
        <when>2026-01-01T00:22:46.5865470Z</when>
        <gx:coord>7.849909 54.18519 -418.56717</gx:coord>
        <when>2026-01-01T00:23:08.8415470Z</when>
        <gx:coord>7.8459315 54.178593 -419.36975</gx:coord>
        <when>2026-01-01T00:23:08.8545470Z</when>
        <gx:coord>7.8459315 54.178593 -419.36975</gx:coord>
        <when>2026-01-01T00:23:09.5895470Z</when>
        <gx:coord>7.845951 54.178585 0</gx:coord>
        <when>2026-01-01T00:23:09.5985470Z</when>
        <gx:coord>7.845951 54.178585 0</gx:coord>
        <when>2026-01-01T00:23:09.5985470Z</when>
        <gx:coord>7.845951 54.178585 -420.43143</gx:coord>
        <when>2026-01-01T00:23:13.8425470Z</when>
        <gx:coord>7.845951 54.178585 -420.4325</gx:coord>
        <when>2026-01-01T00:23:15.0515470Z</when>
        <gx:coord>7.845951 54.178585 -420.4325</gx:coord>
        <when>2026-01-01T00:23:15.0525470Z</when>
        <gx:coord>7.845951 54.178585 -420.4325</gx:coord>
        <when>2026-01-01T00:23:15.0625470Z</when>
        <gx:coord>7.8924623 54.15838 -420.4325</gx:coord>
        <when>2026-01-01T00:23:15.0635470Z</when>
        <gx:coord>7.8924623 54.15838 200.56111</gx:coord>
        <when>2026-01-01T00:23:18.8425470Z</when>
        <gx:coord>7.8952265 54.15743 215.72449</gx:coord>
        <when>2026-01-01T00:23:22.0625470Z</when>
        <gx:coord>7.8988104 54.156097 258.83673</gx:coord>
        <when>2026-01-01T00:23:23.8425470Z</when>
        <gx:coord>7.8988104 54.156097 258.83673</gx:coord>
        <when>2026-01-01T00:23:26.0625470Z</when>
        <gx:coord>7.902329 54.15577 355.87363</gx:coord>
        <when>2026-01-01T00:23:28.8425470Z</when>
        <gx:coord>7.904221 54.1554 351.8018</gx:coord>
        <when>2026-01-01T00:23:33.8435470Z</when>
        <gx:coord>7.906215 54.155575 377.7391</gx:coord>
        <when>2026-01-01T00:23:35.0375470Z</when>
        <gx:coord>7.906215 54.155575 377.7391</gx:coord>
        <when>2026-01-01T00:23:35.0505470Z</when>
        <gx:coord>7.914795 54.15662 377.7391</gx:coord>
        <when>2026-01-01T00:23:35.0515470Z</when>
        <gx:coord>7.914795 54.15662 224.06532</gx:coord>
        <when>2026-01-01T00:23:38.8435470Z</when>
        <gx:coord>7.917549 54.1566 224.26869</gx:coord>
        <when>2026-01-01T00:23:39.0655470Z</when>
        <gx:coord>7.917549 54.1566 224.26869</gx:coord>
        <when>2026-01-01T00:23:41.0765470Z</when>
        <gx:coord>7.9221315 54.15771 214.90567</gx:coord>
        <when>2026-01-01T00:23:41.0775470Z</when>
        <gx:coord>7.9221315 54.15771 56.137947</gx:coord>
        <when>2026-01-01T00:23:43.0585470Z</when>
        <gx:coord>7.923456 54.15794 84.32747</gx:coord>
        <when>2026-01-01T00:23:43.0595470Z</when>
        <gx:coord>7.9251676 54.158695 124.475914</gx:coord>
        <when>2026-01-01T00:23:43.8425470Z</when>
        <gx:coord>7.9251676 54.158695 124.475914</gx:coord>
        <when>2026-01-01T00:24:07.0465470Z</when>
        <gx:coord>7.9285183 54.158768 154.3707</gx:coord>
        <when>2026-01-01T00:24:07.0495470Z</when>
        <gx:coord>7.9285183 54.158768 154.3707</gx:coord>
        <when>2026-01-01T00:24:07.0655470Z</when>
        <gx:coord>7.9450994 54.169643 154.3707</gx:coord>
        <when>2026-01-01T00:24:07.0765470Z</when>
        <gx:coord>7.9450994 54.169643 154.3707</gx:coord>
        <when>2026-01-01T00:24:07.0795470Z</when>
        <gx:coord>7.9450994 54.169643 501.15927</gx:coord>
        <when>2026-01-01T00:24:10.0575470Z</when>
        <gx:coord>7.9468045 54.17125 466.52933</gx:coord>
        <when>2026-01-01T00:24:21.0585470Z</when>
        <gx:coord>7.9527884 54.17725 429.56445</gx:coord>
        <when>2026-01-01T00:24:25.0625470Z</when>
        <gx:coord>7.955027 54.179306 397.79343</gx:coord>
        <when>2026-01-01T00:24:26.8395470Z</when>
        <gx:coord>7.9555736 54.179813 392.01215</gx:coord>
        <when>2026-01-01T00:24:31.8415470Z</when>
        <gx:coord>7.9581056 54.18259 412.13663</gx:coord>
        <when>2026-01-01T00:24:32.0695470Z</when>
        <gx:coord>7.95826 54.18416 570.4853</gx:coord>
        <when>2026-01-01T00:24:33.0765470Z</when>
        <gx:coord>7.958746 54.184746 570.4853</gx:coord>
        <when>2026-01-01T00:24:36.8415470Z</when>
        <gx:coord>7.9601903 54.18653 569.54877</gx:coord>
        <when>2026-01-01T00:24:41.8415470Z</when>
        <gx:coord>7.9627676 54.18939 570.35895</gx:coord>
        <when>2026-01-01T00:24:46.8415470Z</when>
        <gx:coord>7.9654512 54.19221 575.4078</gx:coord>
        <when>2026-01-01T00:24:50.0615470Z</when>
        <gx:coord>7.9671516 54.194054 579.9518</gx:coord>
        <when>2026-01-01T00:24:55.0565470Z</when>
        <gx:coord>7.9701977 54.197063 586.1736</gx:coord>
        <when>2026-01-01T00:24:55.0575470Z</when>
        <gx:coord>7.969252 54.196083 359.8512</gx:coord>
        <when>2026-01-01T00:25:00.0385470Z</when>
        <gx:coord>7.969252 54.196083 359.8512</gx:coord>
        <when>2026-01-01T00:25:00.0385470Z</when>
        <gx:coord>7.969252 54.196083 359.8512</gx:coord>
        <when>2026-01-01T00:25:00.0515470Z</when>
        <gx:coord>7.9749484 54.199955 359.8512</gx:coord>
        <when>2026-01-01T00:25:00.0525470Z</when>
        <gx:coord>7.9749484 54.199955 509.74423</gx:coord>
        <when>2026-01-01T00:25:07.0605470Z</when>
        <gx:coord>7.980092 54.20379 552.3883</gx:coord>
        <when>2026-01-01T00:25:07.4185470Z</when>
        <gx:coord>7.980092 54.20379 552.3883</gx:coord>
        <when>2026-01-01T00:25:11.0645470Z</when>
        <gx:coord>7.982959 54.20585 588.78925</gx:coord>
        <when>2026-01-01T00:25:12.4205470Z</when>
        <gx:coord>7.9836497 54.206306 600.58435</gx:coord>
        <when>2026-01-01T00:25:14.0605470Z</when>
        <gx:coord>7.9849906 54.207283 619.5917</gx:coord>
        <when>2026-01-01T00:25:17.0655470Z</when>
        <gx:coord>7.985826 54.209263 574.1777</gx:coord>
        <when>2026-01-01T00:25:17.4195470Z</when>
        <gx:coord>7.985826 54.209263 574.1777</gx:coord>
        <when>2026-01-01T00:25:22.4205470Z</when>
        <gx:coord>7.98953 54.211483 577.0208</gx:coord>
        <when>2026-01-01T00:25:26.0745470Z</when>
        <gx:coord>7.992419 54.213337 577.2069</gx:coord>
        <when>2026-01-01T00:25:27.4295470Z</when>
        <gx:coord>7.993153 54.2138 579.4324</gx:coord>
        <when>2026-01-01T00:25:32.4205470Z</when>
        <gx:coord>7.997164 54.21587 584.33923</gx:coord>
        <when>2026-01-01T00:25:33.0645470Z</when>
        <gx:coord>7.997164 54.21587 584.33923</gx:coord>
        <when>2026-01-01T00:25:37.4485470Z</when>
        <gx:coord>8.0013485 54.217663 589.14374</gx:coord>
        <when>2026-01-01T00:25:42.0705470Z</when>
        <gx:coord>8.006191 54.21898 677.5998</gx:coord>
        <when>2026-01-01T00:25:42.4195470Z</when>
        <gx:coord>8.006191 54.21898 677.5998</gx:coord>
        <when>2026-01-01T00:25:46.0645470Z</when>
        <gx:coord>8.00885 54.220604 601.4269</gx:coord>
        <when>2026-01-01T00:25:47.0625470Z</when>
        <gx:coord>8.00885 54.220604 601.4269</gx:coord>
        <when>2026-01-01T00:25:47.4205470Z</when>
        <gx:coord>8.009658 54.22088 602.829</gx:coord>
        <when>2026-01-01T00:25:49.0675470Z</when>
        <gx:coord>8.01057 54.22111 604.2977</gx:coord>
        <when>2026-01-01T00:25:50.0665470Z</when>
        <gx:coord>8.011577 54.221397 607.5714</gx:coord>
        <when>2026-01-01T00:25:52.4205470Z</when>
        <gx:coord>8.014338 54.222366 617.85004</gx:coord>
        <when>2026-01-01T00:25:54.0655470Z</when>
        <gx:coord>8.015216 54.22268 619.4048</gx:coord>
        <when>2026-01-01T00:25:54.0745470Z</when>
        <gx:coord>8.015946 54.222992 619.4048</gx:coord>
        <when>2026-01-01T00:25:57.4195470Z</when>
        <gx:coord>8.019032 54.22363 623.4687</gx:coord>
        <when>2026-01-01T00:26:02.4205470Z</when>
        <gx:coord>8.023969 54.22483 623.9029</gx:coord>
        <when>2026-01-01T00:26:07.4505470Z</when>
        <gx:coord>8.028915 54.22601 624.2398</gx:coord>
        <when>2026-01-01T00:26:12.4215470Z</when>
        <gx:coord>8.033839 54.227203 624.5233</gx:coord>
        <when>2026-01-01T00:26:17.4205470Z</when>
        <gx:coord>8.038768 54.2284 622.9442</gx:coord>
        <when>2026-01-01T00:26:21.0815470Z</when>
        <gx:coord>8.042718 54.229347 622.4963</gx:coord>
        <when>2026-01-01T00:26:22.4205470Z</when>
        <gx:coord>8.043715 54.229576 622.19025</gx:coord>
        <when>2026-01-01T00:26:27.4205470Z</when>
        <gx:coord>8.048663 54.23076 621.88885</gx:coord>
        <when>2026-01-01T00:26:32.4215470Z</when>
        <gx:coord>8.053614 54.231945 622.1572</gx:coord>
        <when>2026-01-01T00:26:37.4215470Z</when>
        <gx:coord>8.058583 54.233116 622.47644</gx:coord>
        <when>2026-01-01T00:26:42.4225470Z</when>
        <gx:coord>8.063544 54.23429 622.81354</gx:coord>
        <when>2026-01-01T00:26:47.4225470Z</when>
        <gx:coord>8.0685 54.235466 623.8048</gx:coord>
        <when>2026-01-01T00:26:48.0845470Z</when>
        <gx:coord>8.069491 54.235703 623.8048</gx:coord>
        <when>2026-01-01T00:26:52.4225470Z</when>
        <gx:coord>8.073454 54.236645 624.23987</gx:coord>
        <when>2026-01-01T00:26:57.4225470Z</when>
        <gx:coord>8.078406 54.237812 623.4262</gx:coord>
        <when>2026-01-01T00:27:02.4225470Z</when>
        <gx:coord>8.083375 54.238976 623.36176</gx:coord>
        <when>2026-01-01T00:27:07.4485470Z</when>
        <gx:coord>8.088324 54.24015 623.0571</gx:coord>
        <when>2026-01-01T00:27:12.4225470Z</when>
        <gx:coord>8.093283 54.241318 622.77625</gx:coord>
        <when>2026-01-01T00:27:15.0855470Z</when>
        <gx:coord>8.096252 54.242016 622.68726</gx:coord>
        <when>2026-01-01T00:27:17.4235470Z</when>
        <gx:coord>8.098231 54.242485 622.52637</gx:coord>
        <when>2026-01-01T00:27:22.4235470Z</when>
        <gx:coord>8.103186 54.24365 622.17834</gx:coord>
        <when>2026-01-01T00:27:27.4235470Z</when>
        <gx:coord>8.108144 54.24481 621.93585</gx:coord>
        <when>2026-01-01T00:27:32.4235470Z</when>
        <gx:coord>8.113097 54.245975 621.286</gx:coord>
        <when>2026-01-01T00:27:37.4235470Z</when>
        <gx:coord>8.118043 54.247143 622.1322</gx:coord>
        <when>2026-01-01T00:27:42.0835470Z</when>
        <gx:coord>8.12298 54.248306 622.243</gx:coord>
        <when>2026-01-01T00:27:42.4245470Z</when>
        <gx:coord>8.12298 54.248306 622.37494</gx:coord>
        <when>2026-01-01T00:27:48.1825470Z</when>
        <gx:coord>8.12892 54.249687 623.27545</gx:coord>
        <when>2026-01-01T00:27:52.4235470Z</when>
        <gx:coord>8.13287 54.250618 623.5747</gx:coord>
        <when>2026-01-01T00:27:57.4235470Z</when>
        <gx:coord>8.13781 54.25177 623.63586</gx:coord>
        <when>2026-01-01T00:28:02.4245470Z</when>
        <gx:coord>8.142758 54.252914 623.3324</gx:coord>
        <when>2026-01-01T00:28:07.4625470Z</when>
        <gx:coord>8.147689 54.25407 622.98224</gx:coord>
        <when>2026-01-01T00:28:09.0845470Z</when>
        <gx:coord>8.149664 54.254528 622.92053</gx:coord>
        <when>2026-01-01T00:28:12.4245470Z</when>
        <gx:coord>8.152621 54.255215 623.25665</gx:coord>
        <when>2026-01-01T00:28:17.4245470Z</when>
        <gx:coord>8.157546 54.256363 623.41187</gx:coord>
        <when>2026-01-01T00:28:22.4255470Z</when>
        <gx:coord>8.162474 54.257507 623.3841</gx:coord>
        <when>2026-01-01T00:28:27.4245470Z</when>
        <gx:coord>8.167407 54.258636 623.716</gx:coord>
        <when>2026-01-01T00:28:32.4255470Z</when>
        <gx:coord>8.172375 54.25973 623.5538</gx:coord>
        <when>2026-01-01T00:28:36.0895470Z</when>
        <gx:coord>8.176377 54.260548 623.4792</gx:coord>
        <when>2026-01-01T00:28:37.4275470Z</when>
        <gx:coord>8.177382 54.260746 623.69604</gx:coord>
        <when>2026-01-01T00:28:42.4245470Z</when>
        <gx:coord>8.182408 54.261745 624.4725</gx:coord>
        <when>2026-01-01T00:28:47.4255470Z</when>
        <gx:coord>8.187437 54.262722 623.57495</gx:coord>
        <when>2026-01-01T00:28:52.4255470Z</when>
        <gx:coord>8.192486 54.263664 623.6836</gx:coord>
        <when>2026-01-01T00:28:57.4255470Z</when>
        <gx:coord>8.197546 54.264595 623.6368</gx:coord>
        <when>2026-01-01T00:29:02.4255470Z</when>
        <gx:coord>8.202617 54.26552 623.85205</gx:coord>
        <when>2026-01-01T00:29:03.0905470Z</when>
        <gx:coord>8.203631 54.2657 623.85205</gx:coord>
        <when>2026-01-01T00:29:07.4495470Z</when>
        <gx:coord>8.207693 54.26644 623.78815</gx:coord>
        <when>2026-01-01T00:29:12.4255470Z</when>
        <gx:coord>8.212771 54.267372 623.5476</gx:coord>
        <when>2026-01-01T00:29:17.4265470Z</when>
        <gx:coord>8.217867 54.2683 622.90656</gx:coord>
        <when>2026-01-01T00:29:22.4265470Z</when>
        <gx:coord>8.222858 54.269405 622.39453</gx:coord>
        <when>2026-01-01T00:29:27.4255470Z</when>
        <gx:coord>8.227722 54.270695 622.87476</gx:coord>
        <when>2026-01-01T00:29:30.0875470Z</when>
        <gx:coord>8.230655 54.271454 623.0186</gx:coord>
        <when>2026-01-01T00:29:32.4265470Z</when>
        <gx:coord>8.232614 54.271954 623.1318</gx:coord>
        <when>2026-01-01T00:29:37.4265470Z</when>
        <gx:coord>8.237508 54.2732 623.46313</gx:coord>
        <when>2026-01-01T00:29:42.4265470Z</when>
        <gx:coord>8.242408 54.27445 623.40784</gx:coord>
        <when>2026-01-01T00:29:47.4255470Z</when>
        <gx:coord>8.247296 54.275696 623.16254</gx:coord>
        <when>2026-01-01T00:29:52.4265470Z</when>
        <gx:coord>8.252187 54.276936 622.9586</gx:coord>
        <when>2026-01-01T00:29:57.0905470Z</when>
        <gx:coord>8.257088 54.27817 622.92554</gx:coord>
        <when>2026-01-01T00:29:57.4265470Z</when>
        <gx:coord>8.257088 54.27817 622.8354</gx:coord>
        <when>2026-01-01T00:30:02.4275470Z</when>
        <gx:coord>8.261988 54.2794 622.89185</gx:coord>
        <when>2026-01-01T00:30:07.4595470Z</when>
        <gx:coord>8.266886 54.280632 623.38446</gx:coord>
        <when>2026-01-01T00:30:12.4265470Z</when>
        <gx:coord>8.271786 54.281864 623.9262</gx:coord>
        <when>2026-01-01T00:30:17.4275470Z</when>
        <gx:coord>8.2767105 54.283073 624.0664</gx:coord>
        <when>2026-01-01T00:30:22.4345470Z</when>
        <gx:coord>8.281606 54.28431 623.8741</gx:coord>
        <when>2026-01-01T00:30:24.0865470Z</when>
        <gx:coord>8.283569 54.2848 624.018</gx:coord>
        <when>2026-01-01T00:30:27.4275470Z</when>
        <gx:coord>8.286518 54.285538 623.74817</gx:coord>
        <when>2026-01-01T00:30:32.4275470Z</when>
        <gx:coord>8.291439 54.286755 623.9408</gx:coord>
        <when>2026-01-01T00:30:37.4275470Z</when>
        <gx:coord>8.296352 54.28798 623.53735</gx:coord>
        <when>2026-01-01T00:30:42.4275470Z</when>
        <gx:coord>8.301271 54.289196 623.59357</gx:coord>
        <when>2026-01-01T00:30:47.4275470Z</when>
        <gx:coord>8.306201 54.290413 624.47894</gx:coord>
        <when>2026-01-01T00:30:51.0845470Z</when>
        <gx:coord>8.310138 54.29139 624.70795</gx:coord>
        <when>2026-01-01T00:30:52.4275470Z</when>
        <gx:coord>8.311127 54.291634 624.83685</gx:coord>
        <when>2026-01-01T00:30:57.4275470Z</when>
        <gx:coord>8.316051 54.292862 624.63055</gx:coord>
        <when>2026-01-01T00:31:02.4275470Z</when>
        <gx:coord>8.320993 54.294075 624.6112</gx:coord>
        <when>2026-01-01T00:31:07.4545470Z</when>
        <gx:coord>8.32592 54.295303 624.2894</gx:coord>
        <when>2026-01-01T00:31:12.4275470Z</when>
        <gx:coord>8.330849 54.296528 624.2383</gx:coord>
        <when>2026-01-01T00:31:17.4275470Z</when>
        <gx:coord>8.335795 54.29774 624.1897</gx:coord>
        <when>2026-01-01T00:31:18.0805470Z</when>
        <gx:coord>8.336784 54.29798 624.1897</gx:coord>
        <when>2026-01-01T00:31:22.4275470Z</when>
        <gx:coord>8.34073 54.29896 623.72394</gx:coord>
        <when>2026-01-01T00:31:27.4275470Z</when>
        <gx:coord>8.345658 54.300182 623.25446</gx:coord>
        <when>2026-01-01T00:31:32.4275470Z</when>
        <gx:coord>8.35061 54.3014 623.7752</gx:coord>
        <when>2026-01-01T00:31:37.4275470Z</when>
        <gx:coord>8.355575 54.302597 624.3668</gx:coord>
        <when>2026-01-01T00:31:42.4275470Z</when>
        <gx:coord>8.360524 54.303814 625.0067</gx:coord>
        <when>2026-01-01T00:31:45.0775470Z</when>
        <gx:coord>8.363495 54.304543 624.73035</gx:coord>
        <when>2026-01-01T00:31:47.4275470Z</when>
        <gx:coord>8.3654785 54.305023 624.44183</gx:coord>
        <when>2026-01-01T00:31:52.4275470Z</when>
        <gx:coord>8.370442 54.30623 624.2294</gx:coord>
        <when>2026-01-01T00:31:57.4275470Z</when>
        <gx:coord>8.375407 54.30744 624.3234</gx:coord>
        <when>2026-01-01T00:32:02.4275470Z</when>
        <gx:coord>8.380376 54.308643 623.54224</gx:coord>
        <when>2026-01-01T00:32:07.4615470Z</when>
        <gx:coord>8.385334 54.309856 623.54456</gx:coord>
        <when>2026-01-01T00:32:12.0865470Z</when>
        <gx:coord>8.390306 54.311058 623.4919</gx:coord>
        <when>2026-01-01T00:32:12.4285470Z</when>
        <gx:coord>8.390306 54.311058 623.5127</gx:coord>
        <when>2026-01-01T00:32:17.4285470Z</when>
        <gx:coord>8.395284 54.312267 624.00793</gx:coord>
        <when>2026-01-01T00:32:22.4285470Z</when>
        <gx:coord>8.400259 54.313477 624.4221</gx:coord>
        <when>2026-01-01T00:32:27.4285470Z</when>
        <gx:coord>8.405231 54.314686 624.7151</gx:coord>
        <when>2026-01-01T00:32:32.4285470Z</when>
        <gx:coord>8.410185 54.31591 625.68787</gx:coord>
        <when>2026-01-01T00:32:37.4285470Z</when>
        <gx:coord>8.415141 54.31713 625.5818</gx:coord>
        <when>2026-01-01T00:32:39.0925470Z</when>
        <gx:coord>8.417133 54.317616 625.54565</gx:coord>
        <when>2026-01-01T00:32:42.4285470Z</when>
        <gx:coord>8.4201145 54.318344 625.2624</gx:coord>
        <when>2026-01-01T00:32:47.4275470Z</when>
        <gx:coord>8.4250765 54.31956 624.7457</gx:coord>
        <when>2026-01-01T00:33:00.2995470Z</when>
        <gx:coord>8.437935 54.322727 622.097</gx:coord>
        <when>2026-01-01T00:33:05.3005470Z</when>
        <gx:coord>8.442888 54.323925 621.95044</gx:coord>
        <when>2026-01-01T00:33:06.0835470Z</when>
        <gx:coord>8.443875 54.324165 621.95044</gx:coord>
        <when>2026-01-01T00:33:10.3005470Z</when>
        <gx:coord>8.447817 54.325123 622.1945</gx:coord>
        <when>2026-01-01T00:33:15.3005470Z</when>
        <gx:coord>8.45273 54.32633 622.38745</gx:coord>
        <when>2026-01-01T00:33:20.3005470Z</when>
        <gx:coord>8.457637 54.327522 623.0148</gx:coord>
        <when>2026-01-01T00:33:25.3005470Z</when>
        <gx:coord>8.46253 54.32872 623.63586</gx:coord>
        <when>2026-01-01T00:33:30.3005470Z</when>
        <gx:coord>8.467416 54.329914 623.32874</gx:coord>
        <when>2026-01-01T00:33:33.0895470Z</when>
        <gx:coord>8.470355 54.330627 623.21063</gx:coord>
        <when>2026-01-01T00:33:35.3005470Z</when>
        <gx:coord>8.472314 54.33111 622.7996</gx:coord>
        <when>2026-01-01T00:33:53.3365470Z</when>
        <gx:coord>8.489974 54.335438 622.6078</gx:coord>
        <when>2026-01-01T00:33:58.3375470Z</when>
        <gx:coord>8.494874 54.336617 624.2941</gx:coord>
        <when>2026-01-01T00:34:00.0845470Z</when>
        <gx:coord>8.496808 54.337093 623.26904</gx:coord>
        <when>2026-01-01T00:34:03.3375470Z</when>
        <gx:coord>8.499721 54.337803 622.8181</gx:coord>
        <when>2026-01-01T00:34:08.3375470Z</when>
        <gx:coord>8.504598 54.338966 621.4611</gx:coord>
        <when>2026-01-01T00:34:13.3375470Z</when>
        <gx:coord>8.509574 54.33999 621.3081</gx:coord>
        <when>2026-01-01T00:34:18.3375470Z</when>
        <gx:coord>8.514597 54.340923 621.12726</gx:coord>
        <when>2026-01-01T00:34:21.0765470Z</when>
        <gx:coord>8.516628 54.34126 620.99817</gx:coord>
        <when>2026-01-01T00:34:23.3375470Z</when>
        <gx:coord>8.519686 54.341736 621.46783</gx:coord>
        <when>2026-01-01T00:34:28.0865470Z</when>
        <gx:coord>8.524792 54.3425 621.6308</gx:coord>
        <when>2026-01-01T00:34:28.3375470Z</when>
        <gx:coord>8.524792 54.3425 621.2336</gx:coord>
        <when>2026-01-01T00:34:33.3375470Z</when>
        <gx:coord>8.529874 54.343258 619.39386</gx:coord>
        <when>2026-01-01T00:34:38.3375470Z</when>
        <gx:coord>8.534969 54.34399 618.88947</gx:coord>
        <when>2026-01-01T00:34:51.9055470Z</when>
        <gx:coord>8.548229 54.34595 621.4048</gx:coord>
        <when>2026-01-01T00:34:56.0855470Z</when>
        <gx:coord>8.553293 54.34673 621.73376</gx:coord>
        <when>2026-01-01T00:34:56.9065470Z</when>
        <gx:coord>8.553293 54.34673 620.89325</gx:coord>
        <when>2026-01-01T00:35:01.9065470Z</when>
        <gx:coord>8.558395 54.347485 621.3471</gx:coord>
        <when>2026-01-01T00:35:20.0355470Z</when>
        <gx:coord>8.57675 54.350193 622.0424</gx:coord>
        <when>2026-01-01T00:35:24.0815470Z</when>
        <gx:coord>8.581848 54.35095 622.1212</gx:coord>
        <when>2026-01-01T00:35:25.0355470Z</when>
        <gx:coord>8.581848 54.35095 622.27716</gx:coord>
        <when>2026-01-01T00:35:30.0355470Z</when>
        <gx:coord>8.586932 54.351707 621.70654</gx:coord>
        <when>2026-01-01T00:35:35.0355470Z</when>
        <gx:coord>8.5920315 54.352463 621.0324</gx:coord>
        <when>2026-01-01T00:35:40.0365470Z</when>
        <gx:coord>8.597125 54.353218 620.5226</gx:coord>
        <when>2026-01-01T00:35:45.0365470Z</when>
        <gx:coord>8.602213 54.353962 619.85895</gx:coord>
        <when>2026-01-01T00:35:50.0365470Z</when>
        <gx:coord>8.607312 54.354717 620.61</gx:coord>
        <when>2026-01-01T00:35:52.0785470Z</when>
        <gx:coord>8.610377 54.35517 620.9725</gx:coord>
        <when>2026-01-01T00:35:55.0365470Z</when>
        <gx:coord>8.612412 54.35548 621.2936</gx:coord>
        <when>2026-01-01T00:36:00.0355470Z</when>
        <gx:coord>8.617513 54.35624 621.19135</gx:coord>
        <when>2026-01-01T00:36:05.0365470Z</when>
        <gx:coord>8.622615 54.357002 621.1193</gx:coord>
        <when>2026-01-01T00:36:19.1495470Z</when>
        <gx:coord>8.637894 54.359337 622.21796</gx:coord>
        <when>2026-01-01T00:36:20.0845470Z</when>
        <gx:coord>8.638921 54.35949 622.21796</gx:coord>
        <when>2026-01-01T00:36:24.1505470Z</when>
        <gx:coord>8.643 54.36012 622.4174</gx:coord>
        <when>2026-01-01T00:36:29.1505470Z</when>
        <gx:coord>8.648082 54.360905 620.20044</gx:coord>
        <when>2026-01-01T00:36:34.1505470Z</when>
        <gx:coord>8.653156 54.36169 619.2041</gx:coord>
        <when>2026-01-01T00:36:39.1505470Z</when>
        <gx:coord>8.658259 54.362476 619.61536</gx:coord>
        <when>2026-01-01T00:36:42.0755470Z</when>
        <gx:coord>8.660278 54.3628 619.66095</gx:coord>
        <when>2026-01-01T00:36:44.1505470Z</when>
        <gx:coord>8.66335 54.363293 619.7107</gx:coord>
        <when>2026-01-01T00:36:48.0815470Z</when>
        <gx:coord>8.667471 54.363903 620.06354</gx:coord>
        <when>2026-01-01T00:36:49.1505470Z</when>
        <gx:coord>8.668491 54.364063 619.58734</gx:coord>
        <when>2026-01-01T00:36:54.1505470Z</when>
        <gx:coord>8.673677 54.3647 617.5504</gx:coord>
        <when>2026-01-01T00:36:57.0735470Z</when>
        <gx:coord>8.675785 54.364834 617.8719</gx:coord>
        <when>2026-01-01T00:36:59.1505470Z</when>
        <gx:coord>8.678942 54.364967 618.9611</gx:coord>
        <when>2026-01-01T00:37:04.1505470Z</when>
        <gx:coord>8.684217 54.365032 618.11316</gx:coord>
        <when>2026-01-01T00:37:08.0705470Z</when>
        <gx:coord>8.687382 54.364925 617.9802</gx:coord>
        <when>2026-01-01T00:37:09.1505470Z</when>
        <gx:coord>8.689489 54.364796 617.9863</gx:coord>
        <when>2026-01-01T00:37:14.1505470Z</when>
        <gx:coord>8.694699 54.36437 615.05597</gx:coord>
        <when>2026-01-01T00:37:16.0795470Z</when>
        <gx:coord>8.696804 54.36419 615.26025</gx:coord>
        <when>2026-01-01T00:37:19.1655470Z</when>
        <gx:coord>8.699934 54.363876 613.55066</gx:coord>
        <when>2026-01-01T00:37:24.1505470Z</when>
        <gx:coord>8.705152 54.363228 614.829</gx:coord>
        <when>2026-01-01T00:37:26.0695470Z</when>
        <gx:coord>8.706188 54.363068 615.3324</gx:coord>
        <when>2026-01-01T00:37:29.1515470Z</when>
        <gx:coord>8.710225 54.362278 617.29535</gx:coord>
        <when>2026-01-01T00:37:34.1515470Z</when>
        <gx:coord>8.715143 54.361107 619.60455</gx:coord>
        <when>2026-01-01T00:37:39.1505470Z</when>
        <gx:coord>8.72003 54.359974 618.6825</gx:coord>
        <when>2026-01-01T00:37:44.0835470Z</when>
        <gx:coord>8.724931 54.358818 618.8258</gx:coord>
        <when>2026-01-01T00:37:44.1515470Z</when>
        <gx:coord>8.724931 54.358818 618.77106</gx:coord>
        <when>2026-01-01T00:37:49.1505470Z</when>
        <gx:coord>8.729819 54.357662 618.2412</gx:coord>
        <when>2026-01-01T00:37:54.1515470Z</when>
        <gx:coord>8.734698 54.35651 618.1357</gx:coord>
        <when>2026-01-01T00:38:04.4275470Z</when>
        <gx:coord>8.744477 54.354202 620.4469</gx:coord>
        <when>2026-01-01T00:38:09.4295470Z</when>
        <gx:coord>8.749391 54.353043 623.0529</gx:coord>
        <when>2026-01-01T00:38:12.0845470Z</when>
        <gx:coord>8.752304 54.352352 622.7132</gx:coord>
        <when>2026-01-01T00:38:14.4295470Z</when>
        <gx:coord>8.754247 54.35189 622.2368</gx:coord>
        <when>2026-01-01T00:38:19.4295470Z</when>
        <gx:coord>8.759118 54.35074 621.6415</gx:coord>
        <when>2026-01-01T00:38:33.9025470Z</when>
        <gx:coord>8.772775 54.347523 620.201</gx:coord>
        <when>2026-01-01T00:38:38.9035470Z</when>
        <gx:coord>8.777652 54.34638 622.21655</gx:coord>
        <when>2026-01-01T00:38:40.0835470Z</when>
        <gx:coord>8.779601 54.34592 622.46936</gx:coord>
        <when>2026-01-01T00:38:43.9025470Z</when>
        <gx:coord>8.782521 54.345238 623.09436</gx:coord>
        <when>2026-01-01T00:38:48.9035470Z</when>
        <gx:coord>8.787396 54.344097 623.43317</gx:coord>
        <when>2026-01-01T00:38:53.9035470Z</when>
        <gx:coord>8.79228 54.342957 623.4703</gx:coord>
        <when>2026-01-01T00:38:59.5195470Z</when>
        <gx:coord>8.798152 54.341583 623.7763</gx:coord>
        <when>2026-01-01T00:39:03.9045470Z</when>
        <gx:coord>8.802075 54.34067 623.51373</gx:coord>
        <when>2026-01-01T00:39:08.0795470Z</when>
        <gx:coord>8.806983 54.33952 623.18695</gx:coord>
        <when>2026-01-01T00:39:08.9035470Z</when>
        <gx:coord>8.806983 54.33952 623.0843</gx:coord>
        <when>2026-01-01T00:39:13.9035470Z</when>
        <gx:coord>8.811893 54.338367 622.92786</gx:coord>
        <when>2026-01-01T00:39:18.9045470Z</when>
        <gx:coord>8.816792 54.337223 623.0572</gx:coord>
        <when>2026-01-01T00:39:23.9045470Z</when>
        <gx:coord>8.821679 54.336075 623.16113</gx:coord>
        <when>2026-01-01T00:39:28.9045470Z</when>
        <gx:coord>8.82656 54.334923 623.0547</gx:coord>
        <when>2026-01-01T00:39:33.9115470Z</when>
        <gx:coord>8.831427 54.33378 623.30347</gx:coord>
        <when>2026-01-01T00:39:36.0895470Z</when>
        <gx:coord>8.834339 54.333088 623.5715</gx:coord>
        <when>2026-01-01T00:39:38.9045470Z</when>
        <gx:coord>8.836284 54.33263 623.7252</gx:coord>
        <when>2026-01-01T00:39:43.9045470Z</when>
        <gx:coord>8.841131 54.331474 624.1208</gx:coord>
        <when>2026-01-01T00:39:48.9045470Z</when>
        <gx:coord>8.845991 54.330322 625.20654</gx:coord>
        <when>2026-01-01T00:39:53.9045470Z</when>
        <gx:coord>8.850861 54.32914 623.8581</gx:coord>
        <when>2026-01-01T00:39:58.9045470Z</when>
        <gx:coord>8.855737 54.32797 623.15027</gx:coord>
        <when>2026-01-01T00:40:01.0835470Z</when>
        <gx:coord>8.858625 54.327225 622.8043</gx:coord>
        <when>2026-01-01T00:40:02.0715470Z</when>
        <gx:coord>8.858625 54.327225 622.41516</gx:coord>
        <when>2026-01-01T00:40:03.9045470Z</when>
        <gx:coord>8.860491 54.326653 621.3787</gx:coord>
        <when>2026-01-01T00:40:04.0845470Z</when>
        <gx:coord>8.861398 54.326332 621.3787</gx:coord>
        <when>2026-01-01T00:40:08.9045470Z</when>
        <gx:coord>8.864863 54.324955 623.50244</gx:coord>
        <when>2026-01-01T00:40:13.9045470Z</when>
        <gx:coord>8.869142 54.323196 623.69324</gx:coord>
        <when>2026-01-01T00:40:18.9045470Z</when>
        <gx:coord>8.873429 54.321445 622.9808</gx:coord>
        <when>2026-01-01T00:40:22.0715470Z</when>
        <gx:coord>8.875991 54.320385 623.09296</gx:coord>
        <when>2026-01-01T00:40:23.9045470Z</when>
        <gx:coord>8.877644 54.319637 622.4737</gx:coord>
        <when>2026-01-01T00:40:28.9045470Z</when>
        <gx:coord>8.881443 54.317574 622.36127</gx:coord>
        <when>2026-01-01T00:40:30.0735470Z</when>
        <gx:coord>8.882145 54.317135 623.3621</gx:coord>
        <when>2026-01-01T00:40:32.0875470Z</when>
        <gx:coord>8.884213 54.315804 624.04846</gx:coord>
        <when>2026-01-01T00:40:33.9355470Z</when>
        <gx:coord>8.884875 54.31535 623.9018</gx:coord>
        <when>2026-01-01T00:40:37.0735470Z</when>
        <gx:coord>8.886746 54.313934 624.0996</gx:coord>
        <when>2026-01-01T00:40:38.9045470Z</when>
        <gx:coord>8.887924 54.312973 626.37646</gx:coord>
        <when>2026-01-01T00:40:43.9045470Z</when>
        <gx:coord>8.890849 54.31056 627.7692</gx:coord>
        <when>2026-01-01T00:40:48.9045470Z</when>
        <gx:coord>8.893861 54.308163 626.89594</gx:coord>
        <when>2026-01-01T00:40:53.9045470Z</when>
        <gx:coord>8.896859 54.305748 626.4376</gx:coord>
        <when>2026-01-01T00:40:58.9045470Z</when>
        <gx:coord>8.899899 54.303318 624.2775</gx:coord>
        <when>2026-01-01T00:41:00.0845470Z</when>
        <gx:coord>8.901111 54.302345 624.0345</gx:coord>
        <when>2026-01-01T00:41:03.9045470Z</when>
        <gx:coord>8.902924 54.30088 623.7212</gx:coord>
        <when>2026-01-01T00:41:08.9055470Z</when>
        <gx:coord>8.905967 54.29844 623.70825</gx:coord>
        <when>2026-01-01T00:41:13.9045470Z</when>
        <gx:coord>8.909004 54.295998 624.08093</gx:coord>
        <when>2026-01-01T00:41:23.6435470Z</when>
        <gx:coord>8.915081 54.29112 623.70483</gx:coord>
        <when>2026-01-01T00:41:28.0865470Z</when>
        <gx:coord>8.918133 54.288677 623.51013</gx:coord>
        <when>2026-01-01T00:41:28.6445470Z</when>
        <gx:coord>8.918133 54.288677 622.68353</gx:coord>
        <when>2026-01-01T00:41:33.6445470Z</when>
        <gx:coord>8.921181 54.28623 622.98486</gx:coord>
        <when>2026-01-01T00:41:38.6455470Z</when>
        <gx:coord>8.924231 54.28378 623.01215</gx:coord>
        <when>2026-01-01T00:41:43.6445470Z</when>
        <gx:coord>8.92727 54.28133 622.8961</gx:coord>
        <when>2026-01-01T00:41:48.6455470Z</when>
        <gx:coord>8.930306 54.278885 623.0777</gx:coord>
        <when>2026-01-01T00:41:53.6445470Z</when>
        <gx:coord>8.933348 54.27644 623.2354</gx:coord>
        <when>2026-01-01T00:41:56.0845470Z</when>
        <gx:coord>8.935176 54.274975 623.1525</gx:coord>
        <when>2026-01-01T00:41:58.6455470Z</when>
        <gx:coord>8.936396 54.273994 623.4113</gx:coord>
        <when>2026-01-01T00:42:03.6445470Z</when>
        <gx:coord>8.939433 54.271538 624.0764</gx:coord>
        <when>2026-01-01T00:42:08.6455470Z</when>
        <gx:coord>8.942463 54.269077 624.22107</gx:coord>
        <when>2026-01-01T00:42:13.6455470Z</when>
        <gx:coord>8.945507 54.26663 624.66864</gx:coord>
        <when>2026-01-01T00:42:18.6455470Z</when>
        <gx:coord>8.948553 54.26418 624.89435</gx:coord>
        <when>2026-01-01T00:42:23.6755470Z</when>
        <gx:coord>8.951596 54.261738 625.22394</gx:coord>
        <when>2026-01-01T00:42:24.0795470Z</when>
        <gx:coord>8.952206 54.26125 625.22394</gx:coord>
        <when>2026-01-01T00:42:28.6455470Z</when>
        <gx:coord>8.954652 54.2593 625.45465</gx:coord>
        <when>2026-01-01T00:42:33.6455470Z</when>
        <gx:coord>8.957709 54.256863 625.31067</gx:coord>
        <when>2026-01-01T00:42:38.6455470Z</when>
        <gx:coord>8.960773 54.254436 625.1068</gx:coord>
        <when>2026-01-01T00:42:43.6455470Z</when>
        <gx:coord>8.963831 54.252 625.0031</gx:coord>
        <when>2026-01-01T00:42:48.6455470Z</when>
        <gx:coord>8.966876 54.249554 624.91895</gx:coord>
        <when>2026-01-01T00:42:52.0785470Z</when>
        <gx:coord>8.969312 54.2476 624.75366</gx:coord>
        <when>2026-01-01T00:42:53.6455470Z</when>
        <gx:coord>8.969917 54.247112 624.69305</gx:coord>
        <when>2026-01-01T00:42:58.6455470Z</when>
        <gx:coord>8.972968 54.244675 624.69336</gx:coord>
        <when>2026-01-01T00:43:03.6455470Z</when>
        <gx:coord>8.976015 54.242245 624.7545</gx:coord>
        <when>2026-01-01T00:43:08.6455470Z</when>
        <gx:coord>8.97906 54.23982 625.08093</gx:coord>
        <when>2026-01-01T00:43:13.6455470Z</when>
        <gx:coord>8.982103 54.237404 625.75323</gx:coord>
        <when>2026-01-01T00:43:18.6455470Z</when>
        <gx:coord>8.985133 54.234978 625.87036</gx:coord>
        <when>2026-01-01T00:43:20.0755470Z</when>
        <gx:coord>8.986344 54.23401 625.7147</gx:coord>
        <when>2026-01-01T00:43:23.6945470Z</when>
        <gx:coord>8.988175 54.23255 625.37195</gx:coord>
        <when>2026-01-01T00:43:28.6465470Z</when>
        <gx:coord>8.99124 54.230133 624.912</gx:coord>
        <when>2026-01-01T00:43:33.6465470Z</when>
        <gx:coord>8.994298 54.22771 624.80237</gx:coord>
        <when>2026-01-01T00:43:38.6465470Z</when>
        <gx:coord>8.997341 54.225285 625.01056</gx:coord>
        <when>2026-01-01T00:43:43.6455470Z</when>
        <gx:coord>9.000374 54.222855 624.9378</gx:coord>
        <when>2026-01-01T00:43:48.0815470Z</when>
        <gx:coord>9.003337 54.220406 625.2023</gx:coord>
        <when>2026-01-01T00:43:48.6465470Z</when>
        <gx:coord>9.003337 54.220406 625.0378</gx:coord>
        <when>2026-01-01T00:43:49.0705470Z</when>
        <gx:coord>9.003337 54.220406 625.0378</gx:coord>
        <when>2026-01-01T00:43:53.6455470Z</when>
        <gx:coord>9.005588 54.21773 624.8631</gx:coord>
        <when>2026-01-01T00:43:54.0695470Z</when>
        <gx:coord>9.005588 54.21773 624.8631</gx:coord>
        <when>2026-01-01T00:43:58.6455470Z</when>
        <gx:coord>9.007132 54.21492 628.03876</gx:coord>
        <when>2026-01-01T00:44:03.6465470Z</when>
        <gx:coord>9.008632 54.2121 628.448</gx:coord>
        <when>2026-01-01T00:44:08.6465470Z</when>
        <gx:coord>9.010164 54.20928 627.37427</gx:coord>
        <when>2026-01-01T00:44:13.6465470Z</when>
        <gx:coord>9.01169 54.206444 625.6172</gx:coord>
        <when>2026-01-01T00:44:17.0825470Z</when>
        <gx:coord>9.012881 54.20417 624.6251</gx:coord>
        <when>2026-01-01T00:44:41.6845470Z</when>
        <gx:coord>9.019972 54.19067 628.60724</gx:coord>
        <when>2026-01-01T00:44:46.0815470Z</when>
        <gx:coord>9.021461 54.187843 626.8545</gx:coord>
        <when>2026-01-01T00:44:58.3065470Z</when>
        <gx:coord>9.025004 54.18103 627.4426</gx:coord>
        <when>2026-01-01T00:45:04.3665470Z</when>
        <gx:coord>9.02675 54.177635 628.69995</gx:coord>
        <when>2026-01-01T00:45:08.3075470Z</when>
        <gx:coord>9.027929 54.175373 627.7463</gx:coord>
        <when>2026-01-01T00:45:13.3075470Z</when>
        <gx:coord>9.029414 54.172535 627.2887</gx:coord>
        <when>2026-01-01T00:45:15.0765470Z</when>
        <gx:coord>9.030003 54.1714 626.864</gx:coord>
        <when>2026-01-01T00:45:18.3075470Z</when>
        <gx:coord>9.03089 54.16969 626.21216</gx:coord>
        <when>2026-01-01T00:45:23.3075470Z</when>
        <gx:coord>9.032371 54.166836 626.2906</gx:coord>
        <when>2026-01-01T00:45:28.3075470Z</when>
        <gx:coord>9.033795 54.163994 625.35095</gx:coord>
        <when>2026-01-01T00:45:33.3075470Z</when>
        <gx:coord>9.035154 54.16113 625.94635</gx:coord>
        <when>2026-01-01T00:45:38.3075470Z</when>
        <gx:coord>9.03647 54.15826 626.6226</gx:coord>
        <when>2026-01-01T00:45:43.0855470Z</when>
        <gx:coord>9.037806 54.155388 626.78705</gx:coord>
        <when>2026-01-01T00:45:43.3085470Z</when>
        <gx:coord>9.037806 54.155388 626.79834</gx:coord>
        <when>2026-01-01T00:46:11.0905470Z</when>
        <gx:coord>9.04539 54.139317 625.8761</gx:coord>
        <when>2026-01-01T00:46:40.0855470Z</when>
        <gx:coord>9.053283 54.122723 625.4089</gx:coord>
        <when>2026-01-01T00:46:56.7315470Z</when>
        <gx:coord>9.057691 54.113594 624.8027</gx:coord>
        <when>2026-01-01T00:47:01.7325470Z</when>
        <gx:coord>9.059034 54.11074 625.46985</gx:coord>
        <when>2026-01-01T00:47:09.0855470Z</when>
        <gx:coord>9.061062 54.10616 625.5203</gx:coord>
        <when>2026-01-01T00:47:23.2265470Z</when>
        <gx:coord>9.064239 54.098076 623.205</gx:coord>
        <when>2026-01-01T00:47:28.2275470Z</when>
        <gx:coord>9.065378 54.095177 622.62256</gx:coord>
        <when>2026-01-01T00:47:38.0795470Z</when>
        <gx:coord>9.067628 54.089405 621.84515</gx:coord>
        <when>2026-01-01T00:47:46.6555470Z</when>
        <gx:coord>9.069456 54.084774 622.999</gx:coord>
        <when>2026-01-01T00:47:58.4845470Z</when>
        <gx:coord>9.072199 54.07783 624.6854</gx:coord>
        <when>2026-01-01T00:48:03.4865470Z</when>
        <gx:coord>9.073341 54.074947 625.7746</gx:coord>
        <when>2026-01-01T00:48:07.0835470Z</when>
        <gx:coord>9.074257 54.072636 625.6419</gx:coord>
        <when>2026-01-01T00:48:08.4865470Z</when>
        <gx:coord>9.074489 54.072052 625.3581</gx:coord>
        <when>2026-01-01T00:48:13.6965470Z</when>
        <gx:coord>9.075651 54.06916 624.8482</gx:coord>
        <when>2026-01-01T00:48:18.4865470Z</when>
        <gx:coord>9.076818 54.06627 624.8461</gx:coord>
        <when>2026-01-01T00:48:23.4885470Z</when>
        <gx:coord>9.077975 54.063374 625.22046</gx:coord>
        <when>2026-01-01T00:48:28.4865470Z</when>
        <gx:coord>9.079146 54.06047 625.2064</gx:coord>
        <when>2026-01-01T00:48:33.4865470Z</when>
        <gx:coord>9.080327 54.05756 624.576</gx:coord>
        <when>2026-01-01T00:48:35.0815470Z</when>
        <gx:coord>9.080795 54.056393 624.5088</gx:coord>
        <when>2026-01-01T00:48:38.4865470Z</when>
        <gx:coord>9.0815 54.054646 623.76953</gx:coord>
        <when>2026-01-01T00:48:43.4865470Z</when>
        <gx:coord>9.0826845 54.051743 623.70703</gx:coord>
        <when>2026-01-01T00:48:48.4865470Z</when>
        <gx:coord>9.083869 54.048855 624.6486</gx:coord>
        <when>2026-01-01T00:48:53.4865470Z</when>
        <gx:coord>9.085051 54.04597 625.17377</gx:coord>
        <when>2026-01-01T00:48:58.5165470Z</when>
        <gx:coord>9.086234 54.043083 625.3194</gx:coord>
        <when>2026-01-01T00:49:03.0905470Z</when>
        <gx:coord>9.087408 54.040195 625.2409</gx:coord>
        <when>2026-01-01T00:49:03.4865470Z</when>
        <gx:coord>9.087408 54.040195 625.15027</gx:coord>
        <when>2026-01-01T00:49:08.4865470Z</when>
        <gx:coord>9.088591 54.037315 624.8998</gx:coord>
        <when>2026-01-01T00:49:13.4875470Z</when>
        <gx:coord>9.089768 54.03442 624.73285</gx:coord>
        <when>2026-01-01T00:49:18.4865470Z</when>
        <gx:coord>9.090943 54.031513 624.51855</gx:coord>
        <when>2026-01-01T00:49:29.9905470Z</when>
        <gx:coord>9.093511 54.02513 624.4873</gx:coord>
        <when>2026-01-01T00:49:31.0935470Z</when>
        <gx:coord>9.093991 54.023964 624.59875</gx:coord>
        <when>2026-01-01T00:49:34.9915470Z</when>
        <gx:coord>9.094657 54.022243 626.95905</gx:coord>
        <when>2026-01-01T00:49:39.9915470Z</when>
        <gx:coord>9.095853 54.019363 624.3227</gx:coord>
        <when>2026-01-01T00:49:51.8505470Z</when>
        <gx:coord>9.098651 54.01239 624.16455</gx:coord>
        <when>2026-01-01T00:49:56.1715470Z</when>
        <gx:coord>9.099805 54.009506 624.5569</gx:coord>
        <when>2026-01-01T00:50:00.0855470Z</when>
        <gx:coord>9.100713 54.007214 625.9417</gx:coord>
        <when>2026-01-01T00:50:07.1175470Z</when>
        <gx:coord>9.102321 54.003227 626.0582</gx:coord>
        <when>2026-01-01T00:50:12.1185470Z</when>
        <gx:coord>9.103431 54.00038 626.2154</gx:coord>
        <when>2026-01-01T00:50:17.1185470Z</when>
        <gx:coord>9.104547 53.997528 626.5758</gx:coord>
        <when>2026-01-01T00:50:22.1185470Z</when>
        <gx:coord>9.105654 53.994667 623.8311</gx:coord>
        <when>2026-01-01T00:50:27.1185470Z</when>
        <gx:coord>9.10676 53.991802 624.5466</gx:coord>
        <when>2026-01-01T00:50:29.0895470Z</when>
        <gx:coord>9.107213 53.990665 626.13116</gx:coord>
        <when>2026-01-01T00:50:32.1185470Z</when>
        <gx:coord>9.107863 53.98896 626.86884</gx:coord>
        <when>2026-01-01T00:50:37.1185470Z</when>
        <gx:coord>9.108972 53.986122 627.25653</gx:coord>
        <when>2026-01-01T00:50:42.1185470Z</when>
        <gx:coord>9.110045 53.983242 626.98114</gx:coord>
        <when>2026-01-01T00:50:47.1185470Z</when>
        <gx:coord>9.111172 53.980297 626.0156</gx:coord>
        <when>2026-01-01T00:50:52.1275470Z</when>
        <gx:coord>9.1123295 53.977295 621.84973</gx:coord>
        <when>2026-01-01T00:50:57.0885470Z</when>
        <gx:coord>9.113443 53.974216 610.4392</gx:coord>
        <when>2026-01-01T00:50:57.1205470Z</when>
        <gx:coord>9.113443 53.974216 608.5665</gx:coord>
        <when>2026-01-01T00:51:13.7395470Z</when>
        <gx:coord>9.117128 53.964333 577.24963</gx:coord>
        <when>2026-01-01T00:51:17.0715470Z</when>
        <gx:coord>9.118072 53.961884 570.83765</gx:coord>
        <when>2026-01-01T00:51:18.7405470Z</when>
        <gx:coord>9.1182995 53.96126 569.3877</gx:coord>
        <when>2026-01-01T00:51:23.7405470Z</when>
        <gx:coord>9.119402 53.958168 561.1867</gx:coord>
        <when>2026-01-01T00:51:24.0865470Z</when>
        <gx:coord>9.11962 53.957542 561.1867</gx:coord>
        <when>2026-01-01T00:51:28.7405470Z</when>
        <gx:coord>9.120536 53.955048 556.26355</gx:coord>
        <when>2026-01-01T00:51:35.0005470Z</when>
        <gx:coord>9.121927 53.951355 554.00775</gx:coord>
        <when>2026-01-01T00:51:40.0015470Z</when>
        <gx:coord>9.123107 53.94833 557.2867</gx:coord>
        <when>2026-01-01T00:51:45.0025470Z</when>
        <gx:coord>9.124254 53.945343 565.50037</gx:coord>
        <when>2026-01-01T00:51:50.0025470Z</when>
        <gx:coord>9.12534 53.94235 566.9375</gx:coord>
        <when>2026-01-01T00:51:51.0865470Z</when>
        <gx:coord>9.125736 53.941147 566.73706</gx:coord>
        <when>2026-01-01T00:51:55.0025470Z</when>
        <gx:coord>9.126392 53.939354 561.7562</gx:coord>
        <when>2026-01-01T00:52:08.8535470Z</when>
        <gx:coord>9.129585 53.930916 558</gx:coord>
        <when>2026-01-01T00:52:19.0875470Z</when>
        <gx:coord>9.132134 53.924328 556.9736</gx:coord>
        <when>2026-01-01T00:52:27.5315470Z</when>
        <gx:coord>9.133916 53.919632 551.6809</gx:coord>
        <when>2026-01-01T00:52:32.5325470Z</when>
        <gx:coord>9.13505 53.91669 553.97687</gx:coord>
        <when>2026-01-01T00:52:37.5375470Z</when>
        <gx:coord>9.136264 53.91379 559.1736</gx:coord>
        <when>2026-01-01T00:52:42.5325470Z</when>
        <gx:coord>9.137428 53.91087 562.09143</gx:coord>
        <when>2026-01-01T00:52:47.0815470Z</when>
        <gx:coord>9.138589 53.90792 560.81195</gx:coord>
        <when>2026-01-01T00:53:10.0815470Z</when>
        <gx:coord>9.1437845 53.894455 562.4857</gx:coord>
        <when>2026-01-01T00:53:15.0775470Z</when>
        <gx:coord>9.144925 53.89149 558.54553</gx:coord>
        <when>2026-01-01T00:53:17.0195470Z</when>
        <gx:coord>9.145141 53.890896 557.8796</gx:coord>
        <when>2026-01-01T00:53:43.0825470Z</when>
        <gx:coord>9.151124 53.875214 560.69727</gx:coord>
        <when>2026-01-01T00:53:44.9945470Z</when>
        <gx:coord>9.151353 53.874634 561.01843</gx:coord>
        <when>2026-01-01T00:53:49.9955470Z</when>
        <gx:coord>9.152526 53.871708 561.51556</gx:coord>
        <when>2026-01-01T00:53:54.9965470Z</when>
        <gx:coord>9.153773 53.868805 561.7902</gx:coord>
        <when>2026-01-01T00:53:59.9965470Z</when>
        <gx:coord>9.155576 53.86599 558.6655</gx:coord>
        <when>2026-01-01T00:54:03.0775470Z</when>
        <gx:coord>9.15702 53.864346 561.11816</gx:coord>
        <when>2026-01-01T00:54:04.9965470Z</when>
        <gx:coord>9.158118 53.863308 557.9955</gx:coord>
        <when>2026-01-01T00:54:08.0745470Z</when>
        <gx:coord>9.160068 53.861835 561.50745</gx:coord>
        <when>2026-01-01T00:54:09.9965470Z</when>
        <gx:coord>9.161553 53.860954 562.9786</gx:coord>
        <when>2026-01-01T00:54:11.0845470Z</when>
        <gx:coord>9.163131 53.860134 562.9591</gx:coord>
        <when>2026-01-01T00:54:14.9965470Z</when>
        <gx:coord>9.165613 53.858986 563.47906</gx:coord>
        <when>2026-01-01T00:54:15.0765470Z</when>
        <gx:coord>9.165613 53.858986 563.47906</gx:coord>
        <when>2026-01-01T00:54:19.9975470Z</when>
        <gx:coord>9.169806 53.857113 561.52216</gx:coord>
        <when>2026-01-01T00:54:24.9975470Z</when>
        <gx:coord>9.174106 53.85533 560.9446</gx:coord>
        <when>2026-01-01T00:54:29.0755470Z</when>
        <gx:coord>9.177795 53.854126 560.1546</gx:coord>
        <when>2026-01-01T00:54:29.9975470Z</when>
        <gx:coord>9.178744 53.85385 560.31085</gx:coord>
        <when>2026-01-01T00:54:34.9975470Z</when>
        <gx:coord>9.183582 53.852592 561.8722</gx:coord>
        <when>2026-01-01T00:54:38.0785470Z</when>
        <gx:coord>9.187539 53.8517 562.48505</gx:coord>
        <when>2026-01-01T00:54:39.9975470Z</when>
        <gx:coord>9.18853 53.851482 562.73975</gx:coord>
        <when>2026-01-01T00:54:45.0335470Z</when>
        <gx:coord>9.19347 53.85037 562.6117</gx:coord>
        <when>2026-01-01T00:54:49.9985470Z</when>
        <gx:coord>9.198333 53.849133 562.6092</gx:coord>
        <when>2026-01-01T00:54:54.9985470Z</when>
        <gx:coord>9.203006 53.847675 563.749</gx:coord>
        <when>2026-01-01T00:54:59.9985470Z</when>
        <gx:coord>9.207682 53.846233 563.3709</gx:coord>
        <when>2026-01-01T00:55:04.9985470Z</when>
        <gx:coord>9.212371 53.84478 563.0805</gx:coord>
        <when>2026-01-01T00:55:05.0755470Z</when>
        <gx:coord>9.213308 53.84449 563.0805</gx:coord>
        <when>2026-01-01T00:55:09.9985470Z</when>
        <gx:coord>9.217047 53.843323 562.44055</gx:coord>
        <when>2026-01-01T00:55:14.9985470Z</when>
        <gx:coord>9.221708 53.841854 561.4073</gx:coord>
        <when>2026-01-01T00:55:19.9995470Z</when>
        <gx:coord>9.22638 53.840416 561.3684</gx:coord>
        <when>2026-01-01T00:55:24.9985470Z</when>
        <gx:coord>9.231014 53.838993 559.5438</gx:coord>
        <when>2026-01-01T00:55:29.9995470Z</when>
        <gx:coord>9.235642 53.837578 564.977</gx:coord>
        <when>2026-01-01T00:55:32.0775470Z</when>
        <gx:coord>9.238443 53.83671 564.2023</gx:coord>
        <when>2026-01-01T00:55:34.9995470Z</when>
        <gx:coord>9.240302 53.836113 564.8334</gx:coord>
        <when>2026-01-01T00:55:40.0115470Z</when>
        <gx:coord>9.244957 53.83462 562.7315</gx:coord>
        <when>2026-01-01T00:55:45.0355470Z</when>
        <gx:coord>9.249604 53.83318 557.6529</gx:coord>
        <when>2026-01-01T00:55:49.9995470Z</when>
        <gx:coord>9.254306 53.8317 554.0369</gx:coord>
        <when>2026-01-01T00:55:55.0015470Z</when>
        <gx:coord>9.25887 53.83009 549.834</gx:coord>
        <when>2026-01-01T00:55:59.0815470Z</when>
        <gx:coord>9.263338 53.82832 552.9306</gx:coord>
        <when>2026-01-01T00:56:09.0745470Z</when>
        <gx:coord>9.271441 53.82511 556.23737</gx:coord>
        <when>2026-01-01T00:56:10.2695470Z</when>
        <gx:coord>9.273253 53.824406 557.0783</gx:coord>
        <when>2026-01-01T00:56:15.2715470Z</when>
        <gx:coord>9.277782 53.822643 556.94086</gx:coord>
        <when>2026-01-01T00:56:20.2705470Z</when>
        <gx:coord>9.282339 53.820904 555.1295</gx:coord>
        <when>2026-01-01T00:56:25.0785470Z</when>
        <gx:coord>9.2868595 53.819103 553.4564</gx:coord>
        <when>2026-01-01T00:56:25.2705470Z</when>
        <gx:coord>9.2868595 53.819103 553.30743</gx:coord>
        <when>2026-01-01T00:56:26.0745470Z</when>
        <gx:coord>9.2868595 53.819103 553.30743</gx:coord>
        <when>2026-01-01T00:56:30.2715470Z</when>
        <gx:coord>9.291051 53.81708 555.0883</gx:coord>
        <when>2026-01-01T00:56:35.2715470Z</when>
        <gx:coord>9.29511 53.815044 555.36475</gx:coord>
        <when>2026-01-01T00:56:40.2715470Z</when>
        <gx:coord>9.29911 53.81302 557.1654</gx:coord>
        <when>2026-01-01T00:56:45.2715470Z</when>
        <gx:coord>9.303043 53.811005 559.5278</gx:coord>
        <when>2026-01-01T00:56:52.0835470Z</when>
        <gx:coord>9.308504 53.80822 560.0456</gx:coord>
        <when>2026-01-01T00:56:54.6265470Z</when>
        <gx:coord>9.310064 53.80742 560.332</gx:coord>
        <when>2026-01-01T00:56:59.6275470Z</when>
        <gx:coord>9.313957 53.805405 559.9291</gx:coord>
        <when>2026-01-01T00:57:04.6275470Z</when>
        <gx:coord>9.317846 53.8034 559.9828</gx:coord>
        <when>2026-01-01T00:57:09.6285470Z</when>
        <gx:coord>9.321647 53.80135 560.4032</gx:coord>
        <when>2026-01-01T00:57:14.6275470Z</when>
        <gx:coord>9.325299 53.79922 560.789</gx:coord>
        <when>2026-01-01T00:57:19.6285470Z</when>
        <gx:coord>9.3289175 53.797096 559.4926</gx:coord>
        <when>2026-01-01T00:57:20.0825470Z</when>
        <gx:coord>9.329633 53.796673 559.4926</gx:coord>
        <when>2026-01-01T00:57:24.6285470Z</when>
        <gx:coord>9.332481 53.794956 559.7104</gx:coord>
        <when>2026-01-01T00:57:29.6285470Z</when>
        <gx:coord>9.336061 53.79282 561.5373</gx:coord>
        <when>2026-01-01T00:57:34.6285470Z</when>
        <gx:coord>9.339628 53.79067 562.1468</gx:coord>
        <when>2026-01-01T00:57:39.6285470Z</when>
        <gx:coord>9.343211 53.78852 563.38605</gx:coord>
        <when>2026-01-01T00:57:44.6345470Z</when>
        <gx:coord>9.34683 53.78636 564.3003</gx:coord>
        <when>2026-01-01T00:57:48.0835470Z</when>
        <gx:coord>9.349729 53.7846 562.8692</gx:coord>
        <when>2026-01-01T00:57:49.6295470Z</when>
        <gx:coord>9.35046 53.78416 562.435</gx:coord>
        <when>2026-01-01T00:57:54.6525470Z</when>
        <gx:coord>9.354109 53.781956 560.9346</gx:coord>
        <when>2026-01-01T00:57:59.6295470Z</when>
        <gx:coord>9.357739 53.77973 563.06934</gx:coord>
        <when>2026-01-01T00:58:04.6295470Z</when>
        <gx:coord>9.361391 53.777508 561.73895</gx:coord>
        <when>2026-01-01T00:58:09.6295470Z</when>
        <gx:coord>9.365105 53.77532 562.97064</gx:coord>
        <when>2026-01-01T00:58:14.6295470Z</when>
        <gx:coord>9.368822 53.77313 562.5443</gx:coord>
        <when>2026-01-01T00:58:15.0855470Z</when>
        <gx:coord>9.36957 53.772694 562.5443</gx:coord>
        <when>2026-01-01T00:58:19.6295470Z</when>
        <gx:coord>9.372545 53.77093 563.8294</gx:coord>
        <when>2026-01-01T00:58:24.6295470Z</when>
        <gx:coord>9.376278 53.76872 563.99207</gx:coord>
        <when>2026-01-01T00:58:29.6305470Z</when>
        <gx:coord>9.379939 53.766476 561.2871</gx:coord>
        <when>2026-01-01T00:58:34.6305470Z</when>
        <gx:coord>9.383567 53.76425 561.06177</gx:coord>
        <when>2026-01-01T00:58:39.6305470Z</when>
        <gx:coord>9.387194 53.76206 562.91785</gx:coord>
        <when>2026-01-01T00:58:42.0815470Z</when>
        <gx:coord>9.389344 53.760742 562.55176</gx:coord>
        <when>2026-01-01T00:58:44.6305470Z</when>
        <gx:coord>9.3907795 53.75987 562.6068</gx:coord>
        <when>2026-01-01T00:58:50.1175470Z</when>
        <gx:coord>9.39506 53.757244 563.39343</gx:coord>
        <when>2026-01-01T00:58:55.1175470Z</when>
        <gx:coord>9.398598 53.755047 562.4932</gx:coord>
        <when>2026-01-01T00:59:00.1185470Z</when>
        <gx:coord>9.402146 53.752876 563.2222</gx:coord>
        <when>2026-01-01T00:59:05.1185470Z</when>
        <gx:coord>9.405727 53.750717 563.4236</gx:coord>
        <when>2026-01-01T00:59:10.0865470Z</when>
        <gx:coord>9.409302 53.74856 563.1208</gx:coord>
        <when>2026-01-01T00:59:10.1185470Z</when>
        <gx:coord>9.409302 53.74856 563.01764</gx:coord>
        <when>2026-01-01T00:59:15.1195470Z</when>
        <gx:coord>9.412852 53.746403 562.5853</gx:coord>
        <when>2026-01-01T00:59:20.1185470Z</when>
        <gx:coord>9.416388 53.74424 561.4725</gx:coord>
        <when>2026-01-01T00:59:25.1185470Z</when>
        <gx:coord>9.419981 53.742065 557.77106</gx:coord>
        <when>2026-01-01T00:59:30.1195470Z</when>
        <gx:coord>9.423602 53.739857 554.28723</gx:coord>
        <when>2026-01-01T00:59:35.1195470Z</when>
        <gx:coord>9.427213 53.737644 551.2693</gx:coord>
        <when>2026-01-01T00:59:38.0795470Z</when>
        <gx:coord>9.42864 53.73675 550.56366</gx:coord>
        <when>2026-01-01T00:59:38.0855470Z</when>
        <gx:coord>9.429347 53.7363 550.56366</gx:coord>
        <when>2026-01-01T00:59:40.1195470Z</when>
        <gx:coord>9.430763 53.735405 550.99023</gx:coord>
        <when>2026-01-01T00:59:45.1195470Z</when>
        <gx:coord>9.434337 53.733204 553.70807</gx:coord>
        <when>2026-01-01T00:59:50.1355470Z</when>
        <gx:coord>9.43792 53.731026 554.98535</gx:coord>
        <when>2026-01-01T00:59:55.1205470Z</when>
        <gx:coord>9.441489 53.728848 554.5926</gx:coord>
        <when>2026-01-01T01:00:00.1205470Z</when>
        <gx:coord>9.445052 53.72669 555.0373</gx:coord>
        <when>2026-01-01T01:00:05.1205470Z</when>
        <gx:coord>9.448568 53.724545 556.59845</gx:coord>
        <when>2026-01-01T01:00:06.0755470Z</when>
        <gx:coord>9.448568 53.724545 556.59845</gx:coord>
        <when>2026-01-01T01:00:06.0775470Z</when>
        <gx:coord>9.449264 53.724117 556.59845</gx:coord>
        <when>2026-01-01T01:00:10.1195470Z</when>
        <gx:coord>9.452064 53.722404 557.3397</gx:coord>
        <when>2026-01-01T01:00:15.1205470Z</when>
        <gx:coord>9.455591 53.720284 559.15875</gx:coord>
        <when>2026-01-01T01:00:20.1205470Z</when>
        <gx:coord>9.459151 53.718166 558.1867</gx:coord>
        <when>2026-01-01T01:00:25.1195470Z</when>
        <gx:coord>9.46269 53.716015 556.81616</gx:coord>
        <when>2026-01-01T01:00:30.1215470Z</when>
        <gx:coord>9.466183 53.713818 555.0066</gx:coord>
        <when>2026-01-01T01:00:34.0865470Z</when>
        <gx:coord>9.468979 53.712048 553.6838</gx:coord>
        <when>2026-01-01T01:00:35.1195470Z</when>
        <gx:coord>9.469675 53.711605 553.6147</gx:coord>
        <when>2026-01-01T01:00:40.1195470Z</when>
        <gx:coord>9.473149 53.709377 553.36554</gx:coord>
        <when>2026-01-01T01:00:45.1195470Z</when>
        <gx:coord>9.476602 53.70715 554.03894</gx:coord>
        <when>2026-01-01T01:00:50.1325470Z</when>
        <gx:coord>9.480043 53.704933 554.94196</gx:coord>
        <when>2026-01-01T01:00:55.1205470Z</when>
        <gx:coord>9.48347 53.702713 555.9723</gx:coord>
        <when>2026-01-01T01:01:00.1205470Z</when>
        <gx:coord>9.486892 53.70049 556.5351</gx:coord>
        <when>2026-01-01T01:01:02.0875470Z</when>
        <gx:coord>9.488261 53.6996 556.53284</gx:coord>
        <when>2026-01-01T01:01:05.1205470Z</when>
        <gx:coord>9.490326 53.698265 555.78705</gx:coord>
        <when>2026-01-01T01:01:10.1205470Z</when>
        <gx:coord>9.493789 53.69604 555.34985</gx:coord>
        <when>2026-01-01T01:01:15.1225470Z</when>
        <gx:coord>9.497203 53.693783 554.1715</gx:coord>
        <when>2026-01-01T01:01:20.1205470Z</when>
        <gx:coord>9.500602 53.69153 553.2307</gx:coord>
        <when>2026-01-01T01:01:25.1215470Z</when>
        <gx:coord>9.504009 53.68929 552.7584</gx:coord>
        <when>2026-01-01T01:01:30.0885470Z</when>
        <gx:coord>9.507373 53.687084 553.44214</gx:coord>
        <when>2026-01-01T01:01:30.1235470Z</when>
        <gx:coord>9.507373 53.687084 553.5286</gx:coord>
        <when>2026-01-01T01:01:35.1205470Z</when>
        <gx:coord>9.510723 53.68494 554.9525</gx:coord>
        <when>2026-01-01T01:01:40.1205470Z</when>
        <gx:coord>9.514059 53.68286 558.4029</gx:coord>
        <when>2026-01-01T01:01:45.1215470Z</when>
        <gx:coord>9.517368 53.680805 559.3198</gx:coord>
        <when>2026-01-01T01:01:50.1505470Z</when>
        <gx:coord>9.520653 53.678764 558.7151</gx:coord>
        <when>2026-01-01T01:01:55.1215470Z</when>
        <gx:coord>9.523904 53.67673 558.651</gx:coord>
        <when>2026-01-01T01:02:00.0885470Z</when>
        <gx:coord>9.527139 53.67471 558.985</gx:coord>
        <when>2026-01-01T01:02:00.1215470Z</when>
        <gx:coord>9.527139 53.67471 559.2813</gx:coord>
        <when>2026-01-01T01:02:05.1215470Z</when>
        <gx:coord>9.530355 53.6727 558.7048</gx:coord>
        <when>2026-01-01T01:02:09.0825470Z</when>
        <gx:coord>9.532264 53.671494 558.4017</gx:coord>
        <when>2026-01-01T01:02:10.1215470Z</when>
        <gx:coord>9.533516 53.67069 558.46606</gx:coord>
        <when>2026-01-01T01:02:15.1215470Z</when>
        <gx:coord>9.536619 53.668682 560.07886</gx:coord>
        <when>2026-01-01T01:02:20.1215470Z</when>
        <gx:coord>9.539727 53.666702 560.51495</gx:coord>
        <when>2026-01-01T01:02:25.1205470Z</when>
        <gx:coord>9.542833 53.664734 560.44135</gx:coord>
        <when>2026-01-01T01:02:30.1245470Z</when>
        <gx:coord>9.545957 53.662777 560.0182</gx:coord>
        <when>2026-01-01T01:02:31.0905470Z</when>
        <gx:coord>9.546584 53.662388 560.0182</gx:coord>
        <when>2026-01-01T01:02:35.1215470Z</when>
        <gx:coord>9.5491 53.66083 559.8772</gx:coord>
        <when>2026-01-01T01:02:40.1215470Z</when>
        <gx:coord>9.552256 53.658897 560.2013</gx:coord>
        <when>2026-01-01T01:02:45.1215470Z</when>
        <gx:coord>9.5554085 53.656967 560.43134</gx:coord>
        <when>2026-01-01T01:02:50.1565470Z</when>
        <gx:coord>9.558571 53.655045 560.8089</gx:coord>
        <when>2026-01-01T01:02:55.1215470Z</when>
        <gx:coord>9.561727 53.65313 560.6641</gx:coord>
        <when>2026-01-01T01:03:00.1215470Z</when>
        <gx:coord>9.564875 53.651222 561.1101</gx:coord>
        <when>2026-01-01T01:03:03.0885470Z</when>
        <gx:coord>9.56675 53.650078 561.2153</gx:coord>
        <when>2026-01-01T01:03:05.1215470Z</when>
        <gx:coord>9.568004 53.64932 561.8095</gx:coord>
        <when>2026-01-01T01:03:10.1255470Z</when>
        <gx:coord>9.571103 53.647392 563.5944</gx:coord>
        <when>2026-01-01T01:03:15.1215470Z</when>
        <gx:coord>9.574253 53.645473 563.16394</gx:coord>
        <when>2026-01-01T01:03:20.1215470Z</when>
        <gx:coord>9.577431 53.64354 559.1472</gx:coord>
        <when>2026-01-01T01:03:25.1225470Z</when>
        <gx:coord>9.580584 53.64159 560.9348</gx:coord>
        <when>2026-01-01T01:03:30.1215470Z</when>
        <gx:coord>9.583736 53.639645 560.88025</gx:coord>
        <when>2026-01-01T01:03:34.0925470Z</when>
        <gx:coord>9.586218 53.638054 562.4584</gx:coord>
        <when>2026-01-01T01:03:35.1215470Z</when>
        <gx:coord>9.586837 53.63765 563.08624</gx:coord>
        <when>2026-01-01T01:03:40.1275470Z</when>
        <gx:coord>9.589925 53.635624 563.40985</gx:coord>
        <when>2026-01-01T01:03:45.1225470Z</when>
        <gx:coord>9.5929785 53.633553 562.36957</gx:coord>
        <when>2026-01-01T01:03:50.1355470Z</when>
        <gx:coord>9.596041 53.631474 560.13916</gx:coord>
        <when>2026-01-01T01:03:55.1225470Z</when>
        <gx:coord>9.599118 53.62942 561.2625</gx:coord>
        <when>2026-01-01T01:04:00.1295470Z</when>
        <gx:coord>9.602183 53.627354 563.067</gx:coord>
        <when>2026-01-01T01:04:05.0935470Z</when>
        <gx:coord>9.605213 53.62524 562.0194</gx:coord>
        <when>2026-01-01T01:04:05.1215470Z</when>
        <gx:coord>9.605213 53.62524 562.5874</gx:coord>
        <when>2026-01-01T01:04:10.1225470Z</when>
        <gx:coord>9.608292 53.623135 562.2407</gx:coord>
        <when>2026-01-01T01:04:15.1215470Z</when>
        <gx:coord>9.611422 53.621037 561.0431</gx:coord>
        <when>2026-01-01T01:04:20.1215470Z</when>
        <gx:coord>9.614544 53.618935 558.7516</gx:coord>
        <when>2026-01-01T01:04:25.1215470Z</when>
        <gx:coord>9.617659 53.616844 560.22076</gx:coord>
        <when>2026-01-01T01:04:30.1235470Z</when>
        <gx:coord>9.620731 53.614758 558.9312</gx:coord>
        <when>2026-01-01T01:04:35.0875470Z</when>
        <gx:coord>9.623785 53.61268 560.1325</gx:coord>
        <when>2026-01-01T01:04:35.1235470Z</when>
        <gx:coord>9.623785 53.61268 560.36884</gx:coord>
        <when>2026-01-01T01:04:40.1215470Z</when>
        <gx:coord>9.626866 53.61064 561.69336</gx:coord>
        <when>2026-01-01T01:04:45.1215470Z</when>
        <gx:coord>9.6299715 53.608627 563.37195</gx:coord>
        <when>2026-01-01T01:04:50.1535470Z</when>
        <gx:coord>9.633068 53.606613 562.6642</gx:coord>
        <when>2026-01-01T01:04:55.1215470Z</when>
        <gx:coord>9.636129 53.604584 561.85144</gx:coord>
        <when>2026-01-01T01:05:00.1215470Z</when>
        <gx:coord>9.639163 53.60258 561.69824</gx:coord>
        <when>2026-01-01T01:05:05.1215470Z</when>
        <gx:coord>9.642154 53.600605 561.94977</gx:coord>
        <when>2026-01-01T01:05:06.0885470Z</when>
        <gx:coord>9.64275 53.600212 561.94977</gx:coord>
        <when>2026-01-01T01:05:10.1285470Z</when>
        <gx:coord>9.64514 53.598663 563.5624</gx:coord>
        <when>2026-01-01T01:05:15.1215470Z</when>
        <gx:coord>9.6481695 53.596733 563.2467</gx:coord>
        <when>2026-01-01T01:05:20.1225470Z</when>
        <gx:coord>9.651236 53.594795 562.04706</gx:coord>
        <when>2026-01-01T01:05:25.1225470Z</when>
        <gx:coord>9.654297 53.59283 561.213</gx:coord>
        <when>2026-01-01T01:05:30.1215470Z</when>
        <gx:coord>9.657353 53.590843 560.4244</gx:coord>
        <when>2026-01-01T01:05:35.1215470Z</when>
        <gx:coord>9.6603985 53.588852 559.9531</gx:coord>
        <when>2026-01-01T01:05:38.0825470Z</when>
        <gx:coord>9.662237 53.58766 559.9336</gx:coord>
        <when>2026-01-01T01:05:40.1255470Z</when>
        <gx:coord>9.663466 53.586872 560.56665</gx:coord>
        <when>2026-01-01T01:05:45.1225470Z</when>
        <gx:coord>9.666542 53.584877 562.371</gx:coord>
        <when>2026-01-01T01:05:50.1395470Z</when>
        <gx:coord>9.66959 53.58286 560.0343</gx:coord>
        <when>2026-01-01T01:05:55.1225470Z</when>
        <gx:coord>9.672649 53.58085 560.757</gx:coord>
        <when>2026-01-01T01:06:00.1215470Z</when>
        <gx:coord>9.675722 53.578846 560.1616</gx:coord>
        <when>2026-01-01T01:06:05.1225470Z</when>
        <gx:coord>9.678777 53.576817 563.9892</gx:coord>
        <when>2026-01-01T01:06:09.0845470Z</when>
        <gx:coord>9.681263 53.57516 559.57043</gx:coord>
        <when>2026-01-01T01:06:10.1225470Z</when>
        <gx:coord>9.681927 53.574768 558.41254</gx:coord>
        <when>2026-01-01T01:06:13.0895470Z</when>
        <gx:coord>9.683343 53.574024 556.0606</gx:coord>
        <when>2026-01-01T01:06:15.0815470Z</when>
        <gx:coord>9.68485 53.57335 555.9095</gx:coord>
        <when>2026-01-01T01:06:15.1235470Z</when>
        <gx:coord>9.685619 53.57302 556.5441</gx:coord>
        <when>2026-01-01T01:06:20.1225470Z</when>
        <gx:coord>9.689424 53.57137 557.6037</gx:coord>
        <when>2026-01-01T01:06:25.1215470Z</when>
        <gx:coord>9.693259 53.569767 557.43396</gx:coord>
        <when>2026-01-01T01:06:30.1235470Z</when>
        <gx:coord>9.697157 53.56827 557.55756</gx:coord>
        <when>2026-01-01T01:06:34.0815470Z</when>
        <gx:coord>9.699614 53.567524 559.0329</gx:coord>
        <when>2026-01-01T01:06:35.1225470Z</when>
        <gx:coord>9.701304 53.567093 560.1962</gx:coord>
        <when>2026-01-01T01:06:40.0875470Z</when>
        <gx:coord>9.705617 53.566162 560.61456</gx:coord>
        <when>2026-01-01T01:06:40.1225470Z</when>
        <gx:coord>9.705617 53.566162 560.31793</gx:coord>
        <when>2026-01-01T01:06:44.0825470Z</when>
        <gx:coord>9.708266 53.565716 560.56775</gx:coord>
        <when>2026-01-01T01:06:45.1215470Z</when>
        <gx:coord>9.710047 53.565453 560.8314</gx:coord>
        <when>2026-01-01T01:06:50.1535470Z</when>
        <gx:coord>9.714522 53.564808 559.452</gx:coord>
        <when>2026-01-01T01:06:55.1215470Z</when>
        <gx:coord>9.719047 53.56421 556.7645</gx:coord>
        <when>2026-01-01T01:07:00.1215470Z</when>
        <gx:coord>9.723557 53.56364 556.7605</gx:coord>
        <when>2026-01-01T01:07:05.1325470Z</when>
        <gx:coord>9.72806 53.56312 558.7779</gx:coord>
        <when>2026-01-01T01:07:10.1225470Z</when>
        <gx:coord>9.732552 53.562614 559.4512</gx:coord>
        <when>2026-01-01T01:07:11.0885470Z</when>
        <gx:coord>9.733452 53.562515 559.4512</gx:coord>
        <when>2026-01-01T01:07:30.3895470Z</when>
        <gx:coord>9.750642 53.560745 560.8995</gx:coord>
        <when>2026-01-01T01:07:35.3905470Z</when>
        <gx:coord>9.755204 53.560257 560.64355</gx:coord>
        <when>2026-01-01T01:07:42.0925470Z</when>
        <gx:coord>9.761584 53.55958 559.30896</gx:coord>
        <when>2026-01-01T01:07:46.2525470Z</when>
        <gx:coord>9.765249 53.55919 559.11615</gx:coord>
        <when>2026-01-01T01:07:51.2535470Z</when>
        <gx:coord>9.7698 53.558685 560.67096</gx:coord>
        <when>2026-01-01T01:07:56.2535470Z</when>
        <gx:coord>9.774387 53.558167 560.6963</gx:coord>
        <when>2026-01-01T01:08:01.2535470Z</when>
        <gx:coord>9.7789955 53.55764 558.82043</gx:coord>
        <when>2026-01-01T01:08:06.2535470Z</when>
        <gx:coord>9.783605 53.557117 559.38367</gx:coord>
        <when>2026-01-01T01:08:11.2545470Z</when>
        <gx:coord>9.788237 53.556587 558.66876</gx:coord>
        <when>2026-01-01T01:08:12.0895470Z</when>
        <gx:coord>9.789165 53.556488 558.66876</gx:coord>
        <when>2026-01-01T01:08:23.3745470Z</when>
        <gx:coord>9.799358 53.555355 556.6087</gx:coord>
        <when>2026-01-01T01:08:28.3755470Z</when>
        <gx:coord>9.803977 53.55484 555.8777</gx:coord>
        <when>2026-01-01T01:08:42.0935470Z</when>
        <gx:coord>9.816781 53.553448 558.71704</gx:coord>
        <when>2026-01-01T01:08:51.5575470Z</when>
        <gx:coord>9.824948 53.552555 560.6201</gx:coord>
        <when>2026-01-01T01:08:56.5575470Z</when>
        <gx:coord>9.829504 53.55206 559.14996</gx:coord>
        <when>2026-01-01T01:09:11.0655470Z</when>
        <gx:coord>9.8422575 53.550697 558.0695</gx:coord>
        <when>2026-01-01T01:09:13.0895470Z</when>
        <gx:coord>9.844994 53.550396 557.91364</gx:coord>
        <when>2026-01-01T01:09:16.0665470Z</when>
        <gx:coord>9.846809 53.550205 557.5758</gx:coord>
        <when>2026-01-01T01:09:21.0665470Z</when>
        <gx:coord>9.85138 53.549706 557.5244</gx:coord>
        <when>2026-01-01T01:09:44.0845470Z</when>
        <gx:coord>9.873456 53.547333 555.86743</gx:coord>
        <when>2026-01-01T01:09:47.3525470Z</when>
        <gx:coord>9.876228 53.547035 556.0256</gx:coord>
        <when>2026-01-01T01:09:52.3535470Z</when>
        <gx:coord>9.880865 53.546547 556.466</gx:coord>
        <when>2026-01-01T01:09:57.3535470Z</when>
        <gx:coord>9.885486 53.546062 556.67224</gx:coord>
        <when>2026-01-01T01:10:02.3535470Z</when>
        <gx:coord>9.890081 53.54557 556.623</gx:coord>
        <when>2026-01-01T01:10:07.3535470Z</when>
        <gx:coord>9.894648 53.545063 555.7329</gx:coord>
        <when>2026-01-01T01:10:12.3535470Z</when>
        <gx:coord>9.899243 53.544563 556.7893</gx:coord>
        <when>2026-01-01T01:10:14.0865470Z</when>
        <gx:coord>9.901072 53.544365 556.86646</gx:coord>
        <when>2026-01-01T01:10:17.3535470Z</when>
        <gx:coord>9.903796 53.544044 557.2334</gx:coord>
        <when>2026-01-01T01:10:22.3535470Z</when>
        <gx:coord>9.908371 53.54353 557.74084</gx:coord>
        <when>2026-01-01T01:10:27.3535470Z</when>
        <gx:coord>9.9129505 53.543026 558.854</gx:coord>
        <when>2026-01-01T01:10:33.7155470Z</when>
        <gx:coord>9.918426 53.54241 558.53754</gx:coord>
        <when>2026-01-01T01:10:38.7175470Z</when>
        <gx:coord>9.922995 53.541912 557.4731</gx:coord>
        <when>2026-01-01T01:10:43.7175470Z</when>
        <gx:coord>9.927559 53.541412 558.1467</gx:coord>
        <when>2026-01-01T01:10:45.1185470Z</when>
        <gx:coord>9.9293785 53.541214 558.33765</gx:coord>
        <when>2026-01-01T01:11:16.0895470Z</when>
        <gx:coord>9.957655 53.53814 556.19354</gx:coord>
        <when>2026-01-01T01:11:30.7035470Z</when>
        <gx:coord>9.97051 53.536747 558.4961</gx:coord>
        <when>2026-01-01T01:11:47.0905470Z</when>
        <gx:coord>9.986051 53.53499 555.6816</gx:coord>
        <when>2026-01-01T01:11:48.3045470Z</when>
        <gx:coord>9.986949 53.53489 556.22784</gx:coord>
        <when>2026-01-01T01:11:53.3055470Z</when>
        <gx:coord>9.991455 53.534393 557.9526</gx:coord>
        <when>2026-01-01T01:11:58.3055470Z</when>
        <gx:coord>9.995957 53.533897 560.714</gx:coord>
        <when>2026-01-01T01:12:03.4685470Z</when>
        <gx:coord>10.000433 53.533367 559.87384</gx:coord>
        <when>2026-01-01T01:12:18.0815470Z</when>
        <gx:coord>10.014168 53.531868 557.8677</gx:coord>
        <when>2026-01-01T01:12:35.8155470Z</when>
        <gx:coord>10.030129 53.53018 559.56305</gx:coord>
        <when>2026-01-01T01:12:37.1225470Z</when>
        <gx:coord>10.032006 53.529995 559.0236</gx:coord>
        <when>2026-01-01T01:12:40.8165470Z</when>
        <gx:coord>10.034858 53.52971 558.18134</gx:coord>
        <when>2026-01-01T01:12:45.8175470Z</when>
        <gx:coord>10.039648 53.5292 554.57495</gx:coord>
        <when>2026-01-01T01:12:48.1115470Z</when>
        <gx:coord>10.042506 53.52887 553.84924</gx:coord>
        <when>2026-01-01T01:12:50.8175470Z</when>
        <gx:coord>10.044384 53.52858 550.3542</gx:coord>
        <when>2026-01-01T01:12:54.0785470Z</when>
        <gx:coord>10.047076 53.527954 549.79065</gx:coord>
        <when>2026-01-01T01:12:55.8185470Z</when>
        <gx:coord>10.048783 53.527466 551.365</gx:coord>
        <when>2026-01-01T01:13:00.8185470Z</when>
        <gx:coord>10.052835 53.52606 556.1201</gx:coord>
        <when>2026-01-01T01:13:05.8315470Z</when>
        <gx:coord>10.056693 53.524624 559.02106</gx:coord>
        <when>2026-01-01T01:13:10.8185470Z</when>
        <gx:coord>10.060527 53.523186 559.62134</gx:coord>
        <when>2026-01-01T01:13:15.8525470Z</when>
        <gx:coord>10.064338 53.521744 560.1425</gx:coord>
        <when>2026-01-01T01:13:19.0935470Z</when>
        <gx:coord>10.067402 53.520588 559.0578</gx:coord>
        <when>2026-01-01T01:13:20.8515470Z</when>
        <gx:coord>10.068174 53.520298 558.01746</gx:coord>
        <when>2026-01-01T01:13:25.8185470Z</when>
        <gx:coord>10.071998 53.518837 556.65515</gx:coord>
        <when>2026-01-01T01:13:30.8185470Z</when>
        <gx:coord>10.0758095 53.517403 556.87885</gx:coord>
        <when>2026-01-01T01:13:35.8785470Z</when>
        <gx:coord>10.079604 53.515957 557.35364</gx:coord>
        <when>2026-01-01T01:13:40.8195470Z</when>
        <gx:coord>10.0833845 53.514507 558.36554</gx:coord>
        <when>2026-01-01T01:13:45.8195470Z</when>
        <gx:coord>10.087179 53.51305 556.46844</gx:coord>
        <when>2026-01-01T01:13:50.0905470Z</when>
        <gx:coord>10.091235 53.511833 552.448</gx:coord>
        <when>2026-01-01T01:13:50.8195470Z</when>
        <gx:coord>10.091235 53.511833 552.8058</gx:coord>
        <when>2026-01-01T01:13:53.0785470Z</when>
        <gx:coord>10.09297 53.51149 551.55927</gx:coord>
        <when>2026-01-01T01:13:55.8195470Z</when>
        <gx:coord>10.095665 53.511196 552.1628</gx:coord>
        <when>2026-01-01T01:13:57.0755470Z</when>
        <gx:coord>10.096592 53.511166 551.3301</gx:coord>
        <when>2026-01-01T01:14:00.8195470Z</when>
        <gx:coord>10.100323 53.51128 542.9196</gx:coord>
        <when>2026-01-01T01:14:02.0835470Z</when>
        <gx:coord>10.101256 53.511353 540.5409</gx:coord>
        <when>2026-01-01T01:14:02.0835470Z</when>
        <gx:coord>10.102194 53.51144 538.1738</gx:coord>
        <when>2026-01-01T01:14:05.8255470Z</when>
        <gx:coord>10.105001 53.51183 535.37067</gx:coord>
        <when>2026-01-01T01:14:08.0715470Z</when>
        <gx:coord>10.106817 53.512177 532.2609</gx:coord>
        <when>2026-01-01T01:14:10.8235470Z</when>
        <gx:coord>10.1093855 53.51292 530.9626</gx:coord>
        <when>2026-01-01T01:14:12.0805470Z</when>
        <gx:coord>10.110198 53.51322 530.0769</gx:coord>
        <when>2026-01-01T01:14:15.0785470Z</when>
        <gx:coord>10.11238 53.514294 524.982</gx:coord>
        <when>2026-01-01T01:14:15.8195470Z</when>
        <gx:coord>10.11302 53.51471 524.26886</gx:coord>
        <when>2026-01-01T01:14:18.0775470Z</when>
        <gx:coord>10.114113 53.515617 528.8221</gx:coord>
        <when>2026-01-01T01:14:20.8195470Z</when>
        <gx:coord>10.11527 53.51708 534.43726</gx:coord>
        <when>2026-01-01T01:14:21.0815470Z</when>
        <gx:coord>10.11527 53.51708 534.43726</gx:coord>
        <when>2026-01-01T01:14:24.0815470Z</when>
        <gx:coord>10.115809 53.51861 542.8907</gx:coord>
        <when>2026-01-01T01:14:25.0775470Z</when>
        <gx:coord>10.115864 53.51912 545.0883</gx:coord>
        <when>2026-01-01T01:14:25.0805470Z</when>
        <gx:coord>10.115864 53.51912 545.0883</gx:coord>
        <when>2026-01-01T01:14:25.0895470Z</when>
        <gx:coord>10.117618 53.518913 545.0883</gx:coord>
        <when>2026-01-01T01:14:25.0895470Z</when>
        <gx:coord>10.117618 53.518913 498.38666</gx:coord>
        <when>2026-01-01T01:14:25.8255470Z</when>
        <gx:coord>10.117618 53.518913 498.38666</gx:coord>
        <when>2026-01-01T01:14:27.0795470Z</when>
        <gx:coord>10.11771 53.51934 496.81668</gx:coord>
        <when>2026-01-01T01:14:28.0835470Z</when>
        <gx:coord>10.116329 53.52023 495.0565</gx:coord>
        <when>2026-01-01T01:14:30.0815470Z</when>
        <gx:coord>10.118149 53.520676 502.01624</gx:coord>
        <when>2026-01-01T01:14:30.8355470Z</when>
        <gx:coord>10.115505 53.52178 498.81308</gx:coord>
        <when>2026-01-01T01:14:33.0805470Z</when>
        <gx:coord>10.114628 53.522747 493.06873</gx:coord>
        <when>2026-01-01T01:14:35.8625470Z</when>
        <gx:coord>10.11309 53.524067 482.09085</gx:coord>
        <when>2026-01-01T01:14:39.0785470Z</when>
        <gx:coord>10.111244 53.525272 488.15298</gx:coord>
        <when>2026-01-01T01:14:40.8255470Z</when>
        <gx:coord>10.109807 53.525936 485.28485</gx:coord>
        <when>2026-01-01T01:14:41.0785470Z</when>
        <gx:coord>10.109807 53.525936 485.28485</gx:coord>
        <when>2026-01-01T01:14:45.8205470Z</when>
        <gx:coord>10.105311 53.526608 503.02115</gx:coord>
        <when>2026-01-01T01:14:47.0835470Z</when>
        <gx:coord>10.104353 53.526604 502.36047</gx:coord>
        <when>2026-01-01T01:14:48.0785470Z</when>
        <gx:coord>10.10325 53.526276 501.41638</gx:coord>
        <when>2026-01-01T01:14:50.8205470Z</when>
        <gx:coord>10.100151 53.525944 504.3873</gx:coord>
        <when>2026-01-01T01:14:55.8265470Z</when>
        <gx:coord>10.094869 53.525345 522.6919</gx:coord>
        <when>2026-01-01T01:14:57.0795470Z</when>
        <gx:coord>10.092607 53.525063 551.7455</gx:coord>
        <when>2026-01-01T01:14:59.0865470Z</when>
        <gx:coord>10.090753 53.524837 552.3316</gx:coord>
        <when>2026-01-01T01:15:00.8205470Z</when>
        <gx:coord>10.08983 53.52472 553.77466</gx:coord>
        <when>2026-01-01T01:15:01.0785470Z</when>
        <gx:coord>10.08983 53.52472 553.77466</gx:coord>
        <when>2026-01-01T01:15:05.8205470Z</when>
        <gx:coord>10.085276 53.524048 555.2439</gx:coord>
        <when>2026-01-01T01:15:10.8215470Z</when>
        <gx:coord>10.080746 53.523678 555.19293</gx:coord>
        <when>2026-01-01T01:15:12.0785470Z</when>
        <gx:coord>10.079816 53.523666 556.41254</gx:coord>
        <when>2026-01-01T01:15:15.8215470Z</when>
        <gx:coord>10.07614 53.523678 555.6277</gx:coord>
        <when>2026-01-01T01:15:20.8215470Z</when>
        <gx:coord>10.071568 53.523712 554.07495</gx:coord>
        <when>2026-01-01T01:15:25.8215470Z</when>
        <gx:coord>10.067078 53.52388 556.037</gx:coord>
        <when>2026-01-01T01:15:30.0935470Z</when>
        <gx:coord>10.062687 53.524067 558.05115</gx:coord>
        <when>2026-01-01T01:15:30.8215470Z</when>
        <gx:coord>10.062687 53.524067 557.935</gx:coord>
        <when>2026-01-01T01:15:34.0785470Z</when>
        <gx:coord>10.060107 53.52427 558.86066</gx:coord>
        <when>2026-01-01T01:15:35.8595470Z</when>
        <gx:coord>10.058428 53.524467 560.5554</gx:coord>
        <when>2026-01-01T01:15:40.8215470Z</when>
        <gx:coord>10.0542965 53.524933 561.3639</gx:coord>
        <when>2026-01-01T01:15:45.8215470Z</when>
        <gx:coord>10.050218 53.52534 561.5677</gx:coord>
        <when>2026-01-01T01:15:50.8215470Z</when>
        <gx:coord>10.046165 53.52574 564.76044</gx:coord>
        <when>2026-01-01T01:15:55.8215470Z</when>
        <gx:coord>10.04212 53.52613 562.59375</gx:coord>
        <when>2026-01-01T01:16:00.8225470Z</when>
        <gx:coord>10.038099 53.526558 562.16785</gx:coord>
        <when>2026-01-01T01:16:04.0785470Z</when>
        <gx:coord>10.035711 53.526833 563.6487</gx:coord>
        <when>2026-01-01T01:16:04.0875470Z</when>
        <gx:coord>10.034916 53.52692 563.6487</gx:coord>
        <when>2026-01-01T01:16:05.8225470Z</when>
        <gx:coord>10.034118 53.527004 563.23145</gx:coord>
        <when>2026-01-01T01:16:10.8225470Z</when>
        <gx:coord>10.030122 53.52744 563.06915</gx:coord>
        <when>2026-01-01T01:16:15.8225470Z</when>
        <gx:coord>10.026054 53.52783 558.0806</gx:coord>
        <when>2026-01-01T01:16:20.0885470Z</when>
        <gx:coord>10.022006 53.528374 562.0235</gx:coord>
        <when>2026-01-01T01:16:20.8225470Z</when>
        <gx:coord>10.022006 53.528374 563.12335</gx:coord>
        <when>2026-01-01T01:16:25.8225470Z</when>
        <gx:coord>10.017946 53.52903 564.1416</gx:coord>
        <when>2026-01-01T01:16:30.8225470Z</when>
        <gx:coord>10.0137415 53.529663 555.8323</gx:coord>
        <when>2026-01-01T01:16:35.8545470Z</when>
        <gx:coord>10.009507 53.53033 556.16846</gx:coord>
        <when>2026-01-01T01:16:38.0895470Z</when>
        <gx:coord>10.006976 53.530724 556.14374</gx:coord>
        <when>2026-01-01T01:16:40.8225470Z</when>
        <gx:coord>10.005306 53.530994 558.68097</gx:coord>
        <when>2026-01-01T01:16:45.8225470Z</when>
        <gx:coord>10.001162 53.531666 562.0191</gx:coord>
        <when>2026-01-01T01:16:50.8225470Z</when>
        <gx:coord>9.997005 53.532333 563.75073</gx:coord>
        <when>2026-01-01T01:16:55.8225470Z</when>
        <gx:coord>9.992814 53.533024 560.51776</gx:coord>
        <when>2026-01-01T01:17:00.8225470Z</when>
        <gx:coord>9.988628 53.533676 560.84406</gx:coord>
        <when>2026-01-01T01:17:05.8225470Z</when>
        <gx:coord>9.98448 53.53431 562.0561</gx:coord>
        <when>2026-01-01T01:17:10.8225470Z</when>
        <gx:coord>9.980331 53.534946 565.49115</gx:coord>
        <when>2026-01-01T01:17:11.0935470Z</when>
        <gx:coord>9.979505 53.535084 565.49115</gx:coord>
        <when>2026-01-01T01:17:15.8225470Z</when>
        <gx:coord>9.976172 53.535633 561.9429</gx:coord>
        <when>2026-01-01T01:17:20.8225470Z</when>
        <gx:coord>9.971986 53.536343 559.651</gx:coord>
        <when>2026-01-01T01:17:25.8225470Z</when>
        <gx:coord>9.967818 53.537052 557.9917</gx:coord>
        <when>2026-01-01T01:17:30.8235470Z</when>
        <gx:coord>9.963662 53.537735 559.0973</gx:coord>
        <when>2026-01-01T01:17:35.8285470Z</when>
        <gx:coord>9.959548 53.538406 560.6518</gx:coord>
        <when>2026-01-01T01:17:40.8235470Z</when>
        <gx:coord>9.955458 53.539062 563.04236</gx:coord>
        <when>2026-01-01T01:17:44.0895470Z</when>
        <gx:coord>9.952205 53.539577 562.8838</gx:coord>
        <when>2026-01-01T01:17:45.8225470Z</when>
        <gx:coord>9.951394 53.539707 562.37213</gx:coord>
        <when>2026-01-01T01:18:05.0275470Z</when>
        <gx:coord>9.936083 53.542294 561.96265</gx:coord>
        <when>2026-01-01T01:18:10.0295470Z</when>
        <gx:coord>9.932121 53.54297 561.5448</gx:coord>
        <when>2026-01-01T01:18:15.0295470Z</when>
        <gx:coord>9.928161 53.543636 560.6775</gx:coord>
        <when>2026-01-01T01:18:18.0925470Z</when>
        <gx:coord>9.924974 53.544117 556.12024</gx:coord>
        <when>2026-01-01T01:18:20.0295470Z</when>
        <gx:coord>9.924193 53.544243 556.7404</gx:coord>
        <when>2026-01-01T01:18:25.0295470Z</when>
        <gx:coord>9.9203 53.544647 555.07654</gx:coord>
        <when>2026-01-01T01:18:26.0795470Z</when>
        <gx:coord>9.919456 53.54465 555.4194</gx:coord>
        <when>2026-01-01T01:18:29.0765470Z</when>
        <gx:coord>9.916926 53.544464 557.122</gx:coord>
        <when>2026-01-01T01:18:30.0295470Z</when>
        <gx:coord>9.916135 53.544342 557.29553</gx:coord>
        <when>2026-01-01T01:18:32.0905470Z</when>
        <gx:coord>9.914588 53.54399 558.2234</gx:coord>
        <when>2026-01-01T01:18:36.0885470Z</when>
        <gx:coord>9.911706 53.54305 559.2419</gx:coord>
        <when>2026-01-01T01:18:40.0865470Z</when>
        <gx:coord>9.909187 53.54173 560.77466</gx:coord>
        <when>2026-01-01T01:18:43.0805470Z</when>
        <gx:coord>9.907668 53.540516 560.505</gx:coord>
        <when>2026-01-01T01:18:47.0875470Z</when>
        <gx:coord>9.9062 53.5387 559.3926</gx:coord>
        <when>2026-01-01T01:18:51.0885470Z</when>
        <gx:coord>9.90542 53.5367 558.53534</gx:coord>
        <when>2026-01-01T01:18:55.0795470Z</when>
        <gx:coord>9.905358 53.534622 560.89276</gx:coord>
        <when>2026-01-01T01:18:59.0775470Z</when>
        <gx:coord>9.905767 53.532536 561.25366</gx:coord>
        <when>2026-01-01T01:19:00.0975470Z</when>
        <gx:coord>9.906035 53.531483 560.42334</gx:coord>
        <when>2026-01-01T01:19:31.0875470Z</when>
        <gx:coord>9.910093 53.514782 555.02264</gx:coord>
        <when>2026-01-01T01:19:39.4395470Z</when>
        <gx:coord>9.9112215 53.510532 555.72437</gx:coord>
        <when>2026-01-01T01:19:44.4405470Z</when>
        <gx:coord>9.911951 53.507927 562.7744</gx:coord>
        <when>2026-01-01T01:19:49.4405470Z</when>
        <gx:coord>9.912614 53.505238 561.9051</gx:coord>
        <when>2026-01-01T01:19:54.4405470Z</when>
        <gx:coord>9.913365 53.502464 559.5553</gx:coord>
        <when>2026-01-01T01:19:59.4405470Z</when>
        <gx:coord>9.914174 53.499638 557.2136</gx:coord>
        <when>2026-01-01T01:20:02.0825470Z</when>
        <gx:coord>9.914484 53.498497 554.81464</gx:coord>
        <when>2026-01-01T01:20:02.0965470Z</when>
        <gx:coord>9.914639 53.49792 554.81464</gx:coord>
        <when>2026-01-01T01:20:04.4415470Z</when>
        <gx:coord>9.914968 53.49678 558.19183</gx:coord>
        <when>2026-01-01T01:20:09.4405470Z</when>
        <gx:coord>9.915774 53.49401 562.30505</gx:coord>
        <when>2026-01-01T01:20:14.4405470Z</when>
        <gx:coord>9.916409 53.491142 567.3274</gx:coord>
        <when>2026-01-01T01:20:19.4415470Z</when>
        <gx:coord>9.917104 53.488323 567.2187</gx:coord>
        <when>2026-01-01T01:20:24.4415470Z</when>
        <gx:coord>9.9177685 53.485527 566.86066</gx:coord>
        <when>2026-01-01T01:20:28.0835470Z</when>
        <gx:coord>9.91835 53.483887 565.59216</gx:coord>
        <when>2026-01-01T01:20:29.4415470Z</when>
        <gx:coord>9.918958 53.482834 564.91345</gx:coord>
        <when>2026-01-01T01:20:32.0775470Z</when>
        <gx:coord>9.919737 53.481815 566.37964</gx:coord>
        <when>2026-01-01T01:20:32.0875470Z</when>
        <gx:coord>9.920177 53.481327 566.37964</gx:coord>
        <when>2026-01-01T01:20:34.4415470Z</when>
        <gx:coord>9.921121 53.48037 566.2542</gx:coord>
        <when>2026-01-01T01:20:39.4765470Z</when>
        <gx:coord>9.923636 53.478065 571.204</gx:coord>
        <when>2026-01-01T01:20:44.4415470Z</when>
        <gx:coord>9.926082 53.475796 579.04974</gx:coord>
        <when>2026-01-01T01:20:45.0775470Z</when>
        <gx:coord>9.926082 53.475796 579.04974</gx:coord>
        <when>2026-01-01T01:20:47.0775470Z</when>
        <gx:coord>9.927502 53.474457 583.8087</gx:coord>
        <when>2026-01-01T01:20:49.4455470Z</when>
        <gx:coord>9.928453 53.473583 588.29535</gx:coord>
        <when>2026-01-01T01:20:54.4415470Z</when>
        <gx:coord>9.930855 53.47143 598.40155</gx:coord>
        <when>2026-01-01T01:21:01.0705470Z</when>
        <gx:coord>9.934211 53.46839 614.8331</gx:coord>
        <when>2026-01-01T01:21:04.0985470Z</when>
        <gx:coord>9.935623 53.46709 619.6888</gx:coord>
        <when>2026-01-01T01:21:14.0735470Z</when>
        <gx:coord>9.940422 53.462753 648.47723</gx:coord>
        <when>2026-01-01T01:21:21.0945470Z</when>
        <gx:coord>9.943763 53.459682 661.1784</gx:coord>
        <when>2026-01-01T01:21:35.0905470Z</when>
        <gx:coord>9.951056 53.453167 656.2623</gx:coord>
        <when>2026-01-01T01:21:36.0805470Z</when>
        <gx:coord>9.951056 53.453167 655.6384</gx:coord>
        <when>2026-01-01T01:21:42.3185470Z</when>
        <gx:coord>9.954907 53.44971 652.15936</gx:coord>
        <when>2026-01-01T01:21:47.3195470Z</when>
        <gx:coord>9.957709 53.447132 648.6829</gx:coord>
        <when>2026-01-01T01:21:52.3195470Z</when>
        <gx:coord>9.9605465 53.44455 646.3571</gx:coord>
        <when>2026-01-01T01:21:57.3195470Z</when>
        <gx:coord>9.963324 53.441998 650.03723</gx:coord>
        <when>2026-01-01T01:22:02.3195470Z</when>
        <gx:coord>9.966104 53.43948 654.55084</gx:coord>
        <when>2026-01-01T01:22:03.1015470Z</when>
        <gx:coord>9.966658 53.438976 654.55084</gx:coord>
        <when>2026-01-01T01:22:07.3195470Z</when>
        <gx:coord>9.968854 53.436916 655.2487</gx:coord>
        <when>2026-01-01T01:22:12.3195470Z</when>
        <gx:coord>9.971669 53.43437 662.75793</gx:coord>
        <when>2026-01-01T01:22:17.3195470Z</when>
        <gx:coord>9.97451 53.431774 656.91547</gx:coord>
        <when>2026-01-01T01:22:18.0805470Z</when>
        <gx:coord>9.97451 53.431774 656.91547</gx:coord>
        <when>2026-01-01T01:22:22.3195470Z</when>
        <gx:coord>9.977323 53.42909 645.18475</gx:coord>
        <when>2026-01-01T01:22:27.3195470Z</when>
        <gx:coord>9.980091 53.426407 639.87494</gx:coord>
        <when>2026-01-01T01:22:30.0895470Z</when>
        <gx:coord>9.981726 53.42482 639.4895</gx:coord>
        <when>2026-01-01T01:22:32.3195470Z</when>
        <gx:coord>9.982817 53.42377 642.65106</gx:coord>
        <when>2026-01-01T01:22:37.3195470Z</when>
        <gx:coord>9.98551 53.421204 650.07733</gx:coord>
        <when>2026-01-01T01:22:42.3535470Z</when>
        <gx:coord>9.988179 53.418694 655.3967</gx:coord>
        <when>2026-01-01T01:22:47.3205470Z</when>
        <gx:coord>9.99087 53.41624 657.43097</gx:coord>
        <when>2026-01-01T01:22:52.3195470Z</when>
        <gx:coord>9.993588 53.413795 656.2648</gx:coord>
        <when>2026-01-01T01:22:57.3205470Z</when>
        <gx:coord>9.996306 53.411354 655.7772</gx:coord>
        <when>2026-01-01T01:22:59.0825470Z</when>
        <gx:coord>9.9968405 53.410866 655.74664</gx:coord>
        <when>2026-01-01T01:22:59.0965470Z</when>
        <gx:coord>9.997375 53.410378 655.74664</gx:coord>
        <when>2026-01-01T01:23:02.3205470Z</when>
        <gx:coord>9.998988 53.40891 657.0441</gx:coord>
        <when>2026-01-01T01:23:07.3205470Z</when>
        <gx:coord>10.001683 53.406452 657.3147</gx:coord>
        <when>2026-01-01T01:23:12.3205470Z</when>
        <gx:coord>10.004404 53.404007 656.05084</gx:coord>
        <when>2026-01-01T01:23:17.3205470Z</when>
        <gx:coord>10.0072 53.401577 656.52136</gx:coord>
        <when>2026-01-01T01:23:22.3205470Z</when>
        <gx:coord>10.010106 53.39917 657.2794</gx:coord>
        <when>2026-01-01T01:23:27.3215470Z</when>
        <gx:coord>10.013007 53.39677 656.1232</gx:coord>
        <when>2026-01-01T01:23:28.0935470Z</when>
        <gx:coord>10.013586 53.39629 656.1232</gx:coord>
        <when>2026-01-01T01:23:32.3215470Z</when>
        <gx:coord>10.01589 53.39436 656.4592</gx:coord>
        <when>2026-01-01T01:23:37.3215470Z</when>
        <gx:coord>10.018771 53.391953 656.6711</gx:coord>
        <when>2026-01-01T01:23:42.3725470Z</when>
        <gx:coord>10.021664 53.38957 656.28577</gx:coord>
        <when>2026-01-01T01:23:47.3215470Z</when>
        <gx:coord>10.024542 53.3872 655.85205</gx:coord>
        <when>2026-01-01T01:23:52.3215470Z</when>
        <gx:coord>10.027371 53.384827 658.12085</gx:coord>
        <when>2026-01-01T01:23:57.0895470Z</when>
        <gx:coord>10.030212 53.382427 659.60925</gx:coord>
        <when>2026-01-01T01:23:57.3215470Z</when>
        <gx:coord>10.030212 53.382427 659.72363</gx:coord>
        <when>2026-01-01T01:24:02.3215470Z</when>
        <gx:coord>10.033072 53.38001 654.947</gx:coord>
        <when>2026-01-01T01:24:07.3215470Z</when>
        <gx:coord>10.035923 53.37759 655.1631</gx:coord>
        <when>2026-01-01T01:24:12.3215470Z</when>
        <gx:coord>10.038746 53.375187 656.4889</gx:coord>
        <when>2026-01-01T01:24:17.3225470Z</when>
        <gx:coord>10.041534 53.37279 658.4632</gx:coord>
        <when>2026-01-01T01:24:22.3225470Z</when>
        <gx:coord>10.044371 53.370384 666.5911</gx:coord>
        <when>2026-01-01T01:24:26.0905470Z</when>
        <gx:coord>10.046685 53.368427 662.69086</gx:coord>
        <when>2026-01-01T01:24:27.3225470Z</when>
        <gx:coord>10.047269 53.36793 661.60583</gx:coord>
        <when>2026-01-01T01:24:32.3225470Z</when>
        <gx:coord>10.050216 53.365414 661.225</gx:coord>
        <when>2026-01-01T01:24:37.3225470Z</when>
        <gx:coord>10.053207 53.362865 656.6055</gx:coord>
        <when>2026-01-01T01:24:39.0825470Z</when>
        <gx:coord>10.053803 53.362347 655.4367</gx:coord>
        <when>2026-01-01T01:24:42.3485470Z</when>
        <gx:coord>10.056174 53.360252 651.6026</gx:coord>
        <when>2026-01-01T01:24:47.3225470Z</when>
        <gx:coord>10.059053 53.3576 655.8239</gx:coord>
        <when>2026-01-01T01:24:52.3225470Z</when>
        <gx:coord>10.061944 53.355022 659.1742</gx:coord>
        <when>2026-01-01T01:24:53.0885470Z</when>
        <gx:coord>10.062516 53.354515 659.1742</gx:coord>
        <when>2026-01-01T01:24:57.3225470Z</when>
        <gx:coord>10.064784 53.35252 668.67035</gx:coord>
        <when>2026-01-01T01:25:00.0815470Z</when>
        <gx:coord>10.065903 53.351555 674.7653</gx:coord>
        <when>2026-01-01T01:25:01.0855470Z</when>
        <gx:coord>10.067008 53.35061 681.7839</gx:coord>
        <when>2026-01-01T01:25:02.3225470Z</when>
        <gx:coord>10.067554 53.350143 685.1141</gx:coord>
        <when>2026-01-01T01:25:07.3235470Z</when>
        <gx:coord>10.070244 53.347885 703.2654</gx:coord>
        <when>2026-01-01T01:25:10.0825470Z</when>
        <gx:coord>10.071303 53.347015 710.65515</gx:coord>
        <when>2026-01-01T01:25:10.0825470Z</when>
        <gx:coord>10.071831 53.34659 714.93066</gx:coord>
        <when>2026-01-01T01:25:12.3225470Z</when>
        <gx:coord>10.072876 53.34574 723.689</gx:coord>
        <when>2026-01-01T01:25:16.0795470Z</when>
        <gx:coord>10.074904 53.344097 748.046</gx:coord>
        <when>2026-01-01T01:25:17.3235470Z</when>
        <gx:coord>10.075405 53.3437 755.0716</gx:coord>
        <when>2026-01-01T01:25:20.0835470Z</when>
        <gx:coord>10.076411 53.34291 765.72034</gx:coord>
        <when>2026-01-01T01:25:22.0825470Z</when>
        <gx:coord>10.077921 53.341747 779.0996</gx:coord>
        <when>2026-01-01T01:25:22.3225470Z</when>
        <gx:coord>10.077921 53.341747 779.0996</gx:coord>
        <when>2026-01-01T01:25:24.0815470Z</when>
        <gx:coord>10.07842 53.341362 783.42255</gx:coord>
        <when>2026-01-01T01:25:24.0915470Z</when>
        <gx:coord>10.078921 53.34098 783.42255</gx:coord>
        <when>2026-01-01T01:25:27.3235470Z</when>
        <gx:coord>10.080436 53.339848 795.97186</gx:coord>
        <when>2026-01-01T01:25:31.0845470Z</when>
        <gx:coord>10.082472 53.338367 811.2283</gx:coord>
        <when>2026-01-01T01:25:32.3235470Z</when>
        <gx:coord>10.082979 53.338 814.9296</gx:coord>
        <when>2026-01-01T01:25:37.3225470Z</when>
        <gx:coord>10.085497 53.336197 833.4099</gx:coord>
        <when>2026-01-01T01:25:39.0825470Z</when>
        <gx:coord>10.0864935 53.335484 844.3291</gx:coord>
        <when>2026-01-01T01:25:42.3545470Z</when>
        <gx:coord>10.087992 53.334423 864.49646</gx:coord>
        <when>2026-01-01T01:25:45.0815470Z</when>
        <gx:coord>10.089488 53.33337 875.3859</gx:coord>
        <when>2026-01-01T01:25:47.3235470Z</when>
        <gx:coord>10.0904875 53.33267 881.0618</gx:coord>
        <when>2026-01-01T01:25:52.3235470Z</when>
        <gx:coord>10.092978 53.330917 899.7974</gx:coord>
        <when>2026-01-01T01:25:54.0835470Z</when>
        <gx:coord>10.093969 53.330223 908.48816</gx:coord>
        <when>2026-01-01T01:25:57.3235470Z</when>
        <gx:coord>10.095461 53.329178 919.0387</gx:coord>
        <when>2026-01-01T01:26:00.0905470Z</when>
        <gx:coord>10.096948 53.328125 925.2659</gx:coord>
        <when>2026-01-01T01:26:02.3235470Z</when>
        <gx:coord>10.097925 53.327423 937.5942</gx:coord>
        <when>2026-01-01T01:26:03.0935470Z</when>
        <gx:coord>10.098407 53.32707 942.02795</gx:coord>
        <when>2026-01-01T01:26:07.3235470Z</when>
        <gx:coord>10.100348 53.325645 955.69</gx:coord>
        <when>2026-01-01T01:26:12.0815470Z</when>
        <gx:coord>10.102779 53.323868 972.55145</gx:coord>
        <when>2026-01-01T01:26:12.3235470Z</when>
        <gx:coord>10.102779 53.323868 972.55145</gx:coord>
        <when>2026-01-01T01:26:17.3235470Z</when>
        <gx:coord>10.105233 53.322056 982.6189</gx:coord>
        <when>2026-01-01T01:26:22.3235470Z</when>
        <gx:coord>10.107722 53.32018 985.10736</gx:coord>
        <when>2026-01-01T01:26:27.3235470Z</when>
        <gx:coord>10.110286 53.318184 981.9064</gx:coord>
        <when>2026-01-01T01:26:31.0825470Z</when>
        <gx:coord>10.111853 53.316914 978.89124</gx:coord>
        <when>2026-01-01T01:26:32.3245470Z</when>
        <gx:coord>10.112902 53.31604 977.4205</gx:coord>
        <when>2026-01-01T01:26:35.0995470Z</when>
        <gx:coord>10.114483 53.31469 975.1442</gx:coord>
        <when>2026-01-01T01:26:37.3245470Z</when>
        <gx:coord>10.115542 53.31377 973.4105</gx:coord>
        <when>2026-01-01T01:26:42.3555470Z</when>
        <gx:coord>10.118192 53.311417 970.4812</gx:coord>
        <when>2026-01-01T01:26:46.0875470Z</when>
        <gx:coord>10.119771 53.30996 969.80286</gx:coord>
        <when>2026-01-01T01:26:47.3235470Z</when>
        <gx:coord>10.120817 53.308975 969.7655</gx:coord>
        <when>2026-01-01T01:27:04.0965470Z</when>
        <gx:coord>10.129536 53.30042 967.5762</gx:coord>
        <when>2026-01-01T01:27:13.9565470Z</when>
        <gx:coord>10.134151 53.29584 969.7917</gx:coord>
        <when>2026-01-01T01:27:18.9575470Z</when>
        <gx:coord>10.136753 53.29328 968.3898</gx:coord>
        <when>2026-01-01T01:27:23.9565470Z</when>
        <gx:coord>10.13939 53.290714 966.78455</gx:coord>
        <when>2026-01-01T01:27:28.9575470Z</when>
        <gx:coord>10.142036 53.288155 966.2278</gx:coord>
        <when>2026-01-01T01:27:32.0965470Z</when>
        <gx:coord>10.144171 53.28611 965.717</gx:coord>
        <when>2026-01-01T01:27:33.9565470Z</when>
        <gx:coord>10.144705 53.2856 967.3111</gx:coord>
        <when>2026-01-01T01:27:38.9575470Z</when>
        <gx:coord>10.147405 53.283016 969.5155</gx:coord>
        <when>2026-01-01T01:27:43.9575470Z</when>
        <gx:coord>10.150147 53.280376 968.5298</gx:coord>
        <when>2026-01-01T01:27:44.0815470Z</when>
        <gx:coord>10.150147 53.280376 968.5298</gx:coord>
        <when>2026-01-01T01:27:48.9575470Z</when>
        <gx:coord>10.152948 53.277695 962.6736</gx:coord>
        <when>2026-01-01T01:27:53.9575470Z</when>
        <gx:coord>10.155817 53.27503 962.07263</gx:coord>
        <when>2026-01-01T01:27:58.9575470Z</when>
        <gx:coord>10.158703 53.27239 963.2638</gx:coord>
        <when>2026-01-01T01:27:59.0925470Z</when>
        <gx:coord>10.159283 53.271866 963.2638</gx:coord>
        <when>2026-01-01T01:28:03.9575470Z</when>
        <gx:coord>10.161576 53.269783 965.12085</gx:coord>
        <when>2026-01-01T01:28:08.9575470Z</when>
        <gx:coord>10.164452 53.267212 966.8104</gx:coord>
        <when>2026-01-01T01:28:14.0075470Z</when>
        <gx:coord>10.167315 53.26464 968.4474</gx:coord>
        <when>2026-01-01T01:28:18.9575470Z</when>
        <gx:coord>10.170177 53.262085 966.82324</gx:coord>
        <when>2026-01-01T01:28:23.9585470Z</when>
        <gx:coord>10.173033 53.259552 968.3615</gx:coord>
        <when>2026-01-01T01:28:27.0965470Z</when>
        <gx:coord>10.175317 53.257545 968.4689</gx:coord>
        <when>2026-01-01T01:28:28.9585470Z</when>
        <gx:coord>10.175885 53.257046 968.1823</gx:coord>
        <when>2026-01-01T01:28:33.9585470Z</when>
        <gx:coord>10.178758 53.25458 968.1401</gx:coord>
        <when>2026-01-01T01:28:38.9585470Z</when>
        <gx:coord>10.181616 53.25215 972.91626</gx:coord>
        <when>2026-01-01T01:28:41.0805470Z</when>
        <gx:coord>10.18274 53.251198 979.3475</gx:coord>
        <when>2026-01-01T01:28:43.9615470Z</when>
        <gx:coord>10.184406 53.24979 989.21106</gx:coord>
        <when>2026-01-01T01:28:45.0865470Z</when>
        <gx:coord>10.185494 53.24887 993.1792</gx:coord>
        <when>2026-01-01T01:28:47.0755470Z</when>
        <gx:coord>10.186569 53.247967 1005.3985</gx:coord>
        <when>2026-01-01T01:28:48.9605470Z</when>
        <gx:coord>10.187099 53.24752 1009.48517</gx:coord>
        <when>2026-01-01T01:28:53.0845470Z</when>
        <gx:coord>10.189225 53.245777 1032.1633</gx:coord>
        <when>2026-01-01T01:28:53.0845470Z</when>
        <gx:coord>10.189752 53.245354 1036.2834</gx:coord>
        <when>2026-01-01T01:28:53.9585470Z</when>
        <gx:coord>10.189752 53.245354 1036.2834</gx:coord>
        <when>2026-01-01T01:28:57.0885470Z</when>
        <gx:coord>10.19187 53.24367 1057.0355</gx:coord>
        <when>2026-01-01T01:28:58.0885470Z</when>
        <gx:coord>10.192399 53.243263 1071.8955</gx:coord>
        <when>2026-01-01T01:28:58.9595470Z</when>
        <gx:coord>10.192399 53.243263 1071.8955</gx:coord>
        <when>2026-01-01T01:29:03.9585470Z</when>
        <gx:coord>10.195054 53.241222 1098.3461</gx:coord>
        <when>2026-01-01T01:29:04.0805470Z</when>
        <gx:coord>10.195581 53.240814 1103.2979</gx:coord>
        <when>2026-01-01T01:29:08.9585470Z</when>
        <gx:coord>10.197675 53.23917 1121.8656</gx:coord>
        <when>2026-01-01T01:29:11.0825470Z</when>
        <gx:coord>10.199224 53.23795 1138.9784</gx:coord>
        <when>2026-01-01T01:29:13.9755470Z</when>
        <gx:coord>10.200252 53.237152 1151.8038</gx:coord>
        <when>2026-01-01T01:29:17.0845470Z</when>
        <gx:coord>10.202268 53.23557 1169.6002</gx:coord>
        <when>2026-01-01T01:29:18.9595470Z</when>
        <gx:coord>10.202765 53.23517 1173.0696</gx:coord>
        <when>2026-01-01T01:29:23.9585470Z</when>
        <gx:coord>10.205313 53.233185 1183.0477</gx:coord>
        <when>2026-01-01T01:29:28.0825470Z</when>
        <gx:coord>10.2079315 53.231167 1200.3385</gx:coord>
        <when>2026-01-01T01:29:28.9625470Z</when>
        <gx:coord>10.2079315 53.231167 1200.3385</gx:coord>
        <when>2026-01-01T01:29:30.0865470Z</when>
        <gx:coord>10.208987 53.23036 1204.8568</gx:coord>
        <when>2026-01-01T01:29:33.9615470Z</when>
        <gx:coord>10.210548 53.229153 1221.9067</gx:coord>
        <when>2026-01-01T01:29:36.0915470Z</when>
        <gx:coord>10.212104 53.22795 1234.3749</gx:coord>
        <when>2026-01-01T01:29:38.9585470Z</when>
        <gx:coord>10.213141 53.227146 1240.7808</gx:coord>
        <when>2026-01-01T01:29:43.9585470Z</when>
        <gx:coord>10.21574 53.225117 1252.935</gx:coord>
        <when>2026-01-01T01:29:48.9625470Z</when>
        <gx:coord>10.218359 53.223072 1258.2897</gx:coord>
        <when>2026-01-01T01:29:53.9585470Z</when>
        <gx:coord>10.221007 53.22097 1258.327</gx:coord>
        <when>2026-01-01T01:29:58.9585470Z</when>
        <gx:coord>10.22371 53.21879 1255.1641</gx:coord>
        <when>2026-01-01T01:30:02.0885470Z</when>
        <gx:coord>10.225895 53.21698 1253.4615</gx:coord>
        <when>2026-01-01T01:30:03.9585470Z</when>
        <gx:coord>10.226442 53.216522 1252.6335</gx:coord>
        <when>2026-01-01T01:30:08.9595470Z</when>
        <gx:coord>10.229179 53.21417 1248.0586</gx:coord>
        <when>2026-01-01T01:30:09.0795470Z</when>
        <gx:coord>10.229179 53.21417 1248.0586</gx:coord>
        <when>2026-01-01T01:30:13.9875470Z</when>
        <gx:coord>10.231908 53.211765 1246.0444</gx:coord>
        <when>2026-01-01T01:30:18.9595470Z</when>
        <gx:coord>10.2346115 53.20932 1246.3417</gx:coord>
        <when>2026-01-01T01:30:31.0765470Z</when>
        <gx:coord>10.241576 53.20285 1246.4005</gx:coord>
        <when>2026-01-01T01:30:31.1635470Z</when>
        <gx:coord>10.241576 53.20285 1247.1428</gx:coord>
        <when>2026-01-01T01:30:59.0915470Z</when>
        <gx:coord>10.256643 53.188694 1245.7012</gx:coord>
        <when>2026-01-01T01:31:15.3165470Z</when>
        <gx:coord>10.265462 53.18061 1246.3416</gx:coord>
        <when>2026-01-01T01:31:20.3175470Z</when>
        <gx:coord>10.268246 53.178104 1247.2295</gx:coord>
        <when>2026-01-01T01:31:25.3175470Z</when>
        <gx:coord>10.271029 53.175602 1245.798</gx:coord>
        <when>2026-01-01T01:31:27.0925470Z</when>
        <gx:coord>10.272134 53.174603 1245.707</gx:coord>
        <when>2026-01-01T01:31:30.3175470Z</when>
        <gx:coord>10.27379 53.1731 1246.5208</gx:coord>
        <when>2026-01-01T01:31:35.3175470Z</when>
        <gx:coord>10.276539 53.170605 1246.917</gx:coord>
        <when>2026-01-01T01:31:40.3175470Z</when>
        <gx:coord>10.279263 53.16811 1246.8359</gx:coord>
        <when>2026-01-01T01:31:45.3175470Z</when>
        <gx:coord>10.281973 53.16564 1246.0206</gx:coord>
        <when>2026-01-01T01:31:50.3175470Z</when>
        <gx:coord>10.284701 53.163177 1246.9574</gx:coord>
        <when>2026-01-01T01:31:55.0905470Z</when>
        <gx:coord>10.287432 53.16072 1247.4681</gx:coord>
        <when>2026-01-01T01:31:55.3175470Z</when>
        <gx:coord>10.287432 53.16072 1248.1699</gx:coord>
        <when>2026-01-01T01:32:00.3175470Z</when>
        <gx:coord>10.290197 53.15827 1248.1233</gx:coord>
        <when>2026-01-01T01:32:05.3175470Z</when>
        <gx:coord>10.29301 53.155846 1249.0154</gx:coord>
        <when>2026-01-01T01:32:10.3175470Z</when>
        <gx:coord>10.295854 53.153404 1248.6283</gx:coord>
        <when>2026-01-01T01:32:15.3565470Z</when>
        <gx:coord>10.298682 53.150963 1249.7692</gx:coord>
        <when>2026-01-01T01:32:20.3185470Z</when>
        <gx:coord>10.301518 53.148533 1249.6699</gx:coord>
        <when>2026-01-01T01:32:24.0925470Z</when>
        <gx:coord>10.303779 53.146584 1250.2786</gx:coord>
        <when>2026-01-01T01:32:25.3185470Z</when>
        <gx:coord>10.304345 53.146095 1250.9043</gx:coord>
        <when>2026-01-01T01:32:30.3185470Z</when>
        <gx:coord>10.307185 53.143646 1251.2216</gx:coord>
        <when>2026-01-01T01:32:35.3175470Z</when>
        <gx:coord>10.3100395 53.141167 1249.6957</gx:coord>
        <when>2026-01-01T01:32:40.3185470Z</when>
        <gx:coord>10.312899 53.13867 1247.5153</gx:coord>
        <when>2026-01-01T01:32:45.3175470Z</when>
        <gx:coord>10.315742 53.13616 1246.855</gx:coord>
        <when>2026-01-01T01:32:50.3185470Z</when>
        <gx:coord>10.318589 53.133644 1245.9114</gx:coord>
        <when>2026-01-01T01:32:52.0845470Z</when>
        <gx:coord>10.319724 53.132633 1245.7694</gx:coord>
        <when>2026-01-01T01:32:55.3185470Z</when>
        <gx:coord>10.321431 53.131115 1246.801</gx:coord>
        <when>2026-01-01T01:33:00.3185470Z</when>
        <gx:coord>10.324298 53.128597 1247.7134</gx:coord>
        <when>2026-01-01T01:33:05.3185470Z</when>
        <gx:coord>10.327178 53.126076 1246.7394</gx:coord>
        <when>2026-01-01T01:33:10.3185470Z</when>
        <gx:coord>10.330038 53.12354 1245.8704</gx:coord>
        <when>2026-01-01T01:33:15.3755470Z</when>
        <gx:coord>10.33288 53.121002 1245.2566</gx:coord>
        <when>2026-01-01T01:33:20.0905470Z</when>
        <gx:coord>10.335701 53.11848 1245.6115</gx:coord>
        <when>2026-01-01T01:33:20.3175470Z</when>
        <gx:coord>10.335701 53.11848 1245.4529</gx:coord>
        <when>2026-01-01T01:33:25.3185470Z</when>
        <gx:coord>10.338497 53.115986 1246.1005</gx:coord>
        <when>2026-01-01T01:33:30.3185470Z</when>
        <gx:coord>10.34129 53.113503 1247.3029</gx:coord>
        <when>2026-01-01T01:33:35.3185470Z</when>
        <gx:coord>10.344091 53.111027 1247.8037</gx:coord>
        <when>2026-01-01T01:33:40.3185470Z</when>
        <gx:coord>10.346904 53.108555 1246.9893</gx:coord>
        <when>2026-01-01T01:33:45.3185470Z</when>
        <gx:coord>10.349707 53.106083 1246.2942</gx:coord>
        <when>2026-01-01T01:33:48.0865470Z</when>
        <gx:coord>10.351388 53.1046 1245.765</gx:coord>
        <when>2026-01-01T01:33:50.3185470Z</when>
        <gx:coord>10.352508 53.10361 1245.5704</gx:coord>
        <when>2026-01-01T01:33:55.3185470Z</when>
        <gx:coord>10.355318 53.10115 1245.1908</gx:coord>
        <when>2026-01-01T01:34:00.3185470Z</when>
        <gx:coord>10.358101 53.098705 1246.1279</gx:coord>
        <when>2026-01-01T01:34:05.3185470Z</when>
        <gx:coord>10.360857 53.096275 1247.662</gx:coord>
        <when>2026-01-01T01:34:17.0885470Z</when>
        <gx:coord>10.367562 53.09045 1249.7644</gx:coord>
        <when>2026-01-01T01:34:45.0985470Z</when>
        <gx:coord>10.383366 53.076786 1247.066</gx:coord>
        <when>2026-01-01T01:35:01.5055470Z</when>
        <gx:coord>10.39257 53.06903 1249.8324</gx:coord>
        <when>2026-01-01T01:35:06.5055470Z</when>
        <gx:coord>10.395494 53.06652 1246.7865</gx:coord>
        <when>2026-01-01T01:35:11.5055470Z</when>
        <gx:coord>10.398444 53.063995 1241.7747</gx:coord>
        <when>2026-01-01T01:35:13.0855470Z</when>
        <gx:coord>10.3996315 53.062984 1242.4983</gx:coord>
        <when>2026-01-01T01:35:16.5055470Z</when>
        <gx:coord>10.401393 53.061462 1239.6747</gx:coord>
        <when>2026-01-01T01:35:21.5125470Z</when>
        <gx:coord>10.404298 53.05894 1243.5483</gx:coord>
        <when>2026-01-01T01:35:26.5065470Z</when>
        <gx:coord>10.40718 53.056408 1245.0098</gx:coord>
        <when>2026-01-01T01:35:31.5055470Z</when>
        <gx:coord>10.41003 53.053864 1244.1571</gx:coord>
        <when>2026-01-01T01:35:36.5065470Z</when>
        <gx:coord>10.412856 53.05132 1246.6855</gx:coord>
        <when>2026-01-01T01:35:41.0975470Z</when>
        <gx:coord>10.415682 53.04876 1248.9034</gx:coord>
        <when>2026-01-01T01:35:41.5055470Z</when>
        <gx:coord>10.415682 53.04876 1249.2778</gx:coord>
        <when>2026-01-01T01:35:46.5065470Z</when>
        <gx:coord>10.418588 53.046192 1246.5747</gx:coord>
        <when>2026-01-01T01:35:51.5065470Z</when>
        <gx:coord>10.421486 53.043606 1243.0802</gx:coord>
        <when>2026-01-01T01:35:56.5065470Z</when>
        <gx:coord>10.424369 53.041035 1242.2804</gx:coord>
        <when>2026-01-01T01:36:01.5505470Z</when>
        <gx:coord>10.427279 53.038506 1243.298</gx:coord>
        <when>2026-01-01T01:36:06.5065470Z</when>
        <gx:coord>10.430157 53.035995 1245.7855</gx:coord>
        <when>2026-01-01T01:36:08.0885470Z</when>
        <gx:coord>10.431303 53.034992 1246.1793</gx:coord>
        <when>2026-01-01T01:36:11.5065470Z</when>
        <gx:coord>10.433026 53.03349 1247.8381</gx:coord>
        <when>2026-01-01T01:36:16.5065470Z</when>
        <gx:coord>10.435899 53.030975 1248.5867</gx:coord>
        <when>2026-01-01T01:36:21.5065470Z</when>
        <gx:coord>10.438801 53.02844 1244.2275</gx:coord>
        <when>2026-01-01T01:36:26.5095470Z</when>
        <gx:coord>10.4417095 53.025894 1243.7291</gx:coord>
        <when>2026-01-01T01:36:31.5065470Z</when>
        <gx:coord>10.444594 53.023346 1244.4404</gx:coord>
        <when>2026-01-01T01:36:36.0895470Z</when>
        <gx:coord>10.447476 53.0208 1244.6743</gx:coord>
        <when>2026-01-01T01:36:36.5065470Z</when>
        <gx:coord>10.447476 53.0208 1245.2759</gx:coord>
        <when>2026-01-01T01:36:41.5065470Z</when>
        <gx:coord>10.450349 53.01828 1248.2218</gx:coord>
        <when>2026-01-01T01:36:46.5075470Z</when>
        <gx:coord>10.45322 53.01576 1248.3096</gx:coord>
        <when>2026-01-01T01:36:51.5065470Z</when>
        <gx:coord>10.456096 53.013252 1247.7083</gx:coord>
        <when>2026-01-01T01:36:56.5065470Z</when>
        <gx:coord>10.458929 53.010746 1248.249</gx:coord>
        <when>2026-01-01T01:37:01.5525470Z</when>
        <gx:coord>10.4618025 53.008236 1247.454</gx:coord>
        <when>2026-01-01T01:37:04.0875470Z</when>
        <gx:coord>10.46353 53.006718 1244.9761</gx:coord>
        <when>2026-01-01T01:37:06.5075470Z</when>
        <gx:coord>10.464677 53.0057 1243.8868</gx:coord>
        <when>2026-01-01T01:37:11.5065470Z</when>
        <gx:coord>10.467607 53.00318 1244.4081</gx:coord>
        <when>2026-01-01T01:37:16.5075470Z</when>
        <gx:coord>10.470542 53.000675 1245.5441</gx:coord>
        <when>2026-01-01T01:37:21.5075470Z</when>
        <gx:coord>10.473465 52.998146 1245.7094</gx:coord>
        <when>2026-01-01T01:37:26.5075470Z</when>
        <gx:coord>10.476391 52.99561 1246.1462</gx:coord>
        <when>2026-01-01T01:37:29.0875470Z</when>
        <gx:coord>10.477565 52.99458 1245.2784</gx:coord>
        <when>2026-01-01T01:37:31.0865470Z</when>
        <gx:coord>10.479353 52.993034 1247.6055</gx:coord>
        <when>2026-01-01T01:37:31.5075470Z</when>
        <gx:coord>10.479353 52.993034 1247.8329</gx:coord>
        <when>2026-01-01T01:37:36.5075470Z</when>
        <gx:coord>10.482347 52.99047 1243.2728</gx:coord>
        <when>2026-01-01T01:37:41.5075470Z</when>
        <gx:coord>10.485255 52.987915 1244.7987</gx:coord>
        <when>2026-01-01T01:37:46.5075470Z</when>
        <gx:coord>10.488141 52.985394 1248.1587</gx:coord>
        <when>2026-01-01T01:37:51.5215470Z</when>
        <gx:coord>10.491022 52.98288 1248.4111</gx:coord>
        <when>2026-01-01T01:37:56.5075470Z</when>
        <gx:coord>10.493915 52.980362 1251.0505</gx:coord>
        <when>2026-01-01T01:37:58.0865470Z</when>
        <gx:coord>10.495074 52.97935 1251.0076</gx:coord>
        <when>2026-01-01T01:38:01.5835470Z</when>
        <gx:coord>10.496826 52.977825 1249.6389</gx:coord>
        <when>2026-01-01T01:38:06.5075470Z</when>
        <gx:coord>10.499798 52.97526 1248.5315</gx:coord>
        <when>2026-01-01T01:38:11.5075470Z</when>
        <gx:coord>10.50277 52.972652 1242.5806</gx:coord>
        <when>2026-01-01T01:38:16.5075470Z</when>
        <gx:coord>10.505748 52.970016 1240.9642</gx:coord>
        <when>2026-01-01T01:38:21.5075470Z</when>
        <gx:coord>10.508737 52.96743 1244.118</gx:coord>
        <when>2026-01-01T01:38:25.0885470Z</when>
        <gx:coord>10.511082 52.965374 1246.2747</gx:coord>
        <when>2026-01-01T01:38:26.5075470Z</when>
        <gx:coord>10.511667 52.964863 1247.2986</gx:coord>
        <when>2026-01-01T01:38:31.5075470Z</when>
        <gx:coord>10.514576 52.96231 1249.6194</gx:coord>
        <when>2026-01-01T01:38:36.5075470Z</when>
        <gx:coord>10.517467 52.959766 1250.1339</gx:coord>
        <when>2026-01-01T01:38:52.0885470Z</when>
        <gx:coord>10.526695 52.951546 1245.999</gx:coord>
        <when>2026-01-01T01:38:58.2775470Z</when>
        <gx:coord>10.530149 52.94848 1247.6405</gx:coord>
        <when>2026-01-01T01:39:03.2785470Z</when>
        <gx:coord>10.533029 52.94593 1248.0219</gx:coord>
        <when>2026-01-01T01:39:08.2785470Z</when>
        <gx:coord>10.535926 52.943386 1247.7554</gx:coord>
        <when>2026-01-01T01:39:13.2795470Z</when>
        <gx:coord>10.538861 52.94082 1245.5278</gx:coord>
        <when>2026-01-01T01:39:18.2775470Z</when>
        <gx:coord>10.541807 52.93822 1238.6665</gx:coord>
        <when>2026-01-01T01:39:19.0935470Z</when>
        <gx:coord>10.542393 52.9377 1238.6665</gx:coord>
        <when>2026-01-01T01:39:23.2785470Z</when>
        <gx:coord>10.544754 52.93562 1239.7866</gx:coord>
        <when>2026-01-01T01:39:28.2785470Z</when>
        <gx:coord>10.547667 52.933025 1240.2123</gx:coord>
        <when>2026-01-01T01:39:33.2785470Z</when>
        <gx:coord>10.550561 52.930447 1239.5536</gx:coord>
        <when>2026-01-01T01:39:38.2785470Z</when>
        <gx:coord>10.553458 52.927887 1241.3959</gx:coord>
        <when>2026-01-01T01:39:43.2785470Z</when>
        <gx:coord>10.556355 52.925316 1243.1327</gx:coord>
        <when>2026-01-01T01:39:46.0875470Z</when>
        <gx:coord>10.558101 52.92377 1243.7023</gx:coord>
        <when>2026-01-01T01:39:48.2785470Z</when>
        <gx:coord>10.559256 52.922737 1243.7872</gx:coord>
        <when>2026-01-01T01:39:53.2785470Z</when>
        <gx:coord>10.562164 52.920147 1243.1671</gx:coord>
        <when>2026-01-01T01:39:58.3155470Z</when>
        <gx:coord>10.565071 52.91756 1242.1931</gx:coord>
        <when>2026-01-01T01:40:03.2785470Z</when>
        <gx:coord>10.567937 52.91498 1240.9849</gx:coord>
        <when>2026-01-01T01:40:08.2785470Z</when>
        <gx:coord>10.570828 52.9124 1241.8256</gx:coord>
        <when>2026-01-01T01:40:13.0885470Z</when>
        <gx:coord>10.573715 52.909798 1242.0132</gx:coord>
        <when>2026-01-01T01:40:20.4345470Z</when>
        <gx:coord>10.577794 52.90617 1241.2837</gx:coord>
        <when>2026-01-01T01:40:25.4355470Z</when>
        <gx:coord>10.580735 52.9036 1245.5166</gx:coord>
        <when>2026-01-01T01:40:30.4355470Z</when>
        <gx:coord>10.583677 52.901035 1245.5576</gx:coord>
        <when>2026-01-01T01:40:35.4355470Z</when>
        <gx:coord>10.586612 52.898464 1241.6089</gx:coord>
        <when>2026-01-01T01:40:40.0895470Z</when>
        <gx:coord>10.589542 52.895885 1239.0756</gx:coord>
        <when>2026-01-01T01:40:40.4345470Z</when>
        <gx:coord>10.589542 52.895885 1239.3914</gx:coord>
        <when>2026-01-01T01:40:45.4355470Z</when>
        <gx:coord>10.592453 52.893314 1240.7163</gx:coord>
        <when>2026-01-01T01:40:50.4355470Z</when>
        <gx:coord>10.595373 52.89075 1241.7227</gx:coord>
        <when>2026-01-01T01:40:55.4355470Z</when>
        <gx:coord>10.598278 52.88819 1241.6614</gx:coord>
        <when>2026-01-01T01:41:00.4355470Z</when>
        <gx:coord>10.601146 52.885624 1241.6558</gx:coord>
        <when>2026-01-01T01:41:05.4355470Z</when>
        <gx:coord>10.604017 52.883045 1243.1498</gx:coord>
        <when>2026-01-01T01:41:07.0885470Z</when>
        <gx:coord>10.605169 52.88202 1243.7689</gx:coord>
        <when>2026-01-01T01:41:14.8565470Z</when>
        <gx:coord>10.609185 52.87844 1241.1571</gx:coord>
        <when>2026-01-01T01:41:19.8575470Z</when>
        <gx:coord>10.612082 52.87586 1241.9093</gx:coord>
        <when>2026-01-01T01:41:24.8575470Z</when>
        <gx:coord>10.614946 52.873287 1241.7994</gx:coord>
        <when>2026-01-01T01:41:29.8575470Z</when>
        <gx:coord>10.617822 52.870743 1244.0059</gx:coord>
        <when>2026-01-01T01:41:34.0895470Z</when>
        <gx:coord>10.620704 52.868202 1241.4052</gx:coord>
        <when>2026-01-01T01:41:34.8575470Z</when>
        <gx:coord>10.620704 52.868202 1241.2544</gx:coord>
        <when>2026-01-01T01:41:39.8575470Z</when>
        <gx:coord>10.623563 52.865665 1242.6804</gx:coord>
        <when>2026-01-01T01:41:44.8605470Z</when>
        <gx:coord>10.626426 52.86313 1241.7428</gx:coord>
        <when>2026-01-01T01:41:49.8585470Z</when>
        <gx:coord>10.629267 52.860596 1242.1094</gx:coord>
        <when>2026-01-01T01:41:54.8575470Z</when>
        <gx:coord>10.6320715 52.85808 1245.5647</gx:coord>
        <when>2026-01-01T01:41:59.8575470Z</when>
        <gx:coord>10.634907 52.855568 1247.4504</gx:coord>
        <when>2026-01-01T01:42:02.0895470Z</when>
        <gx:coord>10.636616 52.854042 1247.2482</gx:coord>
        <when>2026-01-01T01:42:04.8575470Z</when>
        <gx:coord>10.637761 52.85302 1243.4247</gx:coord>
        <when>2026-01-01T01:42:09.8585470Z</when>
        <gx:coord>10.640632 52.85046 1243.1725</gx:coord>
        <when>2026-01-01T01:42:14.8945470Z</when>
        <gx:coord>10.643483 52.84795 1244.7438</gx:coord>
        <when>2026-01-01T01:42:19.8585470Z</when>
        <gx:coord>10.646298 52.84547 1247.3032</gx:coord>
        <when>2026-01-01T01:42:24.8585470Z</when>
        <gx:coord>10.649108 52.843006 1248.9861</gx:coord>
        <when>2026-01-01T01:42:29.8585470Z</when>
        <gx:coord>10.651937 52.840553 1249.8851</gx:coord>
        <when>2026-01-01T01:42:30.0935470Z</when>
        <gx:coord>10.652504 52.84006 1249.8851</gx:coord>
        <when>2026-01-01T01:42:34.8585470Z</when>
        <gx:coord>10.654764 52.838093 1248.7489</gx:coord>
        <when>2026-01-01T01:42:39.8585470Z</when>
        <gx:coord>10.657597 52.835648 1246.922</gx:coord>
        <when>2026-01-01T01:42:44.8585470Z</when>
        <gx:coord>10.6603565 52.833206 1248.1478</gx:coord>
        <when>2026-01-01T01:42:49.8575470Z</when>
        <gx:coord>10.66314 52.830784 1250.0186</gx:coord>
        <when>2026-01-01T01:42:59.0905470Z</when>
        <gx:coord>10.668762 52.825916 1248.2079</gx:coord>
        <when>2026-01-01T01:43:02.9855470Z</when>
        <gx:coord>10.670486 52.82446 1248.348</gx:coord>
        <when>2026-01-01T01:43:07.9865470Z</when>
        <gx:coord>10.67335 52.822033 1248.5715</gx:coord>
        <when>2026-01-01T01:43:12.9855470Z</when>
        <gx:coord>10.676205 52.819588 1248.8184</gx:coord>
        <when>2026-01-01T01:43:17.9865470Z</when>
        <gx:coord>10.679051 52.817135 1248.1967</gx:coord>
        <when>2026-01-01T01:43:22.9865470Z</when>
        <gx:coord>10.68188 52.81467 1250.0232</gx:coord>
        <when>2026-01-01T01:43:27.0885470Z</when>
        <gx:coord>10.684687 52.81218 1248.8861</gx:coord>
        <when>2026-01-01T01:43:27.9865470Z</when>
        <gx:coord>10.684687 52.81218 1249.5233</gx:coord>
        <when>2026-01-01T01:43:32.9865470Z</when>
        <gx:coord>10.687495 52.80968 1247.6211</gx:coord>
        <when>2026-01-01T01:43:37.9865470Z</when>
        <gx:coord>10.690291 52.807167 1248.1533</gx:coord>
        <when>2026-01-01T01:43:42.9865470Z</when>
        <gx:coord>10.693119 52.80466 1245.3552</gx:coord>
        <when>2026-01-01T01:43:47.9875470Z</when>
        <gx:coord>10.695945 52.80216 1241.9106</gx:coord>
        <when>2026-01-01T01:43:52.9875470Z</when>
        <gx:coord>10.698733 52.799656 1243.4211</gx:coord>
        <when>2026-01-01T01:43:55.0915470Z</when>
        <gx:coord>10.700407 52.79816 1244.2405</gx:coord>
        <when>2026-01-01T01:43:57.9875470Z</when>
        <gx:coord>10.7015085 52.79716 1244.9572</gx:coord>
        <when>2026-01-01T01:44:02.9915470Z</when>
        <gx:coord>10.704297 52.79468 1247.865</gx:coord>
        <when>2026-01-01T01:44:07.9865470Z</when>
        <gx:coord>10.707127 52.792206 1248.1724</gx:coord>
        <when>2026-01-01T01:44:12.9875470Z</when>
        <gx:coord>10.709941 52.789715 1246.2443</gx:coord>
        <when>2026-01-01T01:44:17.9875470Z</when>
        <gx:coord>10.712752 52.78723 1246.7949</gx:coord>
        <when>2026-01-01T01:44:22.9875470Z</when>
        <gx:coord>10.715526 52.784733 1245.5385</gx:coord>
        <when>2026-01-01T01:44:23.0915470Z</when>
        <gx:coord>10.716082 52.784233 1245.5385</gx:coord>
        <when>2026-01-01T01:44:27.9875470Z</when>
        <gx:coord>10.718311 52.782234 1247.0928</gx:coord>
        <when>2026-01-01T01:44:32.9875470Z</when>
        <gx:coord>10.721092 52.779747 1250.2242</gx:coord>
        <when>2026-01-01T01:44:37.9875470Z</when>
        <gx:coord>10.723888 52.777264 1248.7648</gx:coord>
        <when>2026-01-01T01:44:42.9875470Z</when>
        <gx:coord>10.726724 52.774754 1247.0839</gx:coord>
        <when>2026-01-01T01:44:47.9865470Z</when>
        <gx:coord>10.729557 52.772224 1245.9272</gx:coord>
        <when>2026-01-01T01:44:51.0915470Z</when>
        <gx:coord>10.731825 52.770195 1247.4131</gx:coord>
        <when>2026-01-01T01:45:16.7025470Z</when>
        <gx:coord>10.746232 52.757412 1248.6058</gx:coord>
        <when>2026-01-01T01:45:18.0905470Z</when>
        <gx:coord>10.747384 52.75639 1248.8059</gx:coord>
        <when>2026-01-01T01:45:21.7035470Z</when>
        <gx:coord>10.749102 52.754864 1248.6415</gx:coord>
        <when>2026-01-01T01:45:26.7035470Z</when>
        <gx:coord>10.75199 52.7523 1248.1829</gx:coord>
        <when>2026-01-01T01:45:31.7035470Z</when>
        <gx:coord>10.754872 52.749733 1247.627</gx:coord>
        <when>2026-01-01T01:45:36.7035470Z</when>
        <gx:coord>10.757746 52.747158 1247.0745</gx:coord>
        <when>2026-01-01T01:45:41.7035470Z</when>
        <gx:coord>10.760619 52.744576 1247.7936</gx:coord>
        <when>2026-01-01T01:45:45.0945470Z</when>
        <gx:coord>10.762902 52.742516 1247.5382</gx:coord>
        <when>2026-01-01T01:45:46.7035470Z</when>
        <gx:coord>10.7634735 52.742 1246.431</gx:coord>
        <when>2026-01-01T01:45:51.7035470Z</when>
        <gx:coord>10.7662945 52.739426 1245.1143</gx:coord>
        <when>2026-01-01T01:45:56.7035470Z</when>
        <gx:coord>10.76908 52.736866 1247.0684</gx:coord>
        <when>2026-01-01T01:46:01.7035470Z</when>
        <gx:coord>10.771858 52.73432 1248.9003</gx:coord>
        <when>2026-01-01T01:46:06.7035470Z</when>
        <gx:coord>10.774652 52.731796 1249.7631</gx:coord>
        <when>2026-01-01T01:46:11.7035470Z</when>
        <gx:coord>10.7774515 52.729275 1248.9584</gx:coord>
        <when>2026-01-01T01:46:13.0895470Z</when>
        <gx:coord>10.77857 52.728264 1248.7981</gx:coord>
        <when>2026-01-01T01:46:16.7415470Z</when>
        <gx:coord>10.7802515 52.726753 1248.2205</gx:coord>
        <when>2026-01-01T01:46:21.7035470Z</when>
        <gx:coord>10.783033 52.724228 1248.13</gx:coord>
        <when>2026-01-01T01:46:26.7035470Z</when>
        <gx:coord>10.785818 52.721718 1248.4222</gx:coord>
        <when>2026-01-01T01:46:31.7035470Z</when>
        <gx:coord>10.788591 52.71921 1248.45</gx:coord>
        <when>2026-01-01T01:46:36.7035470Z</when>
        <gx:coord>10.791377 52.716705 1247.9781</gx:coord>
        <when>2026-01-01T01:46:41.0975470Z</when>
        <gx:coord>10.794165 52.7142 1247.7357</gx:coord>
        <when>2026-01-01T01:46:41.7045470Z</when>
        <gx:coord>10.794165 52.7142 1247.391</gx:coord>
        <when>2026-01-01T01:46:46.7065470Z</when>
        <gx:coord>10.796958 52.711708 1248.8379</gx:coord>
        <when>2026-01-01T01:46:51.7045470Z</when>
        <gx:coord>10.799748 52.70922 1249.4058</gx:coord>
        <when>2026-01-01T01:46:56.7035470Z</when>
        <gx:coord>10.802495 52.706715 1248.7921</gx:coord>
        <when>2026-01-01T01:47:01.7045470Z</when>
        <gx:coord>10.805246 52.70422 1250.0712</gx:coord>
        <when>2026-01-01T01:47:06.7045470Z</when>
        <gx:coord>10.808019 52.701733 1249.8337</gx:coord>
        <when>2026-01-01T01:47:09.0945470Z</when>
        <gx:coord>10.809666 52.700233 1249.5492</gx:coord>
        <when>2026-01-01T01:47:11.7045470Z</when>
        <gx:coord>10.810773 52.699238 1250.2687</gx:coord>
        <when>2026-01-01T01:47:16.7445470Z</when>
        <gx:coord>10.81355 52.69673 1249.9594</gx:coord>
        <when>2026-01-01T01:47:21.7045470Z</when>
        <gx:coord>10.816388 52.694202 1249.3739</gx:coord>
        <when>2026-01-01T01:47:26.7045470Z</when>
        <gx:coord>10.819244 52.691647 1248.2017</gx:coord>
        <when>2026-01-01T01:47:31.7085470Z</when>
        <gx:coord>10.822085 52.689075 1247.4014</gx:coord>
        <when>2026-01-01T01:47:36.7045470Z</when>
        <gx:coord>10.82492 52.686504 1249.0018</gx:coord>
        <when>2026-01-01T01:47:37.0915470Z</when>
        <gx:coord>10.825487 52.68599 1249.0018</gx:coord>
        <when>2026-01-01T01:47:41.7045470Z</when>
        <gx:coord>10.827749 52.683933 1247.6371</gx:coord>
        <when>2026-01-01T01:47:46.7045470Z</when>
        <gx:coord>10.830573 52.681377 1247.2463</gx:coord>
        <when>2026-01-01T01:47:51.7045470Z</when>
        <gx:coord>10.833387 52.678818 1248.6179</gx:coord>
        <when>2026-01-01T01:47:56.7045470Z</when>
        <gx:coord>10.836188 52.67625 1248.1078</gx:coord>
        <when>2026-01-01T01:48:01.7045470Z</when>
        <gx:coord>10.839001 52.6737 1248.9556</gx:coord>
        <when>2026-01-01T01:48:05.0985470Z</when>
        <gx:coord>10.84125 52.671654 1247.9375</gx:coord>
        <when>2026-01-01T01:48:06.7045470Z</when>
        <gx:coord>10.84181 52.671143 1246.7983</gx:coord>
        <when>2026-01-01T01:48:11.7045470Z</when>
        <gx:coord>10.844637 52.668594 1248.2098</gx:coord>
        <when>2026-01-01T01:48:16.7435470Z</when>
        <gx:coord>10.847436 52.66603 1248.0087</gx:coord>
        <when>2026-01-01T01:48:21.7045470Z</when>
        <gx:coord>10.850204 52.663475 1247.4022</gx:coord>
        <when>2026-01-01T01:48:26.7045470Z</when>
        <gx:coord>10.852998 52.660946 1247.272</gx:coord>
        <when>2026-01-01T01:48:31.7045470Z</when>
        <gx:coord>10.855805 52.658424 1247.9049</gx:coord>
        <when>2026-01-01T01:48:33.0955470Z</when>
        <gx:coord>10.856927 52.65741 1248.1741</gx:coord>
        <when>2026-01-01T01:48:36.7045470Z</when>
        <gx:coord>10.858603 52.655884 1248.2858</gx:coord>
        <when>2026-01-01T01:48:41.7095470Z</when>
        <gx:coord>10.861412 52.653343 1248.356</gx:coord>
        <when>2026-01-01T01:48:46.7045470Z</when>
        <gx:coord>10.864233 52.650795 1247.8185</gx:coord>
        <when>2026-01-01T01:48:51.7045470Z</when>
        <gx:coord>10.867041 52.648243 1246.7899</gx:coord>
        <when>2026-01-01T01:48:56.7045470Z</when>
        <gx:coord>10.869847 52.645706 1246.8862</gx:coord>
        <when>2026-01-01T01:49:01.0975470Z</when>
        <gx:coord>10.8726425 52.64318 1246.9775</gx:coord>
        <when>2026-01-01T01:49:01.7045470Z</when>
        <gx:coord>10.8726425 52.64318 1246.6754</gx:coord>
        <when>2026-01-01T01:49:06.7045470Z</when>
        <gx:coord>10.875423 52.640675 1248.142</gx:coord>
        <when>2026-01-01T01:49:11.7045470Z</when>
        <gx:coord>10.878175 52.638176 1248.6819</gx:coord>
        <when>2026-01-01T01:49:16.7405470Z</when>
        <gx:coord>10.8809395 52.635666 1248.3951</gx:coord>
        <when>2026-01-01T01:49:21.7045470Z</when>
        <gx:coord>10.883737 52.633163 1247.7229</gx:coord>
        <when>2026-01-01T01:49:26.7045470Z</when>
        <gx:coord>10.88656 52.63066 1246.6349</gx:coord>
        <when>2026-01-01T01:49:29.0985470Z</when>
        <gx:coord>10.88827 52.629154 1246.4825</gx:coord>
        <when>2026-01-01T01:49:31.7045470Z</when>
        <gx:coord>10.889416 52.628147 1246.5748</gx:coord>
        <when>2026-01-01T01:49:36.7045470Z</when>
        <gx:coord>10.892254 52.625626 1248.1127</gx:coord>
        <when>2026-01-01T01:49:41.7045470Z</when>
        <gx:coord>10.895058 52.6231 1246.0618</gx:coord>
        <when>2026-01-01T01:49:46.7045470Z</when>
        <gx:coord>10.897858 52.620567 1246.1718</gx:coord>
        <when>2026-01-01T01:49:51.7045470Z</when>
        <gx:coord>10.900723 52.618073 1246.3168</gx:coord>
        <when>2026-01-01T01:49:56.7045470Z</when>
        <gx:coord>10.903615 52.615597 1248.9882</gx:coord>
        <when>2026-01-01T01:49:57.1015470Z</when>
        <gx:coord>10.904189 52.6151 1248.9882</gx:coord>
        <when>2026-01-01T01:50:01.7045470Z</when>
        <gx:coord>10.906487 52.61312 1251.5725</gx:coord>
        <when>2026-01-01T01:50:06.7055470Z</when>
        <gx:coord>10.909347 52.610634 1251.3942</gx:coord>
        <when>2026-01-01T01:50:11.7055470Z</when>
        <gx:coord>10.912188 52.60812 1250.0183</gx:coord>
        <when>2026-01-01T01:50:16.7415470Z</when>
        <gx:coord>10.915018 52.605576 1247.6716</gx:coord>
        <when>2026-01-01T01:50:21.7055470Z</when>
        <gx:coord>10.917854 52.603035 1249.2401</gx:coord>
        <when>2026-01-01T01:50:25.0935470Z</when>
        <gx:coord>10.92013 52.60099 1248.0809</gx:coord>
        <when>2026-01-01T01:50:26.7055470Z</when>
        <gx:coord>10.920695 52.60048 1247.7621</gx:coord>
        <when>2026-01-01T01:50:31.7045470Z</when>
        <gx:coord>10.923525 52.597916 1246.8602</gx:coord>
        <when>2026-01-01T01:50:36.7045470Z</when>
        <gx:coord>10.926378 52.595352 1247.1393</gx:coord>
        <when>2026-01-01T01:50:41.7045470Z</when>
        <gx:coord>10.929247 52.59277 1247.7344</gx:coord>
        <when>2026-01-01T01:50:46.7045470Z</when>
        <gx:coord>10.932119 52.59017 1247.1432</gx:coord>
        <when>2026-01-01T01:50:51.7045470Z</when>
        <gx:coord>10.935005 52.587566 1247.3547</gx:coord>
        <when>2026-01-01T01:50:52.0945470Z</when>
        <gx:coord>10.93558 52.587048 1247.3547</gx:coord>
        <when>2026-01-01T01:50:56.7045470Z</when>
        <gx:coord>10.937889 52.58496 1246.6322</gx:coord>
        <when>2026-01-01T01:51:01.7045470Z</when>
        <gx:coord>10.940747 52.58236 1247.1367</gx:coord>
        <when>2026-01-01T01:51:06.7045470Z</when>
        <gx:coord>10.943596 52.579758 1247.3917</gx:coord>
        <when>2026-01-01T01:51:11.7045470Z</when>
        <gx:coord>10.946428 52.577156 1246.6385</gx:coord>
        <when>2026-01-01T01:51:16.7405470Z</when>
        <gx:coord>10.949275 52.57456 1246.7703</gx:coord>
        <when>2026-01-01T01:51:19.0915470Z</when>
        <gx:coord>10.950974 52.572998 1246.6871</gx:coord>
        <when>2026-01-01T01:51:21.7045470Z</when>
        <gx:coord>10.952105 52.571957 1246.8484</gx:coord>
        <when>2026-01-01T01:51:26.7045470Z</when>
        <gx:coord>10.95495 52.569366 1246.142</gx:coord>
        <when>2026-01-01T01:51:31.7045470Z</when>
        <gx:coord>10.957793 52.566784 1246.2607</gx:coord>
        <when>2026-01-01T01:51:36.7045470Z</when>
        <gx:coord>10.960634 52.564213 1246.5087</gx:coord>
        <when>2026-01-01T01:51:41.7045470Z</when>
        <gx:coord>10.963461 52.561646 1246.3242</gx:coord>
        <when>2026-01-01T01:51:46.0965470Z</when>
        <gx:coord>10.966262 52.559074 1246.1537</gx:coord>
        <when>2026-01-01T01:51:46.7045470Z</when>
        <gx:coord>10.966262 52.559074 1246.3036</gx:coord>
        <when>2026-01-01T01:51:51.7045470Z</when>
        <gx:coord>10.969076 52.556515 1247.611</gx:coord>
        <when>2026-01-01T01:51:56.7045470Z</when>
        <gx:coord>10.9718895 52.55396 1247.763</gx:coord>
        <when>2026-01-01T01:52:01.7055470Z</when>
        <gx:coord>10.974724 52.551403 1245.2731</gx:coord>
        <when>2026-01-01T01:52:12.3265470Z</when>
        <gx:coord>10.98081 52.545826 1244.035</gx:coord>
        <when>2026-01-01T01:52:14.0925470Z</when>
        <gx:coord>10.98191 52.544823 1244.1741</gx:coord>
        <when>2026-01-01T01:52:17.3275470Z</when>
        <gx:coord>10.983571 52.543327 1245.2505</gx:coord>
        <when>2026-01-01T01:52:22.3275470Z</when>
        <gx:coord>10.986362 52.54084 1246.9022</gx:coord>
        <when>2026-01-01T01:52:27.3275470Z</when>
        <gx:coord>10.98917 52.53835 1247.0824</gx:coord>
        <when>2026-01-01T01:52:32.3275470Z</when>
        <gx:coord>10.991994 52.53587 1246.7052</gx:coord>
        <when>2026-01-01T01:52:37.3275470Z</when>
        <gx:coord>10.994816 52.533398 1246.2366</gx:coord>
        <when>2026-01-01T01:52:42.0945470Z</when>
        <gx:coord>10.99762 52.530926 1246.7307</gx:coord>
        <when>2026-01-01T01:52:42.3275470Z</when>
        <gx:coord>10.99762 52.530926 1246.5924</gx:coord>
        <when>2026-01-01T01:52:47.3275470Z</when>
        <gx:coord>11.000424 52.528458 1247.4141</gx:coord>
        <when>2026-01-01T01:52:52.3275470Z</when>
        <gx:coord>11.003237 52.526 1248.0752</gx:coord>
        <when>2026-01-01T01:52:57.3265470Z</when>
        <gx:coord>11.006061 52.52354 1248.6847</gx:coord>
        <when>2026-01-01T01:53:02.3275470Z</when>
        <gx:coord>11.008895 52.521076 1249.6552</gx:coord>
        <when>2026-01-01T01:53:07.3275470Z</when>
        <gx:coord>11.011717 52.51859 1249.0072</gx:coord>
        <when>2026-01-01T01:53:10.0945470Z</when>
        <gx:coord>11.01342 52.517094 1249.598</gx:coord>
        <when>2026-01-01T01:53:12.3935470Z</when>
        <gx:coord>11.01455 52.516094 1248.37</gx:coord>
        <when>2026-01-01T01:53:17.3275470Z</when>
        <gx:coord>11.017367 52.5136 1247.9358</gx:coord>
        <when>2026-01-01T01:53:22.3285470Z</when>
        <gx:coord>11.020174 52.5111 1248.6084</gx:coord>
        <when>2026-01-01T01:53:27.3275470Z</when>
        <gx:coord>11.022987 52.508606 1248.6841</gx:coord>
        <when>2026-01-01T01:53:32.3275470Z</when>
        <gx:coord>11.025798 52.50611 1247.1027</gx:coord>
        <when>2026-01-01T01:53:37.3275470Z</when>
        <gx:coord>11.028592 52.503616 1244.8755</gx:coord>
        <when>2026-01-01T01:53:38.0895470Z</when>
        <gx:coord>11.029143 52.503117 1244.8755</gx:coord>
        <when>2026-01-01T01:53:42.3275470Z</when>
        <gx:coord>11.031331 52.50113 1245.9172</gx:coord>
        <when>2026-01-01T01:53:47.3275470Z</when>
        <gx:coord>11.034032 52.49866 1246.9973</gx:coord>
        <when>2026-01-01T01:53:52.3275470Z</when>
        <gx:coord>11.036709 52.4962 1248.8595</gx:coord>
        <when>2026-01-01T01:53:57.3275470Z</when>
        <gx:coord>11.039389 52.493755 1249.5017</gx:coord>
        <when>2026-01-01T01:54:02.3275470Z</when>
        <gx:coord>11.042081 52.49131 1251.6823</gx:coord>
        <when>2026-01-01T01:54:07.0885470Z</when>
        <gx:coord>11.044808 52.48886 1251.734</gx:coord>
        <when>2026-01-01T01:54:07.3275470Z</when>
        <gx:coord>11.044808 52.48886 1251.2369</gx:coord>
        <when>2026-01-01T01:54:12.3625470Z</when>
        <gx:coord>11.047558 52.486393 1250.7708</gx:coord>
        <when>2026-01-01T01:54:17.3275470Z</when>
        <gx:coord>11.050311 52.48391 1250.6289</gx:coord>
        <when>2026-01-01T01:54:22.3275470Z</when>
        <gx:coord>11.053086 52.48141 1249.8259</gx:coord>
        <when>2026-01-01T01:54:27.3275470Z</when>
        <gx:coord>11.055872 52.478916 1248.6156</gx:coord>
        <when>2026-01-01T01:54:32.3275470Z</when>
        <gx:coord>11.058635 52.476414 1248.1859</gx:coord>
        <when>2026-01-01T01:54:35.0935470Z</when>
        <gx:coord>11.060275 52.474915 1246.8529</gx:coord>
        <when>2026-01-01T01:54:37.3275470Z</when>
        <gx:coord>11.061365 52.47392 1246.8215</gx:coord>
        <when>2026-01-01T01:54:42.3275470Z</when>
        <gx:coord>11.064035 52.471424 1250.31</gx:coord>
        <when>2026-01-01T01:54:47.3275470Z</when>
        <gx:coord>11.066779 52.46895 1250.4419</gx:coord>
        <when>2026-01-01T01:54:52.3275470Z</when>
        <gx:coord>11.069549 52.466465 1250.1475</gx:coord>
        <when>2026-01-01T01:54:57.3275470Z</when>
        <gx:coord>11.072325 52.463955 1249.8081</gx:coord>
        <when>2026-01-01T01:55:02.3275470Z</when>
        <gx:coord>11.07515 52.46141 1250.156</gx:coord>
        <when>2026-01-01T01:55:03.0965470Z</when>
        <gx:coord>11.075718 52.46089 1250.156</gx:coord>
        <when>2026-01-01T01:55:07.3275470Z</when>
        <gx:coord>11.078008 52.45881 1245.3848</gx:coord>
        <when>2026-01-01T01:55:12.3575470Z</when>
        <gx:coord>11.080841 52.456165 1245.6836</gx:coord>
        <when>2026-01-01T01:55:17.3275470Z</when>
        <gx:coord>11.083682 52.453487 1244.8973</gx:coord>
        <when>2026-01-01T01:55:22.3275470Z</when>
        <gx:coord>11.086549 52.45083 1243.414</gx:coord>
        <when>2026-01-01T01:55:27.3275470Z</when>
        <gx:coord>11.089411 52.448196 1245.018</gx:coord>
        <when>2026-01-01T01:55:30.0955470Z</when>
        <gx:coord>11.091115 52.446625 1243.6448</gx:coord>
        <when>2026-01-01T01:55:32.3275470Z</when>
        <gx:coord>11.092249 52.445583 1245.09</gx:coord>
        <when>2026-01-01T01:55:37.3275470Z</when>
        <gx:coord>11.095077 52.44297 1247.9823</gx:coord>
        <when>2026-01-01T01:55:42.3275470Z</when>
        <gx:coord>11.097937 52.440365 1245.9689</gx:coord>
        <when>2026-01-01T01:55:47.3275470Z</when>
        <gx:coord>11.100798 52.437767 1245.4061</gx:coord>
        <when>2026-01-01T01:55:52.3275470Z</when>
        <gx:coord>11.103652 52.43518 1246.6108</gx:coord>
        <when>2026-01-01T01:55:57.0925470Z</when>
        <gx:coord>11.106502 52.4326 1247.46</gx:coord>
        <when>2026-01-01T01:55:57.3275470Z</when>
        <gx:coord>11.106502 52.4326 1246.9056</gx:coord>
        <when>2026-01-01T01:56:02.3275470Z</when>
        <gx:coord>11.109365 52.430008 1247.835</gx:coord>
        <when>2026-01-01T01:56:07.3275470Z</when>
        <gx:coord>11.112237 52.427444 1248.1185</gx:coord>
        <when>2026-01-01T01:56:12.3615470Z</when>
        <gx:coord>11.115089 52.42488 1248.7712</gx:coord>
        <when>2026-01-01T01:56:17.3275470Z</when>
        <gx:coord>11.117897 52.422306 1248.5695</gx:coord>
        <when>2026-01-01T01:56:22.3275470Z</when>
        <gx:coord>11.120727 52.41975 1248.7363</gx:coord>
        <when>2026-01-01T01:56:24.0945470Z</when>
        <gx:coord>11.12185 52.41873 1248.9791</gx:coord>
        <when>2026-01-01T01:56:27.3275470Z</when>
        <gx:coord>11.123514 52.4172 1248.6888</gx:coord>
        <when>2026-01-01T01:56:32.3275470Z</when>
        <gx:coord>11.126276 52.414646 1249.1118</gx:coord>
        <when>2026-01-01T01:56:37.3275470Z</when>
        <gx:coord>11.129025 52.412098 1249.051</gx:coord>
        <when>2026-01-01T01:56:42.3275470Z</when>
        <gx:coord>11.1317835 52.409554 1249.8241</gx:coord>
        <when>2026-01-01T01:56:47.3275470Z</when>
        <gx:coord>11.134546 52.407005 1249.084</gx:coord>
        <when>2026-01-01T01:56:52.0935470Z</when>
        <gx:coord>11.137302 52.404457 1249.8309</gx:coord>
        <when>2026-01-01T01:56:52.3275470Z</when>
        <gx:coord>11.137302 52.404457 1249.2847</gx:coord>
        <when>2026-01-01T01:56:57.3275470Z</when>
        <gx:coord>11.140061 52.401913 1249.7683</gx:coord>
        <when>2026-01-01T01:57:02.3275470Z</when>
        <gx:coord>11.142849 52.399372 1248.0559</gx:coord>
        <when>2026-01-01T01:57:07.3275470Z</when>
        <gx:coord>11.14563 52.39684 1248.2072</gx:coord>
        <when>2026-01-01T01:57:12.3365470Z</when>
        <gx:coord>11.148415 52.39431 1248.9791</gx:coord>
        <when>2026-01-01T01:57:17.3275470Z</when>
        <gx:coord>11.151174 52.39177 1249.8099</gx:coord>
        <when>2026-01-01T01:57:20.0935470Z</when>
        <gx:coord>11.152843 52.390244 1250.0122</gx:coord>
        <when>2026-01-01T01:57:22.3275470Z</when>
        <gx:coord>11.153961 52.389233 1249.9082</gx:coord>
        <when>2026-01-01T01:57:27.3275470Z</when>
        <gx:coord>11.156769 52.386696 1248.7311</gx:coord>
        <when>2026-01-01T01:57:32.3275470Z</when>
        <gx:coord>11.159582 52.38416 1247.4478</gx:coord>
        <when>2026-01-01T01:57:37.3275470Z</when>
        <gx:coord>11.16241 52.38163 1246.6001</gx:coord>
        <when>2026-01-01T01:57:42.3275470Z</when>
        <gx:coord>11.165225 52.37911 1247.0321</gx:coord>
        <when>2026-01-01T01:57:47.3275470Z</when>
        <gx:coord>11.168032 52.37659 1247.1324</gx:coord>
        <when>2026-01-01T01:57:48.0915470Z</when>
        <gx:coord>11.168598 52.37609 1247.1324</gx:coord>
        <when>2026-01-01T01:57:52.3375470Z</when>
        <gx:coord>11.170852 52.374096 1247.6776</gx:coord>
        <when>2026-01-01T01:57:57.3275470Z</when>
        <gx:coord>11.173633 52.371597 1248.1769</gx:coord>
        <when>2026-01-01T01:58:02.3275470Z</when>
        <gx:coord>11.1763935 52.369095 1246.3717</gx:coord>
        <when>2026-01-01T01:58:07.3275470Z</when>
        <gx:coord>11.17915 52.36658 1246.925</gx:coord>
        <when>2026-01-01T01:58:12.3835470Z</when>
        <gx:coord>11.181915 52.36407 1245.9138</gx:coord>
        <when>2026-01-01T01:58:16.0915470Z</when>
        <gx:coord>11.184107 52.36206 1245.1415</gx:coord>
        <when>2026-01-01T01:58:17.3275470Z</when>
        <gx:coord>11.184653 52.361557 1244.232</gx:coord>
        <when>2026-01-01T01:58:22.3275470Z</when>
        <gx:coord>11.187384 52.359035 1246.4191</gx:coord>
        <when>2026-01-01T01:58:27.3275470Z</when>
        <gx:coord>11.190097 52.356525 1246.612</gx:coord>
        <when>2026-01-01T01:58:32.3275470Z</when>
        <gx:coord>11.192797 52.354042 1245.6937</gx:coord>
        <when>2026-01-01T01:58:37.3285470Z</when>
        <gx:coord>11.195422 52.351574 1245.7932</gx:coord>
        <when>2026-01-01T01:58:42.3275470Z</when>
        <gx:coord>11.198066 52.349144 1249.1307</gx:coord>
        <when>2026-01-01T01:58:44.0945470Z</when>
        <gx:coord>11.199121 52.34817 1250.1532</gx:coord>
        <when>2026-01-01T01:58:47.3285470Z</when>
        <gx:coord>11.2007065 52.346703 1250.6605</gx:coord>
        <when>2026-01-01T01:58:52.3275470Z</when>
        <gx:coord>11.203369 52.344234 1248.2354</gx:coord>
        <when>2026-01-01T01:58:57.3275470Z</when>
        <gx:coord>11.20605 52.341724 1247.1125</gx:coord>
        <when>2026-01-01T01:59:02.3275470Z</when>
        <gx:coord>11.2087755 52.339222 1247.6335</gx:coord>
        <when>2026-01-01T01:59:07.3275470Z</when>
        <gx:coord>11.211544 52.33673 1246.9167</gx:coord>
        <when>2026-01-01T01:59:12.0895470Z</when>
        <gx:coord>11.214283 52.334248 1247.7388</gx:coord>
        <when>2026-01-01T01:59:12.3555470Z</when>
        <gx:coord>11.214283 52.334248 1248.0297</gx:coord>
        <when>2026-01-01T01:59:33.9255470Z</when>
        <gx:coord>11.22576 52.32389 1245.6761</gx:coord>
        <when>2026-01-01T01:59:38.9265470Z</when>
        <gx:coord>11.228488 52.32143 1245.2328</gx:coord>
        <when>2026-01-01T01:59:40.0945470Z</when>
        <gx:coord>11.229571 52.320454 1245.2024</gx:coord>
        <when>2026-01-01T01:59:43.9265470Z</when>
        <gx:coord>11.231206 52.318996 1248.1412</gx:coord>
        <when>2026-01-01T01:59:48.9265470Z</when>
        <gx:coord>11.233939 52.31657 1251.8896</gx:coord>
        <when>2026-01-01T01:59:53.9265470Z</when>
        <gx:coord>11.236674 52.31415 1254.65</gx:coord>
        <when>2026-01-01T01:59:58.9265470Z</when>
        <gx:coord>11.239402 52.311714 1251.976</gx:coord>
        <when>2026-01-01T02:00:03.9265470Z</when>
        <gx:coord>11.242123 52.309258 1249.3215</gx:coord>
        <when>2026-01-01T02:00:08.9265470Z</when>
        <gx:coord>11.244845 52.30677 1247.8597</gx:coord>
        <when>2026-01-01T02:00:09.0955470Z</when>
        <gx:coord>11.245387 52.30627 1247.8597</gx:coord>
        <when>2026-01-01T02:00:13.9265470Z</when>
        <gx:coord>11.247558 52.30426 1247.3855</gx:coord>
        <when>2026-01-01T02:00:18.9265470Z</when>
        <gx:coord>11.250266 52.30175 1248.2429</gx:coord>
        <when>2026-01-01T02:00:23.9265470Z</when>
        <gx:coord>11.252976 52.299244 1249.5311</gx:coord>
        <when>2026-01-01T02:00:28.9265470Z</when>
        <gx:coord>11.255693 52.296738 1247.898</gx:coord>
        <when>2026-01-01T02:00:33.9655470Z</when>
        <gx:coord>11.258418 52.294235 1247.1708</gx:coord>
        <when>2026-01-01T02:00:37.0925470Z</when>
        <gx:coord>11.260589 52.292244 1249.1742</gx:coord>
        <when>2026-01-01T02:00:38.9265470Z</when>
        <gx:coord>11.261127 52.29174 1250.0073</gx:coord>
        <when>2026-01-01T02:00:43.9265470Z</when>
        <gx:coord>11.263831 52.28923 1250.0599</gx:coord>
        <when>2026-01-01T02:00:48.9265470Z</when>
        <gx:coord>11.266549 52.28671 1252.3025</gx:coord>
        <when>2026-01-01T02:00:53.9265470Z</when>
        <gx:coord>11.2692995 52.28414 1253.7328</gx:coord>
        <when>2026-01-01T02:00:58.9265470Z</when>
        <gx:coord>11.272097 52.2815 1251.033</gx:coord>
        <when>2026-01-01T02:01:03.9255470Z</when>
        <gx:coord>11.274927 52.2788 1246.4358</gx:coord>
        <when>2026-01-01T02:01:04.0965470Z</when>
        <gx:coord>11.275499 52.278255 1246.4358</gx:coord>
        <when>2026-01-01T02:01:08.9265470Z</when>
        <gx:coord>11.277782 52.276077 1240.046</gx:coord>
        <when>2026-01-01T02:01:13.9265470Z</when>
        <gx:coord>11.280606 52.27337 1238.9429</gx:coord>
        <when>2026-01-01T02:01:18.9265470Z</when>
        <gx:coord>11.283393 52.2707 1244.1406</gx:coord>
        <when>2026-01-01T02:01:23.9265470Z</when>
        <gx:coord>11.286187 52.26805 1243.3832</gx:coord>
        <when>2026-01-01T02:01:28.9265470Z</when>
        <gx:coord>11.288959 52.26543 1246.3245</gx:coord>
        <when>2026-01-01T02:01:31.0925470Z</when>
        <gx:coord>11.290616 52.263878 1246.5591</gx:coord>
        <when>2026-01-01T02:01:33.9685470Z</when>
        <gx:coord>11.291733 52.26285 1249.7932</gx:coord>
        <when>2026-01-01T02:01:38.9265470Z</when>
        <gx:coord>11.294529 52.260277 1254.3876</gx:coord>
        <when>2026-01-01T02:01:43.9265470Z</when>
        <gx:coord>11.297398 52.257652 1250.9619</gx:coord>
        <when>2026-01-01T02:01:48.9265470Z</when>
        <gx:coord>11.300344 52.254974 1248.2678</gx:coord>
        <when>2026-01-01T02:01:53.9265470Z</when>
        <gx:coord>11.30332 52.252247 1244.3634</gx:coord>
        <when>2026-01-01T02:01:57.0925470Z</when>
        <gx:coord>11.305705 52.250015 1240.86</gx:coord>
        <when>2026-01-01T02:01:58.9265470Z</when>
        <gx:coord>11.306304 52.249443 1240.9812</gx:coord>
        <when>2026-01-01T02:02:03.9265470Z</when>
        <gx:coord>11.309307 52.24665 1237.8557</gx:coord>
        <when>2026-01-01T02:02:08.9265470Z</when>
        <gx:coord>11.312257 52.243904 1239.7125</gx:coord>
        <when>2026-01-01T02:02:13.9265470Z</when>
        <gx:coord>11.315194 52.24122 1243.601</gx:coord>
        <when>2026-01-01T02:02:18.9265470Z</when>
        <gx:coord>11.318073 52.238575 1246.4205</gx:coord>
        <when>2026-01-01T02:02:23.0945470Z</when>
        <gx:coord>11.320944 52.235973 1248.3976</gx:coord>
        <when>2026-01-01T02:02:23.9265470Z</when>
        <gx:coord>11.320944 52.235973 1248.2847</gx:coord>
        <when>2026-01-01T02:02:28.9275470Z</when>
        <gx:coord>11.323846 52.233395 1249.5715</gx:coord>
        <when>2026-01-01T02:02:33.9725470Z</when>
        <gx:coord>11.326787 52.230793 1248.0225</gx:coord>
        <when>2026-01-01T02:02:38.9275470Z</when>
        <gx:coord>11.3297415 52.22818 1245.9548</gx:coord>
        <when>2026-01-01T02:02:43.9275470Z</when>
        <gx:coord>11.332691 52.22555 1246.3121</gx:coord>
        <when>2026-01-01T02:02:48.9275470Z</when>
        <gx:coord>11.335643 52.222897 1246.0854</gx:coord>
        <when>2026-01-01T02:02:50.0925470Z</when>
        <gx:coord>11.336814 52.221848 1246.2462</gx:coord>
        <when>2026-01-01T02:02:53.9265470Z</when>
        <gx:coord>11.338562 52.220272 1246.6998</gx:coord>
        <when>2026-01-01T02:02:58.9275470Z</when>
        <gx:coord>11.341453 52.217678 1247.0344</gx:coord>
        <when>2026-01-01T02:03:03.9265470Z</when>
        <gx:coord>11.344318 52.215107 1248.7941</gx:coord>
        <when>2026-01-01T02:03:08.9265470Z</when>
        <gx:coord>11.347159 52.21255 1249.3712</gx:coord>
        <when>2026-01-01T02:03:13.9265470Z</when>
        <gx:coord>11.34997 52.209988 1249.3507</gx:coord>
        <when>2026-01-01T02:03:17.0965470Z</when>
        <gx:coord>11.352229 52.207943 1249.3265</gx:coord>
        <when>2026-01-01T02:03:18.9265470Z</when>
        <gx:coord>11.352797 52.20743 1248.8231</gx:coord>
        <when>2026-01-01T02:03:23.9265470Z</when>
        <gx:coord>11.355616 52.204865 1248.1196</gx:coord>
        <when>2026-01-01T02:03:28.9265470Z</when>
        <gx:coord>11.358449 52.202297 1248.5194</gx:coord>
        <when>2026-01-01T02:03:33.9795470Z</when>
        <gx:coord>11.361293 52.19973 1248.9746</gx:coord>
        <when>2026-01-01T02:03:38.9265470Z</when>
        <gx:coord>11.364147 52.19717 1249.4141</gx:coord>
        <when>2026-01-01T02:03:43.9265470Z</when>
        <gx:coord>11.367001 52.194595 1248.7493</gx:coord>
        <when>2026-01-01T02:03:44.0975470Z</when>
        <gx:coord>11.367571 52.19408 1248.7493</gx:coord>
        <when>2026-01-01T02:03:48.9265470Z</when>
        <gx:coord>11.369834 52.192 1248.23</gx:coord>
        <when>2026-01-01T02:03:53.9265470Z</when>
        <gx:coord>11.372682 52.189404 1248.9054</gx:coord>
        <when>2026-01-01T02:03:58.9265470Z</when>
        <gx:coord>11.375513 52.1868 1248.9287</gx:coord>
        <when>2026-01-01T02:04:03.9265470Z</when>
        <gx:coord>11.378328 52.184177 1248.6288</gx:coord>
        <when>2026-01-01T02:04:08.9275470Z</when>
        <gx:coord>11.381166 52.181583 1247.3281</gx:coord>
        <when>2026-01-01T02:04:11.0905470Z</when>
        <gx:coord>11.382855 52.18003 1249.5476</gx:coord>
        <when>2026-01-01T02:04:13.9265470Z</when>
        <gx:coord>11.383988 52.179 1249.4825</gx:coord>
        <when>2026-01-01T02:04:18.9275470Z</when>
        <gx:coord>11.386821 52.176407 1250.4304</gx:coord>
        <when>2026-01-01T02:04:23.9275470Z</when>
        <gx:coord>11.389648 52.173798 1246.8208</gx:coord>
        <when>2026-01-01T02:04:28.9275470Z</when>
        <gx:coord>11.392447 52.171177 1247.1504</gx:coord>
        <when>2026-01-01T02:04:33.9645470Z</when>
        <gx:coord>11.3952265 52.16857 1246.1766</gx:coord>
        <when>2026-01-01T02:04:38.0855470Z</when>
        <gx:coord>11.398002 52.165977 1249.5093</gx:coord>
        <when>2026-01-01T02:04:38.9275470Z</when>
        <gx:coord>11.398002 52.165977 1249.5938</gx:coord>
        <when>2026-01-01T02:04:43.9275470Z</when>
        <gx:coord>11.40081 52.163383 1245.765</gx:coord>
        <when>2026-01-01T02:04:48.9275470Z</when>
        <gx:coord>11.403623 52.160812 1248.423</gx:coord>
        <when>2026-01-01T02:04:53.9265470Z</when>
        <gx:coord>11.406404 52.15825 1249.8433</gx:coord>
        <when>2026-01-01T02:04:58.9275470Z</when>
        <gx:coord>11.409178 52.155704 1249.1893</gx:coord>
        <when>2026-01-01T02:05:03.9265470Z</when>
        <gx:coord>11.411947 52.153168 1250.5953</gx:coord>
        <when>2026-01-01T02:05:06.0985470Z</when>
        <gx:coord>11.413616 52.151657 1250.6036</gx:coord>
        <when>2026-01-01T02:05:08.9265470Z</when>
        <gx:coord>11.414727 52.15065 1250.9878</gx:coord>
        <when>2026-01-01T02:05:13.9265470Z</when>
        <gx:coord>11.417517 52.148132 1251.282</gx:coord>
        <when>2026-01-01T02:05:18.9275470Z</when>
        <gx:coord>11.4203005 52.14561 1249.5303</gx:coord>
        <when>2026-01-01T02:05:23.9275470Z</when>
        <gx:coord>11.423079 52.143093 1249.4312</gx:coord>
        <when>2026-01-01T02:05:28.9275470Z</when>
        <gx:coord>11.425853 52.14057 1249.1138</gx:coord>
        <when>2026-01-01T02:05:33.9755470Z</when>
        <gx:coord>11.428631 52.138042 1249.0929</gx:coord>
        <when>2026-01-01T02:05:34.0925470Z</when>
        <gx:coord>11.429187 52.137535 1249.0929</gx:coord>
        <when>2026-01-01T02:05:38.9275470Z</when>
        <gx:coord>11.431419 52.135506 1249.4867</gx:coord>
        <when>2026-01-01T02:05:43.9275470Z</when>
        <gx:coord>11.4342165 52.13295 1248.2446</gx:coord>
        <when>2026-01-01T02:05:48.9275470Z</when>
        <gx:coord>11.437009 52.130386 1248.9073</gx:coord>
        <when>2026-01-01T02:05:53.9265470Z</when>
        <gx:coord>11.439786 52.12782 1249.0938</gx:coord>
        <when>2026-01-01T02:05:58.9275470Z</when>
        <gx:coord>11.442565 52.12525 1248.0586</gx:coord>
        <when>2026-01-01T02:06:02.0955470Z</when>
        <gx:coord>11.444767 52.1232 1248.4022</gx:coord>
        <when>2026-01-01T02:06:03.9265470Z</when>
        <gx:coord>11.445316 52.12269 1247.6329</gx:coord>
        <when>2026-01-01T02:06:08.9275470Z</when>
        <gx:coord>11.448043 52.120132 1248.1735</gx:coord>
        <when>2026-01-01T02:06:13.9265470Z</when>
        <gx:coord>11.4507675 52.117588 1247.5394</gx:coord>
        <when>2026-01-01T02:06:18.9275470Z</when>
        <gx:coord>11.45347 52.115047 1248.3889</gx:coord>
        <when>2026-01-01T02:06:23.9275470Z</when>
        <gx:coord>11.456171 52.112484 1250.5199</gx:coord>
        <when>2026-01-01T02:06:28.9275470Z</when>
        <gx:coord>11.458927 52.109894 1247.9589</gx:coord>
        <when>2026-01-01T02:06:30.0985470Z</when>
        <gx:coord>11.460031 52.108845 1248.249</gx:coord>
        <when>2026-01-01T02:06:33.9655470Z</when>
        <gx:coord>11.461693 52.107265 1247.0765</gx:coord>
        <when>2026-01-01T02:06:38.9275470Z</when>
        <gx:coord>11.464486 52.10463 1243.8706</gx:coord>
        <when>2026-01-01T02:06:43.9275470Z</when>
        <gx:coord>11.467295 52.10203 1246.2568</gx:coord>
        <when>2026-01-01T02:06:48.9275470Z</when>
        <gx:coord>11.470089 52.099457 1248.8274</gx:coord>
        <when>2026-01-01T02:06:53.9265470Z</when>
        <gx:coord>11.472887 52.096878 1248.4004</gx:coord>
        <when>2026-01-01T02:06:57.0965470Z</when>
        <gx:coord>11.475118 52.0948 1250.2064</gx:coord>
        <when>2026-01-01T02:06:58.9275470Z</when>
        <gx:coord>11.47568 52.09428 1250.5826</gx:coord>
        <when>2026-01-01T02:07:03.9265470Z</when>
        <gx:coord>11.478487 52.091667 1247.9683</gx:coord>
        <when>2026-01-01T02:07:08.9275470Z</when>
        <gx:coord>11.481294 52.08905 1247.4022</gx:coord>
        <when>2026-01-01T02:07:13.9265470Z</when>
        <gx:coord>11.484102 52.08644 1248.3226</gx:coord>
        <when>2026-01-01T02:07:18.9275470Z</when>
        <gx:coord>11.4869175 52.08383 1248.169</gx:coord>
        <when>2026-01-01T02:07:23.9275470Z</when>
        <gx:coord>11.489729 52.08123 1247.2839</gx:coord>
        <when>2026-01-01T02:07:24.0915470Z</when>
        <gx:coord>11.490285 52.080708 1247.2839</gx:coord>
        <when>2026-01-01T02:07:28.9275470Z</when>
        <gx:coord>11.492512 52.078625 1246.6675</gx:coord>
        <when>2026-01-01T02:07:33.9655470Z</when>
        <gx:coord>11.495294 52.07604 1246.6377</gx:coord>
        <when>2026-01-01T02:07:38.9275470Z</when>
        <gx:coord>11.498066 52.07348 1247.1693</gx:coord>
        <when>2026-01-01T02:07:43.9265470Z</when>
        <gx:coord>11.500823 52.07094 1248.9155</gx:coord>
        <when>2026-01-01T02:07:48.9275470Z</when>
        <gx:coord>11.503569 52.0684 1249.2211</gx:coord>
        <when>2026-01-01T02:07:52.0925470Z</when>
        <gx:coord>11.505762 52.066383 1248.9978</gx:coord>
        <when>2026-01-01T02:07:53.9275470Z</when>
        <gx:coord>11.506311 52.06588 1249.1403</gx:coord>
        <when>2026-01-01T02:07:58.9275470Z</when>
        <gx:coord>11.509046 52.06337 1249.3304</gx:coord>
        <when>2026-01-01T02:08:03.9275470Z</when>
        <gx:coord>11.511777 52.060856 1248.3878</gx:coord>
        <when>2026-01-01T02:08:08.9275470Z</when>
        <gx:coord>11.514496 52.058346 1248.1367</gx:coord>
        <when>2026-01-01T02:08:13.9275470Z</when>
        <gx:coord>11.517208 52.055855 1249.3162</gx:coord>
        <when>2026-01-01T02:08:18.9265470Z</when>
        <gx:coord>11.519967 52.053364 1251.1373</gx:coord>
        <when>2026-01-01T02:08:20.0925470Z</when>
        <gx:coord>11.521071 52.05237 1250.0542</gx:coord>
        <when>2026-01-01T02:08:23.9275470Z</when>
        <gx:coord>11.522725 52.050865 1248.9755</gx:coord>
        <when>2026-01-01T02:08:28.9275470Z</when>
        <gx:coord>11.52547 52.04837 1248.8687</gx:coord>
        <when>2026-01-01T02:08:33.9925470Z</when>
        <gx:coord>11.528187 52.04589 1250.0297</gx:coord>
        <when>2026-01-01T02:08:38.9275470Z</when>
        <gx:coord>11.530921 52.043404 1249.6287</gx:coord>
        <when>2026-01-01T02:08:43.9275470Z</when>
        <gx:coord>11.533656 52.040924 1249.4963</gx:coord>
        <when>2026-01-01T02:08:48.0935470Z</when>
        <gx:coord>11.536402 52.038456 1247.8262</gx:coord>
        <when>2026-01-01T02:08:48.9275470Z</when>
        <gx:coord>11.536402 52.038456 1247.8243</gx:coord>
        <when>2026-01-01T02:08:53.9275470Z</when>
        <gx:coord>11.539111 52.035988 1249.5518</gx:coord>
        <when>2026-01-01T02:08:58.9275470Z</when>
        <gx:coord>11.541828 52.033524 1250.0283</gx:coord>
        <when>2026-01-01T02:09:03.9275470Z</when>
        <gx:coord>11.544552 52.031033 1249.6967</gx:coord>
        <when>2026-01-01T02:09:08.9275470Z</when>
        <gx:coord>11.547283 52.02849 1245.7128</gx:coord>
        <when>2026-01-01T02:09:13.9275470Z</when>
        <gx:coord>11.55005 52.02592 1244.2463</gx:coord>
        <when>2026-01-01T02:09:16.0935470Z</when>
        <gx:coord>11.551714 52.024376 1245.4998</gx:coord>
        <when>2026-01-01T02:09:18.9275470Z</when>
        <gx:coord>11.552825 52.023342 1244.8142</gx:coord>
        <when>2026-01-01T02:09:23.9275470Z</when>
        <gx:coord>11.555598 52.020767 1245.26</gx:coord>
        <when>2026-01-01T02:09:28.9275470Z</when>
        <gx:coord>11.55834 52.0182 1246.705</gx:coord>
        <when>2026-01-01T02:09:33.9695470Z</when>
        <gx:coord>11.56108 52.015656 1247.1364</gx:coord>
        <when>2026-01-01T02:09:38.9275470Z</when>
        <gx:coord>11.563831 52.013115 1245.5734</gx:coord>
        <when>2026-01-01T02:09:43.9275470Z</when>
        <gx:coord>11.566569 52.010586 1246.9998</gx:coord>
        <when>2026-01-01T02:09:44.0915470Z</when>
        <gx:coord>11.567118 52.01008 1246.9998</gx:coord>
        <when>2026-01-01T02:09:48.9345470Z</when>
        <gx:coord>11.569326 52.00807 1247.347</gx:coord>
        <when>2026-01-01T02:09:53.9265470Z</when>
        <gx:coord>11.572084 52.00557 1251.443</gx:coord>
        <when>2026-01-01T02:09:58.9275470Z</when>
        <gx:coord>11.57486 52.003056 1251.5947</gx:coord>
        <when>2026-01-01T02:10:03.9275470Z</when>
        <gx:coord>11.577654 52.00052 1250.1886</gx:coord>
        <when>2026-01-01T02:10:08.9275470Z</when>
        <gx:coord>11.580451 51.997963 1247.5989</gx:coord>
        <when>2026-01-01T02:10:12.0915470Z</when>
        <gx:coord>11.58269 51.99589 1242.4524</gx:coord>
        <when>2026-01-01T02:10:13.9275470Z</when>
        <gx:coord>11.583253 51.99537 1237.7323</gx:coord>
        <when>2026-01-01T02:10:18.9275470Z</when>
        <gx:coord>11.58609 51.992725 1225.467</gx:coord>
        <when>2026-01-01T02:10:23.9385470Z</when>
        <gx:coord>11.588944 51.99003 1210.8309</gx:coord>
        <when>2026-01-01T02:10:26.0955470Z</when>
        <gx:coord>11.590651 51.98839 1202.4624</gx:coord>
        <when>2026-01-01T02:10:28.9325470Z</when>
        <gx:coord>11.591793 51.987297 1196.822</gx:coord>
        <when>2026-01-01T02:10:33.9695470Z</when>
        <gx:coord>11.594676 51.98454 1182.2477</gx:coord>
        <when>2026-01-01T02:10:38.0955470Z</when>
        <gx:coord>11.597629 51.98175 1174.7361</gx:coord>
        <when>2026-01-01T02:10:38.9265470Z</when>
        <gx:coord>11.597629 51.98175 1172.2762</gx:coord>
        <when>2026-01-01T02:10:39.0795470Z</when>
        <gx:coord>11.597629 51.98175 1172.2762</gx:coord>
        <when>2026-01-01T02:10:39.0805470Z</when>
        <gx:coord>11.598226 51.98119 1169.282</gx:coord>
        <when>2026-01-01T02:10:43.9275470Z</when>
        <gx:coord>11.60061 51.978897 1161.2102</gx:coord>
        <when>2026-01-01T02:10:48.9275470Z</when>
        <gx:coord>11.603585 51.975986 1143.467</gx:coord>
        <when>2026-01-01T02:10:50.0865470Z</when>
        <gx:coord>11.604775 51.97481 1136.4144</gx:coord>
        <when>2026-01-01T02:10:53.9275470Z</when>
        <gx:coord>11.606561 51.973038 1126.3877</gx:coord>
        <when>2026-01-01T02:10:58.9275470Z</when>
        <gx:coord>11.609498 51.97009 1109.7544</gx:coord>
        <when>2026-01-01T02:11:00.0855470Z</when>
        <gx:coord>11.6106615 51.968918 1104.2003</gx:coord>
        <when>2026-01-01T02:11:03.0905470Z</when>
        <gx:coord>11.612411 51.967182 1099.8647</gx:coord>
        <when>2026-01-01T02:11:03.9395470Z</when>
        <gx:coord>11.612411 51.967182 1097.8134</gx:coord>
        <when>2026-01-01T02:11:08.9275470Z</when>
        <gx:coord>11.615297 51.964314 1085.6648</gx:coord>
        <when>2026-01-01T02:11:13.0855470Z</when>
        <gx:coord>11.618207 51.961483 1073.489</gx:coord>
        <when>2026-01-01T02:11:13.9275470Z</when>
        <gx:coord>11.618207 51.961483 1073.489</gx:coord>
        <when>2026-01-01T02:11:18.9275470Z</when>
        <gx:coord>11.621121 51.95868 1059.75</gx:coord>
        <when>2026-01-01T02:11:23.9405470Z</when>
        <gx:coord>11.624015 51.95589 1047.0382</gx:coord>
        <when>2026-01-01T02:11:26.0935470Z</when>
        <gx:coord>11.625767 51.95423 1040.5105</gx:coord>
        <when>2026-01-01T02:11:28.0885470Z</when>
        <gx:coord>11.626943 51.95313 1038.2781</gx:coord>
        <when>2026-01-01T02:11:28.9275470Z</when>
        <gx:coord>11.626943 51.95313 1036.398</gx:coord>
        <when>2026-01-01T02:11:33.9675470Z</when>
        <gx:coord>11.629883 51.950386 1023.35077</gx:coord>
        <when>2026-01-01T02:11:38.9285470Z</when>
        <gx:coord>11.632843 51.947655 1010.79834</gx:coord>
        <when>2026-01-01T02:11:39.0835470Z</when>
        <gx:coord>11.633436 51.94711 1008.3139</gx:coord>
        <when>2026-01-01T02:11:43.9285470Z</when>
        <gx:coord>11.635802 51.94492 998.2451</gx:coord>
        <when>2026-01-01T02:11:48.9285470Z</when>
        <gx:coord>11.638763 51.942177 985.68646</gx:coord>
        <when>2026-01-01T02:11:52.0855470Z</when>
        <gx:coord>11.641132 51.939976 975.5115</gx:coord>
        <when>2026-01-01T02:11:53.9275470Z</when>
        <gx:coord>11.6417265 51.939426 972.8627</gx:coord>
        <when>2026-01-01T02:11:54.0985470Z</when>
        <gx:coord>11.64232 51.938877 972.8627</gx:coord>
        <when>2026-01-01T02:11:58.9285470Z</when>
        <gx:coord>11.644696 51.936672 959.98865</gx:coord>
        <when>2026-01-01T02:12:03.9275470Z</when>
        <gx:coord>11.6476755 51.93392 947.67004</gx:coord>
        <when>2026-01-01T02:12:04.0875470Z</when>
        <gx:coord>11.648266 51.933372 944.8989</gx:coord>
        <when>2026-01-01T02:12:08.9285470Z</when>
        <gx:coord>11.650609 51.931175 934.4212</gx:coord>
        <when>2026-01-01T02:12:13.9385470Z</when>
        <gx:coord>11.653511 51.92846 929.2526</gx:coord>
        <when>2026-01-01T02:12:18.9285470Z</when>
        <gx:coord>11.656356 51.92579 929.39734</gx:coord>
        <when>2026-01-01T02:12:20.0915470Z</when>
        <gx:coord>11.657485 51.92474 929.92664</gx:coord>
        <when>2026-01-01T02:12:21.0865470Z</when>
        <gx:coord>11.657485 51.92474 930.6808</gx:coord>
        <when>2026-01-01T02:12:23.9285470Z</when>
        <gx:coord>11.659162 51.923195 934.39795</gx:coord>
        <when>2026-01-01T02:12:28.9385470Z</when>
        <gx:coord>11.661923 51.92069 939.2347</gx:coord>
        <when>2026-01-01T02:12:33.9695470Z</when>
        <gx:coord>11.664652 51.918236 941.3882</gx:coord>
        <when>2026-01-01T02:12:38.9285470Z</when>
        <gx:coord>11.667365 51.91581 943.2011</gx:coord>
        <when>2026-01-01T02:12:43.9285470Z</when>
        <gx:coord>11.670121 51.913372 942.5847</gx:coord>
        <when>2026-01-01T02:12:48.0915470Z</when>
        <gx:coord>11.672908 51.910904 940.5637</gx:coord>
        <when>2026-01-01T02:12:48.9285470Z</when>
        <gx:coord>11.672908 51.910904 940.0476</gx:coord>
        <when>2026-01-01T02:12:53.9285470Z</when>
        <gx:coord>11.675699 51.908405 938.38654</gx:coord>
        <when>2026-01-01T02:12:58.9285470Z</when>
        <gx:coord>11.678498 51.905895 936.9198</gx:coord>
        <when>2026-01-01T02:13:03.9285470Z</when>
        <gx:coord>11.681268 51.90338 935.6006</gx:coord>
        <when>2026-01-01T02:13:08.9285470Z</when>
        <gx:coord>11.683989 51.90086 934.75836</gx:coord>
        <when>2026-01-01T02:13:13.9285470Z</when>
        <gx:coord>11.6866665 51.898335 936.9654</gx:coord>
        <when>2026-01-01T02:13:16.0935470Z</when>
        <gx:coord>11.688299 51.896824 937.1372</gx:coord>
        <when>2026-01-01T02:13:18.9285470Z</when>
        <gx:coord>11.689402 51.89582 938.6995</gx:coord>
        <when>2026-01-01T02:13:23.9285470Z</when>
        <gx:coord>11.692125 51.893288 937.4807</gx:coord>
        <when>2026-01-01T02:13:28.9285470Z</when>
        <gx:coord>11.694871 51.890736 936.36</gx:coord>
        <when>2026-01-01T02:13:33.9835470Z</when>
        <gx:coord>11.697627 51.888172 934.4151</gx:coord>
        <when>2026-01-01T02:13:38.9275470Z</when>
        <gx:coord>11.700355 51.88562 934.57153</gx:coord>
        <when>2026-01-01T02:13:43.9275470Z</when>
        <gx:coord>11.703075 51.88309 937.0583</gx:coord>
        <when>2026-01-01T02:13:44.0865470Z</when>
        <gx:coord>11.703617 51.882584 937.0583</gx:coord>
        <when>2026-01-01T02:13:48.9285470Z</when>
        <gx:coord>11.705785 51.880566 938.43524</gx:coord>
        <when>2026-01-01T02:13:53.9285470Z</when>
        <gx:coord>11.708483 51.87804 938.0777</gx:coord>
        <when>2026-01-01T02:13:58.9285470Z</when>
        <gx:coord>11.711162 51.875496 936.4195</gx:coord>
        <when>2026-01-01T02:14:03.9285470Z</when>
        <gx:coord>11.713902 51.87296 937.6854</gx:coord>
        <when>2026-01-01T02:14:08.9285470Z</when>
        <gx:coord>11.716666 51.87041 937.1826</gx:coord>
        <when>2026-01-01T02:14:12.0905470Z</when>
        <gx:coord>11.718933 51.868366 937.7084</gx:coord>
        <when>2026-01-01T02:14:13.9285470Z</when>
        <gx:coord>11.719499 51.86785 937.0472</gx:coord>
        <when>2026-01-01T02:14:18.9285470Z</when>
        <gx:coord>11.72231 51.865276 936.56433</gx:coord>
        <when>2026-01-01T02:14:23.9285470Z</when>
        <gx:coord>11.725073 51.862694 936.09265</gx:coord>
        <when>2026-01-01T02:14:28.9285470Z</when>
        <gx:coord>11.727807 51.860107 930.4235</gx:coord>
        <when>2026-01-01T02:14:33.9655470Z</when>
        <gx:coord>11.730533 51.85751 923.2389</gx:coord>
        <when>2026-01-01T02:14:38.9425470Z</when>
        <gx:coord>11.7332535 51.854897 915.50275</gx:coord>
        <when>2026-01-01T02:14:39.0905470Z</when>
        <gx:coord>11.733798 51.854374 915.50275</gx:coord>
        <when>2026-01-01T02:14:39.0925470Z</when>
        <gx:coord>11.733798 51.854374 913.7265</gx:coord>
        <when>2026-01-01T02:14:43.9285470Z</when>
        <gx:coord>11.735999 51.852272 908.53754</gx:coord>
        <when>2026-01-01T02:14:48.9285470Z</when>
        <gx:coord>11.738778 51.849613 901.5769</gx:coord>
        <when>2026-01-01T02:14:53.9275470Z</when>
        <gx:coord>11.741588 51.84691 892.084</gx:coord>
        <when>2026-01-01T02:14:58.9285470Z</when>
        <gx:coord>11.74442 51.844204 883.6177</gx:coord>
        <when>2026-01-01T02:14:59.0865470Z</when>
        <gx:coord>11.744983 51.843662 881.61523</gx:coord>
        <when>2026-01-01T02:15:03.9275470Z</when>
        <gx:coord>11.747252 51.841503 875.52625</gx:coord>
        <when>2026-01-01T02:15:06.0925470Z</when>
        <gx:coord>11.748942 51.83988 871.97705</gx:coord>
        <when>2026-01-01T02:15:08.9285470Z</when>
        <gx:coord>11.750074 51.838806 867.6926</gx:coord>
        <when>2026-01-01T02:15:13.9285470Z</when>
        <gx:coord>11.752911 51.836117 859.9884</gx:coord>
        <when>2026-01-01T02:15:18.9285470Z</when>
        <gx:coord>11.755755 51.833435 851.8333</gx:coord>
        <when>2026-01-01T02:15:19.0885470Z</when>
        <gx:coord>11.756332 51.8329 850.0011</gx:coord>
        <when>2026-01-01T02:15:23.9285470Z</when>
        <gx:coord>11.758493 51.830715 842.2608</gx:coord>
        <when>2026-01-01T02:15:24.0865470Z</when>
        <gx:coord>11.758493 51.830715 842.2608</gx:coord>
        <when>2026-01-01T02:15:28.9285470Z</when>
        <gx:coord>11.760584 51.827778 835.8339</gx:coord>
        <when>2026-01-01T02:15:33.0935470Z</when>
        <gx:coord>11.762601 51.82481 829.66516</gx:coord>
        <when>2026-01-01T02:15:33.9645470Z</when>
        <gx:coord>11.762601 51.82481 827.14136</gx:coord>
        <when>2026-01-01T02:15:38.0825470Z</when>
        <gx:coord>11.764661 51.821842 818.5617</gx:coord>
        <when>2026-01-01T02:15:38.9285470Z</when>
        <gx:coord>11.764661 51.821842 818.5617</gx:coord>
        <when>2026-01-01T02:15:43.9285470Z</when>
        <gx:coord>11.766745 51.818882 810.17804</gx:coord>
        <when>2026-01-01T02:15:48.9285470Z</when>
        <gx:coord>11.768852 51.815937 802.54095</gx:coord>
        <when>2026-01-01T02:15:53.9285470Z</when>
        <gx:coord>11.770999 51.812984 797.63885</gx:coord>
        <when>2026-01-01T02:15:58.9285470Z</when>
        <gx:coord>11.773096 51.809994 790.5093</gx:coord>
        <when>2026-01-01T02:15:59.0945470Z</when>
        <gx:coord>11.773517 51.80939 790.5093</gx:coord>
        <when>2026-01-01T02:15:59.0955470Z</when>
        <gx:coord>11.773517 51.80939 787.97156</gx:coord>
        <when>2026-01-01T02:16:03.9285470Z</when>
        <gx:coord>11.775195 51.806988 783.0783</gx:coord>
        <when>2026-01-01T02:16:08.9285470Z</when>
        <gx:coord>11.7772665 51.803978 775.8457</gx:coord>
        <when>2026-01-01T02:16:13.9345470Z</when>
        <gx:coord>11.779358 51.800995 773.1987</gx:coord>
        <when>2026-01-01T02:16:18.9285470Z</when>
        <gx:coord>11.781413 51.798054 774.3068</gx:coord>
        <when>2026-01-01T02:16:23.9285470Z</when>
        <gx:coord>11.783463 51.795166 776.2628</gx:coord>
        <when>2026-01-01T02:16:25.0945470Z</when>
        <gx:coord>11.78427 51.794018 776.53546</gx:coord>
        <when>2026-01-01T02:16:28.9285470Z</when>
        <gx:coord>11.78547 51.79231 777.8157</gx:coord>
        <when>2026-01-01T02:16:33.9645470Z</when>
        <gx:coord>11.78747 51.78949 780.33435</gx:coord>
        <when>2026-01-01T02:16:38.9285470Z</when>
        <gx:coord>11.789415 51.786686 782.18317</gx:coord>
        <when>2026-01-01T02:16:43.9285470Z</when>
        <gx:coord>11.791333 51.78386 781.4076</gx:coord>
        <when>2026-01-01T02:16:48.9285470Z</when>
        <gx:coord>11.793245 51.78101 780.3659</gx:coord>
        <when>2026-01-01T02:16:53.0935470Z</when>
        <gx:coord>11.795132 51.77814 779.0001</gx:coord>
        <when>2026-01-01T02:16:53.9285470Z</when>
        <gx:coord>11.795132 51.77814 778.3623</gx:coord>
        <when>2026-01-01T02:16:58.9285470Z</when>
        <gx:coord>11.797008 51.775288 776.5615</gx:coord>
        <when>2026-01-01T02:17:03.9285470Z</when>
        <gx:coord>11.798848 51.77244 777.26154</gx:coord>
        <when>2026-01-01T02:17:08.9285470Z</when>
        <gx:coord>11.800735 51.76961 777.65076</gx:coord>
        <when>2026-01-01T02:17:13.9285470Z</when>
        <gx:coord>11.802638 51.76679 778.5812</gx:coord>
        <when>2026-01-01T02:17:18.9285470Z</when>
        <gx:coord>11.80456 51.763996 779.56903</gx:coord>
        <when>2026-01-01T02:17:21.0895470Z</when>
        <gx:coord>11.8057165 51.762325 780.72107</gx:coord>
        <when>2026-01-01T02:17:23.9285470Z</when>
        <gx:coord>11.806492 51.76122 781.6018</gx:coord>
        <when>2026-01-01T02:17:28.9285470Z</when>
        <gx:coord>11.808401 51.75845 781.23315</gx:coord>
        <when>2026-01-01T02:17:33.9665470Z</when>
        <gx:coord>11.810306 51.755688 782.5833</gx:coord>
        <when>2026-01-01T02:17:38.9285470Z</when>
        <gx:coord>11.812271 51.75294 782.09546</gx:coord>
        <when>2026-01-01T02:17:43.9285470Z</when>
        <gx:coord>11.814237 51.750187 781.53735</gx:coord>
        <when>2026-01-01T02:17:48.9285470Z</when>
        <gx:coord>11.816212 51.747437 780.76105</gx:coord>
        <when>2026-01-01T02:17:49.0935470Z</when>
        <gx:coord>11.816607 51.746883 780.76105</gx:coord>
        <when>2026-01-01T02:17:53.9285470Z</when>
        <gx:coord>11.818196 51.744682 782.1724</gx:coord>
        <when>2026-01-01T02:17:58.9285470Z</when>
        <gx:coord>11.820149 51.741917 781.07806</gx:coord>
        <when>2026-01-01T02:18:03.9305470Z</when>
        <gx:coord>11.82208 51.73915 781.1006</gx:coord>
        <when>2026-01-01T02:18:08.9285470Z</when>
        <gx:coord>11.823937 51.736378 781.4607</gx:coord>
        <when>2026-01-01T02:18:13.9285470Z</when>
        <gx:coord>11.825789 51.733604 783.096</gx:coord>
        <when>2026-01-01T02:18:17.0915470Z</when>
        <gx:coord>11.827293 51.731384 783.3883</gx:coord>
        <when>2026-01-01T02:18:18.9285470Z</when>
        <gx:coord>11.827674 51.730827 781.86096</gx:coord>
        <when>2026-01-01T02:18:23.9285470Z</when>
        <gx:coord>11.829567 51.72804 781.02234</gx:coord>
        <when>2026-01-01T02:18:28.9285470Z</when>
        <gx:coord>11.831487 51.72526 781.8623</gx:coord>
        <when>2026-01-01T02:18:33.9885470Z</when>
        <gx:coord>11.833406 51.7225 780.009</gx:coord>
        <when>2026-01-01T02:18:38.9285470Z</when>
        <gx:coord>11.835329 51.71976 780.7514</gx:coord>
        <when>2026-01-01T02:18:43.9285470Z</when>
        <gx:coord>11.837211 51.71701 782.0802</gx:coord>
        <when>2026-01-01T02:18:45.0915470Z</when>
        <gx:coord>11.837951 51.715897 781.6845</gx:coord>
        <when>2026-01-01T02:18:48.9285470Z</when>
        <gx:coord>11.839066 51.714222 780.5132</gx:coord>
        <when>2026-01-01T02:18:53.9285470Z</when>
        <gx:coord>11.840933 51.711426 780.01184</gx:coord>
        <when>2026-01-01T02:18:58.9285470Z</when>
        <gx:coord>11.842832 51.708637 779.38947</gx:coord>
        <when>2026-01-01T02:19:03.9285470Z</when>
        <gx:coord>11.844756 51.70586 778.24023</gx:coord>
        <when>2026-01-01T02:19:08.9285470Z</when>
        <gx:coord>11.846667 51.703114 779.19916</gx:coord>
        <when>2026-01-01T02:19:13.0885470Z</when>
        <gx:coord>11.848547 51.700397 781.0014</gx:coord>
        <when>2026-01-01T02:19:13.9285470Z</when>
        <gx:coord>11.848547 51.700397 781.1586</gx:coord>
        <when>2026-01-01T02:19:18.9285470Z</when>
        <gx:coord>11.850308 51.697655 784.1132</gx:coord>
        <when>2026-01-01T02:19:23.9305470Z</when>
        <gx:coord>11.852033 51.694885 784.29254</gx:coord>
        <when>2026-01-01T02:19:28.9285470Z</when>
        <gx:coord>11.853847 51.69211 784.65454</gx:coord>
        <when>2026-01-01T02:19:33.9425470Z</when>
        <gx:coord>11.855687 51.689316 781.5964</gx:coord>
        <when>2026-01-01T02:19:38.9275470Z</when>
        <gx:coord>11.857484 51.686504 777.99396</gx:coord>
        <when>2026-01-01T02:19:41.0965470Z</when>
        <gx:coord>11.858554 51.68481 777.48126</gx:coord>
        <when>2026-01-01T02:19:43.9285470Z</when>
        <gx:coord>11.859276 51.68369 778.19116</gx:coord>
        <when>2026-01-01T02:19:48.9285470Z</when>
        <gx:coord>11.8610935 51.680893 779.79877</gx:coord>
        <when>2026-01-01T02:19:53.9285470Z</when>
        <gx:coord>11.862941 51.678127 780.0212</gx:coord>
        <when>2026-01-01T02:19:58.9285470Z</when>
        <gx:coord>11.864857 51.675396 780.7456</gx:coord>
        <when>2026-01-01T02:20:03.9275470Z</when>
        <gx:coord>11.866802 51.672676 780.90344</gx:coord>
        <when>2026-01-01T02:20:08.9285470Z</when>
        <gx:coord>11.868702 51.669945 783.1438</gx:coord>
        <when>2026-01-01T02:20:09.0915470Z</when>
        <gx:coord>11.869077 51.669395 783.1438</gx:coord>
        <when>2026-01-01T02:20:13.9275470Z</when>
        <gx:coord>11.870532 51.667175 782.43744</gx:coord>
        <when>2026-01-01T02:20:18.9275470Z</when>
        <gx:coord>11.872387 51.664368 779.9031</gx:coord>
        <when>2026-01-01T02:20:23.9275470Z</when>
        <gx:coord>11.874265 51.66155 776.367</gx:coord>
        <when>2026-01-01T02:20:28.9275470Z</when>
        <gx:coord>11.876175 51.65875 779.28076</gx:coord>
        <when>2026-01-01T02:20:33.9605470Z</when>
        <gx:coord>11.878037 51.65595 780.2075</gx:coord>
        <when>2026-01-01T02:20:37.0985470Z</when>
        <gx:coord>11.879476 51.653706 781.1956</gx:coord>
        <when>2026-01-01T02:20:38.9275470Z</when>
        <gx:coord>11.879853 51.653152 781.6374</gx:coord>
        <when>2026-01-01T02:20:43.9275470Z</when>
        <gx:coord>11.881714 51.650402 782.266</gx:coord>
        <when>2026-01-01T02:20:48.9275470Z</when>
        <gx:coord>11.8836 51.64764 773.53864</gx:coord>
        <when>2026-01-01T02:20:53.9275470Z</when>
        <gx:coord>11.885506 51.64486 760.9264</gx:coord>
        <when>2026-01-01T02:20:55.0875470Z</when>
        <gx:coord>11.886282 51.643738 756.0957</gx:coord>
        <when>2026-01-01T02:20:58.9275470Z</when>
        <gx:coord>11.887473 51.642056 748.7875</gx:coord>
        <when>2026-01-01T02:21:03.9345470Z</when>
        <gx:coord>11.889414 51.639236 735.5321</gx:coord>
        <when>2026-01-01T02:21:05.0965470Z</when>
        <gx:coord>11.8901825 51.638103 732.60834</gx:coord>
        <when>2026-01-01T02:21:07.0915470Z</when>
        <gx:coord>11.890956 51.63697 724.0002</gx:coord>
        <when>2026-01-01T02:21:08.9275470Z</when>
        <gx:coord>11.891344 51.636406 721.00867</gx:coord>
        <when>2026-01-01T02:21:13.9275470Z</when>
        <gx:coord>11.8933115 51.63361 705.61255</gx:coord>
        <when>2026-01-01T02:21:18.9275470Z</when>
        <gx:coord>11.895208 51.630848 697.2362</gx:coord>
        <when>2026-01-01T02:21:21.0875470Z</when>
        <gx:coord>11.896335 51.629196 690.3794</gx:coord>
        <when>2026-01-01T02:21:23.9275470Z</when>
        <gx:coord>11.897085 51.628098 683.7429</gx:coord>
        <when>2026-01-01T02:21:28.9275470Z</when>
        <gx:coord>11.898932 51.62538 668.03076</gx:coord>
        <when>2026-01-01T02:21:31.0855470Z</when>
        <gx:coord>11.900002 51.623768 659.7483</gx:coord>
        <when>2026-01-01T02:21:32.0895470Z</when>
        <gx:coord>11.900002 51.623768 659.7483</gx:coord>
        <when>2026-01-01T02:21:33.0995470Z</when>
        <gx:coord>11.90072 51.622707 657.20575</gx:coord>
        <when>2026-01-01T02:21:33.9605470Z</when>
        <gx:coord>11.90072 51.622707 655.4259</gx:coord>
        <when>2026-01-01T02:21:38.9275470Z</when>
        <gx:coord>11.902511 51.620068 643.65405</gx:coord>
        <when>2026-01-01T02:21:43.9275470Z</when>
        <gx:coord>11.90425 51.61741 635.8697</gx:coord>
        <when>2026-01-01T02:21:46.0845470Z</when>
        <gx:coord>11.905317 51.615807 628.39655</gx:coord>
        <when>2026-01-01T02:21:48.9275470Z</when>
        <gx:coord>11.906045 51.61474 623.58386</gx:coord>
        <when>2026-01-01T02:21:53.9275470Z</when>
        <gx:coord>11.907843 51.612076 607.9444</gx:coord>
        <when>2026-01-01T02:21:57.0865470Z</when>
        <gx:coord>11.909239 51.609943 596.4021</gx:coord>
        <when>2026-01-01T02:21:58.9275470Z</when>
        <gx:coord>11.909579 51.60941 593.6232</gx:coord>
        <when>2026-01-01T02:22:02.0905470Z</when>
        <gx:coord>11.910957 51.607296 584.00446</gx:coord>
        <when>2026-01-01T02:22:03.9335470Z</when>
        <gx:coord>11.911331 51.606777 578.6957</gx:coord>
        <when>2026-01-01T02:22:08.9275470Z</when>
        <gx:coord>11.913387 51.60427 566.978</gx:coord>
        <when>2026-01-01T02:22:09.0845470Z</when>
        <gx:coord>11.913807 51.603775 564.6715</gx:coord>
        <when>2026-01-01T02:22:13.9275470Z</when>
        <gx:coord>11.915473 51.601776 556.23224</gx:coord>
        <when>2026-01-01T02:22:18.9275470Z</when>
        <gx:coord>11.917553 51.599255 543.5245</gx:coord>
        <when>2026-01-01T02:22:22.0825470Z</when>
        <gx:coord>11.919224 51.597218 533.6535</gx:coord>
        <when>2026-01-01T02:22:23.9275470Z</when>
        <gx:coord>11.919643 51.596706 531.3118</gx:coord>
        <when>2026-01-01T02:22:28.9275470Z</when>
        <gx:coord>11.921734 51.594128 518.0414</gx:coord>
        <when>2026-01-01T02:22:32.0935470Z</when>
        <gx:coord>11.92343 51.592045 510.7897</gx:coord>
        <when>2026-01-01T02:22:33.9615470Z</when>
        <gx:coord>11.923859 51.591522 505.31226</gx:coord>
        <when>2026-01-01T02:22:34.0835470Z</when>
        <gx:coord>11.924282 51.590996 502.47192</gx:coord>
        <when>2026-01-01T02:22:38.9275470Z</when>
        <gx:coord>11.925972 51.58887 493.85046</gx:coord>
        <when>2026-01-01T02:22:43.9275470Z</when>
        <gx:coord>11.928066 51.586178 481.43524</gx:coord>
        <when>2026-01-01T02:22:47.0875470Z</when>
        <gx:coord>11.929733 51.584003 470.48978</gx:coord>
        <when>2026-01-01T02:22:48.9275470Z</when>
        <gx:coord>11.93015 51.583458 467.61655</gx:coord>
        <when>2026-01-01T02:22:53.9275470Z</when>
        <gx:coord>11.932243 51.580734 453.66086</gx:coord>
        <when>2026-01-01T02:22:58.9275470Z</when>
        <gx:coord>11.934366 51.578007 440.43927</gx:coord>
        <when>2026-01-01T02:22:59.0865470Z</when>
        <gx:coord>11.934796 51.577465 437.77853</gx:coord>
        <when>2026-01-01T02:23:00.0915470Z</when>
        <gx:coord>11.93523 51.57692 437.77853</gx:coord>
        <when>2026-01-01T02:23:03.9275470Z</when>
        <gx:coord>11.93652 51.57528 426.8526</gx:coord>
        <when>2026-01-01T02:23:08.9275470Z</when>
        <gx:coord>11.938746 51.572556 415.2598</gx:coord>
        <when>2026-01-01T02:23:11.0915470Z</when>
        <gx:coord>11.940256 51.570976 404.53558</gx:coord>
        <when>2026-01-01T02:23:13.9275470Z</when>
        <gx:coord>11.941429 51.569992 400.87976</gx:coord>
        <when>2026-01-01T02:23:14.0835470Z</when>
        <gx:coord>11.941429 51.569992 400.87976</gx:coord>
        <when>2026-01-01T02:23:18.9275470Z</when>
        <gx:coord>11.9446945 51.567703 388.1366</gx:coord>
        <when>2026-01-01T02:23:23.9275470Z</when>
        <gx:coord>11.94807 51.565483 374.7001</gx:coord>
        <when>2026-01-01T02:23:24.0815470Z</when>
        <gx:coord>11.948741 51.565037 372.6579</gx:coord>
        <when>2026-01-01T02:23:28.0935470Z</when>
        <gx:coord>11.951404 51.563263 368.59125</gx:coord>
        <when>2026-01-01T02:23:28.9275470Z</when>
        <gx:coord>11.951404 51.563263 368.18643</gx:coord>
        <when>2026-01-01T02:23:33.9835470Z</when>
        <gx:coord>11.954718 51.561077 366.03506</gx:coord>
        <when>2026-01-01T02:23:38.9275470Z</when>
        <gx:coord>11.957969 51.558926 371.97797</gx:coord>
        <when>2026-01-01T02:23:43.9275470Z</when>
        <gx:coord>11.961105 51.556778 372.7959</gx:coord>
        <when>2026-01-01T02:23:48.9275470Z</when>
        <gx:coord>11.964192 51.55471 376.07364</gx:coord>
        <when>2026-01-01T02:23:53.9275470Z</when>
        <gx:coord>11.9672365 51.55273 376.7595</gx:coord>
        <when>2026-01-01T02:23:58.0955470Z</when>
        <gx:coord>11.970237 51.55081 379.6976</gx:coord>
        <when>2026-01-01T02:23:58.9275470Z</when>
        <gx:coord>11.970237 51.55081 380.02362</gx:coord>
        <when>2026-01-01T02:23:59.0865470Z</when>
        <gx:coord>11.970237 51.55081 380.02362</gx:coord>
        <when>2026-01-01T02:24:03.9265470Z</when>
        <gx:coord>11.973205 51.54891 383.76993</gx:coord>
        <when>2026-01-01T02:24:08.9275470Z</when>
        <gx:coord>11.976161 51.546967 381.49188</gx:coord>
        <when>2026-01-01T02:24:13.9265470Z</when>
        <gx:coord>11.979101 51.545017 379.814</gx:coord>
        <when>2026-01-01T02:24:18.9265470Z</when>
        <gx:coord>11.981952 51.54305 378.53177</gx:coord>
        <when>2026-01-01T02:24:23.9265470Z</when>
        <gx:coord>11.984544 51.541 372.97208</gx:coord>
        <when>2026-01-01T02:24:28.9265470Z</when>
        <gx:coord>11.987057 51.538914 370.86224</gx:coord>
        <when>2026-01-01T02:24:30.0885470Z</when>
        <gx:coord>11.988054 51.53807 370.22583</gx:coord>
        <when>2026-01-01T02:24:33.9565470Z</when>
        <gx:coord>11.989557 51.536808 368.11276</gx:coord>
        <when>2026-01-01T02:24:38.9265470Z</when>
        <gx:coord>11.9919615 51.53465 372.80106</gx:coord>
        <when>2026-01-01T02:24:43.9265470Z</when>
        <gx:coord>11.994375 51.532513 369.57986</gx:coord>
        <when>2026-01-01T02:24:48.9265470Z</when>
        <gx:coord>11.996768 51.530403 373.82907</gx:coord>
        <when>2026-01-01T02:24:53.9265470Z</when>
        <gx:coord>11.99917 51.52833 366.40247</gx:coord>
        <when>2026-01-01T02:24:58.9265470Z</when>
        <gx:coord>12.001659 51.526295 367.86267</gx:coord>
        <when>2026-01-01T02:25:03.0825470Z</when>
        <gx:coord>12.004073 51.524307 382.03726</gx:coord>
        <when>2026-01-01T02:25:03.9265470Z</when>
        <gx:coord>12.004073 51.524307 384.47943</gx:coord>
        <when>2026-01-01T02:25:08.9265470Z</when>
        <gx:coord>12.006512 51.522373 381.76328</gx:coord>
        <when>2026-01-01T02:25:13.9265470Z</when>
        <gx:coord>12.009017 51.520485 382.8377</gx:coord>
        <when>2026-01-01T02:25:17.0835470Z</when>
        <gx:coord>12.010685 51.51946 383.26538</gx:coord>
        <when>2026-01-01T02:25:18.0795470Z</when>
        <gx:coord>12.011274 51.519146 384.0482</gx:coord>
        <when>2026-01-01T02:25:18.9265470Z</when>
        <gx:coord>12.011886 51.518852 384.36154</gx:coord>
        <when>2026-01-01T02:25:21.0885470Z</when>
        <gx:coord>12.013177 51.51835 388.9499</gx:coord>
        <when>2026-01-01T02:25:23.9265470Z</when>
        <gx:coord>12.015235 51.517803 395.35425</gx:coord>
        <when>2026-01-01T02:25:25.0825470Z</when>
        <gx:coord>12.01594 51.517662 396.2614</gx:coord>
        <when>2026-01-01T02:25:28.0845470Z</when>
        <gx:coord>12.018086 51.517406 400.44095</gx:coord>
        <when>2026-01-01T02:25:28.9265470Z</when>
        <gx:coord>12.018799 51.517384 402.7104</gx:coord>
        <when>2026-01-01T02:25:29.0875470Z</when>
        <gx:coord>12.019508 51.51739 403.2801</gx:coord>
        <when>2026-01-01T02:25:31.0865470Z</when>
        <gx:coord>12.020206 51.517437 405.43747</gx:coord>
        <when>2026-01-01T02:25:31.0865470Z</when>
        <gx:coord>12.020206 51.517437 405.43747</gx:coord>
        <when>2026-01-01T02:25:33.9565470Z</when>
        <gx:coord>12.022263 51.51771 404.42587</gx:coord>
        <when>2026-01-01T02:25:38.9265470Z</when>
        <gx:coord>12.025671 51.51835 402.3356</gx:coord>
        <when>2026-01-01T02:25:39.0855470Z</when>
        <gx:coord>12.025671 51.51835 402.3356</gx:coord>
        <when>2026-01-01T02:25:43.9265470Z</when>
        <gx:coord>12.0289955 51.51914 398.13327</gx:coord>
        <when>2026-01-01T02:25:44.0955470Z</when>
        <gx:coord>12.029661 51.519314 398.13327</gx:coord>
        <when>2026-01-01T02:25:48.9325470Z</when>
        <gx:coord>12.032314 51.520073 388.64658</gx:coord>
        <when>2026-01-01T02:25:53.9305470Z</when>
        <gx:coord>12.035607 51.521114 383.3056</gx:coord>
        <when>2026-01-01T02:25:55.0845470Z</when>
        <gx:coord>12.036253 51.521336 383.62045</gx:coord>
        <when>2026-01-01T02:25:58.0775470Z</when>
        <gx:coord>12.038048 51.522118 386.09174</gx:coord>
        <when>2026-01-01T02:25:58.9265470Z</when>
        <gx:coord>12.038584 51.52242 386.4374</gx:coord>
        <when>2026-01-01T02:26:02.0775470Z</when>
        <gx:coord>12.040003 51.523407 388.47766</gx:coord>
        <when>2026-01-01T02:26:03.9255470Z</when>
        <gx:coord>12.040794 51.524113 388.69345</gx:coord>
        <when>2026-01-01T02:26:06.0845470Z</when>
        <gx:coord>12.04144 51.524853 389.896</gx:coord>
        <when>2026-01-01T02:26:08.9265470Z</when>
        <gx:coord>12.04215 51.52601 385.41022</gx:coord>
        <when>2026-01-01T02:26:11.0845470Z</when>
        <gx:coord>12.042495 51.52681 381.94965</gx:coord>
        <when>2026-01-01T02:26:13.9265470Z</when>
        <gx:coord>12.042746 51.52804 379.64407</gx:coord>
        <when>2026-01-01T02:26:14.0855470Z</when>
        <gx:coord>12.042746 51.52804 379.64407</gx:coord>
        <when>2026-01-01T02:26:15.0825470Z</when>
        <gx:coord>12.042749 51.528458 378.324</gx:coord>
        <when>2026-01-01T02:26:18.9265470Z</when>
        <gx:coord>12.042561 51.53013 378.64963</gx:coord>
        <when>2026-01-01T02:26:20.0895470Z</when>
        <gx:coord>12.042449 51.530533 380.74615</gx:coord>
        <when>2026-01-01T02:26:23.9265470Z</when>
        <gx:coord>12.041763 51.532063 382.98782</gx:coord>
        <when>2026-01-01T02:26:24.0895470Z</when>
        <gx:coord>12.041763 51.532063 382.98782</gx:coord>
        <when>2026-01-01T02:26:28.0825470Z</when>
        <gx:coord>12.040683 51.533478 377.8385</gx:coord>
        <when>2026-01-01T02:26:28.9265470Z</when>
        <gx:coord>12.04037 51.533813 376.878</gx:coord>
        <when>2026-01-01T02:26:29.0835470Z</when>
        <gx:coord>12.04037 51.533813 376.878</gx:coord>
        <when>2026-01-01T02:26:32.0845470Z</when>
        <gx:coord>12.039229 51.53472 376.28647</gx:coord>
        <when>2026-01-01T02:26:32.0905470Z</when>
        <gx:coord>12.038791 51.534985 376.28647</gx:coord>
        <when>2026-01-01T02:26:33.9535470Z</when>
        <gx:coord>12.038329 51.53523 374.93555</gx:coord>
        <when>2026-01-01T02:26:35.0785470Z</when>
        <gx:coord>12.03734 51.535667 371.6729</gx:coord>
        <when>2026-01-01T02:26:36.0815470Z</when>
        <gx:coord>12.03734 51.535667 371.6729</gx:coord>
        <when>2026-01-01T02:26:38.9265470Z</when>
        <gx:coord>12.035806 51.536293 361.47974</gx:coord>
        <when>2026-01-01T02:26:43.9255470Z</when>
        <gx:coord>12.033066 51.53729 358.73886</gx:coord>
        <when>2026-01-01T02:26:48.9315470Z</when>
        <gx:coord>12.030152 51.53816 354.4276</gx:coord>
        <when>2026-01-01T02:26:49.0845470Z</when>
        <gx:coord>12.030152 51.53816 354.4276</gx:coord>
        <when>2026-01-01T02:26:53.9255470Z</when>
        <gx:coord>12.027056 51.538914 350.58472</gx:coord>
        <when>2026-01-01T02:26:58.9255470Z</when>
        <gx:coord>12.023869 51.53962 347.59244</gx:coord>
        <when>2026-01-01T02:27:03.9255470Z</when>
        <gx:coord>12.020733 51.540363 353.94833</gx:coord>
        <when>2026-01-01T02:27:08.9255470Z</when>
        <gx:coord>12.017608 51.541103 355.267</gx:coord>
        <when>2026-01-01T02:27:13.9255470Z</when>
        <gx:coord>12.014456 51.541885 353.20743</gx:coord>
        <when>2026-01-01T02:27:14.0905470Z</when>
        <gx:coord>12.013822 51.54204 353.20743</gx:coord>
        <when>2026-01-01T02:27:18.9255470Z</when>
        <gx:coord>12.011236 51.54264 351.4565</gx:coord>
        <when>2026-01-01T02:27:22.0855470Z</when>
        <gx:coord>12.009407 51.543213 357.41098</gx:coord>
        <when>2026-01-01T02:27:23.9255470Z</when>
        <gx:coord>12.008456 51.54376 367.42184</gx:coord>
        <when>2026-01-01T02:27:24.0845470Z</when>
        <gx:coord>12.008456 51.54376 367.42184</gx:coord>
        <when>2026-01-01T02:27:27.1115470Z</when>
        <gx:coord>12.007389 51.54472 374.01053</gx:coord>
        <when>2026-01-01T02:27:28.9255470Z</when>
        <gx:coord>12.006851 51.54542 372.68964</gx:coord>
        <when>2026-01-01T02:27:31.0855470Z</when>
        <gx:coord>12.006436 51.546173 371.76053</gx:coord>
        <when>2026-01-01T02:27:33.9425470Z</when>
        <gx:coord>12.006108 51.547356 368.10904</gx:coord>
        <when>2026-01-01T02:27:36.0885470Z</when>
        <gx:coord>12.006012 51.548164 363.21396</gx:coord>
        <when>2026-01-01T02:27:38.0805470Z</when>
        <gx:coord>12.005989 51.54898 357.71924</gx:coord>
        <when>2026-01-01T02:27:38.9295470Z</when>
        <gx:coord>12.00602 51.54939 357.08093</gx:coord>
        <when>2026-01-01T02:27:43.1115470Z</when>
        <gx:coord>12.006401 51.55098 354.3639</gx:coord>
        <when>2026-01-01T02:27:43.9255470Z</when>
        <gx:coord>12.006539 51.55137 351.50613</gx:coord>
        <when>2026-01-01T02:27:47.1145470Z</when>
        <gx:coord>12.007205 51.552902 339.72934</gx:coord>
        <when>2026-01-01T02:27:48.9325470Z</when>
        <gx:coord>12.007376 51.553288 335.88983</gx:coord>
        <when>2026-01-01T02:27:53.9255470Z</when>
        <gx:coord>12.008219 51.555218 320.25284</gx:coord>
        <when>2026-01-01T02:27:58.9255470Z</when>
        <gx:coord>12.009126 51.5571 310.11295</gx:coord>
        <when>2026-01-01T02:27:59.0865470Z</when>
        <gx:coord>12.009313 51.557465 307.68082</gx:coord>
        <when>2026-01-01T02:28:02.0875470Z</when>
        <gx:coord>12.009911 51.55854 304.24042</gx:coord>
        <when>2026-01-01T02:28:03.9255470Z</when>
        <gx:coord>12.010131 51.558887 302.04117</gx:coord>
        <when>2026-01-01T02:28:04.0875470Z</when>
        <gx:coord>12.010131 51.558887 302.04117</gx:coord>
        <when>2026-01-01T02:28:07.0865470Z</when>
        <gx:coord>12.010896 51.55988 298.92014</gx:coord>
        <when>2026-01-01T02:28:08.9255470Z</when>
        <gx:coord>12.011571 51.560455 298.22522</gx:coord>
        <when>2026-01-01T02:28:10.0835470Z</when>
        <gx:coord>12.011961 51.56071 296.55878</gx:coord>
        <when>2026-01-01T02:28:13.0815470Z</when>
        <gx:coord>12.013321 51.561348 289.32074</gx:coord>
        <when>2026-01-01T02:28:13.9305470Z</when>
        <gx:coord>12.013831 51.561512 287.3284</gx:coord>
        <when>2026-01-01T02:28:16.0795470Z</when>
        <gx:coord>12.014909 51.56178 280.66776</gx:coord>
        <when>2026-01-01T02:28:16.0805470Z</when>
        <gx:coord>12.015479 51.56188 277.0079</gx:coord>
        <when>2026-01-01T02:28:18.9255470Z</when>
        <gx:coord>12.016652 51.561993 272.8893</gx:coord>
        <when>2026-01-01T02:28:19.0865470Z</when>
        <gx:coord>12.016652 51.561993 272.8893</gx:coord>
        <when>2026-01-01T02:28:22.0815470Z</when>
        <gx:coord>12.018424 51.561962 265.229</gx:coord>
        <when>2026-01-01T02:28:23.9255470Z</when>
        <gx:coord>12.019595 51.56183 258.30685</gx:coord>
        <when>2026-01-01T02:28:25.1025470Z</when>
        <gx:coord>12.020178 51.561733 253.42857</gx:coord>
        <when>2026-01-01T02:28:27.0835470Z</when>
        <gx:coord>12.021899 51.561314 243.30441</gx:coord>
        <when>2026-01-01T02:28:28.9255470Z</when>
        <gx:coord>12.022465 51.561153 238.82086</gx:coord>
        <when>2026-01-01T02:28:33.9775470Z</when>
        <gx:coord>12.025227 51.560368 224.46666</gx:coord>
        <when>2026-01-01T02:28:38.0825470Z</when>
        <gx:coord>12.027319 51.55985 215.70683</gx:coord>
        <when>2026-01-01T02:28:38.9255470Z</when>
        <gx:coord>12.0278225 51.559723 213.72562</gx:coord>
        <when>2026-01-01T02:28:39.0795470Z</when>
        <gx:coord>12.028319 51.559597 212.12231</gx:coord>
        <when>2026-01-01T02:28:43.9255470Z</when>
        <gx:coord>12.0302515 51.559082 205.15405</gx:coord>
        <when>2026-01-01T02:28:48.9325470Z</when>
        <gx:coord>12.032551 51.558395 194.09178</gx:coord>
        <when>2026-01-01T02:28:53.9255470Z</when>
        <gx:coord>12.034824 51.55775 186.30382</gx:coord>
        <when>2026-01-01T02:28:56.0855470Z</when>
        <gx:coord>12.036163 51.55738 181.50713</gx:coord>
        <when>2026-01-01T02:28:57.0865470Z</when>
        <gx:coord>12.036607 51.557255 181.50713</gx:coord>
        <when>2026-01-01T02:28:58.9255470Z</when>
        <gx:coord>12.037045 51.557125 176.73047</gx:coord>
        <when>2026-01-01T02:29:03.9255470Z</when>
        <gx:coord>12.039247 51.556522 164.79503</gx:coord>
        <when>2026-01-01T02:29:08.9255470Z</when>
        <gx:coord>12.0414295 51.55591 152.18831</gx:coord>
        <when>2026-01-01T02:29:09.0865470Z</when>
        <gx:coord>12.041863 51.555782 149.92674</gx:coord>
        <when>2026-01-01T02:29:13.9245470Z</when>
        <gx:coord>12.043611 51.55529 141.28604</gx:coord>
        <when>2026-01-01T02:29:18.9255470Z</when>
        <gx:coord>12.045808 51.554672 126.53856</gx:coord>
        <when>2026-01-01T02:29:21.0845470Z</when>
        <gx:coord>12.047137 51.554287 118.949196</gx:coord>
        <when>2026-01-01T02:29:23.9255470Z</when>
        <gx:coord>12.04801 51.55404 115.24482</gx:coord>
        <when>2026-01-01T02:29:24.0825470Z</when>
        <gx:coord>12.04801 51.55404 115.24482</gx:coord>
        <when>2026-01-01T02:29:28.9305470Z</when>
        <gx:coord>12.049978 51.55348 112.78181</gx:coord>
        <when>2026-01-01T02:29:30.0835470Z</when>
        <gx:coord>12.050334 51.553375 111.89264</gx:coord>
        <when>2026-01-01T02:29:33.9495470Z</when>
        <gx:coord>12.051672 51.553005 111.21616</gx:coord>
        <when>2026-01-01T02:29:38.9255470Z</when>
        <gx:coord>12.053151 51.552567 110.492004</gx:coord>
        <when>2026-01-01T02:29:39.0855470Z</when>
        <gx:coord>12.053151 51.552567 110.492004</gx:coord>
        <when>2026-01-01T02:29:43.9255470Z</when>
        <gx:coord>12.054438 51.552197 109.90462</gx:coord>
        <when>2026-01-01T02:29:46.0875470Z</when>
        <gx:coord>12.054872 51.55208 109.75887</gx:coord>
        <when>2026-01-01T02:29:48.9255470Z</when>
        <gx:coord>12.055385 51.551937 109.70793</gx:coord>
        <when>2026-01-01T02:29:50.0775470Z</when>
        <gx:coord>12.055514 51.551907 109.71515</gx:coord>
        <when>2026-01-01T02:29:52.0865470Z</when>
        <gx:coord>12.055693 51.55186 109.713036</gx:coord>
        <when>2026-01-01T02:29:53.0855470Z</when>
        <gx:coord>12.055751 51.551834 109.73671</gx:coord>
        <when>2026-01-01T02:29:53.9255470Z</when>
        <gx:coord>12.055793 51.551796 109.69372</gx:coord>
        <when>2026-01-01T02:29:54.0945470Z</when>
        <gx:coord>12.055793 51.551796 109.69372</gx:coord>
        <when>2026-01-01T02:29:55.0875470Z</when>
        <gx:coord>12.0558195 51.551754 109.62464</gx:coord>
        <when>2026-01-01T02:29:56.0905470Z</when>
        <gx:coord>12.055828 51.551704 109.452446</gx:coord>
        <when>2026-01-01T02:29:58.0915470Z</when>
        <gx:coord>12.055801 51.5516 109.2696</gx:coord>
        <when>2026-01-01T02:29:58.9255470Z</when>
        <gx:coord>12.055778 51.551548 109.23665</gx:coord>
        <when>2026-01-01T02:30:02.0935470Z</when>
        <gx:coord>12.055687 51.55141 108.960655</gx:coord>
        <when>2026-01-01T02:30:03.0865470Z</when>
        <gx:coord>12.055662 51.55138 108.95646</gx:coord>
        <when>2026-01-01T02:30:03.9255470Z</when>
        <gx:coord>12.055643 51.551357 108.96538</gx:coord>
        <when>2026-01-01T02:30:07.1035470Z</when>
        <gx:coord>12.055622 51.55133 108.837906</gx:coord>
        <when>2026-01-01T02:30:08.9255470Z</when>
        <gx:coord>12.055621 51.55133 108.83144</gx:coord>
        <when>2026-01-01T02:30:13.9245470Z</when>
        <gx:coord>12.055609 51.55132 108.80721</gx:coord>
        <when>2026-01-01T02:30:18.9255470Z</when>
        <gx:coord>12.055506 51.551193 108.625374</gx:coord>
        <when>2026-01-01T02:30:23.9255470Z</when>
        <gx:coord>12.055368 51.55101 108.52012</gx:coord>
        <when>2026-01-01T02:30:27.0825470Z</when>
        <gx:coord>12.055313 51.550926 108.52621</gx:coord>
        <when>2026-01-01T02:30:28.0845470Z</when>
        <gx:coord>12.055308 51.550896 108.469124</gx:coord>
        <when>2026-01-01T02:30:28.9255470Z</when>
        <gx:coord>12.055315 51.55086 108.39446</gx:coord>
        <when>2026-01-01T02:30:30.0815470Z</when>
        <gx:coord>12.055328 51.550823 108.34501</gx:coord>
        <when>2026-01-01T02:30:31.1285470Z</when>
        <gx:coord>12.055353 51.55079 108.29689</gx:coord>
        <when>2026-01-01T02:30:32.0855470Z</when>
        <gx:coord>12.055394 51.55076 108.306984</gx:coord>
        <when>2026-01-01T02:30:33.1085470Z</when>
        <gx:coord>12.055444 51.550728 108.279495</gx:coord>
        <when>2026-01-01T02:30:33.9545470Z</when>
        <gx:coord>12.055506 51.55071 108.2407</gx:coord>
        <when>2026-01-01T02:30:37.0845470Z</when>
        <gx:coord>12.055729 51.55064 108.240616</gx:coord>
        <when>2026-01-01T02:30:38.9245470Z</when>
        <gx:coord>12.055901 51.5506 108.22854</gx:coord>
        <when>2026-01-01T02:30:43.9255470Z</when>
        <gx:coord>12.056384 51.55046 108.304115</gx:coord>
        <when>2026-01-01T02:30:48.9255470Z</when>
        <gx:coord>12.056891 51.550323 108.346245</gx:coord>
        <when>2026-01-01T02:30:53.9245470Z</when>
        <gx:coord>12.057378 51.550182 108.35172</gx:coord>
        <when>2026-01-01T02:30:58.9255470Z</when>
        <gx:coord>12.057766 51.550076 108.55757</gx:coord>
        <when>2026-01-01T02:31:03.0845470Z</when>
        <gx:coord>12.058027 51.549988 108.43032</gx:coord>
        <when>2026-01-01T02:31:03.9245470Z</when>
        <gx:coord>12.058078 51.549957 108.38227</gx:coord>
        <when>2026-01-01T02:31:04.0805470Z</when>
        <gx:coord>12.058078 51.549957 108.38227</gx:coord>
        <when>2026-01-01T02:31:05.1005470Z</when>
        <gx:coord>12.058114 51.549915 108.416084</gx:coord>
        <when>2026-01-01T02:31:06.0815470Z</when>
        <gx:coord>12.058131 51.549873 108.38677</gx:coord>
        <when>2026-01-01T02:31:08.0815470Z</when>
        <gx:coord>12.058126 51.54978 108.39283</gx:coord>
        <when>2026-01-01T02:31:08.9245470Z</when>
        <gx:coord>12.058112 51.549736 108.43954</gx:coord>
        <when>2026-01-01T02:31:13.0775470Z</when>
        <gx:coord>12.058017 51.549534 108.10874</gx:coord>
        <when>2026-01-01T02:31:13.9245470Z</when>
        <gx:coord>12.057992 51.549484 108.06823</gx:coord>
        <when>2026-01-01T02:31:18.9245470Z</when>
        <gx:coord>12.057899 51.549274 107.80257</gx:coord>
        <when>2026-01-01T02:31:22.0825470Z</when>
        <gx:coord>12.057856 51.549187 107.729576</gx:coord>
        <when>2026-01-01T02:31:23.0855470Z</when>
        <gx:coord>12.057859 51.54916 107.69197</gx:coord>
        <when>2026-01-01T02:31:23.9245470Z</when>
        <gx:coord>12.057877 51.549133 107.66355</gx:coord>
        <when>2026-01-01T02:31:24.0825470Z</when>
        <gx:coord>12.057877 51.549133 107.66355</gx:coord>
        <when>2026-01-01T02:31:25.0815470Z</when>
        <gx:coord>12.057908 51.549107 107.62751</gx:coord>
        <when>2026-01-01T02:31:26.0805470Z</when>
        <gx:coord>12.057949 51.549084 107.6221</gx:coord>
        <when>2026-01-01T02:31:27.0825470Z</when>
        <gx:coord>12.057991 51.54907 107.64487</gx:coord>
        <when>2026-01-01T02:31:28.9245470Z</when>
        <gx:coord>12.058097 51.549046 107.63279</gx:coord>
        <when>2026-01-01T02:31:30.0785470Z</when>
        <gx:coord>12.058156 51.549034 107.67356</gx:coord>
        <when>2026-01-01T02:31:33.9605470Z</when>
        <gx:coord>12.05843 51.549 107.78924</gx:coord>
        <when>2026-01-01T02:31:38.9245470Z</when>
        <gx:coord>12.058859 51.548935 107.99585</gx:coord>
        <when>2026-01-01T02:31:43.9245470Z</when>
        <gx:coord>12.059322 51.548862 108.30479</gx:coord>
        <when>2026-01-01T02:31:47.0765470Z</when>
        <gx:coord>12.059697 51.548805 108.39678</gx:coord>
        <when>2026-01-01T02:31:48.9245470Z</when>
        <gx:coord>12.0597925 51.54879 108.4261</gx:coord>
        <when>2026-01-01T02:31:53.9245470Z</when>
        <gx:coord>12.06028 51.548714 108.499695</gx:coord>
        <when>2026-01-01T02:31:58.9245470Z</when>
        <gx:coord>12.060752 51.54864 108.8119</gx:coord>
        <when>2026-01-01T02:32:03.9245470Z</when>
        <gx:coord>12.061136 51.54858 108.98347</gx:coord>
        <when>2026-01-01T02:32:08.9245470Z</when>
        <gx:coord>12.061387 51.54853 109.37149</gx:coord>
        <when>2026-01-01T02:32:09.0735470Z</when>
        <gx:coord>12.061387 51.54853 109.37149</gx:coord>
        <when>2026-01-01T02:32:10.0775470Z</when>
        <gx:coord>12.061411 51.54851 109.33647</gx:coord>
        <when>2026-01-01T02:32:11.0725470Z</when>
        <gx:coord>12.061427 51.548492 109.317856</gx:coord>
        <when>2026-01-01T02:32:12.0725470Z</when>
        <gx:coord>12.061437 51.54847 109.28271</gx:coord>
        <when>2026-01-01T02:32:13.0755470Z</when>
        <gx:coord>12.061441 51.548447 109.24907</gx:coord>
        <when>2026-01-01T02:32:13.9245470Z</when>
        <gx:coord>12.061434 51.54842 109.22792</gx:coord>
        <when>2026-01-01T02:32:15.0735470Z</when>
        <gx:coord>12.061424 51.548397 109.161385</gx:coord>
        <when>2026-01-01T02:32:18.9245470Z</when>
        <gx:coord>12.061389 51.54828 109.053925</gx:coord>
        <when>2026-01-01T02:32:23.9245470Z</when>
        <gx:coord>12.061339 51.548077 109.04028</gx:coord>
        <when>2026-01-01T02:32:28.9245470Z</when>
        <gx:coord>12.061296 51.547924 109.13612</gx:coord>
        <when>2026-01-01T02:32:29.0735470Z</when>
        <gx:coord>12.061296 51.547924 109.13612</gx:coord>
        <when>2026-01-01T02:32:30.0745470Z</when>
        <gx:coord>12.06128 51.547905 109.214</gx:coord>
        <when>2026-01-01T02:32:31.0735470Z</when>
        <gx:coord>12.0612545 51.547894 109.263954</gx:coord>
        <when>2026-01-01T02:32:32.0745470Z</when>
        <gx:coord>12.061231 51.54789 109.25677</gx:coord>
        <when>2026-01-01T02:32:33.0755470Z</when>
        <gx:coord>12.061206 51.547886 109.194534</gx:coord>
        <when>2026-01-01T02:32:33.9475470Z</when>
        <gx:coord>12.061184 51.547886 109.079926</gx:coord>
        <when>2026-01-01T02:32:35.0705470Z</when>
        <gx:coord>12.061157 51.547886 109.04184</gx:coord>
        <when>2026-01-01T02:32:37.0755470Z</when>
        <gx:coord>12.061106 51.5479 109.01082</gx:coord>
        <when>2026-01-01T02:32:38.9245470Z</when>
        <gx:coord>12.06104 51.547913 108.98011</gx:coord>
        <when>2026-01-01T02:32:43.9235470Z</when>
        <gx:coord>12.060832 51.54795 109.0186</gx:coord>
        <when>2026-01-01T02:32:48.9245470Z</when>
        <gx:coord>12.060667 51.54798 108.93282</gx:coord>
        <when>2026-01-01T02:32:53.9245470Z</when>
        <gx:coord>12.0605 51.547997 109.14066</gx:coord>
        <when>2026-01-01T02:32:56.0895470Z</when>
        <gx:coord>12.060451 51.548 109.12286</gx:coord>
        <when>2026-01-01T02:32:57.5685470Z</when>
        <gx:coord>12.060441 51.548004 109.21888</gx:coord>
        <when>2026-01-01T02:32:58.9245470Z</when>
        <gx:coord>12.060433 51.548008 109.25597</gx:coord>
        <when>2026-01-01T02:33:03.9245470Z</when>
        <gx:coord>12.06043 51.54801 109.2056</gx:coord>
        <when>2026-01-01T02:33:08.9245470Z</when>
        <gx:coord>12.060429 51.548016 109.2748</gx:coord>
        <when>2026-01-01T02:33:13.9245470Z</when>
        <gx:coord>12.060427 51.54802 109.485916</gx:coord>
        <when>2026-01-01T02:33:18.9245470Z</when>
        <gx:coord>12.060427 51.54802 109.454575</gx:coord>
        <when>2026-01-01T02:33:23.9245470Z</when>
        <gx:coord>12.060428 51.54802 109.41273</gx:coord>
        <when>2026-01-01T02:33:28.9245470Z</when>
        <gx:coord>12.060426 51.54802 109.57126</gx:coord>
        <when>2026-01-01T02:33:33.9785470Z</when>
        <gx:coord>12.060426 51.54802 109.57126</gx:coord>
        <when>2026-01-01T02:33:38.9235470Z</when>
        <gx:coord>12.060426 51.54802 109.57126</gx:coord>
        <when>2026-01-01T02:33:43.9235470Z</when>
        <gx:coord>12.060426 51.54802 109.57126</gx:coord>
        <when>2026-01-01T02:33:47.0445470Z</when>
        <gx:coord>12.060428 51.548023 109.69745</gx:coord>
        <coordinates />
      </gx:Track>
    </Placemark>
    <Placemark>
      <name>Takeoff: 2026-01-01</name>
      <styleUrl>#downArrowIcon</styleUrl>
      <Point>
        <altitudeMode>relativeToGround</altitudeMode>
        <coordinates>7.9251814,53.78231,20</coordinates>
      </Point>
    </Placemark>
    <Placemark>
      <name>Landing: 2026-01-01</name>
      <styleUrl>#downArrowIcon</styleUrl>
      <Point>
        <altitudeMode>relativeToGround</altitudeMode>
        <coordinates>12.055622,51.55133,20</coordinates>
      </Point>
    </Placemark>
    <Placemark>
      <name>Log Stop: 2026-01-01</name>
      <styleUrl>#downArrowIcon</styleUrl>
      <Point>
        <altitudeMode>relativeToGround</altitudeMode>
        <coordinates>12.060428,51.548023,20</coordinates>
      </Point>
    </Placemark>
  </Document>
</kml>
