<?xml version="1.0" encoding="utf-8"?>
<kml xmlns:gx="http://www.google.com/kml/ext/2.2" creator="kml-heatmap" xmlns="http://www.opengis.net/kml/2.2">
  <Document>
    <name>SkyDemon Track Log</name>
    <Style id="skydemonLogStyle">
      <LineStyle>
        <color>7f00ffff</color>
        <width>4</width>
      </LineStyle>
      <PolyStyle>
        <color>7fffa400</color>
      </PolyStyle>
    </Style>
    <Style id="downArrowIcon">
      <IconStyle>
        <href>http://maps.google.com/mapfiles/kml/pal4/icon28.png</href>
      </IconStyle>
    </Style>
    <Placemark>
      <name>Log Start: 2026-01-01</name>
      <styleUrl>#downArrowIcon</styleUrl>
      <Point>
        <altitudeMode>relativeToGround</altitudeMode>
        <coordinates>12.058165,51.54825,20</coordinates>
      </Point>
    </Placemark>
    <Placemark>
      <name>EDAQ Halle-Oppin - LOAG Krems-Langenlois</name>
      <styleUrl>#skydemonLogStyle</styleUrl>
      <gx:Track>
        <extrude>1</extrude>
        <altitudeMode>absolute</altitudeMode>
        <when>2026-01-01T00:00:00.7030410Z</when>
        <gx:coord>12.058165 51.54825 107.46369</gx:coord>
        <when>2026-01-01T00:00:11.5670410Z</when>
        <gx:coord>12.058186 51.54825 107.01915</gx:coord>
        <when>2026-01-01T00:00:12.4080410Z</when>
        <gx:coord>12.058185 51.548233 107.05888</gx:coord>
        <when>2026-01-01T00:00:18.0300410Z</when>
        <gx:coord>12.05816 51.548244 107.6425</gx:coord>
        <when>2026-01-01T00:00:19.6700410Z</when>
        <gx:coord>12.058153 51.548244 107.64583</gx:coord>
        <when>2026-01-01T00:00:19.9910410Z</when>
        <gx:coord>12.058153 51.548244 107.64583</gx:coord>
        <when>2026-01-01T00:00:23.0330410Z</when>
        <gx:coord>12.058158 51.548252 107.696945</gx:coord>
        <when>2026-01-01T00:00:23.2150410Z</when>
        <gx:coord>12.05816 51.54825 107.72983</gx:coord>
        <when>2026-01-01T00:00:24.8930410Z</when>
        <gx:coord>12.058164 51.54825 107.78464</gx:coord>
        <when>2026-01-01T00:00:49.1070410Z</when>
        <gx:coord>12.058161 51.54824 106.786026</gx:coord>
        <when>2026-01-01T00:00:54.1080410Z</when>
        <gx:coord>12.058166 51.548237 106.905594</gx:coord>
        <when>2026-01-01T00:00:59.1070410Z</when>
        <gx:coord>12.0581665 51.548237 106.46074</gx:coord>
        <when>2026-01-01T00:01:04.1070410Z</when>
        <gx:coord>12.0581665 51.548237 106.63115</gx:coord>
        <when>2026-01-01T00:01:09.1070410Z</when>
        <gx:coord>12.0581665 51.548237 107.09514</gx:coord>
        <when>2026-01-01T00:01:14.1070410Z</when>
        <gx:coord>12.0581665 51.54824 107.690926</gx:coord>
        <when>2026-01-01T00:01:15.5200410Z</when>
        <gx:coord>12.058173 51.548252 107.85264</gx:coord>
        <when>2026-01-01T00:01:16.0450410Z</when>
        <gx:coord>12.058173 51.548252 107.85264</gx:coord>
        <when>2026-01-01T00:01:16.6870410Z</when>
        <gx:coord>12.05817 51.548256 107.87937</gx:coord>
        <when>2026-01-01T00:01:17.2410410Z</when>
        <gx:coord>12.058163 51.54826 108.17272</gx:coord>
        <when>2026-01-01T00:01:19.1070410Z</when>
        <gx:coord>12.058164 51.548244 108.207985</gx:coord>
        <when>2026-01-01T00:01:24.1070410Z</when>
        <gx:coord>12.058157 51.548244 107.87001</gx:coord>
        <when>2026-01-01T00:01:29.1070410Z</when>
        <gx:coord>12.058159 51.548225 108.11662</gx:coord>
        <when>2026-01-01T00:01:34.1070410Z</when>
        <gx:coord>12.058147 51.548233 108.69349</gx:coord>
        <when>2026-01-01T00:01:39.1080410Z</when>
        <gx:coord>12.058139 51.548237 107.59678</gx:coord>
        <when>2026-01-01T00:01:44.1080410Z</when>
        <gx:coord>12.058146 51.548237 107.85314</gx:coord>
        <when>2026-01-01T00:01:47.0740410Z</when>
        <gx:coord>12.058146 51.54824 107.81762</gx:coord>
        <when>2026-01-01T00:01:47.2740410Z</when>
        <gx:coord>12.058148 51.54825 107.81762</gx:coord>
        <when>2026-01-01T00:01:47.9140410Z</when>
        <gx:coord>12.058148 51.54825 107.81762</gx:coord>
        <when>2026-01-01T00:01:48.0540410Z</when>
        <gx:coord>12.058148 51.54825 107.81762</gx:coord>
        <when>2026-01-01T00:01:48.1940410Z</when>
        <gx:coord>12.058145 51.548256 107.61455</gx:coord>
        <when>2026-01-01T00:01:48.2540410Z</when>
        <gx:coord>12.058145 51.548256 107.61455</gx:coord>
        <when>2026-01-01T00:01:48.3940410Z</when>
        <gx:coord>12.058145 51.548256 107.61455</gx:coord>
        <when>2026-01-01T00:01:49.1080410Z</when>
        <gx:coord>12.058158 51.548256 107.41558</gx:coord>
        <when>2026-01-01T00:01:49.8350410Z</when>
        <gx:coord>12.058158 51.548256 107.41558</gx:coord>
        <when>2026-01-01T00:01:50.6950410Z</when>
        <gx:coord>12.058162 51.54826 107.5144</gx:coord>
        <when>2026-01-01T00:01:50.8950410Z</when>
        <gx:coord>12.058162 51.54826 107.5144</gx:coord>
        <when>2026-01-01T00:01:50.9560410Z</when>
        <gx:coord>12.058162 51.54826 107.5144</gx:coord>
        <when>2026-01-01T00:01:51.0950410Z</when>
        <gx:coord>12.058166 51.548264 107.47889</gx:coord>
        <when>2026-01-01T00:01:51.3750410Z</when>
        <gx:coord>12.058166 51.548264 107.47889</gx:coord>
        <when>2026-01-01T00:01:52.3960410Z</when>
        <gx:coord>12.058169 51.54826 107.52877</gx:coord>
        <when>2026-01-01T00:01:54.1140410Z</when>
        <gx:coord>12.058169 51.548264 107.49696</gx:coord>
        <when>2026-01-01T00:01:59.1080410Z</when>
        <gx:coord>12.058177 51.54826 107.15451</gx:coord>
        <when>2026-01-01T00:02:04.1080410Z</when>
        <gx:coord>12.058173 51.54827 106.59554</gx:coord>
        <when>2026-01-01T00:02:09.1080410Z</when>
        <gx:coord>12.058163 51.54826 106.35328</gx:coord>
        <when>2026-01-01T00:02:14.1070410Z</when>
        <gx:coord>12.058173 51.548267 106.28343</gx:coord>
        <when>2026-01-01T00:02:19.1080410Z</when>
        <gx:coord>12.058164 51.548267 106.40038</gx:coord>
        <when>2026-01-01T00:02:24.1070410Z</when>
        <gx:coord>12.058165 51.54827 106.23786</gx:coord>
        <when>2026-01-01T00:02:29.1070410Z</when>
        <gx:coord>12.058156 51.548267 106.17448</gx:coord>
        <when>2026-01-01T00:02:34.1070410Z</when>
        <gx:coord>12.05817 51.54827 106.22369</gx:coord>
        <when>2026-01-01T00:02:39.1070410Z</when>
        <gx:coord>12.058166 51.548275 106.29425</gx:coord>
        <when>2026-01-01T00:02:44.1070410Z</when>
        <gx:coord>12.058154 51.548275 106.27838</gx:coord>
        <when>2026-01-01T00:02:49.1560410Z</when>
        <gx:coord>12.058158 51.54827 106.20228</gx:coord>
        <when>2026-01-01T00:02:50.3630410Z</when>
        <gx:coord>12.058161 51.54827 106.18473</gx:coord>
        <when>2026-01-01T00:02:54.1190410Z</when>
        <gx:coord>12.058167 51.54827 106.06056</gx:coord>
        <when>2026-01-01T00:02:54.7440410Z</when>
        <gx:coord>12.058167 51.54827 106.06056</gx:coord>
        <when>2026-01-01T00:02:58.6250410Z</when>
        <gx:coord>12.058159 51.548267 106.249405</gx:coord>
        <when>2026-01-01T00:02:58.9050410Z</when>
        <gx:coord>12.058159 51.548267 106.249405</gx:coord>
        <when>2026-01-01T00:02:59.1070410Z</when>
        <gx:coord>12.058159 51.548267 106.249405</gx:coord>
        <when>2026-01-01T00:02:59.2450410Z</when>
        <gx:coord>12.058159 51.548267 106.249405</gx:coord>
        <when>2026-01-01T00:02:59.7660410Z</when>
        <gx:coord>12.058159 51.548267 106.249405</gx:coord>
        <when>2026-01-01T00:03:01.4460410Z</when>
        <gx:coord>12.058164 51.548264 106.33889</gx:coord>
        <when>2026-01-01T00:03:01.5260410Z</when>
        <gx:coord>12.058164 51.548264 106.33889</gx:coord>
        <when>2026-01-01T00:03:01.6060410Z</when>
        <gx:coord>12.058164 51.548264 106.33889</gx:coord>
        <when>2026-01-01T00:03:01.6460410Z</when>
        <gx:coord>12.058164 51.548264 106.33889</gx:coord>
        <when>2026-01-01T00:03:01.6860410Z</when>
        <gx:coord>12.058164 51.548264 106.33889</gx:coord>
        <when>2026-01-01T00:03:01.7260410Z</when>
        <gx:coord>12.058164 51.548264 106.33889</gx:coord>
        <when>2026-01-01T00:03:01.7660410Z</when>
        <gx:coord>12.058164 51.548264 106.33889</gx:coord>
        <when>2026-01-01T00:03:01.8280410Z</when>
        <gx:coord>12.058164 51.548264 106.33889</gx:coord>
        <when>2026-01-01T00:03:01.9060410Z</when>
        <gx:coord>12.058164 51.548264 106.33889</gx:coord>
        <when>2026-01-01T00:03:02.1260410Z</when>
        <gx:coord>12.058166 51.548264 106.4119</gx:coord>
        <when>2026-01-01T00:03:02.5880410Z</when>
        <gx:coord>12.058166 51.548264 106.4119</gx:coord>
        <when>2026-01-01T00:03:02.6290410Z</when>
        <gx:coord>12.058166 51.548264 106.4119</gx:coord>
        <when>2026-01-01T00:03:02.6460410Z</when>
        <gx:coord>12.058166 51.548264 106.4119</gx:coord>
        <when>2026-01-01T00:03:02.6670410Z</when>
        <gx:coord>12.058166 51.548264 106.4119</gx:coord>
        <when>2026-01-01T00:03:02.6870410Z</when>
        <gx:coord>12.058166 51.548264 106.4119</gx:coord>
        <when>2026-01-01T00:03:02.7070410Z</when>
        <gx:coord>12.058166 51.548264 106.4119</gx:coord>
        <when>2026-01-01T00:03:02.7260410Z</when>
        <gx:coord>12.058166 51.548264 106.4119</gx:coord>
        <when>2026-01-01T00:03:02.7670410Z</when>
        <gx:coord>12.058166 51.548264 106.4119</gx:coord>
        <when>2026-01-01T00:03:02.8870410Z</when>
        <gx:coord>12.058166 51.548264 106.4119</gx:coord>
        <when>2026-01-01T00:03:04.1070410Z</when>
        <gx:coord>12.058158 51.54826 106.46726</gx:coord>
        <when>2026-01-01T00:03:09.1070410Z</when>
        <gx:coord>12.058157 51.54826 106.44296</gx:coord>
        <when>2026-01-01T00:03:14.1070410Z</when>
        <gx:coord>12.058157 51.54826 106.44296</gx:coord>
        <when>2026-01-01T00:03:19.1070410Z</when>
        <gx:coord>12.05816 51.548256 106.82015</gx:coord>
        <when>2026-01-01T00:03:20.4730410Z</when>
        <gx:coord>12.058159 51.548252 107.00322</gx:coord>
        <when>2026-01-01T00:03:24.1070410Z</when>
        <gx:coord>12.058154 51.548252 107.14194</gx:coord>
        <when>2026-01-01T00:03:29.1070410Z</when>
        <gx:coord>12.058154 51.548252 107.14194</gx:coord>
        <when>2026-01-01T00:03:34.1070410Z</when>
        <gx:coord>12.058154 51.548252 107.14194</gx:coord>
        <when>2026-01-01T00:03:39.1070410Z</when>
        <gx:coord>12.058157 51.54826 106.90302</gx:coord>
        <when>2026-01-01T00:03:44.1070410Z</when>
        <gx:coord>12.058157 51.54826 106.90302</gx:coord>
        <when>2026-01-01T00:03:49.1090410Z</when>
        <gx:coord>12.058157 51.54826 106.90302</gx:coord>
        <when>2026-01-01T00:03:54.1070410Z</when>
        <gx:coord>12.058157 51.54826 106.90302</gx:coord>
        <when>2026-01-01T00:03:59.1070410Z</when>
        <gx:coord>12.058157 51.54826 106.90302</gx:coord>
        <when>2026-01-01T00:04:04.1070410Z</when>
        <gx:coord>12.058157 51.54826 106.90302</gx:coord>
        <when>2026-01-01T00:04:09.1070410Z</when>
        <gx:coord>12.058158 51.54826 107.180214</gx:coord>
        <when>2026-01-01T00:04:13.2740410Z</when>
        <gx:coord>12.058158 51.54826 107.18026</gx:coord>
        <when>2026-01-01T00:04:14.1280410Z</when>
        <gx:coord>12.058161 51.54826 107.36278</gx:coord>
        <when>2026-01-01T00:04:19.1070410Z</when>
        <gx:coord>12.058162 51.54826 107.48655</gx:coord>
        <when>2026-01-01T00:04:24.1070410Z</when>
        <gx:coord>12.058162 51.54826 107.48655</gx:coord>
        <when>2026-01-01T00:04:29.1070410Z</when>
        <gx:coord>12.058162 51.54826 107.48655</gx:coord>
        <when>2026-01-01T00:04:34.1070410Z</when>
        <gx:coord>12.058162 51.54826 107.48655</gx:coord>
        <when>2026-01-01T00:04:39.1070410Z</when>
        <gx:coord>12.058162 51.54826 107.48655</gx:coord>
        <when>2026-01-01T00:04:44.1070410Z</when>
        <gx:coord>12.058162 51.54826 107.48655</gx:coord>
        <when>2026-01-01T00:04:49.1070410Z</when>
        <gx:coord>12.058162 51.54826 107.48655</gx:coord>
        <when>2026-01-01T00:04:54.1070410Z</when>
        <gx:coord>12.058162 51.54826 107.48655</gx:coord>
        <when>2026-01-01T00:04:59.1070410Z</when>
        <gx:coord>12.058162 51.54826 107.48655</gx:coord>
        <when>2026-01-01T00:05:04.1070410Z</when>
        <gx:coord>12.058162 51.54826 107.48655</gx:coord>
        <when>2026-01-01T00:05:09.1070410Z</when>
        <gx:coord>12.058162 51.54826 107.48655</gx:coord>
        <when>2026-01-01T00:05:14.1070410Z</when>
        <gx:coord>12.058162 51.54826 107.48655</gx:coord>
        <when>2026-01-01T00:05:19.1070410Z</when>
        <gx:coord>12.058162 51.54826 107.48655</gx:coord>
        <when>2026-01-01T00:05:24.1070410Z</when>
        <gx:coord>12.058162 51.54826 107.48655</gx:coord>
        <when>2026-01-01T00:05:29.1070410Z</when>
        <gx:coord>12.058162 51.54826 107.48655</gx:coord>
        <when>2026-01-01T00:05:34.1070410Z</when>
        <gx:coord>12.058162 51.54826 107.48655</gx:coord>
        <when>2026-01-01T00:05:39.1070410Z</when>
        <gx:coord>12.058167 51.548256 107.19444</gx:coord>
        <when>2026-01-01T00:05:44.1070410Z</when>
        <gx:coord>12.058167 51.548256 107.19444</gx:coord>
        <when>2026-01-01T00:05:49.1100410Z</when>
        <gx:coord>12.058167 51.548256 107.19444</gx:coord>
        <when>2026-01-01T00:05:54.1070410Z</when>
        <gx:coord>12.058167 51.548256 107.19444</gx:coord>
        <when>2026-01-01T00:05:59.1320410Z</when>
        <gx:coord>12.058159 51.54826 107.04436</gx:coord>
        <when>2026-01-01T00:06:04.1070410Z</when>
        <gx:coord>12.058161 51.548256 107.021866</gx:coord>
        <when>2026-01-01T00:06:08.6760410Z</when>
        <gx:coord>12.058155 51.548252 107.304085</gx:coord>
        <when>2026-01-01T00:06:09.1070410Z</when>
        <gx:coord>12.058155 51.548252 107.30747</gx:coord>
        <when>2026-01-01T00:06:09.3570410Z</when>
        <gx:coord>12.058155 51.548252 107.30747</gx:coord>
        <when>2026-01-01T00:06:14.1070410Z</when>
        <gx:coord>12.058168 51.548264 107.20919</gx:coord>
        <when>2026-01-01T00:06:19.1070410Z</when>
        <gx:coord>12.058153 51.548256 107.01112</gx:coord>
        <when>2026-01-01T00:06:24.1070410Z</when>
        <gx:coord>12.058154 51.548244 107.18891</gx:coord>
        <when>2026-01-01T00:06:29.1070410Z</when>
        <gx:coord>12.0581455 51.54825 107.75554</gx:coord>
        <when>2026-01-01T00:06:31.1840410Z</when>
        <gx:coord>12.05815 51.54825 107.90744</gx:coord>
        <when>2026-01-01T00:06:34.1170410Z</when>
        <gx:coord>12.058147 51.548256 107.47523</gx:coord>
        <when>2026-01-01T00:06:39.1070410Z</when>
        <gx:coord>12.058147 51.54826 107.093094</gx:coord>
        <when>2026-01-01T00:06:41.0090410Z</when>
        <gx:coord>12.058146 51.548256 107.10515</gx:coord>
        <when>2026-01-01T00:06:41.4490410Z</when>
        <gx:coord>12.05815 51.548256 107.1212</gx:coord>
        <when>2026-01-01T00:06:41.6690410Z</when>
        <gx:coord>12.05815 51.548256 107.1212</gx:coord>
        <when>2026-01-01T00:06:41.8090410Z</when>
        <gx:coord>12.05815 51.548256 107.1212</gx:coord>
        <when>2026-01-01T00:06:42.5290410Z</when>
        <gx:coord>12.058154 51.54826 106.95965</gx:coord>
        <when>2026-01-01T00:06:42.7290410Z</when>
        <gx:coord>12.058154 51.54826 106.95965</gx:coord>
        <when>2026-01-01T00:06:43.0700410Z</when>
        <gx:coord>12.058154 51.54826 106.95965</gx:coord>
        <when>2026-01-01T00:06:43.4700410Z</when>
        <gx:coord>12.058159 51.548264 106.89199</gx:coord>
        <when>2026-01-01T00:06:44.1140410Z</when>
        <gx:coord>12.058159 51.548256 106.4216</gx:coord>
        <when>2026-01-01T00:06:49.1070410Z</when>
        <gx:coord>12.058164 51.548252 106.11159</gx:coord>
        <when>2026-01-01T00:07:10.2340410Z</when>
        <gx:coord>12.058168 51.548244 106.53159</gx:coord>
        <when>2026-01-01T00:07:14.9250410Z</when>
        <gx:coord>12.058155 51.548244 106.536</gx:coord>
        <when>2026-01-01T00:07:15.2350410Z</when>
        <gx:coord>12.058155 51.548244 106.503204</gx:coord>
        <when>2026-01-01T00:07:40.2730410Z</when>
        <gx:coord>12.058146 51.548256 106.6455</gx:coord>
        <when>2026-01-01T00:07:43.6010410Z</when>
        <gx:coord>12.058146 51.548252 106.62864</gx:coord>
        <when>2026-01-01T00:07:45.2740410Z</when>
        <gx:coord>12.058146 51.54825 106.699776</gx:coord>
        <when>2026-01-01T00:07:50.2740410Z</when>
        <gx:coord>12.058159 51.54824 106.95437</gx:coord>
        <when>2026-01-01T00:07:55.2740410Z</when>
        <gx:coord>12.05816 51.54824 106.96121</gx:coord>
        <when>2026-01-01T00:08:00.2740410Z</when>
        <gx:coord>12.058152 51.548244 107.460884</gx:coord>
        <when>2026-01-01T00:08:05.2740410Z</when>
        <gx:coord>12.058152 51.548244 107.460884</gx:coord>
        <when>2026-01-01T00:08:10.2740410Z</when>
        <gx:coord>12.058156 51.548237 107.54757</gx:coord>
        <when>2026-01-01T00:08:15.2740410Z</when>
        <gx:coord>12.058157 51.548237 107.11566</gx:coord>
        <when>2026-01-01T00:08:17.0420410Z</when>
        <gx:coord>12.058157 51.548237 107.11566</gx:coord>
        <when>2026-01-01T00:08:20.2740410Z</when>
        <gx:coord>12.058158 51.54824 107.53985</gx:coord>
        <when>2026-01-01T00:08:25.2740410Z</when>
        <gx:coord>12.058159 51.548244 107.33387</gx:coord>
        <when>2026-01-01T00:08:30.2740410Z</when>
        <gx:coord>12.058156 51.54825 107.32786</gx:coord>
        <when>2026-01-01T00:08:35.2740410Z</when>
        <gx:coord>12.058153 51.548244 107.259094</gx:coord>
        <when>2026-01-01T00:08:36.8750410Z</when>
        <gx:coord>12.05815 51.548244 107.269104</gx:coord>
        <when>2026-01-01T00:08:39.2820410Z</when>
        <gx:coord>12.058153 51.548244 107.32502</gx:coord>
        <when>2026-01-01T00:08:44.2830410Z</when>
        <gx:coord>12.058143 51.548252 107.56141</gx:coord>
        <when>2026-01-01T00:08:49.2830410Z</when>
        <gx:coord>12.05815 51.54826 106.98948</gx:coord>
        <when>2026-01-01T00:08:54.2830410Z</when>
        <gx:coord>12.058154 51.548256 107.20404</gx:coord>
        <when>2026-01-01T00:08:59.2830410Z</when>
        <gx:coord>12.058155 51.548256 107.331955</gx:coord>
        <when>2026-01-01T00:09:04.2830410Z</when>
        <gx:coord>12.058159 51.54825 107.22906</gx:coord>
        <when>2026-01-01T00:09:09.2850410Z</when>
        <gx:coord>12.058159 51.54825 107.22906</gx:coord>
        <when>2026-01-01T00:09:14.2830410Z</when>
        <gx:coord>12.058163 51.54824 107.435684</gx:coord>
        <when>2026-01-01T00:09:19.2830410Z</when>
        <gx:coord>12.058157 51.548252 107.36369</gx:coord>
        <when>2026-01-01T00:09:24.2830410Z</when>
        <gx:coord>12.058144 51.54825 107.33935</gx:coord>
        <when>2026-01-01T00:09:29.2830410Z</when>
        <gx:coord>12.058156 51.54825 107.44522</gx:coord>
        <when>2026-01-01T00:09:34.2830410Z</when>
        <gx:coord>12.058156 51.548256 107.222145</gx:coord>
        <when>2026-01-01T00:09:37.0910410Z</when>
        <gx:coord>12.058138 51.548264 107.25813</gx:coord>
        <when>2026-01-01T00:09:39.0940410Z</when>
        <gx:coord>12.058095 51.548267 107.03428</gx:coord>
        <when>2026-01-01T00:09:39.2890410Z</when>
        <gx:coord>12.058059 51.548275 107.042046</gx:coord>
        <when>2026-01-01T00:09:44.2830410Z</when>
        <gx:coord>12.057862 51.54832 106.44958</gx:coord>
        <when>2026-01-01T00:09:45.0920410Z</when>
        <gx:coord>12.057862 51.54832 106.44958</gx:coord>
        <when>2026-01-01T00:09:49.0910410Z</when>
        <gx:coord>12.057686 51.5484 106.6665</gx:coord>
        <when>2026-01-01T00:09:49.2830410Z</when>
        <gx:coord>12.057648 51.548428 106.98388</gx:coord>
        <when>2026-01-01T00:09:51.0910410Z</when>
        <gx:coord>12.057617 51.548462 107.16251</gx:coord>
        <when>2026-01-01T00:09:52.0940410Z</when>
        <gx:coord>12.057596 51.548492 107.229774</gx:coord>
        <when>2026-01-01T00:09:54.0920410Z</when>
        <gx:coord>12.057596 51.548573 107.39629</gx:coord>
        <when>2026-01-01T00:09:54.2830410Z</when>
        <gx:coord>12.057609 51.54862 107.10295</gx:coord>
        <when>2026-01-01T00:09:55.0920410Z</when>
        <gx:coord>12.057609 51.54862 107.10295</gx:coord>
        <when>2026-01-01T00:09:57.1210410Z</when>
        <gx:coord>12.057651 51.54872 107.17898</gx:coord>
        <when>2026-01-01T00:09:59.2830410Z</when>
        <gx:coord>12.057738 51.54888 106.89849</gx:coord>
        <when>2026-01-01T00:10:04.2830410Z</when>
        <gx:coord>12.057867 51.549175 106.583664</gx:coord>
        <when>2026-01-01T00:10:09.2830410Z</when>
        <gx:coord>12.057979 51.549477 107.25313</gx:coord>
        <when>2026-01-01T00:10:14.2830410Z</when>
        <gx:coord>12.058132 51.549778 107.14436</gx:coord>
        <when>2026-01-01T00:10:19.2830410Z</when>
        <gx:coord>12.058267 51.5501 107.1707</gx:coord>
        <when>2026-01-01T00:10:24.2830410Z</when>
        <gx:coord>12.058384 51.550385 106.95157</gx:coord>
        <when>2026-01-01T00:10:29.2830410Z</when>
        <gx:coord>12.058452 51.550568 107.100174</gx:coord>
        <when>2026-01-01T00:10:32.1220410Z</when>
        <gx:coord>12.05847 51.550602 107.20113</gx:coord>
        <when>2026-01-01T00:10:34.2830410Z</when>
        <gx:coord>12.058467 51.5506 107.19029</gx:coord>
        <when>2026-01-01T00:10:39.2860410Z</when>
        <gx:coord>12.058467 51.5506 107.10909</gx:coord>
        <when>2026-01-01T00:10:43.0900410Z</when>
        <gx:coord>12.058467 51.5506 107.11522</gx:coord>
        <when>2026-01-01T00:10:44.2830410Z</when>
        <gx:coord>12.058468 51.5506 107.06983</gx:coord>
        <when>2026-01-01T00:10:49.2830410Z</when>
        <gx:coord>12.058468 51.5506 107.15123</gx:coord>
        <when>2026-01-01T00:10:54.2830410Z</when>
        <gx:coord>12.058468 51.5506 107.29021</gx:coord>
        <when>2026-01-01T00:10:59.2830410Z</when>
        <gx:coord>12.058469 51.5506 107.155594</gx:coord>
        <when>2026-01-01T00:11:04.2830410Z</when>
        <gx:coord>12.05847 51.550602 107.1618</gx:coord>
        <when>2026-01-01T00:11:09.2830410Z</when>
        <gx:coord>12.05847 51.550602 107.12824</gx:coord>
        <when>2026-01-01T00:11:14.2830410Z</when>
        <gx:coord>12.058469 51.5506 107.07569</gx:coord>
        <when>2026-01-01T00:11:19.2830410Z</when>
        <gx:coord>12.058469 51.5506 107.0838</gx:coord>
        <when>2026-01-01T00:11:24.2830410Z</when>
        <gx:coord>12.05847 51.550602 107.04584</gx:coord>
        <when>2026-01-01T00:11:29.2830410Z</when>
        <gx:coord>12.058471 51.550602 107.04111</gx:coord>
        <when>2026-01-01T00:11:34.2830410Z</when>
        <gx:coord>12.058468 51.5506 107.09461</gx:coord>
        <when>2026-01-01T00:11:39.2880410Z</when>
        <gx:coord>12.058468 51.550602 106.626175</gx:coord>
        <when>2026-01-01T00:11:44.2830410Z</when>
        <gx:coord>12.058473 51.550606 107.38131</gx:coord>
        <when>2026-01-01T00:11:49.2830410Z</when>
        <gx:coord>12.058469 51.550602 107.523994</gx:coord>
        <when>2026-01-01T00:11:54.2830410Z</when>
        <gx:coord>12.058469 51.550602 107.36961</gx:coord>
        <when>2026-01-01T00:11:59.2830410Z</when>
        <gx:coord>12.05847 51.550602 107.024994</gx:coord>
        <when>2026-01-01T00:12:04.2830410Z</when>
        <gx:coord>12.058486 51.550617 107.279884</gx:coord>
        <when>2026-01-01T00:12:07.0940410Z</when>
        <gx:coord>12.058504 51.550648 107.896065</gx:coord>
        <when>2026-01-01T00:12:09.2830410Z</when>
        <gx:coord>12.058541 51.550735 107.84942</gx:coord>
        <when>2026-01-01T00:12:12.0890410Z</when>
        <gx:coord>12.058592 51.550808 108.128456</gx:coord>
        <when>2026-01-01T00:12:14.0900410Z</when>
        <gx:coord>12.0586815 51.55086 107.44556</gx:coord>
        <when>2026-01-01T00:12:14.7780410Z</when>
        <gx:coord>12.058739 51.550888 108.18318</gx:coord>
        <when>2026-01-01T00:12:15.1130410Z</when>
        <gx:coord>12.058739 51.550888 108.18318</gx:coord>
        <when>2026-01-01T00:12:16.0940410Z</when>
        <gx:coord>12.058795 51.550884 108.03334</gx:coord>
        <when>2026-01-01T00:12:16.0960410Z</when>
        <gx:coord>12.058795 51.550884 108.03334</gx:coord>
        <when>2026-01-01T00:12:18.0920410Z</when>
        <gx:coord>12.058953 51.550873 109.09615</gx:coord>
        <when>2026-01-01T00:12:19.2830410Z</when>
        <gx:coord>12.059122 51.550827 108.02998</gx:coord>
        <when>2026-01-01T00:12:22.0910410Z</when>
        <gx:coord>12.059314 51.55076 107.851006</gx:coord>
        <when>2026-01-01T00:12:24.2830410Z</when>
        <gx:coord>12.059593 51.550667 107.63783</gx:coord>
        <when>2026-01-01T00:12:29.2820410Z</when>
        <gx:coord>12.059912 51.550556 107.250015</gx:coord>
        <when>2026-01-01T00:12:31.0870410Z</when>
        <gx:coord>12.059955 51.55055 107.34691</gx:coord>
        <when>2026-01-01T00:12:32.0910410Z</when>
        <gx:coord>12.059996 51.550552 107.40177</gx:coord>
        <when>2026-01-01T00:12:33.0910410Z</when>
        <gx:coord>12.060029 51.550564 107.41132</gx:coord>
        <when>2026-01-01T00:12:34.0910410Z</when>
        <gx:coord>12.060052 51.550583 107.47521</gx:coord>
        <when>2026-01-01T00:12:34.2830410Z</when>
        <gx:coord>12.060057 51.550602 107.61112</gx:coord>
        <when>2026-01-01T00:12:35.0920410Z</when>
        <gx:coord>12.060057 51.550602 107.61112</gx:coord>
        <when>2026-01-01T00:12:36.0900410Z</when>
        <gx:coord>12.060055 51.55063 107.70015</gx:coord>
        <when>2026-01-01T00:12:37.0890410Z</when>
        <gx:coord>12.060027 51.550648 107.46564</gx:coord>
        <when>2026-01-01T00:12:38.0930410Z</when>
        <gx:coord>12.059987 51.55066 107.23034</gx:coord>
        <when>2026-01-01T00:12:39.3200410Z</when>
        <gx:coord>12.059914 51.55068 107.31683</gx:coord>
        <when>2026-01-01T00:12:41.0850410Z</when>
        <gx:coord>12.059852 51.550694 107.59378</gx:coord>
        <when>2026-01-01T00:12:43.0950410Z</when>
        <gx:coord>12.059638 51.550747 107.786865</gx:coord>
        <when>2026-01-01T00:12:44.2830410Z</when>
        <gx:coord>12.059317 51.55083 106.76354</gx:coord>
        <when>2026-01-01T00:12:46.1130410Z</when>
        <gx:coord>12.059123 51.550888 106.88393</gx:coord>
        <when>2026-01-01T00:12:46.1130410Z</when>
        <gx:coord>12.059123 51.550888 106.88393</gx:coord>
        <when>2026-01-01T00:12:49.0910410Z</when>
        <gx:coord>12.058379 51.55111 106.660034</gx:coord>
        <when>2026-01-01T00:12:49.2830410Z</when>
        <gx:coord>12.058081 51.55119 106.62682</gx:coord>
        <when>2026-01-01T00:12:53.0900410Z</when>
        <gx:coord>12.057057 51.55147 106.744705</gx:coord>
        <when>2026-01-01T00:12:54.2830410Z</when>
        <gx:coord>12.056276 51.551697 106.975334</gx:coord>
        <when>2026-01-01T00:12:57.0880410Z</when>
        <gx:coord>12.055419 51.55194 107.33984</gx:coord>
        <when>2026-01-01T00:12:59.2830410Z</when>
        <gx:coord>12.054006 51.552338 107.3192</gx:coord>
        <when>2026-01-01T00:13:04.2830410Z</when>
        <gx:coord>12.051485 51.55306 116.55157</gx:coord>
        <when>2026-01-01T00:13:05.0840410Z</when>
        <gx:coord>12.051485 51.55306 116.55157</gx:coord>
        <when>2026-01-01T00:13:09.2830410Z</when>
        <gx:coord>12.048869 51.553917 129.62328</gx:coord>
        <when>2026-01-01T00:13:13.0900410Z</when>
        <gx:coord>12.04688 51.55465 141.99684</gx:coord>
        <when>2026-01-01T00:13:14.2830410Z</when>
        <gx:coord>12.04638 51.554832 143.68211</gx:coord>
        <when>2026-01-01T00:13:19.2820410Z</when>
        <gx:coord>12.043818 51.555775 156.78444</gx:coord>
        <when>2026-01-01T00:13:24.2830410Z</when>
        <gx:coord>12.041231 51.55664 171.66786</gx:coord>
        <when>2026-01-01T00:13:25.0930410Z</when>
        <gx:coord>12.040701 51.5568 174.52913</gx:coord>
        <when>2026-01-01T00:13:29.2830410Z</when>
        <gx:coord>12.0385685 51.557465 187.60925</gx:coord>
        <when>2026-01-01T00:13:33.1010410Z</when>
        <gx:coord>12.036476 51.558136 197.05086</gx:coord>
        <when>2026-01-01T00:13:34.2830410Z</when>
        <gx:coord>12.035947 51.55831 201.86623</gx:coord>
        <when>2026-01-01T00:13:36.0920410Z</when>
        <gx:coord>12.034908 51.558678 208.10272</gx:coord>
        <when>2026-01-01T00:13:39.3090410Z</when>
        <gx:coord>12.03332 51.559242 215.3794</gx:coord>
        <when>2026-01-01T00:13:44.2830410Z</when>
        <gx:coord>12.03058 51.560177 233.21732</gx:coord>
        <when>2026-01-01T00:13:45.0890410Z</when>
        <gx:coord>12.030037 51.560356 239.061</gx:coord>
        <when>2026-01-01T00:13:49.2830410Z</when>
        <gx:coord>12.027859 51.56103 258.07147</gx:coord>
        <when>2026-01-01T00:13:53.0910410Z</when>
        <gx:coord>12.025722 51.56172 270.91998</gx:coord>
        <when>2026-01-01T00:13:54.2830410Z</when>
        <gx:coord>12.025164 51.56189 273.65417</gx:coord>
        <when>2026-01-01T00:13:59.2830410Z</when>
        <gx:coord>12.022402 51.56275 292.71704</gx:coord>
        <when>2026-01-01T00:14:01.0980410Z</when>
        <gx:coord>12.021256 51.563046 304.16742</gx:coord>
        <when>2026-01-01T00:14:03.0940410Z</when>
        <gx:coord>12.020674 51.563152 308.68478</gx:coord>
        <when>2026-01-01T00:14:04.2830410Z</when>
        <gx:coord>12.019479 51.563286 317.37732</gx:coord>
        <when>2026-01-01T00:14:06.1030410Z</when>
        <gx:coord>12.018879 51.563305 321.55338</gx:coord>
        <when>2026-01-01T00:14:08.0980410Z</when>
        <gx:coord>12.017686 51.56323 330.2516</gx:coord>
        <when>2026-01-01T00:14:08.0980410Z</when>
        <gx:coord>12.017109 51.563137 334.6816</gx:coord>
        <when>2026-01-01T00:14:09.2840410Z</when>
        <gx:coord>12.016564 51.56301 339.776</gx:coord>
        <when>2026-01-01T00:14:10.0880410Z</when>
        <gx:coord>12.016564 51.56301 339.776</gx:coord>
        <when>2026-01-01T00:14:12.0850410Z</when>
        <gx:coord>12.0155735 51.562683 350.4636</gx:coord>
        <when>2026-01-01T00:14:14.0890410Z</when>
        <gx:coord>12.01472 51.562244 359.12863</gx:coord>
        <when>2026-01-01T00:14:14.4310410Z</when>
        <gx:coord>12.014357 51.561985 363.90628</gx:coord>
        <when>2026-01-01T00:14:15.0870410Z</when>
        <gx:coord>12.014035 51.56171 368.77887</gx:coord>
        <when>2026-01-01T00:14:16.1050410Z</when>
        <gx:coord>12.014035 51.56171 368.77887</gx:coord>
        <when>2026-01-01T00:14:18.0870410Z</when>
        <gx:coord>12.013529 51.561123 377.86392</gx:coord>
        <when>2026-01-01T00:14:19.2830410Z</when>
        <gx:coord>12.013209 51.560486 382.53238</gx:coord>
        <when>2026-01-01T00:14:22.0850410Z</when>
        <gx:coord>12.012993 51.559814 387.39294</gx:coord>
        <when>2026-01-01T00:14:24.2830410Z</when>
        <gx:coord>12.012773 51.558773 395.11273</gx:coord>
        <when>2026-01-01T00:14:28.0860410Z</when>
        <gx:coord>12.01251 51.557392 399.79086</gx:coord>
        <when>2026-01-01T00:14:29.2820410Z</when>
        <gx:coord>12.012417 51.557053 401.6831</gx:coord>
        <when>2026-01-01T00:14:34.2830410Z</when>
        <gx:coord>12.011885 51.555347 405.0733</gx:coord>
        <when>2026-01-01T00:14:39.2910410Z</when>
        <gx:coord>12.011206 51.553566 415.48706</gx:coord>
        <when>2026-01-01T00:14:41.1000410Z</when>
        <gx:coord>12.010928 51.552853 419.11008</gx:coord>
        <when>2026-01-01T00:14:44.2820410Z</when>
        <gx:coord>12.010533 51.55179 429.92145</gx:coord>
        <when>2026-01-01T00:14:45.0880410Z</when>
        <gx:coord>12.010604 51.55224 137.02567</gx:coord>
        <when>2026-01-01T00:14:49.2830410Z</when>
        <gx:coord>12.010364 51.550907 140.08095</gx:coord>
        <when>2026-01-01T00:14:54.2820410Z</when>
        <gx:coord>12.010473 51.54942 145.8099</gx:coord>
        <when>2026-01-01T00:14:56.0500410Z</when>
        <gx:coord>12.010303 51.549137 148.92673</gx:coord>
        <when>2026-01-01T00:15:07.2820410Z</when>
        <gx:coord>12.010263 51.54882 151.60078</gx:coord>
        <when>2026-01-01T00:15:07.3030410Z</when>
        <gx:coord>12.010263 51.54882 151.60078</gx:coord>
        <when>2026-01-01T00:15:07.3030410Z</when>
        <gx:coord>12.010263 51.54882 151.60078</gx:coord>
        <when>2026-01-01T00:15:10.0330410Z</when>
        <gx:coord>12.008566 51.54433 0</gx:coord>
        <when>2026-01-01T00:15:10.0390410Z</when>
        <gx:coord>12.008566 51.54433 0</gx:coord>
        <when>2026-01-01T00:15:10.0390410Z</when>
        <gx:coord>12.008566 51.54433 188.38884</gx:coord>
        <when>2026-01-01T00:15:12.2830410Z</when>
        <gx:coord>12.008566 51.54433 188.38884</gx:coord>
        <when>2026-01-01T00:15:17.2830410Z</when>
        <gx:coord>12.008346 51.54357 202.19025</gx:coord>
        <when>2026-01-01T00:15:22.2820410Z</when>
        <gx:coord>12.008346 51.54357 202.19025</gx:coord>
        <when>2026-01-01T00:15:22.5020410Z</when>
        <gx:coord>12.009559 51.542645 244.0378</gx:coord>
        <when>2026-01-01T00:15:27.2860410Z</when>
        <gx:coord>12.00939 51.54177 266.3675</gx:coord>
        <when>2026-01-01T00:15:32.2830410Z</when>
        <gx:coord>12.00939 51.54177 266.3675</gx:coord>
        <when>2026-01-01T00:15:37.2830410Z</when>
        <gx:coord>12.00939 51.54177 266.3675</gx:coord>
        <when>2026-01-01T00:15:37.2840410Z</when>
        <gx:coord>12.00939 51.54177 266.3675</gx:coord>
        <when>2026-01-01T00:15:43.8850410Z</when>
        <gx:coord>12.008808 51.540302 0</gx:coord>
        <when>2026-01-01T00:15:43.8930410Z</when>
        <gx:coord>12.008808 51.540302 0</gx:coord>
        <when>2026-01-01T00:15:43.8950410Z</when>
        <gx:coord>12.008808 51.540302 331.1006</gx:coord>
        <when>2026-01-01T00:15:44.0180410Z</when>
        <gx:coord>12.010705 51.539696 312.22394</gx:coord>
        <when>2026-01-01T00:15:47.2830410Z</when>
        <gx:coord>12.026866 51.53501 334.12027</gx:coord>
        <when>2026-01-01T00:15:52.2830410Z</when>
        <gx:coord>12.026866 51.53501 334.12027</gx:coord>
        <when>2026-01-01T00:15:54.2840410Z</when>
        <gx:coord>12.026866 51.53501 334.12027</gx:coord>
        <when>2026-01-01T00:15:55.6700410Z</when>
        <gx:coord>12.0268345 51.534977 0</gx:coord>
        <when>2026-01-01T00:15:55.6740410Z</when>
        <gx:coord>12.0268345 51.534977 0</gx:coord>
        <when>2026-01-01T00:15:55.6740410Z</when>
        <gx:coord>12.0268345 51.534977 362.0559</gx:coord>
        <when>2026-01-01T00:15:57.2820410Z</when>
        <gx:coord>12.0268345 51.534977 362.0559</gx:coord>
        <when>2026-01-01T00:16:02.2830410Z</when>
        <gx:coord>12.0268345 51.534977 362.0559</gx:coord>
        <when>2026-01-01T00:16:05.1000410Z</when>
        <gx:coord>12.0268345 51.534977 362.0559</gx:coord>
        <when>2026-01-01T00:16:07.2870410Z</when>
        <gx:coord>12.027404 51.534702 370.1519</gx:coord>
        <when>2026-01-01T00:16:09.0350410Z</when>
        <gx:coord>12.027404 51.534702 370.1519</gx:coord>
        <when>2026-01-01T00:16:09.0370410Z</when>
        <gx:coord>12.027404 51.534702 370.1519</gx:coord>
        <when>2026-01-01T00:16:09.0430410Z</when>
        <gx:coord>12.048171 51.524452 370.1519</gx:coord>
        <when>2026-01-01T00:16:09.0440410Z</when>
        <gx:coord>12.048171 51.524452 740.7699</gx:coord>
        <when>2026-01-01T00:16:12.2820410Z</when>
        <gx:coord>12.05021 51.523804 745.0686</gx:coord>
        <when>2026-01-01T00:16:17.2830410Z</when>
        <gx:coord>12.05377 51.52259 762.63983</gx:coord>
        <when>2026-01-01T00:16:20.0760410Z</when>
        <gx:coord>12.05518 51.522083 767.6975</gx:coord>
        <when>2026-01-01T00:16:22.2820410Z</when>
        <gx:coord>12.0574045 51.521233 770.8922</gx:coord>
        <when>2026-01-01T00:16:23.0830410Z</when>
        <gx:coord>12.058146 51.52095 771.395</gx:coord>
        <when>2026-01-01T00:16:27.2830410Z</when>
        <gx:coord>12.061165 51.51978 772.7604</gx:coord>
        <when>2026-01-01T00:16:30.6300410Z</when>
        <gx:coord>12.062686 51.519165 772.185</gx:coord>
        <when>2026-01-01T00:16:32.2830410Z</when>
        <gx:coord>12.065063 51.518147 776.7623</gx:coord>
        <when>2026-01-01T00:16:40.3230410Z</when>
        <gx:coord>12.070229 51.51586 789.00256</gx:coord>
        <when>2026-01-01T00:16:40.3330410Z</when>
        <gx:coord>12.070918 51.51547 789.00256</gx:coord>
        <when>2026-01-01T00:16:44.0830410Z</when>
        <gx:coord>12.073315 51.51375 801.87714</gx:coord>
        <when>2026-01-01T00:16:49.0800410Z</when>
        <gx:coord>12.075714 51.51187 802.7979</gx:coord>
        <when>2026-01-01T00:16:50.0300410Z</when>
        <gx:coord>12.076243 51.511387 803.64496</gx:coord>
        <when>2026-01-01T00:16:53.0880410Z</when>
        <gx:coord>12.077627 51.509914 806.9946</gx:coord>
        <when>2026-01-01T00:16:55.0300410Z</when>
        <gx:coord>12.078258 51.50888 810.051</gx:coord>
        <when>2026-01-01T00:17:00.0300410Z</when>
        <gx:coord>12.079494 51.506256 812.9512</gx:coord>
        <when>2026-01-01T00:17:01.0950410Z</when>
        <gx:coord>12.079747 51.50572 813.2367</gx:coord>
        <when>2026-01-01T00:17:05.0310410Z</when>
        <gx:coord>12.080447 51.503563 803.3784</gx:coord>
        <when>2026-01-01T00:17:10.0310410Z</when>
        <gx:coord>12.081462 51.500805 792.71094</gx:coord>
        <when>2026-01-01T00:17:11.1060410Z</when>
        <gx:coord>12.081738 51.499794 792.2827</gx:coord>
        <when>2026-01-01T00:17:15.0310410Z</when>
        <gx:coord>12.082006 51.4982 794.60565</gx:coord>
        <when>2026-01-01T00:17:20.0370410Z</when>
        <gx:coord>12.082765 51.49552 787.4478</gx:coord>
        <when>2026-01-01T00:17:24.0840410Z</when>
        <gx:coord>12.083647 51.492737 768.0459</gx:coord>
        <when>2026-01-01T00:17:25.0310410Z</when>
        <gx:coord>12.083647 51.492737 768.0459</gx:coord>
        <when>2026-01-01T00:17:30.0310410Z</when>
        <gx:coord>12.085094 51.489834 742.4092</gx:coord>
        <when>2026-01-01T00:17:30.0920410Z</when>
        <gx:coord>12.085307 51.489235 736.8556</gx:coord>
        <when>2026-01-01T00:17:34.0860410Z</when>
        <gx:coord>12.0859 51.487373 721.62286</gx:coord>
        <when>2026-01-01T00:17:34.0880410Z</when>
        <gx:coord>12.086663 51.485798 813.4417</gx:coord>
        <when>2026-01-01T00:17:35.0310410Z</when>
        <gx:coord>12.086663 51.485798 813.4417</gx:coord>
        <when>2026-01-01T00:17:35.0890410Z</when>
        <gx:coord>12.086663 51.485798 813.4417</gx:coord>
        <when>2026-01-01T00:17:35.0890410Z</when>
        <gx:coord>12.086096 51.48674 619.38153</gx:coord>
        <when>2026-01-01T00:17:37.0900410Z</when>
        <gx:coord>12.086165 51.486137 597.6036</gx:coord>
        <when>2026-01-01T00:17:37.1010410Z</when>
        <gx:coord>12.087373 51.483246 597.6036</gx:coord>
        <when>2026-01-01T00:17:37.1010410Z</when>
        <gx:coord>12.087373 51.483246 813.5374</gx:coord>
        <when>2026-01-01T00:17:39.0870410Z</when>
        <gx:coord>12.087527 51.4822 812.5843</gx:coord>
        <when>2026-01-01T00:17:40.0340410Z</when>
        <gx:coord>12.087662 51.481194 811.499</gx:coord>
        <when>2026-01-01T00:17:45.0310410Z</when>
        <gx:coord>12.087969 51.48074 810.209</gx:coord>
        <when>2026-01-01T00:17:50.0960410Z</when>
        <gx:coord>12.087969 51.48074 810.209</gx:coord>
        <when>2026-01-01T00:17:51.0320410Z</when>
        <gx:coord>12.087969 51.48074 810.209</gx:coord>
        <when>2026-01-01T00:17:51.0330410Z</when>
        <gx:coord>12.087969 51.48074 810.209</gx:coord>
        <when>2026-01-01T00:17:51.6970410Z</when>
        <gx:coord>12.088518 51.478947 0</gx:coord>
        <when>2026-01-01T00:17:51.7020410Z</when>
        <gx:coord>12.088518 51.478947 0</gx:coord>
        <when>2026-01-01T00:17:51.7030410Z</when>
        <gx:coord>12.088518 51.478947 787.6598</gx:coord>
        <when>2026-01-01T00:17:55.0310410Z</when>
        <gx:coord>12.088518 51.478947 787.6598</gx:coord>
        <when>2026-01-01T00:18:00.0310410Z</when>
        <gx:coord>12.088559 51.478863 779.20966</gx:coord>
        <when>2026-01-01T00:18:01.0270410Z</when>
        <gx:coord>12.088559 51.478863 779.20966</gx:coord>
        <when>2026-01-01T00:18:01.0290410Z</when>
        <gx:coord>12.088559 51.478863 779.20966</gx:coord>
        <when>2026-01-01T00:18:01.0400410Z</when>
        <gx:coord>12.09105 51.46846 711.20355</gx:coord>
        <when>2026-01-01T00:18:05.0330410Z</when>
        <gx:coord>12.091573 51.46648 717.7894</gx:coord>
        <when>2026-01-01T00:18:10.0310410Z</when>
        <gx:coord>12.091573 51.46648 717.7894</gx:coord>
        <when>2026-01-01T00:18:14.0330410Z</when>
        <gx:coord>12.091573 51.46648 717.7894</gx:coord>
        <when>2026-01-01T00:18:14.0330410Z</when>
        <gx:coord>12.091573 51.46648 717.7894</gx:coord>
        <when>2026-01-01T00:18:17.0640410Z</when>
        <gx:coord>12.091692 51.46555 0</gx:coord>
        <when>2026-01-01T00:18:17.0690410Z</when>
        <gx:coord>12.091692 51.46555 0</gx:coord>
        <when>2026-01-01T00:18:17.0690410Z</when>
        <gx:coord>12.091692 51.46555 711.6568</gx:coord>
        <when>2026-01-01T00:18:20.0310410Z</when>
        <gx:coord>12.091748 51.46531 712.2447</gx:coord>
        <when>2026-01-01T00:18:25.0310410Z</when>
        <gx:coord>12.091748 51.46531 712.2447</gx:coord>
        <when>2026-01-01T00:18:30.0300410Z</when>
        <gx:coord>12.09188 51.465015 719.5577</gx:coord>
        <when>2026-01-01T00:18:35.0310410Z</when>
        <gx:coord>12.09188 51.465015 719.5577</gx:coord>
        <when>2026-01-01T00:18:36.1010410Z</when>
        <gx:coord>12.09188 51.465015 719.5577</gx:coord>
        <when>2026-01-01T00:18:38.8830410Z</when>
        <gx:coord>12.090008 51.471134 716.56287</gx:coord>
        <when>2026-01-01T00:18:42.0430410Z</when>
        <gx:coord>12.090008 51.471134 716.56287</gx:coord>
        <when>2026-01-01T00:18:42.0510410Z</when>
        <gx:coord>12.106249 51.44492 716.56287</gx:coord>
        <when>2026-01-01T00:18:42.0580410Z</when>
        <gx:coord>12.106249 51.44492 1128.8187</gx:coord>
        <when>2026-01-01T00:18:43.8830410Z</when>
        <gx:coord>12.106552 51.444412 1128.819</gx:coord>
        <when>2026-01-01T00:18:48.8830410Z</when>
        <gx:coord>12.108268 51.441563 1121.6445</gx:coord>
        <when>2026-01-01T00:18:51.0800410Z</when>
        <gx:coord>12.108939 51.440407 1120.7678</gx:coord>
        <when>2026-01-01T00:18:53.8840410Z</when>
        <gx:coord>12.110018 51.43876 1113.8848</gx:coord>
        <when>2026-01-01T00:18:58.8840410Z</when>
        <gx:coord>12.11185 51.436176 1114.319</gx:coord>
        <when>2026-01-01T00:19:03.8840410Z</when>
        <gx:coord>12.113534 51.433533 1125.5017</gx:coord>
        <when>2026-01-01T00:19:08.8840410Z</when>
        <gx:coord>12.113534 51.433533 1125.5017</gx:coord>
        <when>2026-01-01T00:19:13.3970410Z</when>
        <gx:coord>12.113534 51.433533 1125.5017</gx:coord>
        <when>2026-01-01T00:19:13.3990410Z</when>
        <gx:coord>12.113534 51.433533 1125.5017</gx:coord>
        <when>2026-01-01T00:19:13.4050410Z</when>
        <gx:coord>12.115275 51.43109 120.92505</gx:coord>
        <when>2026-01-01T00:19:13.8890410Z</when>
        <gx:coord>12.115275 51.43109 120.92505</gx:coord>
        <when>2026-01-01T00:19:17.7530410Z</when>
        <gx:coord>12.115245 51.431114 121.27699</gx:coord>
        <when>2026-01-01T00:19:18.8840410Z</when>
        <gx:coord>12.115243 51.43112 120.7158</gx:coord>
        <when>2026-01-01T00:19:23.8840410Z</when>
        <gx:coord>12.115782 51.430725 120.92505</gx:coord>
        <when>2026-01-01T00:19:28.8840410Z</when>
        <gx:coord>12.115782 51.430725 120.92505</gx:coord>
        <when>2026-01-01T00:19:29.8850410Z</when>
        <gx:coord>12.115782 51.430725 120.92505</gx:coord>
        <when>2026-01-01T00:19:31.8800410Z</when>
        <gx:coord>12.115243 51.43112 0</gx:coord>
        <when>2026-01-01T00:19:31.8870410Z</when>
        <gx:coord>12.115243 51.43112 0</gx:coord>
        <when>2026-01-01T00:19:31.8870410Z</when>
        <gx:coord>12.115243 51.43112 113.74529</gx:coord>
        <when>2026-01-01T00:19:33.0790410Z</when>
        <gx:coord>12.115244 51.43112 113.57356</gx:coord>
        <when>2026-01-01T00:19:34.0480410Z</when>
        <gx:coord>12.115244 51.43112 113.69664</gx:coord>
        <when>2026-01-01T00:19:34.0550410Z</when>
        <gx:coord>12.115244 51.43112 113.69664</gx:coord>
        <when>2026-01-01T00:19:34.0570410Z</when>
        <gx:coord>12.111298 51.41695 756.97406</gx:coord>
        <when>2026-01-01T00:19:37.0940410Z</when>
        <gx:coord>12.111354 51.415714 702.4979</gx:coord>
        <when>2026-01-01T00:19:40.0890410Z</when>
        <gx:coord>12.111605 51.414284 680.781</gx:coord>
        <when>2026-01-01T00:19:42.2610410Z</when>
        <gx:coord>12.111801 51.413216 675.96643</gx:coord>
        <when>2026-01-01T00:19:47.2760410Z</when>
        <gx:coord>12.112296 51.41062 673.8742</gx:coord>
        <when>2026-01-01T00:20:00.0860410Z</when>
        <gx:coord>12.1140995 51.403843 670.43353</gx:coord>
        <when>2026-01-01T00:20:11.0940410Z</when>
        <gx:coord>12.115972 51.398666 673.8852</gx:coord>
        <when>2026-01-01T00:20:12.0990410Z</when>
        <gx:coord>12.1166525 51.397724 680.8857</gx:coord>
        <when>2026-01-01T00:20:14.6330410Z</when>
        <gx:coord>12.117484 51.396835 692.4287</gx:coord>
        <when>2026-01-01T00:20:15.0870410Z</when>
        <gx:coord>12.117484 51.396835 692.4287</gx:coord>
        <when>2026-01-01T00:20:18.0910410Z</when>
        <gx:coord>12.119032 51.395622 700.5158</gx:coord>
        <when>2026-01-01T00:20:18.0910410Z</when>
        <gx:coord>12.11962 51.395287 702.138</gx:coord>
        <when>2026-01-01T00:20:19.6340410Z</when>
        <gx:coord>12.120239 51.39496 705.67633</gx:coord>
        <when>2026-01-01T00:20:21.0920410Z</when>
        <gx:coord>12.120897 51.39465 708.4411</gx:coord>
        <when>2026-01-01T00:20:24.0910410Z</when>
        <gx:coord>12.123057 51.393875 711.3253</gx:coord>
        <when>2026-01-01T00:20:24.6340410Z</when>
        <gx:coord>12.1238165 51.39367 713.3687</gx:coord>
        <when>2026-01-01T00:20:29.6340410Z</when>
        <gx:coord>12.127607 51.39258 718.9375</gx:coord>
        <when>2026-01-01T00:20:39.0790410Z</when>
        <gx:coord>12.135039 51.39072 715.1334</gx:coord>
        <when>2026-01-01T00:20:44.0910410Z</when>
        <gx:coord>12.140199 51.389458 700.2963</gx:coord>
        <when>2026-01-01T00:20:50.3590410Z</when>
        <gx:coord>12.145488 51.38819 682.8878</gx:coord>
        <when>2026-01-01T00:20:55.3600410Z</when>
        <gx:coord>12.149986 51.387108 673.5291</gx:coord>
        <when>2026-01-01T00:20:57.0920410Z</when>
        <gx:coord>12.151794 51.386677 669.74445</gx:coord>
        <when>2026-01-01T00:21:00.0850410Z</when>
        <gx:coord>12.153608 51.38624 663.49713</gx:coord>
        <when>2026-01-01T00:21:00.3600410Z</when>
        <gx:coord>12.154521 51.386013 660.48486</gx:coord>
        <when>2026-01-01T00:21:05.3600410Z</when>
        <gx:coord>12.159097 51.38484 651.4608</gx:coord>
        <when>2026-01-01T00:21:12.1000410Z</when>
        <gx:coord>12.165452 51.383167 652.7626</gx:coord>
        <when>2026-01-01T00:21:15.7510410Z</when>
        <gx:coord>12.168106 51.382454 656.9474</gx:coord>
        <when>2026-01-01T00:21:20.7560410Z</when>
        <gx:coord>12.172333 51.381165 663.2191</gx:coord>
        <when>2026-01-01T00:21:25.7520410Z</when>
        <gx:coord>12.176461 51.379864 672.7892</gx:coord>
        <when>2026-01-01T00:21:30.7520410Z</when>
        <gx:coord>12.180589 51.378677 674.09753</gx:coord>
        <when>2026-01-01T00:21:35.7520410Z</when>
        <gx:coord>12.184773 51.37754 674.1708</gx:coord>
        <when>2026-01-01T00:21:39.0800410Z</when>
        <gx:coord>12.187275 51.37687 675.13794</gx:coord>
        <when>2026-01-01T00:21:40.7520410Z</when>
        <gx:coord>12.188936 51.376427 676.8185</gx:coord>
        <when>2026-01-01T00:21:41.0970410Z</when>
        <gx:coord>12.189767 51.376205 676.8185</gx:coord>
        <when>2026-01-01T00:21:45.7620410Z</when>
        <gx:coord>12.193075 51.375355 683.916</gx:coord>
        <when>2026-01-01T00:21:50.7520410Z</when>
        <gx:coord>12.197187 51.37435 688.92267</gx:coord>
        <when>2026-01-01T00:21:55.7520410Z</when>
        <gx:coord>12.201331 51.373405 690.58417</gx:coord>
        <when>2026-01-01T00:22:11.0820410Z</when>
        <gx:coord>12.2140875 51.370796 691.5059</gx:coord>
        <when>2026-01-01T00:22:11.0900410Z</when>
        <gx:coord>12.214942 51.37065 691.5059</gx:coord>
        <when>2026-01-01T00:22:13.0840410Z</when>
        <gx:coord>12.216637 51.37036 700.36255</gx:coord>
        <when>2026-01-01T00:22:31.0830410Z</when>
        <gx:coord>12.231663 51.368195 731.1776</gx:coord>
        <when>2026-01-01T00:22:31.1550410Z</when>
        <gx:coord>12.231663 51.368195 731.1776</gx:coord>
        <when>2026-01-01T00:22:36.1560410Z</when>
        <gx:coord>12.23574 51.367565 738.9609</gx:coord>
        <when>2026-01-01T00:22:41.0860410Z</when>
        <gx:coord>12.238931 51.366932 743.35626</gx:coord>
        <when>2026-01-01T00:22:41.1560410Z</when>
        <gx:coord>12.239676 51.366707 740.9416</gx:coord>
        <when>2026-01-01T00:22:43.1000410Z</when>
        <gx:coord>12.241218 51.366295 742.279</gx:coord>
        <when>2026-01-01T00:22:45.0840410Z</when>
        <gx:coord>12.241959 51.366066 740.78784</gx:coord>
        <when>2026-01-01T00:22:46.1560410Z</when>
        <gx:coord>12.243438 51.365574 743.1153</gx:coord>
        <when>2026-01-01T00:22:51.1560410Z</when>
        <gx:coord>12.24695 51.36448 746.51416</gx:coord>
        <when>2026-01-01T00:22:57.0970410Z</when>
        <gx:coord>12.250109 51.363075 755.7999</gx:coord>
        <when>2026-01-01T00:22:57.0980410Z</when>
        <gx:coord>12.250109 51.363075 755.7999</gx:coord>
        <when>2026-01-01T00:23:01.0860410Z</when>
        <gx:coord>12.252235 51.36151 758.9812</gx:coord>
        <when>2026-01-01T00:23:02.0880410Z</when>
        <gx:coord>12.253214 51.360577 762.3948</gx:coord>
        <when>2026-01-01T00:23:15.0930410Z</when>
        <gx:coord>12.259377 51.355766 745.91644</gx:coord>
        <when>2026-01-01T00:23:17.1020410Z</when>
        <gx:coord>12.261031 51.354572 740.70984</gx:coord>
        <when>2026-01-01T00:23:23.8730410Z</when>
        <gx:coord>12.26425 51.352028 740.02563</gx:coord>
        <when>2026-01-01T00:23:31.5690410Z</when>
        <gx:coord>12.268472 51.34854 743.2912</gx:coord>
        <when>2026-01-01T00:23:36.5700410Z</when>
        <gx:coord>12.271117 51.346367 744.9982</gx:coord>
        <when>2026-01-01T00:23:41.5700410Z</when>
        <gx:coord>12.273791 51.34418 746</gx:coord>
        <when>2026-01-01T00:23:46.5700410Z</when>
        <gx:coord>12.276456 51.341965 745.5044</gx:coord>
        <when>2026-01-01T00:23:48.1020410Z</when>
        <gx:coord>12.277508 51.341064 745.39453</gx:coord>
        <when>2026-01-01T00:23:51.5700410Z</when>
        <gx:coord>12.279076 51.339703 744.8259</gx:coord>
        <when>2026-01-01T00:23:54.0850410Z</when>
        <gx:coord>12.280121 51.338787 743.9344</gx:coord>
        <when>2026-01-01T00:23:56.5700410Z</when>
        <gx:coord>12.281668 51.33739 743.44745</gx:coord>
        <when>2026-01-01T00:24:01.5700410Z</when>
        <gx:coord>12.284243 51.335033 741.74146</gx:coord>
        <when>2026-01-01T00:24:06.5700410Z</when>
        <gx:coord>12.2867985 51.332653 740.09766</gx:coord>
        <when>2026-01-01T00:24:18.1000410Z</when>
        <gx:coord>12.292927 51.32703 741.628</gx:coord>
        <when>2026-01-01T00:24:37.4420410Z</when>
        <gx:coord>12.302301 51.318283 741.549</gx:coord>
        <when>2026-01-01T00:24:43.7060410Z</when>
        <gx:coord>12.305278 51.315605 741.9485</gx:coord>
        <when>2026-01-01T00:24:48.7070410Z</when>
        <gx:coord>12.307748 51.313408 744.1308</gx:coord>
        <when>2026-01-01T00:24:49.1000410Z</when>
        <gx:coord>12.308241 51.31297 744.1308</gx:coord>
        <when>2026-01-01T00:25:00.7460410Z</when>
        <gx:coord>12.313626 51.308205 747.9843</gx:coord>
        <when>2026-01-01T00:25:05.7470410Z</when>
        <gx:coord>12.316082 51.306007 747.3011</gx:coord>
        <when>2026-01-01T00:25:10.7470410Z</when>
        <gx:coord>12.318557 51.3038 747.97253</gx:coord>
        <when>2026-01-01T00:25:15.0920410Z</when>
        <gx:coord>12.320535 51.302074 750.3369</gx:coord>
        <when>2026-01-01T00:25:15.7470410Z</when>
        <gx:coord>12.321003 51.30166 749.8771</gx:coord>
        <when>2026-01-01T00:25:20.7470410Z</when>
        <gx:coord>12.323525 51.299442 750.8263</gx:coord>
        <when>2026-01-01T00:25:21.0960410Z</when>
        <gx:coord>12.324042 51.298973 750.8263</gx:coord>
        <when>2026-01-01T00:25:22.0880410Z</when>
        <gx:coord>12.324042 51.298973 750.0537</gx:coord>
        <when>2026-01-01T00:25:25.7480410Z</when>
        <gx:coord>12.326054 51.296955 748.86163</gx:coord>
        <when>2026-01-01T00:25:30.7480410Z</when>
        <gx:coord>12.328567 51.294525 746.0393</gx:coord>
        <when>2026-01-01T00:25:35.7480410Z</when>
        <gx:coord>12.331048 51.292084 745.2399</gx:coord>
        <when>2026-01-01T00:25:40.7480410Z</when>
        <gx:coord>12.333579 51.28958 744.92755</gx:coord>
        <when>2026-01-01T00:25:43.0910410Z</when>
        <gx:coord>12.334569 51.288574 745.6333</gx:coord>
        <when>2026-01-01T00:25:45.7480410Z</when>
        <gx:coord>12.33603 51.28707 743.36005</gx:coord>
        <when>2026-01-01T00:25:50.0980410Z</when>
        <gx:coord>12.338576 51.284622 739.77045</gx:coord>
        <when>2026-01-01T00:25:50.7480410Z</when>
        <gx:coord>12.338576 51.284622 737.81537</gx:coord>
        <when>2026-01-01T00:25:55.7480410Z</when>
        <gx:coord>12.341103 51.282112 738.47675</gx:coord>
        <when>2026-01-01T00:26:00.7520410Z</when>
        <gx:coord>12.343665 51.279602 740.1835</gx:coord>
        <when>2026-01-01T00:26:19.0970410Z</when>
        <gx:coord>12.353504 51.27039 786.94324</gx:coord>
        <when>2026-01-01T00:26:20.0840410Z</when>
        <gx:coord>12.354007 51.26993 795.63434</gx:coord>
        <when>2026-01-01T00:26:27.3320410Z</when>
        <gx:coord>12.357486 51.26681 820.30194</gx:coord>
        <when>2026-01-01T00:26:30.0910410Z</when>
        <gx:coord>12.358956 51.2655 826.78455</gx:coord>
        <when>2026-01-01T00:26:32.3320410Z</when>
        <gx:coord>12.359935 51.26463 831.44977</gx:coord>
        <when>2026-01-01T00:26:36.0940410Z</when>
        <gx:coord>12.361403 51.26336 837.72577</gx:coord>
        <when>2026-01-01T00:26:37.3320410Z</when>
        <gx:coord>12.3624 51.262535 843.08417</gx:coord>
        <when>2026-01-01T00:26:41.0860410Z</when>
        <gx:coord>12.364356 51.26088 857.4075</gx:coord>
        <when>2026-01-01T00:26:42.3320410Z</when>
        <gx:coord>12.364844 51.260468 861.0125</gx:coord>
        <when>2026-01-01T00:26:47.3450410Z</when>
        <gx:coord>12.367242 51.258358 871.9816</gx:coord>
        <when>2026-01-01T00:26:51.0950410Z</when>
        <gx:coord>12.369148 51.25666 877.72516</gx:coord>
        <when>2026-01-01T00:26:52.3330410Z</when>
        <gx:coord>12.369631 51.25623 880.80615</gx:coord>
        <when>2026-01-01T00:26:56.0890410Z</when>
        <gx:coord>12.371598 51.2545 888.68646</gx:coord>
        <when>2026-01-01T00:26:57.3330410Z</when>
        <gx:coord>12.372077 51.254093 890.9039</gx:coord>
        <when>2026-01-01T00:27:02.3330410Z</when>
        <gx:coord>12.374417 51.25202 899.908</gx:coord>
        <when>2026-01-01T00:27:07.3330410Z</when>
        <gx:coord>12.37675 51.249935 908.524</gx:coord>
        <when>2026-01-01T00:27:13.0950410Z</when>
        <gx:coord>12.379591 51.247288 922.3844</gx:coord>
        <when>2026-01-01T00:27:23.0970410Z</when>
        <gx:coord>12.384305 51.242844 950.44806</gx:coord>
        <when>2026-01-01T00:27:23.0980410Z</when>
        <gx:coord>12.384305 51.242844 953.60333</gx:coord>
        <when>2026-01-01T00:27:26.2940410Z</when>
        <gx:coord>12.385702 51.241512 963.6022</gx:coord>
        <when>2026-01-01T00:27:31.2950410Z</when>
        <gx:coord>12.388023 51.239296 980.2694</gx:coord>
        <when>2026-01-01T00:27:33.0860410Z</when>
        <gx:coord>12.388947 51.23842 987.4562</gx:coord>
        <when>2026-01-01T00:27:36.2960410Z</when>
        <gx:coord>12.390334 51.23709 997.14044</gx:coord>
        <when>2026-01-01T00:27:41.2960410Z</when>
        <gx:coord>12.392634 51.23488 1011.3573</gx:coord>
        <when>2026-01-01T00:27:44.0840410Z</when>
        <gx:coord>12.394007 51.23355 1019.33545</gx:coord>
        <when>2026-01-01T00:27:46.2950410Z</when>
        <gx:coord>12.394929 51.232674 1029.8452</gx:coord>
        <when>2026-01-01T00:27:51.2960410Z</when>
        <gx:coord>12.397244 51.23046 1047.8722</gx:coord>
        <when>2026-01-01T00:27:52.0880410Z</when>
        <gx:coord>12.397705 51.23002 1051.3403</gx:coord>
        <when>2026-01-01T00:27:55.0950410Z</when>
        <gx:coord>12.399094 51.228695 1057.7424</gx:coord>
        <when>2026-01-01T00:27:56.2960410Z</when>
        <gx:coord>12.399556 51.228252 1063.8241</gx:coord>
        <when>2026-01-01T00:28:03.0980410Z</when>
        <gx:coord>12.402783 51.22517 1082.5139</gx:coord>
        <when>2026-01-01T00:28:19.0850410Z</when>
        <gx:coord>12.410229 51.21799 1114.5907</gx:coord>
        <when>2026-01-01T00:28:23.4190410Z</when>
        <gx:coord>12.412079 51.216198 1122.3074</gx:coord>
        <when>2026-01-01T00:28:27.0910410Z</when>
        <gx:coord>12.413935 51.214413 1127.8855</gx:coord>
        <when>2026-01-01T00:28:28.4320410Z</when>
        <gx:coord>12.414397 51.213966 1132.0814</gx:coord>
        <when>2026-01-01T00:28:33.4190410Z</when>
        <gx:coord>12.416703 51.211746 1142.339</gx:coord>
        <when>2026-01-01T00:28:35.0850410Z</when>
        <gx:coord>12.417634 51.21086 1146.3237</gx:coord>
        <when>2026-01-01T00:28:38.4190410Z</when>
        <gx:coord>12.419007 51.209538 1152.6039</gx:coord>
        <when>2026-01-01T00:28:43.4320410Z</when>
        <gx:coord>12.421329 51.20738 1161.0476</gx:coord>
        <when>2026-01-01T00:28:48.4190410Z</when>
        <gx:coord>12.423619 51.205215 1168.8107</gx:coord>
        <when>2026-01-01T00:28:52.0540410Z</when>
        <gx:coord>12.424961 51.20391 1175.193</gx:coord>
        <when>2026-01-01T00:28:52.0850410Z</when>
        <gx:coord>12.425371 51.203476 1178.105</gx:coord>
        <when>2026-01-01T00:28:59.0910410Z</when>
        <gx:coord>12.4286375 51.200344 1185.4794</gx:coord>
        <when>2026-01-01T00:29:05.0370410Z</when>
        <gx:coord>12.430983 51.198067 1202.0249</gx:coord>
        <when>2026-01-01T00:29:08.0920410Z</when>
        <gx:coord>12.432856 51.196285 1210.0168</gx:coord>
        <when>2026-01-01T00:29:10.0380410Z</when>
        <gx:coord>12.433321 51.19584 1211.7272</gx:coord>
        <when>2026-01-01T00:29:15.0380410Z</when>
        <gx:coord>12.435656 51.193607 1223.0317</gx:coord>
        <when>2026-01-01T00:29:22.0980410Z</when>
        <gx:coord>12.439381 51.190037 1241.8323</gx:coord>
        <when>2026-01-01T00:29:28.8810410Z</when>
        <gx:coord>12.442182 51.187355 1255.7021</gx:coord>
        <when>2026-01-01T00:29:31.0970410Z</when>
        <gx:coord>12.443543 51.186 1260.3252</gx:coord>
        <when>2026-01-01T00:29:33.8820410Z</when>
        <gx:coord>12.444437 51.185093 1267.3069</gx:coord>
        <when>2026-01-01T00:29:36.0900410Z</when>
        <gx:coord>12.445754 51.183723 1274.0316</gx:coord>
        <when>2026-01-01T00:29:38.8830410Z</when>
        <gx:coord>12.446629 51.18283 1279.0941</gx:coord>
        <when>2026-01-01T00:29:43.8900410Z</when>
        <gx:coord>12.448804 51.180588 1290.3512</gx:coord>
        <when>2026-01-01T00:29:48.8870410Z</when>
        <gx:coord>12.450987 51.178326 1302.6267</gx:coord>
        <when>2026-01-01T00:29:50.0870410Z</when>
        <gx:coord>12.451853 51.177402 1305.2517</gx:coord>
        <when>2026-01-01T00:29:53.8880410Z</when>
        <gx:coord>12.453139 51.17603 1309.7877</gx:coord>
        <when>2026-01-01T00:29:58.8870410Z</when>
        <gx:coord>12.455351 51.173782 1318.8844</gx:coord>
        <when>2026-01-01T00:30:03.0910410Z</when>
        <gx:coord>12.457615 51.171555 1324.5344</gx:coord>
        <when>2026-01-01T00:30:03.8830410Z</when>
        <gx:coord>12.457615 51.171555 1326.6161</gx:coord>
        <when>2026-01-01T00:30:08.0910410Z</when>
        <gx:coord>12.45991 51.16933 1336.9612</gx:coord>
        <when>2026-01-01T00:30:08.8830410Z</when>
        <gx:coord>12.45991 51.16933 1336.9612</gx:coord>
        <when>2026-01-01T00:30:13.8880410Z</when>
        <gx:coord>12.462186 51.167065 1347.1747</gx:coord>
        <when>2026-01-01T00:30:18.8830410Z</when>
        <gx:coord>12.464485 51.164783 1356.1659</gx:coord>
        <when>2026-01-01T00:30:23.8830410Z</when>
        <gx:coord>12.466794 51.162506 1363.5316</gx:coord>
        <when>2026-01-01T00:30:25.0880410Z</when>
        <gx:coord>12.467728 51.161594 1367.9485</gx:coord>
        <when>2026-01-01T00:30:28.9000410Z</when>
        <gx:coord>12.469126 51.160244 1373.5186</gx:coord>
        <when>2026-01-01T00:30:33.8820410Z</when>
        <gx:coord>12.4714365 51.157967 1385.7299</gx:coord>
        <when>2026-01-01T00:30:34.1030410Z</when>
        <gx:coord>12.471898 51.15752 1385.7299</gx:coord>
        <when>2026-01-01T00:30:38.0980410Z</when>
        <gx:coord>12.473754 51.155712 1399.748</gx:coord>
        <when>2026-01-01T00:30:38.8940410Z</when>
        <gx:coord>12.473754 51.155712 1399.748</gx:coord>
        <when>2026-01-01T00:30:43.8940410Z</when>
        <gx:coord>12.476065 51.153458 1413.0271</gx:coord>
        <when>2026-01-01T00:30:48.8950410Z</when>
        <gx:coord>12.478427 51.15123 1422.0739</gx:coord>
        <when>2026-01-01T00:30:52.0920410Z</when>
        <gx:coord>12.48035 51.14941 1431.8744</gx:coord>
        <when>2026-01-01T00:30:53.8840410Z</when>
        <gx:coord>12.48082 51.14896 1434.3777</gx:coord>
        <when>2026-01-01T00:30:58.8840410Z</when>
        <gx:coord>12.483118 51.146675 1449.2252</gx:coord>
        <when>2026-01-01T00:31:03.8840410Z</when>
        <gx:coord>12.485498 51.144398 1461.6794</gx:coord>
        <when>2026-01-01T00:31:04.0940410Z</when>
        <gx:coord>12.485962 51.143955 1463.2987</gx:coord>
        <when>2026-01-01T00:31:05.1000410Z</when>
        <gx:coord>12.486418 51.143513 1463.2987</gx:coord>
        <when>2026-01-01T00:31:08.8840410Z</when>
        <gx:coord>12.487826 51.142155 1472.3126</gx:coord>
        <when>2026-01-01T00:31:13.8840410Z</when>
        <gx:coord>12.490188 51.139877 1484.471</gx:coord>
        <when>2026-01-01T00:31:17.0930410Z</when>
        <gx:coord>12.492099 51.138042 1494.5057</gx:coord>
        <when>2026-01-01T00:31:18.8840410Z</when>
        <gx:coord>12.492579 51.137577 1497.8206</gx:coord>
        <when>2026-01-01T00:31:23.8840410Z</when>
        <gx:coord>12.494999 51.13526 1508.5038</gx:coord>
        <when>2026-01-01T00:31:28.8960410Z</when>
        <gx:coord>12.497388 51.13299 1518.8906</gx:coord>
        <when>2026-01-01T00:31:31.0990410Z</when>
        <gx:coord>12.4988365 51.131615 1526.7217</gx:coord>
        <when>2026-01-01T00:31:33.8840410Z</when>
        <gx:coord>12.499813 51.130703 1533.0461</gx:coord>
        <when>2026-01-01T00:31:36.1040410Z</when>
        <gx:coord>12.501275 51.12932 1540.2693</gx:coord>
        <when>2026-01-01T00:31:38.8840410Z</when>
        <gx:coord>12.502281 51.12839 1549.6252</gx:coord>
        <when>2026-01-01T00:31:42.0940410Z</when>
        <gx:coord>12.504257 51.126556 1558.5983</gx:coord>
        <when>2026-01-01T00:31:43.8840410Z</when>
        <gx:coord>12.50475 51.1261 1561.1637</gx:coord>
        <when>2026-01-01T00:31:48.8840410Z</when>
        <gx:coord>12.507277 51.123795 1573.5745</gx:coord>
        <when>2026-01-01T00:31:53.8840410Z</when>
        <gx:coord>12.509816 51.1215 1583.1598</gx:coord>
        <when>2026-01-01T00:31:58.0900410Z</when>
        <gx:coord>12.51232 51.11923 1589.9742</gx:coord>
        <when>2026-01-01T00:31:58.8840410Z</when>
        <gx:coord>12.51232 51.11923 1589.9742</gx:coord>
        <when>2026-01-01T00:32:03.8840410Z</when>
        <gx:coord>12.514835 51.11693 1599.6034</gx:coord>
        <when>2026-01-01T00:32:06.1050410Z</when>
        <gx:coord>12.5162945 51.115547 1603.1791</gx:coord>
        <when>2026-01-01T00:32:08.8850410Z</when>
        <gx:coord>12.517247 51.114628 1609.0308</gx:coord>
        <when>2026-01-01T00:32:13.8850410Z</when>
        <gx:coord>12.519682 51.112305 1617.8853</gx:coord>
        <when>2026-01-01T00:32:15.0920410Z</when>
        <gx:coord>12.520767 51.11133 1621.5559</gx:coord>
        <when>2026-01-01T00:32:18.8850410Z</when>
        <gx:coord>12.522309 51.109947 1628.4244</gx:coord>
        <when>2026-01-01T00:32:23.8850410Z</when>
        <gx:coord>12.52478 51.10766 1640.6996</gx:coord>
        <when>2026-01-01T00:32:27.0940410Z</when>
        <gx:coord>12.526673 51.105804 1653.1179</gx:coord>
        <when>2026-01-01T00:32:28.9400410Z</when>
        <gx:coord>12.527167 51.105347 1655.941</gx:coord>
        <when>2026-01-01T00:32:33.8840410Z</when>
        <gx:coord>12.529658 51.102974 1671.4238</gx:coord>
        <when>2026-01-01T00:32:36.1090410Z</when>
        <gx:coord>12.531101 51.101566 1679.1028</gx:coord>
        <when>2026-01-01T00:32:37.1040410Z</when>
        <gx:coord>12.531587 51.101097 1685.9233</gx:coord>
        <when>2026-01-01T00:32:38.8850410Z</when>
        <gx:coord>12.532089 51.100624 1690.381</gx:coord>
        <when>2026-01-01T00:32:43.8850410Z</when>
        <gx:coord>12.534577 51.098263 1704.779</gx:coord>
        <when>2026-01-01T00:32:46.0910410Z</when>
        <gx:coord>12.535557 51.09732 1706.7657</gx:coord>
        <when>2026-01-01T00:32:48.8850410Z</when>
        <gx:coord>12.537043 51.095886 1708.0443</gx:coord>
        <when>2026-01-01T00:32:53.8850410Z</when>
        <gx:coord>12.53946 51.093464 1708.45</gx:coord>
        <when>2026-01-01T00:32:58.8850410Z</when>
        <gx:coord>12.542085 51.09085 1709.0402</gx:coord>
        <when>2026-01-01T00:33:01.0960410Z</when>
        <gx:coord>12.543188 51.089775 1709.0654</gx:coord>
        <when>2026-01-01T00:33:03.8850410Z</when>
        <gx:coord>12.544776 51.088177 1708.1654</gx:coord>
        <when>2026-01-01T00:33:05.1010410Z</when>
        <gx:coord>12.54581 51.087112 1706.8809</gx:coord>
        <when>2026-01-01T00:33:08.8850410Z</when>
        <gx:coord>12.547366 51.085495 1703.111</gx:coord>
        <when>2026-01-01T00:33:13.8850410Z</when>
        <gx:coord>12.549981 51.082714 1700.5961</gx:coord>
        <when>2026-01-01T00:33:18.8850410Z</when>
        <gx:coord>12.552579 51.07991 1699.7205</gx:coord>
        <when>2026-01-01T00:33:23.8850410Z</when>
        <gx:coord>12.5552 51.077072 1700.1604</gx:coord>
        <when>2026-01-01T00:33:28.8930410Z</when>
        <gx:coord>12.557845 51.074303 1697.8561</gx:coord>
        <when>2026-01-01T00:33:31.1070410Z</when>
        <gx:coord>12.559435 51.072647 1697.8878</gx:coord>
        <when>2026-01-01T00:33:33.8860410Z</when>
        <gx:coord>12.5605 51.071552 1696.8469</gx:coord>
        <when>2026-01-01T00:33:38.8850410Z</when>
        <gx:coord>12.563209 51.068733 1699.122</gx:coord>
        <when>2026-01-01T00:33:43.8850410Z</when>
        <gx:coord>12.565934 51.066013 1698.6135</gx:coord>
        <when>2026-01-01T00:33:48.0970410Z</when>
        <gx:coord>12.568061 51.06381 1695.4359</gx:coord>
        <when>2026-01-01T00:33:48.8850410Z</when>
        <gx:coord>12.568598 51.06326 1695.1853</gx:coord>
        <when>2026-01-01T00:33:53.8850410Z</when>
        <gx:coord>12.571317 51.060535 1692.9224</gx:coord>
        <when>2026-01-01T00:33:57.1060410Z</when>
        <gx:coord>12.573466 51.05832 1692.9246</gx:coord>
        <when>2026-01-01T00:33:58.8850410Z</when>
        <gx:coord>12.574017 51.057774 1692.448</gx:coord>
        <when>2026-01-01T00:34:02.0950410Z</when>
        <gx:coord>12.575698 51.056118 1691.6147</gx:coord>
        <when>2026-01-01T00:34:03.8850410Z</when>
        <gx:coord>12.576817 51.055046 1691.1478</gx:coord>
        <when>2026-01-01T00:34:08.8850410Z</when>
        <gx:coord>12.579544 51.05228 1693.5576</gx:coord>
        <when>2026-01-01T00:34:13.8850410Z</when>
        <gx:coord>12.5822935 51.049545 1692.8622</gx:coord>
        <when>2026-01-01T00:34:15.0970410Z</when>
        <gx:coord>12.582852 51.049 1693.1093</gx:coord>
        <when>2026-01-01T00:34:23.1070410Z</when>
        <gx:coord>12.587759 51.044136 1699.1344</gx:coord>
        <when>2026-01-01T00:34:34.2620410Z</when>
        <gx:coord>12.593882 51.03827 1704.1527</gx:coord>
        <when>2026-01-01T00:34:39.2630410Z</when>
        <gx:coord>12.59669 51.03562 1706.2898</gx:coord>
        <when>2026-01-01T00:34:44.2730410Z</when>
        <gx:coord>12.599455 51.03302 1704.3578</gx:coord>
        <when>2026-01-01T00:34:49.2630410Z</when>
        <gx:coord>12.602207 51.030415 1705.5769</gx:coord>
        <when>2026-01-01T00:34:50.1060410Z</when>
        <gx:coord>12.602761 51.02989 1705.5769</gx:coord>
        <when>2026-01-01T00:34:54.2630410Z</when>
        <gx:coord>12.604979 51.027794 1705.9543</gx:coord>
        <when>2026-01-01T00:34:59.2640410Z</when>
        <gx:coord>12.6077585 51.02516 1706.689</gx:coord>
        <when>2026-01-01T00:35:04.2710410Z</when>
        <gx:coord>12.610522 51.022537 1707.3517</gx:coord>
        <when>2026-01-01T00:35:09.2640410Z</when>
        <gx:coord>12.61331 51.019897 1705.4584</gx:coord>
        <when>2026-01-01T00:35:14.2640410Z</when>
        <gx:coord>12.61608 51.017204 1704.5391</gx:coord>
        <when>2026-01-01T00:35:17.0930410Z</when>
        <gx:coord>12.61773 51.01558 1705.5228</gx:coord>
        <when>2026-01-01T00:35:19.2640410Z</when>
        <gx:coord>12.61882 51.014492 1706.2803</gx:coord>
        <when>2026-01-01T00:35:24.2640410Z</when>
        <gx:coord>12.621546 51.011765 1708.3079</gx:coord>
        <when>2026-01-01T00:35:29.2640410Z</when>
        <gx:coord>12.624291 51.009056 1706.604</gx:coord>
        <when>2026-01-01T00:35:34.2720410Z</when>
        <gx:coord>12.627045 51.006306 1706.2313</gx:coord>
        <when>2026-01-01T00:35:39.2640410Z</when>
        <gx:coord>12.629819 51.003563 1706.5844</gx:coord>
        <when>2026-01-01T00:35:43.1000410Z</when>
        <gx:coord>12.632039 51.00138 1707.3903</gx:coord>
        <when>2026-01-01T00:35:44.2640410Z</when>
        <gx:coord>12.63259 51.00083 1708.8986</gx:coord>
        <when>2026-01-01T00:35:49.2640410Z</when>
        <gx:coord>12.635377 50.998077 1708.9513</gx:coord>
        <when>2026-01-01T00:35:54.2640410Z</when>
        <gx:coord>12.638172 50.9953 1706.7875</gx:coord>
        <when>2026-01-01T00:35:58.0910410Z</when>
        <gx:coord>12.639867 50.99363 1705.4075</gx:coord>
        <when>2026-01-01T00:35:59.2630410Z</when>
        <gx:coord>12.641 50.99252 1704.5367</gx:coord>
        <when>2026-01-01T00:36:04.2640410Z</when>
        <gx:coord>12.643822 50.989735 1703.915</gx:coord>
        <when>2026-01-01T00:36:09.0980410Z</when>
        <gx:coord>12.646638 50.986958 1703.6879</gx:coord>
        <when>2026-01-01T00:36:09.2640410Z</when>
        <gx:coord>12.646638 50.986958 1703.8517</gx:coord>
        <when>2026-01-01T00:36:14.2640410Z</when>
        <gx:coord>12.6494665 50.98419 1703.7585</gx:coord>
        <when>2026-01-01T00:36:19.2640410Z</when>
        <gx:coord>12.65231 50.981415 1704.938</gx:coord>
        <when>2026-01-01T00:36:24.2630410Z</when>
        <gx:coord>12.655155 50.978653 1704.3806</gx:coord>
        <when>2026-01-01T00:36:29.2640410Z</when>
        <gx:coord>12.65803 50.975883 1703.3302</gx:coord>
        <when>2026-01-01T00:36:34.2680410Z</when>
        <gx:coord>12.660873 50.973106 1704.439</gx:coord>
        <when>2026-01-01T00:36:35.1040410Z</when>
        <gx:coord>12.661448 50.972553 1704.439</gx:coord>
        <when>2026-01-01T00:36:39.2640410Z</when>
        <gx:coord>12.66373 50.97033 1703.6787</gx:coord>
        <when>2026-01-01T00:36:44.2640410Z</when>
        <gx:coord>12.6665945 50.967552 1704.8124</gx:coord>
        <when>2026-01-01T00:36:49.2640410Z</when>
        <gx:coord>12.6694765 50.964767 1704.4047</gx:coord>
        <when>2026-01-01T00:36:54.2640410Z</when>
        <gx:coord>12.672353 50.961983 1703.9623</gx:coord>
        <when>2026-01-01T00:36:59.2640410Z</when>
        <gx:coord>12.675234 50.95918 1703.1871</gx:coord>
        <when>2026-01-01T00:37:01.0980410Z</when>
        <gx:coord>12.6763935 50.958054 1702.7972</gx:coord>
        <when>2026-01-01T00:37:04.2640410Z</when>
        <gx:coord>12.6781225 50.95636 1703.8441</gx:coord>
        <when>2026-01-01T00:37:09.2640410Z</when>
        <gx:coord>12.681014 50.953545 1703.1083</gx:coord>
        <when>2026-01-01T00:37:14.2640410Z</when>
        <gx:coord>12.683913 50.950737 1702.8132</gx:coord>
        <when>2026-01-01T00:37:19.2640410Z</when>
        <gx:coord>12.686813 50.947926 1702.3962</gx:coord>
        <when>2026-01-01T00:37:24.2640410Z</when>
        <gx:coord>12.689704 50.945114 1701.8705</gx:coord>
        <when>2026-01-01T00:37:26.0990410Z</when>
        <gx:coord>12.69085 50.94399 1701.9248</gx:coord>
        <when>2026-01-01T00:37:29.2640410Z</when>
        <gx:coord>12.692571 50.942307 1702.5287</gx:coord>
        <when>2026-01-01T00:37:34.3140410Z</when>
        <gx:coord>12.695471 50.93949 1703.6628</gx:coord>
        <when>2026-01-01T00:37:39.2640410Z</when>
        <gx:coord>12.698364 50.936687 1703.3075</gx:coord>
        <when>2026-01-01T00:37:44.2640410Z</when>
        <gx:coord>12.701257 50.933876 1702.4255</gx:coord>
        <when>2026-01-01T00:37:49.2640410Z</when>
        <gx:coord>12.704161 50.93105 1702.9388</gx:coord>
        <when>2026-01-01T00:37:51.1000410Z</when>
        <gx:coord>12.705324 50.92992 1702.916</gx:coord>
        <when>2026-01-01T00:37:54.2640410Z</when>
        <gx:coord>12.707061 50.92823 1703.348</gx:coord>
        <when>2026-01-01T00:38:09.1090410Z</when>
        <gx:coord>12.71519 50.92031 1703.4485</gx:coord>
        <when>2026-01-01T00:38:14.1390410Z</when>
        <gx:coord>12.718662 50.916927 1703.3195</gx:coord>
        <when>2026-01-01T00:38:16.1010410Z</when>
        <gx:coord>12.719829 50.915794 1703.7511</gx:coord>
        <when>2026-01-01T00:38:19.1090410Z</when>
        <gx:coord>12.721557 50.91411 1703.8062</gx:coord>
        <when>2026-01-01T00:38:24.1090410Z</when>
        <gx:coord>12.724461 50.911297 1705.866</gx:coord>
        <when>2026-01-01T00:38:29.1350410Z</when>
        <gx:coord>12.727348 50.908485 1706.9062</gx:coord>
        <when>2026-01-01T00:38:34.1090410Z</when>
        <gx:coord>12.730246 50.90565 1705.9612</gx:coord>
        <when>2026-01-01T00:38:39.1090410Z</when>
        <gx:coord>12.733125 50.90283 1707.2566</gx:coord>
        <when>2026-01-01T00:38:41.1080410Z</when>
        <gx:coord>12.734263 50.9017 1707.4803</gx:coord>
        <when>2026-01-01T00:38:44.1370410Z</when>
        <gx:coord>12.73597 50.899994 1708.2411</gx:coord>
        <when>2026-01-01T00:38:49.1090410Z</when>
        <gx:coord>12.738869 50.89718 1705.7051</gx:coord>
        <when>2026-01-01T00:38:54.1090410Z</when>
        <gx:coord>12.741786 50.894344 1703.8604</gx:coord>
        <when>2026-01-01T00:38:59.1370410Z</when>
        <gx:coord>12.744711 50.891502 1702.8081</gx:coord>
        <when>2026-01-01T00:39:04.1100410Z</when>
        <gx:coord>12.747615 50.888683 1703.3931</gx:coord>
        <when>2026-01-01T00:39:06.1030410Z</when>
        <gx:coord>12.74879 50.887554 1704.09</gx:coord>
        <when>2026-01-01T00:39:09.1090410Z</when>
        <gx:coord>12.750533 50.885864 1704.7113</gx:coord>
        <when>2026-01-01T00:39:14.1350410Z</when>
        <gx:coord>12.753437 50.883053 1704.4613</gx:coord>
        <when>2026-01-01T00:39:19.1100410Z</when>
        <gx:coord>12.756334 50.88024 1704.508</gx:coord>
        <when>2026-01-01T00:39:24.1100410Z</when>
        <gx:coord>12.759233 50.87743 1704.7893</gx:coord>
        <when>2026-01-01T00:39:29.1370410Z</when>
        <gx:coord>12.762133 50.874626 1706.0433</gx:coord>
        <when>2026-01-01T00:39:31.0950410Z</when>
        <gx:coord>12.763291 50.87351 1706.2233</gx:coord>
        <when>2026-01-01T00:39:40.2810410Z</when>
        <gx:coord>12.76855 50.868443 1705.5842</gx:coord>
        <when>2026-01-01T00:39:45.2810410Z</when>
        <gx:coord>12.771461 50.86562 1703.4379</gx:coord>
        <when>2026-01-01T00:39:50.2810410Z</when>
        <gx:coord>12.774376 50.862785 1704.3148</gx:coord>
        <when>2026-01-01T00:39:55.2820410Z</when>
        <gx:coord>12.777285 50.85995 1704.511</gx:coord>
        <when>2026-01-01T00:39:56.1020410Z</when>
        <gx:coord>12.777866 50.85938 1704.511</gx:coord>
        <when>2026-01-01T00:40:00.2810410Z</when>
        <gx:coord>12.780185 50.8571 1704.143</gx:coord>
        <when>2026-01-01T00:40:05.2810410Z</when>
        <gx:coord>12.783095 50.854244 1704.3154</gx:coord>
        <when>2026-01-01T00:40:17.7500410Z</when>
        <gx:coord>12.790102 50.84738 1703.8871</gx:coord>
        <when>2026-01-01T00:40:21.0980410Z</when>
        <gx:coord>12.792446 50.845097 1703.18</gx:coord>
        <when>2026-01-01T00:40:22.7510410Z</when>
        <gx:coord>12.793028 50.844524 1703.2651</gx:coord>
        <when>2026-01-01T00:40:27.7510410Z</when>
        <gx:coord>12.795946 50.841675 1704.3395</gx:coord>
        <when>2026-01-01T00:40:32.7510410Z</when>
        <gx:coord>12.798867 50.83883 1703.9495</gx:coord>
        <when>2026-01-01T00:40:37.7510410Z</when>
        <gx:coord>12.801788 50.83598 1704.2084</gx:coord>
        <when>2026-01-01T00:40:42.7510410Z</when>
        <gx:coord>12.80471 50.833138 1704.8483</gx:coord>
        <when>2026-01-01T00:40:46.1060410Z</when>
        <gx:coord>12.807049 50.830864 1705.2136</gx:coord>
        <when>2026-01-01T00:40:47.7510410Z</when>
        <gx:coord>12.807634 50.830296 1705.546</gx:coord>
        <when>2026-01-01T00:41:00.7620410Z</when>
        <gx:coord>12.815281 50.82289 1705.6593</gx:coord>
        <when>2026-01-01T00:41:05.7630410Z</when>
        <gx:coord>12.818232 50.82003 1704.9353</gx:coord>
        <when>2026-01-01T00:41:10.7630410Z</when>
        <gx:coord>12.821172 50.817158 1704.8826</gx:coord>
        <when>2026-01-01T00:41:11.1030410Z</when>
        <gx:coord>12.821764 50.816593 1704.8826</gx:coord>
        <when>2026-01-01T00:41:15.7630410Z</when>
        <gx:coord>12.824112 50.81429 1705.5256</gx:coord>
        <when>2026-01-01T00:41:20.7630410Z</when>
        <gx:coord>12.827055 50.811417 1705.8868</gx:coord>
        <when>2026-01-01T00:41:25.7630410Z</when>
        <gx:coord>12.830003 50.808548 1705.9163</gx:coord>
        <when>2026-01-01T00:41:30.7630410Z</when>
        <gx:coord>12.832945 50.805676 1705.6809</gx:coord>
        <when>2026-01-01T00:41:35.7630410Z</when>
        <gx:coord>12.835896 50.802807 1705.6508</gx:coord>
        <when>2026-01-01T00:41:36.0990410Z</when>
        <gx:coord>12.836482 50.80223 1705.6508</gx:coord>
        <when>2026-01-01T00:41:40.7630410Z</when>
        <gx:coord>12.838833 50.799934 1706.0739</gx:coord>
        <when>2026-01-01T00:41:45.7630410Z</when>
        <gx:coord>12.841777 50.797066 1706.3054</gx:coord>
        <when>2026-01-01T00:41:50.7630410Z</when>
        <gx:coord>12.844721 50.794197 1706.2913</gx:coord>
        <when>2026-01-01T00:41:55.7630410Z</when>
        <gx:coord>12.847651 50.791332 1707.0713</gx:coord>
        <when>2026-01-01T00:42:00.7750410Z</when>
        <gx:coord>12.850588 50.788483 1706.9531</gx:coord>
        <when>2026-01-01T00:42:01.0980410Z</when>
        <gx:coord>12.851174 50.78791 1706.9531</gx:coord>
        <when>2026-01-01T00:42:05.7630410Z</when>
        <gx:coord>12.853533 50.78564 1708.9575</gx:coord>
        <when>2026-01-01T00:42:10.7630410Z</when>
        <gx:coord>12.856454 50.782784 1707.5231</gx:coord>
        <when>2026-01-01T00:42:15.7620410Z</when>
        <gx:coord>12.859385 50.779934 1706.8269</gx:coord>
        <when>2026-01-01T00:42:20.7630410Z</when>
        <gx:coord>12.8623295 50.77707 1709.2617</gx:coord>
        <when>2026-01-01T00:42:25.7630410Z</when>
        <gx:coord>12.865299 50.774185 1707.4161</gx:coord>
        <when>2026-01-01T00:42:26.0860410Z</when>
        <gx:coord>12.865891 50.773613 1707.4161</gx:coord>
        <when>2026-01-01T00:42:30.7630410Z</when>
        <gx:coord>12.868259 50.77132 1707.8551</gx:coord>
        <when>2026-01-01T00:42:35.7630410Z</when>
        <gx:coord>12.871211 50.768433 1707.6837</gx:coord>
        <when>2026-01-01T00:42:40.7630410Z</when>
        <gx:coord>12.874133 50.765526 1708.9648</gx:coord>
        <when>2026-01-01T00:42:45.7630410Z</when>
        <gx:coord>12.877074 50.762604 1709.5164</gx:coord>
        <when>2026-01-01T00:42:50.7620410Z</when>
        <gx:coord>12.880016 50.759686 1708.2874</gx:coord>
        <when>2026-01-01T00:42:51.1050410Z</when>
        <gx:coord>12.88061 50.7591 1708.2874</gx:coord>
        <when>2026-01-01T00:43:10.8970410Z</when>
        <gx:coord>12.891875 50.748024 1706.4242</gx:coord>
        <when>2026-01-01T00:43:15.8980410Z</when>
        <gx:coord>12.894872 50.74513 1705.9226</gx:coord>
        <when>2026-01-01T00:43:16.4240410Z</when>
        <gx:coord>12.895453 50.74455 1705.9226</gx:coord>
        <when>2026-01-01T00:43:20.8980410Z</when>
        <gx:coord>12.897843 50.742226 1708.4774</gx:coord>
        <when>2026-01-01T00:43:25.8980410Z</when>
        <gx:coord>12.900834 50.739315 1708.39</gx:coord>
        <when>2026-01-01T00:43:30.8980410Z</when>
        <gx:coord>12.903826 50.73641 1708.3932</gx:coord>
        <when>2026-01-01T00:43:35.8980410Z</when>
        <gx:coord>12.906808 50.733505 1708.8549</gx:coord>
        <when>2026-01-01T00:43:40.1000410Z</when>
        <gx:coord>12.909797 50.73059 1708.076</gx:coord>
        <when>2026-01-01T00:43:40.8980410Z</when>
        <gx:coord>12.909797 50.73059 1708.014</gx:coord>
        <when>2026-01-01T00:43:45.8980410Z</when>
        <gx:coord>12.912781 50.727676 1707.4426</gx:coord>
        <when>2026-01-01T00:43:50.8980410Z</when>
        <gx:coord>12.915747 50.72476 1707.7028</gx:coord>
        <when>2026-01-01T00:43:55.8980410Z</when>
        <gx:coord>12.918711 50.721844 1708.2346</gx:coord>
        <when>2026-01-01T00:44:00.8980410Z</when>
        <gx:coord>12.921665 50.718933 1708.349</gx:coord>
        <when>2026-01-01T00:44:05.0990410Z</when>
        <gx:coord>12.924617 50.716034 1708.4146</gx:coord>
        <when>2026-01-01T00:44:05.8980410Z</when>
        <gx:coord>12.924617 50.716034 1708.5249</gx:coord>
        <when>2026-01-01T00:44:10.8970410Z</when>
        <gx:coord>12.927562 50.713146 1709.5281</gx:coord>
        <when>2026-01-01T00:44:15.8980410Z</when>
        <gx:coord>12.930503 50.71025 1710.4614</gx:coord>
        <when>2026-01-01T00:44:20.8980410Z</when>
        <gx:coord>12.933444 50.70735 1712.2266</gx:coord>
        <when>2026-01-01T00:44:25.9060410Z</when>
        <gx:coord>12.936386 50.70445 1712.0801</gx:coord>
        <when>2026-01-01T00:44:30.1000410Z</when>
        <gx:coord>12.939339 50.701538 1711.1959</gx:coord>
        <when>2026-01-01T00:44:38.9220410Z</when>
        <gx:coord>12.944074 50.69688 1708.8408</gx:coord>
        <when>2026-01-01T00:44:43.9230410Z</when>
        <gx:coord>12.947021 50.693974 1708.1023</gx:coord>
        <when>2026-01-01T00:44:48.9230410Z</when>
        <gx:coord>12.949976 50.691067 1707.3472</gx:coord>
        <when>2026-01-01T00:44:53.9230410Z</when>
        <gx:coord>12.952938 50.688156 1708.0049</gx:coord>
        <when>2026-01-01T00:44:55.0970410Z</when>
        <gx:coord>12.954127 50.686993 1707.9159</gx:coord>
        <when>2026-01-01T00:44:58.9230410Z</when>
        <gx:coord>12.955907 50.685238 1709.2653</gx:coord>
        <when>2026-01-01T00:45:03.9230410Z</when>
        <gx:coord>12.958875 50.68232 1709.3364</gx:coord>
        <when>2026-01-01T00:45:08.9230410Z</when>
        <gx:coord>12.961834 50.679398 1709.3074</gx:coord>
        <when>2026-01-01T00:45:13.9230410Z</when>
        <gx:coord>12.964798 50.67648 1708.3369</gx:coord>
        <when>2026-01-01T00:45:18.9230410Z</when>
        <gx:coord>12.967765 50.67356 1708.9374</gx:coord>
        <when>2026-01-01T00:45:19.1000410Z</when>
        <gx:coord>12.968362 50.672977 1708.9374</gx:coord>
        <when>2026-01-01T00:45:23.9230410Z</when>
        <gx:coord>12.970755 50.670647 1708.5732</gx:coord>
        <when>2026-01-01T00:45:28.9230410Z</when>
        <gx:coord>12.973716 50.66771 1708.7599</gx:coord>
        <when>2026-01-01T00:45:33.9230410Z</when>
        <gx:coord>12.976666 50.664757 1710.792</gx:coord>
        <when>2026-01-01T00:45:38.9240410Z</when>
        <gx:coord>12.979614 50.661804 1711.5308</gx:coord>
        <when>2026-01-01T00:45:43.0970410Z</when>
        <gx:coord>12.982581 50.65885 1710.2802</gx:coord>
        <when>2026-01-01T00:45:43.9230410Z</when>
        <gx:coord>12.982581 50.65885 1710.7097</gx:coord>
        <when>2026-01-01T00:45:48.9230410Z</when>
        <gx:coord>12.985543 50.655888 1710.7094</gx:coord>
        <when>2026-01-01T00:45:53.9230410Z</when>
        <gx:coord>12.988513 50.65292 1709.9144</gx:coord>
        <when>2026-01-01T00:45:58.9230410Z</when>
        <gx:coord>12.9914875 50.649944 1709.6781</gx:coord>
        <when>2026-01-01T00:46:03.9240410Z</when>
        <gx:coord>12.994432 50.646973 1709.5979</gx:coord>
        <when>2026-01-01T00:46:07.0970410Z</when>
        <gx:coord>12.99678 50.6446 1709.5223</gx:coord>
        <when>2026-01-01T00:46:08.9240410Z</when>
        <gx:coord>12.997365 50.64401 1709.8492</gx:coord>
        <when>2026-01-01T00:46:13.9240410Z</when>
        <gx:coord>13.000302 50.641052 1709.2233</gx:coord>
        <when>2026-01-01T00:46:18.9230410Z</when>
        <gx:coord>13.00323 50.638115 1709.3546</gx:coord>
        <when>2026-01-01T00:46:23.9240410Z</when>
        <gx:coord>13.006163 50.6352 1710.4778</gx:coord>
        <when>2026-01-01T00:46:28.9230410Z</when>
        <gx:coord>13.009096 50.632317 1709.6263</gx:coord>
        <when>2026-01-01T00:46:32.1010410Z</when>
        <gx:coord>13.011417 50.630016 1710.3069</gx:coord>
        <when>2026-01-01T00:46:33.9230410Z</when>
        <gx:coord>13.011995 50.62944 1710.7533</gx:coord>
        <when>2026-01-01T00:46:38.9330410Z</when>
        <gx:coord>13.014905 50.626568 1710.6835</gx:coord>
        <when>2026-01-01T00:46:43.9230410Z</when>
        <gx:coord>13.017828 50.62369 1708.136</gx:coord>
        <when>2026-01-01T00:46:48.9230410Z</when>
        <gx:coord>13.020737 50.62082 1705.4092</gx:coord>
        <when>2026-01-01T00:46:53.9230410Z</when>
        <gx:coord>13.023619 50.61797 1706.391</gx:coord>
        <when>2026-01-01T00:46:57.0970410Z</when>
        <gx:coord>13.025921 50.61572 1708.4852</gx:coord>
        <when>2026-01-01T00:46:58.9230410Z</when>
        <gx:coord>13.026497 50.61516 1709.1763</gx:coord>
        <when>2026-01-01T00:47:03.9240410Z</when>
        <gx:coord>13.029354 50.612385 1710.2815</gx:coord>
        <when>2026-01-01T00:47:08.9230410Z</when>
        <gx:coord>13.032193 50.60963 1711.0676</gx:coord>
        <when>2026-01-01T00:47:13.9240410Z</when>
        <gx:coord>13.034998 50.60689 1712.8011</gx:coord>
        <when>2026-01-01T00:47:18.9230410Z</when>
        <gx:coord>13.037819 50.60417 1713.0681</gx:coord>
        <when>2026-01-01T00:47:23.0840410Z</when>
        <gx:coord>13.0406475 50.60148 1715.2765</gx:coord>
        <when>2026-01-01T00:47:24.4210410Z</when>
        <gx:coord>13.04121 50.600937 1714.8752</gx:coord>
        <when>2026-01-01T00:47:29.4220410Z</when>
        <gx:coord>13.044072 50.59823 1714.6581</gx:coord>
        <when>2026-01-01T00:47:34.4210410Z</when>
        <gx:coord>13.046931 50.59551 1713.5142</gx:coord>
        <when>2026-01-01T00:47:39.4510410Z</when>
        <gx:coord>13.049779 50.592766 1712.9469</gx:coord>
        <when>2026-01-01T00:47:44.4560410Z</when>
        <gx:coord>13.052648 50.589996 1712.2222</gx:coord>
        <when>2026-01-01T00:47:49.0920410Z</when>
        <gx:coord>13.055505 50.58721 1711.6991</gx:coord>
        <when>2026-01-01T00:47:55.1370410Z</when>
        <gx:coord>13.058923 50.583824 1708.7316</gx:coord>
        <when>2026-01-01T00:48:00.1380410Z</when>
        <gx:coord>13.061771 50.580994 1709.4344</gx:coord>
        <when>2026-01-01T00:48:05.1380410Z</when>
        <gx:coord>13.06462 50.57818 1710.0818</gx:coord>
        <when>2026-01-01T00:48:10.1380410Z</when>
        <gx:coord>13.067456 50.575302 1710.7693</gx:coord>
        <when>2026-01-01T00:48:14.1000410Z</when>
        <gx:coord>13.069712 50.57302 1710.0227</gx:coord>
        <when>2026-01-01T00:48:15.1380410Z</when>
        <gx:coord>13.070277 50.572453 1710.0356</gx:coord>
        <when>2026-01-01T00:48:20.1380410Z</when>
        <gx:coord>13.073154 50.569565 1709.8152</gx:coord>
        <when>2026-01-01T00:48:25.1380410Z</when>
        <gx:coord>13.075989 50.566708 1707.8293</gx:coord>
        <when>2026-01-01T00:48:30.1440410Z</when>
        <gx:coord>13.078821 50.56386 1706.1493</gx:coord>
        <when>2026-01-01T00:48:35.1380410Z</when>
        <gx:coord>13.081691 50.561005 1705.3826</gx:coord>
        <when>2026-01-01T00:48:39.0940410Z</when>
        <gx:coord>13.083985 50.558712 1705.0411</gx:coord>
        <when>2026-01-01T00:48:40.1380410Z</when>
        <gx:coord>13.084558 50.55814 1704.848</gx:coord>
        <when>2026-01-01T00:48:45.1380410Z</when>
        <gx:coord>13.087504 50.555264 1704.0319</gx:coord>
        <when>2026-01-01T00:48:50.1380410Z</when>
        <gx:coord>13.090329 50.55244 1704.1143</gx:coord>
        <when>2026-01-01T00:48:55.1380410Z</when>
        <gx:coord>13.093222 50.549618 1703.3949</gx:coord>
        <when>2026-01-01T00:49:00.1390410Z</when>
        <gx:coord>13.096064 50.546795 1703.9922</gx:coord>
        <when>2026-01-01T00:49:04.0840410Z</when>
        <gx:coord>13.098357 50.544548 1703.462</gx:coord>
        <when>2026-01-01T00:49:06.1260410Z</when>
        <gx:coord>13.099492 50.54344 1703.8289</gx:coord>
        <when>2026-01-01T00:49:13.9180410Z</when>
        <gx:coord>13.1035795 50.53942 1708.5035</gx:coord>
        <when>2026-01-01T00:49:18.9190410Z</when>
        <gx:coord>13.106451 50.536564 1709.5305</gx:coord>
        <when>2026-01-01T00:49:23.9200410Z</when>
        <gx:coord>13.109354 50.5337 1709.4486</gx:coord>
        <when>2026-01-01T00:49:28.9200410Z</when>
        <gx:coord>13.112264 50.530857 1707.7372</gx:coord>
        <when>2026-01-01T00:49:29.0960410Z</when>
        <gx:coord>13.112839 50.530296 1707.7372</gx:coord>
        <when>2026-01-01T00:49:33.9210410Z</when>
        <gx:coord>13.115131 50.528023 1708.1908</gx:coord>
        <when>2026-01-01T00:49:38.9200410Z</when>
        <gx:coord>13.118102 50.525192 1706.7074</gx:coord>
        <when>2026-01-01T00:49:43.9200410Z</when>
        <gx:coord>13.121017 50.52232 1705.7985</gx:coord>
        <when>2026-01-01T00:49:48.9190410Z</when>
        <gx:coord>13.123927 50.519447 1706.3447</gx:coord>
        <when>2026-01-01T00:49:53.9190410Z</when>
        <gx:coord>13.12681 50.51655 1701.5093</gx:coord>
        <when>2026-01-01T00:49:54.0910410Z</when>
        <gx:coord>13.127388 50.515972 1701.5093</gx:coord>
        <when>2026-01-01T00:49:58.9200410Z</when>
        <gx:coord>13.129662 50.513668 1704.1564</gx:coord>
        <when>2026-01-01T00:50:03.9190410Z</when>
        <gx:coord>13.132526 50.51079 1706.6417</gx:coord>
        <when>2026-01-01T00:50:08.9200410Z</when>
        <gx:coord>13.135451 50.50797 1708.1548</gx:coord>
        <when>2026-01-01T00:50:13.9350410Z</when>
        <gx:coord>13.138342 50.505108 1710.8785</gx:coord>
        <when>2026-01-01T00:50:14.1280410Z</when>
        <gx:coord>13.138921 50.50453 1710.8785</gx:coord>
        <when>2026-01-01T00:50:18.9200410Z</when>
        <gx:coord>13.141226 50.502262 1709.8262</gx:coord>
        <when>2026-01-01T00:50:19.0990410Z</when>
        <gx:coord>13.141794 50.501698 1709.8262</gx:coord>
        <when>2026-01-01T00:50:23.9200410Z</when>
        <gx:coord>13.144119 50.499435 1705.4635</gx:coord>
        <when>2026-01-01T00:50:44.0970410Z</when>
        <gx:coord>13.156821 50.487392 1710.0983</gx:coord>
        <when>2026-01-01T00:50:55.7420410Z</when>
        <gx:coord>13.163565 50.48105 1708.8468</gx:coord>
        <when>2026-01-01T00:51:00.7430410Z</when>
        <gx:coord>13.166621 50.47817 1710.5266</gx:coord>
        <when>2026-01-01T00:51:05.7430410Z</when>
        <gx:coord>13.169645 50.4753 1702.7859</gx:coord>
        <when>2026-01-01T00:51:08.0980410Z</when>
        <gx:coord>13.171461 50.473568 1705.26</gx:coord>
        <when>2026-01-01T00:51:10.7430410Z</when>
        <gx:coord>13.172653 50.472427 1706.926</gx:coord>
        <when>2026-01-01T00:51:15.7420410Z</when>
        <gx:coord>13.17563 50.469616 1706.9314</gx:coord>
        <when>2026-01-01T00:51:20.7430410Z</when>
        <gx:coord>13.178609 50.466827 1706.3956</gx:coord>
        <when>2026-01-01T00:51:25.7420410Z</when>
        <gx:coord>13.181582 50.46403 1709.4634</gx:coord>
        <when>2026-01-01T00:51:30.7430410Z</when>
        <gx:coord>13.184523 50.461235 1710.7404</gx:coord>
        <when>2026-01-01T00:51:33.0940410Z</when>
        <gx:coord>13.186292 50.459568 1711.8104</gx:coord>
        <when>2026-01-01T00:51:35.7420410Z</when>
        <gx:coord>13.187459 50.458454 1711.9601</gx:coord>
        <when>2026-01-01T00:51:40.7430410Z</when>
        <gx:coord>13.190395 50.455666 1709.4886</gx:coord>
        <when>2026-01-01T00:51:45.7430410Z</when>
        <gx:coord>13.193314 50.45289 1708.0236</gx:coord>
        <when>2026-01-01T00:51:50.7430410Z</when>
        <gx:coord>13.196297 50.450123 1708.794</gx:coord>
        <when>2026-01-01T00:51:55.7550410Z</when>
        <gx:coord>13.19931 50.447384 1707.0386</gx:coord>
        <when>2026-01-01T00:51:58.1060410Z</when>
        <gx:coord>13.201091 50.445724 1706.5181</gx:coord>
        <when>2026-01-01T00:52:00.7430410Z</when>
        <gx:coord>13.202309 50.444607 1705.0286</gx:coord>
        <when>2026-01-01T00:52:05.7430410Z</when>
        <gx:coord>13.205324 50.44184 1707.4761</gx:coord>
        <when>2026-01-01T00:52:10.7430410Z</when>
        <gx:coord>13.208339 50.439087 1707.2594</gx:coord>
        <when>2026-01-01T00:52:15.7420410Z</when>
        <gx:coord>13.211323 50.436317 1709.5726</gx:coord>
        <when>2026-01-01T00:52:20.7430410Z</when>
        <gx:coord>13.214261 50.433533 1710.095</gx:coord>
        <when>2026-01-01T00:52:23.1050410Z</when>
        <gx:coord>13.216025 50.431858 1709.8613</gx:coord>
        <when>2026-01-01T00:52:25.7420410Z</when>
        <gx:coord>13.217206 50.43075 1710.1925</gx:coord>
        <when>2026-01-01T00:52:39.1190410Z</when>
        <gx:coord>13.224827 50.423573 1712.1681</gx:coord>
        <when>2026-01-01T00:52:44.1200410Z</when>
        <gx:coord>13.228359 50.420235 1713.114</gx:coord>
        <when>2026-01-01T00:52:48.1000410Z</when>
        <gx:coord>13.23073 50.41799 1713.3564</gx:coord>
        <when>2026-01-01T00:52:49.1200410Z</when>
        <gx:coord>13.231326 50.417427 1712.4023</gx:coord>
        <when>2026-01-01T00:52:54.1200410Z</when>
        <gx:coord>13.234291 50.414593 1712.1603</gx:coord>
        <when>2026-01-01T00:52:59.1200410Z</when>
        <gx:coord>13.237272 50.411736 1712.2317</gx:coord>
        <when>2026-01-01T00:53:04.1210410Z</when>
        <gx:coord>13.240256 50.408848 1711.1952</gx:coord>
        <when>2026-01-01T00:53:09.1200410Z</when>
        <gx:coord>13.243255 50.40595 1710.4341</gx:coord>
        <when>2026-01-01T00:53:13.0960410Z</when>
        <gx:coord>13.245655 50.40362 1710.2522</gx:coord>
        <when>2026-01-01T00:53:14.1230410Z</when>
        <gx:coord>13.246257 50.403038 1709.9911</gx:coord>
        <when>2026-01-01T00:53:19.1210410Z</when>
        <gx:coord>13.249262 50.400124 1709.8403</gx:coord>
        <when>2026-01-01T00:53:24.1260410Z</when>
        <gx:coord>13.252269 50.397198 1709.5643</gx:coord>
        <when>2026-01-01T00:53:29.1210410Z</when>
        <gx:coord>13.255282 50.39427 1709.1267</gx:coord>
        <when>2026-01-01T00:53:34.1210410Z</when>
        <gx:coord>13.258303 50.391346 1708.9086</gx:coord>
        <when>2026-01-01T00:53:37.0990410Z</when>
        <gx:coord>13.260115 50.38959 1709.1306</gx:coord>
        <when>2026-01-01T00:53:39.1210410Z</when>
        <gx:coord>13.261322 50.388428 1709.9495</gx:coord>
        <when>2026-01-01T00:53:44.1210410Z</when>
        <gx:coord>13.264349 50.38552 1710.9813</gx:coord>
        <when>2026-01-01T00:53:49.1210410Z</when>
        <gx:coord>13.267388 50.38261 1711.7261</gx:coord>
        <when>2026-01-01T00:53:54.1210410Z</when>
        <gx:coord>13.270432 50.379692 1712.7599</gx:coord>
        <when>2026-01-01T00:53:59.1210410Z</when>
        <gx:coord>13.273483 50.376766 1712.4122</gx:coord>
        <when>2026-01-01T00:54:01.0960410Z</when>
        <gx:coord>13.274713 50.375587 1712.2391</gx:coord>
        <when>2026-01-01T00:54:03.0880410Z</when>
        <gx:coord>13.275328 50.374996 1711.4785</gx:coord>
        <when>2026-01-01T00:54:04.1210410Z</when>
        <gx:coord>13.276559 50.37381 1711.2457</gx:coord>
        <when>2026-01-01T00:54:09.1250410Z</when>
        <gx:coord>13.279639 50.370846 1709.766</gx:coord>
        <when>2026-01-01T00:54:14.1210410Z</when>
        <gx:coord>13.282715 50.36787 1708.7605</gx:coord>
        <when>2026-01-01T00:54:19.1210410Z</when>
        <gx:coord>13.285793 50.36491 1708.7706</gx:coord>
        <when>2026-01-01T00:54:24.1210410Z</when>
        <gx:coord>13.288845 50.361954 1709.7919</gx:coord>
        <when>2026-01-01T00:54:25.1030410Z</when>
        <gx:coord>13.289453 50.361362 1709.7919</gx:coord>
        <when>2026-01-01T00:54:29.1210410Z</when>
        <gx:coord>13.291899 50.359005 1709.4042</gx:coord>
        <when>2026-01-01T00:54:34.1210410Z</when>
        <gx:coord>13.294935 50.356068 1710.4432</gx:coord>
        <when>2026-01-01T00:54:39.1310410Z</when>
        <gx:coord>13.29798 50.35315 1710.9434</gx:coord>
        <when>2026-01-01T00:54:44.1200410Z</when>
        <gx:coord>13.301012 50.350243 1709.6913</gx:coord>
        <when>2026-01-01T00:54:49.0970410Z</when>
        <gx:coord>13.304019 50.347378 1709.6099</gx:coord>
        <when>2026-01-01T00:54:49.1250410Z</when>
        <gx:coord>13.304019 50.347378 1709.9983</gx:coord>
        <when>2026-01-01T00:54:54.1210410Z</when>
        <gx:coord>13.30703 50.344543 1711.0067</gx:coord>
        <when>2026-01-01T00:54:59.1210410Z</when>
        <gx:coord>13.310017 50.341736 1711.5951</gx:coord>
        <when>2026-01-01T00:55:04.1270410Z</when>
        <gx:coord>13.312977 50.338936 1711.8976</gx:coord>
        <when>2026-01-01T00:55:09.1200410Z</when>
        <gx:coord>13.315922 50.336136 1712.8358</gx:coord>
        <when>2026-01-01T00:55:14.0910410Z</when>
        <gx:coord>13.318885 50.333344 1712.6948</gx:coord>
        <when>2026-01-01T00:55:14.1210410Z</when>
        <gx:coord>13.318885 50.333344 1711.9001</gx:coord>
        <when>2026-01-01T00:55:19.1210410Z</when>
        <gx:coord>13.32184 50.330544 1709.1836</gx:coord>
        <when>2026-01-01T00:55:24.1210410Z</when>
        <gx:coord>13.324825 50.327744 1710.2075</gx:coord>
        <when>2026-01-01T00:55:29.1210410Z</when>
        <gx:coord>13.327788 50.324924 1711.53</gx:coord>
        <when>2026-01-01T00:55:34.1210410Z</when>
        <gx:coord>13.330739 50.322113 1712.4244</gx:coord>
        <when>2026-01-01T00:55:39.0990410Z</when>
        <gx:coord>13.333679 50.319298 1711.0701</gx:coord>
        <when>2026-01-01T00:55:39.1200410Z</when>
        <gx:coord>13.333679 50.319298 1710.857</gx:coord>
        <when>2026-01-01T00:55:44.1210410Z</when>
        <gx:coord>13.336625 50.316494 1711.8505</gx:coord>
        <when>2026-01-01T00:55:49.1210410Z</when>
        <gx:coord>13.339566 50.313698 1712.0304</gx:coord>
        <when>2026-01-01T00:56:04.0890410Z</when>
        <gx:coord>13.348384 50.305386 1713.1527</gx:coord>
        <when>2026-01-01T00:56:04.3990410Z</when>
        <gx:coord>13.348384 50.305386 1712.8579</gx:coord>
        <when>2026-01-01T00:56:09.4000410Z</when>
        <gx:coord>13.351443 50.30266 1713.1512</gx:coord>
        <when>2026-01-01T00:56:13.5100410Z</when>
        <gx:coord>13.353977 50.300514 1713.8497</gx:coord>
        <when>2026-01-01T00:56:18.5110410Z</when>
        <gx:coord>13.3571205 50.29781 1713.1802</gx:coord>
        <when>2026-01-01T00:56:23.5110410Z</when>
        <gx:coord>13.360229 50.295082 1712.583</gx:coord>
        <when>2026-01-01T00:56:28.5110410Z</when>
        <gx:coord>13.363299 50.29234 1712.1249</gx:coord>
        <when>2026-01-01T00:56:29.0930410Z</when>
        <gx:coord>13.363909 50.291794 1712.1249</gx:coord>
        <when>2026-01-01T00:56:33.5110410Z</when>
        <gx:coord>13.366329 50.289597 1712.7504</gx:coord>
        <when>2026-01-01T00:56:38.5110410Z</when>
        <gx:coord>13.369315 50.28685 1713.3309</gx:coord>
        <when>2026-01-01T00:56:53.2460410Z</when>
        <gx:coord>13.378047 50.27853 1713.1986</gx:coord>
        <when>2026-01-01T00:56:54.0900410Z</when>
        <gx:coord>13.378613 50.277973 1713.1986</gx:coord>
        <when>2026-01-01T00:56:58.2460410Z</when>
        <gx:coord>13.380866 50.275745 1713.8605</gx:coord>
        <when>2026-01-01T00:57:01.0900410Z</when>
        <gx:coord>13.381985 50.27463 1714.2001</gx:coord>
        <when>2026-01-01T00:57:03.2470410Z</when>
        <gx:coord>13.383652 50.272953 1714.788</gx:coord>
        <when>2026-01-01T00:57:08.2470410Z</when>
        <gx:coord>13.386422 50.27013 1714.5725</gx:coord>
        <when>2026-01-01T00:57:13.2460410Z</when>
        <gx:coord>13.389171 50.26728 1714.7876</gx:coord>
        <when>2026-01-01T00:57:18.2530410Z</when>
        <gx:coord>13.39188 50.264393 1713.723</gx:coord>
        <when>2026-01-01T00:57:19.1000410Z</when>
        <gx:coord>13.392416 50.263813 1713.723</gx:coord>
        <when>2026-01-01T00:57:23.2460410Z</when>
        <gx:coord>13.394567 50.261486 1713.4237</gx:coord>
        <when>2026-01-01T00:57:28.2460410Z</when>
        <gx:coord>13.397225 50.258553 1710.133</gx:coord>
        <when>2026-01-01T00:57:33.2470410Z</when>
        <gx:coord>13.39986 50.25561 1710.6101</gx:coord>
        <when>2026-01-01T00:57:38.2470410Z</when>
        <gx:coord>13.402454 50.252686 1713.632</gx:coord>
        <when>2026-01-01T00:57:43.2470410Z</when>
        <gx:coord>13.405006 50.249763 1713.3475</gx:coord>
        <when>2026-01-01T00:57:44.0950410Z</when>
        <gx:coord>13.405508 50.24918 1713.3475</gx:coord>
        <when>2026-01-01T00:57:48.2470410Z</when>
        <gx:coord>13.40746 50.246803 1713.9778</gx:coord>
        <when>2026-01-01T00:57:53.2970410Z</when>
        <gx:coord>13.409861 50.243855 1714.4722</gx:coord>
        <when>2026-01-01T00:57:58.0890410Z</when>
        <gx:coord>13.412139 50.24093 1716.8134</gx:coord>
        <when>2026-01-01T00:57:58.2460410Z</when>
        <gx:coord>13.412139 50.24093 1716.8134</gx:coord>
        <when>2026-01-01T00:58:03.2470410Z</when>
        <gx:coord>13.41443 50.237972 1716.5944</gx:coord>
        <when>2026-01-01T00:58:08.2460410Z</when>
        <gx:coord>13.416717 50.23501 1716.1111</gx:coord>
        <when>2026-01-01T00:58:10.1030410Z</when>
        <gx:coord>13.417604 50.233814 1715.9438</gx:coord>
        <when>2026-01-01T00:58:13.2470410Z</when>
        <gx:coord>13.418924 50.232048 1718.2797</gx:coord>
        <when>2026-01-01T00:58:18.2470410Z</when>
        <gx:coord>13.421035 50.22913 1717.734</gx:coord>
        <when>2026-01-01T00:58:20.0880410Z</when>
        <gx:coord>13.42145 50.228535 1717.9393</gx:coord>
        <when>2026-01-01T00:58:23.2470410Z</when>
        <gx:coord>13.423014 50.22615 1720.6642</gx:coord>
        <when>2026-01-01T00:58:28.2470410Z</when>
        <gx:coord>13.424857 50.223167 1718.4689</gx:coord>
        <when>2026-01-01T00:58:36.1010410Z</when>
        <gx:coord>13.427689 50.218376 1713.8053</gx:coord>
        <when>2026-01-01T00:58:45.7050410Z</when>
        <gx:coord>13.430854 50.213043 1717.9122</gx:coord>
        <when>2026-01-01T00:58:50.7050410Z</when>
        <gx:coord>13.432671 50.210106 1717.7656</gx:coord>
        <when>2026-01-01T00:58:55.7050410Z</when>
        <gx:coord>13.434484 50.207172 1717.5099</gx:coord>
        <when>2026-01-01T00:59:00.7050410Z</when>
        <gx:coord>13.436245 50.204243 1717.5607</gx:coord>
        <when>2026-01-01T00:59:03.0960410Z</when>
        <gx:coord>13.4372835 50.20248 1718.1509</gx:coord>
        <when>2026-01-01T00:59:05.7050410Z</when>
        <gx:coord>13.4379635 50.201305 1717.1918</gx:coord>
        <when>2026-01-01T00:59:10.7050410Z</when>
        <gx:coord>13.439702 50.198364 1720.1498</gx:coord>
        <when>2026-01-01T00:59:15.7050410Z</when>
        <gx:coord>13.44145 50.19541 1716.617</gx:coord>
        <when>2026-01-01T00:59:20.7050410Z</when>
        <gx:coord>13.4430685 50.19241 1716.4979</gx:coord>
        <when>2026-01-01T00:59:24.0910410Z</when>
        <gx:coord>13.443902 50.190662 1718.124</gx:coord>
        <when>2026-01-01T00:59:25.7050410Z</when>
        <gx:coord>13.444432 50.1895 1716.6298</gx:coord>
        <when>2026-01-01T00:59:30.1000410Z</when>
        <gx:coord>13.445625 50.186592 1716.6676</gx:coord>
        <when>2026-01-01T00:59:30.7050410Z</when>
        <gx:coord>13.445625 50.186592 1717.2318</gx:coord>
        <when>2026-01-01T00:59:32.0880410Z</when>
        <gx:coord>13.445822 50.18601 1716.9891</gx:coord>
        <when>2026-01-01T00:59:35.7050410Z</when>
        <gx:coord>13.44619 50.183598 1715.6362</gx:coord>
        <when>2026-01-01T00:59:40.7050410Z</when>
        <gx:coord>13.446696 50.180557 1714.9608</gx:coord>
        <when>2026-01-01T00:59:45.7060410Z</when>
        <gx:coord>13.447354 50.177467 1711.5253</gx:coord>
        <when>2026-01-01T00:59:50.7050410Z</when>
        <gx:coord>13.44818 50.17441 1714.3846</gx:coord>
        <when>2026-01-01T00:59:55.7060410Z</when>
        <gx:coord>13.449169 50.171352 1714.4061</gx:coord>
        <when>2026-01-01T00:59:57.0990410Z</when>
        <gx:coord>13.4496 50.170128 1714.6914</gx:coord>
        <when>2026-01-01T01:00:00.7060410Z</when>
        <gx:coord>13.450295 50.168293 1716.4445</gx:coord>
        <when>2026-01-01T01:00:05.7050410Z</when>
        <gx:coord>13.451547 50.165222 1714.8867</gx:coord>
        <when>2026-01-01T01:00:10.7060410Z</when>
        <gx:coord>13.452982 50.162178 1714.6364</gx:coord>
        <when>2026-01-01T01:00:15.7060410Z</when>
        <gx:coord>13.454691 50.159187 1714.8741</gx:coord>
        <when>2026-01-01T01:00:20.7060410Z</when>
        <gx:coord>13.4565525 50.1562 1715.9918</gx:coord>
        <when>2026-01-01T01:00:24.0990410Z</when>
        <gx:coord>13.458135 50.15383 1715.3749</gx:coord>
        <when>2026-01-01T01:00:25.0950410Z</when>
        <gx:coord>13.458135 50.15383 1715.3628</gx:coord>
        <when>2026-01-01T01:00:25.7050410Z</when>
        <gx:coord>13.458544 50.153248 1715.4215</gx:coord>
        <when>2026-01-01T01:00:38.0240410Z</when>
        <gx:coord>13.4637785 50.146385 1716.6986</gx:coord>
        <when>2026-01-01T01:00:43.0250410Z</when>
        <gx:coord>13.466061 50.143616 1716.5944</gx:coord>
        <when>2026-01-01T01:00:48.0250410Z</when>
        <gx:coord>13.4683895 50.14087 1716.8463</gx:coord>
        <when>2026-01-01T01:00:51.0980410Z</when>
        <gx:coord>13.470296 50.138714 1719.074</gx:coord>
        <when>2026-01-01T01:00:53.0250410Z</when>
        <gx:coord>13.4707775 50.138176 1720.3218</gx:coord>
        <when>2026-01-01T01:00:58.0250410Z</when>
        <gx:coord>13.473221 50.135498 1721.8027</gx:coord>
        <when>2026-01-01T01:01:03.0250410Z</when>
        <gx:coord>13.47572 50.13283 1721.857</gx:coord>
        <when>2026-01-01T01:01:08.0300410Z</when>
        <gx:coord>13.478227 50.13014 1721.1163</gx:coord>
        <when>2026-01-01T01:01:13.0250410Z</when>
        <gx:coord>13.480772 50.127415 1720.1782</gx:coord>
        <when>2026-01-01T01:01:18.0250410Z</when>
        <gx:coord>13.483302 50.12464 1720.4689</gx:coord>
        <when>2026-01-01T01:01:18.0990410Z</when>
        <gx:coord>13.48381 50.12408 1720.4689</gx:coord>
        <when>2026-01-01T01:01:23.0250410Z</when>
        <gx:coord>13.485841 50.121815 1718.6482</gx:coord>
        <when>2026-01-01T01:01:26.0900410Z</when>
        <gx:coord>13.487373 50.1201 1717.196</gx:coord>
        <when>2026-01-01T01:01:28.0250410Z</when>
        <gx:coord>13.488389 50.118942 1716.3867</gx:coord>
        <when>2026-01-01T01:01:33.0250410Z</when>
        <gx:coord>13.490923 50.116055 1716.6124</gx:coord>
        <when>2026-01-01T01:01:38.0330410Z</when>
        <gx:coord>13.493445 50.113167 1716.7928</gx:coord>
        <when>2026-01-01T01:01:43.0250410Z</when>
        <gx:coord>13.495951 50.1103 1717.6702</gx:coord>
        <when>2026-01-01T01:01:44.1000410Z</when>
        <gx:coord>13.496956 50.109154 1717.7311</gx:coord>
        <when>2026-01-01T01:01:48.0250410Z</when>
        <gx:coord>13.498463 50.107456 1718.0425</gx:coord>
        <when>2026-01-01T01:01:53.0250410Z</when>
        <gx:coord>13.500979 50.10464 1718.9506</gx:coord>
        <when>2026-01-01T01:01:58.0250410Z</when>
        <gx:coord>13.503482 50.10185 1720.1564</gx:coord>
        <when>2026-01-01T01:02:03.0250410Z</when>
        <gx:coord>13.505982 50.09907 1720.5624</gx:coord>
        <when>2026-01-01T01:02:08.0250410Z</when>
        <gx:coord>13.508478 50.096306 1719.1068</gx:coord>
        <when>2026-01-01T01:02:10.1030410Z</when>
        <gx:coord>13.509973 50.09465 1719.0945</gx:coord>
        <when>2026-01-01T01:02:13.0260410Z</when>
        <gx:coord>13.510967 50.093548 1719.45</gx:coord>
        <when>2026-01-01T01:02:18.0250410Z</when>
        <gx:coord>13.513459 50.090794 1719.7585</gx:coord>
        <when>2026-01-01T01:02:23.0260410Z</when>
        <gx:coord>13.515954 50.08804 1720.0038</gx:coord>
        <when>2026-01-01T01:02:28.0260410Z</when>
        <gx:coord>13.518454 50.08528 1719.8318</gx:coord>
        <when>2026-01-01T01:02:33.0260410Z</when>
        <gx:coord>13.520957 50.082516 1719.4406</gx:coord>
        <when>2026-01-01T01:02:37.1040410Z</when>
        <gx:coord>13.52347 50.079746 1719.7063</gx:coord>
        <when>2026-01-01T01:02:38.0740410Z</when>
        <gx:coord>13.52347 50.079746 1719.9016</gx:coord>
        <when>2026-01-01T01:02:43.0260410Z</when>
        <gx:coord>13.525976 50.076954 1719.5862</gx:coord>
        <when>2026-01-01T01:02:48.0260410Z</when>
        <gx:coord>13.528492 50.07415 1720.3931</gx:coord>
        <when>2026-01-01T01:02:53.0260410Z</when>
        <gx:coord>13.53102 50.071327 1720.2474</gx:coord>
        <when>2026-01-01T01:02:58.0260410Z</when>
        <gx:coord>13.533533 50.068497 1720.4424</gx:coord>
        <when>2026-01-01T01:03:03.0260410Z</when>
        <gx:coord>13.536041 50.06567 1720.5127</gx:coord>
        <when>2026-01-01T01:03:03.1060410Z</when>
        <gx:coord>13.536544 50.065105 1720.5127</gx:coord>
        <when>2026-01-01T01:03:08.0250410Z</when>
        <gx:coord>13.5385475 50.06285 1721.018</gx:coord>
        <when>2026-01-01T01:03:13.0260410Z</when>
        <gx:coord>13.541051 50.060036 1721.4761</gx:coord>
        <when>2026-01-01T01:03:18.0250410Z</when>
        <gx:coord>13.543553 50.057224 1720.9651</gx:coord>
        <when>2026-01-01T01:03:23.0250410Z</when>
        <gx:coord>13.546052 50.054417 1720.6532</gx:coord>
        <when>2026-01-01T01:03:28.0250410Z</when>
        <gx:coord>13.548548 50.05161 1720.0817</gx:coord>
        <when>2026-01-01T01:03:29.0990410Z</when>
        <gx:coord>13.549547 50.050484 1719.7803</gx:coord>
        <when>2026-01-01T01:03:33.0250410Z</when>
        <gx:coord>13.551045 50.0488 1719.5934</gx:coord>
        <when>2026-01-01T01:03:38.0310410Z</when>
        <gx:coord>13.553537 50.046 1720.294</gx:coord>
        <when>2026-01-01T01:03:43.0250410Z</when>
        <gx:coord>13.556013 50.043205 1720.4076</gx:coord>
        <when>2026-01-01T01:03:48.0250410Z</when>
        <gx:coord>13.558484 50.04042 1720.7397</gx:coord>
        <when>2026-01-01T01:03:53.0250410Z</when>
        <gx:coord>13.5609665 50.03765 1721.2937</gx:coord>
        <when>2026-01-01T01:03:55.0980410Z</when>
        <gx:coord>13.562452 50.03599 1721.1586</gx:coord>
        <when>2026-01-01T01:03:58.0250410Z</when>
        <gx:coord>13.563442 50.034885 1721.0344</gx:coord>
        <when>2026-01-01T01:04:03.0250410Z</when>
        <gx:coord>13.565909 50.032127 1722.5212</gx:coord>
        <when>2026-01-01T01:04:08.0250410Z</when>
        <gx:coord>13.568392 50.02936 1722.54</gx:coord>
        <when>2026-01-01T01:04:13.0250410Z</when>
        <gx:coord>13.570827 50.02658 1721.9924</gx:coord>
        <when>2026-01-01T01:04:18.0250410Z</when>
        <gx:coord>13.572971 50.023724 1720.4874</gx:coord>
        <when>2026-01-01T01:04:22.1030410Z</when>
        <gx:coord>13.575009 50.02085 1720.6218</gx:coord>
        <when>2026-01-01T01:04:35.1860410Z</when>
        <gx:coord>13.580057 50.01324 1720.66</gx:coord>
        <when>2026-01-01T01:04:40.1870410Z</when>
        <gx:coord>13.582061 50.010323 1721.8253</gx:coord>
        <when>2026-01-01T01:04:45.1870410Z</when>
        <gx:coord>13.584063 50.007397 1722.2166</gx:coord>
        <when>2026-01-01T01:04:49.1020410Z</when>
        <gx:coord>13.585684 50.005054 1721.555</gx:coord>
        <when>2026-01-01T01:04:50.1870410Z</when>
        <gx:coord>13.586084 50.004467 1721.3673</gx:coord>
        <when>2026-01-01T01:04:55.1860410Z</when>
        <gx:coord>13.588116 50.00155 1719.3824</gx:coord>
        <when>2026-01-01T01:05:00.1870410Z</when>
        <gx:coord>13.590141 49.99862 1719.4844</gx:coord>
        <when>2026-01-01T01:05:05.1870410Z</when>
        <gx:coord>13.592161 49.995686 1719.0476</gx:coord>
        <when>2026-01-01T01:05:10.1870410Z</when>
        <gx:coord>13.594191 49.99275 1717.8787</gx:coord>
        <when>2026-01-01T01:05:15.1200410Z</when>
        <gx:coord>13.596224 49.989796 1718.205</gx:coord>
        <when>2026-01-01T01:05:15.1910410Z</when>
        <gx:coord>13.596224 49.989796 1717.8356</gx:coord>
        <when>2026-01-01T01:05:20.1860410Z</when>
        <gx:coord>13.598265 49.986824 1717.3318</gx:coord>
        <when>2026-01-01T01:05:25.1860410Z</when>
        <gx:coord>13.60033 49.98385 1717.1788</gx:coord>
        <when>2026-01-01T01:05:30.1870410Z</when>
        <gx:coord>13.602398 49.98084 1717.5864</gx:coord>
        <when>2026-01-01T01:05:35.1980410Z</when>
        <gx:coord>13.604418 49.977814 1716.746</gx:coord>
        <when>2026-01-01T01:05:40.1870410Z</when>
        <gx:coord>13.606454 49.974762 1716.4945</gx:coord>
        <when>2026-01-01T01:05:41.1020410Z</when>
        <gx:coord>13.606862 49.97415 1716.4945</gx:coord>
        <when>2026-01-01T01:05:45.1870410Z</when>
        <gx:coord>13.608505 49.971714 1717.7025</gx:coord>
        <when>2026-01-01T01:05:50.1870410Z</when>
        <gx:coord>13.610554 49.968643 1718.356</gx:coord>
        <when>2026-01-01T01:05:55.1860410Z</when>
        <gx:coord>13.612586 49.96557 1720.3716</gx:coord>
        <when>2026-01-01T01:06:00.1870410Z</when>
        <gx:coord>13.614623 49.962475 1720.6444</gx:coord>
        <when>2026-01-01T01:06:05.1860410Z</when>
        <gx:coord>13.616727 49.959377 1720.0374</gx:coord>
        <when>2026-01-01T01:06:06.1170410Z</when>
        <gx:coord>13.617139 49.958755 1720.0374</gx:coord>
        <when>2026-01-01T01:06:10.1870410Z</when>
        <gx:coord>13.618796 49.956264 1720.1317</gx:coord>
        <when>2026-01-01T01:06:15.1860410Z</when>
        <gx:coord>13.620891 49.953156 1721.2336</gx:coord>
        <when>2026-01-01T01:06:20.1870410Z</when>
        <gx:coord>13.622983 49.95004 1719.2606</gx:coord>
        <when>2026-01-01T01:06:25.1870410Z</when>
        <gx:coord>13.625057 49.946926 1720.0747</gx:coord>
        <when>2026-01-01T01:06:30.1870410Z</when>
        <gx:coord>13.627144 49.94382 1719.5576</gx:coord>
        <when>2026-01-01T01:06:31.1040410Z</when>
        <gx:coord>13.627566 49.943203 1719.5576</gx:coord>
        <when>2026-01-01T01:06:35.1900410Z</when>
        <gx:coord>13.629241 49.940727 1718.6564</gx:coord>
        <when>2026-01-01T01:06:40.1870410Z</when>
        <gx:coord>13.631337 49.93765 1720.4591</gx:coord>
        <when>2026-01-01T01:06:45.1870410Z</when>
        <gx:coord>13.633434 49.93458 1720.5256</gx:coord>
        <when>2026-01-01T01:06:56.0950410Z</when>
        <gx:coord>13.638065 49.927864 1719.4839</gx:coord>
        <when>2026-01-01T01:07:00.3570410Z</when>
        <gx:coord>13.639731 49.925423 1720.0334</gx:coord>
        <when>2026-01-01T01:07:05.3580410Z</when>
        <gx:coord>13.641844 49.922382 1718.5563</gx:coord>
        <when>2026-01-01T01:07:10.3580410Z</when>
        <gx:coord>13.64392 49.91936 1718.8844</gx:coord>
        <when>2026-01-01T01:07:15.3570410Z</when>
        <gx:coord>13.646026 49.916325 1718.8575</gx:coord>
        <when>2026-01-01T01:07:20.3580410Z</when>
        <gx:coord>13.648131 49.913292 1718.8287</gx:coord>
        <when>2026-01-01T01:07:22.0990410Z</when>
        <gx:coord>13.648971 49.912075 1718.8184</gx:coord>
        <when>2026-01-01T01:07:25.3770410Z</when>
        <gx:coord>13.650239 49.910255 1719.3455</gx:coord>
        <when>2026-01-01T01:07:30.3800410Z</when>
        <gx:coord>13.652332 49.907234 1719.2908</gx:coord>
        <when>2026-01-01T01:07:35.3580410Z</when>
        <gx:coord>13.654418 49.904224 1719.8618</gx:coord>
        <when>2026-01-01T01:07:40.3580410Z</when>
        <gx:coord>13.656501 49.901222 1720.2875</gx:coord>
        <when>2026-01-01T01:07:45.3570410Z</when>
        <gx:coord>13.658588 49.898228 1720.5066</gx:coord>
        <when>2026-01-01T01:07:48.1020410Z</when>
        <gx:coord>13.659828 49.896427 1720.6631</gx:coord>
        <when>2026-01-01T01:07:50.3580410Z</when>
        <gx:coord>13.660657 49.895237 1720.5771</gx:coord>
        <when>2026-01-01T01:07:55.3570410Z</when>
        <gx:coord>13.6627245 49.892242 1720.258</gx:coord>
        <when>2026-01-01T01:08:00.3940410Z</when>
        <gx:coord>13.66476 49.889248 1720.301</gx:coord>
        <when>2026-01-01T01:08:05.1140410Z</when>
        <gx:coord>13.666839 49.886265 1719.9949</gx:coord>
        <when>2026-01-01T01:08:05.3580410Z</when>
        <gx:coord>13.666839 49.886265 1720.7142</gx:coord>
        <when>2026-01-01T01:08:10.3580410Z</when>
        <gx:coord>13.668906 49.88326 1719.4907</gx:coord>
        <when>2026-01-01T01:08:14.1130410Z</when>
        <gx:coord>13.670551 49.88087 1720.7744</gx:coord>
        <when>2026-01-01T01:08:15.3580410Z</when>
        <gx:coord>13.670954 49.88027 1721.3955</gx:coord>
        <when>2026-01-01T01:08:20.3580410Z</when>
        <gx:coord>13.673002 49.877277 1721.2568</gx:coord>
        <when>2026-01-01T01:08:25.3580410Z</when>
        <gx:coord>13.675049 49.87428 1720.4512</gx:coord>
        <when>2026-01-01T01:08:30.3580410Z</when>
        <gx:coord>13.677092 49.87128 1717.4475</gx:coord>
        <when>2026-01-01T01:08:35.3590410Z</when>
        <gx:coord>13.6791315 49.86827 1714.003</gx:coord>
        <when>2026-01-01T01:08:40.1150410Z</when>
        <gx:coord>13.6811905 49.86523 1710.8955</gx:coord>
        <when>2026-01-01T01:08:40.3580410Z</when>
        <gx:coord>13.6811905 49.86523 1709.7736</gx:coord>
        <when>2026-01-01T01:08:45.3580410Z</when>
        <gx:coord>13.683273 49.86216 1704.5808</gx:coord>
        <when>2026-01-01T01:08:50.3580410Z</when>
        <gx:coord>13.685345 49.859085 1702.3336</gx:coord>
        <when>2026-01-01T01:08:55.3580410Z</when>
        <gx:coord>13.687412 49.85602 1702.2799</gx:coord>
        <when>2026-01-01T01:09:00.3730410Z</when>
        <gx:coord>13.689507 49.852974 1702.2432</gx:coord>
        <when>2026-01-01T01:09:05.1090410Z</when>
        <gx:coord>13.691559 49.849957 1704.0465</gx:coord>
        <when>2026-01-01T01:09:05.3570410Z</when>
        <gx:coord>13.691559 49.849957 1704.5278</gx:coord>
        <when>2026-01-01T01:09:10.3580410Z</when>
        <gx:coord>13.693612 49.846966 1705.6692</gx:coord>
        <when>2026-01-01T01:09:15.3580410Z</when>
        <gx:coord>13.695671 49.843994 1705.8641</gx:coord>
        <when>2026-01-01T01:09:31.1030410Z</when>
        <gx:coord>13.702241 49.83455 1705.8293</gx:coord>
        <when>2026-01-01T01:09:35.7380410Z</when>
        <gx:coord>13.703873 49.83221 1706.338</gx:coord>
        <when>2026-01-01T01:09:40.7390410Z</when>
        <gx:coord>13.705922 49.829292 1705.735</gx:coord>
        <when>2026-01-01T01:09:45.7390410Z</when>
        <gx:coord>13.707971 49.82637 1706.9556</gx:coord>
        <when>2026-01-01T01:09:50.7380410Z</when>
        <gx:coord>13.710019 49.823456 1707.6003</gx:coord>
        <when>2026-01-01T01:09:55.7510410Z</when>
        <gx:coord>13.71207 49.820515 1707.054</gx:coord>
        <when>2026-01-01T01:09:57.0910410Z</when>
        <gx:coord>13.712888 49.819324 1707.0012</gx:coord>
        <when>2026-01-01T01:10:00.7390410Z</when>
        <gx:coord>13.714138 49.817554 1706.3435</gx:coord>
        <when>2026-01-01T01:10:05.7390410Z</when>
        <gx:coord>13.716193 49.814598 1706.9609</gx:coord>
        <when>2026-01-01T01:10:10.7450410Z</when>
        <gx:coord>13.718228 49.81164 1707.9183</gx:coord>
        <when>2026-01-01T01:10:15.7390410Z</when>
        <gx:coord>13.7202635 49.80867 1707.7346</gx:coord>
        <when>2026-01-01T01:10:20.7390410Z</when>
        <gx:coord>13.722331 49.805676 1707.7402</gx:coord>
        <when>2026-01-01T01:10:23.1010410Z</when>
        <gx:coord>13.723572 49.803875 1707.2528</gx:coord>
        <when>2026-01-01T01:10:37.0860410Z</when>
        <gx:coord>13.729428 49.79612 1704.7268</gx:coord>
        <when>2026-01-01T01:10:38.1330410Z</when>
        <gx:coord>13.730674 49.795025 1705.0415</gx:coord>
        <when>2026-01-01T01:10:42.1000410Z</when>
        <gx:coord>13.732766 49.793472 1705.9324</gx:coord>
        <when>2026-01-01T01:10:43.1330410Z</when>
        <gx:coord>13.734314 49.79252 1706.1412</gx:coord>
        <when>2026-01-01T01:10:47.0900410Z</when>
        <gx:coord>13.736842 49.791218 1706.2783</gx:coord>
        <when>2026-01-01T01:10:48.1330410Z</when>
        <gx:coord>13.738653 49.790443 1706.3615</gx:coord>
        <when>2026-01-01T01:10:49.0980410Z</when>
        <gx:coord>13.739591 49.79009 1706.3615</gx:coord>
        <when>2026-01-01T01:10:53.0900410Z</when>
        <gx:coord>13.742517 49.789146 1707.3035</gx:coord>
        <when>2026-01-01T01:10:53.1330410Z</when>
        <gx:coord>13.743517 49.788876 1707.7576</gx:coord>
        <when>2026-01-01T01:10:58.1340410Z</when>
        <gx:coord>13.748731 49.78786 1710.9081</gx:coord>
        <when>2026-01-01T01:10:59.0920410Z</when>
        <gx:coord>13.748731 49.78786 1710.9081</gx:coord>
        <when>2026-01-01T01:11:03.1330410Z</when>
        <gx:coord>13.754126 49.78744 1712.6815</gx:coord>
        <when>2026-01-01T01:11:05.0940410Z</when>
        <gx:coord>13.755217 49.787422 1712.618</gx:coord>
        <when>2026-01-01T01:11:08.1470410Z</when>
        <gx:coord>13.7595825 49.78755 1713.9987</gx:coord>
        <when>2026-01-01T01:11:13.1330410Z</when>
        <gx:coord>13.764995 49.787834 1710.698</gx:coord>
        <when>2026-01-01T01:11:14.0970410Z</when>
        <gx:coord>13.766083 49.787884 1710.698</gx:coord>
        <when>2026-01-01T01:11:18.1330410Z</when>
        <gx:coord>13.770449 49.78804 1708.6947</gx:coord>
        <when>2026-01-01T01:11:23.1330410Z</when>
        <gx:coord>13.775906 49.78816 1707.8494</gx:coord>
        <when>2026-01-01T01:11:25.0960410Z</when>
        <gx:coord>13.776996 49.78817 1707.4137</gx:coord>
        <when>2026-01-01T01:11:28.1330410Z</when>
        <gx:coord>13.781389 49.788204 1707.6893</gx:coord>
        <when>2026-01-01T01:11:33.1340410Z</when>
        <gx:coord>13.786854 49.788185 1707.5353</gx:coord>
        <when>2026-01-01T01:11:38.1010410Z</when>
        <gx:coord>13.792287 49.78814 1705.8585</gx:coord>
        <when>2026-01-01T01:11:38.1450410Z</when>
        <gx:coord>13.792287 49.78814 1705.8376</gx:coord>
        <when>2026-01-01T01:11:43.1330410Z</when>
        <gx:coord>13.797721 49.78806 1705.0999</gx:coord>
        <when>2026-01-01T01:11:48.1330410Z</when>
        <gx:coord>13.803177 49.787956 1704.8667</gx:coord>
        <when>2026-01-01T01:11:53.1330410Z</when>
        <gx:coord>13.808674 49.78784 1706.7903</gx:coord>
        <when>2026-01-01T01:11:58.1330410Z</when>
        <gx:coord>13.814181 49.787735 1704.8596</gx:coord>
        <when>2026-01-01T01:12:02.0990410Z</when>
        <gx:coord>13.818624 49.78762 1703.2184</gx:coord>
        <when>2026-01-01T01:12:03.1330410Z</when>
        <gx:coord>13.81973 49.78759 1702.9977</gx:coord>
        <when>2026-01-01T01:12:08.1340410Z</when>
        <gx:coord>13.825298 49.78746 1704.811</gx:coord>
        <when>2026-01-01T01:12:13.1340410Z</when>
        <gx:coord>13.830868 49.78733 1703.3696</gx:coord>
        <when>2026-01-01T01:12:18.1330410Z</when>
        <gx:coord>13.836465 49.78718 1702.1827</gx:coord>
        <when>2026-01-01T01:12:23.1340410Z</when>
        <gx:coord>13.842051 49.787064 1703.9448</gx:coord>
        <when>2026-01-01T01:12:26.1010410Z</when>
        <gx:coord>13.845428 49.787003 1704.0631</gx:coord>
        <when>2026-01-01T01:12:28.1340410Z</when>
        <gx:coord>13.847657 49.78696 1702.2843</gx:coord>
        <when>2026-01-01T01:12:33.1340410Z</when>
        <gx:coord>13.853217 49.786873 1705.1759</gx:coord>
        <when>2026-01-01T01:12:38.1790410Z</when>
        <gx:coord>13.858731 49.786793 1705.1437</gx:coord>
        <when>2026-01-01T01:12:43.1340410Z</when>
        <gx:coord>13.864239 49.7867 1704.4685</gx:coord>
        <when>2026-01-01T01:12:48.1330410Z</when>
        <gx:coord>13.869744 49.786602 1704.7594</gx:coord>
        <when>2026-01-01T01:12:50.1020410Z</when>
        <gx:coord>13.871941 49.786568 1705.0964</gx:coord>
        <when>2026-01-01T01:12:53.1340410Z</when>
        <gx:coord>13.875235 49.786522 1705.2328</gx:coord>
        <when>2026-01-01T01:12:58.1340410Z</when>
        <gx:coord>13.880659 49.786434 1706.7122</gx:coord>
        <when>2026-01-01T01:13:03.1340410Z</when>
        <gx:coord>13.886041 49.78634 1707.7316</gx:coord>
        <when>2026-01-01T01:13:08.1340410Z</when>
        <gx:coord>13.891365 49.786263 1707.1969</gx:coord>
        <when>2026-01-01T01:13:13.1330410Z</when>
        <gx:coord>13.896646 49.786194 1709.7783</gx:coord>
        <when>2026-01-01T01:13:15.0990410Z</when>
        <gx:coord>13.898736 49.786167 1710.4854</gx:coord>
        <when>2026-01-01T01:13:18.1340410Z</when>
        <gx:coord>13.901884 49.786148 1712.0933</gx:coord>
        <when>2026-01-01T01:13:23.1340410Z</when>
        <gx:coord>13.907112 49.786114 1713.7742</gx:coord>
        <when>2026-01-01T01:13:28.1340410Z</when>
        <gx:coord>13.912381 49.786087 1711.8468</gx:coord>
        <when>2026-01-01T01:13:33.1330410Z</when>
        <gx:coord>13.917762 49.786026 1710.7997</gx:coord>
        <when>2026-01-01T01:13:38.1360410Z</when>
        <gx:coord>13.923252 49.78597 1707.7672</gx:coord>
        <when>2026-01-01T01:13:40.1030410Z</when>
        <gx:coord>13.925441 49.785942 1707.6443</gx:coord>
        <when>2026-01-01T01:13:47.4310410Z</when>
        <gx:coord>13.932949 49.785854 1706.598</gx:coord>
        <when>2026-01-01T01:13:52.4320410Z</when>
        <gx:coord>13.938276 49.785786 1707.383</gx:coord>
        <when>2026-01-01T01:13:57.4320410Z</when>
        <gx:coord>13.943608 49.785725 1708.855</gx:coord>
        <when>2026-01-01T01:14:02.4320410Z</when>
        <gx:coord>13.9489565 49.785652 1708.5548</gx:coord>
        <when>2026-01-01T01:14:05.1060410Z</when>
        <gx:coord>13.95218 49.785603 1707.3186</gx:coord>
        <when>2026-01-01T01:14:07.4320410Z</when>
        <gx:coord>13.954334 49.78557 1707.1855</gx:coord>
        <when>2026-01-01T01:14:12.4320410Z</when>
        <gx:coord>13.959736 49.785484 1707.2716</gx:coord>
        <when>2026-01-01T01:14:17.4320410Z</when>
        <gx:coord>13.96517 49.7854 1705.6263</gx:coord>
        <when>2026-01-01T01:14:22.4320410Z</when>
        <gx:coord>13.970624 49.785305 1706.0175</gx:coord>
        <when>2026-01-01T01:14:27.4320410Z</when>
        <gx:coord>13.976104 49.785202 1707.7944</gx:coord>
        <when>2026-01-01T01:14:29.1050410Z</when>
        <gx:coord>13.978297 49.785164 1707.8434</gx:coord>
        <when>2026-01-01T01:14:32.4320410Z</when>
        <gx:coord>13.981592 49.785095 1707.2396</gx:coord>
        <when>2026-01-01T01:14:37.4320410Z</when>
        <gx:coord>13.9871025 49.784977 1707.8698</gx:coord>
        <when>2026-01-01T01:14:42.4320410Z</when>
        <gx:coord>13.99267 49.784878 1708.1447</gx:coord>
        <when>2026-01-01T01:14:47.4410410Z</when>
        <gx:coord>13.998258 49.784767 1709.1416</gx:coord>
        <when>2026-01-01T01:14:52.4320410Z</when>
        <gx:coord>14.003875 49.784664 1708.1865</gx:coord>
        <when>2026-01-01T01:14:53.1080410Z</when>
        <gx:coord>14.004998 49.784645 1708.1865</gx:coord>
        <when>2026-01-01T01:14:57.4320410Z</when>
        <gx:coord>14.009503 49.784557 1706.7032</gx:coord>
        <when>2026-01-01T01:15:02.4320410Z</when>
        <gx:coord>14.015148 49.78445 1706.0813</gx:coord>
        <when>2026-01-01T01:15:07.4320410Z</when>
        <gx:coord>14.020761 49.784336 1704.6809</gx:coord>
        <when>2026-01-01T01:15:12.4320410Z</when>
        <gx:coord>14.026372 49.784184 1706.3401</gx:coord>
        <when>2026-01-01T01:15:16.1050410Z</when>
        <gx:coord>14.029677 49.78393 1708.3741</gx:coord>
        <when>2026-01-01T01:15:16.1140410Z</when>
        <gx:coord>14.03077 49.783806 1708.3741</gx:coord>
        <when>2026-01-01T01:15:17.4320410Z</when>
        <gx:coord>14.031847 49.783665 1707.9332</gx:coord>
        <when>2026-01-01T01:15:18.0960410Z</when>
        <gx:coord>14.031847 49.783665 1707.9332</gx:coord>
        <when>2026-01-01T01:15:22.4320410Z</when>
        <gx:coord>14.0371 49.782574 1710.5311</gx:coord>
        <when>2026-01-01T01:15:24.0990410Z</when>
        <gx:coord>14.038111 49.7823 1711.3768</gx:coord>
        <when>2026-01-01T01:15:27.4310410Z</when>
        <gx:coord>14.042037 49.78102 1713.3282</gx:coord>
        <when>2026-01-01T01:15:32.4320410Z</when>
        <gx:coord>14.046736 49.779285 1716.4208</gx:coord>
        <when>2026-01-01T01:15:37.4320410Z</when>
        <gx:coord>14.052559 49.779 1715.4272</gx:coord>
        <when>2026-01-01T01:15:40.1110410Z</when>
        <gx:coord>14.055293 49.777958 1717.3221</gx:coord>
        <when>2026-01-01T01:15:42.4320410Z</when>
        <gx:coord>14.057759 49.778004 1717.8363</gx:coord>
        <when>2026-01-01T01:15:47.4360410Z</when>
        <gx:coord>14.062098 49.77587 1714.7443</gx:coord>
        <when>2026-01-01T01:15:52.4320410Z</when>
        <gx:coord>14.066795 49.774395 1721.8889</gx:coord>
        <when>2026-01-01T01:15:57.4320410Z</when>
        <gx:coord>14.071883 49.77367 1722.3269</gx:coord>
        <when>2026-01-01T01:16:02.4320410Z</when>
        <gx:coord>14.075773 49.772835 1722.0222</gx:coord>
        <when>2026-01-01T01:16:07.0450410Z</when>
        <gx:coord>14.075773 49.772835 1722.0222</gx:coord>
        <when>2026-01-01T01:16:07.0520410Z</when>
        <gx:coord>14.082833 49.77368 1722.0222</gx:coord>
        <when>2026-01-01T01:16:32.0970410Z</when>
        <gx:coord>14.109144 49.77321 1706.5057</gx:coord>
        <when>2026-01-01T01:16:37.3260410Z</when>
        <gx:coord>14.114604 49.773205 1703.5424</gx:coord>
        <when>2026-01-01T01:16:42.3270410Z</when>
        <gx:coord>14.120097 49.773243 1701.5347</gx:coord>
        <when>2026-01-01T01:16:47.3270410Z</when>
        <gx:coord>14.12559 49.77328 1700.7983</gx:coord>
        <when>2026-01-01T01:16:52.3270410Z</when>
        <gx:coord>14.131113 49.77337 1704.0048</gx:coord>
        <when>2026-01-01T01:16:56.1040410Z</when>
        <gx:coord>14.135531 49.77342 1704.9448</gx:coord>
        <when>2026-01-01T01:16:57.3270410Z</when>
        <gx:coord>14.136633 49.7734 1701.8768</gx:coord>
        <when>2026-01-01T01:17:02.3270410Z</when>
        <gx:coord>14.142172 49.773075 1710.1184</gx:coord>
        <when>2026-01-01T01:17:07.3290410Z</when>
        <gx:coord>14.147714 49.772552 1711.8187</gx:coord>
        <when>2026-01-01T01:17:12.3270410Z</when>
        <gx:coord>14.153094 49.771667 1703.6173</gx:coord>
        <when>2026-01-01T01:17:17.3270410Z</when>
        <gx:coord>14.158389 49.770584 1704.262</gx:coord>
        <when>2026-01-01T01:17:20.0970410Z</when>
        <gx:coord>14.161627 49.769928 1698.528</gx:coord>
        <when>2026-01-01T01:17:21.0940410Z</when>
        <gx:coord>14.161627 49.769928 1692.3966</gx:coord>
        <when>2026-01-01T01:17:22.3270410Z</when>
        <gx:coord>14.163707 49.7694 1686.473</gx:coord>
        <when>2026-01-01T01:17:24.0930410Z</when>
        <gx:coord>14.165604 49.768837 1684.3152</gx:coord>
        <when>2026-01-01T01:17:27.3270410Z</when>
        <gx:coord>14.168566 49.768074 1681.1926</gx:coord>
        <when>2026-01-01T01:17:32.3480410Z</when>
        <gx:coord>14.173056 49.766502 1685.7023</gx:coord>
        <when>2026-01-01T01:17:37.3760410Z</when>
        <gx:coord>14.177761 49.765045 1684.0913</gx:coord>
        <when>2026-01-01T01:17:42.3270410Z</when>
        <gx:coord>14.182413 49.76345 1688.3265</gx:coord>
        <when>2026-01-01T01:17:43.0810410Z</when>
        <gx:coord>14.182413 49.76345 1688.3265</gx:coord>
        <when>2026-01-01T01:17:45.0880410Z</when>
        <gx:coord>14.184102 49.762707 1692.2855</gx:coord>
        <when>2026-01-01T01:17:45.0960410Z</when>
        <gx:coord>14.18491 49.762363 1692.2855</gx:coord>
        <when>2026-01-01T01:17:50.0920410Z</when>
        <gx:coord>14.187926 49.760754 1694.4379</gx:coord>
        <when>2026-01-01T01:17:51.7330410Z</when>
        <gx:coord>14.188121 49.75886 1685.968</gx:coord>
        <when>2026-01-01T01:17:56.7340410Z</when>
        <gx:coord>14.190543 49.756058 1695.1586</gx:coord>
        <when>2026-01-01T01:18:06.2190410Z</when>
        <gx:coord>14.195903 49.750717 1699.6364</gx:coord>
        <when>2026-01-01T01:18:11.0910410Z</when>
        <gx:coord>14.198563 49.747997 1697.3842</gx:coord>
        <when>2026-01-01T01:18:11.2200410Z</when>
        <gx:coord>14.198563 49.747997 1697.3319</gx:coord>
        <when>2026-01-01T01:18:16.2200410Z</when>
        <gx:coord>14.201234 49.7453 1701.4495</gx:coord>
        <when>2026-01-01T01:18:21.2200410Z</when>
        <gx:coord>14.203949 49.74261 1700.9257</gx:coord>
        <when>2026-01-01T01:18:26.2200410Z</when>
        <gx:coord>14.206612 49.73996 1703.0857</gx:coord>
        <when>2026-01-01T01:18:31.2200410Z</when>
        <gx:coord>14.20918 49.73731 1703.282</gx:coord>
        <when>2026-01-01T01:18:35.0930410Z</when>
        <gx:coord>14.210428 49.73564 1705.1017</gx:coord>
        <when>2026-01-01T01:18:36.0860410Z</when>
        <gx:coord>14.21073 49.73506 1706.2911</gx:coord>
        <when>2026-01-01T01:18:36.2200410Z</when>
        <gx:coord>14.210965 49.734478 1707.0658</gx:coord>
        <when>2026-01-01T01:18:38.0870410Z</when>
        <gx:coord>14.211095 49.733868 1706.317</gx:coord>
        <when>2026-01-01T01:18:38.0950410Z</when>
        <gx:coord>14.2112 49.733265 1706.317</gx:coord>
        <when>2026-01-01T01:18:41.2190410Z</when>
        <gx:coord>14.211401 49.731483 1706.376</gx:coord>
        <when>2026-01-01T01:18:46.2200410Z</when>
        <gx:coord>14.211532 49.72853 1707.0287</gx:coord>
        <when>2026-01-01T01:18:51.2200410Z</when>
        <gx:coord>14.211754 49.7256 1706.5892</gx:coord>
        <when>2026-01-01T01:18:56.2200410Z</when>
        <gx:coord>14.212033 49.722668 1705.6089</gx:coord>
        <when>2026-01-01T01:19:01.2200410Z</when>
        <gx:coord>14.213131 49.719757 1706.2589</gx:coord>
        <when>2026-01-01T01:19:03.0910410Z</when>
        <gx:coord>14.213482 49.719193 1707.9875</gx:coord>
        <when>2026-01-01T01:19:06.2310410Z</when>
        <gx:coord>14.215175 49.717007 1709.6296</gx:coord>
        <when>2026-01-01T01:19:07.0890410Z</when>
        <gx:coord>14.215635 49.71647 1709.6296</gx:coord>
        <when>2026-01-01T01:19:11.0850410Z</when>
        <gx:coord>14.217112 49.714874 1708.4224</gx:coord>
        <when>2026-01-01T01:19:11.2200410Z</when>
        <gx:coord>14.2176695 49.714363 1707.8959</gx:coord>
        <when>2026-01-01T01:19:16.0880410Z</when>
        <gx:coord>14.220279 49.712467 1709.2441</gx:coord>
        <when>2026-01-01T01:19:16.2200410Z</when>
        <gx:coord>14.221015 49.71204 1711.3992</gx:coord>
        <when>2026-01-01T01:19:19.0910410Z</when>
        <gx:coord>14.2225485 49.71121 1712.3665</gx:coord>
        <when>2026-01-01T01:19:20.0930410Z</when>
        <gx:coord>14.224225 49.71049 1714.9166</gx:coord>
        <when>2026-01-01T01:19:21.2190410Z</when>
        <gx:coord>14.22505 49.71012 1718.5592</gx:coord>
        <when>2026-01-01T01:19:26.0940410Z</when>
        <gx:coord>14.228368 49.708645 1720.1161</gx:coord>
        <when>2026-01-01T01:19:26.2200410Z</when>
        <gx:coord>14.229231 49.708317 1720.3701</gx:coord>
        <when>2026-01-01T01:19:31.2200410Z</when>
        <gx:coord>14.233713 49.70666 1717.4479</gx:coord>
        <when>2026-01-01T01:19:34.0960410Z</when>
        <gx:coord>14.236438 49.705696 1715.1603</gx:coord>
        <when>2026-01-01T01:19:36.2200410Z</when>
        <gx:coord>14.238206 49.70502 1706.954</gx:coord>
        <when>2026-01-01T01:19:41.2200410Z</when>
        <gx:coord>14.242623 49.70333 1707.1415</gx:coord>
        <when>2026-01-01T01:19:46.2200410Z</when>
        <gx:coord>14.246996 49.70167 1706.364</gx:coord>
        <when>2026-01-01T01:19:48.0970410Z</when>
        <gx:coord>14.247855 49.701332 1708.4102</gx:coord>
        <when>2026-01-01T01:19:51.2190410Z</when>
        <gx:coord>14.251309 49.699997 1708.5074</gx:coord>
        <when>2026-01-01T01:19:56.2200410Z</when>
        <gx:coord>14.255595 49.698303 1712.9452</gx:coord>
        <when>2026-01-01T01:20:00.0990410Z</when>
        <gx:coord>14.25906 49.696968 1714.2775</gx:coord>
        <when>2026-01-01T01:20:01.2200410Z</when>
        <gx:coord>14.259927 49.69664 1716.7946</gx:coord>
        <when>2026-01-01T01:20:06.2270410Z</when>
        <gx:coord>14.264292 49.69497 1711.6101</gx:coord>
        <when>2026-01-01T01:20:11.2200410Z</when>
        <gx:coord>14.2684965 49.693115 1709.2686</gx:coord>
        <when>2026-01-01T01:20:16.2200410Z</when>
        <gx:coord>14.272373 49.69107 1712.3962</gx:coord>
        <when>2026-01-01T01:20:26.0930410Z</when>
        <gx:coord>14.279573 49.686516 1708.3945</gx:coord>
        <when>2026-01-01T01:20:26.1240410Z</when>
        <gx:coord>14.279573 49.686516 1709.1136</gx:coord>
        <when>2026-01-01T01:20:31.1250410Z</when>
        <gx:coord>14.283255 49.684288 1709.5736</gx:coord>
        <when>2026-01-01T01:20:36.1240410Z</when>
        <gx:coord>14.286993 49.682102 1707.7219</gx:coord>
        <when>2026-01-01T01:20:41.1250410Z</when>
        <gx:coord>14.290758 49.67993 1708.0514</gx:coord>
        <when>2026-01-01T01:20:46.1250410Z</when>
        <gx:coord>14.294531 49.677784 1707.6025</gx:coord>
        <when>2026-01-01T01:20:51.1250410Z</when>
        <gx:coord>14.298288 49.675644 1708.3497</gx:coord>
        <when>2026-01-01T01:20:52.0920410Z</when>
        <gx:coord>14.299037 49.675213 1708.3497</gx:coord>
        <when>2026-01-01T01:20:56.1240410Z</when>
        <gx:coord>14.302024 49.673485 1708.7803</gx:coord>
        <when>2026-01-01T01:21:01.1250410Z</when>
        <gx:coord>14.305745 49.671307 1707.8439</gx:coord>
        <when>2026-01-01T01:21:06.1250410Z</when>
        <gx:coord>14.309472 49.669147 1710.1035</gx:coord>
        <when>2026-01-01T01:21:11.1240410Z</when>
        <gx:coord>14.3132105 49.66699 1707.3248</gx:coord>
        <when>2026-01-01T01:21:16.1240410Z</when>
        <gx:coord>14.316937 49.664795 1708.6421</gx:coord>
        <when>2026-01-01T01:21:18.0990410Z</when>
        <gx:coord>14.318438 49.663914 1708.0625</gx:coord>
        <when>2026-01-01T01:21:21.1250410Z</when>
        <gx:coord>14.320662 49.662575 1704.6328</gx:coord>
        <when>2026-01-01T01:21:26.1350410Z</when>
        <gx:coord>14.324401 49.66036 1703.408</gx:coord>
        <when>2026-01-01T01:21:30.0900410Z</when>
        <gx:coord>14.326597 49.659027 1704.7845</gx:coord>
        <when>2026-01-01T01:21:31.1250410Z</when>
        <gx:coord>14.328014 49.65812 1703.1952</gx:coord>
        <when>2026-01-01T01:21:36.1250410Z</when>
        <gx:coord>14.331372 49.65579 1707.0292</gx:coord>
        <when>2026-01-01T01:21:41.1250410Z</when>
        <gx:coord>14.334712 49.653458 1706.1316</gx:coord>
        <when>2026-01-01T01:21:44.0970410Z</when>
        <gx:coord>14.336605 49.652 1705.2509</gx:coord>
        <when>2026-01-01T01:21:46.1250410Z</when>
        <gx:coord>14.337866 49.65103 1707.1982</gx:coord>
        <when>2026-01-01T01:21:51.1250410Z</when>
        <gx:coord>14.341042 49.648632 1706.8431</gx:coord>
        <when>2026-01-01T01:21:56.1250410Z</when>
        <gx:coord>14.344216 49.64624 1711.1498</gx:coord>
        <when>2026-01-01T01:22:01.1250410Z</when>
        <gx:coord>14.347413 49.643803 1711.9122</gx:coord>
        <when>2026-01-01T01:22:06.1250410Z</when>
        <gx:coord>14.350686 49.6414 1709.6182</gx:coord>
        <when>2026-01-01T01:22:11.1020410Z</when>
        <gx:coord>14.353955 49.638985 1707.1956</gx:coord>
        <when>2026-01-01T01:22:11.1290410Z</when>
        <gx:coord>14.353955 49.638985 1707.2024</gx:coord>
        <when>2026-01-01T01:22:16.1250410Z</when>
        <gx:coord>14.357189 49.636566 1707.2274</gx:coord>
        <when>2026-01-01T01:22:21.1240410Z</when>
        <gx:coord>14.360403 49.63417 1707.5404</gx:coord>
        <when>2026-01-01T01:22:26.1700410Z</when>
        <gx:coord>14.363618 49.63179 1708.3042</gx:coord>
        <when>2026-01-01T01:22:31.1250410Z</when>
        <gx:coord>14.36686 49.629433 1710.4155</gx:coord>
        <when>2026-01-01T01:22:36.1250410Z</when>
        <gx:coord>14.370115 49.62708 1708.1226</gx:coord>
        <when>2026-01-01T01:22:38.1050410Z</when>
        <gx:coord>14.371423 49.626133 1707.6454</gx:coord>
        <when>2026-01-01T01:22:41.1270410Z</when>
        <gx:coord>14.373379 49.624714 1706.7654</gx:coord>
        <when>2026-01-01T01:22:46.1250410Z</when>
        <gx:coord>14.37664 49.622368 1706.4357</gx:coord>
        <when>2026-01-01T01:22:51.1250410Z</when>
        <gx:coord>14.379892 49.62001 1705.548</gx:coord>
        <when>2026-01-01T01:22:56.1250410Z</when>
        <gx:coord>14.383135 49.617634 1706.325</gx:coord>
        <when>2026-01-01T01:23:01.1250410Z</when>
        <gx:coord>14.386399 49.61528 1707.2711</gx:coord>
        <when>2026-01-01T01:23:05.1050410Z</when>
        <gx:coord>14.389007 49.61341 1708.5504</gx:coord>
        <when>2026-01-01T01:23:06.1270410Z</when>
        <gx:coord>14.389667 49.612938 1710.2684</gx:coord>
        <when>2026-01-01T01:23:11.1250410Z</when>
        <gx:coord>14.39294 49.610584 1711.1738</gx:coord>
        <when>2026-01-01T01:23:16.1250410Z</when>
        <gx:coord>14.396233 49.608227 1710.6312</gx:coord>
        <when>2026-01-01T01:23:21.1250410Z</when>
        <gx:coord>14.399559 49.605873 1710.0024</gx:coord>
        <when>2026-01-01T01:23:26.1360410Z</when>
        <gx:coord>14.4028845 49.603504 1710.3208</gx:coord>
        <when>2026-01-01T01:23:31.1250410Z</when>
        <gx:coord>14.406238 49.601135 1709.5117</gx:coord>
        <when>2026-01-01T01:23:32.0970410Z</when>
        <gx:coord>14.406907 49.60066 1709.5117</gx:coord>
        <when>2026-01-01T01:23:36.1250410Z</when>
        <gx:coord>14.409637 49.598763 1711.128</gx:coord>
        <when>2026-01-01T01:23:41.1250410Z</when>
        <gx:coord>14.413038 49.59637 1711.1813</gx:coord>
        <when>2026-01-01T01:23:46.1250410Z</when>
        <gx:coord>14.416423 49.593983 1712.1177</gx:coord>
        <when>2026-01-01T01:23:51.1250410Z</when>
        <gx:coord>14.419752 49.59156 1712.6345</gx:coord>
        <when>2026-01-01T01:23:56.1240410Z</when>
        <gx:coord>14.423057 49.589108 1712.0461</gx:coord>
        <when>2026-01-01T01:23:58.0950410Z</when>
        <gx:coord>14.42437 49.588116 1711.3059</gx:coord>
        <when>2026-01-01T01:24:01.1250410Z</when>
        <gx:coord>14.426319 49.58662 1710.1431</gx:coord>
        <when>2026-01-01T01:24:06.2930410Z</when>
        <gx:coord>14.429574 49.58415 1709.4558</gx:coord>
        <when>2026-01-01T01:24:11.1250410Z</when>
        <gx:coord>14.432786 49.581684 1710.8805</gx:coord>
        <when>2026-01-01T01:24:16.1250410Z</when>
        <gx:coord>14.436016 49.579243 1708.5684</gx:coord>
        <when>2026-01-01T01:24:21.1250410Z</when>
        <gx:coord>14.4392185 49.576813 1709.063</gx:coord>
        <when>2026-01-01T01:24:24.0920410Z</when>
        <gx:coord>14.441156 49.575363 1709.7222</gx:coord>
        <when>2026-01-01T01:24:26.1770410Z</when>
        <gx:coord>14.4424515 49.574398 1710.1796</gx:coord>
        <when>2026-01-01T01:24:31.1250410Z</when>
        <gx:coord>14.445876 49.572052 1711.5476</gx:coord>
        <when>2026-01-01T01:24:36.1250410Z</when>
        <gx:coord>14.449563 49.5698 1710.2638</gx:coord>
        <when>2026-01-01T01:24:41.1250410Z</when>
        <gx:coord>14.453044 49.567394 1710.141</gx:coord>
        <when>2026-01-01T01:24:46.1660410Z</when>
        <gx:coord>14.45631 49.56487 1709.3098</gx:coord>
        <when>2026-01-01T01:24:50.0940410Z</when>
        <gx:coord>14.458817 49.562798 1709.1587</gx:coord>
        <when>2026-01-01T01:24:51.1250410Z</when>
        <gx:coord>14.459433 49.562275 1709.0459</gx:coord>
        <when>2026-01-01T01:24:56.1250410Z</when>
        <gx:coord>14.462494 49.559635 1707.8575</gx:coord>
        <when>2026-01-01T01:25:01.1250410Z</when>
        <gx:coord>14.465558 49.55699 1707.4027</gx:coord>
        <when>2026-01-01T01:25:06.1370410Z</when>
        <gx:coord>14.468658 49.554367 1707.0607</gx:coord>
        <when>2026-01-01T01:25:16.0950410Z</when>
        <gx:coord>14.474989 49.54923 1706.6979</gx:coord>
        <when>2026-01-01T01:25:35.2530410Z</when>
        <gx:coord>14.488004 49.539978 1709.2238</gx:coord>
        <when>2026-01-01T01:25:37.0470410Z</when>
        <gx:coord>14.488722 49.53951 1709.32</gx:coord>
        <when>2026-01-01T01:25:42.0480410Z</when>
        <gx:coord>14.492344 49.537167 1708.7396</gx:coord>
        <when>2026-01-01T01:25:42.0950410Z</when>
        <gx:coord>14.493076 49.5367 1708.7396</gx:coord>
        <when>2026-01-01T01:25:47.0480410Z</when>
        <gx:coord>14.496035 49.534836 1707.0679</gx:coord>
        <when>2026-01-01T01:25:52.0470410Z</when>
        <gx:coord>14.499779 49.532536 1706.899</gx:coord>
        <when>2026-01-01T01:25:57.0480410Z</when>
        <gx:coord>14.503586 49.53025 1709.0474</gx:coord>
        <when>2026-01-01T01:26:02.0480410Z</when>
        <gx:coord>14.50739 49.527966 1707.2852</gx:coord>
        <when>2026-01-01T01:26:07.1020410Z</when>
        <gx:coord>14.5120325 49.5253 1705.4229</gx:coord>
        <when>2026-01-01T01:26:08.9180410Z</when>
        <gx:coord>14.512799 49.52486 1705.9557</gx:coord>
        <when>2026-01-01T01:26:20.6180410Z</when>
        <gx:coord>14.522007 49.519722 1708.5182</gx:coord>
        <when>2026-01-01T01:26:27.6560410Z</when>
        <gx:coord>14.527436 49.516773 1708.914</gx:coord>
        <when>2026-01-01T01:26:32.1450410Z</when>
        <gx:coord>14.531324 49.51464 1708.3936</gx:coord>
        <when>2026-01-01T01:26:33.0990410Z</when>
        <gx:coord>14.5321 49.514217 1708.3936</gx:coord>
        <when>2026-01-01T01:26:37.1460410Z</when>
        <gx:coord>14.53514 49.51252 1706.691</gx:coord>
        <when>2026-01-01T01:26:42.1460410Z</when>
        <gx:coord>14.538971 49.510345 1706.0037</gx:coord>
        <when>2026-01-01T01:26:47.1460410Z</when>
        <gx:coord>14.542907 49.50824 1706.3315</gx:coord>
        <when>2026-01-01T01:26:52.1450410Z</when>
        <gx:coord>14.546843 49.50617 1709.002</gx:coord>
        <when>2026-01-01T01:26:57.1460410Z</when>
        <gx:coord>14.550772 49.504097 1708.9269</gx:coord>
        <when>2026-01-01T01:26:59.1030410Z</when>
        <gx:coord>14.55233 49.50327 1709.8279</gx:coord>
        <when>2026-01-01T01:27:02.1460410Z</when>
        <gx:coord>14.55466 49.502026 1711.2953</gx:coord>
        <when>2026-01-01T01:27:07.1460410Z</when>
        <gx:coord>14.55855 49.49995 1712.8513</gx:coord>
        <when>2026-01-01T01:27:12.1460410Z</when>
        <gx:coord>14.56246 49.497875 1712.9385</gx:coord>
        <when>2026-01-01T01:27:17.1460410Z</when>
        <gx:coord>14.566372 49.495754 1708.8973</gx:coord>
        <when>2026-01-01T01:27:22.1460410Z</when>
        <gx:coord>14.570313 49.493618 1708.6951</gx:coord>
        <when>2026-01-01T01:27:26.9930410Z</when>
        <gx:coord>14.572675 49.492325 1708.3104</gx:coord>
        <when>2026-01-01T01:27:27.1460410Z</when>
        <gx:coord>14.574243 49.491463 1710.4376</gx:coord>
        <when>2026-01-01T01:27:32.1690410Z</when>
        <gx:coord>14.578184 49.489296 1708.3915</gx:coord>
        <when>2026-01-01T01:27:37.1460410Z</when>
        <gx:coord>14.582126 49.4871 1708.1544</gx:coord>
        <when>2026-01-01T01:27:42.1460410Z</when>
        <gx:coord>14.586101 49.48493 1708.604</gx:coord>
        <when>2026-01-01T01:27:47.1460410Z</when>
        <gx:coord>14.590073 49.482735 1704.0604</gx:coord>
        <when>2026-01-01T01:27:50.1000410Z</when>
        <gx:coord>14.592442 49.48143 1706.5892</gx:coord>
        <when>2026-01-01T01:27:52.1450410Z</when>
        <gx:coord>14.594014 49.48056 1709.1259</gx:coord>
        <when>2026-01-01T01:27:57.1460410Z</when>
        <gx:coord>14.5979595 49.478386 1707.5095</gx:coord>
        <when>2026-01-01T01:28:02.1460410Z</when>
        <gx:coord>14.601846 49.476135 1704.5934</gx:coord>
        <when>2026-01-01T01:28:07.1460410Z</when>
        <gx:coord>14.60581 49.473907 1703.8651</gx:coord>
        <when>2026-01-01T01:28:12.1460410Z</when>
        <gx:coord>14.60975 49.47169 1705.4349</gx:coord>
        <when>2026-01-01T01:28:15.1030410Z</when>
        <gx:coord>14.612109 49.470375 1707.3926</gx:coord>
        <when>2026-01-01T01:28:17.1460410Z</when>
        <gx:coord>14.613679 49.469494 1706.8861</gx:coord>
        <when>2026-01-01T01:28:22.1460410Z</when>
        <gx:coord>14.6176 49.467304 1710.7346</gx:coord>
        <when>2026-01-01T01:28:27.1460410Z</when>
        <gx:coord>14.62157 49.46512 1703.9679</gx:coord>
        <when>2026-01-01T01:28:32.1560410Z</when>
        <gx:coord>14.625502 49.462944 1705.9681</gx:coord>
        <when>2026-01-01T01:28:40.0940410Z</when>
        <gx:coord>14.631785 49.45951 1708.4119</gx:coord>
        <when>2026-01-01T01:28:43.7230410Z</when>
        <gx:coord>14.634164 49.458233 1708.0283</gx:coord>
        <when>2026-01-01T01:28:48.7240410Z</when>
        <gx:coord>14.6381 49.45609 1709.7922</gx:coord>
        <when>2026-01-01T01:28:53.7240410Z</when>
        <gx:coord>14.64208 49.45395 1709.4989</gx:coord>
        <when>2026-01-01T01:28:58.7360410Z</when>
        <gx:coord>14.646098 49.451763 1708.785</gx:coord>
        <when>2026-01-01T01:29:03.7450410Z</when>
        <gx:coord>14.650123 49.44957 1707.2195</gx:coord>
        <when>2026-01-01T01:29:05.0980410Z</when>
        <gx:coord>14.651732 49.44869 1707.4344</gx:coord>
        <when>2026-01-01T01:29:08.7240410Z</when>
        <gx:coord>14.654144 49.447365 1707.1595</gx:coord>
        <when>2026-01-01T01:29:13.7240410Z</when>
        <gx:coord>14.658153 49.445145 1708.7668</gx:coord>
        <when>2026-01-01T01:29:18.7240410Z</when>
        <gx:coord>14.662183 49.442932 1707.6553</gx:coord>
        <when>2026-01-01T01:29:23.7240410Z</when>
        <gx:coord>14.666178 49.44071 1707.2438</gx:coord>
        <when>2026-01-01T01:29:30.0930410Z</when>
        <gx:coord>14.671758 49.437626 1708.6145</gx:coord>
        <when>2026-01-01T01:29:35.1850410Z</when>
        <gx:coord>14.675757 49.435444 1710.3468</gx:coord>
        <when>2026-01-01T01:29:40.1860410Z</when>
        <gx:coord>14.679762 49.43325 1711.4268</gx:coord>
        <when>2026-01-01T01:29:45.1850410Z</when>
        <gx:coord>14.683739 49.43104 1707.6558</gx:coord>
        <when>2026-01-01T01:29:50.1860410Z</when>
        <gx:coord>14.687756 49.428875 1708.6187</gx:coord>
        <when>2026-01-01T01:29:55.0920410Z</when>
        <gx:coord>14.691785 49.426723 1704.6602</gx:coord>
        <when>2026-01-01T01:29:55.1850410Z</when>
        <gx:coord>14.691785 49.426723 1705.3713</gx:coord>
        <when>2026-01-01T01:30:07.4790410Z</when>
        <gx:coord>14.701255 49.421555 1707.0216</gx:coord>
        <when>2026-01-01T01:30:12.4790410Z</when>
        <gx:coord>14.705103 49.41943 1706.6029</gx:coord>
        <when>2026-01-01T01:30:17.4790410Z</when>
        <gx:coord>14.708931 49.417343 1710.0475</gx:coord>
        <when>2026-01-01T01:30:21.0970410Z</when>
        <gx:coord>14.711992 49.415695 1711.9238</gx:coord>
        <when>2026-01-01T01:30:22.4800410Z</when>
        <gx:coord>14.712753 49.415283 1711.4187</gx:coord>
        <when>2026-01-01T01:30:27.4800410Z</when>
        <gx:coord>14.71656 49.413246 1713.5508</gx:coord>
        <when>2026-01-01T01:30:32.4800410Z</when>
        <gx:coord>14.720296 49.41119 1716.5583</gx:coord>
        <when>2026-01-01T01:30:37.4800410Z</when>
        <gx:coord>14.724068 49.409122 1713.552</gx:coord>
        <when>2026-01-01T01:30:42.4800410Z</when>
        <gx:coord>14.72783 49.407017 1712.9897</gx:coord>
        <when>2026-01-01T01:30:47.0960410Z</when>
        <gx:coord>14.731604 49.40491 1714.3348</gx:coord>
        <when>2026-01-01T01:30:55.4640410Z</when>
        <gx:coord>14.737819 49.40156 1713.8156</gx:coord>
        <when>2026-01-01T01:31:00.4640410Z</when>
        <gx:coord>14.741732 49.399406 1711.732</gx:coord>
        <when>2026-01-01T01:31:05.4650410Z</when>
        <gx:coord>14.745673 49.39721 1709.1437</gx:coord>
        <when>2026-01-01T01:31:10.4650410Z</when>
        <gx:coord>14.749588 49.395004 1714.0062</gx:coord>
        <when>2026-01-01T01:31:12.0980410Z</when>
        <gx:coord>14.751165 49.39411 1714.6599</gx:coord>
        <when>2026-01-01T01:31:15.4650410Z</when>
        <gx:coord>14.7535305 49.392773 1711.6062</gx:coord>
        <when>2026-01-01T01:31:20.4650410Z</when>
        <gx:coord>14.757527 49.390556 1711.0366</gx:coord>
        <when>2026-01-01T01:31:25.4650410Z</when>
        <gx:coord>14.761465 49.38837 1714.6384</gx:coord>
        <when>2026-01-01T01:31:30.4650410Z</when>
        <gx:coord>14.765328 49.386208 1715.0308</gx:coord>
        <when>2026-01-01T01:31:35.4650410Z</when>
        <gx:coord>14.769168 49.384068 1715.436</gx:coord>
        <when>2026-01-01T01:31:37.0960410Z</when>
        <gx:coord>14.770692 49.383232 1714.1641</gx:coord>
        <when>2026-01-01T01:31:40.4640410Z</when>
        <gx:coord>14.772975 49.38197 1712.3964</gx:coord>
        <when>2026-01-01T01:31:45.4650410Z</when>
        <gx:coord>14.776771 49.379875 1712.632</gx:coord>
        <when>2026-01-01T01:31:50.4650410Z</when>
        <gx:coord>14.780575 49.37779 1714.2994</gx:coord>
        <when>2026-01-01T01:31:55.4740410Z</when>
        <gx:coord>14.78444 49.37573 1717.0897</gx:coord>
        <when>2026-01-01T01:32:00.4650410Z</when>
        <gx:coord>14.788352 49.37362 1716.8389</gx:coord>
        <when>2026-01-01T01:32:03.0980410Z</when>
        <gx:coord>14.790719 49.372334 1714.6696</gx:coord>
        <when>2026-01-01T01:32:05.4650410Z</when>
        <gx:coord>14.7922735 49.371464 1713.853</gx:coord>
        <when>2026-01-01T01:32:10.4650410Z</when>
        <gx:coord>14.7962 49.36927 1712.7625</gx:coord>
        <when>2026-01-01T01:32:15.4650410Z</when>
        <gx:coord>14.800093 49.367065 1710.4872</gx:coord>
        <when>2026-01-01T01:32:20.4650410Z</when>
        <gx:coord>14.803942 49.364864 1711.7052</gx:coord>
        <when>2026-01-01T01:32:25.4650410Z</when>
        <gx:coord>14.807773 49.362694 1711.7732</gx:coord>
        <when>2026-01-01T01:32:28.0930410Z</when>
        <gx:coord>14.810079 49.36139 1711.0751</gx:coord>
        <when>2026-01-01T01:32:30.4650410Z</when>
        <gx:coord>14.811622 49.36052 1709.6594</gx:coord>
        <when>2026-01-01T01:32:35.4650410Z</when>
        <gx:coord>14.815456 49.35834 1709.1207</gx:coord>
        <when>2026-01-01T01:32:40.4650410Z</when>
        <gx:coord>14.8192215 49.356155 1709.1373</gx:coord>
        <when>2026-01-01T01:32:45.4650410Z</when>
        <gx:coord>14.823022 49.35395 1708.0946</gx:coord>
        <when>2026-01-01T01:32:50.4650410Z</when>
        <gx:coord>14.826856 49.35174 1710.2573</gx:coord>
        <when>2026-01-01T01:32:54.0960410Z</when>
        <gx:coord>14.829931 49.34997 1706.8704</gx:coord>
        <when>2026-01-01T01:32:55.5210410Z</when>
        <gx:coord>14.830711 49.349533 1705.5717</gx:coord>
        <when>2026-01-01T01:33:00.4650410Z</when>
        <gx:coord>14.834586 49.347324 1702.719</gx:coord>
        <when>2026-01-01T01:33:05.4650410Z</when>
        <gx:coord>14.838481 49.34515 1706.0679</gx:coord>
        <when>2026-01-01T01:33:10.4650410Z</when>
        <gx:coord>14.842365 49.343044 1708.7327</gx:coord>
        <when>2026-01-01T01:33:15.4650410Z</when>
        <gx:coord>14.8462105 49.341 1713.1415</gx:coord>
        <when>2026-01-01T01:33:20.1030410Z</when>
        <gx:coord>14.850011 49.338966 1715.2861</gx:coord>
        <when>2026-01-01T01:33:20.4650410Z</when>
        <gx:coord>14.850011 49.338966 1714.5035</gx:coord>
        <when>2026-01-01T01:33:25.4650410Z</when>
        <gx:coord>14.853792 49.336956 1720.5582</gx:coord>
        <when>2026-01-01T01:33:30.4650410Z</when>
        <gx:coord>14.857639 49.33491 1715.7776</gx:coord>
        <when>2026-01-01T01:33:35.4650410Z</when>
        <gx:coord>14.861533 49.332882 1712.8628</gx:coord>
        <when>2026-01-01T01:33:40.4650410Z</when>
        <gx:coord>14.865415 49.33082 1712.6329</gx:coord>
        <when>2026-01-01T01:33:45.4650410Z</when>
        <gx:coord>14.869251 49.32873 1707.4226</gx:coord>
        <when>2026-01-01T01:33:46.0990410Z</when>
        <gx:coord>14.870019 49.328312 1707.4226</gx:coord>
        <when>2026-01-01T01:33:50.4650410Z</when>
        <gx:coord>14.8730545 49.326645 1709.7458</gx:coord>
        <when>2026-01-01T01:33:55.4760410Z</when>
        <gx:coord>14.876859 49.32457 1708.8091</gx:coord>
        <when>2026-01-01T01:34:00.4650410Z</when>
        <gx:coord>14.880649 49.32249 1713.1631</gx:coord>
        <when>2026-01-01T01:34:05.4650410Z</when>
        <gx:coord>14.88448 49.320347 1708.6283</gx:coord>
        <when>2026-01-01T01:34:10.4650410Z</when>
        <gx:coord>14.888257 49.318214 1707.0573</gx:coord>
        <when>2026-01-01T01:34:12.0980410Z</when>
        <gx:coord>14.889732 49.317356 1708.6805</gx:coord>
        <when>2026-01-01T01:34:15.4650410Z</when>
        <gx:coord>14.891967 49.31607 1710.0261</gx:coord>
        <when>2026-01-01T01:34:20.4650410Z</when>
        <gx:coord>14.895717 49.313946 1709.5166</gx:coord>
        <when>2026-01-01T01:34:25.4650410Z</when>
        <gx:coord>14.899443 49.311817 1709.5924</gx:coord>
        <when>2026-01-01T01:34:30.4650410Z</when>
        <gx:coord>14.903197 49.309685 1709.4781</gx:coord>
        <when>2026-01-01T01:34:35.4650410Z</when>
        <gx:coord>14.90697 49.30755 1708.0009</gx:coord>
        <when>2026-01-01T01:34:38.1000410Z</when>
        <gx:coord>14.909247 49.306286 1705.1194</gx:coord>
        <when>2026-01-01T01:34:40.4650410Z</when>
        <gx:coord>14.910745 49.30544 1708.0531</gx:coord>
        <when>2026-01-01T01:34:45.4650410Z</when>
        <gx:coord>14.9144945 49.303432 1713.5258</gx:coord>
        <when>2026-01-01T01:34:50.4650410Z</when>
        <gx:coord>14.918261 49.301422 1709.8687</gx:coord>
        <when>2026-01-01T01:34:55.4780410Z</when>
        <gx:coord>14.922159 49.29947 1710.8597</gx:coord>
        <when>2026-01-01T01:35:00.4650410Z</when>
        <gx:coord>14.926069 49.297546 1717.9673</gx:coord>
        <when>2026-01-01T01:35:05.1040410Z</when>
        <gx:coord>14.929895 49.295525 1711.7256</gx:coord>
        <when>2026-01-01T01:35:16.5590410Z</when>
        <gx:coord>14.938325 49.29087 1703.1451</gx:coord>
        <when>2026-01-01T01:35:31.0960410Z</when>
        <gx:coord>14.949438 49.28434 1706.2782</gx:coord>
        <when>2026-01-01T01:35:39.1070410Z</when>
        <gx:coord>14.955157 49.280964 1718.5161</gx:coord>
        <when>2026-01-01T01:35:52.0940410Z</when>
        <gx:coord>14.962607 49.2752 1719.7733</gx:coord>
        <when>2026-01-01T01:35:55.0910410Z</when>
        <gx:coord>14.964322 49.273632 1718.5967</gx:coord>
        <when>2026-01-01T01:35:58.1070410Z</when>
        <gx:coord>14.96663 49.271503 1715.111</gx:coord>
        <when>2026-01-01T01:36:00.0930410Z</when>
        <gx:coord>14.967791 49.270428 1712.8636</gx:coord>
        <when>2026-01-01T01:36:05.1080410Z</when>
        <gx:coord>14.970678 49.26771 1707.4575</gx:coord>
        <when>2026-01-01T01:36:10.0920410Z</when>
        <gx:coord>14.972997 49.265537 1705.4431</gx:coord>
        <when>2026-01-01T01:36:15.0920410Z</when>
        <gx:coord>14.9764805 49.262306 1707.1221</gx:coord>
        <when>2026-01-01T01:36:20.0930410Z</when>
        <gx:coord>14.979371 49.259636 1708.4529</gx:coord>
        <when>2026-01-01T01:36:24.0990410Z</when>
        <gx:coord>14.981692 49.257526 1709.5197</gx:coord>
        <when>2026-01-01T01:36:25.0920410Z</when>
        <gx:coord>14.981692 49.257526 1709.853</gx:coord>
        <when>2026-01-01T01:36:30.0920410Z</when>
        <gx:coord>14.984582 49.254925 1710.9824</gx:coord>
        <when>2026-01-01T01:36:35.0920410Z</when>
        <gx:coord>14.988057 49.25184 1713.9703</gx:coord>
        <when>2026-01-01T01:36:40.0920410Z</when>
        <gx:coord>14.990422 49.24979 1712.7161</gx:coord>
        <when>2026-01-01T01:36:45.0930410Z</when>
        <gx:coord>14.994016 49.246727 1712.3981</gx:coord>
        <when>2026-01-01T01:36:50.1000410Z</when>
        <gx:coord>14.997055 49.244164 1714.0872</gx:coord>
        <when>2026-01-01T01:36:50.1000410Z</when>
        <gx:coord>14.997055 49.244164 1714.0001</gx:coord>
        <when>2026-01-01T01:36:55.1030410Z</when>
        <gx:coord>15.000115 49.24154 1713.0214</gx:coord>
        <when>2026-01-01T01:37:00.1210410Z</when>
        <gx:coord>15.003152 49.238842 1711.8567</gx:coord>
        <when>2026-01-01T01:37:05.1060410Z</when>
        <gx:coord>15.006161 49.23606 1707.6368</gx:coord>
        <when>2026-01-01T01:37:10.0920410Z</when>
        <gx:coord>15.008608 49.233807 1706.7836</gx:coord>
        <when>2026-01-01T01:37:15.0920410Z</when>
        <gx:coord>15.011671 49.230957 1704.4073</gx:coord>
        <when>2026-01-01T01:37:15.1020410Z</when>
        <gx:coord>15.012286 49.230385 1704.4073</gx:coord>
        <when>2026-01-01T01:37:20.0920410Z</when>
        <gx:coord>15.014725 49.228107 1703.8247</gx:coord>
        <when>2026-01-01T01:37:25.1010410Z</when>
        <gx:coord>15.018352 49.22471 1704.3167</gx:coord>
        <when>2026-01-01T01:37:30.0920410Z</when>
        <gx:coord>15.020737 49.222466 1704.7487</gx:coord>
        <when>2026-01-01T01:37:35.0920410Z</when>
        <gx:coord>15.024268 49.21916 1713.1052</gx:coord>
        <when>2026-01-01T01:37:40.1030410Z</when>
        <gx:coord>15.027225 49.216385 1710.0012</gx:coord>
        <when>2026-01-01T01:37:40.1030410Z</when>
        <gx:coord>15.027225 49.216385 1708.678</gx:coord>
        <when>2026-01-01T01:37:45.0920410Z</when>
        <gx:coord>15.02963 49.214153 1705.3861</gx:coord>
        <when>2026-01-01T01:37:50.1060410Z</when>
        <gx:coord>15.033236 49.210857 1705.3997</gx:coord>
        <when>2026-01-01T01:37:55.1410410Z</when>
        <gx:coord>15.036246 49.20816 1706.0626</gx:coord>
        <when>2026-01-01T01:38:00.0950410Z</when>
        <gx:coord>15.038641 49.206013 1706.7292</gx:coord>
        <when>2026-01-01T01:38:05.0940410Z</when>
        <gx:coord>15.041644 49.20333 1706.9397</gx:coord>
        <when>2026-01-01T01:38:05.1010410Z</when>
        <gx:coord>15.042249 49.202797 1706.9397</gx:coord>
        <when>2026-01-01T01:38:10.1180410Z</when>
        <gx:coord>15.045286 49.200096 1704.6172</gx:coord>
        <when>2026-01-01T01:38:15.1180410Z</when>
        <gx:coord>15.048342 49.197353 1701.8583</gx:coord>
        <when>2026-01-01T01:38:20.1140410Z</when>
        <gx:coord>15.051387 49.194595 1698.7168</gx:coord>
        <when>2026-01-01T01:38:25.0940410Z</when>
        <gx:coord>15.054404 49.191853 1695.2295</gx:coord>
        <when>2026-01-01T01:38:30.0930410Z</when>
        <gx:coord>15.057387 49.189144 1695.8164</gx:coord>
        <when>2026-01-01T01:38:30.1140410Z</when>
        <gx:coord>15.057387 49.189144 1696.601</gx:coord>
        <when>2026-01-01T01:38:35.1050410Z</when>
        <gx:coord>15.059753 49.18701 1699.0469</gx:coord>
        <when>2026-01-01T01:38:40.1060410Z</when>
        <gx:coord>15.063299 49.18387 1701.5541</gx:coord>
        <when>2026-01-01T01:38:56.0940410Z</when>
        <gx:coord>15.0728035 49.175632 1705.3684</gx:coord>
        <when>2026-01-01T01:39:11.0950410Z</when>
        <gx:coord>15.081366 49.168285 1704.2902</gx:coord>
        <when>2026-01-01T01:39:16.0950410Z</when>
        <gx:coord>15.085052 49.164993 1696.7518</gx:coord>
        <when>2026-01-01T01:39:21.1010410Z</when>
        <gx:coord>15.087994 49.162144 1691.0101</gx:coord>
        <when>2026-01-01T01:39:21.1330410Z</when>
        <gx:coord>15.087994 49.162144 1689.5044</gx:coord>
        <when>2026-01-01T01:39:26.0960410Z</when>
        <gx:coord>15.090388 49.15985 1692.6902</gx:coord>
        <when>2026-01-01T01:39:31.1160410Z</when>
        <gx:coord>15.093989 49.156456 1694.2711</gx:coord>
        <when>2026-01-01T01:39:36.0950410Z</when>
        <gx:coord>15.096958 49.153656 1693.1753</gx:coord>
        <when>2026-01-01T01:39:41.1270410Z</when>
        <gx:coord>15.09984 49.150906 1695.4138</gx:coord>
        <when>2026-01-01T01:39:46.0910410Z</when>
        <gx:coord>15.102716 49.14822 1701.0035</gx:coord>
        <when>2026-01-01T01:39:46.1000410Z</when>
        <gx:coord>15.102716 49.14822 1700.2877</gx:coord>
        <when>2026-01-01T01:39:51.1190410Z</when>
        <gx:coord>15.105744 49.145508 1695.641</gx:coord>
        <when>2026-01-01T01:40:05.9480410Z</when>
        <gx:coord>15.114088 49.138134 1700.6687</gx:coord>
        <when>2026-01-01T01:40:10.9490410Z</when>
        <gx:coord>15.117093 49.135517 1700.1985</gx:coord>
        <when>2026-01-01T01:40:12.0910410Z</when>
        <gx:coord>15.1183 49.13448 1700.4196</gx:coord>
        <when>2026-01-01T01:40:15.9490410Z</when>
        <gx:coord>15.12011 49.132927 1698.0303</gx:coord>
        <when>2026-01-01T01:40:20.9480410Z</when>
        <gx:coord>15.12308 49.13037 1702.2778</gx:coord>
        <when>2026-01-01T01:40:38.1050410Z</when>
        <gx:coord>15.133871 49.121166 1705.3318</gx:coord>
        <when>2026-01-01T01:40:39.9000410Z</when>
        <gx:coord>15.134481 49.120636 1701.1365</gx:coord>
        <when>2026-01-01T01:40:44.9020410Z</when>
        <gx:coord>15.137513 49.117947 1695.9026</gx:coord>
        <when>2026-01-01T01:40:49.9010410Z</when>
        <gx:coord>15.140543 49.11524 1697.3556</gx:coord>
        <when>2026-01-01T01:40:54.9010410Z</when>
        <gx:coord>15.143555 49.112545 1696.4851</gx:coord>
        <when>2026-01-01T01:40:59.9010410Z</when>
        <gx:coord>15.146537 49.109867 1701.6317</gx:coord>
        <when>2026-01-01T01:41:03.0950410Z</when>
        <gx:coord>15.148916 49.107716 1703.895</gx:coord>
        <when>2026-01-01T01:41:04.9020410Z</when>
        <gx:coord>15.149523 49.107174 1703.1539</gx:coord>
        <when>2026-01-01T01:41:09.9020410Z</when>
        <gx:coord>15.15251 49.10447 1704.4858</gx:coord>
        <when>2026-01-01T01:41:14.9020410Z</when>
        <gx:coord>15.155493 49.101757 1704.4467</gx:coord>
        <when>2026-01-01T01:41:19.9020410Z</when>
        <gx:coord>15.158502 49.09893 1704.1865</gx:coord>
        <when>2026-01-01T01:41:24.9020410Z</when>
        <gx:coord>15.161492 49.096165 1700.772</gx:coord>
        <when>2026-01-01T01:41:28.0960410Z</when>
        <gx:coord>15.1639 49.09395 1698.3468</gx:coord>
        <when>2026-01-01T01:41:29.9020410Z</when>
        <gx:coord>15.164488 49.093395 1699.3064</gx:coord>
        <when>2026-01-01T01:41:34.9020410Z</when>
        <gx:coord>15.167468 49.090626 1698.6047</gx:coord>
        <when>2026-01-01T01:41:39.9160410Z</when>
        <gx:coord>15.170325 49.08785 1695.9666</gx:coord>
        <when>2026-01-01T01:41:44.9020410Z</when>
        <gx:coord>15.173235 49.08508 1697.2164</gx:coord>
        <when>2026-01-01T01:41:49.9020410Z</when>
        <gx:coord>15.17622 49.082363 1699.64</gx:coord>
        <when>2026-01-01T01:41:53.1040410Z</when>
        <gx:coord>15.178601 49.080124 1697.4667</gx:coord>
        <when>2026-01-01T01:41:54.9020410Z</when>
        <gx:coord>15.1792 49.07958 1698.3774</gx:coord>
        <when>2026-01-01T01:41:59.9020410Z</when>
        <gx:coord>15.182125 49.076874 1694.3696</gx:coord>
        <when>2026-01-01T01:42:04.9020410Z</when>
        <gx:coord>15.1850395 49.07419 1697.0002</gx:coord>
        <when>2026-01-01T01:42:09.9020410Z</when>
        <gx:coord>15.187973 49.07151 1694.9152</gx:coord>
        <when>2026-01-01T01:42:14.9020410Z</when>
        <gx:coord>15.190795 49.068897 1703.5903</gx:coord>
        <when>2026-01-01T01:42:17.9250410Z</when>
        <gx:coord>15.192534 49.06735 1707.2131</gx:coord>
        <when>2026-01-01T01:42:19.1040410Z</when>
        <gx:coord>15.193698 49.06632 1705.4176</gx:coord>
        <when>2026-01-01T01:42:22.9260410Z</when>
        <gx:coord>15.195444 49.064777 1711.2714</gx:coord>
        <when>2026-01-01T01:42:27.9260410Z</when>
        <gx:coord>15.198379 49.062176 1708.887</gx:coord>
        <when>2026-01-01T01:42:32.9260410Z</when>
        <gx:coord>15.2013235 49.05953 1704.6589</gx:coord>
        <when>2026-01-01T01:42:37.9260410Z</when>
        <gx:coord>15.204326 49.05688 1701.7716</gx:coord>
        <when>2026-01-01T01:42:42.9260410Z</when>
        <gx:coord>15.207322 49.054234 1701.0974</gx:coord>
        <when>2026-01-01T01:42:45.0970410Z</when>
        <gx:coord>15.209116 49.05265 1701.8147</gx:coord>
        <when>2026-01-01T01:42:59.0350410Z</when>
        <gx:coord>15.216997 49.045734 1699.2177</gx:coord>
        <when>2026-01-01T01:43:03.3210410Z</when>
        <gx:coord>15.220049 49.043037 1700.5217</gx:coord>
        <when>2026-01-01T01:43:10.0870410Z</when>
        <gx:coord>15.224292 49.039276 1699.5859</gx:coord>
        <when>2026-01-01T01:43:21.5800410Z</when>
        <gx:coord>15.23094 49.0334 1700.8942</gx:coord>
        <when>2026-01-01T01:43:26.5810410Z</when>
        <gx:coord>15.233913 49.030746 1701.169</gx:coord>
        <when>2026-01-01T01:43:31.5810410Z</when>
        <gx:coord>15.236881 49.028103 1702.0968</gx:coord>
        <when>2026-01-01T01:43:36.1000410Z</when>
        <gx:coord>15.239804 49.02545 1701.3452</gx:coord>
        <when>2026-01-01T01:43:36.5810410Z</when>
        <gx:coord>15.239804 49.02545 1700.7719</gx:coord>
        <when>2026-01-01T01:43:41.5810410Z</when>
        <gx:coord>15.242692 49.022793 1698.3228</gx:coord>
        <when>2026-01-01T01:43:57.6520410Z</when>
        <gx:coord>15.251637 49.014385 1702.9445</gx:coord>
        <when>2026-01-01T01:44:02.0990410Z</when>
        <gx:coord>15.254489 49.011738 1698.2058</gx:coord>
        <when>2026-01-01T01:44:02.6530410Z</when>
        <gx:coord>15.254489 49.011738 1697.4463</gx:coord>
        <when>2026-01-01T01:44:07.6530410Z</when>
        <gx:coord>15.257416 49.009132 1696.8373</gx:coord>
        <when>2026-01-01T01:44:12.6530410Z</when>
        <gx:coord>15.260351 49.00656 1700.8937</gx:coord>
        <when>2026-01-01T01:44:17.6530410Z</when>
        <gx:coord>15.26327 49.00402 1707.0396</gx:coord>
        <when>2026-01-01T01:44:22.6530410Z</when>
        <gx:coord>15.266174 49.00148 1707.7306</gx:coord>
        <when>2026-01-01T01:44:27.6530410Z</when>
        <gx:coord>15.269087 48.998898 1711.459</gx:coord>
        <when>2026-01-01T01:44:28.0960410Z</when>
        <gx:coord>15.269666 48.99837 1711.459</gx:coord>
        <when>2026-01-01T01:44:32.6530410Z</when>
        <gx:coord>15.271917 48.996227 1703.9252</gx:coord>
        <when>2026-01-01T01:44:37.6530410Z</when>
        <gx:coord>15.274756 48.993546 1704.7404</gx:coord>
        <when>2026-01-01T01:44:42.6530410Z</when>
        <gx:coord>15.277637 48.990845 1702.9598</gx:coord>
        <when>2026-01-01T01:44:47.6520410Z</when>
        <gx:coord>15.280555 48.98814 1701.978</gx:coord>
        <when>2026-01-01T01:44:52.6530410Z</when>
        <gx:coord>15.283527 48.985455 1702.8922</gx:coord>
        <when>2026-01-01T01:44:54.1020410Z</when>
        <gx:coord>15.284713 48.98438 1703.5278</gx:coord>
        <when>2026-01-01T01:44:57.6970410Z</when>
        <gx:coord>15.286501 48.982765 1704.3916</gx:coord>
        <when>2026-01-01T01:45:02.6530410Z</when>
        <gx:coord>15.289442 48.98006 1705.5735</gx:coord>
        <when>2026-01-01T01:45:07.6530410Z</when>
        <gx:coord>15.292395 48.977345 1701.5612</gx:coord>
        <when>2026-01-01T01:45:12.6540410Z</when>
        <gx:coord>15.295328 48.974613 1699.765</gx:coord>
        <when>2026-01-01T01:45:17.6530410Z</when>
        <gx:coord>15.2982645 48.97192 1701.4266</gx:coord>
        <when>2026-01-01T01:45:20.1070410Z</when>
        <gx:coord>15.300037 48.97033 1701.9281</gx:coord>
        <when>2026-01-01T01:45:22.6540410Z</when>
        <gx:coord>15.30121 48.969276 1704.4071</gx:coord>
        <when>2026-01-01T01:45:27.6530410Z</when>
        <gx:coord>15.304142 48.96665 1706.5084</gx:coord>
        <when>2026-01-01T01:45:32.6530410Z</when>
        <gx:coord>15.307047 48.964024 1708.8434</gx:coord>
        <when>2026-01-01T01:45:37.6530410Z</when>
        <gx:coord>15.309946 48.961388 1708.6351</gx:coord>
        <when>2026-01-01T01:45:42.6540410Z</when>
        <gx:coord>15.31293 48.958725 1701.6436</gx:coord>
        <when>2026-01-01T01:45:46.0960410Z</when>
        <gx:coord>15.315266 48.956566 1698.0991</gx:coord>
        <when>2026-01-01T01:45:47.6540410Z</when>
        <gx:coord>15.315847 48.956028 1698.3124</gx:coord>
        <when>2026-01-01T01:45:52.6540410Z</when>
        <gx:coord>15.318735 48.95337 1701.3595</gx:coord>
        <when>2026-01-01T01:45:57.6530410Z</when>
        <gx:coord>15.3216505 48.950733 1703.6361</gx:coord>
        <when>2026-01-01T01:46:02.6540410Z</when>
        <gx:coord>15.324562 48.94812 1707.1931</gx:coord>
        <when>2026-01-01T01:46:12.0940410Z</when>
        <gx:coord>15.330388 48.942875 1704.3115</gx:coord>
        <when>2026-01-01T01:46:16.7400410Z</when>
        <gx:coord>15.332721 48.94079 1702.1631</gx:coord>
        <when>2026-01-01T01:46:21.7420410Z</when>
        <gx:coord>15.335623 48.93821 1705.3644</gx:coord>
        <when>2026-01-01T01:46:26.7410410Z</when>
        <gx:coord>15.338527 48.93564 1707.4312</gx:coord>
        <when>2026-01-01T01:46:31.7420410Z</when>
        <gx:coord>15.34144 48.93308 1709.7969</gx:coord>
        <when>2026-01-01T01:46:36.7410410Z</when>
        <gx:coord>15.344341 48.930508 1705.5477</gx:coord>
        <when>2026-01-01T01:46:38.0970410Z</when>
        <gx:coord>15.345494 48.929478 1703.7334</gx:coord>
        <when>2026-01-01T01:46:41.7420410Z</when>
        <gx:coord>15.347211 48.92792 1705.839</gx:coord>
        <when>2026-01-01T01:46:46.7420410Z</when>
        <gx:coord>15.350115 48.925312 1700.3855</gx:coord>
        <when>2026-01-01T01:46:51.7420410Z</when>
        <gx:coord>15.352967 48.922672 1700.3129</gx:coord>
        <when>2026-01-01T01:46:56.7420410Z</when>
        <gx:coord>15.35581 48.92007 1702.6442</gx:coord>
        <when>2026-01-01T01:47:01.7420410Z</when>
        <gx:coord>15.358631 48.9175 1704.433</gx:coord>
        <when>2026-01-01T01:47:04.0940410Z</when>
        <gx:coord>15.3603115 48.91596 1704.259</gx:coord>
        <when>2026-01-01T01:47:06.7420410Z</when>
        <gx:coord>15.361388 48.91492 1705.381</gx:coord>
        <when>2026-01-01T01:47:11.7420410Z</when>
        <gx:coord>15.364087 48.912346 1708.8175</gx:coord>
        <when>2026-01-01T01:47:16.7780410Z</when>
        <gx:coord>15.366784 48.909794 1710.1965</gx:coord>
        <when>2026-01-01T01:47:21.7420410Z</when>
        <gx:coord>15.369575 48.907295 1707.3464</gx:coord>
        <when>2026-01-01T01:47:26.7420410Z</when>
        <gx:coord>15.372393 48.904846 1707.2676</gx:coord>
        <when>2026-01-01T01:47:31.0800410Z</when>
        <gx:coord>15.37464 48.90292 1711.1594</gx:coord>
        <when>2026-01-01T01:47:31.0830410Z</when>
        <gx:coord>15.3752 48.902443 1711.1594</gx:coord>
        <when>2026-01-01T01:47:31.7420410Z</when>
        <gx:coord>15.3752 48.902443 1712.7422</gx:coord>
        <when>2026-01-01T01:47:45.4270410Z</when>
        <gx:coord>15.38326 48.895687 1711.2174</gx:coord>
        <when>2026-01-01T01:47:50.4280410Z</when>
        <gx:coord>15.386203 48.89318 1708.6187</gx:coord>
        <when>2026-01-01T01:47:55.4280410Z</when>
        <gx:coord>15.389131 48.89063 1706.2654</gx:coord>
        <when>2026-01-01T01:47:58.0860410Z</when>
        <gx:coord>15.390875 48.889084 1705.6564</gx:coord>
        <when>2026-01-01T01:48:00.4270410Z</when>
        <gx:coord>15.39203 48.888054 1704.4491</gx:coord>
        <when>2026-01-01T01:48:05.4280410Z</when>
        <gx:coord>15.3948765 48.885475 1704.346</gx:coord>
        <when>2026-01-01T01:48:10.4280410Z</when>
        <gx:coord>15.397705 48.882915 1706.2484</gx:coord>
        <when>2026-01-01T01:48:15.4390410Z</when>
        <gx:coord>15.400506 48.880386 1707.9662</gx:coord>
        <when>2026-01-01T01:48:20.4280410Z</when>
        <gx:coord>15.403294 48.87794 1711.3246</gx:coord>
        <when>2026-01-01T01:48:25.1030410Z</when>
        <gx:coord>15.406119 48.87551 1713.1261</gx:coord>
        <when>2026-01-01T01:48:25.4310410Z</when>
        <gx:coord>15.406119 48.87551 1713.343</gx:coord>
        <when>2026-01-01T01:48:30.4280410Z</when>
        <gx:coord>15.408922 48.87308 1714.8538</gx:coord>
        <when>2026-01-01T01:48:35.4280410Z</when>
        <gx:coord>15.411755 48.870632 1712.1808</gx:coord>
        <when>2026-01-01T01:48:40.4280410Z</when>
        <gx:coord>15.414533 48.868122 1708.7258</gx:coord>
        <when>2026-01-01T01:48:45.4340410Z</when>
        <gx:coord>15.417278 48.865574 1709.7052</gx:coord>
        <when>2026-01-01T01:48:50.4280410Z</when>
        <gx:coord>15.420055 48.86301 1709.6676</gx:coord>
        <when>2026-01-01T01:48:52.0980410Z</when>
        <gx:coord>15.421142 48.86196 1708.9487</gx:coord>
        <when>2026-01-01T01:48:55.4270410Z</when>
        <gx:coord>15.422836 48.86041 1705.1239</gx:coord>
        <when>2026-01-01T01:49:00.4280410Z</when>
        <gx:coord>15.42559 48.857822 1703.5125</gx:coord>
        <when>2026-01-01T01:49:05.4280410Z</when>
        <gx:coord>15.428315 48.855274 1704.6367</gx:coord>
        <when>2026-01-01T01:49:10.4280410Z</when>
        <gx:coord>15.431028 48.852776 1709.0892</gx:coord>
        <when>2026-01-01T01:49:15.4360410Z</when>
        <gx:coord>15.433727 48.850304 1711.4156</gx:coord>
        <when>2026-01-01T01:49:19.0790410Z</when>
        <gx:coord>15.435873 48.84831 1711.2476</gx:coord>
        <when>2026-01-01T01:49:20.4280410Z</when>
        <gx:coord>15.436421 48.84781 1711.2117</gx:coord>
        <when>2026-01-01T01:49:25.4280410Z</when>
        <gx:coord>15.439222 48.84528 1710.5061</gx:coord>
        <when>2026-01-01T01:49:30.4290410Z</when>
        <gx:coord>15.442072 48.84272 1709.301</gx:coord>
        <when>2026-01-01T01:49:35.4290410Z</when>
        <gx:coord>15.444938 48.840107 1709.2155</gx:coord>
        <when>2026-01-01T01:49:37.0870410Z</when>
        <gx:coord>15.445511 48.839577 1708.5165</gx:coord>
        <when>2026-01-01T01:49:40.4290410Z</when>
        <gx:coord>15.4478445 48.837418 1701.1483</gx:coord>
        <when>2026-01-01T01:49:42.1060410Z</when>
        <gx:coord>15.448422 48.836872 1700.8201</gx:coord>
        <when>2026-01-01T01:49:45.0960410Z</when>
        <gx:coord>15.450705 48.83466 1696.5786</gx:coord>
        <when>2026-01-01T01:49:45.4410410Z</when>
        <gx:coord>15.450705 48.83466 1694.1044</gx:coord>
        <when>2026-01-01T01:49:50.4290410Z</when>
        <gx:coord>15.4535885 48.831905 1695.8365</gx:coord>
        <when>2026-01-01T01:50:01.3380410Z</when>
        <gx:coord>15.459818 48.825962 1704.6746</gx:coord>
        <when>2026-01-01T01:50:06.3400410Z</when>
        <gx:coord>15.462601 48.823322 1705.3848</gx:coord>
        <when>2026-01-01T01:50:11.0970410Z</when>
        <gx:coord>15.465372 48.820705 1705.8203</gx:coord>
        <when>2026-01-01T01:50:11.3390410Z</when>
        <gx:coord>15.465372 48.820705 1706.344</gx:coord>
        <when>2026-01-01T01:50:16.3390410Z</when>
        <gx:coord>15.468144 48.818096 1706.5067</gx:coord>
        <when>2026-01-01T01:50:21.3390410Z</when>
        <gx:coord>15.470917 48.815475 1705.3444</gx:coord>
        <when>2026-01-01T01:50:26.3390410Z</when>
        <gx:coord>15.47371 48.812847 1703.3981</gx:coord>
        <when>2026-01-01T01:50:38.0850410Z</when>
        <gx:coord>15.480318 48.806675 1713.6532</gx:coord>
        <when>2026-01-01T01:50:44.6000410Z</when>
        <gx:coord>15.483662 48.803627 1716.1282</gx:coord>
        <when>2026-01-01T01:50:49.6010410Z</when>
        <gx:coord>15.486483 48.801056 1711.9674</gx:coord>
        <when>2026-01-01T01:50:54.6020410Z</when>
        <gx:coord>15.48937 48.798473 1708.893</gx:coord>
        <when>2026-01-01T01:50:59.6010410Z</when>
        <gx:coord>15.492319 48.79586 1706.8586</gx:coord>
        <when>2026-01-01T01:51:04.0980410Z</when>
        <gx:coord>15.495284 48.793205 1703.9121</gx:coord>
        <when>2026-01-01T01:51:04.6010410Z</when>
        <gx:coord>15.495284 48.793205 1701.5732</gx:coord>
        <when>2026-01-01T01:51:09.6010410Z</when>
        <gx:coord>15.498186 48.790535 1705.2556</gx:coord>
        <when>2026-01-01T01:51:14.6010410Z</when>
        <gx:coord>15.501141 48.787834 1705.2178</gx:coord>
        <when>2026-01-01T01:51:26.7870410Z</when>
        <gx:coord>15.508234 48.781223 1691.3444</gx:coord>
        <when>2026-01-01T01:51:29.0980410Z</when>
        <gx:coord>15.51002 48.779526 1687.0209</gx:coord>
        <when>2026-01-01T01:51:30.0850410Z</when>
        <gx:coord>15.510615 48.778954 1682.1992</gx:coord>
        <when>2026-01-01T01:51:31.8110410Z</when>
        <gx:coord>15.511207 48.778374 1679.1525</gx:coord>
        <when>2026-01-01T01:51:34.0860410Z</when>
        <gx:coord>15.512359 48.7772 1673.2672</gx:coord>
        <when>2026-01-01T01:51:40.0900410Z</when>
        <gx:coord>15.516444 48.773026 1649.7439</gx:coord>
        <when>2026-01-01T01:51:42.9520410Z</when>
        <gx:coord>15.517632 48.77182 1644.6973</gx:coord>
        <when>2026-01-01T01:51:47.9520410Z</when>
        <gx:coord>15.520644 48.7688 1636.642</gx:coord>
        <when>2026-01-01T01:51:52.9530410Z</when>
        <gx:coord>15.523746 48.765774 1621.0342</gx:coord>
        <when>2026-01-01T01:51:53.0970410Z</when>
        <gx:coord>15.524368 48.765167 1621.0342</gx:coord>
        <when>2026-01-01T01:51:53.0970410Z</when>
        <gx:coord>15.524368 48.765167 1617.9591</gx:coord>
        <when>2026-01-01T01:52:03.2550410Z</when>
        <gx:coord>15.530699 48.75917 1591.4607</gx:coord>
        <when>2026-01-01T01:52:05.0890410Z</when>
        <gx:coord>15.53195 48.757977 1587.1641</gx:coord>
        <when>2026-01-01T01:52:08.2560410Z</when>
        <gx:coord>15.533809 48.75619 1580.4347</gx:coord>
        <when>2026-01-01T01:52:16.0910410Z</when>
        <gx:coord>15.538817 48.751484 1566.9963</gx:coord>
        <when>2026-01-01T01:52:21.0860410Z</when>
        <gx:coord>15.541935 48.748566 1555.0914</gx:coord>
        <when>2026-01-01T01:52:26.4500410Z</when>
        <gx:coord>15.545076 48.745663 1543.5992</gx:coord>
        <when>2026-01-01T01:52:31.4500410Z</when>
        <gx:coord>15.548198 48.742764 1534.8926</gx:coord>
        <when>2026-01-01T01:52:36.0990410Z</when>
        <gx:coord>15.5513115 48.73985 1521.0587</gx:coord>
        <when>2026-01-01T01:52:36.4510410Z</when>
        <gx:coord>15.5513115 48.73985 1521.0587</gx:coord>
        <when>2026-01-01T01:52:40.0980410Z</when>
        <gx:coord>15.553784 48.737537 1512.5419</gx:coord>
        <when>2026-01-01T01:52:41.4510410Z</when>
        <gx:coord>15.554396 48.736958 1505.8606</gx:coord>
        <when>2026-01-01T01:52:46.4510410Z</when>
        <gx:coord>15.557459 48.734104 1499.1677</gx:coord>
        <when>2026-01-01T01:52:50.0900410Z</when>
        <gx:coord>15.559935 48.73182 1490.525</gx:coord>
        <when>2026-01-01T01:52:51.4510410Z</when>
        <gx:coord>15.560549 48.731243 1485.7267</gx:coord>
        <when>2026-01-01T01:52:56.4510410Z</when>
        <gx:coord>15.56366 48.72836 1471.7236</gx:coord>
        <when>2026-01-01T01:53:01.4510410Z</when>
        <gx:coord>15.56666 48.725437 1461.8926</gx:coord>
        <when>2026-01-01T01:53:02.0880410Z</when>
        <gx:coord>15.567259 48.724846 1459.927</gx:coord>
        <when>2026-01-01T01:53:04.0990410Z</when>
        <gx:coord>15.568464 48.72367 1457.4908</gx:coord>
        <when>2026-01-01T01:53:06.4510410Z</when>
        <gx:coord>15.569681 48.72248 1449.167</gx:coord>
        <when>2026-01-01T01:53:11.4510410Z</when>
        <gx:coord>15.572774 48.719566 1433.6534</gx:coord>
        <when>2026-01-01T01:53:13.0830410Z</when>
        <gx:coord>15.574035 48.718384 1425.8486</gx:coord>
        <when>2026-01-01T01:53:16.4510410Z</when>
        <gx:coord>15.575898 48.716656 1414.9359</gx:coord>
        <when>2026-01-01T01:53:21.4510410Z</when>
        <gx:coord>15.578932 48.71391 1405.9332</gx:coord>
        <when>2026-01-01T01:53:25.0910410Z</when>
        <gx:coord>15.581379 48.7117 1395.2662</gx:coord>
        <when>2026-01-01T01:53:26.4510410Z</when>
        <gx:coord>15.581988 48.711136 1392.5684</gx:coord>
        <when>2026-01-01T01:53:28.0940410Z</when>
        <gx:coord>15.583228 48.71004 1390.3959</gx:coord>
        <when>2026-01-01T01:53:31.4510410Z</when>
        <gx:coord>15.585091 48.708385 1385.6849</gx:coord>
        <when>2026-01-01T01:53:36.4530410Z</when>
        <gx:coord>15.588233 48.70563 1373.9517</gx:coord>
        <when>2026-01-01T01:53:40.1010410Z</when>
        <gx:coord>15.590661 48.70343 1363.0529</gx:coord>
        <when>2026-01-01T01:53:41.4510410Z</when>
        <gx:coord>15.591256 48.70287 1359.883</gx:coord>
        <when>2026-01-01T01:53:46.4510410Z</when>
        <gx:coord>15.593894 48.699963 1346.7942</gx:coord>
        <when>2026-01-01T01:53:48.0900410Z</when>
        <gx:coord>15.594328 48.699345 1345.0652</gx:coord>
        <when>2026-01-01T01:53:51.4510410Z</when>
        <gx:coord>15.595719 48.696827 1335.7792</gx:coord>
        <when>2026-01-01T01:53:53.0930410Z</when>
        <gx:coord>15.595952 48.696182 1337.1332</gx:coord>
        <when>2026-01-01T01:53:53.1000410Z</when>
        <gx:coord>15.596148 48.695538 1337.1332</gx:coord>
        <when>2026-01-01T01:53:56.4520410Z</when>
        <gx:coord>15.59651 48.693565 1336.9774</gx:coord>
        <when>2026-01-01T01:53:58.0890410Z</when>
        <gx:coord>15.596651 48.692234 1331.822</gx:coord>
        <when>2026-01-01T01:54:01.4520410Z</when>
        <gx:coord>15.596761 48.690197 1327.3042</gx:coord>
        <when>2026-01-01T01:54:02.0920410Z</when>
        <gx:coord>15.596761 48.690197 1327.3042</gx:coord>
        <when>2026-01-01T01:54:06.4510410Z</when>
        <gx:coord>15.596607 48.686836 1313.3027</gx:coord>
        <when>2026-01-01T01:54:10.0940410Z</when>
        <gx:coord>15.596422 48.684093 1299.0245</gx:coord>
        <when>2026-01-01T01:54:11.4520410Z</when>
        <gx:coord>15.596373 48.683403 1294.8458</gx:coord>
        <when>2026-01-01T01:54:16.4520410Z</when>
        <gx:coord>15.596318 48.68004 1278.8116</gx:coord>
        <when>2026-01-01T01:54:18.1080410Z</when>
        <gx:coord>15.596341 48.67873 1276.2576</gx:coord>
        <when>2026-01-01T01:54:21.4520410Z</when>
        <gx:coord>15.596385 48.67672 1271.6675</gx:coord>
        <when>2026-01-01T01:54:23.0880410Z</when>
        <gx:coord>15.59642 48.6754 1266.9623</gx:coord>
        <when>2026-01-01T01:54:26.4520410Z</when>
        <gx:coord>15.596522 48.67341 1252.785</gx:coord>
        <when>2026-01-01T01:54:28.0890410Z</when>
        <gx:coord>15.596548 48.672756 1250.4894</gx:coord>
        <when>2026-01-01T01:54:31.4520410Z</when>
        <gx:coord>15.596703 48.67012 1239.1602</gx:coord>
        <when>2026-01-01T01:54:32.0930410Z</when>
        <gx:coord>15.596775 48.669464 1235.7207</gx:coord>
        <when>2026-01-01T01:54:36.4520410Z</when>
        <gx:coord>15.597029 48.66683 1227.337</gx:coord>
        <when>2026-01-01T01:54:41.4520410Z</when>
        <gx:coord>15.597298 48.663597 1215.3523</gx:coord>
        <when>2026-01-01T01:54:44.0960410Z</when>
        <gx:coord>15.59748 48.661663 1211.1085</gx:coord>
        <when>2026-01-01T01:54:46.0930410Z</when>
        <gx:coord>15.597604 48.660385 1201.3674</gx:coord>
        <when>2026-01-01T01:54:56.0620410Z</when>
        <gx:coord>15.598203 48.65463 1176.9784</gx:coord>
        <when>2026-01-01T01:54:57.0870410Z</when>
        <gx:coord>15.59832 48.653343 1170.5962</gx:coord>
        <when>2026-01-01T01:55:01.0630410Z</when>
        <gx:coord>15.598466 48.6514 1157.8494</gx:coord>
        <when>2026-01-01T01:55:06.0640410Z</when>
        <gx:coord>15.598708 48.648155 1143.0205</gx:coord>
        <when>2026-01-01T01:55:07.0900410Z</when>
        <gx:coord>15.59884 48.64686 1139.1815</gx:coord>
        <when>2026-01-01T01:55:10.1020410Z</when>
        <gx:coord>15.599056 48.644924 1132.8109</gx:coord>
        <when>2026-01-01T01:55:11.0630410Z</when>
        <gx:coord>15.599056 48.644924 1130.1487</gx:coord>
        <when>2026-01-01T01:55:20.1010410Z</when>
        <gx:coord>15.59979 48.63851 1108.0786</gx:coord>
        <when>2026-01-01T01:55:27.8040410Z</when>
        <gx:coord>15.600277 48.634018 1089.3539</gx:coord>
        <when>2026-01-01T01:55:32.0950410Z</when>
        <gx:coord>15.600616 48.630745 1077.535</gx:coord>
        <when>2026-01-01T01:55:36.1040410Z</when>
        <gx:coord>15.600885 48.628098 1065.6244</gx:coord>
        <when>2026-01-01T01:55:42.0970410Z</when>
        <gx:coord>15.601322 48.624134 1043.3745</gx:coord>
        <when>2026-01-01T01:55:43.8780410Z</when>
        <gx:coord>15.601392 48.623478 1040.5876</gx:coord>
        <when>2026-01-01T01:55:48.8780410Z</when>
        <gx:coord>15.601758 48.620205 1027.7793</gx:coord>
        <when>2026-01-01T01:55:53.8780410Z</when>
        <gx:coord>15.602135 48.61695 1014.20825</gx:coord>
        <when>2026-01-01T01:55:54.0910410Z</when>
        <gx:coord>15.602201 48.616306 1009.99677</gx:coord>
        <when>2026-01-01T01:55:58.8780410Z</when>
        <gx:coord>15.602446 48.613766 1001.4521</gx:coord>
        <when>2026-01-01T01:56:02.1020410Z</when>
        <gx:coord>15.602641 48.61113 994.7217</gx:coord>
        <when>2026-01-01T01:56:03.8880410Z</when>
        <gx:coord>15.602686 48.610474 993.00977</gx:coord>
        <when>2026-01-01T01:56:08.8780410Z</when>
        <gx:coord>15.602953 48.607193 982.0662</gx:coord>
        <when>2026-01-01T01:56:09.0880410Z</when>
        <gx:coord>15.603008 48.60653 977.0543</gx:coord>
        <when>2026-01-01T01:56:13.8780410Z</when>
        <gx:coord>15.60326 48.603867 966.3269</gx:coord>
        <when>2026-01-01T01:56:18.8880410Z</when>
        <gx:coord>15.603607 48.60053 957.3171</gx:coord>
        <when>2026-01-01T01:56:23.0920410Z</when>
        <gx:coord>15.603848 48.597168 945.7518</gx:coord>
        <when>2026-01-01T01:56:23.8780410Z</when>
        <gx:coord>15.603848 48.597168 945.7518</gx:coord>
        <when>2026-01-01T01:56:27.0990410Z</when>
        <gx:coord>15.604085 48.594425 935.1188</gx:coord>
        <when>2026-01-01T01:56:28.8780410Z</when>
        <gx:coord>15.604117 48.593723 929.8501</gx:coord>
        <when>2026-01-01T01:56:32.1010410Z</when>
        <gx:coord>15.604303 48.590935 913.9964</gx:coord>
        <when>2026-01-01T01:56:33.8790410Z</when>
        <gx:coord>15.604345 48.59024 908.01764</gx:coord>
        <when>2026-01-01T01:56:38.8930410Z</when>
        <gx:coord>15.604661 48.58697 889.17004</gx:coord>
        <when>2026-01-01T01:56:40.0920410Z</when>
        <gx:coord>15.604784 48.58566 882.96497</gx:coord>
        <when>2026-01-01T01:56:43.8910410Z</when>
        <gx:coord>15.604982 48.5837 876.8482</gx:coord>
        <when>2026-01-01T01:56:48.8820410Z</when>
        <gx:coord>15.605258 48.580425 871.1928</gx:coord>
        <when>2026-01-01T01:56:52.0960410Z</when>
        <gx:coord>15.605384 48.57777 864.8846</gx:coord>
        <when>2026-01-01T01:56:53.8780410Z</when>
        <gx:coord>15.605402 48.577106 859.9211</gx:coord>
        <when>2026-01-01T01:56:56.0870410Z</when>
        <gx:coord>15.605445 48.575104 848.68585</gx:coord>
        <when>2026-01-01T01:56:58.8790410Z</when>
        <gx:coord>15.605466 48.573772 840.59467</gx:coord>
        <when>2026-01-01T01:57:03.8790410Z</when>
        <gx:coord>15.605586 48.570477 824.8342</gx:coord>
        <when>2026-01-01T01:57:06.0940410Z</when>
        <gx:coord>15.605716 48.568523 815.49115</gx:coord>
        <when>2026-01-01T01:57:08.8780410Z</when>
        <gx:coord>15.605813 48.567234 812.3982</gx:coord>
        <when>2026-01-01T01:57:18.0970410Z</when>
        <gx:coord>15.6064825 48.560886 796.7729</gx:coord>
        <when>2026-01-01T01:57:20.0910410Z</when>
        <gx:coord>15.606668 48.559616 783.36646</gx:coord>
        <when>2026-01-01T01:57:33.0910410Z</when>
        <gx:coord>15.607979 48.55142 750.9929</gx:coord>
        <when>2026-01-01T01:57:35.1410410Z</when>
        <gx:coord>15.608089 48.550793 748.4334</gx:coord>
        <when>2026-01-01T01:57:40.1420410Z</when>
        <gx:coord>15.608659 48.547016 733.386</gx:coord>
        <when>2026-01-01T01:57:45.1020410Z</when>
        <gx:coord>15.60909 48.543823 725.4634</gx:coord>
        <when>2026-01-01T01:57:45.1420410Z</when>
        <gx:coord>15.60909 48.543823 723.488</gx:coord>
        <when>2026-01-01T01:57:47.0940410Z</when>
        <gx:coord>15.609261 48.542534 719.40137</gx:coord>
        <when>2026-01-01T01:57:50.1420410Z</when>
        <gx:coord>15.609489 48.540592 716.8325</gx:coord>
        <when>2026-01-01T01:57:55.1420410Z</when>
        <gx:coord>15.609939 48.537334 709.05383</gx:coord>
        <when>2026-01-01T01:58:00.1420410Z</when>
        <gx:coord>15.610338 48.534122 702.30615</gx:coord>
        <when>2026-01-01T01:58:05.1430410Z</when>
        <gx:coord>15.610663 48.530987 701.6075</gx:coord>
        <when>2026-01-01T01:58:08.0900410Z</when>
        <gx:coord>15.610814 48.52976 702.55383</gx:coord>
        <when>2026-01-01T01:58:10.1430410Z</when>
        <gx:coord>15.611049 48.527943 705.2646</gx:coord>
        <when>2026-01-01T01:58:12.0980410Z</when>
        <gx:coord>15.6112175 48.526756 707.0918</gx:coord>
        <when>2026-01-01T01:58:15.1430410Z</when>
        <gx:coord>15.611474 48.524994 715.53827</gx:coord>
        <when>2026-01-01T01:58:37.8400410Z</when>
        <gx:coord>15.613571 48.5123 704.2706</gx:coord>
        <when>2026-01-01T01:58:39.0850410Z</when>
        <gx:coord>15.613664 48.511738 704.53436</gx:coord>
        <when>2026-01-01T01:58:41.0830410Z</when>
        <gx:coord>15.613952 48.510075 704.3671</gx:coord>
        <when>2026-01-01T01:58:42.8410410Z</when>
        <gx:coord>15.614052 48.509525 705.30383</gx:coord>
        <when>2026-01-01T01:58:47.8410410Z</when>
        <gx:coord>15.614555 48.506832 711.67834</gx:coord>
        <when>2026-01-01T01:58:52.8410410Z</when>
        <gx:coord>15.615061 48.504192 715.5845</gx:coord>
        <when>2026-01-01T01:58:57.8400410Z</when>
        <gx:coord>15.615586 48.501587 717.39014</gx:coord>
        <when>2026-01-01T01:59:01.0930410Z</when>
        <gx:coord>15.61589 48.500034 716.2221</gx:coord>
        <when>2026-01-01T01:59:07.0920410Z</when>
        <gx:coord>15.616475 48.496964 717.5062</gx:coord>
        <when>2026-01-01T01:59:11.0860410Z</when>
        <gx:coord>15.617021 48.49488 725.9875</gx:coord>
        <when>2026-01-01T01:59:13.1000410Z</when>
        <gx:coord>15.617577 48.493286 723.0223</gx:coord>
        <when>2026-01-01T01:59:15.5670410Z</when>
        <gx:coord>15.618001 48.492207 716.0954</gx:coord>
        <when>2026-01-01T01:59:20.5670410Z</when>
        <gx:coord>15.619106 48.489513 708.5649</gx:coord>
        <when>2026-01-01T01:59:25.5680410Z</when>
        <gx:coord>15.620169 48.486847 711.9816</gx:coord>
        <when>2026-01-01T01:59:30.5690410Z</when>
        <gx:coord>15.621239 48.48417 712.08136</gx:coord>
        <when>2026-01-01T01:59:35.5680410Z</when>
        <gx:coord>15.62225 48.481472 714.5594</gx:coord>
        <when>2026-01-01T01:59:37.0910410Z</when>
        <gx:coord>15.622433 48.480923 711.84406</gx:coord>
        <when>2026-01-01T01:59:40.5690410Z</when>
        <gx:coord>15.623164 48.478703 706.28754</gx:coord>
        <when>2026-01-01T01:59:43.0900410Z</when>
        <gx:coord>15.623744 48.477016 703.28723</gx:coord>
        <when>2026-01-01T01:59:52.6220410Z</when>
        <gx:coord>15.625224 48.471878 695.28894</gx:coord>
        <when>2026-01-01T01:59:57.0920410Z</when>
        <gx:coord>15.62575 48.46907 688.91046</gx:coord>
        <when>2026-01-01T01:59:57.6250410Z</when>
        <gx:coord>15.62575 48.46907 688.91046</gx:coord>
        <when>2026-01-01T02:00:02.0960410Z</when>
        <gx:coord>15.626603 48.466953 686.81256</gx:coord>
        <when>2026-01-01T02:00:02.6290410Z</when>
        <gx:coord>15.626955 48.466473 686.2299</gx:coord>
        <when>2026-01-01T02:00:05.2650410Z</when>
        <gx:coord>15.627837 48.46559 686.287</gx:coord>
        <when>2026-01-01T02:00:08.0870410Z</when>
        <gx:coord>15.629571 48.46448 682.3861</gx:coord>
        <when>2026-01-01T02:00:11.0910410Z</when>
        <gx:coord>15.631664 48.463634 675.55804</gx:coord>
        <when>2026-01-01T02:00:16.0940410Z</when>
        <gx:coord>15.636483 48.462555 662.3523</gx:coord>
        <when>2026-01-01T02:00:18.0830410Z</when>
        <gx:coord>15.63815 48.462254 658.07214</gx:coord>
        <when>2026-01-01T02:00:20.0960410Z</when>
        <gx:coord>15.638991 48.462116 657.2089</gx:coord>
        <when>2026-01-01T02:00:31.8170410Z</when>
        <gx:coord>15.649056 48.460403 644.94574</gx:coord>
        <when>2026-01-01T02:00:36.8180410Z</when>
        <gx:coord>15.653285 48.459682 643.2269</gx:coord>
        <when>2026-01-01T02:00:44.0880410Z</when>
        <gx:coord>15.660123 48.458458 624.9765</gx:coord>
        <when>2026-01-01T02:00:45.0920410Z</when>
        <gx:coord>15.6609955 48.458294 624.9765</gx:coord>
        <when>2026-01-01T02:00:49.4900410Z</when>
        <gx:coord>15.664504 48.45761 614.8506</gx:coord>
        <when>2026-01-01T02:00:54.4910410Z</when>
        <gx:coord>15.668756 48.456642 608.5507</gx:coord>
        <when>2026-01-01T02:00:57.0860410Z</when>
        <gx:coord>15.670377 48.456146 610.19165</gx:coord>
        <when>2026-01-01T02:00:59.4910410Z</when>
        <gx:coord>15.672721 48.45534 610.9741</gx:coord>
        <when>2026-01-01T02:01:03.0870410Z</when>
        <gx:coord>15.675716 48.454174 593.13025</gx:coord>
        <when>2026-01-01T02:01:04.0870410Z</when>
        <gx:coord>15.675716 48.454174 593.13025</gx:coord>
        <when>2026-01-01T02:01:04.4910410Z</when>
        <gx:coord>15.676335 48.45389 588.69073</gx:coord>
        <when>2026-01-01T02:01:07.0890410Z</when>
        <gx:coord>15.677346 48.453247 584.0796</gx:coord>
        <when>2026-01-01T02:01:07.0890410Z</when>
        <gx:coord>15.677346 48.453247 584.0796</gx:coord>
        <when>2026-01-01T02:01:09.0840410Z</when>
        <gx:coord>15.678103 48.452534 577.93915</gx:coord>
        <when>2026-01-01T02:01:09.0850410Z</when>
        <gx:coord>15.678103 48.452534 577.93915</gx:coord>
        <when>2026-01-01T02:01:09.0850410Z</when>
        <gx:coord>15.676055 48.450485 549.7016</gx:coord>
        <when>2026-01-01T02:01:09.4910410Z</when>
        <gx:coord>15.676055 48.450485 549.7016</gx:coord>
        <when>2026-01-01T02:01:14.0830410Z</when>
        <gx:coord>15.676153 48.447605 512.40814</gx:coord>
        <when>2026-01-01T02:01:14.4910410Z</when>
        <gx:coord>15.676153 48.447605 512.40814</gx:coord>
        <when>2026-01-01T02:01:16.1080410Z</when>
        <gx:coord>15.676221 48.447033 502.55066</gx:coord>
        <when>2026-01-01T02:01:18.0830410Z</when>
        <gx:coord>15.6760235 48.44547 478.16577</gx:coord>
        <when>2026-01-01T02:01:19.4920410Z</when>
        <gx:coord>15.675961 48.44495 470.62723</gx:coord>
        <when>2026-01-01T02:01:20.0920410Z</when>
        <gx:coord>15.675912 48.444477 470.62723</gx:coord>
        <when>2026-01-01T02:01:22.0840410Z</when>
        <gx:coord>15.675774 48.443935 454.99576</gx:coord>
        <when>2026-01-01T02:01:23.1150410Z</when>
        <gx:coord>15.675636 48.442978 445.31125</gx:coord>
        <when>2026-01-01T02:01:24.4910410Z</when>
        <gx:coord>15.675586 48.442513 439.1356</gx:coord>
        <when>2026-01-01T02:01:29.0660410Z</when>
        <gx:coord>15.675432 48.441105 420.60867</gx:coord>
        <when>2026-01-01T02:01:31.0840410Z</when>
        <gx:coord>15.672495 48.440716 422.87537</gx:coord>
        <when>2026-01-01T02:01:32.0850410Z</when>
        <gx:coord>15.670518 48.440685 461.1221</gx:coord>
        <when>2026-01-01T02:01:32.0880410Z</when>
        <gx:coord>15.6689205 48.4409 508.34528</gx:coord>
        <when>2026-01-01T02:01:35.0850410Z</when>
        <gx:coord>15.667124 48.44031 570.34143</gx:coord>
        <when>2026-01-01T02:01:39.0830410Z</when>
        <gx:coord>15.6638775 48.43981 539.00336</gx:coord>
        <when>2026-01-01T02:01:50.0860410Z</when>
        <gx:coord>15.657365 48.44057 517.9322</gx:coord>
        <when>2026-01-01T02:01:50.0860410Z</when>
        <gx:coord>15.656276 48.441193 505.83856</gx:coord>
        <when>2026-01-01T02:01:54.0900410Z</when>
        <gx:coord>15.653904 48.44178 467.49838</gx:coord>
        <when>2026-01-01T02:01:57.0840410Z</when>
        <gx:coord>15.652026 48.44221 434.3569</gx:coord>
        <when>2026-01-01T02:01:59.0940410Z</when>
        <gx:coord>15.650961 48.442474 425.05817</gx:coord>
        <when>2026-01-01T02:02:01.0820410Z</when>
        <gx:coord>15.649901 48.44279 395.3279</gx:coord>
        <when>2026-01-01T02:02:07.0860410Z</when>
        <gx:coord>15.646738 48.443645 360.74774</gx:coord>
        <when>2026-01-01T02:02:15.8220410Z</when>
        <gx:coord>15.642559 48.44457 334.19498</gx:coord>
        <when>2026-01-01T02:02:17.0880410Z</when>
        <gx:coord>15.641526 48.444775 328.75412</gx:coord>
        <when>2026-01-01T02:02:20.0880410Z</when>
        <gx:coord>15.640524 48.444992 322.90543</gx:coord>
        <when>2026-01-01T02:02:20.8240410Z</when>
        <gx:coord>15.640058 48.44509 318.87674</gx:coord>
        <when>2026-01-01T02:02:25.8240410Z</when>
        <gx:coord>15.637688 48.44559 318.69547</gx:coord>
        <when>2026-01-01T02:02:29.0890410Z</when>
        <gx:coord>15.636405 48.44587 313.7157</gx:coord>
        <when>2026-01-01T02:02:30.8240410Z</when>
        <gx:coord>15.635636 48.44604 311.92523</gx:coord>
        <when>2026-01-01T02:02:34.0910410Z</when>
        <gx:coord>15.634574 48.44627 316.6769</gx:coord>
        <when>2026-01-01T02:02:35.8240410Z</when>
        <gx:coord>15.633907 48.446407 319.00525</gx:coord>
        <when>2026-01-01T02:02:39.0850410Z</when>
        <gx:coord>15.633008 48.44659 321.04468</gx:coord>
        <when>2026-01-01T02:02:40.8240410Z</when>
        <gx:coord>15.632502 48.446697 320.5856</gx:coord>
        <when>2026-01-01T02:02:44.0860410Z</when>
        <gx:coord>15.631833 48.446835 320.43784</gx:coord>
        <when>2026-01-01T02:02:45.8240410Z</when>
        <gx:coord>15.631484 48.44691 318.62268</gx:coord>
        <when>2026-01-01T02:02:50.8240410Z</when>
        <gx:coord>15.630748 48.44706 317.17548</gx:coord>
        <when>2026-01-01T02:02:54.0890410Z</when>
        <gx:coord>15.6303425 48.44716 316.69806</gx:coord>
        <when>2026-01-01T02:02:55.8240410Z</when>
        <gx:coord>15.630103 48.44721 316.3777</gx:coord>
        <when>2026-01-01T02:03:00.8240410Z</when>
        <gx:coord>15.62961 48.447315 316.79733</gx:coord>
        <when>2026-01-01T02:03:04.0850410Z</when>
        <gx:coord>15.629394 48.44735 316.81516</gx:coord>
        <when>2026-01-01T02:03:04.0850410Z</when>
        <gx:coord>15.629394 48.44735 316.81516</gx:coord>
        <when>2026-01-01T02:03:05.8240410Z</when>
        <gx:coord>15.6292715 48.44733 316.98895</gx:coord>
        <when>2026-01-01T02:03:06.0890410Z</when>
        <gx:coord>15.6292715 48.44733 316.98895</gx:coord>
        <when>2026-01-01T02:03:07.0880410Z</when>
        <gx:coord>15.629219 48.44731 316.99313</gx:coord>
        <when>2026-01-01T02:03:08.0750410Z</when>
        <gx:coord>15.629176 48.447292 316.8296</gx:coord>
        <when>2026-01-01T02:03:09.0830410Z</when>
        <gx:coord>15.629147 48.44727 316.86453</gx:coord>
        <when>2026-01-01T02:03:10.0780410Z</when>
        <gx:coord>15.629131 48.447247 316.50912</gx:coord>
        <when>2026-01-01T02:03:14.0880410Z</when>
        <gx:coord>15.629077 48.44712 316.55133</gx:coord>
        <when>2026-01-01T02:03:17.0880410Z</when>
        <gx:coord>15.629013 48.446995 316.46747</gx:coord>
        <when>2026-01-01T02:03:21.0910410Z</when>
        <gx:coord>15.628964 48.446808 317.0896</gx:coord>
        <when>2026-01-01T02:03:22.0790410Z</when>
        <gx:coord>15.628989 48.446762 317.0118</gx:coord>
        <when>2026-01-01T02:03:23.6960410Z</when>
        <gx:coord>15.62907 48.446682 317.147</gx:coord>
        <when>2026-01-01T02:03:25.0850410Z</when>
        <gx:coord>15.629109 48.446644 317.0392</gx:coord>
        <when>2026-01-01T02:03:27.0850410Z</when>
        <gx:coord>15.629208 48.446583 317.17328</gx:coord>
        <when>2026-01-01T02:03:28.6960410Z</when>
        <gx:coord>15.629325 48.446545 317.04593</gx:coord>
        <when>2026-01-01T02:03:30.0870410Z</when>
        <gx:coord>15.62939 48.44652 318.13907</gx:coord>
        <when>2026-01-01T02:03:44.6650410Z</when>
        <gx:coord>15.630408 48.44639 315.76746</gx:coord>
        <when>2026-01-01T02:03:49.6660410Z</when>
        <gx:coord>15.630712 48.44637 313.52524</gx:coord>
        <when>2026-01-01T02:03:54.6660410Z</when>
        <gx:coord>15.63093 48.446346 313.76096</gx:coord>
        <when>2026-01-01T02:03:56.2970410Z</when>
        <gx:coord>15.630982 48.446335 313.84396</gx:coord>
        <when>2026-01-01T02:04:01.0890410Z</when>
        <gx:coord>15.631078 48.446323 314.1573</gx:coord>
        <when>2026-01-01T02:04:01.2980410Z</when>
        <gx:coord>15.631071 48.446323 314.7905</gx:coord>
        <when>2026-01-01T02:04:02.4420410Z</when>
        <gx:coord>15.631071 48.44632 314.58182</gx:coord>
        <when>2026-01-01T02:04:02.9820410Z</when>
        <gx:coord>15.631071 48.44632 314.58182</gx:coord>
        <when>2026-01-01T02:04:06.2990410Z</when>
        <gx:coord>15.631075 48.446312 314.50803</gx:coord>
        <when>2026-01-01T02:04:11.0720410Z</when>
        <gx:coord>15.631075 48.446312 314.48425</gx:coord>
        <coordinates />
      </gx:Track>
    </Placemark>
    <Placemark>
      <name>Takeoff: 2026-01-01</name>
      <styleUrl>#downArrowIcon</styleUrl>
      <Point>
        <altitudeMode>relativeToGround</altitudeMode>
        <coordinates>12.059123,51.550888,20</coordinates>
      </Point>
    </Placemark>
    <Placemark>
      <name>Landing: 2026-01-01</name>
      <styleUrl>#downArrowIcon</styleUrl>
      <Point>
        <altitudeMode>relativeToGround</altitudeMode>
        <coordinates>15.629077,48.44712,20</coordinates>
      </Point>
    </Placemark>
    <Placemark>
      <name>Log Stop: 2026-01-01</name>
      <styleUrl>#downArrowIcon</styleUrl>
      <Point>
        <altitudeMode>relativeToGround</altitudeMode>
        <coordinates>15.631075,48.446312,20</coordinates>
      </Point>
    </Placemark>
  </Document>
</kml>