<?xml version="1.0" encoding="utf-8"?>
<kml xmlns:gx="http://www.google.com/kml/ext/2.2" creator="kml-heatmap" xmlns="http://www.opengis.net/kml/2.2">
  <Document>
    <name>SkyDemon Track Log</name>
    <Style id="skydemonLogStyle">
      <LineStyle>
        <color>7f00ffff</color>
        <width>4</width>
      </LineStyle>
      <PolyStyle>
        <color>7fffa400</color>
      </PolyStyle>
    </Style>
    <Style id="downArrowIcon">
      <IconStyle>
        <href>http://maps.google.com/mapfiles/kml/pal4/icon28.png</href>
      </IconStyle>
    </Style>
    <Placemark>
      <name>Log Start: 2026-01-01</name>
      <styleUrl>#downArrowIcon</styleUrl>
      <Point>
        <altitudeMode>relativeToGround</altitudeMode>
        <coordinates>15.631082,48.446354,20</coordinates>
      </Point>
    </Placemark>
    <Placemark>
      <name>LOAG Krems-Langenlois - LJPZ PortorozSecovlje</name>
      <styleUrl>#skydemonLogStyle</styleUrl>
      <gx:Track>
        <extrude>1</extrude>
        <altitudeMode>absolute</altitudeMode>
        <when>2026-01-01T00:00:00.5139620Z</when>
        <gx:coord>15.631082 48.446354 319.5934</gx:coord>
        <when>2026-01-01T00:00:02.8569620Z</when>
        <gx:coord>15.63108 48.446354 319.25565</gx:coord>
        <when>2026-01-01T00:00:03.2569620Z</when>
        <gx:coord>15.631076 48.44635 319.24265</gx:coord>
        <when>2026-01-01T00:00:03.3169620Z</when>
        <gx:coord>15.631076 48.44635 319.24265</gx:coord>
        <when>2026-01-01T00:00:03.3979620Z</when>
        <gx:coord>15.631076 48.44635 319.24265</gx:coord>
        <when>2026-01-01T00:00:03.4779620Z</when>
        <gx:coord>15.631076 48.44635 319.24265</gx:coord>
        <when>2026-01-01T00:00:03.8779620Z</when>
        <gx:coord>15.631076 48.44635 319.24265</gx:coord>
        <when>2026-01-01T00:00:04.0379620Z</when>
        <gx:coord>15.631076 48.44635 319.24265</gx:coord>
        <when>2026-01-01T00:00:04.2179620Z</when>
        <gx:coord>15.631076 48.446346 319.32666</gx:coord>
        <when>2026-01-01T00:00:04.2979620Z</when>
        <gx:coord>15.631076 48.446346 319.32666</gx:coord>
        <when>2026-01-01T00:00:04.3379620Z</when>
        <gx:coord>15.631076 48.446346 319.32666</gx:coord>
        <when>2026-01-01T00:00:04.3779620Z</when>
        <gx:coord>15.631076 48.446346 319.32666</gx:coord>
        <when>2026-01-01T00:00:04.4219620Z</when>
        <gx:coord>15.631076 48.446346 319.32666</gx:coord>
        <when>2026-01-01T00:00:04.4379620Z</when>
        <gx:coord>15.631076 48.446346 319.32666</gx:coord>
        <when>2026-01-01T00:00:04.4579620Z</when>
        <gx:coord>15.631076 48.446346 319.32666</gx:coord>
        <when>2026-01-01T00:00:04.4979620Z</when>
        <gx:coord>15.631076 48.446346 319.32666</gx:coord>
        <when>2026-01-01T00:00:04.5379620Z</when>
        <gx:coord>15.631076 48.446346 319.32666</gx:coord>
        <when>2026-01-01T00:00:04.5779620Z</when>
        <gx:coord>15.631076 48.446346 319.32666</gx:coord>
        <when>2026-01-01T00:00:05.3019620Z</when>
        <gx:coord>15.631072 48.446346 319.81567</gx:coord>
        <when>2026-01-01T00:00:05.3779620Z</when>
        <gx:coord>15.631072 48.446346 319.81567</gx:coord>
        <when>2026-01-01T00:00:05.4979620Z</when>
        <gx:coord>15.631072 48.446346 319.81567</gx:coord>
        <when>2026-01-01T00:00:05.5149620Z</when>
        <gx:coord>15.631072 48.446346 319.81567</gx:coord>
        <when>2026-01-01T00:00:05.5389620Z</when>
        <gx:coord>15.631072 48.446346 319.81567</gx:coord>
        <when>2026-01-01T00:00:05.5989620Z</when>
        <gx:coord>15.631072 48.446346 319.81567</gx:coord>
        <when>2026-01-01T00:00:05.6389620Z</when>
        <gx:coord>15.631072 48.446346 319.81567</gx:coord>
        <when>2026-01-01T00:00:05.6789620Z</when>
        <gx:coord>15.631072 48.446346 319.81567</gx:coord>
        <when>2026-01-01T00:00:05.7189620Z</when>
        <gx:coord>15.631072 48.446346 319.81567</gx:coord>
        <when>2026-01-01T00:00:05.7789620Z</when>
        <gx:coord>15.631072 48.446346 319.81567</gx:coord>
        <when>2026-01-01T00:00:05.8589620Z</when>
        <gx:coord>15.631072 48.446346 319.81567</gx:coord>
        <when>2026-01-01T00:00:05.9789620Z</when>
        <gx:coord>15.631072 48.446346 319.81567</gx:coord>
        <when>2026-01-01T00:00:06.1989620Z</when>
        <gx:coord>15.631075 48.44635 319.9346</gx:coord>
        <when>2026-01-01T00:00:06.8629620Z</when>
        <gx:coord>15.631075 48.44635 319.9346</gx:coord>
        <when>2026-01-01T00:00:06.9599620Z</when>
        <gx:coord>15.631075 48.44635 319.9346</gx:coord>
        <when>2026-01-01T00:00:20.8809620Z</when>
        <gx:coord>15.631071 48.44635 319.18268</gx:coord>
        <when>2026-01-01T00:00:26.1289620Z</when>
        <gx:coord>15.631071 48.44635 319.0204</gx:coord>
        <when>2026-01-01T00:00:26.2699620Z</when>
        <gx:coord>15.631071 48.44635 319.0204</gx:coord>
        <when>2026-01-01T00:00:26.3899620Z</when>
        <gx:coord>15.631071 48.44635 319.0204</gx:coord>
        <when>2026-01-01T00:00:26.4899620Z</when>
        <gx:coord>15.631071 48.44635 319.0204</gx:coord>
        <when>2026-01-01T00:00:26.9899620Z</when>
        <gx:coord>15.631071 48.44635 319.0204</gx:coord>
        <when>2026-01-01T00:00:27.2099620Z</when>
        <gx:coord>15.63107 48.44635 319.137</gx:coord>
        <when>2026-01-01T00:00:28.6119620Z</when>
        <gx:coord>15.63107 48.44635 319.4592</gx:coord>
        <when>2026-01-01T00:00:29.4519620Z</when>
        <gx:coord>15.631069 48.446354 319.5116</gx:coord>
        <when>2026-01-01T00:00:59.9879620Z</when>
        <gx:coord>15.631071 48.446354 319.42026</gx:coord>
        <when>2026-01-01T00:01:00.1879620Z</when>
        <gx:coord>15.631071 48.446354 319.42026</gx:coord>
        <when>2026-01-01T00:01:12.3589620Z</when>
        <gx:coord>15.63107 48.44635 318.9428</gx:coord>
        <when>2026-01-01T00:01:13.3749620Z</when>
        <gx:coord>15.63107 48.44635 318.9428</gx:coord>
        <when>2026-01-01T00:01:17.3599620Z</when>
        <gx:coord>15.63107 48.446346 318.90884</gx:coord>
        <when>2026-01-01T00:01:22.3599620Z</when>
        <gx:coord>15.63107 48.446346 318.90884</gx:coord>
        <when>2026-01-01T00:01:27.3599620Z</when>
        <gx:coord>15.631063 48.446354 318.26147</gx:coord>
        <when>2026-01-01T00:01:32.3589620Z</when>
        <gx:coord>15.631065 48.446354 318.32086</gx:coord>
        <when>2026-01-01T00:01:37.3599620Z</when>
        <gx:coord>15.631067 48.44635 318.31247</gx:coord>
        <when>2026-01-01T00:01:42.3589620Z</when>
        <gx:coord>15.631067 48.44635 318.49393</gx:coord>
        <when>2026-01-01T00:01:47.3599620Z</when>
        <gx:coord>15.631066 48.44635 318.54575</gx:coord>
        <when>2026-01-01T00:01:48.5169620Z</when>
        <gx:coord>15.631066 48.44635 318.54764</gx:coord>
        <when>2026-01-01T00:01:52.3599620Z</when>
        <gx:coord>15.631062 48.446346 319.1331</gx:coord>
        <when>2026-01-01T00:01:57.3599620Z</when>
        <gx:coord>15.631062 48.44635 318.61465</gx:coord>
        <when>2026-01-01T00:02:02.3599620Z</when>
        <gx:coord>15.631056 48.446346 319.35687</gx:coord>
        <when>2026-01-01T00:02:07.3599620Z</when>
        <gx:coord>15.631056 48.446346 319.21402</gx:coord>
        <when>2026-01-01T00:02:08.7099620Z</when>
        <gx:coord>15.631056 48.446346 319.21402</gx:coord>
        <when>2026-01-01T00:02:09.0289620Z</when>
        <gx:coord>15.631056 48.446346 319.21402</gx:coord>
        <when>2026-01-01T00:02:09.9699620Z</when>
        <gx:coord>15.631056 48.446346 319.21402</gx:coord>
        <when>2026-01-01T00:02:22.5379620Z</when>
        <gx:coord>15.631073 48.446358 319.0163</gx:coord>
        <when>2026-01-01T00:02:27.1139620Z</when>
        <gx:coord>15.631069 48.446354 318.50418</gx:coord>
        <when>2026-01-01T00:02:29.0039620Z</when>
        <gx:coord>15.631069 48.446354 318.50418</gx:coord>
        <when>2026-01-01T00:02:32.1159620Z</when>
        <gx:coord>15.631069 48.446354 318.50418</gx:coord>
        <when>2026-01-01T00:02:33.6899620Z</when>
        <gx:coord>15.631073 48.446354 317.88812</gx:coord>
        <when>2026-01-01T00:02:35.0709620Z</when>
        <gx:coord>15.631073 48.446354 317.8656</gx:coord>
        <when>2026-01-01T00:02:35.2309620Z</when>
        <gx:coord>15.631074 48.446354 317.86356</gx:coord>
        <when>2026-01-01T00:02:37.1149620Z</when>
        <gx:coord>15.631071 48.446358 318.917</gx:coord>
        <when>2026-01-01T00:02:42.1149620Z</when>
        <gx:coord>15.631078 48.44635 318.63782</gx:coord>
        <when>2026-01-01T00:02:47.1149620Z</when>
        <gx:coord>15.631134 48.446384 318.9949</gx:coord>
        <when>2026-01-01T00:02:52.1149620Z</when>
        <gx:coord>15.631131 48.446377 319.69174</gx:coord>
        <when>2026-01-01T00:02:57.1149620Z</when>
        <gx:coord>15.63112 48.446358 320.04797</gx:coord>
        <when>2026-01-01T00:02:58.6679620Z</when>
        <gx:coord>15.631125 48.44635 319.80414</gx:coord>
        <when>2026-01-01T00:03:00.1289620Z</when>
        <gx:coord>15.631132 48.446335 320.04327</gx:coord>
        <when>2026-01-01T00:03:01.4299620Z</when>
        <gx:coord>15.63113 48.446323 320.15152</gx:coord>
        <when>2026-01-01T00:03:02.1319620Z</when>
        <gx:coord>15.63113 48.44631 320.22314</gx:coord>
        <when>2026-01-01T00:03:02.6909620Z</when>
        <gx:coord>15.63113 48.44631 320.22314</gx:coord>
        <when>2026-01-01T00:03:03.7919620Z</when>
        <gx:coord>15.631139 48.44629 320.17807</gx:coord>
        <when>2026-01-01T00:03:05.6919620Z</when>
        <gx:coord>15.631174 48.44625 320.8531</gx:coord>
        <when>2026-01-01T00:03:06.0909620Z</when>
        <gx:coord>15.631174 48.44625 320.8531</gx:coord>
        <when>2026-01-01T00:03:07.1149620Z</when>
        <gx:coord>15.631238 48.446213 320.6251</gx:coord>
        <when>2026-01-01T00:03:12.1149620Z</when>
        <gx:coord>15.63145 48.446163 320.69205</gx:coord>
        <when>2026-01-01T00:03:17.0869620Z</when>
        <gx:coord>15.631714 48.44614 321.87082</gx:coord>
        <when>2026-01-01T00:03:17.1219620Z</when>
        <gx:coord>15.631799 48.446133 321.49628</gx:coord>
        <when>2026-01-01T00:03:18.1059620Z</when>
        <gx:coord>15.631799 48.446133 321.49628</gx:coord>
        <when>2026-01-01T00:03:22.1139620Z</when>
        <gx:coord>15.632237 48.44607 320.24048</gx:coord>
        <when>2026-01-01T00:03:27.1149620Z</when>
        <gx:coord>15.632596 48.44604 320.03848</gx:coord>
        <when>2026-01-01T00:03:32.1149620Z</when>
        <gx:coord>15.632913 48.445995 319.4262</gx:coord>
        <when>2026-01-01T00:03:37.1229620Z</when>
        <gx:coord>15.633215 48.445942 318.64532</gx:coord>
        <when>2026-01-01T00:03:42.1219620Z</when>
        <gx:coord>15.633468 48.445892 318.81903</gx:coord>
        <when>2026-01-01T00:03:47.1149620Z</when>
        <gx:coord>15.633699 48.445843 318.54645</gx:coord>
        <when>2026-01-01T00:03:52.1149620Z</when>
        <gx:coord>15.633901 48.4458 318.54407</gx:coord>
        <when>2026-01-01T00:03:55.1179620Z</when>
        <gx:coord>15.633955 48.445805 318.1041</gx:coord>
        <when>2026-01-01T00:03:57.1149620Z</when>
        <gx:coord>15.633961 48.445812 318.408</gx:coord>
        <when>2026-01-01T00:04:02.1149620Z</when>
        <gx:coord>15.633956 48.445812 317.78397</gx:coord>
        <when>2026-01-01T00:04:07.1159620Z</when>
        <gx:coord>15.633949 48.445812 317.4084</gx:coord>
        <when>2026-01-01T00:04:12.1159620Z</when>
        <gx:coord>15.633949 48.445812 317.49338</gx:coord>
        <when>2026-01-01T00:04:17.1159620Z</when>
        <gx:coord>15.633947 48.445812 317.63843</gx:coord>
        <when>2026-01-01T00:04:48.6109620Z</when>
        <gx:coord>15.633953 48.445812 318.1922</gx:coord>
        <when>2026-01-01T00:04:53.6119620Z</when>
        <gx:coord>15.63395 48.445816 318.4799</gx:coord>
        <when>2026-01-01T00:04:58.6119620Z</when>
        <gx:coord>15.633957 48.445816 318.32062</gx:coord>
        <when>2026-01-01T00:05:03.6119620Z</when>
        <gx:coord>15.633953 48.445816 318.25635</gx:coord>
        <when>2026-01-01T00:05:08.6119620Z</when>
        <gx:coord>15.633946 48.44582 317.70337</gx:coord>
        <when>2026-01-01T00:05:13.6119620Z</when>
        <gx:coord>15.633942 48.44582 317.57977</gx:coord>
        <when>2026-01-01T00:05:18.6119620Z</when>
        <gx:coord>15.633938 48.44582 317.3636</gx:coord>
        <when>2026-01-01T00:05:23.6119620Z</when>
        <gx:coord>15.633947 48.445812 317.63852</gx:coord>
        <when>2026-01-01T00:05:28.6169620Z</when>
        <gx:coord>15.633937 48.445816 317.60236</gx:coord>
        <when>2026-01-01T00:05:33.6119620Z</when>
        <gx:coord>15.633938 48.445812 318.0209</gx:coord>
        <when>2026-01-01T00:05:38.6119620Z</when>
        <gx:coord>15.633934 48.445816 317.3935</gx:coord>
        <when>2026-01-01T00:05:43.6119620Z</when>
        <gx:coord>15.633933 48.445812 317.14703</gx:coord>
        <when>2026-01-01T00:05:47.7119620Z</when>
        <gx:coord>15.633934 48.445812 317.1141</gx:coord>
        <when>2026-01-01T00:05:48.6129620Z</when>
        <gx:coord>15.633935 48.445812 316.96677</gx:coord>
        <when>2026-01-01T00:05:49.7809620Z</when>
        <gx:coord>15.633935 48.445812 316.9976</gx:coord>
        <when>2026-01-01T00:05:53.6119620Z</when>
        <gx:coord>15.633933 48.445812 317.104</gx:coord>
        <when>2026-01-01T00:06:00.3559620Z</when>
        <gx:coord>15.633933 48.445812 316.99054</gx:coord>
        <when>2026-01-01T00:06:03.6119620Z</when>
        <gx:coord>15.633934 48.445812 316.9959</gx:coord>
        <when>2026-01-01T00:06:08.6119620Z</when>
        <gx:coord>15.633933 48.445816 317.08807</gx:coord>
        <when>2026-01-01T00:06:13.6129620Z</when>
        <gx:coord>15.633933 48.445816 317.12354</gx:coord>
        <when>2026-01-01T00:06:14.1859620Z</when>
        <gx:coord>15.633932 48.445816 317.15714</gx:coord>
        <when>2026-01-01T00:06:18.6139620Z</when>
        <gx:coord>15.633942 48.445816 317.08707</gx:coord>
        <when>2026-01-01T00:06:19.0909620Z</when>
        <gx:coord>15.633942 48.445816 317.08707</gx:coord>
        <when>2026-01-01T00:06:23.0869620Z</when>
        <gx:coord>15.634022 48.445824 317.2127</gx:coord>
        <when>2026-01-01T00:06:23.6129620Z</when>
        <gx:coord>15.634054 48.44583 317.13596</gx:coord>
        <when>2026-01-01T00:06:24.7629620Z</when>
        <gx:coord>15.634093 48.445843 317.11115</gx:coord>
        <when>2026-01-01T00:06:28.0879620Z</when>
        <gx:coord>15.634226 48.44588 316.87198</gx:coord>
        <when>2026-01-01T00:06:28.6119620Z</when>
        <gx:coord>15.634273 48.445896 316.89014</gx:coord>
        <when>2026-01-01T00:06:33.6119620Z</when>
        <gx:coord>15.634547 48.44599 315.96927</gx:coord>
        <when>2026-01-01T00:06:36.0839620Z</when>
        <gx:coord>15.634678 48.44603 316.171</gx:coord>
        <when>2026-01-01T00:06:38.6119620Z</when>
        <gx:coord>15.634881 48.446087 315.7979</gx:coord>
        <when>2026-01-01T00:06:42.0849620Z</when>
        <gx:coord>15.635089 48.446133 316.43918</gx:coord>
        <when>2026-01-01T00:06:43.6109620Z</when>
        <gx:coord>15.6352415 48.446125 315.90063</gx:coord>
        <when>2026-01-01T00:06:44.0869620Z</when>
        <gx:coord>15.6352415 48.446125 315.90063</gx:coord>
        <when>2026-01-01T00:06:48.6739620Z</when>
        <gx:coord>15.635697 48.44607 316.06314</gx:coord>
        <when>2026-01-01T00:06:50.0809620Z</when>
        <gx:coord>15.635794 48.44606 316.27368</gx:coord>
        <when>2026-01-01T00:06:53.6119620Z</when>
        <gx:coord>15.636225 48.445957 315.84494</gx:coord>
        <when>2026-01-01T00:06:58.6119620Z</when>
        <gx:coord>15.636817 48.445816 315.97104</gx:coord>
        <when>2026-01-01T00:07:03.6119620Z</when>
        <gx:coord>15.637423 48.44568 315.81772</gx:coord>
        <when>2026-01-01T00:07:08.6119620Z</when>
        <gx:coord>15.638024 48.44555 315.2552</gx:coord>
        <when>2026-01-01T00:07:13.6119620Z</when>
        <gx:coord>15.638591 48.445427 315.12842</gx:coord>
        <when>2026-01-01T00:07:18.6119620Z</when>
        <gx:coord>15.639086 48.445305 314.94272</gx:coord>
        <when>2026-01-01T00:07:23.6119620Z</when>
        <gx:coord>15.639547 48.445187 314.6592</gx:coord>
        <when>2026-01-01T00:07:28.6119620Z</when>
        <gx:coord>15.639897 48.445107 314.56757</gx:coord>
        <when>2026-01-01T00:07:33.6119620Z</when>
        <gx:coord>15.640205 48.44503 314.56555</gx:coord>
        <when>2026-01-01T00:07:38.6119620Z</when>
        <gx:coord>15.640489 48.444958 314.30484</gx:coord>
        <when>2026-01-01T00:07:43.6119620Z</when>
        <gx:coord>15.640638 48.444923 313.66635</gx:coord>
        <when>2026-01-01T00:07:44.1089620Z</when>
        <gx:coord>15.6406555 48.444935 313.89566</gx:coord>
        <when>2026-01-01T00:07:44.5669620Z</when>
        <gx:coord>15.6406555 48.444935 313.89566</gx:coord>
        <when>2026-01-01T00:07:44.6869620Z</when>
        <gx:coord>15.6406555 48.444935 313.89566</gx:coord>
        <when>2026-01-01T00:07:45.0899620Z</when>
        <gx:coord>15.6406555 48.444935 313.89566</gx:coord>
        <when>2026-01-01T00:07:45.1669620Z</when>
        <gx:coord>15.640669 48.444942 313.8248</gx:coord>
        <when>2026-01-01T00:07:45.7079620Z</when>
        <gx:coord>15.640669 48.444942 313.8248</gx:coord>
        <when>2026-01-01T00:07:46.3289620Z</when>
        <gx:coord>15.640685 48.444946 313.9122</gx:coord>
        <when>2026-01-01T00:07:46.9889620Z</when>
        <gx:coord>15.640685 48.444946 313.9122</gx:coord>
        <when>2026-01-01T00:07:47.7529620Z</when>
        <gx:coord>15.640686 48.44495 314.08722</gx:coord>
        <when>2026-01-01T00:07:48.6169620Z</when>
        <gx:coord>15.640675 48.444958 314.15436</gx:coord>
        <when>2026-01-01T00:07:52.2129620Z</when>
        <gx:coord>15.640629 48.444958 314.1399</gx:coord>
        <when>2026-01-01T00:07:53.6129620Z</when>
        <gx:coord>15.640616 48.44496 314.15164</gx:coord>
        <when>2026-01-01T00:07:58.6119620Z</when>
        <gx:coord>15.640596 48.444977 314.18997</gx:coord>
        <when>2026-01-01T00:08:03.6119620Z</when>
        <gx:coord>15.640583 48.444984 314.28998</gx:coord>
        <when>2026-01-01T00:08:07.0859620Z</when>
        <gx:coord>15.640539 48.444996 314.36676</gx:coord>
        <when>2026-01-01T00:08:08.6119620Z</when>
        <gx:coord>15.640424 48.44502 314.03394</gx:coord>
        <when>2026-01-01T00:08:09.0879620Z</when>
        <gx:coord>15.640424 48.44502 314.03394</gx:coord>
        <when>2026-01-01T00:08:09.0909620Z</when>
        <gx:coord>15.640424 48.44502 314.03394</gx:coord>
        <when>2026-01-01T00:08:12.0879620Z</when>
        <gx:coord>15.639979 48.445114 314.01138</gx:coord>
        <when>2026-01-01T00:08:13.0859620Z</when>
        <gx:coord>15.639798 48.445145 314.15033</gx:coord>
        <when>2026-01-01T00:08:13.6129620Z</when>
        <gx:coord>15.6396 48.445175 314.4501</gx:coord>
        <when>2026-01-01T00:08:14.1059620Z</when>
        <gx:coord>15.6396 48.445175 314.4501</gx:coord>
        <when>2026-01-01T00:08:15.0879620Z</when>
        <gx:coord>15.639366 48.445225 314.30927</gx:coord>
        <when>2026-01-01T00:08:18.6119620Z</when>
        <gx:coord>15.638293 48.445446 314.56738</gx:coord>
        <when>2026-01-01T00:08:19.1059620Z</when>
        <gx:coord>15.638293 48.445446 314.56738</gx:coord>
        <when>2026-01-01T00:08:23.6129620Z</when>
        <gx:coord>15.636559 48.445843 314.64105</gx:coord>
        <when>2026-01-01T00:08:24.0899620Z</when>
        <gx:coord>15.636559 48.445843 314.64105</gx:coord>
        <when>2026-01-01T00:08:28.6119620Z</when>
        <gx:coord>15.634436 48.446293 316.66556</gx:coord>
        <when>2026-01-01T00:08:33.6129620Z</when>
        <gx:coord>15.632183 48.446793 332.0629</gx:coord>
        <when>2026-01-01T00:08:38.6159620Z</when>
        <gx:coord>15.629976 48.44738 338.47256</gx:coord>
        <when>2026-01-01T00:08:40.0849620Z</when>
        <gx:coord>15.629527 48.44749 337.92755</gx:coord>
        <when>2026-01-01T00:08:43.6149620Z</when>
        <gx:coord>15.627626 48.44796 340.787</gx:coord>
        <when>2026-01-01T00:08:47.0909620Z</when>
        <gx:coord>15.625716 48.44844 352.03958</gx:coord>
        <when>2026-01-01T00:08:48.6269620Z</when>
        <gx:coord>15.625245 48.448547 355.5503</gx:coord>
        <when>2026-01-01T00:08:53.6129620Z</when>
        <gx:coord>15.622879 48.448994 368.28067</gx:coord>
        <when>2026-01-01T00:08:58.0899620Z</when>
        <gx:coord>15.620515 48.4493 385.48093</gx:coord>
        <when>2026-01-01T00:08:58.6129620Z</when>
        <gx:coord>15.620515 48.4493 385.48093</gx:coord>
        <when>2026-01-01T00:09:03.6129620Z</when>
        <gx:coord>15.618118 48.449497 401.0229</gx:coord>
        <when>2026-01-01T00:09:07.0869620Z</when>
        <gx:coord>15.616186 48.44946 423.90286</gx:coord>
        <when>2026-01-01T00:09:08.6189620Z</when>
        <gx:coord>15.615707 48.44947 433.72174</gx:coord>
        <when>2026-01-01T00:09:12.0909620Z</when>
        <gx:coord>15.613884 48.449768 456.83456</gx:coord>
        <when>2026-01-01T00:09:13.6139620Z</when>
        <gx:coord>15.61347 48.449883 464.30048</gx:coord>
        <when>2026-01-01T00:09:14.1079620Z</when>
        <gx:coord>15.61347 48.449883 464.30048</gx:coord>
        <when>2026-01-01T00:09:17.0879620Z</when>
        <gx:coord>15.612347 48.450294 487.06598</gx:coord>
        <when>2026-01-01T00:09:17.0879620Z</when>
        <gx:coord>15.612021 48.450474 492.42404</gx:coord>
        <when>2026-01-01T00:09:18.6139620Z</when>
        <gx:coord>15.61171 48.450672 495.72736</gx:coord>
        <when>2026-01-01T00:09:20.0909620Z</when>
        <gx:coord>15.611414 48.450886 498.1862</gx:coord>
        <when>2026-01-01T00:09:23.6129620Z</when>
        <gx:coord>15.61038 48.451958 506.91763</gx:coord>
        <when>2026-01-01T00:09:24.0839620Z</when>
        <gx:coord>15.61038 48.451958 506.91763</gx:coord>
        <when>2026-01-01T00:09:28.0909620Z</when>
        <gx:coord>15.609568 48.45326 508.91995</gx:coord>
        <when>2026-01-01T00:09:28.6379620Z</when>
        <gx:coord>15.609404 48.453613 509.31802</gx:coord>
        <when>2026-01-01T00:09:29.0859620Z</when>
        <gx:coord>15.609404 48.453613 509.31802</gx:coord>
        <when>2026-01-01T00:09:31.1129620Z</when>
        <gx:coord>15.609057 48.454746 511.3034</gx:coord>
        <when>2026-01-01T00:09:33.1069620Z</when>
        <gx:coord>15.609004 48.455143 515.83234</gx:coord>
        <when>2026-01-01T00:09:33.6139620Z</when>
        <gx:coord>15.608984 48.455547 518.4511</gx:coord>
        <when>2026-01-01T00:09:34.1069620Z</when>
        <gx:coord>15.608984 48.455547 518.4511</gx:coord>
        <when>2026-01-01T00:09:35.1069620Z</when>
        <gx:coord>15.609017 48.456356 523.58777</gx:coord>
        <when>2026-01-01T00:09:38.6129620Z</when>
        <gx:coord>15.609204 48.45757 534.30255</gx:coord>
        <when>2026-01-01T00:09:42.1079620Z</when>
        <gx:coord>15.609407 48.458805 538.9505</gx:coord>
        <when>2026-01-01T00:09:43.6129620Z</when>
        <gx:coord>15.609575 48.459656 543.0743</gx:coord>
        <when>2026-01-01T00:09:46.1099620Z</when>
        <gx:coord>15.609837 48.460896 559.5867</gx:coord>
        <when>2026-01-01T00:09:48.0879620Z</when>
        <gx:coord>15.6099415 48.461308 568.3405</gx:coord>
        <when>2026-01-01T00:09:48.6339620Z</when>
        <gx:coord>15.610074 48.461716 577.0446</gx:coord>
        <when>2026-01-01T00:09:52.0869620Z</when>
        <gx:coord>15.61073 48.463276 591.9919</gx:coord>
        <when>2026-01-01T00:09:53.6139620Z</when>
        <gx:coord>15.610932 48.46367 594.9801</gx:coord>
        <when>2026-01-01T00:09:55.0869620Z</when>
        <gx:coord>15.611146 48.464066 598.2385</gx:coord>
        <when>2026-01-01T00:09:58.0859620Z</when>
        <gx:coord>15.611994 48.465195 610.82117</gx:coord>
        <when>2026-01-01T00:09:58.6139620Z</when>
        <gx:coord>15.612346 48.46554 613.88513</gx:coord>
        <when>2026-01-01T00:10:01.0889620Z</when>
        <gx:coord>15.613225 48.46622 619.2669</gx:coord>
        <when>2026-01-01T00:10:02.0879620Z</when>
        <gx:coord>15.613722 48.466553 620.30884</gx:coord>
        <when>2026-01-01T00:10:03.0829620Z</when>
        <gx:coord>15.614868 48.467144 624.5682</gx:coord>
        <when>2026-01-01T00:10:03.6129620Z</when>
        <gx:coord>15.614868 48.467144 624.5682</gx:coord>
        <when>2026-01-01T00:10:04.0889620Z</when>
        <gx:coord>15.614868 48.467144 624.5682</gx:coord>
        <when>2026-01-01T00:10:07.0859620Z</when>
        <gx:coord>15.616761 48.46782 629.8855</gx:coord>
        <when>2026-01-01T00:10:08.6159620Z</when>
        <gx:coord>15.618156 48.46816 639.8555</gx:coord>
        <when>2026-01-01T00:10:11.0879620Z</when>
        <gx:coord>15.619614 48.46837 652.6893</gx:coord>
        <when>2026-01-01T00:10:11.0879620Z</when>
        <gx:coord>15.620472 48.468407 656.87555</gx:coord>
        <when>2026-01-01T00:10:13.6139620Z</when>
        <gx:coord>15.621924 48.46845 672.8941</gx:coord>
        <when>2026-01-01T00:10:14.0489620Z</when>
        <gx:coord>15.621924 48.46845 672.8941</gx:coord>
        <when>2026-01-01T00:10:15.0429620Z</when>
        <gx:coord>15.623289 48.468212 688.9038</gx:coord>
        <when>2026-01-01T00:10:16.0479620Z</when>
        <gx:coord>15.624117 48.468143 688.9038</gx:coord>
        <when>2026-01-01T00:10:18.6129620Z</when>
        <gx:coord>15.625653 48.468006 698.6486</gx:coord>
        <when>2026-01-01T00:10:21.6099620Z</when>
        <gx:coord>15.625653 48.468006 698.6486</gx:coord>
        <when>2026-01-01T00:10:29.0589620Z</when>
        <gx:coord>15.625653 48.468006 698.6486</gx:coord>
        <when>2026-01-01T00:10:29.0589620Z</when>
        <gx:coord>15.632665 48.468105 620.39136</gx:coord>
        <when>2026-01-01T00:10:30.0729620Z</when>
        <gx:coord>15.632665 48.468105 620.39136</gx:coord>
        <when>2026-01-01T00:10:30.0739620Z</when>
        <gx:coord>15.634483 48.465496 699.1782</gx:coord>
        <when>2026-01-01T00:10:31.0819620Z</when>
        <gx:coord>15.634483 48.465496 699.1782</gx:coord>
        <when>2026-01-01T00:10:31.5299620Z</when>
        <gx:coord>15.635062 48.46511 703.0218</gx:coord>
        <when>2026-01-01T00:10:34.0769620Z</when>
        <gx:coord>15.636066 48.464317 708.4853</gx:coord>
        <when>2026-01-01T00:10:36.5309620Z</when>
        <gx:coord>15.637171 48.462902 718.9259</gx:coord>
        <when>2026-01-01T00:10:37.0769620Z</when>
        <gx:coord>15.637171 48.462902 718.9259</gx:coord>
        <when>2026-01-01T00:10:39.0849620Z</when>
        <gx:coord>15.637864 48.461445 731.77014</gx:coord>
        <when>2026-01-01T00:10:40.0769620Z</when>
        <gx:coord>15.637864 48.461445 731.77014</gx:coord>
        <when>2026-01-01T00:10:41.5309620Z</when>
        <gx:coord>15.6381035 48.46045 736.6711</gx:coord>
        <when>2026-01-01T00:10:45.0819620Z</when>
        <gx:coord>15.638569 48.45927 735.9402</gx:coord>
        <when>2026-01-01T00:10:46.5299620Z</when>
        <gx:coord>15.638338 48.457863 728.2047</gx:coord>
        <when>2026-01-01T00:10:51.5309620Z</when>
        <gx:coord>15.637479 48.45518 743.9681</gx:coord>
        <when>2026-01-01T00:10:54.0869620Z</when>
        <gx:coord>15.636956 48.453636 745.46106</gx:coord>
        <when>2026-01-01T00:10:56.5309620Z</when>
        <gx:coord>15.63673 48.452564 744.0051</gx:coord>
        <when>2026-01-01T00:11:01.5309620Z</when>
        <gx:coord>15.636223 48.449833 740.3061</gx:coord>
        <when>2026-01-01T00:11:06.5309620Z</when>
        <gx:coord>15.635695 48.447037 741.3521</gx:coord>
        <when>2026-01-01T00:11:08.0849620Z</when>
        <gx:coord>15.635599 48.44647 743.2996</gx:coord>
        <when>2026-01-01T00:11:11.5309620Z</when>
        <gx:coord>15.635217 48.4442 752.0291</gx:coord>
        <when>2026-01-01T00:11:16.5309620Z</when>
        <gx:coord>15.634723 48.441357 747.32587</gx:coord>
        <when>2026-01-01T00:11:24.0939620Z</when>
        <gx:coord>15.633957 48.43677 740.87897</gx:coord>
        <when>2026-01-01T00:11:29.4639620Z</when>
        <gx:coord>15.633414 48.433872 734.4214</gx:coord>
        <when>2026-01-01T00:11:34.4639620Z</when>
        <gx:coord>15.632841 48.430935 729.96063</gx:coord>
        <when>2026-01-01T00:11:39.4649620Z</when>
        <gx:coord>15.632215 48.42803 728.9756</gx:coord>
        <when>2026-01-01T00:11:53.0909620Z</when>
        <gx:coord>15.630685 48.420033 740.05743</gx:coord>
        <when>2026-01-01T00:12:14.0809620Z</when>
        <gx:coord>15.629936 48.40832 708.5657</gx:coord>
        <when>2026-01-01T00:12:15.0799620Z</when>
        <gx:coord>15.629896 48.407074 699.3513</gx:coord>
        <when>2026-01-01T00:12:21.0939620Z</when>
        <gx:coord>15.629529 48.40337 696.7467</gx:coord>
        <when>2026-01-01T00:12:35.0829620Z</when>
        <gx:coord>15.6292 48.395714 716.1767</gx:coord>
        <when>2026-01-01T00:12:39.0839620Z</when>
        <gx:coord>15.629085 48.392944 734.0129</gx:coord>
        <when>2026-01-01T00:12:42.0829620Z</when>
        <gx:coord>15.6288 48.391884 740.4664</gx:coord>
        <when>2026-01-01T00:12:46.0859620Z</when>
        <gx:coord>15.6278305 48.389862 739.87476</gx:coord>
        <when>2026-01-01T00:12:52.0799620Z</when>
        <gx:coord>15.625872 48.386993 750.7282</gx:coord>
        <when>2026-01-01T00:12:52.0879620Z</when>
        <gx:coord>15.625585 48.386524 750.7282</gx:coord>
        <when>2026-01-01T00:13:07.0839620Z</when>
        <gx:coord>15.620904 48.379498 764.93097</gx:coord>
        <when>2026-01-01T00:13:08.5939620Z</when>
        <gx:coord>15.620619 48.379032 766.5121</gx:coord>
        <when>2026-01-01T00:13:13.5949620Z</when>
        <gx:coord>15.619214 48.376675 768.906</gx:coord>
        <when>2026-01-01T00:13:18.5949620Z</when>
        <gx:coord>15.617861 48.374195 767.3522</gx:coord>
        <when>2026-01-01T00:13:23.5949620Z</when>
        <gx:coord>15.616571 48.371662 784.75946</gx:coord>
        <when>2026-01-01T00:13:25.0889620Z</when>
        <gx:coord>15.616112 48.3706 786.2263</gx:coord>
        <when>2026-01-01T00:13:28.5999620Z</when>
        <gx:coord>15.615402 48.369064 793.67554</gx:coord>
        <when>2026-01-01T00:13:29.0849620Z</when>
        <gx:coord>15.615208 48.36856 796.0623</gx:coord>
        <when>2026-01-01T00:13:33.6029620Z</when>
        <gx:coord>15.614297 48.366447 812.3928</gx:coord>
        <when>2026-01-01T00:13:37.0829620Z</when>
        <gx:coord>15.613535 48.364845 819.0512</gx:coord>
        <when>2026-01-01T00:13:38.5999620Z</when>
        <gx:coord>15.612968 48.363777 826.53107</gx:coord>
        <when>2026-01-01T00:13:39.0759620Z</when>
        <gx:coord>15.612721 48.36324 834.11304</gx:coord>
        <when>2026-01-01T00:13:42.0789620Z</when>
        <gx:coord>15.611965 48.361942 845.3419</gx:coord>
        <when>2026-01-01T00:13:43.5949620Z</when>
        <gx:coord>15.611357 48.360813 852.0267</gx:coord>
        <when>2026-01-01T00:13:46.0789620Z</when>
        <gx:coord>15.610345 48.35927 867.7171</gx:coord>
        <when>2026-01-01T00:13:48.5939620Z</when>
        <gx:coord>15.609618 48.358074 876.5215</gx:coord>
        <when>2026-01-01T00:13:52.0379620Z</when>
        <gx:coord>15.608413 48.355972 900.6257</gx:coord>
        <when>2026-01-01T00:13:53.5939620Z</when>
        <gx:coord>15.608198 48.355385 907.36774</gx:coord>
        <when>2026-01-01T00:13:55.0459620Z</when>
        <gx:coord>15.6071825 48.35459 894.4162</gx:coord>
        <when>2026-01-01T00:13:58.5999620Z</when>
        <gx:coord>15.606708 48.353992 906.12573</gx:coord>
        <when>2026-01-01T00:14:03.5949620Z</when>
        <gx:coord>15.606708 48.353992 906.12573</gx:coord>
        <when>2026-01-01T00:14:06.5969620Z</when>
        <gx:coord>15.606708 48.353992 906.12573</gx:coord>
        <when>2026-01-01T00:14:06.5969620Z</when>
        <gx:coord>15.606708 48.353992 906.12573</gx:coord>
        <when>2026-01-01T00:14:17.2009620Z</when>
        <gx:coord>15.59889 48.34406 0</gx:coord>
        <when>2026-01-01T00:14:17.2099620Z</when>
        <gx:coord>15.59889 48.34406 0</gx:coord>
        <when>2026-01-01T00:14:17.2139620Z</when>
        <gx:coord>15.59889 48.34406 972.9347</gx:coord>
        <when>2026-01-01T00:14:18.5949620Z</when>
        <gx:coord>15.59889 48.34406 972.93866</gx:coord>
        <when>2026-01-01T00:14:23.5959620Z</when>
        <gx:coord>15.59889 48.34406 972.93866</gx:coord>
        <when>2026-01-01T00:14:27.5969620Z</when>
        <gx:coord>15.59889 48.34406 972.93866</gx:coord>
        <when>2026-01-01T00:14:28.3739620Z</when>
        <gx:coord>15.598893 48.34406 0</gx:coord>
        <when>2026-01-01T00:14:28.3779620Z</when>
        <gx:coord>15.598893 48.34406 0</gx:coord>
        <when>2026-01-01T00:14:28.3789620Z</when>
        <gx:coord>15.598893 48.34406 1002.1733</gx:coord>
        <when>2026-01-01T00:14:28.6059620Z</when>
        <gx:coord>15.598893 48.34406 1002.1733</gx:coord>
        <when>2026-01-01T00:14:33.3919620Z</when>
        <gx:coord>15.598893 48.34406 1034.6971</gx:coord>
        <when>2026-01-01T00:14:33.6089620Z</when>
        <gx:coord>15.598893 48.34406 1034.7852</gx:coord>
        <when>2026-01-01T00:14:38.5959620Z</when>
        <gx:coord>15.598893 48.34406 1041.5376</gx:coord>
        <when>2026-01-01T00:14:43.5959620Z</when>
        <gx:coord>15.598893 48.34406 1041.5376</gx:coord>
        <when>2026-01-01T00:14:44.5969620Z</when>
        <gx:coord>15.598893 48.34406 1041.5376</gx:coord>
        <when>2026-01-01T00:14:52.7359620Z</when>
        <gx:coord>15.598899 48.344055 0</gx:coord>
        <when>2026-01-01T00:14:52.7429620Z</when>
        <gx:coord>15.598899 48.344055 0</gx:coord>
        <when>2026-01-01T00:14:52.7489620Z</when>
        <gx:coord>15.598899 48.344055 1153.516</gx:coord>
        <when>2026-01-01T00:14:53.6059620Z</when>
        <gx:coord>15.598899 48.344055 1153.5531</gx:coord>
        <when>2026-01-01T00:14:58.5959620Z</when>
        <gx:coord>15.598899 48.344055 1162.0236</gx:coord>
        <when>2026-01-01T00:15:03.0289620Z</when>
        <gx:coord>15.5989065 48.344055 1180.2736</gx:coord>
        <when>2026-01-01T00:15:03.0309620Z</when>
        <gx:coord>15.5989065 48.344055 1180.2736</gx:coord>
        <when>2026-01-01T00:15:03.0369620Z</when>
        <gx:coord>15.58988 48.32439 1180.2736</gx:coord>
        <when>2026-01-01T00:15:03.0369620Z</when>
        <gx:coord>15.58988 48.32439 1207.3574</gx:coord>
        <when>2026-01-01T00:15:03.5959620Z</when>
        <gx:coord>15.58988 48.32439 1207.3574</gx:coord>
        <when>2026-01-01T00:15:08.6409620Z</when>
        <gx:coord>15.5885935 48.322067 1235.6652</gx:coord>
        <when>2026-01-01T00:15:09.0809620Z</when>
        <gx:coord>15.588372 48.321617 1245.354</gx:coord>
        <when>2026-01-01T00:15:13.6009620Z</when>
        <gx:coord>15.587318 48.319824 1255.0796</gx:coord>
        <when>2026-01-01T00:15:18.5959620Z</when>
        <gx:coord>15.5860195 48.317562 1255.5677</gx:coord>
        <when>2026-01-01T00:15:23.6009620Z</when>
        <gx:coord>15.584736 48.315384 1265.7487</gx:coord>
        <when>2026-01-01T00:15:27.0789620Z</when>
        <gx:coord>15.58428 48.31344 1276.6864</gx:coord>
        <when>2026-01-01T00:15:28.5969620Z</when>
        <gx:coord>15.584083 48.31298 1279.2034</gx:coord>
        <when>2026-01-01T00:15:33.6049620Z</when>
        <gx:coord>15.5830555 48.310688 1298.5646</gx:coord>
        <when>2026-01-01T00:15:38.0879620Z</when>
        <gx:coord>15.582018 48.308376 1299.0282</gx:coord>
        <when>2026-01-01T00:15:38.5969620Z</when>
        <gx:coord>15.582018 48.308376 1300.161</gx:coord>
        <when>2026-01-01T00:15:42.0839620Z</when>
        <gx:coord>15.581459 48.306942 1302.7754</gx:coord>
        <when>2026-01-01T00:15:43.5969620Z</when>
        <gx:coord>15.581096 48.305977 1307.0967</gx:coord>
        <when>2026-01-01T00:15:44.0839620Z</when>
        <gx:coord>15.580916 48.30549 1308.0713</gx:coord>
        <when>2026-01-01T00:15:48.6029620Z</when>
        <gx:coord>15.580206 48.303516 1311.645</gx:coord>
        <when>2026-01-01T00:15:53.5969620Z</when>
        <gx:coord>15.57932 48.30101 1319.5546</gx:coord>
        <when>2026-01-01T00:15:58.5969620Z</when>
        <gx:coord>15.578632 48.298496 1334.012</gx:coord>
        <when>2026-01-01T00:16:00.0819620Z</when>
        <gx:coord>15.578427 48.297493 1338.7057</gx:coord>
        <when>2026-01-01T00:16:03.5969620Z</when>
        <gx:coord>15.578041 48.296036 1342.2994</gx:coord>
        <when>2026-01-01T00:16:08.6319620Z</when>
        <gx:coord>15.577351 48.293488 1340.365</gx:coord>
        <when>2026-01-01T00:16:11.0929620Z</when>
        <gx:coord>15.576913 48.29195 1341.83</gx:coord>
        <when>2026-01-01T00:16:13.5969620Z</when>
        <gx:coord>15.576612 48.290947 1351.8993</gx:coord>
        <when>2026-01-01T00:16:18.5979620Z</when>
        <gx:coord>15.575899 48.288445 1362.7007</gx:coord>
        <when>2026-01-01T00:16:21.0779620Z</when>
        <gx:coord>15.575429 48.286957 1369.5962</gx:coord>
        <when>2026-01-01T00:16:23.5979620Z</when>
        <gx:coord>15.575117 48.28598 1377.8087</gx:coord>
        <when>2026-01-01T00:16:28.6009620Z</when>
        <gx:coord>15.574333 48.283596 1389.6565</gx:coord>
        <when>2026-01-01T00:16:33.6019620Z</when>
        <gx:coord>15.573501 48.281197 1384.7424</gx:coord>
        <when>2026-01-01T00:16:38.5979620Z</when>
        <gx:coord>15.572574 48.27875 1384.9141</gx:coord>
        <when>2026-01-01T00:16:43.6019620Z</when>
        <gx:coord>15.57168 48.27629 1393.1594</gx:coord>
        <when>2026-01-01T00:16:45.0859620Z</when>
        <gx:coord>15.57134 48.275307 1394.2926</gx:coord>
        <when>2026-01-01T00:16:48.6039620Z</when>
        <gx:coord>15.570897 48.273804 1398.172</gx:coord>
        <when>2026-01-01T00:16:53.6019620Z</when>
        <gx:coord>15.5701475 48.271248 1397.2279</gx:coord>
        <when>2026-01-01T00:16:56.0879620Z</when>
        <gx:coord>15.569693 48.2697 1404.7112</gx:coord>
        <when>2026-01-01T00:16:58.6079620Z</when>
        <gx:coord>15.569372 48.268673 1410.2043</gx:coord>
        <when>2026-01-01T00:16:59.0859620Z</when>
        <gx:coord>15.569372 48.268673 1410.2043</gx:coord>
        <when>2026-01-01T00:17:03.6059620Z</when>
        <gx:coord>15.568521 48.26609 1411.2689</gx:coord>
        <when>2026-01-01T00:17:08.0879620Z</when>
        <gx:coord>15.567622 48.263474 1435.6779</gx:coord>
        <when>2026-01-01T00:17:08.6519620Z</when>
        <gx:coord>15.567622 48.263474 1435.6779</gx:coord>
        <when>2026-01-01T00:17:13.6069620Z</when>
        <gx:coord>15.566846 48.260952 1444.7407</gx:coord>
        <when>2026-01-01T00:17:17.0959620Z</when>
        <gx:coord>15.566294 48.25901 1453.6514</gx:coord>
        <when>2026-01-01T00:17:18.6049620Z</when>
        <gx:coord>15.566173 48.258545 1458.9031</gx:coord>
        <when>2026-01-01T00:17:20.0909620Z</when>
        <gx:coord>15.565913 48.257595 1468.5038</gx:coord>
        <when>2026-01-01T00:17:23.6049620Z</when>
        <gx:coord>15.565577 48.256126 1474.7662</gx:coord>
        <when>2026-01-01T00:17:28.6039620Z</when>
        <gx:coord>15.56506 48.253685 1486.1936</gx:coord>
        <when>2026-01-01T00:17:32.0869620Z</when>
        <gx:coord>15.56462 48.25168 1505.6525</gx:coord>
        <when>2026-01-01T00:17:33.6049620Z</when>
        <gx:coord>15.564531 48.25117 1506.9905</gx:coord>
        <when>2026-01-01T00:17:38.0859620Z</when>
        <gx:coord>15.564219 48.24919 1523.409</gx:coord>
        <when>2026-01-01T00:17:38.6039620Z</when>
        <gx:coord>15.564161 48.24872 1523.4836</gx:coord>
        <when>2026-01-01T00:17:41.0839620Z</when>
        <gx:coord>15.564046 48.24779 1530.7134</gx:coord>
        <when>2026-01-01T00:17:43.6039620Z</when>
        <gx:coord>15.56392 48.24637 1534.7002</gx:coord>
        <when>2026-01-01T00:17:48.5989620Z</when>
        <gx:coord>15.563757 48.24399 1532.0957</gx:coord>
        <when>2026-01-01T00:17:50.0969620Z</when>
        <gx:coord>15.563695 48.24301 1539.6608</gx:coord>
        <when>2026-01-01T00:17:52.0989620Z</when>
        <gx:coord>15.563652 48.24202 1541.5115</gx:coord>
        <when>2026-01-01T00:17:53.5989620Z</when>
        <gx:coord>15.563658 48.24152 1546.6351</gx:coord>
        <when>2026-01-01T00:17:58.5989620Z</when>
        <gx:coord>15.563766 48.239056 1549.2578</gx:coord>
        <when>2026-01-01T00:18:03.6029620Z</when>
        <gx:coord>15.5641985 48.23661 1555.4236</gx:coord>
        <when>2026-01-01T00:18:04.0869620Z</when>
        <gx:coord>15.5641985 48.23661 1555.4236</gx:coord>
        <when>2026-01-01T00:18:06.0849620Z</when>
        <gx:coord>15.564587 48.23514 1570.2268</gx:coord>
        <when>2026-01-01T00:18:08.6329620Z</when>
        <gx:coord>15.564827 48.234146 1582.1589</gx:coord>
        <when>2026-01-01T00:18:13.0889620Z</when>
        <gx:coord>15.565597 48.23182 1601.3303</gx:coord>
        <when>2026-01-01T00:18:13.5989620Z</when>
        <gx:coord>15.565597 48.23182 1601.3303</gx:coord>
        <when>2026-01-01T00:18:18.5989620Z</when>
        <gx:coord>15.566616 48.22955 1608.4158</gx:coord>
        <when>2026-01-01T00:18:23.0869620Z</when>
        <gx:coord>15.5676775 48.227127 1638.3994</gx:coord>
        <when>2026-01-01T00:18:23.6069620Z</when>
        <gx:coord>15.5676775 48.227127 1638.3994</gx:coord>
        <when>2026-01-01T00:18:27.0959620Z</when>
        <gx:coord>15.568404 48.225212 1660.7039</gx:coord>
        <when>2026-01-01T00:18:28.0849620Z</when>
        <gx:coord>15.568547 48.224743 1675.1198</gx:coord>
        <when>2026-01-01T00:18:28.6059620Z</when>
        <gx:coord>15.568547 48.224743 1675.1198</gx:coord>
        <when>2026-01-01T00:18:33.5989620Z</when>
        <gx:coord>15.5694 48.222427 1699.399</gx:coord>
        <when>2026-01-01T00:18:35.0949620Z</when>
        <gx:coord>15.569693 48.221485 1706.4778</gx:coord>
        <when>2026-01-01T00:18:38.5989620Z</when>
        <gx:coord>15.570067 48.22007 1708.2024</gx:coord>
        <when>2026-01-01T00:18:43.5989620Z</when>
        <gx:coord>15.570866 48.217678 1708.9202</gx:coord>
        <when>2026-01-01T00:18:48.5989620Z</when>
        <gx:coord>15.571683 48.215282 1712.4652</gx:coord>
        <when>2026-01-01T00:18:53.6039620Z</when>
        <gx:coord>15.572463 48.212906 1720.0635</gx:coord>
        <when>2026-01-01T00:18:58.0869620Z</when>
        <gx:coord>15.573279 48.210575 1738.4952</gx:coord>
        <when>2026-01-01T00:18:58.5999620Z</when>
        <gx:coord>15.573279 48.210575 1738.4952</gx:coord>
        <when>2026-01-01T00:19:02.0969620Z</when>
        <gx:coord>15.573861 48.20872 1747.1996</gx:coord>
        <when>2026-01-01T00:19:03.5999620Z</when>
        <gx:coord>15.573978 48.208244 1748.9823</gx:coord>
        <when>2026-01-01T00:19:08.6339620Z</when>
        <gx:coord>15.574551 48.205833 1755.0991</gx:coord>
        <when>2026-01-01T00:19:12.0869620Z</when>
        <gx:coord>15.574918 48.20383 1772.0507</gx:coord>
        <when>2026-01-01T00:19:13.5999620Z</when>
        <gx:coord>15.575029 48.203335 1777.2079</gx:coord>
        <when>2026-01-01T00:19:18.5999620Z</when>
        <gx:coord>15.575675 48.200886 1796.2847</gx:coord>
        <when>2026-01-01T00:19:21.0919620Z</when>
        <gx:coord>15.576178 48.19943 1804.4232</gx:coord>
        <when>2026-01-01T00:19:23.5999620Z</when>
        <gx:coord>15.576549 48.198456 1809.6012</gx:coord>
        <when>2026-01-01T00:19:35.0879620Z</when>
        <gx:coord>15.578725 48.192547 1837.1533</gx:coord>
        <when>2026-01-01T00:19:36.0929620Z</when>
        <gx:coord>15.578874 48.192043 1837.1533</gx:coord>
        <when>2026-01-01T00:19:44.0899620Z</when>
        <gx:coord>15.5800085 48.188072 1868.5708</gx:coord>
        <when>2026-01-01T00:19:54.0879620Z</when>
        <gx:coord>15.581904 48.18322 1900.3275</gx:coord>
        <when>2026-01-01T00:19:55.4469620Z</when>
        <gx:coord>15.582104 48.18273 1902.1196</gx:coord>
        <when>2026-01-01T00:20:00.4469620Z</when>
        <gx:coord>15.582887 48.180237 1913.2114</gx:coord>
        <when>2026-01-01T00:20:05.4469620Z</when>
        <gx:coord>15.583525 48.17773 1927.4069</gx:coord>
        <when>2026-01-01T00:20:07.0919620Z</when>
        <gx:coord>15.583773 48.17674 1932.8129</gx:coord>
        <when>2026-01-01T00:20:09.0979620Z</when>
        <gx:coord>15.584023 48.17576 1935.6964</gx:coord>
        <when>2026-01-01T00:20:10.4469620Z</when>
        <gx:coord>15.584152 48.17527 1941.5286</gx:coord>
        <when>2026-01-01T00:20:15.4619620Z</when>
        <gx:coord>15.584797 48.17287 1953.1736</gx:coord>
        <when>2026-01-01T00:20:20.4469620Z</when>
        <gx:coord>15.585494 48.170433 1961.905</gx:coord>
        <when>2026-01-01T00:20:22.0939620Z</when>
        <gx:coord>15.585768 48.169476 1963.911</gx:coord>
        <when>2026-01-01T00:20:25.4469620Z</when>
        <gx:coord>15.586238 48.168034 1966.7854</gx:coord>
        <when>2026-01-01T00:20:30.4469620Z</when>
        <gx:coord>15.586942 48.165474 1975.5237</gx:coord>
        <when>2026-01-01T00:20:35.4479620Z</when>
        <gx:coord>15.587843 48.16295 1993.5986</gx:coord>
        <when>2026-01-01T00:20:36.0959620Z</when>
        <gx:coord>15.587963 48.162437 1997.6201</gx:coord>
        <when>2026-01-01T00:20:40.4479620Z</when>
        <gx:coord>15.588495 48.16044 2012.226</gx:coord>
        <when>2026-01-01T00:20:42.0969620Z</when>
        <gx:coord>15.588813 48.159428 2016.87</gx:coord>
        <when>2026-01-01T00:20:45.4479620Z</when>
        <gx:coord>15.589121 48.157898 2026.1597</gx:coord>
        <when>2026-01-01T00:20:47.0899620Z</when>
        <gx:coord>15.589313 48.157375 2027.663</gx:coord>
        <when>2026-01-01T00:20:47.0899620Z</when>
        <gx:coord>15.589562 48.156853 2028.707</gx:coord>
        <when>2026-01-01T00:20:50.4619620Z</when>
        <gx:coord>15.589872 48.15533 2034.2853</gx:coord>
        <when>2026-01-01T00:20:55.4629620Z</when>
        <gx:coord>15.590845 48.152767 2049.0269</gx:coord>
        <when>2026-01-01T00:20:59.0879620Z</when>
        <gx:coord>15.5915 48.150703 2062.6218</gx:coord>
        <when>2026-01-01T00:21:00.4479620Z</when>
        <gx:coord>15.591698 48.150192 2065.5562</gx:coord>
        <when>2026-01-01T00:21:03.9819620Z</when>
        <gx:coord>15.592105 48.148716 2079.3735</gx:coord>
        <when>2026-01-01T00:21:07.0799620Z</when>
        <gx:coord>15.592721 48.14669 2093.8323</gx:coord>
        <when>2026-01-01T00:21:15.0969620Z</when>
        <gx:coord>15.593801 48.14264 2119.4402</gx:coord>
        <when>2026-01-01T00:21:16.0769620Z</when>
        <gx:coord>15.593927 48.142128 2127.5454</gx:coord>
        <when>2026-01-01T00:21:17.7219620Z</when>
        <gx:coord>15.594055 48.141617 2131.1995</gx:coord>
        <when>2026-01-01T00:21:22.7229620Z</when>
        <gx:coord>15.594734 48.139038 2146.5632</gx:coord>
        <when>2026-01-01T00:21:27.7229620Z</when>
        <gx:coord>15.595579 48.13641 2155.0745</gx:coord>
        <when>2026-01-01T00:21:29.0969620Z</when>
        <gx:coord>15.595919 48.135357 2159.7244</gx:coord>
        <when>2026-01-01T00:21:32.7229620Z</when>
        <gx:coord>15.596406 48.13378 2169.1167</gx:coord>
        <when>2026-01-01T00:21:37.7229620Z</when>
        <gx:coord>15.597042 48.13118 2183.8904</gx:coord>
        <when>2026-01-01T00:21:39.0849620Z</when>
        <gx:coord>15.597246 48.130146 2190.5312</gx:coord>
        <when>2026-01-01T00:21:42.7229620Z</when>
        <gx:coord>15.59758 48.128613 2201.8042</gx:coord>
        <when>2026-01-01T00:21:47.0959620Z</when>
        <gx:coord>15.598397 48.126072 2216.9678</gx:coord>
        <when>2026-01-01T00:21:47.7229620Z</when>
        <gx:coord>15.598397 48.126072 2219.1914</gx:coord>
        <when>2026-01-01T00:21:49.0849620Z</when>
        <gx:coord>15.598803 48.12505 2221.8984</gx:coord>
        <when>2026-01-01T00:22:02.0009620Z</when>
        <gx:coord>15.600978 48.118668 2239.1743</gx:coord>
        <when>2026-01-01T00:22:05.0849620Z</when>
        <gx:coord>15.601655 48.116535 2254.536</gx:coord>
        <when>2026-01-01T00:22:07.0009620Z</when>
        <gx:coord>15.601841 48.11601 2258.134</gx:coord>
        <when>2026-01-01T00:22:12.0019620Z</when>
        <gx:coord>15.602835 48.113403 2273.8096</gx:coord>
        <when>2026-01-01T00:22:17.0019620Z</when>
        <gx:coord>15.603809 48.110806 2281.9043</gx:coord>
        <when>2026-01-01T00:22:18.0989620Z</when>
        <gx:coord>15.60416 48.109756 2282.547</gx:coord>
        <when>2026-01-01T00:22:22.0019620Z</when>
        <gx:coord>15.604649 48.108162 2283.73</gx:coord>
        <when>2026-01-01T00:22:24.0879620Z</when>
        <gx:coord>15.605117 48.106556 2285.355</gx:coord>
        <when>2026-01-01T00:22:27.0019620Z</when>
        <gx:coord>15.605424 48.10548 2287.6936</gx:coord>
        <when>2026-01-01T00:22:32.0019620Z</when>
        <gx:coord>15.606133 48.102825 2298.2212</gx:coord>
        <when>2026-01-01T00:22:37.0019620Z</when>
        <gx:coord>15.606772 48.100178 2310.8354</gx:coord>
        <when>2026-01-01T00:22:40.0999620Z</when>
        <gx:coord>15.607344 48.098076 2315.8806</gx:coord>
        <when>2026-01-01T00:22:42.0019620Z</when>
        <gx:coord>15.6074705 48.09754 2316.0066</gx:coord>
        <when>2026-01-01T00:22:47.0019620Z</when>
        <gx:coord>15.608163 48.094814 2312.4849</gx:coord>
        <when>2026-01-01T00:22:49.0979620Z</when>
        <gx:coord>15.608619 48.093178 2314.7473</gx:coord>
        <when>2026-01-01T00:22:52.0009620Z</when>
        <gx:coord>15.608905 48.092083 2320.085</gx:coord>
        <when>2026-01-01T00:22:57.0019620Z</when>
        <gx:coord>15.6096 48.089375 2335.6584</gx:coord>
        <when>2026-01-01T00:22:59.0889620Z</when>
        <gx:coord>15.610003 48.087753 2347.0686</gx:coord>
        <when>2026-01-01T00:23:18.0889620Z</when>
        <gx:coord>15.612817 48.077255 2379.445</gx:coord>
        <when>2026-01-01T00:23:19.0949620Z</when>
        <gx:coord>15.612949 48.076694 2379.445</gx:coord>
        <when>2026-01-01T00:23:30.0899620Z</when>
        <gx:coord>15.614665 48.070625 2411.0352</gx:coord>
        <when>2026-01-01T00:23:31.3159620Z</when>
        <gx:coord>15.614851 48.070076 2412.381</gx:coord>
        <when>2026-01-01T00:23:36.3169620Z</when>
        <gx:coord>15.615806 48.06731 2415.0679</gx:coord>
        <when>2026-01-01T00:23:41.3169620Z</when>
        <gx:coord>15.6166 48.06449 2421.3296</gx:coord>
        <when>2026-01-01T00:23:46.3169620Z</when>
        <gx:coord>15.617079 48.06166 2433.7495</gx:coord>
        <when>2026-01-01T00:23:49.0999620Z</when>
        <gx:coord>15.6172695 48.059982 2440.1438</gx:coord>
        <when>2026-01-01T00:23:49.1049620Z</when>
        <gx:coord>15.6172695 48.059982 2442.971</gx:coord>
        <when>2026-01-01T00:23:51.3189620Z</when>
        <gx:coord>15.617373 48.05887 2449.0713</gx:coord>
        <when>2026-01-01T00:23:56.3159620Z</when>
        <gx:coord>15.617678 48.056164 2468.3308</gx:coord>
        <when>2026-01-01T00:23:59.0879620Z</when>
        <gx:coord>15.617942 48.054543 2474.7039</gx:coord>
        <when>2026-01-01T00:24:01.3169620Z</when>
        <gx:coord>15.618138 48.053455 2478.2424</gx:coord>
        <when>2026-01-01T00:24:06.3369620Z</when>
        <gx:coord>15.618712 48.050735 2485.0107</gx:coord>
        <when>2026-01-01T00:24:11.3169620Z</when>
        <gx:coord>15.619125 48.047977 2491.2693</gx:coord>
        <when>2026-01-01T00:24:16.3169620Z</when>
        <gx:coord>15.619498 48.04522 2496.5486</gx:coord>
        <when>2026-01-01T00:24:20.0989620Z</when>
        <gx:coord>15.6198435 48.04302 2499.4646</gx:coord>
        <when>2026-01-01T00:24:21.3179620Z</when>
        <gx:coord>15.619932 48.04247 2502.1099</gx:coord>
        <when>2026-01-01T00:24:25.0879620Z</when>
        <gx:coord>15.620289 48.04026 2506.4338</gx:coord>
        <when>2026-01-01T00:24:26.3329620Z</when>
        <gx:coord>15.620358 48.03971 2506.8164</gx:coord>
        <when>2026-01-01T00:24:35.0369620Z</when>
        <gx:coord>15.621326 48.03524 2519.5056</gx:coord>
        <when>2026-01-01T00:24:40.0379620Z</when>
        <gx:coord>15.62217 48.032455 2529.2837</gx:coord>
        <when>2026-01-01T00:24:44.0879620Z</when>
        <gx:coord>15.623221 48.029705 2538.6353</gx:coord>
        <when>2026-01-01T00:24:45.0369620Z</when>
        <gx:coord>15.623221 48.029705 2538.6353</gx:coord>
        <when>2026-01-01T00:24:50.0379620Z</when>
        <gx:coord>15.624398 48.02697 2543.3174</gx:coord>
        <when>2026-01-01T00:24:50.0949620Z</when>
        <gx:coord>15.624632 48.02642 2543.3174</gx:coord>
        <when>2026-01-01T00:24:54.0879620Z</when>
        <gx:coord>15.625314 48.02476 2541.8794</gx:coord>
        <when>2026-01-01T00:24:55.0379620Z</when>
        <gx:coord>15.625532 48.0242 2541.1177</gx:coord>
        <when>2026-01-01T00:25:00.0379620Z</when>
        <gx:coord>15.626529 48.021362 2539.935</gx:coord>
        <when>2026-01-01T00:25:05.0379620Z</when>
        <gx:coord>15.627414 48.018524 2549.2195</gx:coord>
        <when>2026-01-01T00:25:19.0899620Z</when>
        <gx:coord>15.630257 48.01015 2559.3127</gx:coord>
        <when>2026-01-01T00:25:21.2969620Z</when>
        <gx:coord>15.63061 48.009003 2556.5544</gx:coord>
        <when>2026-01-01T00:25:26.2999620Z</when>
        <gx:coord>15.631439 48.00615 2566.6418</gx:coord>
        <when>2026-01-01T00:25:27.0899620Z</when>
        <gx:coord>15.631613 48.00559 2570.099</gx:coord>
        <when>2026-01-01T00:25:31.2979620Z</when>
        <gx:coord>15.632355 48.003384 2580.6655</gx:coord>
        <when>2026-01-01T00:25:36.2979620Z</when>
        <gx:coord>15.633472 48.000664 2585.5513</gx:coord>
        <when>2026-01-01T00:25:38.0949620Z</when>
        <gx:coord>15.6337185 48.00012 2585.845</gx:coord>
        <when>2026-01-01T00:25:41.2979620Z</when>
        <gx:coord>15.63472 47.99793 2586.552</gx:coord>
        <when>2026-01-01T00:25:46.2989620Z</when>
        <gx:coord>15.635914 47.995136 2589.168</gx:coord>
        <when>2026-01-01T00:25:48.0959620Z</when>
        <gx:coord>15.636356 47.994003 2590.812</gx:coord>
        <when>2026-01-01T00:25:51.0959620Z</when>
        <gx:coord>15.637021 47.99232 2601.753</gx:coord>
        <when>2026-01-01T00:25:51.2989620Z</when>
        <gx:coord>15.637021 47.99232 2601.753</gx:coord>
        <when>2026-01-01T00:25:56.2989620Z</when>
        <gx:coord>15.638257 47.98956 2612.6147</gx:coord>
        <when>2026-01-01T00:26:01.2989620Z</when>
        <gx:coord>15.639766 47.986805 2613.4077</gx:coord>
        <when>2026-01-01T00:26:06.3079620Z</when>
        <gx:coord>15.641358 47.98402 2618.5706</gx:coord>
        <when>2026-01-01T00:26:15.0889620Z</when>
        <gx:coord>15.643965 47.979023 2632.6592</gx:coord>
        <when>2026-01-01T00:26:17.0939620Z</when>
        <gx:coord>15.644399 47.97791 2635.0056</gx:coord>
        <when>2026-01-01T00:26:22.8999620Z</when>
        <gx:coord>15.645355 47.975063 2639.833</gx:coord>
        <when>2026-01-01T00:26:27.9009620Z</when>
        <gx:coord>15.646251 47.972183 2644.2175</gx:coord>
        <when>2026-01-01T00:26:32.8999620Z</when>
        <gx:coord>15.647177 47.96932 2647.2039</gx:coord>
        <when>2026-01-01T00:26:37.9009620Z</when>
        <gx:coord>15.648126 47.966427 2642.8843</gx:coord>
        <when>2026-01-01T00:26:42.9009620Z</when>
        <gx:coord>15.649017 47.963554 2654.4905</gx:coord>
        <when>2026-01-01T00:26:46.0909620Z</when>
        <gx:coord>15.64985 47.961185 2659.1335</gx:coord>
        <when>2026-01-01T00:26:47.9009620Z</when>
        <gx:coord>15.65008 47.96057 2662.7336</gx:coord>
        <when>2026-01-01T00:26:48.0839620Z</when>
        <gx:coord>15.65031 47.959965 2663.941</gx:coord>
        <when>2026-01-01T00:26:52.9009620Z</when>
        <gx:coord>15.651259 47.957558 2662.2095</gx:coord>
        <when>2026-01-01T00:26:55.0819620Z</when>
        <gx:coord>15.651747 47.956367 2661.9482</gx:coord>
        <when>2026-01-01T00:26:57.8999620Z</when>
        <gx:coord>15.652467 47.95459 2664.1238</gx:coord>
        <when>2026-01-01T00:27:02.9009620Z</when>
        <gx:coord>15.653649 47.951553 2676.4329</gx:coord>
        <when>2026-01-01T00:27:07.9009620Z</when>
        <gx:coord>15.654762 47.948494 2683.9456</gx:coord>
        <when>2026-01-01T00:27:12.9009620Z</when>
        <gx:coord>15.655776 47.945484 2676.6401</gx:coord>
        <when>2026-01-01T00:27:13.0889620Z</when>
        <gx:coord>15.655962 47.944862 2676.6401</gx:coord>
        <when>2026-01-01T00:27:17.9009620Z</when>
        <gx:coord>15.656736 47.942387 2665.3662</gx:coord>
        <when>2026-01-01T00:27:22.9009620Z</when>
        <gx:coord>15.657741 47.939217 2638.0186</gx:coord>
        <when>2026-01-01T00:27:24.0999620Z</when>
        <gx:coord>15.658136 47.93786 2633.378</gx:coord>
        <when>2026-01-01T00:27:25.1009620Z</when>
        <gx:coord>15.658136 47.93786 2633.378</gx:coord>
        <when>2026-01-01T00:27:27.9009620Z</when>
        <gx:coord>15.658723 47.935745 2631.4836</gx:coord>
        <when>2026-01-01T00:27:32.9009620Z</when>
        <gx:coord>15.659652 47.932335 2630.5654</gx:coord>
        <when>2026-01-01T00:27:37.9009620Z</when>
        <gx:coord>15.66055 47.929012 2632.959</gx:coord>
        <when>2026-01-01T00:27:38.0979620Z</when>
        <gx:coord>15.660735 47.928345 2632.959</gx:coord>
        <when>2026-01-01T00:28:04.0969620Z</when>
        <gx:coord>15.66498 47.91133 2641.116</gx:coord>
        <when>2026-01-01T00:28:15.4459620Z</when>
        <gx:coord>15.666504 47.904224 2623.8596</gx:coord>
        <when>2026-01-01T00:28:16.0829620Z</when>
        <gx:coord>15.666504 47.904224 2623.8596</gx:coord>
        <when>2026-01-01T00:28:19.6569620Z</when>
        <gx:coord>15.666897 47.90159 2617.6775</gx:coord>
        <when>2026-01-01T00:28:24.0879620Z</when>
        <gx:coord>15.667136 47.89901 2635.2268</gx:coord>
        <when>2026-01-01T00:28:24.6579620Z</when>
        <gx:coord>15.667191 47.898388 2641.1482</gx:coord>
        <when>2026-01-01T00:28:30.3849620Z</when>
        <gx:coord>15.667634 47.894733 2655.9055</gx:coord>
        <when>2026-01-01T00:28:33.0889620Z</when>
        <gx:coord>15.668042 47.892933 2663.9417</gx:coord>
        <when>2026-01-01T00:28:39.7149620Z</when>
        <gx:coord>15.668856 47.889324 2660.607</gx:coord>
        <when>2026-01-01T00:28:44.7159620Z</when>
        <gx:coord>15.669557 47.886322 2657.2158</gx:coord>
        <when>2026-01-01T00:28:49.7169620Z</when>
        <gx:coord>15.670279 47.883327 2656.2017</gx:coord>
        <when>2026-01-01T00:28:54.7169620Z</when>
        <gx:coord>15.670967 47.880333 2654.2893</gx:coord>
        <when>2026-01-01T00:28:58.1059620Z</when>
        <gx:coord>15.67148 47.877945 2653.427</gx:coord>
        <when>2026-01-01T00:28:59.7159620Z</when>
        <gx:coord>15.671607 47.87735 2654.5957</gx:coord>
        <when>2026-01-01T00:29:04.7169620Z</when>
        <gx:coord>15.672226 47.874363 2656.3901</gx:coord>
        <when>2026-01-01T00:29:09.7159620Z</when>
        <gx:coord>15.672894 47.871365 2655.2878</gx:coord>
        <when>2026-01-01T00:29:14.7169620Z</when>
        <gx:coord>15.673579 47.868362 2657.866</gx:coord>
        <when>2026-01-01T00:29:26.0879620Z</when>
        <gx:coord>15.675036 47.861084 2654.196</gx:coord>
        <when>2026-01-01T00:29:26.1989620Z</when>
        <gx:coord>15.675036 47.861084 2653.6934</gx:coord>
        <when>2026-01-01T00:29:31.1989620Z</when>
        <gx:coord>15.675667 47.858063 2654.4382</gx:coord>
        <when>2026-01-01T00:29:36.1989620Z</when>
        <gx:coord>15.67629 47.85507 2657.5757</gx:coord>
        <when>2026-01-01T00:29:41.1989620Z</when>
        <gx:coord>15.676938 47.85208 2658.6458</gx:coord>
        <when>2026-01-01T00:29:47.7529620Z</when>
        <gx:coord>15.677694 47.84849 2659.632</gx:coord>
        <when>2026-01-01T00:29:52.7539620Z</when>
        <gx:coord>15.67828 47.845478 2658.3074</gx:coord>
        <when>2026-01-01T00:29:54.0989620Z</when>
        <gx:coord>15.678516 47.84427 2657.728</gx:coord>
        <when>2026-01-01T00:29:57.7539620Z</when>
        <gx:coord>15.678866 47.84245 2653.7986</gx:coord>
        <when>2026-01-01T00:30:02.7539620Z</when>
        <gx:coord>15.679417 47.839436 2655.8875</gx:coord>
        <when>2026-01-01T00:30:07.7539620Z</when>
        <gx:coord>15.679995 47.836422 2659.4182</gx:coord>
        <when>2026-01-01T00:30:12.7549620Z</when>
        <gx:coord>15.680536 47.833393 2658.6238</gx:coord>
        <when>2026-01-01T00:30:17.7539620Z</when>
        <gx:coord>15.681084 47.830353 2657.872</gx:coord>
        <when>2026-01-01T00:30:22.0869620Z</when>
        <gx:coord>15.681604 47.827305 2657.0825</gx:coord>
        <when>2026-01-01T00:30:22.7549620Z</when>
        <gx:coord>15.681604 47.827305 2656.6833</gx:coord>
        <when>2026-01-01T00:30:27.7549620Z</when>
        <gx:coord>15.682079 47.824234 2657.8176</gx:coord>
        <when>2026-01-01T00:30:32.7549620Z</when>
        <gx:coord>15.682493 47.821144 2655.844</gx:coord>
        <when>2026-01-01T00:30:44.8179620Z</when>
        <gx:coord>15.683605 47.813805 2655.842</gx:coord>
        <when>2026-01-01T00:30:49.0989620Z</when>
        <gx:coord>15.684087 47.81074 2654.9026</gx:coord>
        <when>2026-01-01T00:30:49.8189620Z</when>
        <gx:coord>15.684087 47.81074 2655.4268</gx:coord>
        <when>2026-01-01T00:30:54.8199620Z</when>
        <gx:coord>15.684616 47.80771 2656.5637</gx:coord>
        <when>2026-01-01T00:31:09.4939620Z</when>
        <gx:coord>15.686034 47.798805 2659.241</gx:coord>
        <when>2026-01-01T00:31:14.4949620Z</when>
        <gx:coord>15.686383 47.79585 2660.7644</gx:coord>
        <when>2026-01-01T00:31:17.0969620Z</when>
        <gx:coord>15.686581 47.79408 2660.6182</gx:coord>
        <when>2026-01-01T00:31:19.4949620Z</when>
        <gx:coord>15.68669 47.7929 2658.478</gx:coord>
        <when>2026-01-01T00:31:24.4949620Z</when>
        <gx:coord>15.68687 47.789932 2664.182</gx:coord>
        <when>2026-01-01T00:31:29.4949620Z</when>
        <gx:coord>15.6870985 47.786896 2660.8826</gx:coord>
        <when>2026-01-01T00:31:34.4949620Z</when>
        <gx:coord>15.687252 47.78381 2655.0022</gx:coord>
        <when>2026-01-01T00:31:39.4949620Z</when>
        <gx:coord>15.6875515 47.780655 2657.17</gx:coord>
        <when>2026-01-01T00:31:44.0969620Z</when>
        <gx:coord>15.688093 47.77742 2658.8113</gx:coord>
        <when>2026-01-01T00:31:44.4959620Z</when>
        <gx:coord>15.688093 47.77742 2657.7637</gx:coord>
        <when>2026-01-01T00:31:49.4949620Z</when>
        <gx:coord>15.688486 47.774117 2653.854</gx:coord>
        <when>2026-01-01T00:31:54.4959620Z</when>
        <gx:coord>15.688746 47.7708 2649.5938</gx:coord>
        <when>2026-01-01T00:31:59.4959620Z</when>
        <gx:coord>15.689085 47.76747 2648.9192</gx:coord>
        <when>2026-01-01T00:32:04.4959620Z</when>
        <gx:coord>15.689377 47.76413 2648.635</gx:coord>
        <when>2026-01-01T00:32:09.0859620Z</when>
        <gx:coord>15.689659 47.760784 2655.9595</gx:coord>
        <when>2026-01-01T00:32:11.0849620Z</when>
        <gx:coord>15.689716 47.760113 2655.9082</gx:coord>
        <when>2026-01-01T00:32:34.1019620Z</when>
        <gx:coord>15.691085 47.743874 2653.6736</gx:coord>
        <when>2026-01-01T00:32:42.7569620Z</when>
        <gx:coord>15.692012 47.73859 2655.2822</gx:coord>
        <when>2026-01-01T00:33:00.0979620Z</when>
        <gx:coord>15.693899 47.72706 2658.2288</gx:coord>
        <when>2026-01-01T00:33:26.7559620Z</when>
        <gx:coord>15.696103 47.711044 2656.367</gx:coord>
        <when>2026-01-01T00:33:26.7659620Z</when>
        <gx:coord>15.696173 47.710392 2656.367</gx:coord>
        <when>2026-01-01T00:33:31.7569620Z</when>
        <gx:coord>15.696559 47.70713 2654.1687</gx:coord>
        <when>2026-01-01T00:33:36.7569620Z</when>
        <gx:coord>15.696961 47.70385 2654.7085</gx:coord>
        <when>2026-01-01T00:33:49.6209620Z</when>
        <gx:coord>15.698067 47.695393 2653.5642</gx:coord>
        <when>2026-01-01T00:33:52.0949620Z</when>
        <gx:coord>15.698271 47.69347 2650.938</gx:coord>
        <when>2026-01-01T00:33:54.6209620Z</when>
        <gx:coord>15.698412 47.692196 2654.1277</gx:coord>
        <when>2026-01-01T00:34:04.6919620Z</when>
        <gx:coord>15.698955 47.685795 2658.3853</gx:coord>
        <when>2026-01-01T00:34:09.6929620Z</when>
        <gx:coord>15.699162 47.682545 2654.7605</gx:coord>
        <when>2026-01-01T00:34:14.6929620Z</when>
        <gx:coord>15.699412 47.679325 2653.0781</gx:coord>
        <when>2026-01-01T00:34:18.1079620Z</when>
        <gx:coord>15.699766 47.67676 2654.1729</gx:coord>
        <when>2026-01-01T00:34:19.6929620Z</when>
        <gx:coord>15.699879 47.67613 2656.4832</gx:coord>
        <when>2026-01-01T00:34:24.6929620Z</when>
        <gx:coord>15.700514 47.672947 2656.3132</gx:coord>
        <when>2026-01-01T00:34:29.6939620Z</when>
        <gx:coord>15.701132 47.66979 2662.8774</gx:coord>
        <when>2026-01-01T00:34:32.0819620Z</when>
        <gx:coord>15.701378 47.668545 2662.025</gx:coord>
        <when>2026-01-01T00:34:45.0909620Z</when>
        <gx:coord>15.702898 47.660004 2669.2158</gx:coord>
        <when>2026-01-01T00:34:46.5599620Z</when>
        <gx:coord>15.702966 47.659393 2670.583</gx:coord>
        <when>2026-01-01T00:34:51.5609620Z</when>
        <gx:coord>15.703241 47.65629 2663.421</gx:coord>
        <when>2026-01-01T00:34:56.5609620Z</when>
        <gx:coord>15.703484 47.653156 2658.5327</gx:coord>
        <when>2026-01-01T00:35:01.5619620Z</when>
        <gx:coord>15.703681 47.650013 2654.7244</gx:coord>
        <when>2026-01-01T00:35:06.5619620Z</when>
        <gx:coord>15.703783 47.646824 2661.2666</gx:coord>
        <when>2026-01-01T00:35:11.5619620Z</when>
        <gx:coord>15.703805 47.64363 2656.2278</gx:coord>
        <when>2026-01-01T00:35:12.0859620Z</when>
        <gx:coord>15.703846 47.64299 2656.2278</gx:coord>
        <when>2026-01-01T00:35:16.5619620Z</when>
        <gx:coord>15.70397 47.64044 2657.3013</gx:coord>
        <when>2026-01-01T00:35:21.5619620Z</when>
        <gx:coord>15.704228 47.637314 2663.4412</gx:coord>
        <when>2026-01-01T00:35:26.5609620Z</when>
        <gx:coord>15.70447 47.634193 2668.4036</gx:coord>
        <when>2026-01-01T00:35:31.5619620Z</when>
        <gx:coord>15.704624 47.631035 2660.4014</gx:coord>
        <when>2026-01-01T00:35:36.5619620Z</when>
        <gx:coord>15.704862 47.627808 2654.7622</gx:coord>
        <when>2026-01-01T00:35:39.0939620Z</when>
        <gx:coord>15.705056 47.625877 2654.149</gx:coord>
        <when>2026-01-01T00:35:41.5629620Z</when>
        <gx:coord>15.705202 47.62459 2660.396</gx:coord>
        <when>2026-01-01T00:35:46.5889620Z</when>
        <gx:coord>15.705514 47.62137 2660.9287</gx:coord>
        <when>2026-01-01T00:35:51.5609620Z</when>
        <gx:coord>15.705874 47.61817 2663.1138</gx:coord>
        <when>2026-01-01T00:35:56.5619620Z</when>
        <gx:coord>15.706269 47.615017 2665.5542</gx:coord>
        <when>2026-01-01T00:36:06.0969620Z</when>
        <gx:coord>15.70693 47.608795 2665.946</gx:coord>
        <when>2026-01-01T00:36:11.1399620Z</when>
        <gx:coord>15.707332 47.605705 2661.99</gx:coord>
        <when>2026-01-01T00:36:16.1409620Z</when>
        <gx:coord>15.707829 47.602615 2661.2183</gx:coord>
        <when>2026-01-01T00:36:21.1409620Z</when>
        <gx:coord>15.708204 47.59956 2662.1548</gx:coord>
        <when>2026-01-01T00:36:26.1409620Z</when>
        <gx:coord>15.708443 47.596504 2661.288</gx:coord>
        <when>2026-01-01T00:36:31.1409620Z</when>
        <gx:coord>15.708746 47.59345 2666.2356</gx:coord>
        <when>2026-01-01T00:36:34.0949620Z</when>
        <gx:coord>15.708886 47.59162 2665.6934</gx:coord>
        <when>2026-01-01T00:36:36.1419620Z</when>
        <gx:coord>15.708985 47.590412 2663.3193</gx:coord>
        <when>2026-01-01T00:36:41.1409620Z</when>
        <gx:coord>15.709236 47.587364 2666.1226</gx:coord>
        <when>2026-01-01T00:36:46.1419620Z</when>
        <gx:coord>15.709498 47.584343 2666.9456</gx:coord>
        <when>2026-01-01T00:36:51.1409620Z</when>
        <gx:coord>15.709658 47.581318 2664.376</gx:coord>
        <when>2026-01-01T00:36:56.1419620Z</when>
        <gx:coord>15.709813 47.5782 2662.364</gx:coord>
        <when>2026-01-01T00:37:02.0919620Z</when>
        <gx:coord>15.709936 47.57437 2659.7644</gx:coord>
        <when>2026-01-01T00:37:06.4129620Z</when>
        <gx:coord>15.710081 47.571827 2656.2344</gx:coord>
        <when>2026-01-01T00:37:27.8519620Z</when>
        <gx:coord>15.711099 47.55864 2663.9717</gx:coord>
        <when>2026-01-01T00:37:29.0899620Z</when>
        <gx:coord>15.711183 47.557377 2664.729</gx:coord>
        <when>2026-01-01T00:37:32.8529620Z</when>
        <gx:coord>15.711309 47.555473 2663.0425</gx:coord>
        <when>2026-01-01T00:37:37.8529620Z</when>
        <gx:coord>15.711502 47.55227 2661.7676</gx:coord>
        <when>2026-01-01T00:37:42.8539620Z</when>
        <gx:coord>15.711649 47.54902 2659.1128</gx:coord>
        <when>2026-01-01T00:37:47.8529620Z</when>
        <gx:coord>15.711781 47.545753 2657.6328</gx:coord>
        <when>2026-01-01T00:37:52.8539620Z</when>
        <gx:coord>15.711922 47.5425 2657.5308</gx:coord>
        <when>2026-01-01T00:37:55.0909620Z</when>
        <gx:coord>15.712051 47.540546 2657.107</gx:coord>
        <when>2026-01-01T00:37:57.8539620Z</when>
        <gx:coord>15.712134 47.53925 2657.7012</gx:coord>
        <when>2026-01-01T00:38:02.8539620Z</when>
        <gx:coord>15.712355 47.53602 2659.0942</gx:coord>
        <when>2026-01-01T00:38:07.8529620Z</when>
        <gx:coord>15.712579 47.53279 2659.6182</gx:coord>
        <when>2026-01-01T00:38:12.8539620Z</when>
        <gx:coord>15.712796 47.529568 2657.222</gx:coord>
        <when>2026-01-01T00:38:17.8539620Z</when>
        <gx:coord>15.713032 47.526367 2657.894</gx:coord>
        <when>2026-01-01T00:38:19.6099620Z</when>
        <gx:coord>15.713134 47.525093 2657.0652</gx:coord>
        <when>2026-01-01T00:38:21.0889620Z</when>
        <gx:coord>15.713239 47.523823 2656.6594</gx:coord>
        <when>2026-01-01T00:38:24.6109620Z</when>
        <gx:coord>15.713445 47.52193 2659.7727</gx:coord>
        <when>2026-01-01T00:38:29.6109620Z</when>
        <gx:coord>15.713786 47.51878 2660.8435</gx:coord>
        <when>2026-01-01T00:38:34.6109620Z</when>
        <gx:coord>15.714191 47.515606 2661.4324</gx:coord>
        <when>2026-01-01T00:38:39.6109620Z</when>
        <gx:coord>15.714626 47.512436 2659.2498</gx:coord>
        <when>2026-01-01T00:38:44.6109620Z</when>
        <gx:coord>15.714993 47.509266 2657.7153</gx:coord>
        <when>2026-01-01T00:38:48.0979620Z</when>
        <gx:coord>15.715237 47.506733 2657.446</gx:coord>
        <when>2026-01-01T00:38:49.6109620Z</when>
        <gx:coord>15.7152815 47.50609 2661.6333</gx:coord>
        <when>2026-01-01T00:38:54.6119620Z</when>
        <gx:coord>15.715588 47.502945 2662.1003</gx:coord>
        <when>2026-01-01T00:38:59.6109620Z</when>
        <gx:coord>15.715939 47.49983 2665.1704</gx:coord>
        <when>2026-01-01T00:39:04.6149620Z</when>
        <gx:coord>15.716251 47.496696 2667.039</gx:coord>
        <when>2026-01-01T00:39:09.6119620Z</when>
        <gx:coord>15.716533 47.493572 2657.7388</gx:coord>
        <when>2026-01-01T00:39:14.6119620Z</when>
        <gx:coord>15.716857 47.490448 2657.8818</gx:coord>
        <when>2026-01-01T00:39:15.1089620Z</when>
        <gx:coord>15.716929 47.489826 2657.8818</gx:coord>
        <when>2026-01-01T00:39:19.6339620Z</when>
        <gx:coord>15.717134 47.487293 2658.2385</gx:coord>
        <when>2026-01-01T00:39:24.6109620Z</when>
        <gx:coord>15.717558 47.4841 2662.7605</gx:coord>
        <when>2026-01-01T00:39:29.6119620Z</when>
        <gx:coord>15.718047 47.480907 2658.2234</gx:coord>
        <when>2026-01-01T00:39:34.6119620Z</when>
        <gx:coord>15.718389 47.477657 2659.3523</gx:coord>
        <when>2026-01-01T00:39:39.6119620Z</when>
        <gx:coord>15.718706 47.47442 2661.9443</gx:coord>
        <when>2026-01-01T00:39:41.0939620Z</when>
        <gx:coord>15.718831 47.47312 2660.688</gx:coord>
        <when>2026-01-01T00:39:44.6119620Z</when>
        <gx:coord>15.719031 47.471195 2662.2034</gx:coord>
        <when>2026-01-01T00:39:57.9549620Z</when>
        <gx:coord>15.719834 47.463017 2656.8464</gx:coord>
        <when>2026-01-01T00:39:59.0989620Z</when>
        <gx:coord>15.719989 47.461777 2656.3425</gx:coord>
        <when>2026-01-01T00:40:02.9559620Z</when>
        <gx:coord>15.720229 47.459938 2659.9644</gx:coord>
        <when>2026-01-01T00:40:07.9649620Z</when>
        <gx:coord>15.720595 47.456894 2662.3853</gx:coord>
        <when>2026-01-01T00:40:08.0869620Z</when>
        <gx:coord>15.720666 47.456287 2662.3853</gx:coord>
        <when>2026-01-01T00:40:12.9559620Z</when>
        <gx:coord>15.72093 47.45387 2662.5674</gx:coord>
        <when>2026-01-01T00:40:17.9779620Z</when>
        <gx:coord>15.721221 47.450855 2659.542</gx:coord>
        <when>2026-01-01T00:40:22.9749620Z</when>
        <gx:coord>15.72154 47.447876 2665.9465</gx:coord>
        <when>2026-01-01T00:40:27.9739620Z</when>
        <gx:coord>15.721765 47.44489 2669.3882</gx:coord>
        <when>2026-01-01T00:40:32.9559620Z</when>
        <gx:coord>15.721876 47.441826 2668.55</gx:coord>
        <when>2026-01-01T00:40:36.0959620Z</when>
        <gx:coord>15.721962 47.439304 2662.8757</gx:coord>
        <when>2026-01-01T00:40:37.9559620Z</when>
        <gx:coord>15.721979 47.43866 2659.2336</gx:coord>
        <when>2026-01-01T00:40:42.9559620Z</when>
        <gx:coord>15.721898 47.43546 2650.1504</gx:coord>
        <when>2026-01-01T00:40:47.0829620Z</when>
        <gx:coord>15.721698 47.432896 2654.2976</gx:coord>
        <when>2026-01-01T00:40:47.9559620Z</when>
        <gx:coord>15.721605 47.432247 2656.447</gx:coord>
        <when>2026-01-01T00:40:52.9559620Z</when>
        <gx:coord>15.721155 47.429115 2655.5857</gx:coord>
        <when>2026-01-01T00:40:57.9879620Z</when>
        <gx:coord>15.720638 47.42605 2658.7017</gx:coord>
        <when>2026-01-01T00:41:02.9559620Z</when>
        <gx:coord>15.720003 47.423004 2663.9958</gx:coord>
        <when>2026-01-01T00:41:03.0909620Z</when>
        <gx:coord>15.719876 47.422398 2663.9958</gx:coord>
        <when>2026-01-01T00:41:07.9569620Z</when>
        <gx:coord>15.719351 47.41994 2670.1072</gx:coord>
        <when>2026-01-01T00:41:18.0789620Z</when>
        <gx:coord>15.717833 47.41354 2661.6807</gx:coord>
        <when>2026-01-01T00:41:28.8109620Z</when>
        <gx:coord>15.715887 47.406174 2645.5054</gx:coord>
        <when>2026-01-01T00:41:29.0849620Z</when>
        <gx:coord>15.715705 47.405502 2645.5054</gx:coord>
        <when>2026-01-01T00:41:33.8279620Z</when>
        <gx:coord>15.714986 47.402847 2649.1504</gx:coord>
        <when>2026-01-01T00:41:38.8119620Z</when>
        <gx:coord>15.714118 47.399574 2652.0522</gx:coord>
        <when>2026-01-01T00:41:43.8119620Z</when>
        <gx:coord>15.713281 47.39634 2653.4082</gx:coord>
        <when>2026-01-01T00:41:48.8119620Z</when>
        <gx:coord>15.712441 47.39313 2660.2537</gx:coord>
        <when>2026-01-01T00:41:53.8119620Z</when>
        <gx:coord>15.711557 47.38995 2657.046</gx:coord>
        <when>2026-01-01T00:41:55.0949620Z</when>
        <gx:coord>15.711247 47.38868 2657.1726</gx:coord>
        <when>2026-01-01T00:41:58.8119620Z</when>
        <gx:coord>15.710781 47.38679 2656.2327</gx:coord>
        <when>2026-01-01T00:42:02.0799620Z</when>
        <gx:coord>15.710311 47.384926 2656.6716</gx:coord>
        <when>2026-01-01T00:42:03.8119620Z</when>
        <gx:coord>15.710001 47.383694 2656.9102</gx:coord>
        <when>2026-01-01T00:42:08.8129620Z</when>
        <gx:coord>15.709243 47.380665 2661.227</gx:coord>
        <when>2026-01-01T00:42:13.8129620Z</when>
        <gx:coord>15.708504 47.37766 2666.044</gx:coord>
        <when>2026-01-01T00:42:18.8119620Z</when>
        <gx:coord>15.707791 47.374622 2668.3767</gx:coord>
        <when>2026-01-01T00:42:22.0939620Z</when>
        <gx:coord>15.707221 47.37213 2662.585</gx:coord>
        <when>2026-01-01T00:42:23.8129620Z</when>
        <gx:coord>15.707073 47.371502 2658.2683</gx:coord>
        <when>2026-01-01T00:42:28.8129620Z</when>
        <gx:coord>15.706239 47.36832 2660.5596</gx:coord>
        <when>2026-01-01T00:42:33.8129620Z</when>
        <gx:coord>15.705413 47.36509 2653.9675</gx:coord>
        <when>2026-01-01T00:42:38.8129620Z</when>
        <gx:coord>15.7045145 47.361774 2654.3376</gx:coord>
        <when>2026-01-01T00:42:43.8129620Z</when>
        <gx:coord>15.703637 47.358467 2649.3032</gx:coord>
        <when>2026-01-01T00:42:48.1179620Z</when>
        <gx:coord>15.702809 47.355194 2650.701</gx:coord>
        <when>2026-01-01T00:42:48.8119620Z</when>
        <gx:coord>15.702809 47.355194 2650.8203</gx:coord>
        <when>2026-01-01T00:42:53.8129620Z</when>
        <gx:coord>15.702017 47.351948 2651.4812</gx:coord>
        <when>2026-01-01T00:42:58.8129620Z</when>
        <gx:coord>15.701272 47.34872 2654.9575</gx:coord>
        <when>2026-01-01T00:43:03.8119620Z</when>
        <gx:coord>15.700597 47.34552 2656.097</gx:coord>
        <when>2026-01-01T00:43:08.8119620Z</when>
        <gx:coord>15.699916 47.342346 2661.1743</gx:coord>
        <when>2026-01-01T00:43:13.8129620Z</when>
        <gx:coord>15.699311 47.339226 2662.8613</gx:coord>
        <when>2026-01-01T00:43:14.0919620Z</when>
        <gx:coord>15.699194 47.338604 2662.8613</gx:coord>
        <when>2026-01-01T00:43:18.8129620Z</when>
        <gx:coord>15.698697 47.33611 2665.0918</gx:coord>
        <when>2026-01-01T00:43:23.8129620Z</when>
        <gx:coord>15.698065 47.332973 2663.1316</gx:coord>
        <when>2026-01-01T00:43:28.8129620Z</when>
        <gx:coord>15.697408 47.329792 2660.286</gx:coord>
        <when>2026-01-01T00:43:33.8119620Z</when>
        <gx:coord>15.696723 47.32659 2657.886</gx:coord>
        <when>2026-01-01T00:43:38.8129620Z</when>
        <gx:coord>15.696033 47.32337 2660.1216</gx:coord>
        <when>2026-01-01T00:43:40.0929620Z</when>
        <gx:coord>15.695739 47.322083 2660.3374</gx:coord>
        <when>2026-01-01T00:43:43.8129620Z</when>
        <gx:coord>15.695343 47.320164 2660.6897</gx:coord>
        <when>2026-01-01T00:43:48.8129620Z</when>
        <gx:coord>15.694652 47.316956 2658.4998</gx:coord>
        <when>2026-01-01T00:43:53.8129620Z</when>
        <gx:coord>15.693926 47.313744 2655.443</gx:coord>
        <when>2026-01-01T00:43:58.8129620Z</when>
        <gx:coord>15.693229 47.310543 2656.4946</gx:coord>
        <when>2026-01-01T00:44:03.8129620Z</when>
        <gx:coord>15.692515 47.307373 2657.095</gx:coord>
        <when>2026-01-01T00:44:08.8129620Z</when>
        <gx:coord>15.692239 47.306107 2657.886</gx:coord>
        <when>2026-01-01T00:44:10.1529620Z</when>
        <gx:coord>15.6921 47.305477 2657.886</gx:coord>
        <when>2026-01-01T00:44:13.8119620Z</when>
        <gx:coord>15.691141 47.301033 2661.152</gx:coord>
        <when>2026-01-01T00:44:18.8129620Z</when>
        <gx:coord>15.690443 47.297855 2657.7305</gx:coord>
        <when>2026-01-01T00:44:23.8129620Z</when>
        <gx:coord>15.689729 47.29466 2656.0352</gx:coord>
        <when>2026-01-01T00:44:28.8129620Z</when>
        <gx:coord>15.68899 47.291466 2654.5623</gx:coord>
        <when>2026-01-01T00:44:32.0939620Z</when>
        <gx:coord>15.688373 47.28893 2650.6953</gx:coord>
        <when>2026-01-01T00:44:33.8129620Z</when>
        <gx:coord>15.688227 47.288292 2650.8813</gx:coord>
        <when>2026-01-01T00:44:38.8129620Z</when>
        <gx:coord>15.68749 47.285137 2656.651</gx:coord>
        <when>2026-01-01T00:44:43.8159620Z</when>
        <gx:coord>15.686828 47.282063 2657.5857</gx:coord>
        <when>2026-01-01T00:44:48.8129620Z</when>
        <gx:coord>15.686233 47.279037 2664.3162</gx:coord>
        <when>2026-01-01T00:44:53.8129620Z</when>
        <gx:coord>15.685668 47.27602 2658.0942</gx:coord>
        <when>2026-01-01T00:44:58.8129620Z</when>
        <gx:coord>15.68505 47.27298 2658.7495</gx:coord>
        <when>2026-01-01T00:44:59.0939620Z</when>
        <gx:coord>15.68493 47.272377 2658.7495</gx:coord>
        <when>2026-01-01T00:45:03.8129620Z</when>
        <gx:coord>15.6843815 47.269913 2655.9246</gx:coord>
        <when>2026-01-01T00:45:08.8129620Z</when>
        <gx:coord>15.683621 47.266766 2658.0928</gx:coord>
        <when>2026-01-01T00:45:13.8129620Z</when>
        <gx:coord>15.682821 47.263573 2658.4893</gx:coord>
        <when>2026-01-01T00:45:18.8129620Z</when>
        <gx:coord>15.682059 47.260395 2656.3325</gx:coord>
        <when>2026-01-01T00:45:23.8129620Z</when>
        <gx:coord>15.681237 47.2572 2659.7476</gx:coord>
        <when>2026-01-01T00:45:25.0949620Z</when>
        <gx:coord>15.680906 47.255924 2659.9458</gx:coord>
        <when>2026-01-01T00:45:28.8129620Z</when>
        <gx:coord>15.680415 47.254017 2661.4307</gx:coord>
        <when>2026-01-01T00:45:33.8119620Z</when>
        <gx:coord>15.679588 47.25086 2661.8801</gx:coord>
        <when>2026-01-01T00:45:38.8129620Z</when>
        <gx:coord>15.678837 47.24771 2662.0222</gx:coord>
        <when>2026-01-01T00:45:43.8129620Z</when>
        <gx:coord>15.678123 47.24457 2662.577</gx:coord>
        <when>2026-01-01T00:45:48.8129620Z</when>
        <gx:coord>15.6773815 47.2415 2663.9272</gx:coord>
        <when>2026-01-01T00:45:52.1089620Z</when>
        <gx:coord>15.676825 47.239033 2663.6592</gx:coord>
        <when>2026-01-01T00:45:53.8129620Z</when>
        <gx:coord>15.676685 47.238415 2662.5305</gx:coord>
        <when>2026-01-01T00:45:58.8129620Z</when>
        <gx:coord>15.6760025 47.235268 2659.1216</gx:coord>
        <when>2026-01-01T00:46:03.8129620Z</when>
        <gx:coord>15.675287 47.232086 2659.1704</gx:coord>
        <when>2026-01-01T00:46:08.8129620Z</when>
        <gx:coord>15.674542 47.228905 2662.789</gx:coord>
        <when>2026-01-01T00:46:13.8129620Z</when>
        <gx:coord>15.673738 47.2257 2660.8347</gx:coord>
        <when>2026-01-01T00:46:18.0979620Z</when>
        <gx:coord>15.672951 47.222446 2659.379</gx:coord>
        <when>2026-01-01T00:46:44.1079620Z</when>
        <gx:coord>15.668771 47.20589 2656.1455</gx:coord>
        <when>2026-01-01T00:47:08.3069620Z</when>
        <gx:coord>15.665327 47.19095 2662.512</gx:coord>
        <when>2026-01-01T00:47:11.0989620Z</when>
        <gx:coord>15.6649275 47.1891 2662.895</gx:coord>
        <when>2026-01-01T00:47:13.3079620Z</when>
        <gx:coord>15.664654 47.18786 2661.5264</gx:coord>
        <when>2026-01-01T00:47:18.3079620Z</when>
        <gx:coord>15.663996 47.18474 2659.308</gx:coord>
        <when>2026-01-01T00:47:23.3079620Z</when>
        <gx:coord>15.663316 47.181595 2656.8381</gx:coord>
        <when>2026-01-01T00:47:28.3079620Z</when>
        <gx:coord>15.662632 47.17845 2659.5574</gx:coord>
        <when>2026-01-01T00:47:33.3079620Z</when>
        <gx:coord>15.66189 47.175236 2662.2688</gx:coord>
        <when>2026-01-01T00:47:38.0999620Z</when>
        <gx:coord>15.661076 47.172035 2661.358</gx:coord>
        <when>2026-01-01T00:47:38.3079620Z</when>
        <gx:coord>15.661076 47.172035 2662.67</gx:coord>
        <when>2026-01-01T00:47:40.3439620Z</when>
        <gx:coord>15.660864 47.171402 2662.3386</gx:coord>
        <when>2026-01-01T00:47:41.1109620Z</when>
        <gx:coord>15.6603365 47.17017 2660.5652</gx:coord>
        <when>2026-01-01T00:47:45.0869620Z</when>
        <gx:coord>15.659305 47.168526 2657.4207</gx:coord>
        <when>2026-01-01T00:47:49.0929620Z</when>
        <gx:coord>15.65729 47.166676 2661.8577</gx:coord>
        <when>2026-01-01T00:48:07.0989620Z</when>
        <gx:coord>15.645806 47.15838 2657.9326</gx:coord>
        <when>2026-01-01T00:48:35.0939620Z</when>
        <gx:coord>15.6287985 47.14573 2657.3914</gx:coord>
        <when>2026-01-01T00:49:04.0929620Z</when>
        <gx:coord>15.612216 47.13277 2660.6729</gx:coord>
        <when>2026-01-01T00:49:15.9399620Z</when>
        <gx:coord>15.606015 47.127884 2662.9238</gx:coord>
        <when>2026-01-01T00:49:20.9399620Z</when>
        <gx:coord>15.603221 47.125633 2661.6702</gx:coord>
        <when>2026-01-01T00:49:25.9409620Z</when>
        <gx:coord>15.600423 47.123367 2662.189</gx:coord>
        <when>2026-01-01T00:49:30.9409620Z</when>
        <gx:coord>15.597593 47.121098 2660.893</gx:coord>
        <when>2026-01-01T00:49:33.0829620Z</when>
        <gx:coord>15.5964985 47.120213 2660.263</gx:coord>
        <when>2026-01-01T00:49:33.0969620Z</when>
        <gx:coord>15.595931 47.11978 2660.263</gx:coord>
        <when>2026-01-01T00:49:35.9409620Z</when>
        <gx:coord>15.594804 47.11888 2667.3826</gx:coord>
        <when>2026-01-01T00:49:40.9409620Z</when>
        <gx:coord>15.592058 47.116676 2673.5972</gx:coord>
        <when>2026-01-01T00:49:45.9529620Z</when>
        <gx:coord>15.589243 47.114372 2674.787</gx:coord>
        <when>2026-01-01T00:49:50.9409620Z</when>
        <gx:coord>15.586522 47.112106 2666.5474</gx:coord>
        <when>2026-01-01T00:50:02.0919620Z</when>
        <gx:coord>15.579483 47.106762 2661.8345</gx:coord>
        <when>2026-01-01T00:50:05.0239620Z</when>
        <gx:coord>15.578313 47.105858 2660.891</gx:coord>
        <when>2026-01-01T00:50:10.0249620Z</when>
        <gx:coord>15.575398 47.103607 2659.0488</gx:coord>
        <when>2026-01-01T00:50:15.0249620Z</when>
        <gx:coord>15.572485 47.10135 2661.299</gx:coord>
        <when>2026-01-01T00:50:20.0239620Z</when>
        <gx:coord>15.569578 47.099068 2661.5027</gx:coord>
        <when>2026-01-01T00:50:25.0319620Z</when>
        <gx:coord>15.56662 47.096798 2661.9814</gx:coord>
        <when>2026-01-01T00:50:30.0249620Z</when>
        <gx:coord>15.563646 47.094498 2662.022</gx:coord>
        <when>2026-01-01T00:50:30.0859620Z</when>
        <gx:coord>15.5630455 47.09404 2662.022</gx:coord>
        <when>2026-01-01T00:50:35.0249620Z</when>
        <gx:coord>15.560628 47.09219 2660.5085</gx:coord>
        <when>2026-01-01T00:50:40.0249620Z</when>
        <gx:coord>15.557589 47.089878 2658.742</gx:coord>
        <when>2026-01-01T00:50:45.2619620Z</when>
        <gx:coord>15.553946 47.087093 2658.7876</gx:coord>
        <when>2026-01-01T00:50:50.0249620Z</when>
        <gx:coord>15.551518 47.085247 2658.9678</gx:coord>
        <when>2026-01-01T00:50:55.0249620Z</when>
        <gx:coord>15.548499 47.08296 2659.5894</gx:coord>
        <when>2026-01-01T00:50:57.0959620Z</when>
        <gx:coord>15.546702 47.08158 2660.2505</gx:coord>
        <when>2026-01-01T00:51:00.0249620Z</when>
        <gx:coord>15.5455065 47.08067 2660.9858</gx:coord>
        <when>2026-01-01T00:51:05.0579620Z</when>
        <gx:coord>15.5425415 47.078407 2660.275</gx:coord>
        <when>2026-01-01T00:51:10.0259620Z</when>
        <gx:coord>15.539637 47.076138 2662.2385</gx:coord>
        <when>2026-01-01T00:51:15.0259620Z</when>
        <gx:coord>15.536779 47.073887 2661.45</gx:coord>
        <when>2026-01-01T00:51:20.0259620Z</when>
        <gx:coord>15.533888 47.071613 2662.447</gx:coord>
        <when>2026-01-01T00:51:25.0259620Z</when>
        <gx:coord>15.531017 47.06938 2662.779</gx:coord>
        <when>2026-01-01T00:51:25.0899620Z</when>
        <gx:coord>15.530447 47.068947 2662.779</gx:coord>
        <when>2026-01-01T00:51:30.0259620Z</when>
        <gx:coord>15.528175 47.06717 2661.213</gx:coord>
        <when>2026-01-01T00:51:35.0259620Z</when>
        <gx:coord>15.525319 47.064873 2663.1802</gx:coord>
        <when>2026-01-01T00:51:40.0259620Z</when>
        <gx:coord>15.522496 47.06261 2662.786</gx:coord>
        <when>2026-01-01T00:51:54.0899620Z</when>
        <gx:coord>15.514117 47.055798 2663.7568</gx:coord>
        <when>2026-01-01T00:52:10.4559620Z</when>
        <gx:coord>15.505083 47.048492 2663.2075</gx:coord>
        <when>2026-01-01T00:52:15.4559620Z</when>
        <gx:coord>15.502205 47.046207 2658.7346</gx:coord>
        <when>2026-01-01T00:52:20.4569620Z</when>
        <gx:coord>15.499381 47.04393 2662.4124</gx:coord>
        <when>2026-01-01T00:52:22.0949620Z</when>
        <gx:coord>15.498246 47.043026 2662.3599</gx:coord>
        <when>2026-01-01T00:52:25.4569620Z</when>
        <gx:coord>15.496542 47.04167 2663.9604</gx:coord>
        <when>2026-01-01T00:52:29.7639620Z</when>
        <gx:coord>15.494287 47.039856 2665.7524</gx:coord>
        <when>2026-01-01T00:52:41.5129620Z</when>
        <gx:coord>15.487536 47.034424 2662.1816</gx:coord>
        <when>2026-01-01T00:52:46.5139620Z</when>
        <gx:coord>15.484757 47.032177 2664.2234</gx:coord>
        <when>2026-01-01T00:52:51.0889620Z</when>
        <gx:coord>15.482014 47.02997 2665.907</gx:coord>
        <when>2026-01-01T00:53:08.4609620Z</when>
        <gx:coord>15.472919 47.022583 2666.311</gx:coord>
        <when>2026-01-01T00:53:13.4619620Z</when>
        <gx:coord>15.470303 47.020435 2667.2139</gx:coord>
        <when>2026-01-01T00:53:21.1019620Z</when>
        <gx:coord>15.466146 47.017 2668.9822</gx:coord>
        <when>2026-01-01T00:53:33.3849620Z</when>
        <gx:coord>15.45988 47.011864 2669.865</gx:coord>
        <when>2026-01-01T00:53:38.3859620Z</when>
        <gx:coord>15.457243 47.009727 2668.4932</gx:coord>
        <when>2026-01-01T00:53:43.3859620Z</when>
        <gx:coord>15.454601 47.007595 2668.4592</gx:coord>
        <when>2026-01-01T00:53:48.3859620Z</when>
        <gx:coord>15.451949 47.005497 2670.529</gx:coord>
        <when>2026-01-01T00:53:51.0959620Z</when>
        <gx:coord>15.450397 47.004246 2671.7407</gx:coord>
        <when>2026-01-01T00:53:53.3859620Z</when>
        <gx:coord>15.449352 47.003403 2673.123</gx:coord>
        <when>2026-01-01T00:53:58.3859620Z</when>
        <gx:coord>15.446666 47.001255 2672.5474</gx:coord>
        <when>2026-01-01T00:54:03.3859620Z</when>
        <gx:coord>15.443999 46.999126 2669.9653</gx:coord>
        <when>2026-01-01T00:54:08.3869620Z</when>
        <gx:coord>15.441295 46.996967 2670.2268</gx:coord>
        <when>2026-01-01T00:54:13.0959620Z</when>
        <gx:coord>15.438519 46.994812 2673.2683</gx:coord>
        <when>2026-01-01T00:54:13.3859620Z</when>
        <gx:coord>15.438519 46.994812 2674.39</gx:coord>
        <when>2026-01-01T00:54:16.0929620Z</when>
        <gx:coord>15.436834 46.993504 2671.721</gx:coord>
        <when>2026-01-01T00:54:19.0929620Z</when>
        <gx:coord>15.435156 46.992184 2669.2263</gx:coord>
        <when>2026-01-01T00:54:21.0929620Z</when>
        <gx:coord>15.434013 46.991306 2667.0037</gx:coord>
        <when>2026-01-01T00:54:42.4309620Z</when>
        <gx:coord>15.421729 46.98212 2663.1858</gx:coord>
        <when>2026-01-01T00:54:47.4319620Z</when>
        <gx:coord>15.418752 46.979935 2663.8247</gx:coord>
        <when>2026-01-01T00:54:50.0959620Z</when>
        <gx:coord>15.4169655 46.97862 2663.66</gx:coord>
        <when>2026-01-01T00:54:52.4319620Z</when>
        <gx:coord>15.415777 46.97774 2663.0166</gx:coord>
        <when>2026-01-01T00:54:57.4329620Z</when>
        <gx:coord>15.412791 46.975548 2662.9258</gx:coord>
        <when>2026-01-01T00:55:02.4319620Z</when>
        <gx:coord>15.409812 46.973347 2662.5046</gx:coord>
        <when>2026-01-01T00:55:07.4329620Z</when>
        <gx:coord>15.406862 46.971146 2662.269</gx:coord>
        <when>2026-01-01T00:55:12.4319620Z</when>
        <gx:coord>15.403919 46.96896 2665.7476</gx:coord>
        <when>2026-01-01T00:55:17.4329620Z</when>
        <gx:coord>15.401018 46.966774 2668.0532</gx:coord>
        <when>2026-01-01T00:55:18.0959620Z</when>
        <gx:coord>15.400433 46.96634 2668.0532</gx:coord>
        <when>2026-01-01T00:55:22.4319620Z</when>
        <gx:coord>15.398078 46.964565 2670.6077</gx:coord>
        <when>2026-01-01T00:55:27.4329620Z</when>
        <gx:coord>15.395155 46.962353 2672.064</gx:coord>
        <when>2026-01-01T00:55:32.4339620Z</when>
        <gx:coord>15.392228 46.960136 2671.7678</gx:coord>
        <when>2026-01-01T00:55:37.4339620Z</when>
        <gx:coord>15.389343 46.9579 2669.2944</gx:coord>
        <when>2026-01-01T00:55:42.4629620Z</when>
        <gx:coord>15.386433 46.95565 2670.0588</gx:coord>
        <when>2026-01-01T00:55:46.0989620Z</when>
        <gx:coord>15.3841 46.95384 2669.875</gx:coord>
        <when>2026-01-01T00:55:47.4339620Z</when>
        <gx:coord>15.383511 46.953392 2669.8457</gx:coord>
        <when>2026-01-01T00:55:52.4339620Z</when>
        <gx:coord>15.380581 46.95112 2670.1543</gx:coord>
        <when>2026-01-01T00:55:57.4339620Z</when>
        <gx:coord>15.377653 46.94883 2668.0173</gx:coord>
        <when>2026-01-01T00:56:14.0939620Z</when>
        <gx:coord>15.367597 46.9411 2663.488</gx:coord>
        <when>2026-01-01T00:56:16.5949620Z</when>
        <gx:coord>15.366409 46.940193 2664.1465</gx:coord>
        <when>2026-01-01T00:56:21.5959620Z</when>
        <gx:coord>15.363457 46.937927 2664.0352</gx:coord>
        <when>2026-01-01T00:56:33.0529620Z</when>
        <gx:coord>15.356967 46.932953 2665.5044</gx:coord>
        <when>2026-01-01T00:56:38.0539620Z</when>
        <gx:coord>15.353995 46.930676 2663.602</gx:coord>
        <when>2026-01-01T00:56:42.1009620Z</when>
        <gx:coord>15.351 46.928413 2661.605</gx:coord>
        <when>2026-01-01T00:56:43.0539620Z</when>
        <gx:coord>15.351 46.928413 2662.0532</gx:coord>
        <when>2026-01-01T00:56:48.0539620Z</when>
        <gx:coord>15.348022 46.92614 2661.1318</gx:coord>
        <when>2026-01-01T00:56:53.0539620Z</when>
        <gx:coord>15.345079 46.923874 2665.0598</gx:coord>
        <when>2026-01-01T00:56:58.0539620Z</when>
        <gx:coord>15.34215 46.921616 2666.1997</gx:coord>
        <when>2026-01-01T00:57:03.0549620Z</when>
        <gx:coord>15.339198 46.91936 2668.4233</gx:coord>
        <when>2026-01-01T00:57:08.0549620Z</when>
        <gx:coord>15.336269 46.91707 2667.9111</gx:coord>
        <when>2026-01-01T00:57:10.1069620Z</when>
        <gx:coord>15.334501 46.91569 2669.7546</gx:coord>
        <when>2026-01-01T00:57:13.0549620Z</when>
        <gx:coord>15.333314 46.91478 2669.9653</gx:coord>
        <when>2026-01-01T00:57:18.0549620Z</when>
        <gx:coord>15.3303 46.91249 2670.588</gx:coord>
        <when>2026-01-01T00:57:23.0549620Z</when>
        <gx:coord>15.327274 46.910187 2667.8103</gx:coord>
        <when>2026-01-01T00:57:28.0549620Z</when>
        <gx:coord>15.324268 46.907906 2667.0803</gx:coord>
        <when>2026-01-01T00:57:33.0549620Z</when>
        <gx:coord>15.321307 46.90563 2665.9963</gx:coord>
        <when>2026-01-01T00:57:38.0539620Z</when>
        <gx:coord>15.318447 46.90342 2666.052</gx:coord>
        <when>2026-01-01T00:57:38.1159620Z</when>
        <gx:coord>15.317887 46.902985 2666.052</gx:coord>
        <when>2026-01-01T00:57:43.0549620Z</when>
        <gx:coord>15.315732 46.90127 2667.963</gx:coord>
        <when>2026-01-01T00:57:48.0549620Z</when>
        <gx:coord>15.313134 46.899193 2672.7502</gx:coord>
        <when>2026-01-01T00:57:52.0949620Z</when>
        <gx:coord>15.311101 46.897556 2672.2004</gx:coord>
        <when>2026-01-01T00:57:53.0549620Z</when>
        <gx:coord>15.310596 46.897152 2672.1262</gx:coord>
        <when>2026-01-01T00:57:58.0549620Z</when>
        <gx:coord>15.308114 46.895126 2671.4753</gx:coord>
        <when>2026-01-01T00:58:03.0549620Z</when>
        <gx:coord>15.305715 46.89312 2675.1035</gx:coord>
        <when>2026-01-01T00:58:08.0549620Z</when>
        <gx:coord>15.303298 46.89112 2672.979</gx:coord>
        <when>2026-01-01T00:58:10.0919620Z</when>
        <gx:coord>15.301865 46.88991 2672.3213</gx:coord>
        <when>2026-01-01T00:58:13.0549620Z</when>
        <gx:coord>15.3009 46.889107 2672.2017</gx:coord>
        <when>2026-01-01T00:58:18.0559620Z</when>
        <gx:coord>15.298484 46.887077 2673.0872</gx:coord>
        <when>2026-01-01T00:58:23.0559620Z</when>
        <gx:coord>15.296048 46.88503 2669.1694</gx:coord>
        <when>2026-01-01T00:58:28.0549620Z</when>
        <gx:coord>15.2935915 46.882988 2668.4553</gx:coord>
        <when>2026-01-01T00:58:33.0559620Z</when>
        <gx:coord>15.291062 46.880962 2668.8923</gx:coord>
        <when>2026-01-01T00:58:38.0549620Z</when>
        <gx:coord>15.288391 46.87896 2673.5352</gx:coord>
        <when>2026-01-01T00:58:42.0999620Z</when>
        <gx:coord>15.285707 46.87692 2673.6318</gx:coord>
        <when>2026-01-01T00:58:43.0549620Z</when>
        <gx:coord>15.285707 46.87692 2673.769</gx:coord>
        <when>2026-01-01T00:58:48.0559620Z</when>
        <gx:coord>15.282995 46.874863 2668.7158</gx:coord>
        <when>2026-01-01T00:58:53.0559620Z</when>
        <gx:coord>15.280378 46.87277 2667.005</gx:coord>
        <when>2026-01-01T00:58:58.0559620Z</when>
        <gx:coord>15.27782 46.87066 2669.4336</gx:coord>
        <when>2026-01-01T00:59:03.0559620Z</when>
        <gx:coord>15.2752495 46.86853 2669.4373</gx:coord>
        <when>2026-01-01T00:59:08.0559620Z</when>
        <gx:coord>15.272627 46.86639 2669.498</gx:coord>
        <when>2026-01-01T00:59:12.0979620Z</when>
        <gx:coord>15.269972 46.86422 2668.574</gx:coord>
        <when>2026-01-01T00:59:13.0559620Z</when>
        <gx:coord>15.269972 46.86422 2668.3062</gx:coord>
        <when>2026-01-01T00:59:16.0939620Z</when>
        <gx:coord>15.268349 46.862896 2669.2324</gx:coord>
        <when>2026-01-01T00:59:18.0559620Z</when>
        <gx:coord>15.267244 46.86201 2668.6536</gx:coord>
        <when>2026-01-01T00:59:23.0559620Z</when>
        <gx:coord>15.264451 46.85978 2668.3955</gx:coord>
        <when>2026-01-01T00:59:28.0559620Z</when>
        <gx:coord>15.261619 46.857517 2668.746</gx:coord>
        <when>2026-01-01T00:59:33.0559620Z</when>
        <gx:coord>15.258807 46.855217 2664.6533</gx:coord>
        <when>2026-01-01T00:59:38.0559620Z</when>
        <gx:coord>15.255913 46.85297 2662.047</gx:coord>
        <when>2026-01-01T00:59:41.1009620Z</when>
        <gx:coord>15.253554 46.851234 2662.7634</gx:coord>
        <when>2026-01-01T00:59:43.0559620Z</when>
        <gx:coord>15.252965 46.850792 2661.9116</gx:coord>
        <when>2026-01-01T00:59:48.0559620Z</when>
        <gx:coord>15.249996 46.848587 2661.4902</gx:coord>
        <when>2026-01-01T00:59:53.0559620Z</when>
        <gx:coord>15.247029 46.846386 2662.1116</gx:coord>
        <when>2026-01-01T00:59:58.0559620Z</when>
        <gx:coord>15.244108 46.844196 2660.5461</gx:coord>
        <when>2026-01-01T01:00:03.0559620Z</when>
        <gx:coord>15.241232 46.841988 2662.9258</gx:coord>
        <when>2026-01-01T01:00:08.0559620Z</when>
        <gx:coord>15.238352 46.83977 2664.2007</gx:coord>
        <when>2026-01-01T01:00:09.0949620Z</when>
        <gx:coord>15.23719 46.83888 2664.481</gx:coord>
        <when>2026-01-01T01:00:13.0559620Z</when>
        <gx:coord>15.235455 46.837532 2663.5981</gx:coord>
        <when>2026-01-01T01:00:18.0559620Z</when>
        <gx:coord>15.232504 46.83532 2663.6875</gx:coord>
        <when>2026-01-01T01:00:23.0559620Z</when>
        <gx:coord>15.22953 46.83308 2662.5625</gx:coord>
        <when>2026-01-01T01:00:28.0559620Z</when>
        <gx:coord>15.226536 46.83085 2662.4124</gx:coord>
        <when>2026-01-01T01:00:33.0559620Z</when>
        <gx:coord>15.223548 46.82862 2663.085</gx:coord>
        <when>2026-01-01T01:00:37.0949620Z</when>
        <gx:coord>15.220615 46.82637 2665.106</gx:coord>
        <when>2026-01-01T01:00:38.0569620Z</when>
        <gx:coord>15.220615 46.82637 2665.3918</gx:coord>
        <when>2026-01-01T01:00:43.0569620Z</when>
        <gx:coord>15.217673 46.82413 2666.7988</gx:coord>
        <when>2026-01-01T01:01:01.2349620Z</when>
        <gx:coord>15.2065115 46.815506 2663.2979</gx:coord>
        <when>2026-01-01T01:01:05.0949620Z</when>
        <gx:coord>15.204147 46.813686 2663.2544</gx:coord>
        <when>2026-01-01T01:01:06.2359620Z</when>
        <gx:coord>15.203555 46.813232 2663.2205</gx:coord>
        <when>2026-01-01T01:01:11.2349620Z</when>
        <gx:coord>15.200592 46.810963 2664.2532</gx:coord>
        <when>2026-01-01T01:01:16.2359620Z</when>
        <gx:coord>15.197596 46.808666 2662.995</gx:coord>
        <when>2026-01-01T01:01:33.1079620Z</when>
        <gx:coord>15.187522 46.80086 2667.6558</gx:coord>
        <when>2026-01-01T01:01:40.0349620Z</when>
        <gx:coord>15.184047 46.79813 2672.138</gx:coord>
        <when>2026-01-01T01:01:45.0359620Z</when>
        <gx:coord>15.181167 46.795895 2666.3457</gx:coord>
        <when>2026-01-01T01:01:50.0359620Z</when>
        <gx:coord>15.178294 46.793655 2666.966</gx:coord>
        <when>2026-01-01T01:01:55.0359620Z</when>
        <gx:coord>15.175422 46.79142 2667.8892</gx:coord>
        <when>2026-01-01T01:02:00.0359620Z</when>
        <gx:coord>15.172507 46.789204 2662.6582</gx:coord>
        <when>2026-01-01T01:02:01.0969620Z</when>
        <gx:coord>15.171354 46.788307 2661.4932</gx:coord>
        <when>2026-01-01T01:02:05.0359620Z</when>
        <gx:coord>15.169641 46.786964 2663.0425</gx:coord>
        <when>2026-01-01T01:02:21.3769620Z</when>
        <gx:coord>15.1599045 46.77927 2664.2227</gx:coord>
        <when>2026-01-01T01:02:26.3779620Z</when>
        <gx:coord>15.157004 46.77698 2663.6765</gx:coord>
        <when>2026-01-01T01:02:29.0999620Z</when>
        <gx:coord>15.155248 46.775616 2664.6116</gx:coord>
        <when>2026-01-01T01:02:31.3779620Z</when>
        <gx:coord>15.154087 46.774708 2663.588</gx:coord>
        <when>2026-01-01T01:02:36.3779620Z</when>
        <gx:coord>15.151211 46.772434 2666.7837</gx:coord>
        <when>2026-01-01T01:02:41.3779620Z</when>
        <gx:coord>15.148339 46.77014 2668.4297</gx:coord>
        <when>2026-01-01T01:02:46.3779620Z</when>
        <gx:coord>15.145438 46.7678 2667.6677</gx:coord>
        <when>2026-01-01T01:02:51.3779620Z</when>
        <gx:coord>15.142516 46.765472 2667.301</gx:coord>
        <when>2026-01-01T01:02:56.3779620Z</when>
        <gx:coord>15.139597 46.76317 2668.8706</gx:coord>
        <when>2026-01-01T01:02:57.1049620Z</when>
        <gx:coord>15.139011 46.76271 2668.8706</gx:coord>
        <when>2026-01-01T01:03:01.3779620Z</when>
        <gx:coord>15.136638 46.760868 2668.5957</gx:coord>
        <when>2026-01-01T01:03:06.3779620Z</when>
        <gx:coord>15.133643 46.75857 2663.9646</gx:coord>
        <when>2026-01-01T01:03:11.3779620Z</when>
        <gx:coord>15.130693 46.75626 2666.6934</gx:coord>
        <when>2026-01-01T01:03:16.3779620Z</when>
        <gx:coord>15.127769 46.75395 2667.9902</gx:coord>
        <when>2026-01-01T01:03:21.4019620Z</when>
        <gx:coord>15.12488 46.751648 2669.3665</gx:coord>
        <when>2026-01-01T01:03:25.0989620Z</when>
        <gx:coord>15.122579 46.74981 2669.6287</gx:coord>
        <when>2026-01-01T01:03:26.3779620Z</when>
        <gx:coord>15.122011 46.749348 2669.2522</gx:coord>
        <when>2026-01-01T01:03:31.3779620Z</when>
        <gx:coord>15.119102 46.747078 2671.5425</gx:coord>
        <when>2026-01-01T01:03:36.3779620Z</when>
        <gx:coord>15.116135 46.744843 2669.7773</gx:coord>
        <when>2026-01-01T01:03:41.3779620Z</when>
        <gx:coord>15.113171 46.74259 2665.9866</gx:coord>
        <when>2026-01-01T01:03:46.3779620Z</when>
        <gx:coord>15.110292 46.740307 2667.3376</gx:coord>
        <when>2026-01-01T01:03:51.3779620Z</when>
        <gx:coord>15.107479 46.738033 2669.9883</gx:coord>
        <when>2026-01-01T01:03:53.1039620Z</when>
        <gx:coord>15.106358 46.737133 2669.381</gx:coord>
        <when>2026-01-01T01:03:56.3779620Z</when>
        <gx:coord>15.104656 46.735794 2668.0337</gx:coord>
        <when>2026-01-01T01:04:01.3779620Z</when>
        <gx:coord>15.101779 46.733616 2668.6013</gx:coord>
        <when>2026-01-01T01:04:06.3779620Z</when>
        <gx:coord>15.098897 46.73144 2668.428</gx:coord>
        <when>2026-01-01T01:04:11.3779620Z</when>
        <gx:coord>15.096011 46.729256 2666.086</gx:coord>
        <when>2026-01-01T01:04:16.3769620Z</when>
        <gx:coord>15.093154 46.72708 2666.9038</gx:coord>
        <when>2026-01-01T01:04:21.3819620Z</when>
        <gx:coord>15.090345 46.724926 2667.7642</gx:coord>
        <when>2026-01-01T01:04:22.0999620Z</when>
        <gx:coord>15.089791 46.724495 2667.7642</gx:coord>
        <when>2026-01-01T01:04:26.3779620Z</when>
        <gx:coord>15.087569 46.722775 2669.304</gx:coord>
        <when>2026-01-01T01:04:31.3779620Z</when>
        <gx:coord>15.084803 46.720604 2667.9163</gx:coord>
        <when>2026-01-01T01:04:36.3989620Z</when>
        <gx:coord>15.082011 46.71844 2668.0696</gx:coord>
        <when>2026-01-01T01:04:41.3769620Z</when>
        <gx:coord>15.079222 46.716278 2671.8257</gx:coord>
        <when>2026-01-01T01:04:46.3779620Z</when>
        <gx:coord>15.076425 46.714077 2669.2202</gx:coord>
        <when>2026-01-01T01:04:51.1009620Z</when>
        <gx:coord>15.073514 46.71189 2671.1685</gx:coord>
        <when>2026-01-01T01:04:51.3779620Z</when>
        <gx:coord>15.073514 46.71189 2669.8044</gx:coord>
        <when>2026-01-01T01:04:56.3779620Z</when>
        <gx:coord>15.070568 46.70967 2664.539</gx:coord>
        <when>2026-01-01T01:05:01.3779620Z</when>
        <gx:coord>15.067614 46.70745 2659.8955</gx:coord>
        <when>2026-01-01T01:05:06.3779620Z</when>
        <gx:coord>15.064702 46.70525 2660.0542</gx:coord>
        <when>2026-01-01T01:05:11.3779620Z</when>
        <gx:coord>15.061812 46.7031 2664.7598</gx:coord>
        <when>2026-01-01T01:05:20.0939620Z</when>
        <gx:coord>15.056714 46.699177 2668.0078</gx:coord>
        <when>2026-01-01T01:05:33.6459620Z</when>
        <gx:coord>15.049679 46.693382 2667.8716</gx:coord>
        <when>2026-01-01T01:05:49.0979620Z</when>
        <gx:coord>15.041027 46.686356 2670.209</gx:coord>
        <when>2026-01-01T01:06:17.0909620Z</when>
        <gx:coord>15.024647 46.67395 2667.1208</gx:coord>
        <when>2026-01-01T01:06:18.1619620Z</when>
        <gx:coord>15.024074 46.673508 2667.151</gx:coord>
        <when>2026-01-01T01:06:23.1629620Z</when>
        <gx:coord>15.021231 46.671288 2665.983</gx:coord>
        <when>2026-01-01T01:06:28.1639620Z</when>
        <gx:coord>15.018407 46.669083 2667.2058</gx:coord>
        <when>2026-01-01T01:06:43.4479620Z</when>
        <gx:coord>15.0099535 46.66248 2666.3943</gx:coord>
        <when>2026-01-01T01:06:46.0939620Z</when>
        <gx:coord>15.008256 46.661144 2666.743</gx:coord>
        <when>2026-01-01T01:06:48.4489620Z</when>
        <gx:coord>15.007126 46.66026 2665.455</gx:coord>
        <when>2026-01-01T01:06:53.4489620Z</when>
        <gx:coord>15.004319 46.65804 2666.531</gx:coord>
        <when>2026-01-01T01:06:58.4489620Z</when>
        <gx:coord>15.001504 46.655827 2667.8154</gx:coord>
        <when>2026-01-01T01:07:03.4489620Z</when>
        <gx:coord>14.998689 46.653606 2668.223</gx:coord>
        <when>2026-01-01T01:07:08.4489620Z</when>
        <gx:coord>14.995862 46.65138 2668.7668</gx:coord>
        <when>2026-01-01T01:07:13.4489620Z</when>
        <gx:coord>14.993013 46.649136 2667.5317</gx:coord>
        <when>2026-01-01T01:07:15.0979620Z</when>
        <gx:coord>14.991855 46.64824 2667.5225</gx:coord>
        <when>2026-01-01T01:07:18.4489620Z</when>
        <gx:coord>14.990111 46.646893 2667.3865</gx:coord>
        <when>2026-01-01T01:07:23.4489620Z</when>
        <gx:coord>14.987189 46.644634 2666.1292</gx:coord>
        <when>2026-01-01T01:07:28.4489620Z</when>
        <gx:coord>14.984244 46.642365 2665.6301</gx:coord>
        <when>2026-01-01T01:07:33.4489620Z</when>
        <gx:coord>14.98126 46.640083 2664.1433</gx:coord>
        <when>2026-01-01T01:07:38.4489620Z</when>
        <gx:coord>14.978294 46.637783 2665.1094</gx:coord>
        <when>2026-01-01T01:07:43.0989620Z</when>
        <gx:coord>14.975343 46.6355 2666.6167</gx:coord>
        <when>2026-01-01T01:07:43.4489620Z</when>
        <gx:coord>14.975343 46.6355 2666.4578</gx:coord>
        <when>2026-01-01T01:07:58.7599620Z</when>
        <gx:coord>14.966622 46.628662 2668.1367</gx:coord>
        <when>2026-01-01T01:08:01.6579620Z</when>
        <gx:coord>14.964903 46.627293 2668.0427</gx:coord>
        <when>2026-01-01T01:08:06.6589620Z</when>
        <gx:coord>14.962037 46.625015 2667.7205</gx:coord>
        <when>2026-01-01T01:08:11.1019620Z</when>
        <gx:coord>14.959161 46.62275 2667.2393</gx:coord>
        <when>2026-01-01T01:08:12.0979620Z</when>
        <gx:coord>14.958589 46.622295 2666.6045</gx:coord>
        <when>2026-01-01T01:08:22.6329620Z</when>
        <gx:coord>14.952913 46.61783 2669.6604</gx:coord>
        <when>2026-01-01T01:08:27.6619620Z</when>
        <gx:coord>14.950103 46.615623 2668.2942</gx:coord>
        <when>2026-01-01T01:08:32.6339620Z</when>
        <gx:coord>14.947269 46.613403 2663.1174</gx:coord>
        <when>2026-01-01T01:08:37.6339620Z</when>
        <gx:coord>14.944482 46.611187 2664.6045</gx:coord>
        <when>2026-01-01T01:08:40.1059620Z</when>
        <gx:coord>14.94284 46.609867 2666.6873</gx:coord>
        <when>2026-01-01T01:08:42.6339620Z</when>
        <gx:coord>14.941755 46.608994 2667.0908</gx:coord>
        <when>2026-01-01T01:08:47.6339620Z</when>
        <gx:coord>14.939096 46.606853 2675.5632</gx:coord>
        <when>2026-01-01T01:08:52.6339620Z</when>
        <gx:coord>14.936446 46.60475 2676.8567</gx:coord>
        <when>2026-01-01T01:08:57.6339620Z</when>
        <gx:coord>14.933779 46.60262 2680.2207</gx:coord>
        <when>2026-01-01T01:09:02.6329620Z</when>
        <gx:coord>14.931056 46.60043 2673.9324</gx:coord>
        <when>2026-01-01T01:09:07.6339620Z</when>
        <gx:coord>14.928224 46.598248 2667.661</gx:coord>
        <when>2026-01-01T01:09:10.0899620Z</when>
        <gx:coord>14.926511 46.596912 2669.6155</gx:coord>
        <when>2026-01-01T01:09:12.6339620Z</when>
        <gx:coord>14.925358 46.596012 2671.0515</gx:coord>
        <when>2026-01-01T01:09:36.9279620Z</when>
        <gx:coord>14.911395 46.585228 2665.8386</gx:coord>
        <when>2026-01-01T01:09:38.0919620Z</when>
        <gx:coord>14.910249 46.584343 2666.362</gx:coord>
        <when>2026-01-01T01:09:41.9289620Z</when>
        <gx:coord>14.908535 46.583015 2667.0356</gx:coord>
        <when>2026-01-01T01:09:46.9289620Z</when>
        <gx:coord>14.9056835 46.580803 2667.1055</gx:coord>
        <when>2026-01-01T01:09:51.9289620Z</when>
        <gx:coord>14.902841 46.578587 2668.5735</gx:coord>
        <when>2026-01-01T01:09:56.9289620Z</when>
        <gx:coord>14.899964 46.57636 2664.7183</gx:coord>
        <when>2026-01-01T01:10:01.9299620Z</when>
        <gx:coord>14.897095 46.57414 2665.844</gx:coord>
        <when>2026-01-01T01:10:06.9299620Z</when>
        <gx:coord>14.894202 46.57193 2666.8496</gx:coord>
        <when>2026-01-01T01:10:07.0949620Z</when>
        <gx:coord>14.893617 46.57149 2666.8496</gx:coord>
        <when>2026-01-01T01:10:11.9299620Z</when>
        <gx:coord>14.891268 46.56975 2667.3389</gx:coord>
        <when>2026-01-01T01:10:16.9299620Z</when>
        <gx:coord>14.888278 46.567608 2665.9402</gx:coord>
        <when>2026-01-01T01:10:21.9299620Z</when>
        <gx:coord>14.885193 46.56554 2667.4258</gx:coord>
        <when>2026-01-01T01:10:26.9299620Z</when>
        <gx:coord>14.88205 46.563526 2666.9812</gx:coord>
        <when>2026-01-01T01:10:27.0879620Z</when>
        <gx:coord>14.88205 46.563526 2666.9812</gx:coord>
        <when>2026-01-01T01:10:31.9299620Z</when>
        <gx:coord>14.878852 46.561558 2668.155</gx:coord>
        <when>2026-01-01T01:10:36.0959620Z</when>
        <gx:coord>14.8756 46.55965 2669.0881</gx:coord>
        <when>2026-01-01T01:10:36.9549620Z</when>
        <gx:coord>14.8756 46.55965 2668.948</gx:coord>
        <when>2026-01-01T01:10:41.9299620Z</when>
        <gx:coord>14.872288 46.55781 2669.542</gx:coord>
        <when>2026-01-01T01:10:46.9309620Z</when>
        <gx:coord>14.86893 46.556023 2667.1665</gx:coord>
        <when>2026-01-01T01:10:51.9309620Z</when>
        <gx:coord>14.865555 46.554276 2669.9094</gx:coord>
        <when>2026-01-01T01:10:56.9299620Z</when>
        <gx:coord>14.862132 46.552586 2670.2788</gx:coord>
        <when>2026-01-01T01:11:01.9309620Z</when>
        <gx:coord>14.858688 46.550934 2669.6099</gx:coord>
        <when>2026-01-01T01:11:05.0999620Z</when>
        <gx:coord>14.85592 46.54965 2670.1511</gx:coord>
        <when>2026-01-01T01:11:09.2499620Z</when>
        <gx:coord>14.853125 46.54839 2672.229</gx:coord>
        <when>2026-01-01T01:11:13.0859620Z</when>
        <gx:coord>14.851001 46.54746 2670.7458</gx:coord>
        <when>2026-01-01T01:11:14.2499620Z</when>
        <gx:coord>14.849569 46.546852 2669.32</gx:coord>
        <when>2026-01-01T01:11:19.2509620Z</when>
        <gx:coord>14.845955 46.54535 2667.912</gx:coord>
        <when>2026-01-01T01:11:24.2519620Z</when>
        <gx:coord>14.842281 46.543877 2666.3022</gx:coord>
        <when>2026-01-01T01:11:29.2499620Z</when>
        <gx:coord>14.838582 46.542454 2666.075</gx:coord>
        <when>2026-01-01T01:11:34.1019620Z</when>
        <gx:coord>14.834862 46.541058 2668.1206</gx:coord>
        <when>2026-01-01T01:11:34.2509620Z</when>
        <gx:coord>14.834862 46.541058 2668.2344</gx:coord>
        <when>2026-01-01T01:11:39.2509620Z</when>
        <gx:coord>14.831104 46.539722 2667.5906</gx:coord>
        <when>2026-01-01T01:11:44.2509620Z</when>
        <gx:coord>14.827346 46.53843 2668.681</gx:coord>
        <when>2026-01-01T01:11:49.2509620Z</when>
        <gx:coord>14.823556 46.53718 2669.6438</gx:coord>
        <when>2026-01-01T01:11:54.2509620Z</when>
        <gx:coord>14.819749 46.53597 2668.5464</gx:coord>
        <when>2026-01-01T01:12:03.0939620Z</when>
        <gx:coord>14.812833 46.533955 2669.3481</gx:coord>
        <when>2026-01-01T01:12:05.8519620Z</when>
        <gx:coord>14.81128 46.533524 2669.52</gx:coord>
        <when>2026-01-01T01:12:07.0859620Z</when>
        <gx:coord>14.810503 46.533314 2669.081</gx:coord>
        <when>2026-01-01T01:12:10.8529620Z</when>
        <gx:coord>14.807382 46.53248 2669.5034</gx:coord>
        <when>2026-01-01T01:12:15.8529620Z</when>
        <gx:coord>14.803497 46.531467 2670.4287</gx:coord>
        <when>2026-01-01T01:12:20.8529620Z</when>
        <gx:coord>14.799576 46.530487 2670.7214</gx:coord>
        <when>2026-01-01T01:12:25.8529620Z</when>
        <gx:coord>14.795642 46.52955 2669.6025</gx:coord>
        <when>2026-01-01T01:12:30.8659620Z</when>
        <gx:coord>14.791685 46.528687 2671.1492</gx:coord>
        <when>2026-01-01T01:12:33.0879620Z</when>
        <gx:coord>14.789312 46.528183 2672.0872</gx:coord>
        <when>2026-01-01T01:12:35.8529620Z</when>
        <gx:coord>14.787728 46.52786 2672.7747</gx:coord>
        <when>2026-01-01T01:12:40.8539620Z</when>
        <gx:coord>14.783754 46.52705 2673.131</gx:coord>
        <when>2026-01-01T01:12:45.8539620Z</when>
        <gx:coord>14.779753 46.526253 2673.1577</gx:coord>
        <when>2026-01-01T01:12:50.8539620Z</when>
        <gx:coord>14.77571 46.525475 2671.0405</gx:coord>
        <when>2026-01-01T01:12:55.8559620Z</when>
        <gx:coord>14.771664 46.524704 2670.0574</gx:coord>
        <when>2026-01-01T01:13:00.8539620Z</when>
        <gx:coord>14.767661 46.523903 2669.981</gx:coord>
        <when>2026-01-01T01:13:03.0959620Z</when>
        <gx:coord>14.765315 46.523365 2671.2227</gx:coord>
        <when>2026-01-01T01:13:05.8529620Z</when>
        <gx:coord>14.763769 46.522984 2673.6545</gx:coord>
        <when>2026-01-01T01:13:10.8539620Z</when>
        <gx:coord>14.759951 46.521976 2672.221</gx:coord>
        <when>2026-01-01T01:13:15.0869620Z</when>
        <gx:coord>14.757065 46.520935 2675.7559</gx:coord>
        <when>2026-01-01T01:13:15.8539620Z</when>
        <gx:coord>14.756387 46.520622 2677.727</gx:coord>
        <when>2026-01-01T01:13:20.8539620Z</when>
        <gx:coord>14.753013 46.519 2677.8845</gx:coord>
        <when>2026-01-01T01:13:25.8539620Z</when>
        <gx:coord>14.749342 46.517574 2676.851</gx:coord>
        <when>2026-01-01T01:13:30.8539620Z</when>
        <gx:coord>14.745565 46.516113 2674.829</gx:coord>
        <when>2026-01-01T01:13:33.0969620Z</when>
        <gx:coord>14.743268 46.51521 2675.0208</gx:coord>
        <when>2026-01-01T01:13:35.8539620Z</when>
        <gx:coord>14.741718 46.51461 2673.8381</gx:coord>
        <when>2026-01-01T01:13:39.0939620Z</when>
        <gx:coord>14.7393465 46.51368 2669.0461</gx:coord>
        <when>2026-01-01T01:13:40.8539620Z</when>
        <gx:coord>14.737767 46.513058 2667.4482</gx:coord>
        <when>2026-01-01T01:13:45.8539620Z</when>
        <gx:coord>14.733839 46.511497 2666.692</gx:coord>
        <when>2026-01-01T01:13:50.8549620Z</when>
        <gx:coord>14.729932 46.509937 2667.3174</gx:coord>
        <when>2026-01-01T01:13:55.8629620Z</when>
        <gx:coord>14.726032 46.508404 2669.4465</gx:coord>
        <when>2026-01-01T01:14:00.0939620Z</when>
        <gx:coord>14.722155 46.5069 2670.0413</gx:coord>
        <when>2026-01-01T01:14:00.8549620Z</when>
        <gx:coord>14.722155 46.5069 2670.1274</gx:coord>
        <when>2026-01-01T01:14:05.8529620Z</when>
        <gx:coord>14.718283 46.50542 2672.9983</gx:coord>
        <when>2026-01-01T01:14:10.8539620Z</when>
        <gx:coord>14.714374 46.50393 2673.1938</gx:coord>
        <when>2026-01-01T01:14:15.8539620Z</when>
        <gx:coord>14.710429 46.502403 2667.3499</gx:coord>
        <when>2026-01-01T01:14:20.8539620Z</when>
        <gx:coord>14.706502 46.500874 2667.914</gx:coord>
        <when>2026-01-01T01:14:25.8539620Z</when>
        <gx:coord>14.702604 46.499325 2669.4424</gx:coord>
        <when>2026-01-01T01:14:27.0939620Z</when>
        <gx:coord>14.701049 46.498703 2670.0378</gx:coord>
        <when>2026-01-01T01:14:30.8539620Z</when>
        <gx:coord>14.698741 46.497738 2670.8582</gx:coord>
        <when>2026-01-01T01:14:35.8539620Z</when>
        <gx:coord>14.694901 46.49612 2671.0054</gx:coord>
        <when>2026-01-01T01:14:40.8539620Z</when>
        <gx:coord>14.691072 46.49447 2671.261</gx:coord>
        <when>2026-01-01T01:14:45.8539620Z</when>
        <gx:coord>14.687246 46.492817 2669.7698</gx:coord>
        <when>2026-01-01T01:14:50.8539620Z</when>
        <gx:coord>14.683414 46.49118 2669.8076</gx:coord>
        <when>2026-01-01T01:14:54.0999620Z</when>
        <gx:coord>14.680343 46.489876 2666.3306</gx:coord>
        <when>2026-01-01T01:14:55.8539620Z</when>
        <gx:coord>14.679576 46.48955 2667.4978</gx:coord>
        <when>2026-01-01T01:15:00.8539620Z</when>
        <gx:coord>14.675721 46.48797 2666.9478</gx:coord>
        <when>2026-01-01T01:15:05.8529620Z</when>
        <gx:coord>14.671824 46.4864 2668.5476</gx:coord>
        <when>2026-01-01T01:15:10.8539620Z</when>
        <gx:coord>14.667911 46.484806 2670.7258</gx:coord>
        <when>2026-01-01T01:15:15.8539620Z</when>
        <gx:coord>14.663934 46.483173 2669.7917</gx:coord>
        <when>2026-01-01T01:15:20.8539620Z</when>
        <gx:coord>14.659864 46.481514 2669.1587</gx:coord>
        <when>2026-01-01T01:15:21.0989620Z</when>
        <gx:coord>14.659027 46.48118 2669.1587</gx:coord>
        <when>2026-01-01T01:15:25.8549620Z</when>
        <gx:coord>14.655701 46.47983 2665.5752</gx:coord>
        <when>2026-01-01T01:15:26.0859620Z</when>
        <gx:coord>14.655701 46.47983 2665.5752</gx:coord>
        <when>2026-01-01T01:15:30.8549620Z</when>
        <gx:coord>14.651498 46.478115 2663.074</gx:coord>
        <when>2026-01-01T01:15:47.0649620Z</when>
        <gx:coord>14.638457 46.472538 2665.6604</gx:coord>
        <when>2026-01-01T01:15:47.0949620Z</when>
        <gx:coord>14.637668 46.472195 2665.6604</gx:coord>
        <when>2026-01-01T01:16:01.0869620Z</when>
        <gx:coord>14.627428 46.46796 2669.6887</gx:coord>
        <when>2026-01-01T01:16:08.5109620Z</when>
        <gx:coord>14.62104 46.465553 2668.4993</gx:coord>
        <when>2026-01-01T01:16:13.5109620Z</when>
        <gx:coord>14.617072 46.464085 2668.5923</gx:coord>
        <when>2026-01-01T01:16:14.0939620Z</when>
        <gx:coord>14.6162815 46.463795 2668.5923</gx:coord>
        <when>2026-01-01T01:16:18.5109620Z</when>
        <gx:coord>14.613118 46.462654 2669.5903</gx:coord>
        <when>2026-01-01T01:16:23.5109620Z</when>
        <gx:coord>14.609212 46.46122 2669.9714</gx:coord>
        <when>2026-01-01T01:16:28.5109620Z</when>
        <gx:coord>14.605343 46.45984 2671.0515</gx:coord>
        <when>2026-01-01T01:16:36.8139620Z</when>
        <gx:coord>14.599183 46.45772 2672.1848</gx:coord>
        <when>2026-01-01T01:16:42.0899620Z</when>
        <gx:coord>14.594525 46.456215 2674.3982</gx:coord>
        <when>2026-01-01T01:17:00.0869620Z</when>
        <gx:coord>14.581617 46.4517 2669.862</gx:coord>
        <when>2026-01-01T01:17:01.2709620Z</when>
        <gx:coord>14.580108 46.45118 2668.9976</gx:coord>
        <when>2026-01-01T01:17:09.2819620Z</when>
        <gx:coord>14.574098 46.449165 2672.274</gx:coord>
        <when>2026-01-01T01:17:11.0989620Z</when>
        <gx:coord>14.572604 46.44867 2672.7964</gx:coord>
        <when>2026-01-01T01:17:14.2829620Z</when>
        <gx:coord>14.570355 46.44794 2675.4775</gx:coord>
        <when>2026-01-01T01:17:19.2839620Z</when>
        <gx:coord>14.566614 46.44669 2675.4539</gx:coord>
        <when>2026-01-01T01:17:33.6549620Z</when>
        <gx:coord>14.555915 46.443047 2670.7234</gx:coord>
        <when>2026-01-01T01:17:38.6579620Z</when>
        <gx:coord>14.551989 46.441597 2664.387</gx:coord>
        <when>2026-01-01T01:17:40.0929620Z</when>
        <gx:coord>14.550417 46.441 2665.92</gx:coord>
        <when>2026-01-01T01:17:43.6559620Z</when>
        <gx:coord>14.548027 46.440117 2671.8223</gx:coord>
        <when>2026-01-01T01:17:45.0819620Z</when>
        <gx:coord>14.54723 46.43982 2673.0518</gx:coord>
        <when>2026-01-01T01:17:48.6559620Z</when>
        <gx:coord>14.54395 46.438656 2678.8423</gx:coord>
        <when>2026-01-01T01:17:53.6559620Z</when>
        <gx:coord>14.5397005 46.437225 2666.6282</gx:coord>
        <when>2026-01-01T01:17:58.6559620Z</when>
        <gx:coord>14.535432 46.43574 2658.4814</gx:coord>
        <when>2026-01-01T01:18:06.0999620Z</when>
        <gx:coord>14.528763 46.433292 2661.9673</gx:coord>
        <when>2026-01-01T01:18:25.2989620Z</when>
        <gx:coord>14.513132 46.427994 2669.7683</gx:coord>
        <when>2026-01-01T01:18:30.2999620Z</when>
        <gx:coord>14.50899 46.426693 2669.602</gx:coord>
        <when>2026-01-01T01:18:33.0909620Z</when>
        <gx:coord>14.506507 46.4259 2669.227</gx:coord>
        <when>2026-01-01T01:18:35.2999620Z</when>
        <gx:coord>14.504844 46.42538 2668.302</gx:coord>
        <when>2026-01-01T01:18:40.3019620Z</when>
        <gx:coord>14.500694 46.42407 2668.6033</gx:coord>
        <when>2026-01-01T01:18:45.2999620Z</when>
        <gx:coord>14.49653 46.422775 2665.6985</gx:coord>
        <when>2026-01-01T01:18:50.2999620Z</when>
        <gx:coord>14.492387 46.42152 2665.1492</gx:coord>
        <when>2026-01-01T01:18:55.2999620Z</when>
        <gx:coord>14.488295 46.420273 2665.9717</gx:coord>
        <when>2026-01-01T01:18:57.0859620Z</when>
        <gx:coord>14.487476 46.420033 2666.224</gx:coord>
        <when>2026-01-01T01:19:00.0889620Z</when>
        <gx:coord>14.484215 46.41909 2664.6316</gx:coord>
        <when>2026-01-01T01:19:26.0819620Z</when>
        <gx:coord>14.464429 46.413284 2665.3516</gx:coord>
        <when>2026-01-01T01:19:29.0899620Z</when>
        <gx:coord>14.461322 46.41237 2673.2139</gx:coord>
        <when>2026-01-01T01:19:32.9739620Z</when>
        <gx:coord>14.458983 46.4117 2675.0005</gx:coord>
        <when>2026-01-01T01:19:37.9749620Z</when>
        <gx:coord>14.455061 46.41058 2671.8691</gx:coord>
        <when>2026-01-01T01:19:42.9749620Z</when>
        <gx:coord>14.451133 46.409435 2671.4167</gx:coord>
        <when>2026-01-01T01:19:47.9749620Z</when>
        <gx:coord>14.447168 46.408314 2672.8228</gx:coord>
        <when>2026-01-01T01:19:52.9749620Z</when>
        <gx:coord>14.443125 46.4072 2670.957</gx:coord>
        <when>2026-01-01T01:19:57.9749620Z</when>
        <gx:coord>14.439097 46.406025 2670.9678</gx:coord>
        <when>2026-01-01T01:19:58.0979620Z</when>
        <gx:coord>14.438292 46.405785 2670.9678</gx:coord>
        <when>2026-01-01T01:20:02.9749620Z</when>
        <gx:coord>14.435067 46.404873 2669.364</gx:coord>
        <when>2026-01-01T01:20:07.9749620Z</when>
        <gx:coord>14.431077 46.40371 2672.8657</gx:coord>
        <when>2026-01-01T01:20:12.9749620Z</when>
        <gx:coord>14.427057 46.402542 2672.9587</gx:coord>
        <when>2026-01-01T01:20:17.9749620Z</when>
        <gx:coord>14.422996 46.401394 2670.3577</gx:coord>
        <when>2026-01-01T01:20:26.0939620Z</when>
        <gx:coord>14.415704 46.399353 2669.8638</gx:coord>
        <when>2026-01-01T01:20:26.7009620Z</when>
        <gx:coord>14.415704 46.399353 2671.4067</gx:coord>
        <when>2026-01-01T01:20:31.7019620Z</when>
        <gx:coord>14.411706 46.398205 2671.0452</gx:coord>
        <when>2026-01-01T01:20:36.7019620Z</when>
        <gx:coord>14.407753 46.39705 2673.2786</gx:coord>
        <when>2026-01-01T01:20:41.7009620Z</when>
        <gx:coord>14.403837 46.395878 2674.285</gx:coord>
        <when>2026-01-01T01:20:46.7009620Z</when>
        <gx:coord>14.399941 46.394714 2675.9578</gx:coord>
        <when>2026-01-01T01:20:51.7019620Z</when>
        <gx:coord>14.396058 46.393524 2675.1523</gx:coord>
        <when>2026-01-01T01:20:55.0919620Z</when>
        <gx:coord>14.392932 46.392574 2673.6514</gx:coord>
        <when>2026-01-01T01:20:56.7019620Z</when>
        <gx:coord>14.392146 46.39234 2672.7412</gx:coord>
        <when>2026-01-01T01:21:01.7019620Z</when>
        <gx:coord>14.388235 46.39115 2671.797</gx:coord>
        <when>2026-01-01T01:21:06.7019620Z</when>
        <gx:coord>14.384354 46.389946 2671.6223</gx:coord>
        <when>2026-01-01T01:21:11.7019620Z</when>
        <gx:coord>14.380461 46.38878 2679.2317</gx:coord>
        <when>2026-01-01T01:21:16.7009620Z</when>
        <gx:coord>14.37646 46.387653 2673.7598</gx:coord>
        <when>2026-01-01T01:21:21.7019620Z</when>
        <gx:coord>14.372458 46.386486 2672.389</gx:coord>
        <when>2026-01-01T01:21:24.0929620Z</when>
        <gx:coord>14.370065 46.385796 2672.8809</gx:coord>
        <when>2026-01-01T01:21:26.7649620Z</when>
        <gx:coord>14.36848 46.385334 2674.0544</gx:coord>
        <when>2026-01-01T01:21:31.7019620Z</when>
        <gx:coord>14.364497 46.384125 2675.826</gx:coord>
        <when>2026-01-01T01:21:36.7019620Z</when>
        <gx:coord>14.36048 46.382854 2675.7314</gx:coord>
        <when>2026-01-01T01:21:41.7019620Z</when>
        <gx:coord>14.356418 46.381557 2673.9595</gx:coord>
        <when>2026-01-01T01:21:44.0829620Z</when>
        <gx:coord>14.354782 46.38103 2673.7068</gx:coord>
        <when>2026-01-01T01:21:46.7009620Z</when>
        <gx:coord>14.352311 46.380222 2674.3486</gx:coord>
        <when>2026-01-01T01:21:51.7019620Z</when>
        <gx:coord>14.348189 46.378853 2673.181</gx:coord>
        <when>2026-01-01T01:21:52.0879620Z</when>
        <gx:coord>14.347367 46.378582 2673.181</gx:coord>
        <when>2026-01-01T01:21:56.7019620Z</when>
        <gx:coord>14.344076 46.377476 2671.5154</gx:coord>
        <when>2026-01-01T01:22:01.7029620Z</when>
        <gx:coord>14.339964 46.376102 2671.666</gx:coord>
        <when>2026-01-01T01:22:06.7019620Z</when>
        <gx:coord>14.335845 46.37474 2672.4597</gx:coord>
        <when>2026-01-01T01:22:11.7029620Z</when>
        <gx:coord>14.331716 46.373383 2672.0247</gx:coord>
        <when>2026-01-01T01:22:16.7029620Z</when>
        <gx:coord>14.327573 46.37202 2670.5085</gx:coord>
        <when>2026-01-01T01:22:19.0919620Z</when>
        <gx:coord>14.325101 46.371197 2670.2861</gx:coord>
        <when>2026-01-01T01:22:21.7029620Z</when>
        <gx:coord>14.323448 46.37066 2670.4834</gx:coord>
        <when>2026-01-01T01:22:35.3469620Z</when>
        <gx:coord>14.311923 46.366936 2669.1804</gx:coord>
        <when>2026-01-01T01:22:40.3479620Z</when>
        <gx:coord>14.307864 46.365646 2669.3594</gx:coord>
        <when>2026-01-01T01:22:45.3479620Z</when>
        <gx:coord>14.303844 46.364384 2670.733</gx:coord>
        <when>2026-01-01T01:22:46.0949620Z</when>
        <gx:coord>14.303042 46.364132 2670.733</gx:coord>
        <when>2026-01-01T01:22:55.8869620Z</when>
        <gx:coord>14.295898 46.36191 2677.7046</gx:coord>
        <when>2026-01-01T01:23:00.8879620Z</when>
        <gx:coord>14.291946 46.36066 2676.7034</gx:coord>
        <when>2026-01-01T01:23:05.8879620Z</when>
        <gx:coord>14.287988 46.35935 2674.1301</gx:coord>
        <when>2026-01-01T01:23:10.8879620Z</when>
        <gx:coord>14.283996 46.357994 2670.3643</gx:coord>
        <when>2026-01-01T01:23:14.0949620Z</when>
        <gx:coord>14.280784 46.35689 2668.2222</gx:coord>
        <when>2026-01-01T01:23:15.8879620Z</when>
        <gx:coord>14.279981 46.356617 2667.1973</gx:coord>
        <when>2026-01-01T01:23:20.8879620Z</when>
        <gx:coord>14.275976 46.355225 2666.8894</gx:coord>
        <when>2026-01-01T01:23:25.8879620Z</when>
        <gx:coord>14.272007 46.35384 2667.782</gx:coord>
        <when>2026-01-01T01:23:30.8879620Z</when>
        <gx:coord>14.26808 46.352467 2668.3022</gx:coord>
        <when>2026-01-01T01:23:42.0929620Z</when>
        <gx:coord>14.258822 46.349262 2671.076</gx:coord>
        <when>2026-01-01T01:24:04.3339620Z</when>
        <gx:coord>14.24209 46.343468 2670.8125</gx:coord>
        <when>2026-01-01T01:24:08.6209620Z</when>
        <gx:coord>14.239044 46.342396 2670.1182</gx:coord>
        <when>2026-01-01T01:24:11.0889620Z</when>
        <gx:coord>14.236758 46.34159 2669.912</gx:coord>
        <when>2026-01-01T01:24:40.1019620Z</when>
        <gx:coord>14.214896 46.333744 2671.6978</gx:coord>
        <when>2026-01-01T01:24:49.2379620Z</when>
        <gx:coord>14.208126 46.331287 2671.1323</gx:coord>
        <when>2026-01-01T01:24:54.2389620Z</when>
        <gx:coord>14.204352 46.32991 2670.5918</gx:coord>
        <when>2026-01-01T01:25:09.0939620Z</when>
        <gx:coord>14.193008 46.32581 2670.6797</gx:coord>
        <when>2026-01-01T01:25:12.1799620Z</when>
        <gx:coord>14.190742 46.325 2670.953</gx:coord>
        <when>2026-01-01T01:25:17.1809620Z</when>
        <gx:coord>14.186962 46.323666 2671.607</gx:coord>
        <when>2026-01-01T01:25:22.1809620Z</when>
        <gx:coord>14.1831665 46.32236 2671.368</gx:coord>
        <when>2026-01-01T01:25:27.1819620Z</when>
        <gx:coord>14.179396 46.32105 2672.228</gx:coord>
        <when>2026-01-01T01:25:32.8659620Z</when>
        <gx:coord>14.1756315 46.31974 2672.7095</gx:coord>
        <when>2026-01-01T01:25:38.0929620Z</when>
        <gx:coord>14.171115 46.318165 2672.0728</gx:coord>
        <when>2026-01-01T01:25:42.0779620Z</when>
        <gx:coord>14.168868 46.317368 2672.2534</gx:coord>
        <when>2026-01-01T01:26:07.1009620Z</when>
        <gx:coord>14.149551 46.310295 2670.0989</gx:coord>
        <when>2026-01-01T01:26:12.7469620Z</when>
        <gx:coord>14.145882 46.308945 2670.0615</gx:coord>
        <when>2026-01-01T01:26:17.7479620Z</when>
        <gx:coord>14.14224 46.307617 2670.9348</gx:coord>
        <when>2026-01-01T01:26:22.7479620Z</when>
        <gx:coord>14.138616 46.306313 2672.9966</gx:coord>
        <when>2026-01-01T01:26:27.7479620Z</when>
        <gx:coord>14.134973 46.30502 2672.8567</gx:coord>
        <when>2026-01-01T01:26:32.7479620Z</when>
        <gx:coord>14.131269 46.303757 2673.1133</gx:coord>
        <when>2026-01-01T01:26:37.0979620Z</when>
        <gx:coord>14.127503 46.302494 2673.9556</gx:coord>
        <when>2026-01-01T01:26:37.7489620Z</when>
        <gx:coord>14.127503 46.302494 2674.4167</gx:coord>
        <when>2026-01-01T01:26:42.7489620Z</when>
        <gx:coord>14.123626 46.301258 2671.6492</gx:coord>
        <when>2026-01-01T01:26:47.7489620Z</when>
        <gx:coord>14.119701 46.299953 2671.4832</gx:coord>
        <when>2026-01-01T01:26:52.7489620Z</when>
        <gx:coord>14.115732 46.29864 2670.9424</gx:coord>
        <when>2026-01-01T01:26:57.7489620Z</when>
        <gx:coord>14.111718 46.297398 2669.7039</gx:coord>
        <when>2026-01-01T01:27:02.7489620Z</when>
        <gx:coord>14.107774 46.296135 2667.495</gx:coord>
        <when>2026-01-01T01:27:05.0969620Z</when>
        <gx:coord>14.10543 46.295383 2665.9219</gx:coord>
        <when>2026-01-01T01:27:07.7489620Z</when>
        <gx:coord>14.103864 46.294876 2666.4202</gx:coord>
        <when>2026-01-01T01:27:12.7929620Z</when>
        <gx:coord>14.099975 46.293663 2669.4207</gx:coord>
        <when>2026-01-01T01:27:15.0909620Z</when>
        <gx:coord>14.09763 46.29294 2669.5796</gx:coord>
        <when>2026-01-01T01:27:17.7499620Z</when>
        <gx:coord>14.096066 46.292465 2672.8367</gx:coord>
        <when>2026-01-01T01:27:22.7499620Z</when>
        <gx:coord>14.092115 46.291153 2668.3281</gx:coord>
        <when>2026-01-01T01:27:27.7499620Z</when>
        <gx:coord>14.088151 46.289806 2667.472</gx:coord>
        <when>2026-01-01T01:27:32.0789620Z</when>
        <gx:coord>14.084939 46.288754 2667.4653</gx:coord>
        <when>2026-01-01T01:27:33.0899620Z</when>
        <gx:coord>14.083389 46.28828 2666.0383</gx:coord>
        <when>2026-01-01T01:27:40.9359620Z</when>
        <gx:coord>14.07797 46.286583 2667.684</gx:coord>
        <when>2026-01-01T01:27:45.9369620Z</when>
        <gx:coord>14.073996 46.285305 2668.5505</gx:coord>
        <when>2026-01-01T01:27:48.0869620Z</when>
        <gx:coord>14.072473 46.28469 2668.583</gx:coord>
        <when>2026-01-01T01:27:50.9369620Z</when>
        <gx:coord>14.070381 46.283546 2669.0093</gx:coord>
        <when>2026-01-01T01:27:52.0839620Z</when>
        <gx:coord>14.06975 46.28312 2669.7698</gx:coord>
        <when>2026-01-01T01:28:02.0899620Z</when>
        <gx:coord>14.063666 46.277813 2670.4302</gx:coord>
        <when>2026-01-01T01:28:06.0589620Z</when>
        <gx:coord>14.062048 46.276344 2669.2766</gx:coord>
        <when>2026-01-01T01:28:11.0599620Z</when>
        <gx:coord>14.059339 46.27391 2669.368</gx:coord>
        <when>2026-01-01T01:28:16.0599620Z</when>
        <gx:coord>14.056653 46.271496 2671.0752</gx:coord>
        <when>2026-01-01T01:28:20.0859620Z</when>
        <gx:coord>14.05466 46.2695 2674.3657</gx:coord>
        <when>2026-01-01T01:28:21.0599620Z</when>
        <gx:coord>14.054183 46.268993 2674.717</gx:coord>
        <when>2026-01-01T01:28:26.0599620Z</when>
        <gx:coord>14.051742 46.26645 2673.7952</gx:coord>
        <when>2026-01-01T01:28:30.0969620Z</when>
        <gx:coord>14.049208 46.263916 2673.8591</gx:coord>
        <when>2026-01-01T01:28:31.0599620Z</when>
        <gx:coord>14.049208 46.263916 2674.221</gx:coord>
        <when>2026-01-01T01:28:36.0599620Z</when>
        <gx:coord>14.046715 46.26132 2673.28</gx:coord>
        <when>2026-01-01T01:28:41.0609620Z</when>
        <gx:coord>14.044251 46.25866 2671.85</gx:coord>
        <when>2026-01-01T01:28:46.0599620Z</when>
        <gx:coord>14.041811 46.25599 2672.1392</gx:coord>
        <when>2026-01-01T01:28:51.0609620Z</when>
        <gx:coord>14.039387 46.253323 2674.622</gx:coord>
        <when>2026-01-01T01:28:56.0609620Z</when>
        <gx:coord>14.036963 46.25067 2677.3684</gx:coord>
        <when>2026-01-01T01:28:57.0959620Z</when>
        <gx:coord>14.035995 46.24961 2677.1545</gx:coord>
        <when>2026-01-01T01:29:01.0609620Z</when>
        <gx:coord>14.034645 46.247944 2674.329</gx:coord>
        <when>2026-01-01T01:29:03.0859620Z</when>
        <gx:coord>14.033843 46.24677 2675.4553</gx:coord>
        <when>2026-01-01T01:29:09.0789620Z</when>
        <gx:coord>14.032238 46.24301 2678.1523</gx:coord>
        <when>2026-01-01T01:29:23.0919620Z</when>
        <gx:coord>14.030434 46.233223 2669.9646</gx:coord>
        <when>2026-01-01T01:29:32.9779620Z</when>
        <gx:coord>14.029206 46.22739 2668.3975</gx:coord>
        <when>2026-01-01T01:29:37.9789620Z</when>
        <gx:coord>14.028626 46.224155 2670.2388</gx:coord>
        <when>2026-01-01T01:29:42.9789620Z</when>
        <gx:coord>14.02807 46.220943 2675.1184</gx:coord>
        <when>2026-01-01T01:29:47.9789620Z</when>
        <gx:coord>14.027493 46.217705 2674.5256</gx:coord>
        <when>2026-01-01T01:29:49.0959620Z</when>
        <gx:coord>14.027223 46.216404 2673.6816</gx:coord>
        <when>2026-01-01T01:29:52.9789620Z</when>
        <gx:coord>14.026861 46.21444 2673.216</gx:coord>
        <when>2026-01-01T01:30:14.0959620Z</when>
        <gx:coord>14.024072 46.199894 2669.9204</gx:coord>
        <when>2026-01-01T01:30:16.6579620Z</when>
        <gx:coord>14.024017 46.19858 2671.6018</gx:coord>
        <when>2026-01-01T01:30:17.0859620Z</when>
        <gx:coord>14.024017 46.19858 2671.6018</gx:coord>
        <when>2026-01-01T01:30:21.6589620Z</when>
        <gx:coord>14.024163 46.195312 2672.1487</gx:coord>
        <when>2026-01-01T01:30:26.6589620Z</when>
        <gx:coord>14.024552 46.19207 2674.3193</gx:coord>
        <when>2026-01-01T01:30:31.6589620Z</when>
        <gx:coord>14.025158 46.188843 2677.1826</gx:coord>
        <when>2026-01-01T01:30:36.0849620Z</when>
        <gx:coord>14.025826 46.186256 2680.826</gx:coord>
        <when>2026-01-01T01:30:36.6589620Z</when>
        <gx:coord>14.025983 46.185604 2680.9697</gx:coord>
        <when>2026-01-01T01:30:40.0949620Z</when>
        <gx:coord>14.02658 46.182972 2681.697</gx:coord>
        <when>2026-01-01T01:30:54.9099620Z</when>
        <gx:coord>14.028659 46.173782 2672.472</gx:coord>
        <when>2026-01-01T01:31:06.0909620Z</when>
        <gx:coord>14.030125 46.165867 2673.7185</gx:coord>
        <when>2026-01-01T01:31:09.5009620Z</when>
        <gx:coord>14.030435 46.163906 2671.6318</gx:coord>
        <when>2026-01-01T01:31:24.1859620Z</when>
        <gx:coord>14.031786 46.154167 2673.7866</gx:coord>
        <when>2026-01-01T01:31:29.1869620Z</when>
        <gx:coord>14.032157 46.150944 2675.9565</gx:coord>
        <when>2026-01-01T01:31:32.0899620Z</when>
        <gx:coord>14.0323515 46.14901 2674.7805</gx:coord>
        <when>2026-01-01T01:31:49.3009620Z</when>
        <gx:coord>14.033175 46.13806 2671.488</gx:coord>
        <when>2026-01-01T01:31:54.3019620Z</when>
        <gx:coord>14.033427 46.13484 2669.1016</gx:coord>
        <when>2026-01-01T01:31:58.1059620Z</when>
        <gx:coord>14.0336685 46.13226 2670.2861</gx:coord>
        <when>2026-01-01T01:32:24.0989620Z</when>
        <gx:coord>14.034776 46.115604 2674.2935</gx:coord>
        <when>2026-01-01T01:32:37.3759620Z</when>
        <gx:coord>14.035062 46.107185 2662.811</gx:coord>
        <when>2026-01-01T01:32:42.3769620Z</when>
        <gx:coord>14.035129 46.10388 2647.895</gx:coord>
        <when>2026-01-01T01:32:45.0849620Z</when>
        <gx:coord>14.035148 46.10253 2639.888</gx:coord>
        <when>2026-01-01T01:32:46.0859620Z</when>
        <gx:coord>14.035167 46.101166 2631.0334</gx:coord>
        <when>2026-01-01T01:32:47.3769620Z</when>
        <gx:coord>14.035177 46.100475 2627.212</gx:coord>
        <when>2026-01-01T01:32:50.0969620Z</when>
        <gx:coord>14.035187 46.098385 2617.014</gx:coord>
        <when>2026-01-01T01:32:52.0869620Z</when>
        <gx:coord>14.035185 46.09768 2607.4958</gx:coord>
        <when>2026-01-01T01:32:52.3779620Z</when>
        <gx:coord>14.035182 46.09697 2601.8208</gx:coord>
        <when>2026-01-01T01:32:53.0899620Z</when>
        <gx:coord>14.035176 46.09626 2596.3176</gx:coord>
        <when>2026-01-01T01:32:57.3809620Z</when>
        <gx:coord>14.035142 46.093376 2574.739</gx:coord>
        <when>2026-01-01T01:32:58.0899620Z</when>
        <gx:coord>14.035142 46.093376 2574.739</gx:coord>
        <when>2026-01-01T01:32:59.0979620Z</when>
        <gx:coord>14.035115 46.09192 2563.9211</gx:coord>
        <when>2026-01-01T01:33:02.3779620Z</when>
        <gx:coord>14.035062 46.08971 2548.515</gx:coord>
        <when>2026-01-01T01:33:05.0889620Z</when>
        <gx:coord>14.034991 46.087486 2532.7378</gx:coord>
        <when>2026-01-01T01:33:07.3799620Z</when>
        <gx:coord>14.034935 46.08599 2523.053</gx:coord>
        <when>2026-01-01T01:33:11.0879620Z</when>
        <gx:coord>14.034804 46.082977 2501.0605</gx:coord>
        <when>2026-01-01T01:33:12.3779620Z</when>
        <gx:coord>14.034769 46.082222 2495.359</gx:coord>
        <when>2026-01-01T01:33:13.0989620Z</when>
        <gx:coord>14.034732 46.081463 2495.359</gx:coord>
        <when>2026-01-01T01:33:17.3779620Z</when>
        <gx:coord>14.034585 46.078423 2470.7383</gx:coord>
        <when>2026-01-01T01:33:18.0889620Z</when>
        <gx:coord>14.034559 46.07766 2465.6924</gx:coord>
        <when>2026-01-01T01:33:22.3789620Z</when>
        <gx:coord>14.03444 46.074615 2446.4097</gx:coord>
        <when>2026-01-01T01:33:25.0939620Z</when>
        <gx:coord>14.03438 46.072315 2434.519</gx:coord>
        <when>2026-01-01T01:33:27.3829620Z</when>
        <gx:coord>14.034275 46.0708 2435.6282</gx:coord>
        <when>2026-01-01T01:33:32.3789620Z</when>
        <gx:coord>14.034083 46.066967 2411.1125</gx:coord>
        <when>2026-01-01T01:33:34.0849620Z</when>
        <gx:coord>14.034013 46.065414 2403.3486</gx:coord>
        <when>2026-01-01T01:33:35.0979620Z</when>
        <gx:coord>14.033993 46.064644 2403.3486</gx:coord>
        <when>2026-01-01T01:33:37.4099620Z</when>
        <gx:coord>14.033948 46.063095 2390.7405</gx:coord>
        <when>2026-01-01T01:33:38.0829620Z</when>
        <gx:coord>14.033948 46.063095 2390.7405</gx:coord>
        <when>2026-01-01T01:33:42.0879620Z</when>
        <gx:coord>14.033836 46.059223 2371.501</gx:coord>
        <when>2026-01-01T01:33:42.3789620Z</when>
        <gx:coord>14.033836 46.059223 2371.501</gx:coord>
        <when>2026-01-01T01:33:47.3779620Z</when>
        <gx:coord>14.033814 46.055336 2358.021</gx:coord>
        <when>2026-01-01T01:33:52.3819620Z</when>
        <gx:coord>14.03385 46.051502 2351.9465</gx:coord>
        <when>2026-01-01T01:33:57.1029620Z</when>
        <gx:coord>14.033971 46.047737 2349.2505</gx:coord>
        <when>2026-01-01T01:33:57.3839620Z</when>
        <gx:coord>14.033971 46.047737 2347.5037</gx:coord>
        <when>2026-01-01T01:34:02.3789620Z</when>
        <gx:coord>14.034202 46.044075 2349.713</gx:coord>
        <when>2026-01-01T01:34:03.0899620Z</when>
        <gx:coord>14.034202 46.044075 2349.713</gx:coord>
        <when>2026-01-01T01:34:07.3789620Z</when>
        <gx:coord>14.034461 46.0405 2351.9172</gx:coord>
        <when>2026-01-01T01:34:12.3789620Z</when>
        <gx:coord>14.034756 46.036972 2350.7583</gx:coord>
        <when>2026-01-01T01:34:17.3789620Z</when>
        <gx:coord>14.035111 46.033527 2348.9739</gx:coord>
        <when>2026-01-01T01:34:21.0899620Z</when>
        <gx:coord>14.035322 46.03151 2349.7473</gx:coord>
        <when>2026-01-01T01:34:21.0969620Z</when>
        <gx:coord>14.035383 46.030846 2349.7473</gx:coord>
        <when>2026-01-01T01:34:47.0929620Z</when>
        <gx:coord>14.037211 46.013916 2359.5422</gx:coord>
        <when>2026-01-01T01:34:52.5169620Z</when>
        <gx:coord>14.037562 46.010693 2364.236</gx:coord>
        <when>2026-01-01T01:34:58.6719620Z</when>
        <gx:coord>14.037961 46.00675 2352.8926</gx:coord>
        <when>2026-01-01T01:35:03.6729620Z</when>
        <gx:coord>14.038272 46.003418 2349.1887</gx:coord>
        <when>2026-01-01T01:35:08.6729620Z</when>
        <gx:coord>14.0385685 46.00008 2353.4802</gx:coord>
        <when>2026-01-01T01:35:13.0959620Z</when>
        <gx:coord>14.038871 45.996716 2353.2441</gx:coord>
        <when>2026-01-01T01:35:13.6729620Z</when>
        <gx:coord>14.038871 45.996716 2351.5042</gx:coord>
        <when>2026-01-01T01:35:18.6729620Z</when>
        <gx:coord>14.039153 45.993305 2352.2102</gx:coord>
        <when>2026-01-01T01:35:23.6739620Z</when>
        <gx:coord>14.039414 45.989887 2351.5566</gx:coord>
        <when>2026-01-01T01:35:28.6729620Z</when>
        <gx:coord>14.039641 45.986477 2347.8335</gx:coord>
        <when>2026-01-01T01:35:33.6729620Z</when>
        <gx:coord>14.039872 45.983128 2355.1108</gx:coord>
        <when>2026-01-01T01:35:38.1009620Z</when>
        <gx:coord>14.040116 45.97981 2356.3125</gx:coord>
        <when>2026-01-01T01:35:38.6729620Z</when>
        <gx:coord>14.040116 45.97981 2356.1284</gx:coord>
        <when>2026-01-01T01:35:42.0999620Z</when>
        <gx:coord>14.040305 45.977184 2356.234</gx:coord>
        <when>2026-01-01T01:35:43.6739620Z</when>
        <gx:coord>14.040345 45.97653 2356.0784</gx:coord>
        <when>2026-01-01T01:35:48.6739620Z</when>
        <gx:coord>14.040575 45.973267 2356.0947</gx:coord>
        <when>2026-01-01T01:35:54.7699620Z</when>
        <gx:coord>14.040857 45.96936 2356.8367</gx:coord>
        <when>2026-01-01T01:35:59.7709620Z</when>
        <gx:coord>14.041099 45.966118 2356.2734</gx:coord>
        <when>2026-01-01T01:36:04.0959620Z</when>
        <gx:coord>14.0413265 45.9629 2356.7446</gx:coord>
        <when>2026-01-01T01:36:04.7709620Z</when>
        <gx:coord>14.0413265 45.9629 2356.7986</gx:coord>
        <when>2026-01-01T01:36:09.7709620Z</when>
        <gx:coord>14.041552 45.9597 2356.9897</gx:coord>
        <when>2026-01-01T01:36:14.7699620Z</when>
        <gx:coord>14.041788 45.95653 2357.8374</gx:coord>
        <when>2026-01-01T01:36:19.0869620Z</when>
        <gx:coord>14.041982 45.954014 2360.2805</gx:coord>
        <when>2026-01-01T01:36:19.7709620Z</when>
        <gx:coord>14.042032 45.953384 2360.6519</gx:coord>
        <when>2026-01-01T01:36:24.7769620Z</when>
        <gx:coord>14.042262 45.95025 2360.8953</gx:coord>
        <when>2026-01-01T01:36:29.7709620Z</when>
        <gx:coord>14.042506 45.947113 2361.0178</gx:coord>
        <when>2026-01-01T01:36:31.1009620Z</when>
        <gx:coord>14.042605 45.94586 2360.1597</gx:coord>
        <when>2026-01-01T01:36:34.7709620Z</when>
        <gx:coord>14.042744 45.94398 2360.3733</gx:coord>
        <when>2026-01-01T01:36:39.7709620Z</when>
        <gx:coord>14.042949 45.94085 2359.39</gx:coord>
        <when>2026-01-01T01:36:44.7709620Z</when>
        <gx:coord>14.043139 45.93772 2357.947</gx:coord>
        <when>2026-01-01T01:36:49.7709620Z</when>
        <gx:coord>14.043322 45.934605 2358.3103</gx:coord>
        <when>2026-01-01T01:36:54.8369620Z</when>
        <gx:coord>14.043498 45.931496 2359.0608</gx:coord>
        <when>2026-01-01T01:36:58.0999620Z</when>
        <gx:coord>14.043637 45.929016 2359.8015</gx:coord>
        <when>2026-01-01T01:36:59.7719620Z</when>
        <gx:coord>14.043671 45.9284 2360.4324</gx:coord>
        <when>2026-01-01T01:37:04.7939620Z</when>
        <gx:coord>14.043842 45.9253 2360.5833</gx:coord>
        <when>2026-01-01T01:37:09.7759620Z</when>
        <gx:coord>14.044008 45.922222 2360.432</gx:coord>
        <when>2026-01-01T01:37:14.7719620Z</when>
        <gx:coord>14.044174 45.919163 2360.6145</gx:coord>
        <when>2026-01-01T01:37:20.2179620Z</when>
        <gx:coord>14.04433 45.915527 2359.462</gx:coord>
        <when>2026-01-01T01:37:25.2199620Z</when>
        <gx:coord>14.044488 45.912544 2363.555</gx:coord>
        <when>2026-01-01T01:37:26.0949620Z</when>
        <gx:coord>14.04452 45.91195 2363.555</gx:coord>
        <when>2026-01-01T01:37:30.2189620Z</when>
        <gx:coord>14.044638 45.909554 2365.7583</gx:coord>
        <when>2026-01-01T01:37:35.2199620Z</when>
        <gx:coord>14.044765 45.90654 2365.2847</gx:coord>
        <when>2026-01-01T01:37:40.2189620Z</when>
        <gx:coord>14.044922 45.903492 2360.7</gx:coord>
        <when>2026-01-01T01:37:45.2199620Z</when>
        <gx:coord>14.045078 45.90042 2359.6277</gx:coord>
        <when>2026-01-01T01:37:50.2199620Z</when>
        <gx:coord>14.045229 45.89735 2360.6616</gx:coord>
        <when>2026-01-01T01:37:54.0969620Z</when>
        <gx:coord>14.045379 45.89489 2359.3313</gx:coord>
        <when>2026-01-01T01:37:55.2199620Z</when>
        <gx:coord>14.045419 45.894276 2360.0063</gx:coord>
        <when>2026-01-01T01:38:00.2199620Z</when>
        <gx:coord>14.04558 45.8912 2360.8164</gx:coord>
        <when>2026-01-01T01:38:05.2199620Z</when>
        <gx:coord>14.045746 45.888115 2361.118</gx:coord>
        <when>2026-01-01T01:38:14.6069620Z</when>
        <gx:coord>14.046009 45.882496 2358.45</gx:coord>
        <when>2026-01-01T01:38:19.6079620Z</when>
        <gx:coord>14.0461445 45.87934 2356.8933</gx:coord>
        <when>2026-01-01T01:38:21.0979620Z</when>
        <gx:coord>14.046184 45.878082 2357.8567</gx:coord>
        <when>2026-01-01T01:38:24.6079620Z</when>
        <gx:coord>14.046266 45.876194 2356.0713</gx:coord>
        <when>2026-01-01T01:38:37.9919620Z</when>
        <gx:coord>14.046711 45.868034 2355.863</gx:coord>
        <when>2026-01-01T01:38:42.9939620Z</when>
        <gx:coord>14.046859 45.8649 2357.461</gx:coord>
        <when>2026-01-01T01:38:47.9939620Z</when>
        <gx:coord>14.047024 45.86176 2358.86</gx:coord>
        <when>2026-01-01T01:38:48.1099620Z</when>
        <gx:coord>14.047059 45.861134 2358.86</gx:coord>
        <when>2026-01-01T01:38:52.9929620Z</when>
        <gx:coord>14.047199 45.85862 2359.823</gx:coord>
        <when>2026-01-01T01:38:57.9929620Z</when>
        <gx:coord>14.047363 45.855465 2359.8774</gx:coord>
        <when>2026-01-01T01:39:02.9939620Z</when>
        <gx:coord>14.0475235 45.852287 2359.4023</gx:coord>
        <when>2026-01-01T01:39:07.9939620Z</when>
        <gx:coord>14.047718 45.8491 2358.6426</gx:coord>
        <when>2026-01-01T01:39:12.9939620Z</when>
        <gx:coord>14.04787 45.84587 2358.2314</gx:coord>
        <when>2026-01-01T01:39:15.1009620Z</when>
        <gx:coord>14.047966 45.84393 2357.5415</gx:coord>
        <when>2026-01-01T01:39:17.9939620Z</when>
        <gx:coord>14.048029 45.84264 2357.805</gx:coord>
        <when>2026-01-01T01:39:22.9939620Z</when>
        <gx:coord>14.048167 45.83941 2360.1052</gx:coord>
        <when>2026-01-01T01:39:27.9949620Z</when>
        <gx:coord>14.048298 45.83618 2360.5217</gx:coord>
        <when>2026-01-01T01:39:32.9939620Z</when>
        <gx:coord>14.048429 45.832962 2361.0989</gx:coord>
        <when>2026-01-01T01:39:38.0279620Z</when>
        <gx:coord>14.048536 45.829758 2360.034</gx:coord>
        <when>2026-01-01T01:39:41.0959620Z</when>
        <gx:coord>14.048628 45.827213 2360.9834</gx:coord>
        <when>2026-01-01T01:39:42.9939620Z</when>
        <gx:coord>14.048654 45.826576 2360.8179</gx:coord>
        <when>2026-01-01T01:39:47.9939620Z</when>
        <gx:coord>14.048806 45.82341 2360.969</gx:coord>
        <when>2026-01-01T01:39:52.9939620Z</when>
        <gx:coord>14.048964 45.82024 2362.353</gx:coord>
        <when>2026-01-01T01:39:57.9939620Z</when>
        <gx:coord>14.049087 45.81706 2361.5913</gx:coord>
        <when>2026-01-01T01:40:02.9939620Z</when>
        <gx:coord>14.049232 45.813885 2361.1528</gx:coord>
        <when>2026-01-01T01:40:07.9939620Z</when>
        <gx:coord>14.049384 45.810703 2360.085</gx:coord>
        <when>2026-01-01T01:40:08.0999620Z</when>
        <gx:coord>14.049415 45.81007 2360.085</gx:coord>
        <when>2026-01-01T01:40:12.9939620Z</when>
        <gx:coord>14.049518 45.80753 2360.041</gx:coord>
        <when>2026-01-01T01:40:17.9939620Z</when>
        <gx:coord>14.049642 45.804356 2360.134</gx:coord>
        <when>2026-01-01T01:40:22.9939620Z</when>
        <gx:coord>14.049809 45.80118 2358.0435</gx:coord>
        <when>2026-01-01T01:40:27.9939620Z</when>
        <gx:coord>14.04994 45.79802 2358.6094</gx:coord>
        <when>2026-01-01T01:40:32.9949620Z</when>
        <gx:coord>14.050084 45.794865 2360.1516</gx:coord>
        <when>2026-01-01T01:40:35.1029620Z</when>
        <gx:coord>14.05019 45.79297 2359.025</gx:coord>
        <when>2026-01-01T01:40:38.0269620Z</when>
        <gx:coord>14.050257 45.7917 2358.496</gx:coord>
        <when>2026-01-01T01:40:42.9949620Z</when>
        <gx:coord>14.050416 45.78851 2356.87</gx:coord>
        <when>2026-01-01T01:40:47.9949620Z</when>
        <gx:coord>14.050586 45.785255 2356.4622</gx:coord>
        <when>2026-01-01T01:40:52.9939620Z</when>
        <gx:coord>14.050729 45.781963 2356.231</gx:coord>
        <when>2026-01-01T01:40:57.9939620Z</when>
        <gx:coord>14.050852 45.77861 2358.5762</gx:coord>
        <when>2026-01-01T01:40:58.0899620Z</when>
        <gx:coord>14.050852 45.77861 2358.5762</gx:coord>
        <when>2026-01-01T01:41:01.0969620Z</when>
        <gx:coord>14.05096 45.77589 2352.132</gx:coord>
        <when>2026-01-01T01:41:02.9949620Z</when>
        <gx:coord>14.050982 45.775208 2350.6687</gx:coord>
        <when>2026-01-01T01:41:07.9949620Z</when>
        <gx:coord>14.051055 45.771797 2347.0852</gx:coord>
        <when>2026-01-01T01:41:12.9949620Z</when>
        <gx:coord>14.051155 45.76841 2347.636</gx:coord>
        <when>2026-01-01T01:41:17.9949620Z</when>
        <gx:coord>14.051221 45.765038 2349.6482</gx:coord>
        <when>2026-01-01T01:41:20.0969620Z</when>
        <gx:coord>14.051184 45.763695 2348.9248</gx:coord>
        <when>2026-01-01T01:41:22.9949620Z</when>
        <gx:coord>14.050963 45.7617 2351.4404</gx:coord>
        <when>2026-01-01T01:41:25.0909620Z</when>
        <gx:coord>14.050647 45.76039 2354.4456</gx:coord>
        <when>2026-01-01T01:41:26.1009620Z</when>
        <gx:coord>14.050207 45.75911 2355.702</gx:coord>
        <when>2026-01-01T01:41:27.9939620Z</when>
        <gx:coord>14.049928 45.75848 2355.418</gx:coord>
        <when>2026-01-01T01:41:30.0919620Z</when>
        <gx:coord>14.049255 45.757256 2357.4277</gx:coord>
        <when>2026-01-01T01:41:32.9939620Z</when>
        <gx:coord>14.048011 45.755524 2361.947</gx:coord>
        <when>2026-01-01T01:41:35.0889620Z</when>
        <gx:coord>14.047029 45.754433 2363.0903</gx:coord>
        <when>2026-01-01T01:41:38.0649620Z</when>
        <gx:coord>14.045307 45.752914 2364.9778</gx:coord>
        <when>2026-01-01T01:41:41.0879620Z</when>
        <gx:coord>14.043391 45.751522 2363.888</gx:coord>
        <when>2026-01-01T01:41:42.9949620Z</when>
        <gx:coord>14.042075 45.750626 2364.553</gx:coord>
        <when>2026-01-01T01:41:47.9949620Z</when>
        <gx:coord>14.038777 45.74841 2364.3662</gx:coord>
        <when>2026-01-01T01:41:52.9969620Z</when>
        <gx:coord>14.035556 45.74614 2355.2866</gx:coord>
        <when>2026-01-01T01:41:53.0979620Z</when>
        <gx:coord>14.034909 45.745678 2355.2866</gx:coord>
        <when>2026-01-01T01:41:56.0859620Z</when>
        <gx:coord>14.032962 45.74427 2340.597</gx:coord>
        <when>2026-01-01T01:41:57.9979620Z</when>
        <gx:coord>14.0323105 45.743793 2336.818</gx:coord>
        <when>2026-01-01T01:42:02.9939620Z</when>
        <gx:coord>14.029028 45.741394 2316.2456</gx:coord>
        <when>2026-01-01T01:42:04.4139620Z</when>
        <gx:coord>14.027694 45.74042 2308.876</gx:coord>
        <when>2026-01-01T01:42:07.9939620Z</when>
        <gx:coord>14.025681 45.73895 2296.8408</gx:coord>
        <when>2026-01-01T01:42:12.0909620Z</when>
        <gx:coord>14.022278 45.736458 2277.2954</gx:coord>
        <when>2026-01-01T01:42:12.9949620Z</when>
        <gx:coord>14.022278 45.736458 2277.2954</gx:coord>
        <when>2026-01-01T01:42:17.9949620Z</when>
        <gx:coord>14.018782 45.73389 2250.6064</gx:coord>
        <when>2026-01-01T01:42:18.1029620Z</when>
        <gx:coord>14.018077 45.73338 2250.6064</gx:coord>
        <when>2026-01-01T01:42:18.1029620Z</when>
        <gx:coord>14.018077 45.73338 2244.9988</gx:coord>
        <when>2026-01-01T01:42:22.9949620Z</when>
        <gx:coord>14.015242 45.73134 2223.8289</gx:coord>
        <when>2026-01-01T01:42:24.0919620Z</when>
        <gx:coord>14.013816 45.73031 2213.52</gx:coord>
        <when>2026-01-01T01:42:27.9949620Z</when>
        <gx:coord>14.011675 45.72876 2198.1943</gx:coord>
        <when>2026-01-01T01:42:30.0869620Z</when>
        <gx:coord>14.010241 45.727726 2188.8152</gx:coord>
        <when>2026-01-01T01:42:31.0849620Z</when>
        <gx:coord>14.008806 45.72668 2178.4365</gx:coord>
        <when>2026-01-01T01:42:32.9949620Z</when>
        <gx:coord>14.008094 45.726154 2172.7302</gx:coord>
        <when>2026-01-01T01:42:37.5669620Z</when>
        <gx:coord>14.004543 45.723537 2144.185</gx:coord>
        <when>2026-01-01T01:42:38.0269620Z</when>
        <gx:coord>14.004543 45.723537 2144.185</gx:coord>
        <when>2026-01-01T01:42:42.0989620Z</when>
        <gx:coord>14.000947 45.720974 2124.751</gx:coord>
        <when>2026-01-01T01:42:42.9949620Z</when>
        <gx:coord>14.000947 45.720974 2118.7996</gx:coord>
        <when>2026-01-01T01:42:43.1009620Z</when>
        <gx:coord>14.000226 45.720467 2112.9692</gx:coord>
        <when>2026-01-01T01:42:47.9979620Z</when>
        <gx:coord>13.99738 45.71841 2094.1936</gx:coord>
        <when>2026-01-01T01:42:50.0879620Z</when>
        <gx:coord>13.995281 45.71687 2080.3464</gx:coord>
        <when>2026-01-01T01:42:52.9969620Z</when>
        <gx:coord>13.993871 45.715843 2068.0645</gx:coord>
        <when>2026-01-01T01:42:56.0929620Z</when>
        <gx:coord>13.991067 45.713814 2048.2893</gx:coord>
        <when>2026-01-01T01:42:57.9939620Z</when>
        <gx:coord>13.990385 45.713295 2042.6681</gx:coord>
        <when>2026-01-01T01:43:02.9949620Z</when>
        <gx:coord>13.986973 45.710724 2021.1829</gx:coord>
        <when>2026-01-01T01:43:03.0889620Z</when>
        <gx:coord>13.986309 45.71021 2016.3734</gx:coord>
        <when>2026-01-01T01:43:06.0929620Z</when>
        <gx:coord>13.9843025 45.70871 2009.866</gx:coord>
        <when>2026-01-01T01:43:07.9939620Z</when>
        <gx:coord>13.983625 45.708218 2005.2632</gx:coord>
        <when>2026-01-01T01:43:11.0869620Z</when>
        <gx:coord>13.98162 45.70675 1988.3225</gx:coord>
        <when>2026-01-01T01:43:11.0869620Z</when>
        <gx:coord>13.980958 45.706257 1985.0261</gx:coord>
        <when>2026-01-01T01:43:12.9949620Z</when>
        <gx:coord>13.980298 45.70577 1979.4994</gx:coord>
        <when>2026-01-01T01:43:17.9949620Z</when>
        <gx:coord>13.976989 45.70333 1959.6445</gx:coord>
        <when>2026-01-01T01:43:19.1039620Z</when>
        <gx:coord>13.975661 45.702354 1950.2219</gx:coord>
        <when>2026-01-01T01:43:22.9949620Z</when>
        <gx:coord>13.973693 45.700882 1935.5061</gx:coord>
        <when>2026-01-01T01:43:26.0959620Z</when>
        <gx:coord>13.971093 45.69891 1915.935</gx:coord>
        <when>2026-01-01T01:43:27.9949620Z</when>
        <gx:coord>13.970434 45.69842 1911.909</gx:coord>
        <when>2026-01-01T01:43:31.0969620Z</when>
        <gx:coord>13.967873 45.69647 1897.7627</gx:coord>
        <when>2026-01-01T01:43:32.9949620Z</when>
        <gx:coord>13.967266 45.695965 1888.8975</gx:coord>
        <when>2026-01-01T01:43:33.0899620Z</when>
        <gx:coord>13.966674 45.695465 1883.4706</gx:coord>
        <when>2026-01-01T01:43:36.0889620Z</when>
        <gx:coord>13.965533 45.694386 1875.5139</gx:coord>
        <when>2026-01-01T01:43:37.9999620Z</when>
        <gx:coord>13.964477 45.69321 1870.1493</gx:coord>
        <when>2026-01-01T01:43:39.0869620Z</when>
        <gx:coord>13.963977 45.692623 1865.6919</gx:coord>
        <when>2026-01-01T01:43:41.0889620Z</when>
        <gx:coord>13.962754 45.69075 1852.1888</gx:coord>
        <when>2026-01-01T01:43:42.0859620Z</when>
        <gx:coord>13.962754 45.69075 1852.1888</gx:coord>
        <when>2026-01-01T01:43:42.9949620Z</when>
        <gx:coord>13.962412 45.690094 1848.185</gx:coord>
        <when>2026-01-01T01:43:48.0029620Z</when>
        <gx:coord>13.960975 45.68682 1824.9034</gx:coord>
        <when>2026-01-01T01:43:48.0959620Z</when>
        <gx:coord>13.960926 45.686104 1819.2307</gx:coord>
        <when>2026-01-01T01:43:53.0819620Z</when>
        <gx:coord>13.959919 45.682766 1784.9421</gx:coord>
        <when>2026-01-01T01:43:56.0909620Z</when>
        <gx:coord>13.95931 45.68074 1773.2352</gx:coord>
        <when>2026-01-01T01:43:59.0869620Z</when>
        <gx:coord>13.958573 45.678753 1753.6409</gx:coord>
        <when>2026-01-01T01:44:06.0869620Z</when>
        <gx:coord>13.956655 45.67415 1718.8016</gx:coord>
        <when>2026-01-01T01:44:11.1209620Z</when>
        <gx:coord>13.955236 45.67086 1693.6492</gx:coord>
        <when>2026-01-01T01:44:13.0839620Z</when>
        <gx:coord>13.954659 45.669548 1684.1936</gx:coord>
        <when>2026-01-01T01:44:16.1249620Z</when>
        <gx:coord>13.95379 45.66758 1670.2133</gx:coord>
        <when>2026-01-01T01:44:20.0899620Z</when>
        <gx:coord>13.952625 45.664955 1650.9628</gx:coord>
        <when>2026-01-01T01:44:21.0929620Z</when>
        <gx:coord>13.952335 45.6643 1650.9628</gx:coord>
        <when>2026-01-01T01:44:21.1249620Z</when>
        <gx:coord>13.952335 45.6643 1646.5198</gx:coord>
        <when>2026-01-01T01:44:26.1219620Z</when>
        <gx:coord>13.950884 45.66103 1622.7213</gx:coord>
        <when>2026-01-01T01:44:27.0879620Z</when>
        <gx:coord>13.950597 45.660374 1618.1539</gx:coord>
        <when>2026-01-01T01:44:31.1219620Z</when>
        <gx:coord>13.949455 45.65776 1601.5227</gx:coord>
        <when>2026-01-01T01:44:34.0889620Z</when>
        <gx:coord>13.948582 45.655804 1586.5405</gx:coord>
        <when>2026-01-01T01:44:36.1249620Z</when>
        <gx:coord>13.948004 45.6545 1577.414</gx:coord>
        <when>2026-01-01T01:44:41.1219620Z</when>
        <gx:coord>13.946575 45.65124 1557.123</gx:coord>
        <when>2026-01-01T01:44:42.0909620Z</when>
        <gx:coord>13.946284 45.650593 1552.5984</gx:coord>
        <when>2026-01-01T01:44:46.0939620Z</when>
        <gx:coord>13.945141 45.647987 1538.6891</gx:coord>
        <when>2026-01-01T01:44:46.1289620Z</when>
        <gx:coord>13.945141 45.647987 1533.4956</gx:coord>
        <when>2026-01-01T01:44:49.0939620Z</when>
        <gx:coord>13.944274 45.646038 1519.6802</gx:coord>
        <when>2026-01-01T01:44:51.1219620Z</when>
        <gx:coord>13.943689 45.644737 1510.0812</gx:coord>
        <when>2026-01-01T01:44:56.0819620Z</when>
        <gx:coord>13.94225 45.641476 1486.1426</gx:coord>
        <when>2026-01-01T01:45:02.0819620Z</when>
        <gx:coord>13.940542 45.637527 1455.3783</gx:coord>
        <when>2026-01-01T01:45:06.8509620Z</when>
        <gx:coord>13.939405 45.63489 1435.3553</gx:coord>
        <when>2026-01-01T01:45:08.0859620Z</when>
        <gx:coord>13.938844 45.633575 1424.5266</gx:coord>
        <when>2026-01-01T01:45:11.0909620Z</when>
        <gx:coord>13.937992 45.63161 1417.08</gx:coord>
        <when>2026-01-01T01:45:11.8519620Z</when>
        <gx:coord>13.937992 45.63161 1413.2244</gx:coord>
        <when>2026-01-01T01:45:16.8569620Z</when>
        <gx:coord>13.936618 45.628384 1404.9265</gx:coord>
        <when>2026-01-01T01:45:23.0879620Z</when>
        <gx:coord>13.935087 45.62467 1407.6185</gx:coord>
        <when>2026-01-01T01:45:32.7559620Z</when>
        <gx:coord>13.932835 45.618767 1419.3077</gx:coord>
        <when>2026-01-01T01:45:37.7559620Z</when>
        <gx:coord>13.931801 45.61588 1420.5548</gx:coord>
        <when>2026-01-01T01:45:38.0869620Z</when>
        <gx:coord>13.931597 45.615307 1420.5548</gx:coord>
        <when>2026-01-01T01:45:42.7569620Z</when>
        <gx:coord>13.9307995 45.613007 1419.6981</gx:coord>
        <when>2026-01-01T01:45:47.7569620Z</when>
        <gx:coord>13.929804 45.610126 1418.6398</gx:coord>
        <when>2026-01-01T01:45:52.7559620Z</when>
        <gx:coord>13.928749 45.607243 1416.5107</gx:coord>
        <when>2026-01-01T01:45:57.0879620Z</when>
        <gx:coord>13.927592 45.605003 1416.2814</gx:coord>
        <when>2026-01-01T01:45:57.7559620Z</when>
        <gx:coord>13.927234 45.604465 1416.6655</gx:coord>
        <when>2026-01-01T01:46:01.0829620Z</when>
        <gx:coord>13.925969 45.60293 1417.2312</gx:coord>
        <when>2026-01-01T01:46:02.7589620Z</when>
        <gx:coord>13.925032 45.601948 1418.0352</gx:coord>
        <when>2026-01-01T01:46:07.1219620Z</when>
        <gx:coord>13.922555 45.59957 1418.2388</gx:coord>
        <when>2026-01-01T01:46:07.7569620Z</when>
        <gx:coord>13.922555 45.59957 1418.2714</gx:coord>
        <when>2026-01-01T01:46:20.0879620Z</when>
        <gx:coord>13.916634 45.593822 1413.3735</gx:coord>
        <when>2026-01-01T01:46:25.1129620Z</when>
        <gx:coord>13.913643 45.590893 1401.2773</gx:coord>
        <when>2026-01-01T01:46:28.0839620Z</when>
        <gx:coord>13.912111 45.589405 1393.604</gx:coord>
        <when>2026-01-01T01:46:30.1129620Z</when>
        <gx:coord>13.911077 45.588406 1388.2644</gx:coord>
        <when>2026-01-01T01:46:35.1159620Z</when>
        <gx:coord>13.9089775 45.586407 1375.9343</gx:coord>
        <when>2026-01-01T01:46:35.1219620Z</when>
        <gx:coord>13.908444 45.585903 1375.9343</gx:coord>
        <when>2026-01-01T01:46:38.0909620Z</when>
        <gx:coord>13.906826 45.58439 1359.9108</gx:coord>
        <when>2026-01-01T01:46:40.1149620Z</when>
        <gx:coord>13.905732 45.583374 1351.1334</gx:coord>
        <when>2026-01-01T01:46:41.7669620Z</when>
        <gx:coord>13.905187 45.582863 1346.8978</gx:coord>
        <when>2026-01-01T01:46:45.0829620Z</when>
        <gx:coord>13.90296 45.5808 1329.3556</gx:coord>
        <when>2026-01-01T01:46:52.0869620Z</when>
        <gx:coord>13.898969 45.57713 1297.4856</gx:coord>
        <when>2026-01-01T01:46:54.2429620Z</when>
        <gx:coord>13.897817 45.576065 1288.2587</gx:coord>
        <when>2026-01-01T01:46:58.0879620Z</when>
        <gx:coord>13.896067 45.574467 1274.1097</gx:coord>
        <when>2026-01-01T01:46:59.0739620Z</when>
        <gx:coord>13.894898 45.57339 1266.0499</gx:coord>
        <when>2026-01-01T01:46:59.2429620Z</when>
        <gx:coord>13.894898 45.57339 1266.0499</gx:coord>
        <when>2026-01-01T01:47:01.0939620Z</when>
        <gx:coord>13.893726 45.57231 1260.5366</gx:coord>
        <when>2026-01-01T01:47:04.2429620Z</when>
        <gx:coord>13.89196 45.570686 1244.3386</gx:coord>
        <when>2026-01-01T01:47:07.0819620Z</when>
        <gx:coord>13.890176 45.56906 1234.191</gx:coord>
        <when>2026-01-01T01:47:09.2429620Z</when>
        <gx:coord>13.889009 45.567955 1224.9067</gx:coord>
        <when>2026-01-01T01:47:14.0909620Z</when>
        <gx:coord>13.886046 45.565205 1199.2008</gx:coord>
        <when>2026-01-01T01:47:14.2429620Z</when>
        <gx:coord>13.886046 45.565205 1199.2008</gx:coord>
        <when>2026-01-01T01:47:19.2539620Z</when>
        <gx:coord>13.882931 45.562553 1178.6519</gx:coord>
        <when>2026-01-01T01:47:20.0909620Z</when>
        <gx:coord>13.882931 45.562553 1178.6519</gx:coord>
        <when>2026-01-01T01:47:21.0859620Z</when>
        <gx:coord>13.881536 45.561592 1168.5396</gx:coord>
        <when>2026-01-01T01:47:24.2429620Z</when>
        <gx:coord>13.879231 45.56032 1154.7675</gx:coord>
        <when>2026-01-01T01:47:25.0879620Z</when>
        <gx:coord>13.879231 45.56032 1154.7675</gx:coord>
        <when>2026-01-01T01:47:26.0909620Z</when>
        <gx:coord>13.87758 45.559597 1149.7198</gx:coord>
        <when>2026-01-01T01:47:28.0939620Z</when>
        <gx:coord>13.876726 45.559273 1141.657</gx:coord>
        <when>2026-01-01T01:47:28.0939620Z</when>
        <gx:coord>13.875856 45.55897 1137.3506</gx:coord>
        <when>2026-01-01T01:47:29.2429620Z</when>
        <gx:coord>13.874971 45.558693 1133.2129</gx:coord>
        <when>2026-01-01T01:47:30.0869620Z</when>
        <gx:coord>13.874971 45.558693 1133.2129</gx:coord>
        <when>2026-01-01T01:47:34.2429620Z</when>
        <gx:coord>13.870353 45.557705 1112.0067</gx:coord>
        <when>2026-01-01T01:47:35.0839620Z</when>
        <gx:coord>13.870353 45.557705 1112.0067</gx:coord>
        <when>2026-01-01T01:47:36.0859620Z</when>
        <gx:coord>13.868436 45.557495 1103.4618</gx:coord>
        <when>2026-01-01T01:47:39.2429620Z</when>
        <gx:coord>13.865527 45.5574 1093.9185</gx:coord>
        <when>2026-01-01T01:47:40.0819620Z</when>
        <gx:coord>13.865527 45.5574 1093.9185</gx:coord>
        <when>2026-01-01T01:47:44.2529620Z</when>
        <gx:coord>13.86074 45.557594 1084.7144</gx:coord>
        <when>2026-01-01T01:47:49.2439620Z</when>
        <gx:coord>13.85609 45.55785 1084.4275</gx:coord>
        <when>2026-01-01T01:47:52.1009620Z</when>
        <gx:coord>13.853388 45.55801 1085.6046</gx:coord>
        <when>2026-01-01T01:47:54.0759620Z</when>
        <gx:coord>13.8525 45.558075 1087.3395</gx:coord>
        <when>2026-01-01T01:48:02.2829620Z</when>
        <gx:coord>13.844759 45.558212 1096.332</gx:coord>
        <when>2026-01-01T01:48:07.0859620Z</when>
        <gx:coord>13.841442 45.558193 1097.1196</gx:coord>
        <when>2026-01-01T01:48:07.3129620Z</when>
        <gx:coord>13.840627 45.55819 1097.2986</gx:coord>
        <when>2026-01-01T01:48:12.2829620Z</when>
        <gx:coord>13.83657 45.558163 1097.1147</gx:coord>
        <when>2026-01-01T01:48:21.0869620Z</when>
        <gx:coord>13.829226 45.55811 1079.4589</gx:coord>
        <when>2026-01-01T01:48:23.0859620Z</when>
        <gx:coord>13.827573 45.558094 1070.4025</gx:coord>
        <when>2026-01-01T01:48:23.5559620Z</when>
        <gx:coord>13.827573 45.558094 1070.4025</gx:coord>
        <when>2026-01-01T01:48:28.5559620Z</when>
        <gx:coord>13.823425 45.558075 1055.8685</gx:coord>
        <when>2026-01-01T01:48:33.5569620Z</when>
        <gx:coord>13.819255 45.558052 1041.6437</gx:coord>
        <when>2026-01-01T01:48:34.0929620Z</when>
        <gx:coord>13.818416 45.55805 1035.9188</gx:coord>
        <when>2026-01-01T01:48:38.5569620Z</when>
        <gx:coord>13.815074 45.558056 1024.4534</gx:coord>
        <when>2026-01-01T01:48:43.5569620Z</when>
        <gx:coord>13.810931 45.558044 1010.89655</gx:coord>
        <when>2026-01-01T01:48:46.0829620Z</when>
        <gx:coord>13.808452 45.558018 1003.40326</gx:coord>
        <when>2026-01-01T01:48:48.5569620Z</when>
        <gx:coord>13.806798 45.557995 999.0197</gx:coord>
        <when>2026-01-01T01:48:50.0889620Z</when>
        <gx:coord>13.805148 45.557972 996.69794</gx:coord>
        <when>2026-01-01T01:49:01.0849620Z</when>
        <gx:coord>13.796085 45.557827 971.77997</gx:coord>
        <when>2026-01-01T01:49:02.0669620Z</when>
        <gx:coord>13.796085 45.557827 971.77997</gx:coord>
        <when>2026-01-01T01:49:07.0679620Z</when>
        <gx:coord>13.791985 45.557762 960.9782</gx:coord>
        <when>2026-01-01T01:49:12.0679620Z</when>
        <gx:coord>13.78789 45.557686 950.00824</gx:coord>
        <when>2026-01-01T01:49:16.0869620Z</when>
        <gx:coord>13.783795 45.55763 939.764</gx:coord>
        <when>2026-01-01T01:49:17.0679620Z</when>
        <gx:coord>13.783795 45.55763 939.764</gx:coord>
        <when>2026-01-01T01:49:19.0899620Z</when>
        <gx:coord>13.7813425 45.55756 934.71063</gx:coord>
        <when>2026-01-01T01:49:30.0929620Z</when>
        <gx:coord>13.772401 45.55709 907.52014</gx:coord>
        <when>2026-01-01T01:49:32.1169620Z</when>
        <gx:coord>13.77077 45.55698 900.0757</gx:coord>
        <when>2026-01-01T01:49:37.1169620Z</when>
        <gx:coord>13.766696 45.556717 890.6311</gx:coord>
        <when>2026-01-01T01:49:42.1169620Z</when>
        <gx:coord>13.762636 45.55648 881.7761</gx:coord>
        <when>2026-01-01T01:49:46.0849620Z</when>
        <gx:coord>13.759386 45.55628 872.7722</gx:coord>
        <when>2026-01-01T01:49:47.1169620Z</when>
        <gx:coord>13.758572 45.556232 870.81537</gx:coord>
        <when>2026-01-01T01:49:49.0979620Z</when>
        <gx:coord>13.756963 45.55613 870.1637</gx:coord>
        <when>2026-01-01T01:49:56.0839620Z</when>
        <gx:coord>13.752112 45.55568 854.4523</gx:coord>
        <when>2026-01-01T01:50:00.0859620Z</when>
        <gx:coord>13.74891 45.555275 845.0347</gx:coord>
        <when>2026-01-01T01:50:00.0859620Z</when>
        <gx:coord>13.748111 45.555172 842.1872</gx:coord>
        <when>2026-01-01T01:50:16.0779620Z</when>
        <gx:coord>13.735483 45.553097 809.0819</gx:coord>
        <when>2026-01-01T01:50:18.3529620Z</when>
        <gx:coord>13.733909 45.55283 803.2726</gx:coord>
        <when>2026-01-01T01:50:19.0939620Z</when>
        <gx:coord>13.733123 45.552692 803.2726</gx:coord>
        <when>2026-01-01T01:50:23.3549620Z</when>
        <gx:coord>13.729998 45.552135 794.71704</gx:coord>
        <when>2026-01-01T01:50:28.3549620Z</when>
        <gx:coord>13.726064 45.551468 784.3304</gx:coord>
        <when>2026-01-01T01:50:33.3549620Z</when>
        <gx:coord>13.722168 45.550793 779.8362</gx:coord>
        <when>2026-01-01T01:50:43.0479620Z</when>
        <gx:coord>13.715384 45.54959 784.2742</gx:coord>
        <when>2026-01-01T01:50:46.0849620Z</when>
        <gx:coord>13.713169 45.54917 785.2649</gx:coord>
        <when>2026-01-01T01:50:48.0489620Z</when>
        <gx:coord>13.711713 45.548885 786.6246</gx:coord>
        <when>2026-01-01T01:50:50.0799620Z</when>
        <gx:coord>13.70953 45.548454 787.0075</gx:coord>
        <when>2026-01-01T01:51:01.2749620Z</when>
        <gx:coord>13.7014885 45.546898 787.1192</gx:coord>
        <when>2026-01-01T01:51:06.2779620Z</when>
        <gx:coord>13.697831 45.546177 784.9983</gx:coord>
        <when>2026-01-01T01:51:11.2789620Z</when>
        <gx:coord>13.694117 45.545456 785.3701</gx:coord>
        <when>2026-01-01T01:51:22.0859620Z</when>
        <gx:coord>13.685989 45.54386 785.6146</gx:coord>
        <when>2026-01-01T01:51:45.8239620Z</when>
        <gx:coord>13.66878 45.5405 790.22424</gx:coord>
        <when>2026-01-01T01:51:50.8249620Z</when>
        <gx:coord>13.665065 45.539757 792.68634</gx:coord>
        <when>2026-01-01T01:51:53.0889620Z</when>
        <gx:coord>13.662859 45.539295 792.5151</gx:coord>
        <when>2026-01-01T01:51:55.8249620Z</when>
        <gx:coord>13.661402 45.538944 793.80615</gx:coord>
        <when>2026-01-01T01:51:56.0839620Z</when>
        <gx:coord>13.661402 45.538944 793.80615</gx:coord>
        <when>2026-01-01T01:52:00.8259620Z</when>
        <gx:coord>13.657844 45.537937 794.22345</gx:coord>
        <when>2026-01-01T01:52:13.0779620Z</when>
        <gx:coord>13.649273 45.535526 793.02704</gx:coord>
        <when>2026-01-01T01:52:18.0789620Z</when>
        <gx:coord>13.64566 45.534515 784.15076</gx:coord>
        <when>2026-01-01T01:52:20.0819620Z</when>
        <gx:coord>13.643442 45.533905 775.9425</gx:coord>
        <when>2026-01-01T01:52:23.0789620Z</when>
        <gx:coord>13.641948 45.533497 769.9565</gx:coord>
        <when>2026-01-01T01:52:24.0889620Z</when>
        <gx:coord>13.640436 45.53309 766.5319</gx:coord>
        <when>2026-01-01T01:52:27.0799620Z</when>
        <gx:coord>13.638913 45.532673 756.2732</gx:coord>
        <when>2026-01-01T01:52:28.0789620Z</when>
        <gx:coord>13.637375 45.53226 749.9407</gx:coord>
        <when>2026-01-01T01:52:30.0809620Z</when>
        <gx:coord>13.635826 45.531845 742.81866</gx:coord>
        <when>2026-01-01T01:52:33.0789620Z</when>
        <gx:coord>13.634272 45.531418 735.8753</gx:coord>
        <when>2026-01-01T01:52:38.0799620Z</when>
        <gx:coord>13.630342 45.53035 719.50916</gx:coord>
        <when>2026-01-01T01:52:40.0829620Z</when>
        <gx:coord>13.627956 45.529697 710.1247</gx:coord>
        <when>2026-01-01T01:52:43.0789620Z</when>
        <gx:coord>13.626349 45.529263 703.1481</gx:coord>
        <when>2026-01-01T01:52:48.0799620Z</when>
        <gx:coord>13.622299 45.528168 685.80493</gx:coord>
        <when>2026-01-01T01:52:49.0839620Z</when>
        <gx:coord>13.620677 45.52774 678.8775</gx:coord>
        <when>2026-01-01T01:52:53.0789620Z</when>
        <gx:coord>13.617474 45.526943 668.78033</gx:coord>
        <when>2026-01-01T01:52:57.0809620Z</when>
        <gx:coord>13.614324 45.52617 643.78235</gx:coord>
        <when>2026-01-01T01:53:02.0779620Z</when>
        <gx:coord>13.610363 45.525265 612.6438</gx:coord>
        <when>2026-01-01T01:53:11.0739620Z</when>
        <gx:coord>13.60437 45.523705 596.98914</gx:coord>
        <when>2026-01-01T01:53:12.6389620Z</when>
        <gx:coord>13.603012 45.52329 594.79565</gx:coord>
        <when>2026-01-01T01:53:15.1059620Z</when>
        <gx:coord>13.601045 45.522648 579.576</gx:coord>
        <when>2026-01-01T01:53:20.0799620Z</when>
        <gx:coord>13.598533 45.52169 557.5769</gx:coord>
        <when>2026-01-01T01:53:21.0829620Z</when>
        <gx:coord>13.597309 45.52117 545.2252</gx:coord>
        <when>2026-01-01T01:53:24.0999620Z</when>
        <gx:coord>13.595539 45.52035 532.6641</gx:coord>
        <when>2026-01-01T01:53:26.0759620Z</when>
        <gx:coord>13.594395 45.519794 513.1252</gx:coord>
        <when>2026-01-01T01:53:29.0769620Z</when>
        <gx:coord>13.593265 45.51924 502.35498</gx:coord>
        <when>2026-01-01T01:53:33.0789620Z</when>
        <gx:coord>13.5904875 45.517902 478.71704</gx:coord>
        <when>2026-01-01T01:53:39.0839620Z</when>
        <gx:coord>13.587918 45.516544 467.26074</gx:coord>
        <when>2026-01-01T01:53:39.0839620Z</when>
        <gx:coord>13.587918 45.516544 467.26074</gx:coord>
        <when>2026-01-01T01:53:40.5149620Z</when>
        <gx:coord>13.587052 45.51595 464.67053</gx:coord>
        <when>2026-01-01T01:53:42.1089620Z</when>
        <gx:coord>13.586672 45.515636 462.86743</gx:coord>
        <when>2026-01-01T01:53:45.1029620Z</when>
        <gx:coord>13.585783 45.51461 455.23032</gx:coord>
        <when>2026-01-01T01:53:45.5159620Z</when>
        <gx:coord>13.585579 45.51424 450.615</gx:coord>
        <when>2026-01-01T01:53:46.0829620Z</when>
        <gx:coord>13.585426 45.513866 445.46655</gx:coord>
        <when>2026-01-01T01:53:48.0869620Z</when>
        <gx:coord>13.585308 45.513477 439.40976</gx:coord>
        <when>2026-01-01T01:53:50.5169620Z</when>
        <gx:coord>13.585214 45.512268 416.37735</gx:coord>
        <when>2026-01-01T01:53:51.0809620Z</when>
        <gx:coord>13.585214 45.512268 416.37735</gx:coord>
        <when>2026-01-01T01:53:51.0809620Z</when>
        <gx:coord>13.585277 45.511852 408.3378</gx:coord>
        <when>2026-01-01T01:53:54.0829620Z</when>
        <gx:coord>13.585532 45.511024 392.32062</gx:coord>
        <when>2026-01-01T01:53:56.0849620Z</when>
        <gx:coord>13.586221 45.509792 373.01944</gx:coord>
        <when>2026-01-01T01:53:58.0909620Z</when>
        <gx:coord>13.58651 45.5094 368.69177</gx:coord>
        <when>2026-01-01T01:53:59.0689620Z</when>
        <gx:coord>13.586815 45.509014 365.61096</gx:coord>
        <when>2026-01-01T01:54:04.0699620Z</when>
        <gx:coord>13.588265 45.50712 348.08176</gx:coord>
        <when>2026-01-01T01:54:04.0849620Z</when>
        <gx:coord>13.588567 45.50675 342.34164</gx:coord>
        <when>2026-01-01T01:54:09.0699620Z</when>
        <gx:coord>13.589796 45.50527 316.95044</gx:coord>
        <when>2026-01-01T01:54:10.0749620Z</when>
        <gx:coord>13.590401 45.504536 309.1712</gx:coord>
        <when>2026-01-01T01:54:12.0819620Z</when>
        <gx:coord>13.591004 45.503815 305.0763</gx:coord>
        <when>2026-01-01T01:54:14.0699620Z</when>
        <gx:coord>13.591297 45.503456 296.72574</gx:coord>
        <when>2026-01-01T01:54:17.1609620Z</when>
        <gx:coord>13.592409 45.50201 275.5014</gx:coord>
        <when>2026-01-01T01:54:26.0809620Z</when>
        <gx:coord>13.594998 45.49883 244.48836</gx:coord>
        <when>2026-01-01T01:54:33.0769620Z</when>
        <gx:coord>13.596924 45.496475 209.85408</gx:coord>
        <when>2026-01-01T01:54:40.0819620Z</when>
        <gx:coord>13.598847 45.494026 177.02438</gx:coord>
        <when>2026-01-01T01:54:40.9909620Z</when>
        <gx:coord>13.598847 45.494026 177.02438</gx:coord>
        <when>2026-01-01T01:54:43.3169620Z</when>
        <gx:coord>13.599386 45.493347 173.19052</gx:coord>
        <when>2026-01-01T01:54:49.0819620Z</when>
        <gx:coord>13.601244 45.491096 145.65515</gx:coord>
        <when>2026-01-01T01:54:52.6679620Z</when>
        <gx:coord>13.60209 45.490124 131.93712</gx:coord>
        <when>2026-01-01T01:54:55.0889620Z</when>
        <gx:coord>13.602946 45.48914 125.45728</gx:coord>
        <when>2026-01-01T01:54:57.0819620Z</when>
        <gx:coord>13.6034775 45.488483 114.97091</gx:coord>
        <when>2026-01-01T01:54:57.6689620Z</when>
        <gx:coord>13.6034775 45.488483 114.97091</gx:coord>
        <when>2026-01-01T01:55:06.0209620Z</when>
        <gx:coord>13.605184 45.485863 87.63659</gx:coord>
        <when>2026-01-01T01:55:06.0799620Z</when>
        <gx:coord>13.60542 45.485542 84.07401</gx:coord>
        <when>2026-01-01T01:55:11.0219620Z</when>
        <gx:coord>13.606405 45.48432 80.757065</gx:coord>
        <when>2026-01-01T01:55:12.0829620Z</when>
        <gx:coord>13.606656 45.484028 81.52413</gx:coord>
        <when>2026-01-01T01:55:16.0209620Z</when>
        <gx:coord>13.607616 45.482883 74.49021</gx:coord>
        <when>2026-01-01T01:55:21.0219620Z</when>
        <gx:coord>13.608724 45.481525 53.733875</gx:coord>
        <when>2026-01-01T01:55:21.0839620Z</when>
        <gx:coord>13.60892 45.481255 49.50876</gx:coord>
        <when>2026-01-01T01:55:26.0219620Z</when>
        <gx:coord>13.609631 45.48018 37.691593</gx:coord>
        <when>2026-01-01T01:55:31.0229620Z</when>
        <gx:coord>13.61067 45.478893 21.302025</gx:coord>
        <when>2026-01-01T01:55:31.0829620Z</when>
        <gx:coord>13.610877 45.478638 18.367218</gx:coord>
        <when>2026-01-01T01:55:35.0819620Z</when>
        <gx:coord>13.611474 45.47788 8.161662</gx:coord>
        <when>2026-01-01T01:55:36.0219620Z</when>
        <gx:coord>13.611664 45.477634 2.96219</gx:coord>
        <when>2026-01-01T01:55:41.0229620Z</when>
        <gx:coord>13.612578 45.476494 -4.2261314</gx:coord>
        <when>2026-01-01T01:55:43.0799620Z</when>
        <gx:coord>13.61288 45.476063 -3.1883233</gx:coord>
        <when>2026-01-01T01:55:46.0219620Z</when>
        <gx:coord>13.613306 45.475456 -1.7026521</gx:coord>
        <when>2026-01-01T01:55:49.0799620Z</when>
        <gx:coord>13.613694 45.474922 -1.0014411</gx:coord>
        <when>2026-01-01T01:55:51.0229620Z</when>
        <gx:coord>13.613935 45.474648 -0.47048968</gx:coord>
        <when>2026-01-01T01:55:52.0819620Z</when>
        <gx:coord>13.614043 45.474533 -0.22163272</gx:coord>
        <when>2026-01-01T01:55:52.0889620Z</when>
        <gx:coord>13.614135 45.47443 -0.22163272</gx:coord>
        <when>2026-01-01T01:55:56.0259620Z</when>
        <gx:coord>13.614349 45.47417 0.3923746</gx:coord>
        <when>2026-01-01T01:55:58.0809620Z</when>
        <gx:coord>13.6144705 45.474022 0.39794394</gx:coord>
        <when>2026-01-01T01:56:00.0829620Z</when>
        <gx:coord>13.61457 45.47391 0.43810016</gx:coord>
        <when>2026-01-01T01:56:01.0229620Z</when>
        <gx:coord>13.61463 45.473866 0.36984044</gx:coord>
        <when>2026-01-01T01:56:02.0849620Z</when>
        <gx:coord>13.614692 45.47383 0.39602762</gx:coord>
        <when>2026-01-01T01:56:03.0829620Z</when>
        <gx:coord>13.614758 45.47381 0.4753648</gx:coord>
        <when>2026-01-01T01:56:04.0779620Z</when>
        <gx:coord>13.614828 45.4738 0.6851775</gx:coord>
        <when>2026-01-01T01:56:06.0749620Z</when>
        <gx:coord>13.614961 45.473804 0.6193739</gx:coord>
        <when>2026-01-01T01:56:08.4669620Z</when>
        <gx:coord>13.615141 45.473846 0.45687115</gx:coord>
        <when>2026-01-01T01:56:09.0819620Z</when>
        <gx:coord>13.615141 45.473846 0.45687115</gx:coord>
        <when>2026-01-01T01:56:12.0869620Z</when>
        <gx:coord>13.615367 45.473915 -0.81925213</gx:coord>
        <when>2026-01-01T01:56:13.4679620Z</when>
        <gx:coord>13.615417 45.47394 -0.97434264</gx:coord>
        <when>2026-01-01T01:56:14.0819620Z</when>
        <gx:coord>13.615417 45.47394 -0.97434264</gx:coord>
        <when>2026-01-01T01:56:16.0819620Z</when>
        <gx:coord>13.615509 45.47398 -0.98819464</gx:coord>
        <when>2026-01-01T01:56:17.0789620Z</when>
        <gx:coord>13.615554 45.473988 -0.79160154</gx:coord>
        <when>2026-01-01T01:56:18.0819620Z</when>
        <gx:coord>13.615605 45.47399 -0.67573106</gx:coord>
        <when>2026-01-01T01:56:18.4689620Z</when>
        <gx:coord>13.615655 45.473988 -0.7116006</gx:coord>
        <when>2026-01-01T01:56:20.1049620Z</when>
        <gx:coord>13.615702 45.47398 -0.8560765</gx:coord>
        <when>2026-01-01T01:56:22.0799620Z</when>
        <gx:coord>13.615785 45.473946 -0.9548329</gx:coord>
        <when>2026-01-01T01:56:23.4679620Z</when>
        <gx:coord>13.615856 45.473896 -1.0678526</gx:coord>
        <when>2026-01-01T01:56:24.0819620Z</when>
        <gx:coord>13.615856 45.473896 -1.0678526</gx:coord>
        <when>2026-01-01T01:56:27.0799620Z</when>
        <gx:coord>13.61594 45.47381 -0.86327785</gx:coord>
        <when>2026-01-01T01:56:28.4689620Z</when>
        <gx:coord>13.615983 45.47375 -0.50866246</gx:coord>
        <when>2026-01-01T01:56:32.0789620Z</when>
        <gx:coord>13.616034 45.473663 -0.52710235</gx:coord>
        <when>2026-01-01T01:56:32.0799620Z</when>
        <gx:coord>13.616034 45.473663 -0.52710235</gx:coord>
        <when>2026-01-01T01:56:33.4679620Z</when>
        <gx:coord>13.616048 45.473614 -0.32394943</gx:coord>
        <when>2026-01-01T01:56:35.0819620Z</when>
        <gx:coord>13.616052 45.473587 -0.35191444</gx:coord>
        <when>2026-01-01T01:56:38.4689620Z</when>
        <gx:coord>13.616053 45.473465 -0.28970897</gx:coord>
        <when>2026-01-01T01:56:40.0839620Z</when>
        <gx:coord>13.616062 45.47343 -0.20355499</gx:coord>
        <when>2026-01-01T01:56:42.0819620Z</when>
        <gx:coord>13.616107 45.473373 -0.14281106</gx:coord>
        <when>2026-01-01T01:56:43.4679620Z</when>
        <gx:coord>13.616156 45.473328 -0.1090437</gx:coord>
        <when>2026-01-01T01:56:48.4689620Z</when>
        <gx:coord>13.616249 45.473217 -0.37932548</gx:coord>
        <when>2026-01-01T01:56:53.4709620Z</when>
        <gx:coord>13.616342 45.473186 0.42096964</gx:coord>
        <when>2026-01-01T01:56:54.1149620Z</when>
        <gx:coord>13.616362 45.473186 0.34170905</gx:coord>
        <when>2026-01-01T01:56:55.1079620Z</when>
        <gx:coord>13.616362 45.473186 0.34170905</gx:coord>
        <when>2026-01-01T01:56:55.1099620Z</when>
        <gx:coord>13.616384 45.473194 0.3483523</gx:coord>
        <when>2026-01-01T01:56:56.0819620Z</when>
        <gx:coord>13.616384 45.473194 0.3483523</gx:coord>
        <when>2026-01-01T01:56:57.0819620Z</when>
        <gx:coord>13.616407 45.473198 0.46432814</gx:coord>
        <when>2026-01-01T01:56:58.4699620Z</when>
        <gx:coord>13.616445 45.473213 0.29812044</gx:coord>
        <when>2026-01-01T01:57:03.4689620Z</when>
        <gx:coord>13.616468 45.47323 0.53704786</gx:coord>
        <when>2026-01-01T01:57:05.7049620Z</when>
        <gx:coord>13.616466 45.473225 0.8929894</gx:coord>
        <when>2026-01-01T01:57:07.1699620Z</when>
        <gx:coord>13.616466 45.473225 0.8929894</gx:coord>
        <coordinates />
      </gx:Track>
    </Placemark>
    <Placemark>
      <name>Takeoff: 2026-01-01</name>
      <styleUrl>#downArrowIcon</styleUrl>
      <Point>
        <altitudeMode>relativeToGround</altitudeMode>
        <coordinates>15.6396,48.445175,20</coordinates>
      </Point>
    </Placemark>
    <Placemark>
      <name>Landing: 2026-01-01</name>
      <styleUrl>#downArrowIcon</styleUrl>
      <Point>
        <altitudeMode>relativeToGround</altitudeMode>
        <coordinates>13.615367,45.473915,20</coordinates>
      </Point>
    </Placemark>
    <Placemark>
      <name>Log Stop: 2026-01-01</name>
      <styleUrl>#downArrowIcon</styleUrl>
      <Point>
        <altitudeMode>relativeToGround</altitudeMode>
        <coordinates>13.616466,45.473225,20</coordinates>
      </Point>
    </Placemark>
  </Document>
</kml>