<?xml version="1.0" encoding="utf-8"?>
<kml xmlns:gx="http://www.google.com/kml/ext/2.2" creator="kml-heatmap" xmlns="http://www.opengis.net/kml/2.2">
  <Document>
    <name>SkyDemon Track Log</name>
    <Style id="skydemonLogStyle">
      <LineStyle>
        <color>7f00ffff</color>
        <width>4</width>
      </LineStyle>
      <PolyStyle>
        <color>7fffa400</color>
      </PolyStyle>
    </Style>
    <Style id="downArrowIcon">
      <IconStyle>
        <href>http://maps.google.com/mapfiles/kml/pal4/icon28.png</href>
      </IconStyle>
    </Style>
    <Placemark>
      <name>Log Start: 2026-01-01</name>
      <styleUrl>#downArrowIcon</styleUrl>
      <Point>
        <altitudeMode>relativeToGround</altitudeMode>
        <coordinates>11.128456,49.792458,20</coordinates>
      </Point>
    </Placemark>
    <Placemark>
      <name>EDQE Burg Feuerstein - EDAQ Halle-Oppin</name>
      <styleUrl>#skydemonLogStyle</styleUrl>
      <gx:Track>
        <extrude>1</extrude>
        <altitudeMode>absolute</altitudeMode>
        <when>2026-01-01T00:00:00.7697620Z</when>
        <gx:coord>11.128456 49.792458 500.8968</gx:coord>
        <when>2026-01-01T00:00:05.7707620Z</when>
        <gx:coord>11.128464 49.792458 501.00195</gx:coord>
        <when>2026-01-01T00:00:08.3827620Z</when>
        <gx:coord>11.128465 49.79246 500.81934</gx:coord>
        <when>2026-01-01T00:00:10.7717620Z</when>
        <gx:coord>11.128466 49.792458 500.78638</gx:coord>
        <when>2026-01-01T00:00:15.7717620Z</when>
        <gx:coord>11.128467 49.792454 500.57275</gx:coord>
        <when>2026-01-01T00:00:20.7717620Z</when>
        <gx:coord>11.128471 49.792454 500.53073</gx:coord>
        <when>2026-01-01T00:00:25.7717620Z</when>
        <gx:coord>11.128466 49.79246 500.65213</gx:coord>
        <when>2026-01-01T00:00:30.7717620Z</when>
        <gx:coord>11.128478 49.792458 500.6269</gx:coord>
        <when>2026-01-01T00:00:33.1277620Z</when>
        <gx:coord>11.128477 49.792446 500.66132</gx:coord>
        <when>2026-01-01T00:00:35.7707620Z</when>
        <gx:coord>11.128459 49.792446 500.88803</gx:coord>
        <when>2026-01-01T00:00:40.7717620Z</when>
        <gx:coord>11.128454 49.792454 500.95532</gx:coord>
        <when>2026-01-01T00:00:45.7717620Z</when>
        <gx:coord>11.128468 49.79245 500.76822</gx:coord>
        <when>2026-01-01T00:00:50.7717620Z</when>
        <gx:coord>11.128465 49.792454 500.6277</gx:coord>
        <when>2026-01-01T00:00:55.7717620Z</when>
        <gx:coord>11.128468 49.792446 500.7766</gx:coord>
        <when>2026-01-01T00:01:00.7717620Z</when>
        <gx:coord>11.128463 49.792442 500.78067</gx:coord>
        <when>2026-01-01T00:01:05.7717620Z</when>
        <gx:coord>11.128453 49.79245 501.08044</gx:coord>
        <when>2026-01-01T00:01:10.7717620Z</when>
        <gx:coord>11.128467 49.792458 501.08023</gx:coord>
        <when>2026-01-01T00:01:15.7717620Z</when>
        <gx:coord>11.128469 49.792454 500.864</gx:coord>
        <when>2026-01-01T00:01:20.7717620Z</when>
        <gx:coord>11.12847 49.792454 500.9219</gx:coord>
        <when>2026-01-01T00:01:25.7717620Z</when>
        <gx:coord>11.128467 49.792458 501.16217</gx:coord>
        <when>2026-01-01T00:01:30.7717620Z</when>
        <gx:coord>11.128462 49.79246 501.23846</gx:coord>
        <when>2026-01-01T00:01:35.7717620Z</when>
        <gx:coord>11.128475 49.792454 501.12268</gx:coord>
        <when>2026-01-01T00:01:40.7717620Z</when>
        <gx:coord>11.128466 49.792458 501.16476</gx:coord>
        <when>2026-01-01T00:01:45.7717620Z</when>
        <gx:coord>11.128468 49.792454 500.95532</gx:coord>
        <when>2026-01-01T00:01:50.7707620Z</when>
        <gx:coord>11.12847 49.792454 500.90543</gx:coord>
        <when>2026-01-01T00:01:55.7717620Z</when>
        <gx:coord>11.12847 49.792454 500.72958</gx:coord>
        <when>2026-01-01T00:02:00.7717620Z</when>
        <gx:coord>11.12847 49.792458 500.73624</gx:coord>
        <when>2026-01-01T00:02:05.7717620Z</when>
        <gx:coord>11.12847 49.792458 500.73624</gx:coord>
        <when>2026-01-01T00:02:10.7717620Z</when>
        <gx:coord>11.128467 49.792458 501.2551</gx:coord>
        <when>2026-01-01T00:02:15.7717620Z</when>
        <gx:coord>11.128461 49.792458 501.26913</gx:coord>
        <when>2026-01-01T00:02:20.7717620Z</when>
        <gx:coord>11.128466 49.792458 501.08957</gx:coord>
        <when>2026-01-01T00:02:25.7717620Z</when>
        <gx:coord>11.128474 49.79246 500.80353</gx:coord>
        <when>2026-01-01T00:02:30.0857620Z</when>
        <gx:coord>11.128435 49.792454 500.71713</gx:coord>
        <when>2026-01-01T00:02:30.7717620Z</when>
        <gx:coord>11.128408 49.792454 500.7489</gx:coord>
        <when>2026-01-01T00:02:35.7717620Z</when>
        <gx:coord>11.1282625 49.792465 500.56766</gx:coord>
        <when>2026-01-01T00:02:40.7717620Z</when>
        <gx:coord>11.128119 49.79248 500.47903</gx:coord>
        <when>2026-01-01T00:02:44.0847620Z</when>
        <gx:coord>11.128035 49.792492 500.50504</gx:coord>
        <when>2026-01-01T00:02:45.7717620Z</when>
        <gx:coord>11.128 49.792503 500.583</gx:coord>
        <when>2026-01-01T00:02:46.0897620Z</when>
        <gx:coord>11.128 49.792503 500.583</gx:coord>
        <when>2026-01-01T00:02:48.0897620Z</when>
        <gx:coord>11.127975 49.79253 500.75388</gx:coord>
        <when>2026-01-01T00:02:49.0877620Z</when>
        <gx:coord>11.127959 49.792545 500.68484</gx:coord>
        <when>2026-01-01T00:02:50.0897620Z</when>
        <gx:coord>11.127958 49.79257 500.57333</gx:coord>
        <when>2026-01-01T00:02:50.7717620Z</when>
        <gx:coord>11.127958 49.79259 500.57083</gx:coord>
        <when>2026-01-01T00:02:51.0857620Z</when>
        <gx:coord>11.127958 49.79259 500.57083</gx:coord>
        <when>2026-01-01T00:02:54.0897620Z</when>
        <gx:coord>11.12799 49.792667 500.57852</gx:coord>
        <when>2026-01-01T00:02:55.7717620Z</when>
        <gx:coord>11.12801 49.792732 500.7801</gx:coord>
        <when>2026-01-01T00:03:00.7727620Z</when>
        <gx:coord>11.128057 49.792896 500.8049</gx:coord>
        <when>2026-01-01T00:03:05.7727620Z</when>
        <gx:coord>11.128091 49.793102 500.89435</gx:coord>
        <when>2026-01-01T00:03:10.7727620Z</when>
        <gx:coord>11.12813 49.79329 500.86212</gx:coord>
        <when>2026-01-01T00:03:13.0827620Z</when>
        <gx:coord>11.128148 49.793343 500.95145</gx:coord>
        <when>2026-01-01T00:03:15.0897620Z</when>
        <gx:coord>11.12819 49.793385 500.81558</gx:coord>
        <when>2026-01-01T00:03:15.7717620Z</when>
        <gx:coord>11.12822 49.793404 500.91162</gx:coord>
        <when>2026-01-01T00:03:16.0897620Z</when>
        <gx:coord>11.12822 49.793404 500.91162</gx:coord>
        <when>2026-01-01T00:03:17.0887620Z</when>
        <gx:coord>11.128256 49.793423 500.9376</gx:coord>
        <when>2026-01-01T00:03:18.0897620Z</when>
        <gx:coord>11.1283 49.793434 500.97128</gx:coord>
        <when>2026-01-01T00:03:20.0877620Z</when>
        <gx:coord>11.128404 49.79344 501.11688</gx:coord>
        <when>2026-01-01T00:03:20.7717620Z</when>
        <gx:coord>11.128461 49.79344 501.07214</gx:coord>
        <when>2026-01-01T00:03:23.7687620Z</when>
        <gx:coord>11.128658 49.793446 501.1077</gx:coord>
        <when>2026-01-01T00:03:25.0887620Z</when>
        <gx:coord>11.128732 49.79345 501.11465</gx:coord>
        <when>2026-01-01T00:03:28.2847620Z</when>
        <gx:coord>11.129047 49.793465 501.12537</gx:coord>
        <when>2026-01-01T00:03:33.2847620Z</when>
        <gx:coord>11.129499 49.793484 501.50125</gx:coord>
        <when>2026-01-01T00:03:38.2847620Z</when>
        <gx:coord>11.129994 49.793503 501.61456</gx:coord>
        <when>2026-01-01T00:03:43.2857620Z</when>
        <gx:coord>11.130506 49.79353 501.6628</gx:coord>
        <when>2026-01-01T00:03:48.2857620Z</when>
        <gx:coord>11.131042 49.793556 501.95538</gx:coord>
        <when>2026-01-01T00:03:53.2857620Z</when>
        <gx:coord>11.131643 49.793575 502.68213</gx:coord>
        <when>2026-01-01T00:03:58.2857620Z</when>
        <gx:coord>11.132278 49.7936 503.79337</gx:coord>
        <when>2026-01-01T00:04:03.2847620Z</when>
        <gx:coord>11.132905 49.793633 505.11246</gx:coord>
        <when>2026-01-01T00:04:08.2847620Z</when>
        <gx:coord>11.133546 49.79366 506.21432</gx:coord>
        <when>2026-01-01T00:04:13.2847620Z</when>
        <gx:coord>11.134214 49.793686 507.68515</gx:coord>
        <when>2026-01-01T00:04:18.2857620Z</when>
        <gx:coord>11.134879 49.793716 508.74216</gx:coord>
        <when>2026-01-01T00:04:23.2847620Z</when>
        <gx:coord>11.135487 49.793743 508.9567</gx:coord>
        <when>2026-01-01T00:04:28.2847620Z</when>
        <gx:coord>11.136069 49.79377 509.03915</gx:coord>
        <when>2026-01-01T00:04:33.2857620Z</when>
        <gx:coord>11.136655 49.793797 508.70407</gx:coord>
        <when>2026-01-01T00:04:38.2857620Z</when>
        <gx:coord>11.137147 49.79382 508.35883</gx:coord>
        <when>2026-01-01T00:04:43.2857620Z</when>
        <gx:coord>11.13758 49.793842 508.18893</gx:coord>
        <when>2026-01-01T00:04:48.2857620Z</when>
        <gx:coord>11.137911 49.793854 507.8304</gx:coord>
        <when>2026-01-01T00:04:50.0927620Z</when>
        <gx:coord>11.137958 49.79386 507.90973</gx:coord>
        <when>2026-01-01T00:04:52.0887620Z</when>
        <gx:coord>11.138034 49.79389 508.17502</gx:coord>
        <when>2026-01-01T00:04:53.0857620Z</when>
        <gx:coord>11.138062 49.79391 508.26715</gx:coord>
        <when>2026-01-01T00:04:53.2857620Z</when>
        <gx:coord>11.13808 49.79393 508.47964</gx:coord>
        <when>2026-01-01T00:04:55.0847620Z</when>
        <gx:coord>11.138091 49.79395 508.57526</gx:coord>
        <when>2026-01-01T00:04:57.0847620Z</when>
        <gx:coord>11.138097 49.793983 508.92917</gx:coord>
        <when>2026-01-01T00:04:58.0847620Z</when>
        <gx:coord>11.138094 49.793987 508.8718</gx:coord>
        <when>2026-01-01T00:04:58.2867620Z</when>
        <gx:coord>11.138093 49.793983 508.84317</gx:coord>
        <when>2026-01-01T00:05:03.2857620Z</when>
        <gx:coord>11.138091 49.793987 509.05228</gx:coord>
        <when>2026-01-01T00:05:08.2857620Z</when>
        <gx:coord>11.138089 49.793987 509.1314</gx:coord>
        <when>2026-01-01T00:05:13.2857620Z</when>
        <gx:coord>11.138087 49.793987 509.03708</gx:coord>
        <when>2026-01-01T00:05:18.2857620Z</when>
        <gx:coord>11.138087 49.793987 509.03708</gx:coord>
        <when>2026-01-01T00:05:23.2867620Z</when>
        <gx:coord>11.138087 49.793987 509.03708</gx:coord>
        <when>2026-01-01T00:05:28.2857620Z</when>
        <gx:coord>11.138084 49.794 509.0274</gx:coord>
        <when>2026-01-01T00:05:33.0897620Z</when>
        <gx:coord>11.138081 49.794052 509.20975</gx:coord>
        <when>2026-01-01T00:05:33.2847620Z</when>
        <gx:coord>11.138081 49.79407 509.30615</gx:coord>
        <when>2026-01-01T00:05:38.2847620Z</when>
        <gx:coord>11.138077 49.79419 509.79483</gx:coord>
        <when>2026-01-01T00:05:42.0847620Z</when>
        <gx:coord>11.13806 49.79424 510.17386</gx:coord>
        <when>2026-01-01T00:05:43.2847620Z</when>
        <gx:coord>11.138055 49.794262 510.32</gx:coord>
        <when>2026-01-01T00:05:48.0867620Z</when>
        <gx:coord>11.138104 49.79431 510.25162</gx:coord>
        <when>2026-01-01T00:05:48.2847620Z</when>
        <gx:coord>11.138162 49.794327 510.21762</gx:coord>
        <when>2026-01-01T00:05:49.0837620Z</when>
        <gx:coord>11.138162 49.794327 510.21762</gx:coord>
        <when>2026-01-01T00:05:51.0897620Z</when>
        <gx:coord>11.13829 49.794342 509.99026</gx:coord>
        <when>2026-01-01T00:05:51.0897620Z</when>
        <gx:coord>11.13829 49.794342 509.99026</gx:coord>
        <when>2026-01-01T00:05:53.2847620Z</when>
        <gx:coord>11.138545 49.794342 509.51413</gx:coord>
        <when>2026-01-01T00:05:58.2847620Z</when>
        <gx:coord>11.13903 49.79436 508.62988</gx:coord>
        <when>2026-01-01T00:06:03.2847620Z</when>
        <gx:coord>11.139565 49.794376 507.6553</gx:coord>
        <when>2026-01-01T00:06:08.2847620Z</when>
        <gx:coord>11.139976 49.794365 506.90344</gx:coord>
        <when>2026-01-01T00:06:13.0887620Z</when>
        <gx:coord>11.14014 49.794373 506.8239</gx:coord>
        <when>2026-01-01T00:06:13.2857620Z</when>
        <gx:coord>11.14015 49.794384 506.93134</gx:coord>
        <when>2026-01-01T00:06:14.0947620Z</when>
        <gx:coord>11.140149 49.794395 506.98886</gx:coord>
        <when>2026-01-01T00:06:14.5157620Z</when>
        <gx:coord>11.140149 49.794395 506.98886</gx:coord>
        <when>2026-01-01T00:06:14.9147620Z</when>
        <gx:coord>11.140149 49.794395 506.98886</gx:coord>
        <when>2026-01-01T00:06:15.2957620Z</when>
        <gx:coord>11.140145 49.794403 507.05673</gx:coord>
        <when>2026-01-01T00:06:15.6557620Z</when>
        <gx:coord>11.140145 49.794403 507.05673</gx:coord>
        <when>2026-01-01T00:06:16.0157620Z</when>
        <gx:coord>11.140145 49.794403 507.05673</gx:coord>
        <when>2026-01-01T00:06:16.3757620Z</when>
        <gx:coord>11.140134 49.79441 507.06174</gx:coord>
        <when>2026-01-01T00:06:16.7367620Z</when>
        <gx:coord>11.140134 49.79441 507.06174</gx:coord>
        <when>2026-01-01T00:06:17.0837620Z</when>
        <gx:coord>11.140134 49.79441 507.06174</gx:coord>
        <when>2026-01-01T00:06:17.0957620Z</when>
        <gx:coord>11.140115 49.794415 507.14435</gx:coord>
        <when>2026-01-01T00:06:17.5367620Z</when>
        <gx:coord>11.140115 49.794415 507.14435</gx:coord>
        <when>2026-01-01T00:06:18.2377620Z</when>
        <gx:coord>11.140097 49.794415 507.153</gx:coord>
        <when>2026-01-01T00:06:18.2857620Z</when>
        <gx:coord>11.140097 49.794415 507.153</gx:coord>
        <when>2026-01-01T00:06:21.3187620Z</when>
        <gx:coord>11.1400385 49.794403 507.1864</gx:coord>
        <when>2026-01-01T00:06:22.0927620Z</when>
        <gx:coord>11.1400385 49.794403 507.1864</gx:coord>
        <when>2026-01-01T00:06:23.0927620Z</when>
        <gx:coord>11.139996 49.794403 507.35495</gx:coord>
        <when>2026-01-01T00:06:23.2847620Z</when>
        <gx:coord>11.139888 49.794403 507.53287</gx:coord>
        <when>2026-01-01T00:06:24.0837620Z</when>
        <gx:coord>11.139888 49.794403 507.53287</gx:coord>
        <when>2026-01-01T00:06:27.0867620Z</when>
        <gx:coord>11.139482 49.794376 508.19357</gx:coord>
        <when>2026-01-01T00:06:28.2847620Z</when>
        <gx:coord>11.139091 49.79436 509.02438</gx:coord>
        <when>2026-01-01T00:06:29.1057620Z</when>
        <gx:coord>11.139091 49.79436 509.02438</gx:coord>
        <when>2026-01-01T00:06:30.0847620Z</when>
        <gx:coord>11.138859 49.79435 509.41382</gx:coord>
        <when>2026-01-01T00:06:33.2847620Z</when>
        <gx:coord>11.137707 49.7943 511.27615</gx:coord>
        <when>2026-01-01T00:06:34.0957620Z</when>
        <gx:coord>11.137707 49.7943 511.27615</gx:coord>
        <when>2026-01-01T00:06:38.0917620Z</when>
        <gx:coord>11.136219 49.79424 512.35443</gx:coord>
        <when>2026-01-01T00:06:38.2847620Z</when>
        <gx:coord>11.135798 49.79422 512.38257</gx:coord>
        <when>2026-01-01T00:06:42.0857620Z</when>
        <gx:coord>11.134425 49.79416 511.51193</gx:coord>
        <when>2026-01-01T00:06:43.2857620Z</when>
        <gx:coord>11.133412 49.794125 512.28265</gx:coord>
        <when>2026-01-01T00:06:45.0887620Z</when>
        <gx:coord>11.132884 49.7941 512.4139</gx:coord>
        <when>2026-01-01T00:06:48.0857620Z</when>
        <gx:coord>11.131229 49.794018 516.06744</gx:coord>
        <when>2026-01-01T00:06:48.2857620Z</when>
        <gx:coord>11.130662 49.793987 517.6255</gx:coord>
        <when>2026-01-01T00:06:52.0847620Z</when>
        <gx:coord>11.128368 49.793934 532.9591</gx:coord>
        <when>2026-01-01T00:06:53.2857620Z</when>
        <gx:coord>11.127803 49.793915 536.19653</gx:coord>
        <when>2026-01-01T00:06:58.2857620Z</when>
        <gx:coord>11.124978 49.7938 551.0031</gx:coord>
        <when>2026-01-01T00:07:01.0897620Z</when>
        <gx:coord>11.12328 49.79375 565.2319</gx:coord>
        <when>2026-01-01T00:07:03.2857620Z</when>
        <gx:coord>11.122149 49.793743 574.86536</gx:coord>
        <when>2026-01-01T00:07:06.0867620Z</when>
        <gx:coord>11.121019 49.7938 582.56116</gx:coord>
        <when>2026-01-01T00:07:08.2867620Z</when>
        <gx:coord>11.119354 49.79404 589.68933</gx:coord>
        <when>2026-01-01T00:07:09.0907620Z</when>
        <gx:coord>11.119354 49.79404 589.68933</gx:coord>
        <when>2026-01-01T00:07:11.0847620Z</when>
        <gx:coord>11.117757 49.794456 597.20135</gx:coord>
        <when>2026-01-01T00:07:13.2857620Z</when>
        <gx:coord>11.116757 49.79478 607.72394</gx:coord>
        <when>2026-01-01T00:07:18.1017620Z</when>
        <gx:coord>11.114357 49.795616 632.6574</gx:coord>
        <when>2026-01-01T00:07:18.2857620Z</when>
        <gx:coord>11.114357 49.795616 632.6574</gx:coord>
        <when>2026-01-01T00:07:23.0857620Z</when>
        <gx:coord>11.111925 49.79634 665.23694</gx:coord>
        <when>2026-01-01T00:07:23.2857620Z</when>
        <gx:coord>11.111925 49.79634 665.23694</gx:coord>
        <when>2026-01-01T00:07:28.2867620Z</when>
        <gx:coord>11.109554 49.79701 695.39734</gx:coord>
        <when>2026-01-01T00:07:29.0997620Z</when>
        <gx:coord>11.1090975 49.797157 699.1786</gx:coord>
        <when>2026-01-01T00:07:33.2857620Z</when>
        <gx:coord>11.107254 49.797752 711.8505</gx:coord>
        <when>2026-01-01T00:07:38.2857620Z</when>
        <gx:coord>11.104958 49.798508 726.7285</gx:coord>
        <when>2026-01-01T00:07:39.0927620Z</when>
        <gx:coord>11.104495 49.798656 726.7285</gx:coord>
        <when>2026-01-01T00:07:40.0857620Z</when>
        <gx:coord>11.10403 49.79881 730.193</gx:coord>
        <when>2026-01-01T00:07:43.2857620Z</when>
        <gx:coord>11.102646 49.799274 737.3589</gx:coord>
        <when>2026-01-01T00:07:47.1017620Z</when>
        <gx:coord>11.101251 49.799747 742.6346</gx:coord>
        <when>2026-01-01T00:07:48.2847620Z</when>
        <gx:coord>11.100354 49.800102 747.59467</gx:coord>
        <when>2026-01-01T00:07:50.0847620Z</when>
        <gx:coord>11.099934 49.800312 750.35443</gx:coord>
        <when>2026-01-01T00:07:52.0897620Z</when>
        <gx:coord>11.099184 49.800804 753.3514</gx:coord>
        <when>2026-01-01T00:07:53.2847620Z</when>
        <gx:coord>11.09857 49.80139 754.40485</gx:coord>
        <when>2026-01-01T00:07:55.0847620Z</when>
        <gx:coord>11.0983 49.801704 755.8539</gx:coord>
        <when>2026-01-01T00:07:56.0867620Z</when>
        <gx:coord>11.097887 49.80238 761.7151</gx:coord>
        <when>2026-01-01T00:07:58.0997620Z</when>
        <gx:coord>11.097745 49.80273 766.8758</gx:coord>
        <when>2026-01-01T00:07:58.2847620Z</when>
        <gx:coord>11.097641 49.803085 771.4287</gx:coord>
        <when>2026-01-01T00:08:03.0987620Z</when>
        <gx:coord>11.09737 49.804855 794.08264</gx:coord>
        <when>2026-01-01T00:08:03.2847620Z</when>
        <gx:coord>11.09737 49.804855 794.08264</gx:coord>
        <when>2026-01-01T00:08:06.0857620Z</when>
        <gx:coord>11.097331 49.805553 801.6252</gx:coord>
        <when>2026-01-01T00:08:08.2857620Z</when>
        <gx:coord>11.0973015 49.806587 811.31104</gx:coord>
        <when>2026-01-01T00:08:13.0837620Z</when>
        <gx:coord>11.097223 49.80827 826.0779</gx:coord>
        <when>2026-01-01T00:08:13.2857620Z</when>
        <gx:coord>11.097223 49.80827 826.0779</gx:coord>
        <when>2026-01-01T00:08:18.0857620Z</when>
        <gx:coord>11.097161 49.80963 838.50665</gx:coord>
        <when>2026-01-01T00:08:18.2857620Z</when>
        <gx:coord>11.097179 49.80997 841.97125</gx:coord>
        <when>2026-01-01T00:08:23.0847620Z</when>
        <gx:coord>11.097317 49.811676 857.4064</gx:coord>
        <when>2026-01-01T00:08:23.2857620Z</when>
        <gx:coord>11.097317 49.811676 857.4064</gx:coord>
        <when>2026-01-01T00:08:28.2857620Z</when>
        <gx:coord>11.097568 49.813393 866.70984</gx:coord>
        <when>2026-01-01T00:08:31.0827620Z</when>
        <gx:coord>11.09776 49.814095 872.0706</gx:coord>
        <when>2026-01-01T00:08:32.0977620Z</when>
        <gx:coord>11.09805 49.814785 875.5316</gx:coord>
        <when>2026-01-01T00:08:33.2857620Z</when>
        <gx:coord>11.09824 49.815125 883.7752</gx:coord>
        <when>2026-01-01T00:08:34.0787620Z</when>
        <gx:coord>11.09844 49.81546 887.9426</gx:coord>
        <when>2026-01-01T00:08:36.0867620Z</when>
        <gx:coord>11.098655 49.815792 893.3071</gx:coord>
        <when>2026-01-01T00:08:38.2857620Z</when>
        <gx:coord>11.0994005 49.816776 909.9436</gx:coord>
        <when>2026-01-01T00:08:40.0887620Z</when>
        <gx:coord>11.100009 49.8174 919.5238</gx:coord>
        <when>2026-01-01T00:08:41.0967620Z</when>
        <gx:coord>11.100009 49.8174 919.5238</gx:coord>
        <when>2026-01-01T00:08:43.2867620Z</when>
        <gx:coord>11.101034 49.81832 921.74243</gx:coord>
        <when>2026-01-01T00:08:48.2857620Z</when>
        <gx:coord>11.1029005 49.8199 922.45197</gx:coord>
        <when>2026-01-01T00:08:53.0857620Z</when>
        <gx:coord>11.1044445 49.821198 933.2738</gx:coord>
        <when>2026-01-01T00:08:53.2857620Z</when>
        <gx:coord>11.10484 49.82153 936.594</gx:coord>
        <when>2026-01-01T00:08:58.2867620Z</when>
        <gx:coord>11.106774 49.823227 948.93274</gx:coord>
        <when>2026-01-01T00:08:59.0857620Z</when>
        <gx:coord>11.1071205 49.82358 950.8677</gx:coord>
        <when>2026-01-01T00:09:03.2857620Z</when>
        <gx:coord>11.108392 49.825016 959.7305</gx:coord>
        <when>2026-01-01T00:09:08.2857620Z</when>
        <gx:coord>11.109965 49.826813 966.4267</gx:coord>
        <when>2026-01-01T00:09:13.2857620Z</when>
        <gx:coord>11.111426 49.82868 981.0607</gx:coord>
        <when>2026-01-01T00:09:14.0897620Z</when>
        <gx:coord>11.11171 49.829052 981.0607</gx:coord>
        <when>2026-01-01T00:09:14.0897620Z</when>
        <gx:coord>11.11171 49.829052 984.8487</gx:coord>
        <when>2026-01-01T00:09:18.2857620Z</when>
        <gx:coord>11.112841 49.830513 995.6008</gx:coord>
        <when>2026-01-01T00:09:22.0837620Z</when>
        <gx:coord>11.11362 49.8316 1002.1139</gx:coord>
        <when>2026-01-01T00:09:23.2857620Z</when>
        <gx:coord>11.114109 49.832333 1007.2867</gx:coord>
        <when>2026-01-01T00:09:26.0837620Z</when>
        <gx:coord>11.114783 49.83345 1016.1947</gx:coord>
        <when>2026-01-01T00:09:28.2857620Z</when>
        <gx:coord>11.115209 49.8342 1018.5876</gx:coord>
        <when>2026-01-01T00:09:33.2857620Z</when>
        <gx:coord>11.116284 49.836113 1019.4858</gx:coord>
        <when>2026-01-01T00:09:38.2867620Z</when>
        <gx:coord>11.117381 49.838085 1018.4473</gx:coord>
        <when>2026-01-01T00:09:43.2857620Z</when>
        <gx:coord>11.1186495 49.840084 1023.7198</gx:coord>
        <when>2026-01-01T00:09:48.2857620Z</when>
        <gx:coord>11.120073 49.842087 1026.983</gx:coord>
        <when>2026-01-01T00:09:53.2867620Z</when>
        <gx:coord>11.121609 49.844105 1033.6649</gx:coord>
        <when>2026-01-01T00:09:54.0907620Z</when>
        <gx:coord>11.121913 49.844505 1033.6649</gx:coord>
        <when>2026-01-01T00:09:58.2857620Z</when>
        <gx:coord>11.123121 49.84612 1044.1788</gx:coord>
        <when>2026-01-01T00:10:01.0827620Z</when>
        <gx:coord>11.123975 49.847347 1047.2837</gx:coord>
        <when>2026-01-01T00:10:03.2857620Z</when>
        <gx:coord>11.124498 49.84817 1049.4941</gx:coord>
        <when>2026-01-01T00:10:08.2857620Z</when>
        <gx:coord>11.125596 49.85027 1053.4548</gx:coord>
        <when>2026-01-01T00:10:13.2857620Z</when>
        <gx:coord>11.126719 49.852383 1054.7528</gx:coord>
        <when>2026-01-01T00:10:18.2857620Z</when>
        <gx:coord>11.127905 49.85448 1063.1562</gx:coord>
        <when>2026-01-01T00:10:23.2857620Z</when>
        <gx:coord>11.129173 49.85656 1068.3562</gx:coord>
        <when>2026-01-01T00:10:28.2857620Z</when>
        <gx:coord>11.13045 49.85869 1068.4811</gx:coord>
        <when>2026-01-01T00:10:30.0857620Z</when>
        <gx:coord>11.130702 49.859123 1069.9777</gx:coord>
        <when>2026-01-01T00:10:32.0937620Z</when>
        <gx:coord>11.131498 49.86042 1073.6355</gx:coord>
        <when>2026-01-01T00:10:33.2857620Z</when>
        <gx:coord>11.131769 49.860855 1077.1144</gx:coord>
        <when>2026-01-01T00:10:34.0887620Z</when>
        <gx:coord>11.132036 49.861294 1078.7906</gx:coord>
        <when>2026-01-01T00:10:38.2857620Z</when>
        <gx:coord>11.133138 49.86302 1083.5658</gx:coord>
        <when>2026-01-01T00:10:43.2857620Z</when>
        <gx:coord>11.134461 49.865173 1088.9431</gx:coord>
        <when>2026-01-01T00:10:48.2867620Z</when>
        <gx:coord>11.135841 49.867252 1090.7872</gx:coord>
        <when>2026-01-01T00:10:53.2867620Z</when>
        <gx:coord>11.137239 49.869305 1089.3165</gx:coord>
        <when>2026-01-01T00:10:58.2857620Z</when>
        <gx:coord>11.138626 49.871338 1090.1704</gx:coord>
        <when>2026-01-01T00:11:03.2857620Z</when>
        <gx:coord>11.139719 49.87341 1092.0782</gx:coord>
        <when>2026-01-01T00:11:08.2857620Z</when>
        <gx:coord>11.140837 49.875507 1090.5669</gx:coord>
        <when>2026-01-01T00:11:09.0907620Z</when>
        <gx:coord>11.141073 49.87593 1090.5669</gx:coord>
        <when>2026-01-01T00:11:13.2857620Z</when>
        <gx:coord>11.142092 49.877605 1095.6522</gx:coord>
        <when>2026-01-01T00:11:18.2867620Z</when>
        <gx:coord>11.143355 49.87964 1105.0446</gx:coord>
        <when>2026-01-01T00:11:23.2857620Z</when>
        <gx:coord>11.14467 49.88164 1103.1943</gx:coord>
        <when>2026-01-01T00:11:28.2857620Z</when>
        <gx:coord>11.145957 49.883698 1099.0989</gx:coord>
        <when>2026-01-01T00:11:33.2857620Z</when>
        <gx:coord>11.147229 49.88579 1097.7986</gx:coord>
        <when>2026-01-01T00:11:38.2857620Z</when>
        <gx:coord>11.148527 49.88787 1097.3762</gx:coord>
        <when>2026-01-01T00:11:43.2857620Z</when>
        <gx:coord>11.149842 49.88994 1094.4313</gx:coord>
        <when>2026-01-01T00:11:47.0987620Z</when>
        <gx:coord>11.150885 49.891586 1094.7849</gx:coord>
        <when>2026-01-01T00:11:48.2857620Z</when>
        <gx:coord>11.151154 49.892 1094.7091</gx:coord>
        <when>2026-01-01T00:11:53.2857620Z</when>
        <gx:coord>11.152526 49.894043 1093.205</gx:coord>
        <when>2026-01-01T00:11:58.2857620Z</when>
        <gx:coord>11.153903 49.8961 1095.2041</gx:coord>
        <when>2026-01-01T00:12:03.2857620Z</when>
        <gx:coord>11.155343 49.89811 1098.6182</gx:coord>
        <when>2026-01-01T00:12:08.2867620Z</when>
        <gx:coord>11.156843 49.90009 1099.5139</gx:coord>
        <when>2026-01-01T00:12:13.2867620Z</when>
        <gx:coord>11.158373 49.90205 1101.5938</gx:coord>
        <when>2026-01-01T00:12:18.2857620Z</when>
        <gx:coord>11.159901 49.904026 1100.5315</gx:coord>
        <when>2026-01-01T00:12:23.2857620Z</when>
        <gx:coord>11.16145 49.906 1099.5994</gx:coord>
        <when>2026-01-01T00:12:25.0917620Z</when>
        <gx:coord>11.162052 49.906796 1098.6086</gx:coord>
        <when>2026-01-01T00:12:28.2857620Z</when>
        <gx:coord>11.162972 49.90799 1093.9412</gx:coord>
        <when>2026-01-01T00:12:33.2857620Z</when>
        <gx:coord>11.164513 49.91001 1083.417</gx:coord>
        <when>2026-01-01T00:12:38.2857620Z</when>
        <gx:coord>11.166094 49.91206 1075.6335</gx:coord>
        <when>2026-01-01T00:12:43.2857620Z</when>
        <gx:coord>11.167738 49.914074 1074.501</gx:coord>
        <when>2026-01-01T00:12:48.2857620Z</when>
        <gx:coord>11.169134 49.916126 1081.981</gx:coord>
        <when>2026-01-01T00:12:53.2857620Z</when>
        <gx:coord>11.1704855 49.918148 1083.9948</gx:coord>
        <when>2026-01-01T00:12:58.2857620Z</when>
        <gx:coord>11.171768 49.920174 1082.1545</gx:coord>
        <when>2026-01-01T00:13:03.0917620Z</when>
        <gx:coord>11.172846 49.92229 1077.2233</gx:coord>
        <when>2026-01-01T00:13:03.2857620Z</when>
        <gx:coord>11.172846 49.92229 1076.5879</gx:coord>
        <when>2026-01-01T00:13:08.2857620Z</when>
        <gx:coord>11.173834 49.924423 1074.8572</gx:coord>
        <when>2026-01-01T00:13:13.2857620Z</when>
        <gx:coord>11.174787 49.926594 1069.5497</gx:coord>
        <when>2026-01-01T00:13:18.2867620Z</when>
        <gx:coord>11.175804 49.928772 1076.9058</gx:coord>
        <when>2026-01-01T00:13:23.2867620Z</when>
        <gx:coord>11.176815 49.930885 1081.069</gx:coord>
        <when>2026-01-01T00:13:28.2867620Z</when>
        <gx:coord>11.177864 49.932976 1079.8479</gx:coord>
        <when>2026-01-01T00:13:33.2857620Z</when>
        <gx:coord>11.178883 49.935116 1073.7144</gx:coord>
        <when>2026-01-01T00:13:38.2857620Z</when>
        <gx:coord>11.179873 49.937305 1069.0475</gx:coord>
        <when>2026-01-01T00:13:41.0947620Z</when>
        <gx:coord>11.180465 49.93863 1069.0106</gx:coord>
        <when>2026-01-01T00:13:43.2857620Z</when>
        <gx:coord>11.18085 49.93951 1067.0525</gx:coord>
        <when>2026-01-01T00:13:48.2857620Z</when>
        <gx:coord>11.1818495 49.94171 1066.3217</gx:coord>
        <when>2026-01-01T00:13:53.2857620Z</when>
        <gx:coord>11.182906 49.943916 1065.161</gx:coord>
        <when>2026-01-01T00:13:58.2857620Z</when>
        <gx:coord>11.183853 49.94612 1070.7542</gx:coord>
        <when>2026-01-01T00:14:03.2857620Z</when>
        <gx:coord>11.184805 49.94832 1067.5651</gx:coord>
        <when>2026-01-01T00:14:08.2857620Z</when>
        <gx:coord>11.185916 49.950512 1059.3462</gx:coord>
        <when>2026-01-01T00:14:13.2857620Z</when>
        <gx:coord>11.187057 49.952736 1054.4874</gx:coord>
        <when>2026-01-01T00:14:18.0967620Z</when>
        <gx:coord>11.188255 49.95492 1060.4044</gx:coord>
        <when>2026-01-01T00:14:18.2857620Z</when>
        <gx:coord>11.188255 49.95492 1062.9586</gx:coord>
        <when>2026-01-01T00:14:23.2857620Z</when>
        <gx:coord>11.189434 49.957058 1065.1632</gx:coord>
        <when>2026-01-01T00:14:28.2857620Z</when>
        <gx:coord>11.190635 49.95915 1066.5511</gx:coord>
        <when>2026-01-01T00:14:33.2867620Z</when>
        <gx:coord>11.191885 49.96127 1071.015</gx:coord>
        <when>2026-01-01T00:14:38.2867620Z</when>
        <gx:coord>11.19311 49.963406 1075.8951</gx:coord>
        <when>2026-01-01T00:14:43.2857620Z</when>
        <gx:coord>11.194235 49.965584 1082.6782</gx:coord>
        <when>2026-01-01T00:14:48.2857620Z</when>
        <gx:coord>11.195244 49.967796 1083.8826</gx:coord>
        <when>2026-01-01T00:14:53.2857620Z</when>
        <gx:coord>11.196234 49.97005 1082.257</gx:coord>
        <when>2026-01-01T00:14:55.0897620Z</when>
        <gx:coord>11.1966305 49.97096 1081.7513</gx:coord>
        <when>2026-01-01T00:14:58.2857620Z</when>
        <gx:coord>11.197266 49.972313 1081.6775</gx:coord>
        <when>2026-01-01T00:15:03.2857620Z</when>
        <gx:coord>11.198399 49.974567 1077.1982</gx:coord>
        <when>2026-01-01T00:15:08.2867620Z</when>
        <gx:coord>11.199535 49.97683 1075.5071</gx:coord>
        <when>2026-01-01T00:15:13.2857620Z</when>
        <gx:coord>11.20064 49.97909 1073.8112</gx:coord>
        <when>2026-01-01T00:15:29.2497620Z</when>
        <gx:coord>11.20471 49.986027 1067.7788</gx:coord>
        <when>2026-01-01T00:15:31.0927620Z</when>
        <gx:coord>11.20518 49.986893 1070.3171</gx:coord>
        <when>2026-01-01T00:15:34.2517620Z</when>
        <gx:coord>11.205823 49.98819 1072.4592</gx:coord>
        <when>2026-01-01T00:16:08.0967620Z</when>
        <gx:coord>11.212674 50.002907 1097.4153</gx:coord>
        <when>2026-01-01T00:16:09.0877620Z</when>
        <gx:coord>11.212674 50.002907 1098.7521</gx:coord>
        <when>2026-01-01T00:16:20.1077620Z</when>
        <gx:coord>11.214519 50.008118 1102.8254</gx:coord>
        <when>2026-01-01T00:16:23.0837620Z</when>
        <gx:coord>11.214939 50.009415 1109.7222</gx:coord>
        <when>2026-01-01T00:16:25.1227620Z</when>
        <gx:coord>11.215252 50.010273 1114.1359</gx:coord>
        <when>2026-01-01T00:16:30.1087620Z</when>
        <gx:coord>11.216138 50.01242 1117.4458</gx:coord>
        <when>2026-01-01T00:16:35.1087620Z</when>
        <gx:coord>11.217111 50.014553 1113.4503</gx:coord>
        <when>2026-01-01T00:16:40.1167620Z</when>
        <gx:coord>11.218191 50.016705 1112.2343</gx:coord>
        <when>2026-01-01T00:16:45.1077620Z</when>
        <gx:coord>11.219251 50.018883 1109.2251</gx:coord>
        <when>2026-01-01T00:16:46.0927620Z</when>
        <gx:coord>11.219467 50.01932 1109.2251</gx:coord>
        <when>2026-01-01T00:16:50.1077620Z</when>
        <gx:coord>11.220406 50.021057 1107.9685</gx:coord>
        <when>2026-01-01T00:16:55.1087620Z</when>
        <gx:coord>11.221518 50.02325 1103.366</gx:coord>
        <when>2026-01-01T00:17:00.1167620Z</when>
        <gx:coord>11.222632 50.02545 1105.5842</gx:coord>
        <when>2026-01-01T00:17:05.1077620Z</when>
        <gx:coord>11.223656 50.02768 1105.9854</gx:coord>
        <when>2026-01-01T00:17:10.1077620Z</when>
        <gx:coord>11.224639 50.029915 1104.4517</gx:coord>
        <when>2026-01-01T00:17:15.1257620Z</when>
        <gx:coord>11.22565 50.032154 1101.0334</gx:coord>
        <when>2026-01-01T00:17:19.0817620Z</when>
        <gx:coord>11.226294 50.033504 1096.7408</gx:coord>
        <when>2026-01-01T00:17:22.0947620Z</when>
        <gx:coord>11.227142 50.035313 1095.7397</gx:coord>
        <when>2026-01-01T00:17:24.0817620Z</when>
        <gx:coord>11.227355 50.035767 1095.9512</gx:coord>
        <when>2026-01-01T00:17:29.0827620Z</when>
        <gx:coord>11.228343 50.03804 1096.2217</gx:coord>
        <when>2026-01-01T00:17:34.0827620Z</when>
        <gx:coord>11.229296 50.040283 1098.3499</gx:coord>
        <when>2026-01-01T00:17:39.0827620Z</when>
        <gx:coord>11.230297 50.042492 1099.7245</gx:coord>
        <when>2026-01-01T00:17:44.0827620Z</when>
        <gx:coord>11.231318 50.044697 1100.7977</gx:coord>
        <when>2026-01-01T00:17:49.0827620Z</when>
        <gx:coord>11.232354 50.046864 1106.3573</gx:coord>
        <when>2026-01-01T00:17:54.0827620Z</when>
        <gx:coord>11.233414 50.049015 1106.483</gx:coord>
        <when>2026-01-01T00:17:59.0827620Z</when>
        <gx:coord>11.2345915 50.051147 1101.2622</gx:coord>
        <when>2026-01-01T00:17:59.0937620Z</when>
        <gx:coord>11.234841 50.05158 1101.2622</gx:coord>
        <when>2026-01-01T00:18:04.0917620Z</when>
        <gx:coord>11.236126 50.05373 1089.8536</gx:coord>
        <when>2026-01-01T00:18:09.0827620Z</when>
        <gx:coord>11.237179 50.055458 1085.2451</gx:coord>
        <when>2026-01-01T00:18:14.0827620Z</when>
        <gx:coord>11.23845 50.05764 1082.3846</gx:coord>
        <when>2026-01-01T00:18:19.0817620Z</when>
        <gx:coord>11.239535 50.059868 1081.1075</gx:coord>
        <when>2026-01-01T00:18:20.0887620Z</when>
        <gx:coord>11.239956 50.06077 1077.9816</gx:coord>
        <when>2026-01-01T00:18:24.0827620Z</when>
        <gx:coord>11.240587 50.062122 1076.3289</gx:coord>
        <when>2026-01-01T00:18:29.0827620Z</when>
        <gx:coord>11.24162 50.064358 1077.079</gx:coord>
        <when>2026-01-01T00:18:34.0827620Z</when>
        <gx:coord>11.2427 50.066574 1076.0181</gx:coord>
        <when>2026-01-01T00:18:35.0957620Z</when>
        <gx:coord>11.243146 50.06745 1076.1783</gx:coord>
        <when>2026-01-01T00:18:39.1117620Z</when>
        <gx:coord>11.244015 50.069214 1078.3368</gx:coord>
        <when>2026-01-01T00:18:44.0827620Z</when>
        <gx:coord>11.2448635 50.070957 1079.2184</gx:coord>
        <when>2026-01-01T00:18:49.0827620Z</when>
        <gx:coord>11.245898 50.07313 1078.2128</gx:coord>
        <when>2026-01-01T00:18:54.0827620Z</when>
        <gx:coord>11.246951 50.075306 1075.4148</gx:coord>
        <when>2026-01-01T00:18:59.0827620Z</when>
        <gx:coord>11.247892 50.07751 1070.0094</gx:coord>
        <when>2026-01-01T00:19:04.0827620Z</when>
        <gx:coord>11.2489 50.079754 1063.4948</gx:coord>
        <when>2026-01-01T00:19:09.0827620Z</when>
        <gx:coord>11.250097 50.081997 1061.9838</gx:coord>
        <when>2026-01-01T00:19:11.1007620Z</when>
        <gx:coord>11.250805 50.083347 1064.0654</gx:coord>
        <when>2026-01-01T00:19:14.0827620Z</when>
        <gx:coord>11.251262 50.084232 1066.5529</gx:coord>
        <when>2026-01-01T00:19:19.0827620Z</when>
        <gx:coord>11.252374 50.08642 1071.2792</gx:coord>
        <when>2026-01-01T00:19:24.0837620Z</when>
        <gx:coord>11.253584 50.089046 1069.9471</gx:coord>
        <when>2026-01-01T00:19:29.0827620Z</when>
        <gx:coord>11.254338 50.090824 1062.5802</gx:coord>
        <when>2026-01-01T00:19:34.0827620Z</when>
        <gx:coord>11.255355 50.093075 1059.8511</gx:coord>
        <when>2026-01-01T00:19:39.0827620Z</when>
        <gx:coord>11.256484 50.095314 1060.0869</gx:coord>
        <when>2026-01-01T00:19:44.0837620Z</when>
        <gx:coord>11.257662 50.09752 1065.8995</gx:coord>
        <when>2026-01-01T00:19:47.0957620Z</when>
        <gx:coord>11.258708 50.099224 1069.0347</gx:coord>
        <when>2026-01-01T00:19:49.0827620Z</when>
        <gx:coord>11.258961 50.099644 1070.5736</gx:coord>
        <when>2026-01-01T00:19:54.1067620Z</when>
        <gx:coord>11.260357 50.102207 1066.083</gx:coord>
        <when>2026-01-01T00:19:59.0837620Z</when>
        <gx:coord>11.261268 50.103935 1064.0021</gx:coord>
        <when>2026-01-01T00:20:04.0837620Z</when>
        <gx:coord>11.262426 50.10609 1059.4977</gx:coord>
        <when>2026-01-01T00:20:09.0837620Z</when>
        <gx:coord>11.263535 50.108288 1070.2874</gx:coord>
        <when>2026-01-01T00:20:14.0837620Z</when>
        <gx:coord>11.264671 50.11046 1077.8502</gx:coord>
        <when>2026-01-01T00:20:19.0837620Z</when>
        <gx:coord>11.265734 50.11256 1088.7294</gx:coord>
        <when>2026-01-01T00:20:24.0837620Z</when>
        <gx:coord>11.266665 50.114616 1092.0577</gx:coord>
        <when>2026-01-01T00:20:24.0957620Z</when>
        <gx:coord>11.266844 50.11503 1092.0577</gx:coord>
        <when>2026-01-01T00:20:29.0837620Z</when>
        <gx:coord>11.267548 50.116688 1086.1758</gx:coord>
        <when>2026-01-01T00:20:34.0837620Z</when>
        <gx:coord>11.268472 50.118805 1075.1499</gx:coord>
        <when>2026-01-01T00:20:39.0837620Z</when>
        <gx:coord>11.269451 50.120983 1066.0612</gx:coord>
        <when>2026-01-01T00:20:44.0837620Z</when>
        <gx:coord>11.27062 50.123158 1060.1477</gx:coord>
        <when>2026-01-01T00:20:49.0827620Z</when>
        <gx:coord>11.271931 50.12532 1062.0039</gx:coord>
        <when>2026-01-01T00:20:54.0837620Z</when>
        <gx:coord>11.273233 50.127457 1063.1337</gx:coord>
        <when>2026-01-01T00:20:56.0907620Z</when>
        <gx:coord>11.273776 50.128296 1063.2352</gx:coord>
        <when>2026-01-01T00:20:59.0837620Z</when>
        <gx:coord>11.274622 50.129547 1065.5663</gx:coord>
        <when>2026-01-01T00:21:01.1027620Z</when>
        <gx:coord>11.275424 50.130795 1066.4728</gx:coord>
        <when>2026-01-01T00:21:04.0837620Z</when>
        <gx:coord>11.275919 50.13163 1065.6688</gx:coord>
        <when>2026-01-01T00:21:09.0837620Z</when>
        <gx:coord>11.27704 50.133743 1062.9523</gx:coord>
        <when>2026-01-01T00:21:14.0837620Z</when>
        <gx:coord>11.278137 50.13586 1061.5427</gx:coord>
        <when>2026-01-01T00:21:19.0837620Z</when>
        <gx:coord>11.279252 50.137955 1061.5269</gx:coord>
        <when>2026-01-01T00:21:24.0837620Z</when>
        <gx:coord>11.2802105 50.14009 1062.9186</gx:coord>
        <when>2026-01-01T00:21:29.0837620Z</when>
        <gx:coord>11.28119 50.142307 1070.3143</gx:coord>
        <when>2026-01-01T00:21:34.0837620Z</when>
        <gx:coord>11.282208 50.14454 1068.6514</gx:coord>
        <when>2026-01-01T00:21:38.0967620Z</when>
        <gx:coord>11.283304 50.146786 1064.0132</gx:coord>
        <when>2026-01-01T00:21:39.0837620Z</when>
        <gx:coord>11.283304 50.146786 1063.7489</gx:coord>
        <when>2026-01-01T00:21:44.0837620Z</when>
        <gx:coord>11.284416 50.14899 1063.6675</gx:coord>
        <when>2026-01-01T00:21:49.0837620Z</when>
        <gx:coord>11.285445 50.151184 1063.3032</gx:coord>
        <when>2026-01-01T00:21:54.0837620Z</when>
        <gx:coord>11.286464 50.153328 1063.5151</gx:coord>
        <when>2026-01-01T00:21:59.0837620Z</when>
        <gx:coord>11.287595 50.15546 1059.0876</gx:coord>
        <when>2026-01-01T00:22:04.0827620Z</when>
        <gx:coord>11.288794 50.15761 1055.4939</gx:coord>
        <when>2026-01-01T00:22:09.0837620Z</when>
        <gx:coord>11.290012 50.159748 1053.786</gx:coord>
        <when>2026-01-01T00:22:14.0837620Z</when>
        <gx:coord>11.291219 50.161842 1056.9098</gx:coord>
        <when>2026-01-01T00:22:15.0947620Z</when>
        <gx:coord>11.291682 50.16267 1057.6019</gx:coord>
        <when>2026-01-01T00:22:19.0837620Z</when>
        <gx:coord>11.292342 50.16391 1057.7548</gx:coord>
        <when>2026-01-01T00:22:24.0837620Z</when>
        <gx:coord>11.293384 50.165974 1053.7356</gx:coord>
        <when>2026-01-01T00:22:28.0897620Z</when>
        <gx:coord>11.294379 50.168087 1045.166</gx:coord>
        <when>2026-01-01T00:22:29.0837620Z</when>
        <gx:coord>11.294379 50.168087 1045.166</gx:coord>
        <when>2026-01-01T00:22:34.0837620Z</when>
        <gx:coord>11.295362 50.170296 1039.6055</gx:coord>
        <when>2026-01-01T00:22:41.8287620Z</when>
        <gx:coord>11.296894 50.17393 1037.8687</gx:coord>
        <when>2026-01-01T00:22:46.8327620Z</when>
        <gx:coord>11.297853 50.17615 1037.2247</gx:coord>
        <when>2026-01-01T00:22:51.8307620Z</when>
        <gx:coord>11.298848 50.178387 1029.5735</gx:coord>
        <when>2026-01-01T00:22:52.0897620Z</when>
        <gx:coord>11.299039 50.178833 1029.5735</gx:coord>
        <when>2026-01-01T00:22:56.8297620Z</when>
        <gx:coord>11.299803 50.180637 1027.2358</gx:coord>
        <when>2026-01-01T00:23:00.0937620Z</when>
        <gx:coord>11.300342 50.18198 1026.2029</gx:coord>
        <when>2026-01-01T00:23:01.8297620Z</when>
        <gx:coord>11.30065 50.182884 1025.9307</gx:coord>
        <when>2026-01-01T00:23:06.8307620Z</when>
        <gx:coord>11.3012705 50.185165 1024.6921</gx:coord>
        <when>2026-01-01T00:23:11.8307620Z</when>
        <gx:coord>11.301896 50.18748 1016.85077</gx:coord>
        <when>2026-01-01T00:23:16.8307620Z</when>
        <gx:coord>11.302573 50.189762 1017.27856</gx:coord>
        <when>2026-01-01T00:23:21.8307620Z</when>
        <gx:coord>11.303111 50.19201 1018.21564</gx:coord>
        <when>2026-01-01T00:23:26.8307620Z</when>
        <gx:coord>11.303556 50.194267 1018.4501</gx:coord>
        <when>2026-01-01T00:23:29.0947620Z</when>
        <gx:coord>11.303852 50.195618 1017.96234</gx:coord>
        <when>2026-01-01T00:23:31.8307620Z</when>
        <gx:coord>11.304034 50.196518 1021.1778</gx:coord>
        <when>2026-01-01T00:23:36.8307620Z</when>
        <gx:coord>11.304429 50.198746 1023.101</gx:coord>
        <when>2026-01-01T00:23:41.8307620Z</when>
        <gx:coord>11.304795 50.200974 1025.6051</gx:coord>
        <when>2026-01-01T00:23:46.8307620Z</when>
        <gx:coord>11.305149 50.203182 1025.719</gx:coord>
        <when>2026-01-01T00:23:51.8307620Z</when>
        <gx:coord>11.305496 50.205368 1024.024</gx:coord>
        <when>2026-01-01T00:23:56.8307620Z</when>
        <gx:coord>11.305794 50.207554 1024.0284</gx:coord>
        <when>2026-01-01T00:24:01.8297620Z</when>
        <gx:coord>11.306202 50.209713 1026.6893</gx:coord>
        <when>2026-01-01T00:24:06.8307620Z</when>
        <gx:coord>11.306668 50.211838 1027.3475</gx:coord>
        <when>2026-01-01T00:24:07.0967620Z</when>
        <gx:coord>11.306759 50.212265 1027.3475</gx:coord>
        <when>2026-01-01T00:24:11.8307620Z</when>
        <gx:coord>11.30711 50.213985 1024.0865</gx:coord>
        <when>2026-01-01T00:24:16.8297620Z</when>
        <gx:coord>11.307694 50.216145 1019.02954</gx:coord>
        <when>2026-01-01T00:24:21.8307620Z</when>
        <gx:coord>11.308309 50.218327 1019.325</gx:coord>
        <when>2026-01-01T00:24:26.8307620Z</when>
        <gx:coord>11.308938 50.220505 1024.4059</gx:coord>
        <when>2026-01-01T00:24:31.8307620Z</when>
        <gx:coord>11.309578 50.222683 1022.41516</gx:coord>
        <when>2026-01-01T00:24:36.8307620Z</when>
        <gx:coord>11.310153 50.224873 1017.5141</gx:coord>
        <when>2026-01-01T00:24:41.8307620Z</when>
        <gx:coord>11.310698 50.22706 1020.30695</gx:coord>
        <when>2026-01-01T00:24:45.0917620Z</when>
        <gx:coord>11.311106 50.2288 1027.1277</gx:coord>
        <when>2026-01-01T00:24:46.8307620Z</when>
        <gx:coord>11.311227 50.22923 1028.6741</gx:coord>
        <when>2026-01-01T00:24:51.8307620Z</when>
        <gx:coord>11.311822 50.231365 1026.8822</gx:coord>
        <when>2026-01-01T00:24:56.8307620Z</when>
        <gx:coord>11.312439 50.233498 1021.25836</gx:coord>
        <when>2026-01-01T00:25:01.8307620Z</when>
        <gx:coord>11.313216 50.235676 1015.6396</gx:coord>
        <when>2026-01-01T00:25:06.8307620Z</when>
        <gx:coord>11.314216 50.237865 1020.509</gx:coord>
        <when>2026-01-01T00:25:11.8307620Z</when>
        <gx:coord>11.315307 50.239998 1022.36194</gx:coord>
        <when>2026-01-01T00:25:16.8307620Z</when>
        <gx:coord>11.316372 50.24212 1024.0011</gx:coord>
        <when>2026-01-01T00:25:21.8307620Z</when>
        <gx:coord>11.31747 50.244213 1028.7318</gx:coord>
        <when>2026-01-01T00:25:23.0997620Z</when>
        <gx:coord>11.317908 50.245037 1028.9685</gx:coord>
        <when>2026-01-01T00:25:26.8307620Z</when>
        <gx:coord>11.318537 50.246284 1031.5997</gx:coord>
        <when>2026-01-01T00:25:31.8307620Z</when>
        <gx:coord>11.31957 50.248386 1036.5352</gx:coord>
        <when>2026-01-01T00:25:36.8307620Z</when>
        <gx:coord>11.320626 50.250507 1035.0238</gx:coord>
        <when>2026-01-01T00:25:41.8307620Z</when>
        <gx:coord>11.321731 50.25264 1033.3275</gx:coord>
        <when>2026-01-01T00:25:46.8307620Z</when>
        <gx:coord>11.322851 50.25478 1030.3663</gx:coord>
        <when>2026-01-01T00:25:51.8307620Z</when>
        <gx:coord>11.324064 50.25688 1025.3632</gx:coord>
        <when>2026-01-01T00:25:56.8307620Z</when>
        <gx:coord>11.325126 50.258972 1032.8923</gx:coord>
        <when>2026-01-01T00:26:01.1007620Z</when>
        <gx:coord>11.326017 50.261086 1035.4977</gx:coord>
        <when>2026-01-01T00:26:01.8307620Z</when>
        <gx:coord>11.326017 50.261086 1034.8385</gx:coord>
        <when>2026-01-01T00:26:06.8307620Z</when>
        <gx:coord>11.327078 50.263203 1032.1764</gx:coord>
        <when>2026-01-01T00:26:11.8307620Z</when>
        <gx:coord>11.328337 50.26529 1026.8239</gx:coord>
        <when>2026-01-01T00:26:16.8307620Z</when>
        <gx:coord>11.329553 50.267387 1026.027</gx:coord>
        <when>2026-01-01T00:26:21.8307620Z</when>
        <gx:coord>11.330739 50.26948 1023.715</gx:coord>
        <when>2026-01-01T00:26:26.8307620Z</when>
        <gx:coord>11.331925 50.27159 1030.1013</gx:coord>
        <when>2026-01-01T00:26:31.8307620Z</when>
        <gx:coord>11.333119 50.27367 1038.3469</gx:coord>
        <when>2026-01-01T00:26:36.8307620Z</when>
        <gx:coord>11.334239 50.275745 1040.2914</gx:coord>
        <when>2026-01-01T00:26:39.0967620Z</when>
        <gx:coord>11.334878 50.276993 1038.6349</gx:coord>
        <when>2026-01-01T00:26:41.8307620Z</when>
        <gx:coord>11.335318 50.277836 1035.7987</gx:coord>
        <when>2026-01-01T00:26:46.8307620Z</when>
        <gx:coord>11.336442 50.279987 1040.935</gx:coord>
        <when>2026-01-01T00:26:51.8307620Z</when>
        <gx:coord>11.337487 50.282154 1058.1654</gx:coord>
        <when>2026-01-01T00:26:56.8307620Z</when>
        <gx:coord>11.338548 50.284283 1074.0332</gx:coord>
        <when>2026-01-01T00:26:57.0947620Z</when>
        <gx:coord>11.338764 50.2847 1075.9491</gx:coord>
        <when>2026-01-01T00:27:01.8307620Z</when>
        <gx:coord>11.3396 50.286366 1074.3077</gx:coord>
        <when>2026-01-01T00:27:06.8307620Z</when>
        <gx:coord>11.340667 50.288464 1070.8492</gx:coord>
        <when>2026-01-01T00:27:11.8307620Z</when>
        <gx:coord>11.341674 50.290604 1071.3981</gx:coord>
        <when>2026-01-01T00:27:16.8307620Z</when>
        <gx:coord>11.3426075 50.29274 1074.4633</gx:coord>
        <when>2026-01-01T00:27:17.0927620Z</when>
        <gx:coord>11.342795 50.293163 1074.4633</gx:coord>
        <when>2026-01-01T00:27:21.8307620Z</when>
        <gx:coord>11.343566 50.29486 1072.6761</gx:coord>
        <when>2026-01-01T00:27:26.8307620Z</when>
        <gx:coord>11.344494 50.29699 1069.0156</gx:coord>
        <when>2026-01-01T00:27:31.8307620Z</when>
        <gx:coord>11.345349 50.299133 1067.8718</gx:coord>
        <when>2026-01-01T00:27:36.8317620Z</when>
        <gx:coord>11.346178 50.30128 1069.084</gx:coord>
        <when>2026-01-01T00:27:41.8307620Z</when>
        <gx:coord>11.347176 50.303394 1069.7684</gx:coord>
        <when>2026-01-01T00:27:46.8307620Z</when>
        <gx:coord>11.348318 50.305492 1067.7358</gx:coord>
        <when>2026-01-01T00:27:54.6617620Z</when>
        <gx:coord>11.350217 50.308876 1060.2467</gx:coord>
        <when>2026-01-01T00:27:55.0947620Z</when>
        <gx:coord>11.350466 50.309296 1060.2467</gx:coord>
        <when>2026-01-01T00:27:59.6627620Z</when>
        <gx:coord>11.351418 50.31099 1056.7251</gx:coord>
        <when>2026-01-01T00:28:04.6627620Z</when>
        <gx:coord>11.352482 50.31312 1058.1736</gx:coord>
        <when>2026-01-01T00:28:09.6617620Z</when>
        <gx:coord>11.353565 50.315228 1057.1334</gx:coord>
        <when>2026-01-01T00:28:14.6627620Z</when>
        <gx:coord>11.354641 50.317375 1060.2446</gx:coord>
        <when>2026-01-01T00:28:19.6627620Z</when>
        <gx:coord>11.355722 50.31955 1062.9366</gx:coord>
        <when>2026-01-01T00:28:24.6617620Z</when>
        <gx:coord>11.356797 50.321712 1061.6942</gx:coord>
        <when>2026-01-01T00:28:29.6627620Z</when>
        <gx:coord>11.357907 50.323875 1056.9454</gx:coord>
        <when>2026-01-01T00:28:32.1017620Z</when>
        <gx:coord>11.358585 50.325184 1055.7489</gx:coord>
        <when>2026-01-01T00:28:34.6627620Z</when>
        <gx:coord>11.359044 50.326054 1054.6926</gx:coord>
        <when>2026-01-01T00:28:39.6627620Z</when>
        <gx:coord>11.360234 50.328213 1052.4313</gx:coord>
        <when>2026-01-01T00:28:44.6627620Z</when>
        <gx:coord>11.361418 50.33033 1048.8835</gx:coord>
        <when>2026-01-01T00:28:49.6627620Z</when>
        <gx:coord>11.362535 50.332443 1045.6423</gx:coord>
        <when>2026-01-01T00:28:54.0957620Z</when>
        <gx:coord>11.363629 50.33457 1045.3737</gx:coord>
        <when>2026-01-01T00:28:54.6617620Z</when>
        <gx:coord>11.363629 50.33457 1045.3737</gx:coord>
        <when>2026-01-01T00:28:59.6627620Z</when>
        <gx:coord>11.364751 50.336697 1048.8248</gx:coord>
        <when>2026-01-01T00:29:04.6627620Z</when>
        <gx:coord>11.36591 50.338802 1055.2175</gx:coord>
        <when>2026-01-01T00:29:09.6617620Z</when>
        <gx:coord>11.367041 50.34089 1068.7382</gx:coord>
        <when>2026-01-01T00:29:10.0967620Z</when>
        <gx:coord>11.36727 50.3413 1068.7382</gx:coord>
        <when>2026-01-01T00:29:14.6627620Z</when>
        <gx:coord>11.368151 50.342937 1074.672</gx:coord>
        <when>2026-01-01T00:29:16.0957620Z</when>
        <gx:coord>11.3686 50.34376 1075.9965</gx:coord>
        <when>2026-01-01T00:29:19.6627620Z</when>
        <gx:coord>11.369214 50.34504 1081.8384</gx:coord>
        <when>2026-01-01T00:29:24.6627620Z</when>
        <gx:coord>11.370225 50.34719 1097.0648</gx:coord>
        <when>2026-01-01T00:29:28.0877620Z</when>
        <gx:coord>11.371017 50.34892 1106.6696</gx:coord>
        <when>2026-01-01T00:29:29.6627620Z</when>
        <gx:coord>11.371213 50.34935 1108.6042</gx:coord>
        <when>2026-01-01T00:29:34.6627620Z</when>
        <gx:coord>11.372129 50.351494 1113.8466</gx:coord>
        <when>2026-01-01T00:29:39.6617620Z</when>
        <gx:coord>11.373128 50.35363 1110.6881</gx:coord>
        <when>2026-01-01T00:29:44.6627620Z</when>
        <gx:coord>11.374125 50.355812 1103.7656</gx:coord>
        <when>2026-01-01T00:29:48.0977620Z</when>
        <gx:coord>11.374965 50.357548 1102.8383</gx:coord>
        <when>2026-01-01T00:29:49.6627620Z</when>
        <gx:coord>11.375186 50.35798 1104.447</gx:coord>
        <when>2026-01-01T00:29:54.6627620Z</when>
        <gx:coord>11.376258 50.360165 1109.8473</gx:coord>
        <when>2026-01-01T00:29:59.6617620Z</when>
        <gx:coord>11.377319 50.362362 1113.3365</gx:coord>
        <when>2026-01-01T00:30:04.6627620Z</when>
        <gx:coord>11.378344 50.364597 1115.0193</gx:coord>
        <when>2026-01-01T00:30:09.6627620Z</when>
        <gx:coord>11.379451 50.366833 1110.4882</gx:coord>
        <when>2026-01-01T00:30:14.6617620Z</when>
        <gx:coord>11.380439 50.369083 1113.4302</gx:coord>
        <when>2026-01-01T00:30:19.6617620Z</when>
        <gx:coord>11.381396 50.371304 1114.3844</gx:coord>
        <when>2026-01-01T00:30:24.0977620Z</when>
        <gx:coord>11.382341 50.37352 1115.9281</gx:coord>
        <when>2026-01-01T00:30:24.6617620Z</when>
        <gx:coord>11.382341 50.37352 1115.8322</gx:coord>
        <when>2026-01-01T00:30:32.4417620Z</when>
        <gx:coord>11.38406 50.376995 1132.513</gx:coord>
        <when>2026-01-01T00:30:36.0897620Z</when>
        <gx:coord>11.384939 50.378685 1137.7203</gx:coord>
        <when>2026-01-01T00:30:37.4427620Z</when>
        <gx:coord>11.385175 50.379105 1138.5146</gx:coord>
        <when>2026-01-01T00:30:40.3487620Z</when>
        <gx:coord>11.385883 50.380375 1139.7512</gx:coord>
        <when>2026-01-01T00:30:45.3487620Z</when>
        <gx:coord>11.387058 50.382458 1137.4928</gx:coord>
        <when>2026-01-01T00:30:50.3487620Z</when>
        <gx:coord>11.388198 50.384563 1138.0818</gx:coord>
        <when>2026-01-01T00:30:55.3497620Z</when>
        <gx:coord>11.389377 50.386696 1140.6029</gx:coord>
        <when>2026-01-01T00:31:00.3497620Z</when>
        <gx:coord>11.3905 50.388885 1147.1798</gx:coord>
        <when>2026-01-01T00:31:01.1027620Z</when>
        <gx:coord>11.390713 50.389328 1147.1798</gx:coord>
        <when>2026-01-01T00:31:05.3497620Z</when>
        <gx:coord>11.3915415 50.391094 1147.2753</gx:coord>
        <when>2026-01-01T00:31:10.3497620Z</when>
        <gx:coord>11.392667 50.393303 1143.4532</gx:coord>
        <when>2026-01-01T00:31:15.3497620Z</when>
        <gx:coord>11.393737 50.39551 1142.5515</gx:coord>
        <when>2026-01-01T00:31:20.3497620Z</when>
        <gx:coord>11.394796 50.39775 1132.4977</gx:coord>
        <when>2026-01-01T00:31:25.3497620Z</when>
        <gx:coord>11.395896 50.400013 1129.7847</gx:coord>
        <when>2026-01-01T00:31:30.3497620Z</when>
        <gx:coord>11.396996 50.402256 1134.5487</gx:coord>
        <when>2026-01-01T00:31:35.3497620Z</when>
        <gx:coord>11.398205 50.404472 1132.3973</gx:coord>
        <when>2026-01-01T00:31:37.0977620Z</when>
        <gx:coord>11.398724 50.405357 1131.1779</gx:coord>
        <when>2026-01-01T00:31:40.3497620Z</when>
        <gx:coord>11.399541 50.406677 1134.7181</gx:coord>
        <when>2026-01-01T00:31:45.3497620Z</when>
        <gx:coord>11.400961 50.40886 1137.4286</gx:coord>
        <when>2026-01-01T00:31:49.0927620Z</when>
        <gx:coord>11.40181 50.410164 1134.0774</gx:coord>
        <when>2026-01-01T00:31:50.3497620Z</when>
        <gx:coord>11.402389 50.41103 1135.6503</gx:coord>
        <when>2026-01-01T00:31:55.3497620Z</when>
        <gx:coord>11.40391 50.413193 1136.4585</gx:coord>
        <when>2026-01-01T00:32:00.3497620Z</when>
        <gx:coord>11.405523 50.41532 1138.0344</gx:coord>
        <when>2026-01-01T00:32:05.3487620Z</when>
        <gx:coord>11.407155 50.41746 1137.1847</gx:coord>
        <when>2026-01-01T00:32:10.3497620Z</when>
        <gx:coord>11.408691 50.419643 1137.0167</gx:coord>
        <when>2026-01-01T00:32:13.0887620Z</when>
        <gx:coord>11.409463 50.420975 1138.8809</gx:coord>
        <when>2026-01-01T00:32:15.3497620Z</when>
        <gx:coord>11.409961 50.421864 1143.0184</gx:coord>
        <when>2026-01-01T00:32:26.6837620Z</when>
        <gx:coord>11.412331 50.42682 1136.8232</gx:coord>
        <when>2026-01-01T00:32:31.6847620Z</when>
        <gx:coord>11.413311 50.42907 1137.3335</gx:coord>
        <when>2026-01-01T00:32:36.6847620Z</when>
        <gx:coord>11.414317 50.43131 1134.4504</gx:coord>
        <when>2026-01-01T00:32:41.6847620Z</when>
        <gx:coord>11.415503 50.43352 1127.5675</gx:coord>
        <when>2026-01-01T00:32:46.6847620Z</when>
        <gx:coord>11.416852 50.435715 1119.8142</gx:coord>
        <when>2026-01-01T00:32:49.0907620Z</when>
        <gx:coord>11.417706 50.43703 1118.7732</gx:coord>
        <when>2026-01-01T00:32:51.6847620Z</when>
        <gx:coord>11.41824 50.437904 1117.0468</gx:coord>
        <when>2026-01-01T00:32:56.6847620Z</when>
        <gx:coord>11.419455 50.44011 1115.7122</gx:coord>
        <when>2026-01-01T00:33:01.6847620Z</when>
        <gx:coord>11.4205475 50.442326 1110.164</gx:coord>
        <when>2026-01-01T00:33:06.0887620Z</when>
        <gx:coord>11.421601 50.44455 1106.7026</gx:coord>
        <when>2026-01-01T00:33:06.6847620Z</when>
        <gx:coord>11.421601 50.44455 1106.7026</gx:coord>
        <when>2026-01-01T00:33:11.6847620Z</when>
        <gx:coord>11.42268 50.446762 1098.124</gx:coord>
        <when>2026-01-01T00:33:16.6847620Z</when>
        <gx:coord>11.423809 50.448963 1094.2412</gx:coord>
        <when>2026-01-01T00:33:21.6847620Z</when>
        <gx:coord>11.425095 50.451126 1086.5421</gx:coord>
        <when>2026-01-01T00:33:25.0927620Z</when>
        <gx:coord>11.426132 50.45286 1083.4371</gx:coord>
        <when>2026-01-01T00:33:26.6847620Z</when>
        <gx:coord>11.426378 50.4533 1080.9886</gx:coord>
        <when>2026-01-01T00:33:31.6847620Z</when>
        <gx:coord>11.427504 50.45553 1087.3228</gx:coord>
        <when>2026-01-01T00:33:36.6847620Z</when>
        <gx:coord>11.428717 50.45773 1091.361</gx:coord>
        <when>2026-01-01T00:33:41.6847620Z</when>
        <gx:coord>11.429976 50.459904 1089.2559</gx:coord>
        <when>2026-01-01T00:33:46.6847620Z</when>
        <gx:coord>11.431118 50.4621 1092.6898</gx:coord>
        <when>2026-01-01T00:33:51.6847620Z</when>
        <gx:coord>11.432348 50.464275 1088.7147</gx:coord>
        <when>2026-01-01T00:33:56.6847620Z</when>
        <gx:coord>11.433595 50.46646 1088.2955</gx:coord>
        <when>2026-01-01T00:34:01.0897620Z</when>
        <gx:coord>11.434769 50.46865 1087.6317</gx:coord>
        <when>2026-01-01T00:34:01.6847620Z</when>
        <gx:coord>11.434769 50.46865 1087.7303</gx:coord>
        <when>2026-01-01T00:34:06.6857620Z</when>
        <gx:coord>11.435873 50.47084 1087.5017</gx:coord>
        <when>2026-01-01T00:34:11.6847620Z</when>
        <gx:coord>11.437055 50.47303 1089.3275</gx:coord>
        <when>2026-01-01T00:34:16.6857620Z</when>
        <gx:coord>11.438336 50.475178 1093.9839</gx:coord>
        <when>2026-01-01T00:34:21.6857620Z</when>
        <gx:coord>11.439746 50.477276 1089.4734</gx:coord>
        <when>2026-01-01T00:34:26.6857620Z</when>
        <gx:coord>11.441098 50.4794 1084.0419</gx:coord>
        <when>2026-01-01T00:34:31.6857620Z</when>
        <gx:coord>11.442076 50.48159 1080.1007</gx:coord>
        <when>2026-01-01T00:34:34.0877620Z</when>
        <gx:coord>11.44263 50.482918 1073.5248</gx:coord>
        <when>2026-01-01T00:34:36.6857620Z</when>
        <gx:coord>11.443007 50.483818 1071.9612</gx:coord>
        <when>2026-01-01T00:34:38.0977620Z</when>
        <gx:coord>11.4433975 50.484722 1072.642</gx:coord>
        <when>2026-01-01T00:34:41.6847620Z</when>
        <gx:coord>11.4439335 50.48609 1074.233</gx:coord>
        <when>2026-01-01T00:34:46.6857620Z</when>
        <gx:coord>11.444855 50.48838 1079.0314</gx:coord>
        <when>2026-01-01T00:34:48.0847620Z</when>
        <gx:coord>11.445029 50.488842 1081.4634</gx:coord>
        <when>2026-01-01T00:34:51.6857620Z</when>
        <gx:coord>11.4456835 50.49069 1092.9672</gx:coord>
        <when>2026-01-01T00:34:56.6857620Z</when>
        <gx:coord>11.446502 50.49299 1098.9757</gx:coord>
        <when>2026-01-01T00:35:01.6857620Z</when>
        <gx:coord>11.447321 50.4953 1099.8572</gx:coord>
        <when>2026-01-01T00:35:05.0887620Z</when>
        <gx:coord>11.448107 50.49714 1105.961</gx:coord>
        <when>2026-01-01T00:35:06.6857620Z</when>
        <gx:coord>11.448325 50.4976 1106.7528</gx:coord>
        <when>2026-01-01T00:35:11.6857620Z</when>
        <gx:coord>11.449398 50.499893 1107.252</gx:coord>
        <when>2026-01-01T00:35:14.0947620Z</when>
        <gx:coord>11.450031 50.50126 1106.1945</gx:coord>
        <when>2026-01-01T00:35:16.6857620Z</when>
        <gx:coord>11.450455 50.50217 1102.1343</gx:coord>
        <when>2026-01-01T00:35:21.6847620Z</when>
        <gx:coord>11.451671 50.504425 1093.456</gx:coord>
        <when>2026-01-01T00:35:26.6857620Z</when>
        <gx:coord>11.452865 50.506676 1088.9952</gx:coord>
        <when>2026-01-01T00:35:31.6857620Z</when>
        <gx:coord>11.45401 50.508923 1085.7871</gx:coord>
        <when>2026-01-01T00:35:36.6857620Z</when>
        <gx:coord>11.45516 50.511158 1084.8164</gx:coord>
        <when>2026-01-01T00:35:41.6857620Z</when>
        <gx:coord>11.456351 50.51335 1077.6362</gx:coord>
        <when>2026-01-01T00:35:42.0907620Z</when>
        <gx:coord>11.456568 50.513798 1075.3566</gx:coord>
        <when>2026-01-01T00:35:46.6857620Z</when>
        <gx:coord>11.457429 50.515594 1067.5374</gx:coord>
        <when>2026-01-01T00:35:50.0887620Z</when>
        <gx:coord>11.458386 50.517376 1062.3636</gx:coord>
        <when>2026-01-01T00:35:51.6857620Z</when>
        <gx:coord>11.458639 50.517822 1058.1868</gx:coord>
        <when>2026-01-01T00:35:56.6847620Z</when>
        <gx:coord>11.459959 50.520035 1063.1733</gx:coord>
        <when>2026-01-01T00:36:01.6857620Z</when>
        <gx:coord>11.461119 50.522255 1071.5272</gx:coord>
        <when>2026-01-01T00:36:06.6847620Z</when>
        <gx:coord>11.462148 50.5245 1071.0023</gx:coord>
        <when>2026-01-01T00:36:11.6857620Z</when>
        <gx:coord>11.463108 50.526794 1059.8019</gx:coord>
        <when>2026-01-01T00:36:16.6857620Z</when>
        <gx:coord>11.464097 50.529118 1052.1772</gx:coord>
        <when>2026-01-01T00:36:21.6847620Z</when>
        <gx:coord>11.465128 50.531403 1056.2301</gx:coord>
        <when>2026-01-01T00:36:26.1017620Z</when>
        <gx:coord>11.466204 50.533676 1055.6322</gx:coord>
        <when>2026-01-01T00:36:26.6847620Z</when>
        <gx:coord>11.466204 50.533676 1055.0637</gx:coord>
        <when>2026-01-01T00:36:31.6857620Z</when>
        <gx:coord>11.467446 50.535934 1056.8906</gx:coord>
        <when>2026-01-01T00:36:36.6857620Z</when>
        <gx:coord>11.468655 50.538197 1054.8823</gx:coord>
        <when>2026-01-01T00:36:41.6857620Z</when>
        <gx:coord>11.469808 50.54049 1045.8953</gx:coord>
        <when>2026-01-01T00:36:43.0827620Z</when>
        <gx:coord>11.470268 50.541412 1044.2595</gx:coord>
        <when>2026-01-01T00:36:46.6857620Z</when>
        <gx:coord>11.470978 50.5428 1042.7589</gx:coord>
        <when>2026-01-01T00:36:51.6857620Z</when>
        <gx:coord>11.472145 50.54509 1052.0797</gx:coord>
        <when>2026-01-01T00:37:01.0907620Z</when>
        <gx:coord>11.474496 50.549515 1047.0974</gx:coord>
        <when>2026-01-01T00:37:12.6107620Z</when>
        <gx:coord>11.477222 50.55431 1045.3213</gx:coord>
        <when>2026-01-01T00:37:17.6117620Z</when>
        <gx:coord>11.478432 50.556473 1039.411</gx:coord>
        <when>2026-01-01T00:37:22.6117620Z</when>
        <gx:coord>11.479488 50.558685 1046.5669</gx:coord>
        <when>2026-01-01T00:37:27.6117620Z</when>
        <gx:coord>11.480373 50.5609 1041.5591</gx:coord>
        <when>2026-01-01T00:37:32.6107620Z</when>
        <gx:coord>11.481326 50.56315 1036.2074</gx:coord>
        <when>2026-01-01T00:37:37.0887620Z</when>
        <gx:coord>11.482472 50.565407 1029.8578</gx:coord>
        <when>2026-01-01T00:37:37.6117620Z</when>
        <gx:coord>11.482472 50.565407 1028.5237</gx:coord>
        <when>2026-01-01T00:37:42.6117620Z</when>
        <gx:coord>11.483756 50.567627 1025.2032</gx:coord>
        <when>2026-01-01T00:37:47.6117620Z</when>
        <gx:coord>11.484952 50.56987 1019.72217</gx:coord>
        <when>2026-01-01T00:37:52.6117620Z</when>
        <gx:coord>11.486103 50.57212 1016.8555</gx:coord>
        <when>2026-01-01T00:37:56.0867620Z</when>
        <gx:coord>11.487002 50.57391 1012.5916</gx:coord>
        <when>2026-01-01T00:37:57.6117620Z</when>
        <gx:coord>11.487235 50.574356 1010.8053</gx:coord>
        <when>2026-01-01T00:38:02.6117620Z</when>
        <gx:coord>11.488157 50.57663 1003.192</gx:coord>
        <when>2026-01-01T00:38:06.0857620Z</when>
        <gx:coord>11.488342 50.57803 1000.2011</gx:coord>
        <when>2026-01-01T00:38:07.0847620Z</when>
        <gx:coord>11.4883375 50.5785 998.963</gx:coord>
        <when>2026-01-01T00:38:07.6117620Z</when>
        <gx:coord>11.488296 50.578964 996.8864</gx:coord>
        <when>2026-01-01T00:38:12.6107620Z</when>
        <gx:coord>11.487826 50.581314 982.8815</gx:coord>
        <when>2026-01-01T00:38:13.0907620Z</when>
        <gx:coord>11.487699 50.581787 982.8815</gx:coord>
        <when>2026-01-01T00:38:13.0907620Z</when>
        <gx:coord>11.487699 50.581787 979.9421</gx:coord>
        <when>2026-01-01T00:38:17.6117620Z</when>
        <gx:coord>11.487157 50.583668 976.1064</gx:coord>
        <when>2026-01-01T00:38:22.6117620Z</when>
        <gx:coord>11.486545 50.586025 962.9614</gx:coord>
        <when>2026-01-01T00:38:27.6117620Z</when>
        <gx:coord>11.485802 50.58838 958.7662</gx:coord>
        <when>2026-01-01T00:38:32.6117620Z</when>
        <gx:coord>11.485142 50.59074 952.3668</gx:coord>
        <when>2026-01-01T00:38:37.6117620Z</when>
        <gx:coord>11.484537 50.593132 959.3516</gx:coord>
        <when>2026-01-01T00:38:42.6107620Z</when>
        <gx:coord>11.484001 50.59553 968.2471</gx:coord>
        <when>2026-01-01T00:38:47.6107620Z</when>
        <gx:coord>11.483597 50.597954 968.4226</gx:coord>
        <when>2026-01-01T00:38:48.0987620Z</when>
        <gx:coord>11.4835205 50.59844 968.4226</gx:coord>
        <when>2026-01-01T00:38:52.6117620Z</when>
        <gx:coord>11.48326 50.600372 965.2379</gx:coord>
        <when>2026-01-01T00:38:57.6117620Z</when>
        <gx:coord>11.483057 50.60279 961.5403</gx:coord>
        <when>2026-01-01T00:39:00.0867620Z</when>
        <gx:coord>11.483 50.60376 961.7711</gx:coord>
        <when>2026-01-01T00:39:02.6117620Z</when>
        <gx:coord>11.483209 50.60519 964.3834</gx:coord>
        <when>2026-01-01T00:39:04.0887620Z</when>
        <gx:coord>11.483353 50.60566 965.38464</gx:coord>
        <when>2026-01-01T00:39:07.6117620Z</when>
        <gx:coord>11.484136 50.60751 960.7445</gx:coord>
        <when>2026-01-01T00:39:12.6117620Z</when>
        <gx:coord>11.485422 50.609802 954.36383</gx:coord>
        <when>2026-01-01T00:39:17.6117620Z</when>
        <gx:coord>11.486768 50.612045 953.6013</gx:coord>
        <when>2026-01-01T00:39:19.0867620Z</when>
        <gx:coord>11.487044 50.612488 952.79114</gx:coord>
        <when>2026-01-01T00:39:22.6117620Z</when>
        <gx:coord>11.488148 50.61427 953.6171</gx:coord>
        <when>2026-01-01T00:39:24.0957620Z</when>
        <gx:coord>11.488667 50.615173 949.9946</gx:coord>
        <when>2026-01-01T00:39:24.0957620Z</when>
        <gx:coord>11.488667 50.615173 948.3672</gx:coord>
        <when>2026-01-01T00:39:27.6117620Z</when>
        <gx:coord>11.489412 50.61654 941.4221</gx:coord>
        <when>2026-01-01T00:39:32.6117620Z</when>
        <gx:coord>11.490642 50.618843 929.0188</gx:coord>
        <when>2026-01-01T00:39:37.6117620Z</when>
        <gx:coord>11.491945 50.62113 923.8537</gx:coord>
        <when>2026-01-01T00:39:41.0877620Z</when>
        <gx:coord>11.492958 50.622955 917.6001</gx:coord>
        <when>2026-01-01T00:39:42.6117620Z</when>
        <gx:coord>11.493222 50.62341 916.78864</gx:coord>
        <when>2026-01-01T00:39:47.6117620Z</when>
        <gx:coord>11.494612 50.625637 908.7774</gx:coord>
        <when>2026-01-01T00:39:52.6117620Z</when>
        <gx:coord>11.496108 50.62785 895.73584</gx:coord>
        <when>2026-01-01T00:39:57.6107620Z</when>
        <gx:coord>11.497616 50.630093 891.07904</gx:coord>
        <when>2026-01-01T00:39:59.0947620Z</when>
        <gx:coord>11.498196 50.630997 890.1501</gx:coord>
        <when>2026-01-01T00:40:02.0847620Z</when>
        <gx:coord>11.499067 50.632347 887.00586</gx:coord>
        <when>2026-01-01T00:40:02.6137620Z</when>
        <gx:coord>11.499067 50.632347 887.00586</gx:coord>
        <when>2026-01-01T00:40:07.6117620Z</when>
        <gx:coord>11.500443 50.634613 872.92004</gx:coord>
        <when>2026-01-01T00:40:12.6107620Z</when>
        <gx:coord>11.50191 50.636894 861.34503</gx:coord>
        <when>2026-01-01T00:40:17.6117620Z</when>
        <gx:coord>11.503398 50.639095 875.29767</gx:coord>
        <when>2026-01-01T00:40:22.6117620Z</when>
        <gx:coord>11.50476 50.641243 882.78625</gx:coord>
        <when>2026-01-01T00:40:27.6117620Z</when>
        <gx:coord>11.506065 50.643402 880.75476</gx:coord>
        <when>2026-01-01T00:40:32.6117620Z</when>
        <gx:coord>11.507376 50.64559 874.7831</gx:coord>
        <when>2026-01-01T00:40:34.0907620Z</when>
        <gx:coord>11.507912 50.64648 873.89734</gx:coord>
        <when>2026-01-01T00:40:37.6117620Z</when>
        <gx:coord>11.508757 50.647808 872.7641</gx:coord>
        <when>2026-01-01T00:40:42.6117620Z</when>
        <gx:coord>11.510146 50.65003 873.01776</gx:coord>
        <when>2026-01-01T00:40:47.6117620Z</when>
        <gx:coord>11.511555 50.65224 871.332</gx:coord>
        <when>2026-01-01T00:40:52.6117620Z</when>
        <gx:coord>11.512781 50.65443 873.84174</gx:coord>
        <when>2026-01-01T00:40:57.6117620Z</when>
        <gx:coord>11.513902 50.656612 874.7817</gx:coord>
        <when>2026-01-01T00:41:02.6117620Z</when>
        <gx:coord>11.51515 50.658756 870.8132</gx:coord>
        <when>2026-01-01T00:41:07.6117620Z</when>
        <gx:coord>11.516555 50.6608 868.2864</gx:coord>
        <when>2026-01-01T00:41:10.0867620Z</when>
        <gx:coord>11.517419 50.66202 869.3873</gx:coord>
        <when>2026-01-01T00:41:12.6117620Z</when>
        <gx:coord>11.517973 50.662834 875.16974</gx:coord>
        <when>2026-01-01T00:41:17.6117620Z</when>
        <gx:coord>11.519279 50.664875 875.899</gx:coord>
        <when>2026-01-01T00:41:22.6117620Z</when>
        <gx:coord>11.52053 50.666985 878.42596</gx:coord>
        <when>2026-01-01T00:41:27.6117620Z</when>
        <gx:coord>11.521683 50.669113 880.3718</gx:coord>
        <when>2026-01-01T00:41:32.6117620Z</when>
        <gx:coord>11.522797 50.671257 876.7717</gx:coord>
        <when>2026-01-01T00:41:37.6117620Z</when>
        <gx:coord>11.523901 50.673428 876.15216</gx:coord>
        <when>2026-01-01T00:41:42.6117620Z</when>
        <gx:coord>11.525024 50.675594 877.6144</gx:coord>
        <when>2026-01-01T00:41:47.0937620Z</when>
        <gx:coord>11.526094 50.677773 876.3012</gx:coord>
        <when>2026-01-01T00:41:47.6117620Z</when>
        <gx:coord>11.526094 50.677773 875.14496</gx:coord>
        <when>2026-01-01T00:41:52.6117620Z</when>
        <gx:coord>11.527201 50.67996 871.11633</gx:coord>
        <when>2026-01-01T00:41:57.6117620Z</when>
        <gx:coord>11.528305 50.682194 869.6023</gx:coord>
        <when>2026-01-01T00:42:02.6117620Z</when>
        <gx:coord>11.529431 50.684418 871.95135</gx:coord>
        <when>2026-01-01T00:42:07.6117620Z</when>
        <gx:coord>11.530632 50.6866 870.34064</gx:coord>
        <when>2026-01-01T00:42:12.6117620Z</when>
        <gx:coord>11.531868 50.68876 866.8269</gx:coord>
        <when>2026-01-01T00:42:17.6127620Z</when>
        <gx:coord>11.53311 50.690937 857.034</gx:coord>
        <when>2026-01-01T00:42:18.0887620Z</when>
        <gx:coord>11.533345 50.69138 855.6191</gx:coord>
        <when>2026-01-01T00:42:22.6117620Z</when>
        <gx:coord>11.534216 50.693146 858.57263</gx:coord>
        <when>2026-01-01T00:42:23.0917620Z</when>
        <gx:coord>11.534436 50.693584 858.57263</gx:coord>
        <when>2026-01-01T00:42:27.6117620Z</when>
        <gx:coord>11.535377 50.695328 867.50336</gx:coord>
        <when>2026-01-01T00:42:32.6127620Z</when>
        <gx:coord>11.536587 50.69749 869.98364</gx:coord>
        <when>2026-01-01T00:42:37.6127620Z</when>
        <gx:coord>11.537763 50.699673 870.3277</gx:coord>
        <when>2026-01-01T00:42:42.6127620Z</when>
        <gx:coord>11.538924 50.70186 868.2723</gx:coord>
        <when>2026-01-01T00:42:47.6127620Z</when>
        <gx:coord>11.53999 50.704082 861.2515</gx:coord>
        <when>2026-01-01T00:42:52.6127620Z</when>
        <gx:coord>11.541101 50.70632 856.5943</gx:coord>
        <when>2026-01-01T00:42:57.6127620Z</when>
        <gx:coord>11.542283 50.70855 854.83057</gx:coord>
        <when>2026-01-01T00:42:59.0937620Z</when>
        <gx:coord>11.542777 50.70943 854.6238</gx:coord>
        <when>2026-01-01T00:43:03.0937620Z</when>
        <gx:coord>11.543514 50.710743 854.79987</gx:coord>
        <when>2026-01-01T00:43:08.0977620Z</when>
        <gx:coord>11.544917 50.71331 869.33124</gx:coord>
        <when>2026-01-01T00:43:13.1177620Z</when>
        <gx:coord>11.546063 50.7154 874.14276</gx:coord>
        <when>2026-01-01T00:43:18.0947620Z</when>
        <gx:coord>11.547239 50.717495 867.02094</gx:coord>
        <when>2026-01-01T00:43:23.1147620Z</when>
        <gx:coord>11.548407 50.71964 860.3956</gx:coord>
        <when>2026-01-01T00:43:28.0947620Z</when>
        <gx:coord>11.549587 50.72184 853.56604</gx:coord>
        <when>2026-01-01T00:43:33.1147620Z</when>
        <gx:coord>11.5507765 50.72406 855.1402</gx:coord>
        <when>2026-01-01T00:43:36.0967620Z</when>
        <gx:coord>11.551495 50.725372 856.2658</gx:coord>
        <when>2026-01-01T00:43:38.1247620Z</when>
        <gx:coord>11.551966 50.72624 855.9758</gx:coord>
        <when>2026-01-01T00:43:43.0947620Z</when>
        <gx:coord>11.553063 50.728405 858.35876</gx:coord>
        <when>2026-01-01T00:43:48.0967620Z</when>
        <gx:coord>11.5541315 50.730576 855.07214</gx:coord>
        <when>2026-01-01T00:43:53.1007620Z</when>
        <gx:coord>11.555223 50.73275 849.18896</gx:coord>
        <when>2026-01-01T00:43:58.1067620Z</when>
        <gx:coord>11.556306 50.73494 841.83734</gx:coord>
        <when>2026-01-01T00:44:03.1167620Z</when>
        <gx:coord>11.557485 50.73714 836.1437</gx:coord>
        <when>2026-01-01T00:44:08.1017620Z</when>
        <gx:coord>11.558865 50.739307 832.46826</gx:coord>
        <when>2026-01-01T00:44:13.0917620Z</when>
        <gx:coord>11.560316 50.741467 830.517</gx:coord>
        <when>2026-01-01T00:44:13.1187620Z</when>
        <gx:coord>11.560316 50.741467 830.4024</gx:coord>
        <when>2026-01-01T00:44:18.1207620Z</when>
        <gx:coord>11.561697 50.743668 829.0898</gx:coord>
        <when>2026-01-01T00:44:23.1187620Z</when>
        <gx:coord>11.563059 50.74586 830.1646</gx:coord>
        <when>2026-01-01T00:44:28.1187620Z</when>
        <gx:coord>11.564334 50.74804 832.4653</gx:coord>
        <when>2026-01-01T00:44:33.0947620Z</when>
        <gx:coord>11.565611 50.75019 831.10565</gx:coord>
        <when>2026-01-01T00:44:38.0877620Z</when>
        <gx:coord>11.56679 50.75238 824.82684</gx:coord>
        <when>2026-01-01T00:44:38.1147620Z</when>
        <gx:coord>11.56679 50.75238 824.82684</gx:coord>
        <when>2026-01-01T00:44:43.1067620Z</when>
        <gx:coord>11.56795 50.75459 824.9018</gx:coord>
        <when>2026-01-01T00:44:48.1157620Z</when>
        <gx:coord>11.569169 50.75676 825.4735</gx:coord>
        <when>2026-01-01T00:44:49.0907620Z</when>
        <gx:coord>11.569408 50.75719 825.4735</gx:coord>
        <when>2026-01-01T00:44:53.1157620Z</when>
        <gx:coord>11.57036 50.758915 825.1678</gx:coord>
        <when>2026-01-01T00:44:58.1137620Z</when>
        <gx:coord>11.571619 50.761078 820.5859</gx:coord>
        <when>2026-01-01T00:45:03.1177620Z</when>
        <gx:coord>11.572943 50.763252 811.61945</gx:coord>
        <when>2026-01-01T00:45:08.1067620Z</when>
        <gx:coord>11.574379 50.765446 802.9045</gx:coord>
        <when>2026-01-01T00:45:13.1087620Z</when>
        <gx:coord>11.57586 50.767666 803.88</gx:coord>
        <when>2026-01-01T00:45:18.1077620Z</when>
        <gx:coord>11.577209 50.76985 811.567</gx:coord>
        <when>2026-01-01T00:45:23.1137620Z</when>
        <gx:coord>11.578458 50.77202 815.0739</gx:coord>
        <when>2026-01-01T00:45:25.0917620Z</when>
        <gx:coord>11.578956 50.77288 816.0819</gx:coord>
        <when>2026-01-01T00:45:28.1207620Z</when>
        <gx:coord>11.579728 50.774166 816.03253</gx:coord>
        <when>2026-01-01T00:45:33.1177620Z</when>
        <gx:coord>11.581082 50.77629 816.16785</gx:coord>
        <when>2026-01-01T00:45:38.0947620Z</when>
        <gx:coord>11.582481 50.778378 819.55396</gx:coord>
        <when>2026-01-01T00:45:43.1097620Z</when>
        <gx:coord>11.583753 50.780476 820.65283</gx:coord>
        <when>2026-01-01T00:45:48.0947620Z</when>
        <gx:coord>11.584883 50.782623 817.73785</gx:coord>
        <when>2026-01-01T00:45:53.1007620Z</when>
        <gx:coord>11.586084 50.7848 811.4937</gx:coord>
        <when>2026-01-01T00:45:58.1017620Z</when>
        <gx:coord>11.587309 50.78699 813.368</gx:coord>
        <when>2026-01-01T00:46:02.0937620Z</when>
        <gx:coord>11.588302 50.788734 815.17163</gx:coord>
        <when>2026-01-01T00:46:03.1157620Z</when>
        <gx:coord>11.588541 50.78917 815.35803</gx:coord>
        <when>2026-01-01T00:46:08.1127620Z</when>
        <gx:coord>11.589702 50.791355 814.2264</gx:coord>
        <when>2026-01-01T00:46:13.1177620Z</when>
        <gx:coord>11.590836 50.793533 814.09314</gx:coord>
        <when>2026-01-01T00:46:18.1107620Z</when>
        <gx:coord>11.5919075 50.7957 815.1351</gx:coord>
        <when>2026-01-01T00:46:23.1047620Z</when>
        <gx:coord>11.592938 50.79787 811.4024</gx:coord>
        <when>2026-01-01T00:46:39.0867620Z</when>
        <gx:coord>11.595972 50.804966 810.4287</gx:coord>
        <when>2026-01-01T00:46:44.0807620Z</when>
        <gx:coord>11.596601 50.806717 822.2476</gx:coord>
        <when>2026-01-01T00:46:55.2067620Z</when>
        <gx:coord>11.598292 50.811947 844.71295</gx:coord>
        <when>2026-01-01T00:47:00.2067620Z</when>
        <gx:coord>11.599042 50.814137 835.8562</gx:coord>
        <when>2026-01-01T00:47:05.2077620Z</when>
        <gx:coord>11.600061 50.816326 835.77264</gx:coord>
        <when>2026-01-01T00:47:10.2077620Z</when>
        <gx:coord>11.60124 50.818516 831.866</gx:coord>
        <when>2026-01-01T00:47:15.2077620Z</when>
        <gx:coord>11.602452 50.820736 827.69586</gx:coord>
        <when>2026-01-01T00:47:16.0897620Z</when>
        <gx:coord>11.602695 50.821182 827.69586</gx:coord>
        <when>2026-01-01T00:47:20.2077620Z</when>
        <gx:coord>11.603672 50.822964 828.8165</gx:coord>
        <when>2026-01-01T00:47:25.2077620Z</when>
        <gx:coord>11.604865 50.825214 820.4356</gx:coord>
        <when>2026-01-01T00:47:30.2077620Z</when>
        <gx:coord>11.606105 50.82745 821.1432</gx:coord>
        <when>2026-01-01T00:47:33.0867620Z</when>
        <gx:coord>11.60664 50.828327 820.7764</gx:coord>
        <when>2026-01-01T00:47:49.9977620Z</when>
        <gx:coord>11.612135 50.83554 804.9745</gx:coord>
        <when>2026-01-01T00:47:52.0897620Z</when>
        <gx:coord>11.61322 50.8368 807.013</gx:coord>
        <when>2026-01-01T00:47:54.9987620Z</when>
        <gx:coord>11.613906 50.83766 799.81714</gx:coord>
        <when>2026-01-01T00:47:57.0867620Z</when>
        <gx:coord>11.614881 50.83899 792.87396</gx:coord>
        <when>2026-01-01T00:47:59.9987620Z</when>
        <gx:coord>11.615529 50.839893 794.6943</gx:coord>
        <when>2026-01-01T00:48:04.9987620Z</when>
        <gx:coord>11.617022 50.842155 810.57916</gx:coord>
        <when>2026-01-01T00:48:11.0837620Z</when>
        <gx:coord>11.61878 50.84523 825.9737</gx:coord>
        <when>2026-01-01T00:48:28.0887620Z</when>
        <gx:coord>11.622315 50.852837 808.8145</gx:coord>
        <when>2026-01-01T00:48:32.0747620Z</when>
        <gx:coord>11.62282 50.854248 806.9104</gx:coord>
        <when>2026-01-01T00:48:34.6127620Z</when>
        <gx:coord>11.623188 50.855663 805.7663</gx:coord>
        <when>2026-01-01T00:48:39.6137620Z</when>
        <gx:coord>11.623684 50.858017 807.1826</gx:coord>
        <when>2026-01-01T00:48:44.6127620Z</when>
        <gx:coord>11.624316 50.86034 811.2613</gx:coord>
        <when>2026-01-01T00:48:49.6137620Z</when>
        <gx:coord>11.62488 50.862633 818.2056</gx:coord>
        <when>2026-01-01T00:48:54.6137620Z</when>
        <gx:coord>11.62542 50.864902 825.24585</gx:coord>
        <when>2026-01-01T00:48:59.6137620Z</when>
        <gx:coord>11.625897 50.86716 825.6015</gx:coord>
        <when>2026-01-01T00:49:04.0947620Z</when>
        <gx:coord>11.626445 50.869465 818.4554</gx:coord>
        <when>2026-01-01T00:49:04.6137620Z</when>
        <gx:coord>11.626445 50.869465 816.515</gx:coord>
        <when>2026-01-01T00:49:16.3777620Z</when>
        <gx:coord>11.627697 50.875187 800.2802</gx:coord>
        <when>2026-01-01T00:49:21.3787620Z</when>
        <gx:coord>11.628298 50.87761 797.91907</gx:coord>
        <when>2026-01-01T00:49:26.3787620Z</when>
        <gx:coord>11.6290455 50.879986 799.73004</gx:coord>
        <when>2026-01-01T00:49:33.2147620Z</when>
        <gx:coord>11.630103 50.883286 800.76154</gx:coord>
        <when>2026-01-01T00:49:37.0817620Z</when>
        <gx:coord>11.63073 50.885174 795.42084</gx:coord>
        <when>2026-01-01T00:49:38.2157620Z</when>
        <gx:coord>11.630892 50.88565 793.9974</gx:coord>
        <when>2026-01-01T00:49:39.0777620Z</when>
        <gx:coord>11.63105 50.886124 793.9974</gx:coord>
        <when>2026-01-01T00:49:43.2147620Z</when>
        <gx:coord>11.631737 50.88804 787.50793</gx:coord>
        <when>2026-01-01T00:49:48.2157620Z</when>
        <gx:coord>11.632676 50.89042 791.2686</gx:coord>
        <when>2026-01-01T00:49:53.2157620Z</when>
        <gx:coord>11.633661 50.892757 802.56006</gx:coord>
        <when>2026-01-01T00:49:58.2157620Z</when>
        <gx:coord>11.634714 50.895046 808.4021</gx:coord>
        <when>2026-01-01T00:50:03.2157620Z</when>
        <gx:coord>11.635702 50.897354 804.1786</gx:coord>
        <when>2026-01-01T00:50:14.0907620Z</when>
        <gx:coord>11.637996 50.902405 803.7103</gx:coord>
        <when>2026-01-01T00:50:16.5547620Z</when>
        <gx:coord>11.638522 50.9033 807.7247</gx:coord>
        <when>2026-01-01T00:50:21.5547620Z</when>
        <gx:coord>11.639733 50.90553 823.7252</gx:coord>
        <when>2026-01-01T00:50:22.0847620Z</when>
        <gx:coord>11.639968 50.905975 827.2677</gx:coord>
        <when>2026-01-01T00:50:26.5557620Z</when>
        <gx:coord>11.640912 50.907726 836.9558</gx:coord>
        <when>2026-01-01T00:50:31.5557620Z</when>
        <gx:coord>11.642034 50.909878 849.1615</gx:coord>
        <when>2026-01-01T00:50:36.5557620Z</when>
        <gx:coord>11.643212 50.91199 855.9789</gx:coord>
        <when>2026-01-01T00:50:41.5557620Z</when>
        <gx:coord>11.644452 50.914154 844.7961</gx:coord>
        <when>2026-01-01T00:50:46.5557620Z</when>
        <gx:coord>11.6456785 50.91639 835.6094</gx:coord>
        <when>2026-01-01T00:50:50.0927620Z</when>
        <gx:coord>11.646705 50.918182 834.2281</gx:coord>
        <when>2026-01-01T00:50:51.5557620Z</when>
        <gx:coord>11.646968 50.918625 836.3346</gx:coord>
        <when>2026-01-01T00:50:53.0827620Z</when>
        <gx:coord>11.647235 50.919067 837.7835</gx:coord>
        <when>2026-01-01T00:50:56.5557620Z</when>
        <gx:coord>11.648336 50.920788 846.6499</gx:coord>
        <when>2026-01-01T00:51:00.0847620Z</when>
        <gx:coord>11.649399 50.92244 858.303</gx:coord>
        <when>2026-01-01T00:51:01.5557620Z</when>
        <gx:coord>11.64964 50.922848 860.57715</gx:coord>
        <when>2026-01-01T00:51:06.5557620Z</when>
        <gx:coord>11.650792 50.924923 857.8338</gx:coord>
        <when>2026-01-01T00:51:11.5567620Z</when>
        <gx:coord>11.65198 50.927082 847.5136</gx:coord>
        <when>2026-01-01T00:51:16.5567620Z</when>
        <gx:coord>11.65326 50.929287 841.9869</gx:coord>
        <when>2026-01-01T00:51:21.5567620Z</when>
        <gx:coord>11.654473 50.931538 832.2356</gx:coord>
        <when>2026-01-01T00:51:23.0837620Z</when>
        <gx:coord>11.654918 50.932457 827.4297</gx:coord>
        <when>2026-01-01T00:51:26.5567620Z</when>
        <gx:coord>11.655544 50.933853 824.70935</gx:coord>
        <when>2026-01-01T00:51:27.0887620Z</when>
        <gx:coord>11.655765 50.93431 824.70935</gx:coord>
        <when>2026-01-01T00:51:31.5567620Z</when>
        <gx:coord>11.65675 50.93613 816.54895</gx:coord>
        <when>2026-01-01T00:51:36.5567620Z</when>
        <gx:coord>11.6580305 50.938435 805.4544</gx:coord>
        <when>2026-01-01T00:51:41.0857620Z</when>
        <gx:coord>11.659434 50.940742 795.2978</gx:coord>
        <when>2026-01-01T00:51:41.5567620Z</when>
        <gx:coord>11.659434 50.940742 795.2978</gx:coord>
        <when>2026-01-01T00:51:46.5567620Z</when>
        <gx:coord>11.660961 50.943 796.35815</gx:coord>
        <when>2026-01-01T00:51:51.5577620Z</when>
        <gx:coord>11.66249 50.945194 800.7519</gx:coord>
        <when>2026-01-01T00:51:56.5577620Z</when>
        <gx:coord>11.664013 50.94738 803.3726</gx:coord>
        <when>2026-01-01T00:52:01.5577620Z</when>
        <gx:coord>11.665352 50.94964 807.14484</gx:coord>
        <when>2026-01-01T00:52:02.0987620Z</when>
        <gx:coord>11.66562 50.950092 807.14484</gx:coord>
        <when>2026-01-01T00:52:06.5577620Z</when>
        <gx:coord>11.66662 50.95191 819.305</gx:coord>
        <when>2026-01-01T00:52:09.0837620Z</when>
        <gx:coord>11.667383 50.95326 826.9793</gx:coord>
        <when>2026-01-01T00:52:11.5577620Z</when>
        <gx:coord>11.667881 50.954163 829.3908</gx:coord>
        <when>2026-01-01T00:52:16.5577620Z</when>
        <gx:coord>11.669083 50.956448 823.1563</gx:coord>
        <when>2026-01-01T00:52:21.5577620Z</when>
        <gx:coord>11.670266 50.958736 819.76184</gx:coord>
        <when>2026-01-01T00:52:26.5707620Z</when>
        <gx:coord>11.671516 50.961006 817.9815</gx:coord>
        <when>2026-01-01T00:52:31.5577620Z</when>
        <gx:coord>11.672824 50.96324 820.56226</gx:coord>
        <when>2026-01-01T00:52:36.5577620Z</when>
        <gx:coord>11.674122 50.96546 819.1928</gx:coord>
        <when>2026-01-01T00:52:37.0907620Z</when>
        <gx:coord>11.674389 50.965904 819.1928</gx:coord>
        <when>2026-01-01T00:52:41.5567620Z</when>
        <gx:coord>11.675432 50.967674 817.036</gx:coord>
        <when>2026-01-01T00:52:46.5577620Z</when>
        <gx:coord>11.676683 50.96991 813.50104</gx:coord>
        <when>2026-01-01T00:52:51.5577620Z</when>
        <gx:coord>11.678058 50.972137 807.2828</gx:coord>
        <when>2026-01-01T00:52:56.5577620Z</when>
        <gx:coord>11.679445 50.97437 803.90533</gx:coord>
        <when>2026-01-01T00:53:01.5577620Z</when>
        <gx:coord>11.680878 50.976654 799.4958</gx:coord>
        <when>2026-01-01T00:53:06.5577620Z</when>
        <gx:coord>11.682307 50.97901 802.9994</gx:coord>
        <when>2026-01-01T00:53:11.5577620Z</when>
        <gx:coord>11.683806 50.981358 808.6258</gx:coord>
        <when>2026-01-01T00:53:12.0947620Z</when>
        <gx:coord>11.684105 50.98182 808.6258</gx:coord>
        <when>2026-01-01T00:53:16.5577620Z</when>
        <gx:coord>11.685292 50.98367 813.4386</gx:coord>
        <when>2026-01-01T00:53:21.5577620Z</when>
        <gx:coord>11.686816 50.985947 814.46454</gx:coord>
        <when>2026-01-01T00:53:26.5577620Z</when>
        <gx:coord>11.688352 50.9882 809.4797</gx:coord>
        <when>2026-01-01T00:53:31.5587620Z</when>
        <gx:coord>11.6900015 50.990433 798.8778</gx:coord>
        <when>2026-01-01T00:53:33.0817620Z</when>
        <gx:coord>11.690701 50.991318 794.43463</gx:coord>
        <when>2026-01-01T00:53:36.5587620Z</when>
        <gx:coord>11.691764 50.992638 790.0297</gx:coord>
        <when>2026-01-01T00:53:41.5587620Z</when>
        <gx:coord>11.693522 50.99483 783.28394</gx:coord>
        <when>2026-01-01T00:53:46.1047620Z</when>
        <gx:coord>11.695372 50.997044 776.3012</gx:coord>
        <when>2026-01-01T00:53:46.5587620Z</when>
        <gx:coord>11.695372 50.997044 772.8603</gx:coord>
        <when>2026-01-01T00:53:50.0837620Z</when>
        <gx:coord>11.696703 50.99888 761.62146</gx:coord>
        <when>2026-01-01T00:53:51.5587620Z</when>
        <gx:coord>11.697012 50.999344 759.06067</gx:coord>
        <when>2026-01-01T00:53:56.5587620Z</when>
        <gx:coord>11.698513 51.001682 748.4105</gx:coord>
        <when>2026-01-01T00:54:01.5587620Z</when>
        <gx:coord>11.700024 51.00397 749.52167</gx:coord>
        <when>2026-01-01T00:54:06.5587620Z</when>
        <gx:coord>11.701534 51.006184 752.0431</gx:coord>
        <when>2026-01-01T00:54:11.5577620Z</when>
        <gx:coord>11.703031 51.008377 744.3839</gx:coord>
        <when>2026-01-01T00:54:16.5587620Z</when>
        <gx:coord>11.704455 51.010582 732.4177</gx:coord>
        <when>2026-01-01T00:54:17.0857620Z</when>
        <gx:coord>11.704731 51.011024 730.96124</gx:coord>
        <when>2026-01-01T00:54:21.0887620Z</when>
        <gx:coord>11.705783 51.01278 728.48535</gx:coord>
        <when>2026-01-01T00:54:21.5587620Z</when>
        <gx:coord>11.705783 51.01278 728.28754</gx:coord>
        <when>2026-01-01T00:54:26.5587620Z</when>
        <gx:coord>11.707017 51.014946 723.8115</gx:coord>
        <when>2026-01-01T00:54:31.5587620Z</when>
        <gx:coord>11.708248 51.01709 725.00916</gx:coord>
        <when>2026-01-01T00:54:36.5587620Z</when>
        <gx:coord>11.709455 51.019215 722.2459</gx:coord>
        <when>2026-01-01T00:54:41.5587620Z</when>
        <gx:coord>11.710826 51.021347 709.3421</gx:coord>
        <when>2026-01-01T00:54:46.5587620Z</when>
        <gx:coord>11.712219 51.02351 717.25366</gx:coord>
        <when>2026-01-01T00:54:51.5597620Z</when>
        <gx:coord>11.713569 51.02566 728.3274</gx:coord>
        <when>2026-01-01T00:54:56.5597620Z</when>
        <gx:coord>11.714951 51.02778 725.1327</gx:coord>
        <when>2026-01-01T00:54:58.0977620Z</when>
        <gx:coord>11.715459 51.028637 726.02386</gx:coord>
        <when>2026-01-01T00:55:01.5587620Z</when>
        <gx:coord>11.716184 51.02993 728.6387</gx:coord>
        <when>2026-01-01T00:55:06.5597620Z</when>
        <gx:coord>11.717315 51.03211 733.1605</gx:coord>
        <when>2026-01-01T00:55:11.5587620Z</when>
        <gx:coord>11.71844 51.03432 735.87445</gx:coord>
        <when>2026-01-01T00:55:16.5597620Z</when>
        <gx:coord>11.719709 51.036533 737.06696</gx:coord>
        <when>2026-01-01T00:55:21.5597620Z</when>
        <gx:coord>11.720928 51.03877 750.70166</gx:coord>
        <when>2026-01-01T00:55:26.0867620Z</when>
        <gx:coord>11.722148 51.041004 762.9569</gx:coord>
        <when>2026-01-01T00:55:26.5597620Z</when>
        <gx:coord>11.722148 51.041004 762.9569</gx:coord>
        <when>2026-01-01T00:55:31.5597620Z</when>
        <gx:coord>11.723378 51.043232 769.7479</gx:coord>
        <when>2026-01-01T00:55:34.0947620Z</when>
        <gx:coord>11.724119 51.04457 773.83685</gx:coord>
        <when>2026-01-01T00:55:36.5597620Z</when>
        <gx:coord>11.724622 51.04546 774.60645</gx:coord>
        <when>2026-01-01T00:55:41.5597620Z</when>
        <gx:coord>11.725885 51.04765 775.3137</gx:coord>
        <when>2026-01-01T00:55:46.5597620Z</when>
        <gx:coord>11.727105 51.049835 774.5661</gx:coord>
        <when>2026-01-01T00:55:51.5587620Z</when>
        <gx:coord>11.728296 51.052017 772.9954</gx:coord>
        <when>2026-01-01T00:55:56.5597620Z</when>
        <gx:coord>11.7295 51.054195 774.875</gx:coord>
        <when>2026-01-01T00:56:01.5597620Z</when>
        <gx:coord>11.730674 51.056362 771.432</gx:coord>
        <when>2026-01-01T00:56:06.5597620Z</when>
        <gx:coord>11.731858 51.058544 766.3004</gx:coord>
        <when>2026-01-01T00:56:10.0967620Z</when>
        <gx:coord>11.732797 51.060307 764.7406</gx:coord>
        <when>2026-01-01T00:56:11.5587620Z</when>
        <gx:coord>11.73303 51.060745 765.07697</gx:coord>
        <when>2026-01-01T00:56:16.5597620Z</when>
        <gx:coord>11.734261 51.062923 766.29553</gx:coord>
        <when>2026-01-01T00:56:21.5597620Z</when>
        <gx:coord>11.735566 51.06507 767.84674</gx:coord>
        <when>2026-01-01T00:56:26.5597620Z</when>
        <gx:coord>11.736915 51.067192 769.1986</gx:coord>
        <when>2026-01-01T00:56:31.5597620Z</when>
        <gx:coord>11.738255 51.069317 776.6389</gx:coord>
        <when>2026-01-01T00:56:36.5597620Z</when>
        <gx:coord>11.739678 51.0714 781.3465</gx:coord>
        <when>2026-01-01T00:56:41.5597620Z</when>
        <gx:coord>11.741166 51.073467 784.7135</gx:coord>
        <when>2026-01-01T00:56:46.5597620Z</when>
        <gx:coord>11.742598 51.075565 779.15216</gx:coord>
        <when>2026-01-01T00:56:47.0927620Z</when>
        <gx:coord>11.742887 51.07599 779.15216</gx:coord>
        <when>2026-01-01T00:56:51.5597620Z</when>
        <gx:coord>11.744112 51.077644 776.792</gx:coord>
        <when>2026-01-01T00:56:56.5597620Z</when>
        <gx:coord>11.745631 51.079674 783.5451</gx:coord>
        <when>2026-01-01T00:57:01.5597620Z</when>
        <gx:coord>11.747107 51.08173 782.20447</gx:coord>
        <when>2026-01-01T00:57:06.5597620Z</when>
        <gx:coord>11.748394 51.083843 781.93756</gx:coord>
        <when>2026-01-01T00:57:11.5597620Z</when>
        <gx:coord>11.749595 51.08602 785.4832</gx:coord>
        <when>2026-01-01T00:57:16.5597620Z</when>
        <gx:coord>11.750819 51.088203 785.4349</gx:coord>
        <when>2026-01-01T00:57:21.5597620Z</when>
        <gx:coord>11.752082 51.09039 771.03076</gx:coord>
        <when>2026-01-01T00:57:24.0937620Z</when>
        <gx:coord>11.752827 51.091724 766.524</gx:coord>
        <when>2026-01-01T00:57:26.5597620Z</when>
        <gx:coord>11.753311 51.09262 762.9163</gx:coord>
        <when>2026-01-01T00:57:31.5597620Z</when>
        <gx:coord>11.754509 51.09487 753.3874</gx:coord>
        <when>2026-01-01T00:57:36.5597620Z</when>
        <gx:coord>11.755779 51.097088 742.68445</gx:coord>
        <when>2026-01-01T00:57:41.5607620Z</when>
        <gx:coord>11.757172 51.09927 737.09906</gx:coord>
        <when>2026-01-01T00:57:46.5607620Z</when>
        <gx:coord>11.758485 51.10145 736.8218</gx:coord>
        <when>2026-01-01T00:57:51.5607620Z</when>
        <gx:coord>11.759747 51.103622 735.00385</gx:coord>
        <when>2026-01-01T00:57:53.0857620Z</when>
        <gx:coord>11.7602625 51.1045 732.1929</gx:coord>
        <when>2026-01-01T00:57:56.5597620Z</when>
        <gx:coord>11.7610445 51.105816 729.81616</gx:coord>
        <when>2026-01-01T00:58:00.0937620Z</when>
        <gx:coord>11.76207 51.107586 734.8493</gx:coord>
        <when>2026-01-01T00:58:01.5607620Z</when>
        <gx:coord>11.7623205 51.108032 737.7851</gx:coord>
        <when>2026-01-01T00:58:06.5607620Z</when>
        <gx:coord>11.7636385 51.110226 741.50684</gx:coord>
        <when>2026-01-01T00:58:11.5597620Z</when>
        <gx:coord>11.765073 51.112457 752.3199</gx:coord>
        <when>2026-01-01T00:58:16.5607620Z</when>
        <gx:coord>11.766582 51.114635 757.7918</gx:coord>
        <when>2026-01-01T00:58:21.5607620Z</when>
        <gx:coord>11.768124 51.116783 753.97064</gx:coord>
        <when>2026-01-01T00:58:26.5597620Z</when>
        <gx:coord>11.769713 51.118942 746.56104</gx:coord>
        <when>2026-01-01T00:58:31.5607620Z</when>
        <gx:coord>11.771314 51.12113 743.07526</gx:coord>
        <when>2026-01-01T00:58:35.0897620Z</when>
        <gx:coord>11.77256 51.12287 743.569</gx:coord>
        <when>2026-01-01T00:58:36.5607620Z</when>
        <gx:coord>11.77287 51.123306 740.6578</gx:coord>
        <when>2026-01-01T00:58:41.5607620Z</when>
        <gx:coord>11.774392 51.125484 738.1362</gx:coord>
        <when>2026-01-01T00:58:46.5607620Z</when>
        <gx:coord>11.775811 51.12766 734.6663</gx:coord>
        <when>2026-01-01T00:58:51.5607620Z</when>
        <gx:coord>11.777217 51.129833 725.7035</gx:coord>
        <when>2026-01-01T00:58:56.5607620Z</when>
        <gx:coord>11.77869 51.132023 718.20044</gx:coord>
        <when>2026-01-01T00:59:01.5607620Z</when>
        <gx:coord>11.780284 51.134235 714.4273</gx:coord>
        <when>2026-01-01T00:59:06.5607620Z</when>
        <gx:coord>11.781841 51.136444 715.5538</gx:coord>
        <when>2026-01-01T00:59:10.0977620Z</when>
        <gx:coord>11.783082 51.138214 716.4084</gx:coord>
        <when>2026-01-01T00:59:11.5597620Z</when>
        <gx:coord>11.783408 51.13864 720.0727</gx:coord>
        <when>2026-01-01T00:59:16.5597620Z</when>
        <gx:coord>11.785076 51.140717 722.1652</gx:coord>
        <when>2026-01-01T00:59:21.5607620Z</when>
        <gx:coord>11.786574 51.142784 723.2469</gx:coord>
        <when>2026-01-01T00:59:26.5607620Z</when>
        <gx:coord>11.787831 51.144836 725.5782</gx:coord>
        <when>2026-01-01T00:59:31.5607620Z</when>
        <gx:coord>11.789063 51.146923 715.218</gx:coord>
        <when>2026-01-01T00:59:36.5607620Z</when>
        <gx:coord>11.790308 51.149044 718.84686</gx:coord>
        <when>2026-01-01T00:59:41.5607620Z</when>
        <gx:coord>11.791526 51.151154 728.66125</gx:coord>
        <when>2026-01-01T00:59:46.5607620Z</when>
        <gx:coord>11.792719 51.153244 736.5409</gx:coord>
        <when>2026-01-01T00:59:47.0907620Z</when>
        <gx:coord>11.792962 51.15366 736.5409</gx:coord>
        <when>2026-01-01T00:59:51.5607620Z</when>
        <gx:coord>11.79395 51.15531 738.9421</gx:coord>
        <when>2026-01-01T00:59:56.5607620Z</when>
        <gx:coord>11.795209 51.15739 733.3359</gx:coord>
        <when>2026-01-01T01:00:01.5607620Z</when>
        <gx:coord>11.796453 51.1595 738.175</gx:coord>
        <when>2026-01-01T01:00:06.5607620Z</when>
        <gx:coord>11.797728 51.161594 741.1261</gx:coord>
        <when>2026-01-01T01:00:11.5607620Z</when>
        <gx:coord>11.798965 51.163715 739.364</gx:coord>
        <when>2026-01-01T01:00:16.5607620Z</when>
        <gx:coord>11.800198 51.16587 736.635</gx:coord>
        <when>2026-01-01T01:00:21.5607620Z</when>
        <gx:coord>11.801415 51.168034 740.4087</gx:coord>
        <when>2026-01-01T01:00:24.0947620Z</when>
        <gx:coord>11.802136 51.169323 742.8003</gx:coord>
        <when>2026-01-01T01:00:26.5607620Z</when>
        <gx:coord>11.802632 51.17018 741.36206</gx:coord>
        <when>2026-01-01T01:00:31.5607620Z</when>
        <gx:coord>11.803856 51.172348 736.11566</gx:coord>
        <when>2026-01-01T01:00:36.5607620Z</when>
        <gx:coord>11.805052 51.174526 737.0637</gx:coord>
        <when>2026-01-01T01:00:41.5607620Z</when>
        <gx:coord>11.806253 51.176655 743.40674</gx:coord>
        <when>2026-01-01T01:00:50.0847620Z</when>
        <gx:coord>11.808406 51.18048 764.53925</gx:coord>
        <when>2026-01-01T01:00:55.2457620Z</when>
        <gx:coord>11.809551 51.182564 772.7616</gx:coord>
        <when>2026-01-01T01:01:00.2467620Z</when>
        <gx:coord>11.810617 51.18464 777.9191</gx:coord>
        <when>2026-01-01T01:01:01.0947620Z</when>
        <gx:coord>11.810838 51.185055 777.9191</gx:coord>
        <when>2026-01-01T01:01:05.2467620Z</when>
        <gx:coord>11.811687 51.186726 775.5479</gx:coord>
        <when>2026-01-01T01:01:10.2467620Z</when>
        <gx:coord>11.812734 51.188847 770.6002</gx:coord>
        <when>2026-01-01T01:01:15.2467620Z</when>
        <gx:coord>11.813828 51.190952 768.7599</gx:coord>
        <when>2026-01-01T01:01:20.2467620Z</when>
        <gx:coord>11.814801 51.193047 768.8055</gx:coord>
        <when>2026-01-01T01:01:25.2467620Z</when>
        <gx:coord>11.815686 51.1952 768.0766</gx:coord>
        <when>2026-01-01T01:01:30.2457620Z</when>
        <gx:coord>11.816622 51.19741 765.97174</gx:coord>
        <when>2026-01-01T01:01:35.2467620Z</when>
        <gx:coord>11.817677 51.199627 758.61053</gx:coord>
        <when>2026-01-01T01:01:39.0937620Z</when>
        <gx:coord>11.81854 51.201427 752.57965</gx:coord>
        <when>2026-01-01T01:01:40.2467620Z</when>
        <gx:coord>11.818764 51.20188 748.3963</gx:coord>
        <when>2026-01-01T01:01:45.2467620Z</when>
        <gx:coord>11.819939 51.204163 744.11487</gx:coord>
        <when>2026-01-01T01:01:50.2467620Z</when>
        <gx:coord>11.821154 51.20642 742.49146</gx:coord>
        <when>2026-01-01T01:01:55.2467620Z</when>
        <gx:coord>11.8224535 51.208656 742.326</gx:coord>
        <when>2026-01-01T01:02:00.2467620Z</when>
        <gx:coord>11.823684 51.21092 754.8152</gx:coord>
        <when>2026-01-01T01:02:05.2467620Z</when>
        <gx:coord>11.824884 51.21316 759.60223</gx:coord>
        <when>2026-01-01T01:02:10.2467620Z</when>
        <gx:coord>11.826181 51.215405 752.8307</gx:coord>
        <when>2026-01-01T01:02:14.0927620Z</when>
        <gx:coord>11.827058 51.2172 752.0838</gx:coord>
        <when>2026-01-01T01:02:15.2467620Z</when>
        <gx:coord>11.827253 51.217655 751.564</gx:coord>
        <when>2026-01-01T01:02:20.2467620Z</when>
        <gx:coord>11.828223 51.219913 746.6965</gx:coord>
        <when>2026-01-01T01:02:25.2467620Z</when>
        <gx:coord>11.829282 51.22216 740.0095</gx:coord>
        <when>2026-01-01T01:02:30.2467620Z</when>
        <gx:coord>11.830516 51.224377 742.1535</gx:coord>
        <when>2026-01-01T01:02:35.2467620Z</when>
        <gx:coord>11.831818 51.226585 746.59985</gx:coord>
        <when>2026-01-01T01:02:40.2467620Z</when>
        <gx:coord>11.833116 51.22882 742.1464</gx:coord>
        <when>2026-01-01T01:02:45.2467620Z</when>
        <gx:coord>11.834444 51.231068 743.1144</gx:coord>
        <when>2026-01-01T01:02:50.0957620Z</when>
        <gx:coord>11.835775 51.23328 747.06616</gx:coord>
        <when>2026-01-01T01:02:50.2467620Z</when>
        <gx:coord>11.835775 51.23328 748.84125</gx:coord>
        <when>2026-01-01T01:02:55.2467620Z</when>
        <gx:coord>11.837083 51.235493 747.0041</gx:coord>
        <when>2026-01-01T01:03:00.2467620Z</when>
        <gx:coord>11.838434 51.23771 741.0587</gx:coord>
        <when>2026-01-01T01:03:04.0887620Z</when>
        <gx:coord>11.839526 51.23949 732.87006</gx:coord>
        <when>2026-01-01T01:03:05.2477620Z</when>
        <gx:coord>11.839815 51.239937 732.57446</gx:coord>
        <when>2026-01-01T01:03:10.2477620Z</when>
        <gx:coord>11.841223 51.242184 737.125</gx:coord>
        <when>2026-01-01T01:03:15.2477620Z</when>
        <gx:coord>11.842692 51.24446 739.9538</gx:coord>
        <when>2026-01-01T01:03:20.2477620Z</when>
        <gx:coord>11.844175 51.24676 739.9167</gx:coord>
        <when>2026-01-01T01:03:25.0947620Z</when>
        <gx:coord>11.845594 51.249054 735.48883</gx:coord>
        <when>2026-01-01T01:03:25.2477620Z</when>
        <gx:coord>11.845594 51.249054 733.3607</gx:coord>
        <when>2026-01-01T01:03:30.2477620Z</when>
        <gx:coord>11.846707 51.25137 727.57556</gx:coord>
        <when>2026-01-01T01:03:35.2477620Z</when>
        <gx:coord>11.847756 51.253704 721.03253</gx:coord>
        <when>2026-01-01T01:03:40.2477620Z</when>
        <gx:coord>11.848875 51.25605 721.88763</gx:coord>
        <when>2026-01-01T01:03:45.2477620Z</when>
        <gx:coord>11.850102 51.258404 721.9019</gx:coord>
        <when>2026-01-01T01:03:50.2477620Z</when>
        <gx:coord>11.851297 51.26077 718.7221</gx:coord>
        <when>2026-01-01T01:03:55.2477620Z</when>
        <gx:coord>11.852463 51.263115 719.1131</gx:coord>
        <when>2026-01-01T01:04:00.0977620Z</when>
        <gx:coord>11.853665 51.265408 715.1112</gx:coord>
        <when>2026-01-01T01:04:00.2467620Z</when>
        <gx:coord>11.853665 51.265408 713.8888</gx:coord>
        <when>2026-01-01T01:04:05.2477620Z</when>
        <gx:coord>11.85483 51.2677 709.7506</gx:coord>
        <when>2026-01-01T01:04:10.2477620Z</when>
        <gx:coord>11.85593 51.26998 703.4823</gx:coord>
        <when>2026-01-01T01:04:15.2477620Z</when>
        <gx:coord>11.857022 51.272232 704.0551</gx:coord>
        <when>2026-01-01T01:04:20.2477620Z</when>
        <gx:coord>11.858214 51.274452 706.80255</gx:coord>
        <when>2026-01-01T01:04:25.2477620Z</when>
        <gx:coord>11.859469 51.27667 704.6727</gx:coord>
        <when>2026-01-01T01:04:27.0867620Z</when>
        <gx:coord>11.860013 51.277557 702.3465</gx:coord>
        <when>2026-01-01T01:04:30.2477620Z</when>
        <gx:coord>11.860832 51.2789 701.2521</gx:coord>
        <when>2026-01-01T01:04:35.2477620Z</when>
        <gx:coord>11.862225 51.281136 697.89087</gx:coord>
        <when>2026-01-01T01:04:36.0967620Z</when>
        <gx:coord>11.862513 51.28158 697.89087</gx:coord>
        <when>2026-01-01T01:04:40.2477620Z</when>
        <gx:coord>11.863621 51.283363 698.1728</gx:coord>
        <when>2026-01-01T01:04:45.2477620Z</when>
        <gx:coord>11.864947 51.28563 687.4039</gx:coord>
        <when>2026-01-01T01:04:50.2477620Z</when>
        <gx:coord>11.866309 51.287945 677.849</gx:coord>
        <when>2026-01-01T01:04:54.0907620Z</when>
        <gx:coord>11.867343 51.28982 671.6479</gx:coord>
        <when>2026-01-01T01:04:55.2477620Z</when>
        <gx:coord>11.867607 51.29029 670.69196</gx:coord>
        <when>2026-01-01T01:05:00.2477620Z</when>
        <gx:coord>11.8689785 51.292637 667.44965</gx:coord>
        <when>2026-01-01T01:05:05.2477620Z</when>
        <gx:coord>11.870352 51.29495 665.4797</gx:coord>
        <when>2026-01-01T01:05:10.2477620Z</when>
        <gx:coord>11.871614 51.297215 667.2082</gx:coord>
        <when>2026-01-01T01:05:11.1007620Z</when>
        <gx:coord>11.871853 51.297665 667.2082</gx:coord>
        <when>2026-01-01T01:05:15.2467620Z</when>
        <gx:coord>11.872857 51.299435 668.8361</gx:coord>
        <when>2026-01-01T01:05:20.2477620Z</when>
        <gx:coord>11.874076 51.301586 672.2885</gx:coord>
        <when>2026-01-01T01:05:25.2477620Z</when>
        <gx:coord>11.8752365 51.303715 669.30084</gx:coord>
        <when>2026-01-01T01:05:30.2477620Z</when>
        <gx:coord>11.876304 51.305878 664.1856</gx:coord>
        <when>2026-01-01T01:05:35.2477620Z</when>
        <gx:coord>11.877373 51.308064 660.0574</gx:coord>
        <when>2026-01-01T01:05:40.2477620Z</when>
        <gx:coord>11.878444 51.310234 660.21234</gx:coord>
        <when>2026-01-01T01:05:45.2477620Z</when>
        <gx:coord>11.879484 51.3124 662.595</gx:coord>
        <when>2026-01-01T01:05:48.0917620Z</when>
        <gx:coord>11.88008 51.31371 662.5577</gx:coord>
        <when>2026-01-01T01:05:50.2477620Z</when>
        <gx:coord>11.88049 51.314587 661.50146</gx:coord>
        <when>2026-01-01T01:05:55.2477620Z</when>
        <gx:coord>11.881637 51.316776 662.4474</gx:coord>
        <when>2026-01-01T01:06:00.2477620Z</when>
        <gx:coord>11.882927 51.318928 665.47955</gx:coord>
        <when>2026-01-01T01:06:05.2477620Z</when>
        <gx:coord>11.884253 51.321087 660.4741</gx:coord>
        <when>2026-01-01T01:06:10.2477620Z</when>
        <gx:coord>11.885596 51.323257 657.3175</gx:coord>
        <when>2026-01-01T01:06:15.2477620Z</when>
        <gx:coord>11.886925 51.325443 658.06195</gx:coord>
        <when>2026-01-01T01:06:20.2497620Z</when>
        <gx:coord>11.88823 51.32764 656.8364</gx:coord>
        <when>2026-01-01T01:06:24.0927620Z</when>
        <gx:coord>11.889316 51.3294 654.1171</gx:coord>
        <when>2026-01-01T01:06:25.2477620Z</when>
        <gx:coord>11.889577 51.32984 653.228</gx:coord>
        <when>2026-01-01T01:06:30.2477620Z</when>
        <gx:coord>11.890706 51.332058 653.97974</gx:coord>
        <when>2026-01-01T01:06:35.2477620Z</when>
        <gx:coord>11.8918085 51.334274 648.03876</gx:coord>
        <when>2026-01-01T01:06:40.2477620Z</when>
        <gx:coord>11.892925 51.336487 644.41345</gx:coord>
        <when>2026-01-01T01:06:45.2477620Z</when>
        <gx:coord>11.894043 51.33867 650.01074</gx:coord>
        <when>2026-01-01T01:06:50.2477620Z</when>
        <gx:coord>11.89522 51.34086 660.4972</gx:coord>
        <when>2026-01-01T01:06:55.2477620Z</when>
        <gx:coord>11.896458 51.343 662.23157</gx:coord>
        <when>2026-01-01T01:07:00.2477620Z</when>
        <gx:coord>11.897765 51.345135 658.2157</gx:coord>
        <when>2026-01-01T01:07:01.0907620Z</when>
        <gx:coord>11.898037 51.345562 658.2157</gx:coord>
        <when>2026-01-01T01:07:05.2477620Z</when>
        <gx:coord>11.899103 51.34727 654.79047</gx:coord>
        <when>2026-01-01T01:07:10.2477620Z</when>
        <gx:coord>11.90035 51.34938 654.9269</gx:coord>
        <when>2026-01-01T01:07:15.2477620Z</when>
        <gx:coord>11.901485 51.351498 658.4619</gx:coord>
        <when>2026-01-01T01:07:20.2477620Z</when>
        <gx:coord>11.902658 51.353607 661.90436</gx:coord>
        <when>2026-01-01T01:07:25.2477620Z</when>
        <gx:coord>11.903792 51.35578 667.8532</gx:coord>
        <when>2026-01-01T01:07:30.2477620Z</when>
        <gx:coord>11.904922 51.357975 673.5999</gx:coord>
        <when>2026-01-01T01:07:35.2477620Z</when>
        <gx:coord>11.905961 51.3602 673.6773</gx:coord>
        <when>2026-01-01T01:07:38.0947620Z</when>
        <gx:coord>11.906582 51.361523 675.6268</gx:coord>
        <when>2026-01-01T01:07:40.2477620Z</when>
        <gx:coord>11.906945 51.362408 677.2926</gx:coord>
        <when>2026-01-01T01:07:45.2477620Z</when>
        <gx:coord>11.907722 51.36464 675.2628</gx:coord>
        <when>2026-01-01T01:07:50.2477620Z</when>
        <gx:coord>11.908731 51.366863 665.9676</gx:coord>
        <when>2026-01-01T01:07:55.2467620Z</when>
        <gx:coord>11.909954 51.369102 656.60583</gx:coord>
        <when>2026-01-01T01:08:00.2477620Z</when>
        <gx:coord>11.911189 51.371387 645.4451</gx:coord>
        <when>2026-01-01T01:08:05.2477620Z</when>
        <gx:coord>11.912526 51.373657 643.6068</gx:coord>
        <when>2026-01-01T01:08:10.2477620Z</when>
        <gx:coord>11.913754 51.375896 641.7803</gx:coord>
        <when>2026-01-01T01:08:14.0947620Z</when>
        <gx:coord>11.914622 51.377663 641.43976</gx:coord>
        <when>2026-01-01T01:08:15.0847620Z</when>
        <gx:coord>11.914838 51.378098 641.16156</gx:coord>
        <when>2026-01-01T01:08:15.2477620Z</when>
        <gx:coord>11.914838 51.378098 641.16156</gx:coord>
        <when>2026-01-01T01:08:20.2477620Z</when>
        <gx:coord>11.91586 51.38029 634.46643</gx:coord>
        <when>2026-01-01T01:08:25.2477620Z</when>
        <gx:coord>11.916878 51.38253 619.1691</gx:coord>
        <when>2026-01-01T01:08:28.0877620Z</when>
        <gx:coord>11.917514 51.383892 610.1627</gx:coord>
        <when>2026-01-01T01:08:30.2477620Z</when>
        <gx:coord>11.917942 51.3848 607.8733</gx:coord>
        <when>2026-01-01T01:08:35.2477620Z</when>
        <gx:coord>11.919084 51.38703 602.93414</gx:coord>
        <when>2026-01-01T01:08:40.2477620Z</when>
        <gx:coord>11.92023 51.389282 592.45154</gx:coord>
        <when>2026-01-01T01:08:45.2477620Z</when>
        <gx:coord>11.921401 51.391544 582.4091</gx:coord>
        <when>2026-01-01T01:08:48.0847620Z</when>
        <gx:coord>11.922144 51.392906 578.967</gx:coord>
        <when>2026-01-01T01:08:50.0927620Z</when>
        <gx:coord>11.9226465 51.393818 576.74</gx:coord>
        <when>2026-01-01T01:08:50.2477620Z</when>
        <gx:coord>11.9226465 51.393818 574.4478</gx:coord>
        <when>2026-01-01T01:08:55.2467620Z</when>
        <gx:coord>11.923906 51.396103 567.1503</gx:coord>
        <when>2026-01-01T01:09:00.2477620Z</when>
        <gx:coord>11.9251795 51.39836 564.14526</gx:coord>
        <when>2026-01-01T01:09:05.2477620Z</when>
        <gx:coord>11.926582 51.40061 561.03546</gx:coord>
        <when>2026-01-01T01:09:10.2477620Z</when>
        <gx:coord>11.927969 51.40286 554.7167</gx:coord>
        <when>2026-01-01T01:09:15.0837620Z</when>
        <gx:coord>11.929363 51.405098 548.4321</gx:coord>
        <when>2026-01-01T01:09:15.2477620Z</when>
        <gx:coord>11.929363 51.405098 548.4321</gx:coord>
        <when>2026-01-01T01:09:20.2477620Z</when>
        <gx:coord>11.930732 51.407322 545.27747</gx:coord>
        <when>2026-01-01T01:09:25.0897620Z</when>
        <gx:coord>11.932076 51.409527 543.2129</gx:coord>
        <when>2026-01-01T01:09:25.2477620Z</when>
        <gx:coord>11.932076 51.409527 543.39514</gx:coord>
        <when>2026-01-01T01:09:30.2477620Z</when>
        <gx:coord>11.933323 51.411716 543.01544</gx:coord>
        <when>2026-01-01T01:09:35.2477620Z</when>
        <gx:coord>11.934476 51.413933 539.6545</gx:coord>
        <when>2026-01-01T01:09:40.2477620Z</when>
        <gx:coord>11.935521 51.4162 529.5241</gx:coord>
        <when>2026-01-01T01:09:45.2477620Z</when>
        <gx:coord>11.936632 51.41851 534.4429</gx:coord>
        <when>2026-01-01T01:09:50.2477620Z</when>
        <gx:coord>11.937956 51.420742 533.9204</gx:coord>
        <when>2026-01-01T01:09:55.2477620Z</when>
        <gx:coord>11.939234 51.42296 524.737</gx:coord>
        <when>2026-01-01T01:09:59.0797620Z</when>
        <gx:coord>11.940307 51.424736 516.1616</gx:coord>
        <when>2026-01-01T01:10:00.2477620Z</when>
        <gx:coord>11.940581 51.425182 514.6913</gx:coord>
        <when>2026-01-01T01:10:01.0877620Z</when>
        <gx:coord>11.940859 51.425625 514.6913</gx:coord>
        <when>2026-01-01T01:10:05.2477620Z</when>
        <gx:coord>11.941956 51.427372 517.3421</gx:coord>
        <when>2026-01-01T01:10:10.2477620Z</when>
        <gx:coord>11.943127 51.429504 520.3516</gx:coord>
        <when>2026-01-01T01:10:15.2477620Z</when>
        <gx:coord>11.944265 51.431595 514.8694</gx:coord>
        <when>2026-01-01T01:10:20.2487620Z</when>
        <gx:coord>11.945574 51.433674 512.8194</gx:coord>
        <when>2026-01-01T01:10:25.2477620Z</when>
        <gx:coord>11.946861 51.435757 519.4823</gx:coord>
        <when>2026-01-01T01:10:30.2477620Z</when>
        <gx:coord>11.948015 51.437843 530.79645</gx:coord>
        <when>2026-01-01T01:10:35.2477620Z</when>
        <gx:coord>11.949192 51.43993 532.47345</gx:coord>
        <when>2026-01-01T01:10:39.0927620Z</when>
        <gx:coord>11.950189 51.441555 533.3241</gx:coord>
        <when>2026-01-01T01:10:40.2477620Z</when>
        <gx:coord>11.950438 51.44196 533.6416</gx:coord>
        <when>2026-01-01T01:10:45.2477620Z</when>
        <gx:coord>11.951654 51.444004 529.94855</gx:coord>
        <when>2026-01-01T01:10:50.2477620Z</when>
        <gx:coord>11.952905 51.44611 530.61053</gx:coord>
        <when>2026-01-01T01:10:55.2477620Z</when>
        <gx:coord>11.954307 51.448177 535.53973</gx:coord>
        <when>2026-01-01T01:11:00.2477620Z</when>
        <gx:coord>11.955708 51.45023 538.03925</gx:coord>
        <when>2026-01-01T01:11:05.2477620Z</when>
        <gx:coord>11.956933 51.452297 538.6989</gx:coord>
        <when>2026-01-01T01:11:10.2487620Z</when>
        <gx:coord>11.958118 51.45434 540.3063</gx:coord>
        <when>2026-01-01T01:11:15.2487620Z</when>
        <gx:coord>11.959203 51.456383 540.5843</gx:coord>
        <when>2026-01-01T01:11:17.0917620Z</when>
        <gx:coord>11.959694 51.45718 541.38995</gx:coord>
        <when>2026-01-01T01:11:20.2487620Z</when>
        <gx:coord>11.960493 51.458355 544.0389</gx:coord>
        <when>2026-01-01T01:11:25.2487620Z</when>
        <gx:coord>11.96188 51.46035 538.0563</gx:coord>
        <when>2026-01-01T01:11:30.2487620Z</when>
        <gx:coord>11.963276 51.46243 542.7617</gx:coord>
        <when>2026-01-01T01:11:35.2487620Z</when>
        <gx:coord>11.964578 51.46449 543.6891</gx:coord>
        <when>2026-01-01T01:11:40.2477620Z</when>
        <gx:coord>11.965914 51.466507 539.1342</gx:coord>
        <when>2026-01-01T01:11:45.2477620Z</when>
        <gx:coord>11.967316 51.46849 532.0081</gx:coord>
        <when>2026-01-01T01:11:50.2487620Z</when>
        <gx:coord>11.968656 51.4705 523.9473</gx:coord>
        <when>2026-01-01T01:11:55.2487620Z</when>
        <gx:coord>11.96983 51.47252 522.49713</gx:coord>
        <when>2026-01-01T01:11:56.0917620Z</when>
        <gx:coord>11.970056 51.47292 522.49713</gx:coord>
        <when>2026-01-01T01:12:00.2487620Z</when>
        <gx:coord>11.970946 51.474525 520.68</gx:coord>
        <when>2026-01-01T01:12:05.2487620Z</when>
        <gx:coord>11.972055 51.476597 517.559</gx:coord>
        <when>2026-01-01T01:12:10.2487620Z</when>
        <gx:coord>11.973405 51.47866 516.00275</gx:coord>
        <when>2026-01-01T01:12:14.0857620Z</when>
        <gx:coord>11.974765 51.48025 515.0351</gx:coord>
        <when>2026-01-01T01:12:15.2487620Z</when>
        <gx:coord>11.97513 51.480648 513.9113</gx:coord>
        <when>2026-01-01T01:12:17.0877620Z</when>
        <gx:coord>11.975512 51.481037 512.5522</gx:coord>
        <when>2026-01-01T01:12:20.2487620Z</when>
        <gx:coord>11.977146 51.482574 503.3965</gx:coord>
        <when>2026-01-01T01:12:25.2487620Z</when>
        <gx:coord>11.979248 51.484478 492.95407</gx:coord>
        <when>2026-01-01T01:12:30.2477620Z</when>
        <gx:coord>11.981211 51.4864 490.88724</gx:coord>
        <when>2026-01-01T01:12:34.1077620Z</when>
        <gx:coord>11.982698 51.48793 495.8886</gx:coord>
        <when>2026-01-01T01:12:35.2487620Z</when>
        <gx:coord>11.983071 51.488304 497.91718</gx:coord>
        <when>2026-01-01T01:12:40.2487620Z</when>
        <gx:coord>11.984908 51.490192 499.7729</gx:coord>
        <when>2026-01-01T01:12:45.2487620Z</when>
        <gx:coord>11.986716 51.492073 499.72708</gx:coord>
        <when>2026-01-01T01:12:50.2487620Z</when>
        <gx:coord>11.988551 51.49399 491.6262</gx:coord>
        <when>2026-01-01T01:12:55.2477620Z</when>
        <gx:coord>11.99035 51.495983 489.2483</gx:coord>
        <when>2026-01-01T01:12:58.0817620Z</when>
        <gx:coord>11.991433 51.4972 484.30298</gx:coord>
        <when>2026-01-01T01:13:00.2477620Z</when>
        <gx:coord>11.992151 51.49801 481.02948</gx:coord>
        <when>2026-01-01T01:13:05.2487620Z</when>
        <gx:coord>11.993908 51.499996 478.6725</gx:coord>
        <when>2026-01-01T01:13:10.2487620Z</when>
        <gx:coord>11.995569 51.50198 466.6007</gx:coord>
        <when>2026-01-01T01:13:12.0907620Z</when>
        <gx:coord>11.996244 51.50277 463.3001</gx:coord>
        <when>2026-01-01T01:13:14.0837620Z</when>
        <gx:coord>11.99692 51.50357 452.9295</gx:coord>
        <when>2026-01-01T01:13:15.2487620Z</when>
        <gx:coord>11.99726 51.50397 449.34833</gx:coord>
        <when>2026-01-01T01:13:20.2487620Z</when>
        <gx:coord>11.998963 51.50598 440.41202</gx:coord>
        <when>2026-01-01T01:13:25.2487620Z</when>
        <gx:coord>12.0006895 51.508 447.04504</gx:coord>
        <when>2026-01-01T01:13:30.2487620Z</when>
        <gx:coord>12.002497 51.509995 448.33624</gx:coord>
        <when>2026-01-01T01:13:35.2487620Z</when>
        <gx:coord>12.004071 51.512005 449.58163</gx:coord>
        <when>2026-01-01T01:13:40.2487620Z</when>
        <gx:coord>12.00565 51.513927 447.90854</gx:coord>
        <when>2026-01-01T01:13:45.2487620Z</when>
        <gx:coord>12.007482 51.515686 444.13892</gx:coord>
        <when>2026-01-01T01:13:50.0907620Z</when>
        <gx:coord>12.009585 51.51732 445.3483</gx:coord>
        <when>2026-01-01T01:13:50.2487620Z</when>
        <gx:coord>12.009585 51.51732 444.7869</gx:coord>
        <when>2026-01-01T01:13:51.0877620Z</when>
        <gx:coord>12.009585 51.51732 444.7869</gx:coord>
        <when>2026-01-01T01:13:55.2487620Z</when>
        <gx:coord>12.011972 51.51891 440.47995</gx:coord>
        <when>2026-01-01T01:14:00.1087620Z</when>
        <gx:coord>12.014544 51.52046 420.46356</gx:coord>
        <when>2026-01-01T01:14:00.2487620Z</when>
        <gx:coord>12.014544 51.52046 420.46356</gx:coord>
        <when>2026-01-01T01:14:05.2487620Z</when>
        <gx:coord>12.017393 51.52191 397.95996</gx:coord>
        <when>2026-01-01T01:14:06.0897620Z</when>
        <gx:coord>12.017393 51.52191 397.95996</gx:coord>
        <when>2026-01-01T01:14:08.0847620Z</when>
        <gx:coord>12.019219 51.52273 389.14203</gx:coord>
        <when>2026-01-01T01:14:10.2487620Z</when>
        <gx:coord>12.02048 51.523243 384.76205</gx:coord>
        <when>2026-01-01T01:14:15.2487620Z</when>
        <gx:coord>12.023654 51.52443 381.72278</gx:coord>
        <when>2026-01-01T01:14:19.0867620Z</when>
        <gx:coord>12.02558 51.52509 377.30554</gx:coord>
        <when>2026-01-01T01:14:20.2487620Z</when>
        <gx:coord>12.026882 51.525513 375.84686</gx:coord>
        <when>2026-01-01T01:14:25.2487620Z</when>
        <gx:coord>12.030021 51.52668 368.42206</gx:coord>
        <when>2026-01-01T01:14:27.0917620Z</when>
        <gx:coord>12.031228 51.527172 369.38126</gx:coord>
        <when>2026-01-01T01:14:30.2487620Z</when>
        <gx:coord>12.033012 51.527912 371.91315</gx:coord>
        <when>2026-01-01T01:14:35.2487620Z</when>
        <gx:coord>12.035927 51.52912 379.998</gx:coord>
        <when>2026-01-01T01:14:40.2487620Z</when>
        <gx:coord>12.038837 51.530254 384.575</gx:coord>
        <when>2026-01-01T01:14:45.0887620Z</when>
        <gx:coord>12.041335 51.53091 382.6999</gx:coord>
        <when>2026-01-01T01:14:45.2487620Z</when>
        <gx:coord>12.041991 51.531025 380.45364</gx:coord>
        <when>2026-01-01T01:14:48.0897620Z</when>
        <gx:coord>12.043339 51.53117 375.93817</gx:coord>
        <when>2026-01-01T01:14:50.2487620Z</when>
        <gx:coord>12.045395 51.53122 377.53802</gx:coord>
        <when>2026-01-01T01:14:52.0897620Z</when>
        <gx:coord>12.046069 51.531197 377.2415</gx:coord>
        <when>2026-01-01T01:14:53.0857620Z</when>
        <gx:coord>12.046732 51.531155 376.55792</gx:coord>
        <when>2026-01-01T01:14:55.2487620Z</when>
        <gx:coord>12.048657 51.53091 376.43835</gx:coord>
        <when>2026-01-01T01:14:56.0877620Z</when>
        <gx:coord>12.048657 51.53091 376.43835</gx:coord>
        <when>2026-01-01T01:15:00.2487620Z</when>
        <gx:coord>12.051696 51.53023 370.5175</gx:coord>
        <when>2026-01-01T01:15:05.2487620Z</when>
        <gx:coord>12.054852 51.529644 365.64795</gx:coord>
        <when>2026-01-01T01:15:10.0887620Z</when>
        <gx:coord>12.058066 51.52907 359.6608</gx:coord>
        <when>2026-01-01T01:15:10.0887620Z</when>
        <gx:coord>12.058066 51.52907 357.46957</gx:coord>
        <when>2026-01-01T01:15:10.2487620Z</when>
        <gx:coord>12.058066 51.52907 357.46957</gx:coord>
        <when>2026-01-01T01:15:15.2487620Z</when>
        <gx:coord>12.061249 51.528522 353.56537</gx:coord>
        <when>2026-01-01T01:15:20.2487620Z</when>
        <gx:coord>12.064364 51.528084 348.61865</gx:coord>
        <when>2026-01-01T01:15:25.2477620Z</when>
        <gx:coord>12.067358 51.52768 346.25192</gx:coord>
        <when>2026-01-01T01:15:28.0847620Z</when>
        <gx:coord>12.068521 51.527527 344.26642</gx:coord>
        <when>2026-01-01T01:15:30.2487620Z</when>
        <gx:coord>12.070189 51.52722 342.13397</gx:coord>
        <when>2026-01-01T01:15:34.0877620Z</when>
        <gx:coord>12.07189 51.527016 341.65332</gx:coord>
        <when>2026-01-01T01:15:35.2487620Z</when>
        <gx:coord>12.073028 51.5271 343.8864</gx:coord>
        <when>2026-01-01T01:15:36.0857620Z</when>
        <gx:coord>12.073028 51.5271 343.8864</gx:coord>
        <when>2026-01-01T01:15:38.0877620Z</when>
        <gx:coord>12.074043 51.52737 344.2961</gx:coord>
        <when>2026-01-01T01:15:40.2487620Z</when>
        <gx:coord>12.075353 51.527996 337.3736</gx:coord>
        <when>2026-01-01T01:15:41.0907620Z</when>
        <gx:coord>12.075353 51.527996 337.3736</gx:coord>
        <when>2026-01-01T01:15:44.0887620Z</when>
        <gx:coord>12.076985 51.529022 326.80124</gx:coord>
        <when>2026-01-01T01:15:45.2487620Z</when>
        <gx:coord>12.077383 51.529297 325.2639</gx:coord>
        <when>2026-01-01T01:15:49.0867620Z</when>
        <gx:coord>12.078503 51.53016 322.78876</gx:coord>
        <when>2026-01-01T01:15:50.2487620Z</when>
        <gx:coord>12.079188 51.530754 317.93378</gx:coord>
        <when>2026-01-01T01:15:55.2487620Z</when>
        <gx:coord>12.080791 51.532257 303.97546</gx:coord>
        <when>2026-01-01T01:16:00.0887620Z</when>
        <gx:coord>12.082245 51.533756 294.53363</gx:coord>
        <when>2026-01-01T01:16:00.2487620Z</when>
        <gx:coord>12.082245 51.533756 294.53363</gx:coord>
        <when>2026-01-01T01:16:04.0917620Z</when>
        <gx:coord>12.083361 51.53495 290.32086</gx:coord>
        <when>2026-01-01T01:16:05.2487620Z</when>
        <gx:coord>12.083626 51.535244 289.34448</gx:coord>
        <when>2026-01-01T01:16:10.2487620Z</when>
        <gx:coord>12.084842 51.536697 282.4469</gx:coord>
        <when>2026-01-01T01:16:12.0897620Z</when>
        <gx:coord>12.085077 51.536987 282.25604</gx:coord>
        <when>2026-01-01T01:16:15.2487620Z</when>
        <gx:coord>12.085902 51.5382 290.6789</gx:coord>
        <when>2026-01-01T01:16:19.1057620Z</when>
        <gx:coord>12.086414 51.539112 296.63925</gx:coord>
        <when>2026-01-01T01:16:19.1057620Z</when>
        <gx:coord>12.086414 51.539112 296.63925</gx:coord>
        <when>2026-01-01T01:16:20.2477620Z</when>
        <gx:coord>12.086595 51.53974 298.43445</gx:coord>
        <when>2026-01-01T01:16:22.0907620Z</when>
        <gx:coord>12.086628 51.54006 298.5947</gx:coord>
        <when>2026-01-01T01:16:23.0877620Z</when>
        <gx:coord>12.086618 51.54038 299.27945</gx:coord>
        <when>2026-01-01T01:16:25.0887620Z</when>
        <gx:coord>12.0864525 51.541004 298.05487</gx:coord>
        <when>2026-01-01T01:16:25.2487620Z</when>
        <gx:coord>12.086294 51.541306 297.07065</gx:coord>
        <when>2026-01-01T01:16:27.0847620Z</when>
        <gx:coord>12.086085 51.541588 295.1167</gx:coord>
        <when>2026-01-01T01:16:30.0877620Z</when>
        <gx:coord>12.085289 51.542355 284.0927</gx:coord>
        <when>2026-01-01T01:16:30.2487620Z</when>
        <gx:coord>12.08496 51.542583 280.1525</gx:coord>
        <when>2026-01-01T01:16:34.0897620Z</when>
        <gx:coord>12.083873 51.543232 268.19385</gx:coord>
        <when>2026-01-01T01:16:34.0907620Z</when>
        <gx:coord>12.083478 51.543427 264.02185</gx:coord>
        <when>2026-01-01T01:16:35.2487620Z</when>
        <gx:coord>12.0830765 51.543613 259.3718</gx:coord>
        <when>2026-01-01T01:16:40.2487620Z</when>
        <gx:coord>12.08102 51.54453 244.47221</gx:coord>
        <when>2026-01-01T01:16:42.0867620Z</when>
        <gx:coord>12.080582 51.54468 242.9489</gx:coord>
        <when>2026-01-01T01:16:45.0877620Z</when>
        <gx:coord>12.078756 51.545216 233.06027</gx:coord>
        <when>2026-01-01T01:16:45.2487620Z</when>
        <gx:coord>12.078756 51.545216 233.06027</gx:coord>
        <when>2026-01-01T01:16:50.2487620Z</when>
        <gx:coord>12.076507 51.545876 217.06956</gx:coord>
        <when>2026-01-01T01:16:55.2477620Z</when>
        <gx:coord>12.074317 51.546516 203.50003</gx:coord>
        <when>2026-01-01T01:16:56.0857620Z</when>
        <gx:coord>12.073887 51.546642 200.99365</gx:coord>
        <when>2026-01-01T01:17:00.2487620Z</when>
        <gx:coord>12.072204 51.547153 186.68474</gx:coord>
        <when>2026-01-01T01:17:05.2487620Z</when>
        <gx:coord>12.070148 51.547756 171.37137</gx:coord>
        <when>2026-01-01T01:17:06.0907620Z</when>
        <gx:coord>12.069745 51.54787 168.9465</gx:coord>
        <when>2026-01-01T01:17:10.0887620Z</when>
        <gx:coord>12.068549 51.54821 162.13123</gx:coord>
        <when>2026-01-01T01:17:10.2487620Z</when>
        <gx:coord>12.068153 51.548325 160.09532</gx:coord>
        <when>2026-01-01T01:17:12.0927620Z</when>
        <gx:coord>12.067364 51.548553 158.00526</gx:coord>
        <when>2026-01-01T01:17:15.2487620Z</when>
        <gx:coord>12.066168 51.54888 146.55885</gx:coord>
        <when>2026-01-01T01:17:19.0857620Z</when>
        <gx:coord>12.064592 51.54935 136.35457</gx:coord>
        <when>2026-01-01T01:17:20.2487620Z</when>
        <gx:coord>12.064197 51.54947 134.54056</gx:coord>
        <when>2026-01-01T01:17:25.2487620Z</when>
        <gx:coord>12.062169 51.55004 118.37662</gx:coord>
        <when>2026-01-01T01:17:30.2487620Z</when>
        <gx:coord>12.060135 51.550617 107.87319</gx:coord>
        <when>2026-01-01T01:17:35.2487620Z</when>
        <gx:coord>12.058312 51.551125 106.53431</gx:coord>
        <when>2026-01-01T01:17:37.0837620Z</when>
        <gx:coord>12.057982 51.551216 106.14819</gx:coord>
        <when>2026-01-01T01:17:40.2487620Z</when>
        <gx:coord>12.056788 51.55156 106.502785</gx:coord>
        <when>2026-01-01T01:17:43.0847620Z</when>
        <gx:coord>12.056257 51.551704 106.15046</gx:coord>
        <when>2026-01-01T01:17:45.2487620Z</when>
        <gx:coord>12.055536 51.551914 106.270874</gx:coord>
        <when>2026-01-01T01:17:50.0867620Z</when>
        <gx:coord>12.054728 51.552185 106.40433</gx:coord>
        <when>2026-01-01T01:17:50.2487620Z</when>
        <gx:coord>12.05456 51.552246 106.497856</gx:coord>
        <when>2026-01-01T01:17:54.0847620Z</when>
        <gx:coord>12.0541525 51.5524 106.65898</gx:coord>
        <when>2026-01-01T01:17:55.2487620Z</when>
        <gx:coord>12.053965 51.552456 106.78046</gx:coord>
        <when>2026-01-01T01:17:58.0877620Z</when>
        <gx:coord>12.053862 51.552486 106.8306</gx:coord>
        <when>2026-01-01T01:17:59.0887620Z</when>
        <gx:coord>12.05383 51.552494 106.861534</gx:coord>
        <when>2026-01-01T01:18:00.0907620Z</when>
        <gx:coord>12.053805 51.552494 106.93525</gx:coord>
        <when>2026-01-01T01:18:00.2487620Z</when>
        <gx:coord>12.053787 51.55249 107.04129</gx:coord>
        <when>2026-01-01T01:18:02.0907620Z</when>
        <gx:coord>12.053773 51.55248 107.08293</gx:coord>
        <when>2026-01-01T01:18:02.1247620Z</when>
        <gx:coord>12.053765 51.552467 107.11873</gx:coord>
        <when>2026-01-01T01:18:02.5857620Z</when>
        <gx:coord>12.053765 51.552467 107.11873</gx:coord>
        <when>2026-01-01T01:18:03.0057620Z</when>
        <gx:coord>12.053765 51.552467 107.11873</gx:coord>
        <when>2026-01-01T01:18:03.4467620Z</when>
        <gx:coord>12.053766 51.552452 107.11404</gx:coord>
        <when>2026-01-01T01:18:03.9067620Z</when>
        <gx:coord>12.053766 51.552452 107.11404</gx:coord>
        <when>2026-01-01T01:18:04.5067620Z</when>
        <gx:coord>12.053775 51.55244 107.13548</gx:coord>
        <when>2026-01-01T01:18:05.2627620Z</when>
        <gx:coord>12.053793 51.55242 107.17164</gx:coord>
        <when>2026-01-01T01:18:05.3677620Z</when>
        <gx:coord>12.053793 51.55242 107.17164</gx:coord>
        <when>2026-01-01T01:18:06.9277620Z</when>
        <gx:coord>12.053827 51.552406 107.17042</gx:coord>
        <when>2026-01-01T01:18:07.0857620Z</when>
        <gx:coord>12.053827 51.552406 107.17042</gx:coord>
        <when>2026-01-01T01:18:08.0897620Z</when>
        <gx:coord>12.053904 51.552372 107.04748</gx:coord>
        <when>2026-01-01T01:18:10.2487620Z</when>
        <gx:coord>12.054141 51.552303 106.965996</gx:coord>
        <when>2026-01-01T01:18:15.2487620Z</when>
        <gx:coord>12.0546255 51.552177 106.762985</gx:coord>
        <when>2026-01-01T01:18:20.2487620Z</when>
        <gx:coord>12.055131 51.55203 106.59143</gx:coord>
        <when>2026-01-01T01:18:25.2487620Z</when>
        <gx:coord>12.055605 51.5519 106.588295</gx:coord>
        <when>2026-01-01T01:18:29.0897620Z</when>
        <gx:coord>12.0558 51.55183 106.46893</gx:coord>
        <when>2026-01-01T01:18:30.0987620Z</when>
        <gx:coord>12.055837 51.551796 106.39247</gx:coord>
        <when>2026-01-01T01:18:30.2487620Z</when>
        <gx:coord>12.055858 51.551758 106.30696</gx:coord>
        <when>2026-01-01T01:18:31.0917620Z</when>
        <gx:coord>12.055858 51.551758 106.30696</gx:coord>
        <when>2026-01-01T01:18:32.0887620Z</when>
        <gx:coord>12.05586 51.551712 106.19622</gx:coord>
        <when>2026-01-01T01:18:34.0877620Z</when>
        <gx:coord>12.055813 51.551613 106.07681</gx:coord>
        <when>2026-01-01T01:18:35.2487620Z</when>
        <gx:coord>12.055738 51.55151 106.07113</gx:coord>
        <when>2026-01-01T01:18:40.2487620Z</when>
        <gx:coord>12.055602 51.55134 106.00888</gx:coord>
        <when>2026-01-01T01:18:45.2487620Z</when>
        <gx:coord>12.055589 51.551323 105.99174</gx:coord>
        <when>2026-01-01T01:18:50.2477620Z</when>
        <gx:coord>12.055588 51.551323 105.966934</gx:coord>
        <when>2026-01-01T01:18:55.2477620Z</when>
        <gx:coord>12.055587 51.55132 105.93971</gx:coord>
        <when>2026-01-01T01:18:59.0897620Z</when>
        <gx:coord>12.055581 51.551315 105.86721</gx:coord>
        <when>2026-01-01T01:19:00.2487620Z</when>
        <gx:coord>12.0555725 51.551304 105.83253</gx:coord>
        <when>2026-01-01T01:19:05.2487620Z</when>
        <gx:coord>12.055488 51.551205 105.706825</gx:coord>
        <when>2026-01-01T01:19:10.2487620Z</when>
        <gx:coord>12.055381 51.55104 105.606476</gx:coord>
        <when>2026-01-01T01:19:15.0867620Z</when>
        <gx:coord>12.055297 51.550903 105.5328</gx:coord>
        <when>2026-01-01T01:19:15.2487620Z</when>
        <gx:coord>12.055305 51.55086 105.502945</gx:coord>
        <when>2026-01-01T01:19:16.0847620Z</when>
        <gx:coord>12.055305 51.55086 105.502945</gx:coord>
        <when>2026-01-01T01:19:17.0967620Z</when>
        <gx:coord>12.055324 51.55082 105.50141</gx:coord>
        <when>2026-01-01T01:19:18.0887620Z</when>
        <gx:coord>12.055354 51.55078 105.50152</gx:coord>
        <when>2026-01-01T01:19:19.0877620Z</when>
        <gx:coord>12.0554 51.55075 105.487915</gx:coord>
        <when>2026-01-01T01:19:20.2487620Z</when>
        <gx:coord>12.055541 51.550697 105.37118</gx:coord>
        <when>2026-01-01T01:19:22.0867620Z</when>
        <gx:coord>12.055627 51.55067 105.38954</gx:coord>
        <when>2026-01-01T01:19:24.0857620Z</when>
        <gx:coord>12.055822 51.550613 105.440895</gx:coord>
        <when>2026-01-01T01:19:25.2487620Z</when>
        <gx:coord>12.05604 51.550556 105.44296</gx:coord>
        <when>2026-01-01T01:19:30.2487620Z</when>
        <gx:coord>12.056612 51.5504 105.505356</gx:coord>
        <when>2026-01-01T01:19:35.2487620Z</when>
        <gx:coord>12.057159 51.550243 105.57794</gx:coord>
        <when>2026-01-01T01:19:40.2487620Z</when>
        <gx:coord>12.057659 51.550106 105.62298</gx:coord>
        <when>2026-01-01T01:19:45.2487620Z</when>
        <gx:coord>12.058035 51.55 105.597</gx:coord>
        <when>2026-01-01T01:19:46.0987620Z</when>
        <gx:coord>12.058035 51.55 105.597</gx:coord>
        <when>2026-01-01T01:19:47.0857620Z</when>
        <gx:coord>12.058082 51.54997 105.523636</gx:coord>
        <when>2026-01-01T01:19:48.0967620Z</when>
        <gx:coord>12.058119 51.54993 105.6256</gx:coord>
        <when>2026-01-01T01:19:49.0867620Z</when>
        <gx:coord>12.058141 51.549892 105.654434</gx:coord>
        <when>2026-01-01T01:19:50.0887620Z</when>
        <gx:coord>12.058146 51.549854 105.684135</gx:coord>
        <when>2026-01-01T01:19:50.2487620Z</when>
        <gx:coord>12.058139 51.549812 105.70246</gx:coord>
        <when>2026-01-01T01:19:52.0857620Z</when>
        <gx:coord>12.058121 51.549767 105.66518</gx:coord>
        <when>2026-01-01T01:19:55.2487620Z</when>
        <gx:coord>12.0580225 51.549564 105.6574</gx:coord>
        <when>2026-01-01T01:20:00.2487620Z</when>
        <gx:coord>12.057923 51.549328 105.63152</gx:coord>
        <when>2026-01-01T01:20:05.0867620Z</when>
        <gx:coord>12.057872 51.5492 105.59417</gx:coord>
        <when>2026-01-01T01:20:05.2487620Z</when>
        <gx:coord>12.057862 51.54918 105.58877</gx:coord>
        <when>2026-01-01T01:20:07.0887620Z</when>
        <gx:coord>12.057848 51.54916 105.55372</gx:coord>
        <when>2026-01-01T01:20:08.0877620Z</when>
        <gx:coord>12.05782 51.54914 105.4711</gx:coord>
        <when>2026-01-01T01:20:09.0877620Z</when>
        <gx:coord>12.057784 51.54912 105.481026</gx:coord>
        <when>2026-01-01T01:20:10.0877620Z</when>
        <gx:coord>12.057746 51.549114 105.4161</gx:coord>
        <when>2026-01-01T01:20:10.2487620Z</when>
        <gx:coord>12.057704 51.54911 105.36066</gx:coord>
        <when>2026-01-01T01:20:11.0867620Z</when>
        <gx:coord>12.057704 51.54911 105.36066</gx:coord>
        <when>2026-01-01T01:20:12.0867620Z</when>
        <gx:coord>12.057657 51.54911 105.29028</gx:coord>
        <when>2026-01-01T01:20:14.0897620Z</when>
        <gx:coord>12.057547 51.549126 105.355865</gx:coord>
        <when>2026-01-01T01:20:15.2487620Z</when>
        <gx:coord>12.05744 51.54915 105.350296</gx:coord>
        <when>2026-01-01T01:20:18.0877620Z</when>
        <gx:coord>12.057349 51.549164 105.44073</gx:coord>
        <when>2026-01-01T01:20:19.0917620Z</when>
        <gx:coord>12.057315 51.54916 105.453125</gx:coord>
        <when>2026-01-01T01:20:20.0857620Z</when>
        <gx:coord>12.057285 51.54915 105.49227</gx:coord>
        <when>2026-01-01T01:20:20.2487620Z</when>
        <gx:coord>12.05726 51.549137 105.52516</gx:coord>
        <when>2026-01-01T01:20:21.0887620Z</when>
        <gx:coord>12.05726 51.549137 105.52516</gx:coord>
        <when>2026-01-01T01:20:22.0917620Z</when>
        <gx:coord>12.057239 51.549118 105.471054</gx:coord>
        <when>2026-01-01T01:20:23.0907620Z</when>
        <gx:coord>12.057222 51.549095 105.5137</gx:coord>
        <when>2026-01-01T01:20:25.0857620Z</when>
        <gx:coord>12.057208 51.54904 105.58343</gx:coord>
        <when>2026-01-01T01:20:25.2487620Z</when>
        <gx:coord>12.057202 51.54901 105.63443</gx:coord>
        <when>2026-01-01T01:20:30.2487620Z</when>
        <gx:coord>12.057136 51.54885 105.96871</gx:coord>
        <when>2026-01-01T01:20:35.2487620Z</when>
        <gx:coord>12.057086 51.548748 106.1176</gx:coord>
        <when>2026-01-01T01:20:36.0867620Z</when>
        <gx:coord>12.057086 51.548748 106.1176</gx:coord>
        <when>2026-01-01T01:20:37.0857620Z</when>
        <gx:coord>12.057058 51.548733 106.24177</gx:coord>
        <when>2026-01-01T01:20:38.0877620Z</when>
        <gx:coord>12.057024 51.54872 106.21505</gx:coord>
        <when>2026-01-01T01:20:39.0877620Z</when>
        <gx:coord>12.056989 51.548717 106.273415</gx:coord>
        <when>2026-01-01T01:20:40.0847620Z</when>
        <gx:coord>12.056955 51.54872 106.29894</gx:coord>
        <when>2026-01-01T01:20:40.2487620Z</when>
        <gx:coord>12.056923 51.548725 106.27966</gx:coord>
        <when>2026-01-01T01:20:43.0867620Z</when>
        <gx:coord>12.056858 51.548737 106.33493</gx:coord>
        <when>2026-01-01T01:20:45.2497620Z</when>
        <gx:coord>12.056785 51.54875 106.35557</gx:coord>
        <when>2026-01-01T01:20:50.2497620Z</when>
        <gx:coord>12.056736 51.54876 106.32583</gx:coord>
        <when>2026-01-01T01:20:55.2497620Z</when>
        <gx:coord>12.056621 51.548775 106.3706</gx:coord>
        <when>2026-01-01T01:21:00.2497620Z</when>
        <gx:coord>12.056621 51.54878 106.47694</gx:coord>
        <when>2026-01-01T01:21:05.2497620Z</when>
        <gx:coord>12.056616 51.54878 106.57628</gx:coord>
        <when>2026-01-01T01:21:10.2497620Z</when>
        <gx:coord>12.056614 51.54878 106.63681</gx:coord>
        <when>2026-01-01T01:21:10.9137620Z</when>
        <gx:coord>12.056614 51.54878 106.63681</gx:coord>
        <coordinates />
      </gx:Track>
    </Placemark>
    <Placemark>
      <name>Takeoff: 2026-01-01</name>
      <styleUrl>#downArrowIcon</styleUrl>
      <Point>
        <altitudeMode>relativeToGround</altitudeMode>
        <coordinates>11.139091,49.79436,20</coordinates>
      </Point>
    </Placemark>
    <Placemark>
      <name>Landing: 2026-01-01</name>
      <styleUrl>#downArrowIcon</styleUrl>
      <Point>
        <altitudeMode>relativeToGround</altitudeMode>
        <coordinates>12.053773,51.55248,20</coordinates>
      </Point>
    </Placemark>
    <Placemark>
      <name>Log Stop: 2026-01-01</name>
      <styleUrl>#downArrowIcon</styleUrl>
      <Point>
        <altitudeMode>relativeToGround</altitudeMode>
        <coordinates>12.056614,51.54878,20</coordinates>
      </Point>
    </Placemark>
  </Document>
</kml>