<?xml version="1.0" encoding="utf-8"?>
<kml xmlns:gx="http://www.google.com/kml/ext/2.2" creator="kml-heatmap" xmlns="http://www.opengis.net/kml/2.2">
  <Document>
    <name>SkyDemon Track Log</name>
    <Style id="skydemonLogStyle">
      <LineStyle>
        <color>7f00ffff</color>
        <width>4</width>
      </LineStyle>
      <PolyStyle>
        <color>7fffa400</color>
      </PolyStyle>
    </Style>
    <Style id="downArrowIcon">
      <IconStyle>
        <href>http://maps.google.com/mapfiles/kml/pal4/icon28.png</href>
      </IconStyle>
    </Style>
    <Placemark>
      <name>Log Start: 2026-01-01</name>
      <styleUrl>#downArrowIcon</styleUrl>
      <Point>
        <altitudeMode>relativeToGround</altitudeMode>
        <coordinates>12.058188,51.548363,20</coordinates>
      </Point>
    </Placemark>
    <Placemark>
      <name>EDAQ Halle-Oppin - EDOV Stendal-Borstel</name>
      <styleUrl>#skydemonLogStyle</styleUrl>
      <gx:Track>
        <extrude>1</extrude>
        <altitudeMode>absolute</altitudeMode>
        <when>2026-01-01T00:00:00.1842880Z</when>
        <gx:coord>12.058188 51.548363 107.88802</gx:coord>
        <when>2026-01-01T00:00:05.1852880Z</when>
        <gx:coord>12.058179 51.54836 107.90093</gx:coord>
        <when>2026-01-01T00:00:10.1852880Z</when>
        <gx:coord>12.058187 51.548355 107.99154</gx:coord>
        <when>2026-01-01T00:00:15.1852880Z</when>
        <gx:coord>12.058189 51.548355 108.08531</gx:coord>
        <when>2026-01-01T00:00:20.1852880Z</when>
        <gx:coord>12.058198 51.548363 107.999695</gx:coord>
        <when>2026-01-01T00:00:25.1852880Z</when>
        <gx:coord>12.058187 51.54836 107.70816</gx:coord>
        <when>2026-01-01T00:00:30.1852880Z</when>
        <gx:coord>12.058182 51.54835 107.73556</gx:coord>
        <when>2026-01-01T00:00:35.1852880Z</when>
        <gx:coord>12.058183 51.54836 107.51823</gx:coord>
        <when>2026-01-01T00:00:40.1852880Z</when>
        <gx:coord>12.058184 51.54836 107.45244</gx:coord>
        <when>2026-01-01T00:00:45.1852880Z</when>
        <gx:coord>12.058193 51.548363 107.43949</gx:coord>
        <when>2026-01-01T00:00:50.1852880Z</when>
        <gx:coord>12.058193 51.54836 107.49537</gx:coord>
        <when>2026-01-01T00:00:55.1852880Z</when>
        <gx:coord>12.058192 51.54836 107.43365</gx:coord>
        <when>2026-01-01T00:01:00.1852880Z</when>
        <gx:coord>12.058193 51.54836 107.51703</gx:coord>
        <when>2026-01-01T00:01:05.1842880Z</when>
        <gx:coord>12.058189 51.54836 107.45574</gx:coord>
        <when>2026-01-01T00:01:10.1852880Z</when>
        <gx:coord>12.058197 51.54836 107.43457</gx:coord>
        <when>2026-01-01T00:01:15.1852880Z</when>
        <gx:coord>12.058192 51.54836 107.24663</gx:coord>
        <when>2026-01-01T00:01:20.1852880Z</when>
        <gx:coord>12.058198 51.548355 107.126465</gx:coord>
        <when>2026-01-01T00:01:25.1842880Z</when>
        <gx:coord>12.058209 51.54836 107.18331</gx:coord>
        <when>2026-01-01T00:01:30.1852880Z</when>
        <gx:coord>12.0582 51.54836 107.06438</gx:coord>
        <when>2026-01-01T00:01:35.1852880Z</when>
        <gx:coord>12.058201 51.548363 106.96802</gx:coord>
        <when>2026-01-01T00:01:40.1852880Z</when>
        <gx:coord>12.058203 51.548363 106.67476</gx:coord>
        <when>2026-01-01T00:01:45.1852880Z</when>
        <gx:coord>12.058202 51.548367 106.40937</gx:coord>
        <when>2026-01-01T00:01:50.1852880Z</when>
        <gx:coord>12.058199 51.54836 106.060715</gx:coord>
        <when>2026-01-01T00:01:55.1852880Z</when>
        <gx:coord>12.058208 51.54836 105.988235</gx:coord>
        <when>2026-01-01T00:02:00.1852880Z</when>
        <gx:coord>12.058209 51.54835 106.0715</gx:coord>
        <when>2026-01-01T00:02:05.1852880Z</when>
        <gx:coord>12.05821 51.54835 106.28768</gx:coord>
        <when>2026-01-01T00:02:10.1862880Z</when>
        <gx:coord>12.058196 51.54835 106.63439</gx:coord>
        <when>2026-01-01T00:02:15.1862880Z</when>
        <gx:coord>12.058202 51.54835 106.80016</gx:coord>
        <when>2026-01-01T00:02:20.1852880Z</when>
        <gx:coord>12.058195 51.54835 107.19979</gx:coord>
        <when>2026-01-01T00:02:25.1862880Z</when>
        <gx:coord>12.058196 51.54835 107.016</gx:coord>
        <when>2026-01-01T00:02:30.1862880Z</when>
        <gx:coord>12.058184 51.548355 106.658295</gx:coord>
        <when>2026-01-01T00:02:35.1862880Z</when>
        <gx:coord>12.058168 51.548355 106.802284</gx:coord>
        <when>2026-01-01T00:02:36.1002880Z</when>
        <gx:coord>12.058168 51.548355 106.802284</gx:coord>
        <when>2026-01-01T00:02:39.0862880Z</when>
        <gx:coord>12.058084 51.548378 106.80055</gx:coord>
        <when>2026-01-01T00:02:40.0882880Z</when>
        <gx:coord>12.058071 51.548386 106.688194</gx:coord>
        <when>2026-01-01T00:02:40.1852880Z</when>
        <gx:coord>12.058058 51.548397 106.68729</gx:coord>
        <when>2026-01-01T00:02:41.0902880Z</when>
        <gx:coord>12.058058 51.548397 106.68729</gx:coord>
        <when>2026-01-01T00:02:42.0882880Z</when>
        <gx:coord>12.058048 51.548412 106.70445</gx:coord>
        <when>2026-01-01T00:02:43.0892880Z</when>
        <gx:coord>12.058044 51.548435 106.73781</gx:coord>
        <when>2026-01-01T00:02:43.0892880Z</when>
        <gx:coord>12.058044 51.548435 106.73781</gx:coord>
        <when>2026-01-01T00:02:44.0922880Z</when>
        <gx:coord>12.058045 51.548462 106.74396</gx:coord>
        <when>2026-01-01T00:02:45.1852880Z</when>
        <gx:coord>12.058071 51.548504 106.74739</gx:coord>
        <when>2026-01-01T00:02:46.0872880Z</when>
        <gx:coord>12.058071 51.548504 106.74739</gx:coord>
        <when>2026-01-01T00:02:50.1862880Z</when>
        <gx:coord>12.058119 51.548634 106.79866</gx:coord>
        <when>2026-01-01T00:02:55.1862880Z</when>
        <gx:coord>12.058206 51.548824 106.4878</gx:coord>
        <when>2026-01-01T00:03:00.0852880Z</when>
        <gx:coord>12.05826 51.54895 106.30981</gx:coord>
        <when>2026-01-01T00:03:00.1862880Z</when>
        <gx:coord>12.058256 51.54897 106.43068</gx:coord>
        <when>2026-01-01T00:03:01.0882880Z</when>
        <gx:coord>12.058256 51.54897 106.43068</gx:coord>
        <when>2026-01-01T00:03:02.0852880Z</when>
        <gx:coord>12.058247 51.54899 106.57884</gx:coord>
        <when>2026-01-01T00:03:03.0862880Z</when>
        <gx:coord>12.058226 51.549007 106.48981</gx:coord>
        <when>2026-01-01T00:03:04.0822880Z</when>
        <gx:coord>12.0582 51.54902 106.27966</gx:coord>
        <when>2026-01-01T00:03:05.0862880Z</when>
        <gx:coord>12.058159 51.54903 106.423935</gx:coord>
        <when>2026-01-01T00:03:05.1862880Z</when>
        <gx:coord>12.058111 51.54904 106.4669</gx:coord>
        <when>2026-01-01T00:03:10.0872880Z</when>
        <gx:coord>12.057925 51.54909 106.36936</gx:coord>
        <when>2026-01-01T00:03:10.1852880Z</when>
        <gx:coord>12.05789 51.549118 106.27316</gx:coord>
        <when>2026-01-01T00:03:11.0832880Z</when>
        <gx:coord>12.05789 51.549118 106.27316</gx:coord>
        <when>2026-01-01T00:03:12.0862880Z</when>
        <gx:coord>12.057865 51.54914 106.44072</gx:coord>
        <when>2026-01-01T00:03:13.0882880Z</when>
        <gx:coord>12.057856 51.549168 106.51016</gx:coord>
        <when>2026-01-01T00:03:14.0892880Z</when>
        <gx:coord>12.057853 51.549194 106.56656</gx:coord>
        <when>2026-01-01T00:03:15.0882880Z</when>
        <gx:coord>12.057858 51.54922 106.65752</gx:coord>
        <when>2026-01-01T00:03:15.1862880Z</when>
        <gx:coord>12.057875 51.549255 106.59856</gx:coord>
        <when>2026-01-01T00:03:20.0842880Z</when>
        <gx:coord>12.057952 51.549408 106.49764</gx:coord>
        <when>2026-01-01T00:03:20.1862880Z</when>
        <gx:coord>12.057975 51.549458 106.51268</gx:coord>
        <when>2026-01-01T00:03:25.1862880Z</when>
        <gx:coord>12.058086 51.549736 106.49627</gx:coord>
        <when>2026-01-01T00:03:30.1862880Z</when>
        <gx:coord>12.0582075 51.55003 106.611244</gx:coord>
        <when>2026-01-01T00:03:35.1852880Z</when>
        <gx:coord>12.058322 51.550297 106.43178</gx:coord>
        <when>2026-01-01T00:03:40.1862880Z</when>
        <gx:coord>12.058409 51.55051 106.76</gx:coord>
        <when>2026-01-01T00:03:45.0882880Z</when>
        <gx:coord>12.0584345 51.55057 106.95725</gx:coord>
        <when>2026-01-01T00:03:45.1862880Z</when>
        <gx:coord>12.058434 51.550568 106.922935</gx:coord>
        <when>2026-01-01T00:03:50.1862880Z</when>
        <gx:coord>12.058434 51.550568 106.89738</gx:coord>
        <when>2026-01-01T00:03:55.1862880Z</when>
        <gx:coord>12.058434 51.550568 106.71412</gx:coord>
        <when>2026-01-01T00:04:00.1862880Z</when>
        <gx:coord>12.0584345 51.550568 106.70194</gx:coord>
        <when>2026-01-01T00:04:05.1862880Z</when>
        <gx:coord>12.0584345 51.550568 106.832214</gx:coord>
        <when>2026-01-01T00:04:10.1862880Z</when>
        <gx:coord>12.0584345 51.550568 107.08919</gx:coord>
        <when>2026-01-01T00:04:15.1862880Z</when>
        <gx:coord>12.058435 51.550568 107.31131</gx:coord>
        <when>2026-01-01T00:04:20.1862880Z</when>
        <gx:coord>12.0584345 51.550568 107.53926</gx:coord>
        <when>2026-01-01T00:04:25.1872880Z</when>
        <gx:coord>12.058436 51.550568 107.37533</gx:coord>
        <when>2026-01-01T00:04:30.1872880Z</when>
        <gx:coord>12.058436 51.550568 107.25352</gx:coord>
        <when>2026-01-01T00:04:35.1872880Z</when>
        <gx:coord>12.0584345 51.550568 107.12288</gx:coord>
        <when>2026-01-01T00:04:40.1872880Z</when>
        <gx:coord>12.058434 51.550568 106.91105</gx:coord>
        <when>2026-01-01T00:04:45.1872880Z</when>
        <gx:coord>12.058434 51.550568 106.80984</gx:coord>
        <when>2026-01-01T00:04:50.1862880Z</when>
        <gx:coord>12.0584345 51.550568 106.69866</gx:coord>
        <when>2026-01-01T00:04:55.1872880Z</when>
        <gx:coord>12.0584345 51.550568 106.59827</gx:coord>
        <when>2026-01-01T00:05:00.1872880Z</when>
        <gx:coord>12.058435 51.550568 106.50788</gx:coord>
        <when>2026-01-01T00:05:05.1872880Z</when>
        <gx:coord>12.0584345 51.550568 106.543495</gx:coord>
        <when>2026-01-01T00:05:10.1872880Z</when>
        <gx:coord>12.058435 51.550568 106.41278</gx:coord>
        <when>2026-01-01T00:05:15.1872880Z</when>
        <gx:coord>12.0584345 51.550568 106.559654</gx:coord>
        <when>2026-01-01T00:05:20.1862880Z</when>
        <gx:coord>12.058435 51.550568 106.44379</gx:coord>
        <when>2026-01-01T00:05:25.1872880Z</when>
        <gx:coord>12.058435 51.550568 106.5054</gx:coord>
        <when>2026-01-01T00:05:30.1872880Z</when>
        <gx:coord>12.058434 51.550568 106.66174</gx:coord>
        <when>2026-01-01T00:05:35.1872880Z</when>
        <gx:coord>12.058434 51.550568 106.62989</gx:coord>
        <when>2026-01-01T00:05:40.1872880Z</when>
        <gx:coord>12.058435 51.55057 106.72537</gx:coord>
        <when>2026-01-01T00:05:45.1872880Z</when>
        <gx:coord>12.058436 51.55057 106.874306</gx:coord>
        <when>2026-01-01T00:05:50.1872880Z</when>
        <gx:coord>12.058436 51.55057 106.90248</gx:coord>
        <when>2026-01-01T00:05:55.1872880Z</when>
        <gx:coord>12.058436 51.55057 106.980385</gx:coord>
        <when>2026-01-01T00:06:00.1872880Z</when>
        <gx:coord>12.058456 51.550613 107.82335</gx:coord>
        <when>2026-01-01T00:06:05.1872880Z</when>
        <gx:coord>12.058524 51.55076 107.18166</gx:coord>
        <when>2026-01-01T00:06:10.3242880Z</when>
        <gx:coord>12.058592 51.550884 107.27276</gx:coord>
        <when>2026-01-01T00:06:10.3252880Z</when>
        <gx:coord>12.058623 51.550907 107.32996</gx:coord>
        <when>2026-01-01T00:06:12.0932880Z</when>
        <gx:coord>12.058659 51.550926 107.423546</gx:coord>
        <when>2026-01-01T00:06:13.0852880Z</when>
        <gx:coord>12.058702 51.550938 107.50865</gx:coord>
        <when>2026-01-01T00:06:14.0842880Z</when>
        <gx:coord>12.058755 51.55095 107.516464</gx:coord>
        <when>2026-01-01T00:06:15.1872880Z</when>
        <gx:coord>12.058874 51.550953 107.463974</gx:coord>
        <when>2026-01-01T00:06:16.0862880Z</when>
        <gx:coord>12.058874 51.550953 107.463974</gx:coord>
        <when>2026-01-01T00:06:18.0872880Z</when>
        <gx:coord>12.0590105 51.550926 107.409</gx:coord>
        <when>2026-01-01T00:06:19.0892880Z</when>
        <gx:coord>12.05908 51.550907 107.41942</gx:coord>
        <when>2026-01-01T00:06:20.1872880Z</when>
        <gx:coord>12.059241 51.55087 107.451</gx:coord>
        <when>2026-01-01T00:06:25.1872880Z</when>
        <gx:coord>12.059693 51.55074 107.45791</gx:coord>
        <when>2026-01-01T00:06:30.1872880Z</when>
        <gx:coord>12.060169 51.550606 107.48358</gx:coord>
        <when>2026-01-01T00:06:35.1872880Z</when>
        <gx:coord>12.060592 51.550488 107.5766</gx:coord>
        <when>2026-01-01T00:06:37.0852880Z</when>
        <gx:coord>12.060667 51.550465 107.62931</gx:coord>
        <when>2026-01-01T00:06:40.1872880Z</when>
        <gx:coord>12.060925 51.550346 107.5283</gx:coord>
        <when>2026-01-01T00:06:41.0912880Z</when>
        <gx:coord>12.060925 51.550346 107.5283</gx:coord>
        <when>2026-01-01T00:06:45.0872880Z</when>
        <gx:coord>12.061107 51.55025 107.38098</gx:coord>
        <when>2026-01-01T00:06:45.1872880Z</when>
        <gx:coord>12.061143 51.550243 107.36451</gx:coord>
        <when>2026-01-01T00:06:46.0882880Z</when>
        <gx:coord>12.061143 51.550243 107.36451</gx:coord>
        <when>2026-01-01T00:06:47.0882880Z</when>
        <gx:coord>12.061173 51.550247 107.36529</gx:coord>
        <when>2026-01-01T00:06:50.0992880Z</when>
        <gx:coord>12.061219 51.550285 107.45396</gx:coord>
        <when>2026-01-01T00:06:50.1872880Z</when>
        <gx:coord>12.061219 51.550285 107.45396</gx:coord>
        <when>2026-01-01T00:06:50.6372880Z</when>
        <gx:coord>12.061219 51.550285 107.45396</gx:coord>
        <when>2026-01-01T00:06:51.0842880Z</when>
        <gx:coord>12.061219 51.550285 107.45396</gx:coord>
        <when>2026-01-01T00:06:51.1172880Z</when>
        <gx:coord>12.061214 51.550297 107.45791</gx:coord>
        <when>2026-01-01T00:06:51.6582880Z</when>
        <gx:coord>12.061214 51.550297 107.45791</gx:coord>
        <when>2026-01-01T00:06:52.5782880Z</when>
        <gx:coord>12.061208 51.5503 107.43711</gx:coord>
        <when>2026-01-01T00:06:53.8992880Z</when>
        <gx:coord>12.061199 51.550304 107.46266</gx:coord>
        <when>2026-01-01T00:06:55.1882880Z</when>
        <gx:coord>12.0611725 51.550316 107.39128</gx:coord>
        <when>2026-01-01T00:06:57.0892880Z</when>
        <gx:coord>12.061151 51.550323 107.35814</gx:coord>
        <when>2026-01-01T00:06:58.0912880Z</when>
        <gx:coord>12.061112 51.550335 107.35205</gx:coord>
        <when>2026-01-01T00:06:59.0922880Z</when>
        <gx:coord>12.061001 51.550365 107.34558</gx:coord>
        <when>2026-01-01T00:07:00.1882880Z</when>
        <gx:coord>12.060759 51.550426 107.48261</gx:coord>
        <when>2026-01-01T00:07:02.0882880Z</when>
        <gx:coord>12.060611 51.550472 107.50777</gx:coord>
        <when>2026-01-01T00:07:03.1042880Z</when>
        <gx:coord>12.06044 51.550526 107.46482</gx:coord>
        <when>2026-01-01T00:07:05.1882880Z</when>
        <gx:coord>12.059804 51.55071 107.38853</gx:coord>
        <when>2026-01-01T00:07:06.0892880Z</when>
        <gx:coord>12.059804 51.55071 107.38853</gx:coord>
        <when>2026-01-01T00:07:10.0912880Z</when>
        <gx:coord>12.058701 51.55103 107.499405</gx:coord>
        <when>2026-01-01T00:07:10.1882880Z</when>
        <gx:coord>12.058378 51.551113 107.48374</gx:coord>
        <when>2026-01-01T00:07:15.0972880Z</when>
        <gx:coord>12.056959 51.55151 107.66878</gx:coord>
        <when>2026-01-01T00:07:15.1882880Z</when>
        <gx:coord>12.056571 51.551617 108.06415</gx:coord>
        <when>2026-01-01T00:07:20.1882880Z</when>
        <gx:coord>12.05452 51.552185 115.68815</gx:coord>
        <when>2026-01-01T00:07:25.1882880Z</when>
        <gx:coord>12.052415 51.55275 130.48402</gx:coord>
        <when>2026-01-01T00:07:28.0902880Z</when>
        <gx:coord>12.051203 51.553074 139.80048</gx:coord>
        <when>2026-01-01T00:07:30.1882880Z</when>
        <gx:coord>12.050407 51.553288 146.3361</gx:coord>
        <when>2026-01-01T00:07:35.1872880Z</when>
        <gx:coord>12.0484705 51.55382 162.9712</gx:coord>
        <when>2026-01-01T00:07:38.0922880Z</when>
        <gx:coord>12.047344 51.55415 170.6122</gx:coord>
        <when>2026-01-01T00:07:40.1872880Z</when>
        <gx:coord>12.0466 51.554367 175.6775</gx:coord>
        <when>2026-01-01T00:07:45.1882880Z</when>
        <gx:coord>12.044687 51.554897 184.0763</gx:coord>
        <when>2026-01-01T00:07:50.1882880Z</when>
        <gx:coord>12.042678 51.55544 188.89458</gx:coord>
        <when>2026-01-01T00:07:55.1882880Z</when>
        <gx:coord>12.040683 51.556053 200.01299</gx:coord>
        <when>2026-01-01T00:07:56.0852880Z</when>
        <gx:coord>12.040283 51.55618 202.14496</gx:coord>
        <when>2026-01-01T00:08:00.1882880Z</when>
        <gx:coord>12.038689 51.556664 212.21065</gx:coord>
        <when>2026-01-01T00:08:05.1882880Z</when>
        <gx:coord>12.036745 51.55728 225.59163</gx:coord>
        <when>2026-01-01T00:08:07.0882880Z</when>
        <gx:coord>12.035988 51.55752 233.87682</gx:coord>
        <when>2026-01-01T00:08:08.0982880Z</when>
        <gx:coord>12.035609 51.55764 233.87682</gx:coord>
        <when>2026-01-01T00:08:10.1882880Z</when>
        <gx:coord>12.034844 51.557865 241.61008</gx:coord>
        <when>2026-01-01T00:08:15.1882880Z</when>
        <gx:coord>12.0329 51.558426 262.90213</gx:coord>
        <when>2026-01-01T00:08:16.0882880Z</when>
        <gx:coord>12.032521 51.55854 267.47974</gx:coord>
        <when>2026-01-01T00:08:20.1882880Z</when>
        <gx:coord>12.031004 51.55898 277.8248</gx:coord>
        <when>2026-01-01T00:08:25.1882880Z</when>
        <gx:coord>12.029025 51.559547 288.9636</gx:coord>
        <when>2026-01-01T00:08:29.0942880Z</when>
        <gx:coord>12.027385 51.559967 299.5706</gx:coord>
        <when>2026-01-01T00:08:30.1882880Z</when>
        <gx:coord>12.026973 51.56007 302.8259</gx:coord>
        <when>2026-01-01T00:08:33.0892880Z</when>
        <gx:coord>12.026155 51.560265 307.61588</gx:coord>
        <when>2026-01-01T00:08:35.1882880Z</when>
        <gx:coord>12.024939 51.560535 315.09995</gx:coord>
        <when>2026-01-01T00:08:40.1882880Z</when>
        <gx:coord>12.02294 51.560986 325.4819</gx:coord>
        <when>2026-01-01T00:08:44.0862880Z</when>
        <gx:coord>12.021323 51.561382 330.80853</gx:coord>
        <when>2026-01-01T00:08:45.1882880Z</when>
        <gx:coord>12.020919 51.56149 332.46826</gx:coord>
        <when>2026-01-01T00:08:50.1882880Z</when>
        <gx:coord>12.01894 51.56213 342.2593</gx:coord>
        <when>2026-01-01T00:08:51.0912880Z</when>
        <gx:coord>12.01894 51.56213 342.2593</gx:coord>
        <when>2026-01-01T00:08:55.1882880Z</when>
        <gx:coord>12.017071 51.56298 348.28278</gx:coord>
        <when>2026-01-01T00:08:57.0822880Z</when>
        <gx:coord>12.016725 51.563183 350.78247</gx:coord>
        <when>2026-01-01T00:09:00.1882880Z</when>
        <gx:coord>12.015487 51.56409 359.2704</gx:coord>
        <when>2026-01-01T00:09:01.0892880Z</when>
        <gx:coord>12.015487 51.56409 359.2704</gx:coord>
        <when>2026-01-01T00:09:01.0892880Z</when>
        <gx:coord>12.01523 51.56434 363.0301</gx:coord>
        <when>2026-01-01T00:09:05.0832880Z</when>
        <gx:coord>12.014597 51.56513 373.943</gx:coord>
        <when>2026-01-01T00:09:05.1882880Z</when>
        <gx:coord>12.014434 51.565403 377.47308</gx:coord>
        <when>2026-01-01T00:09:09.0882880Z</when>
        <gx:coord>12.014103 51.56627 390.03427</gx:coord>
        <when>2026-01-01T00:09:09.0882880Z</when>
        <gx:coord>12.014015 51.566563 395.88452</gx:coord>
        <when>2026-01-01T00:09:10.1882880Z</when>
        <gx:coord>12.01393 51.56686 399.64148</gx:coord>
        <when>2026-01-01T00:09:12.0992880Z</when>
        <gx:coord>12.013834 51.56746 404.19904</gx:coord>
        <when>2026-01-01T00:09:15.1882880Z</when>
        <gx:coord>12.013774 51.56838 417.47156</gx:coord>
        <when>2026-01-01T00:09:16.0892880Z</when>
        <gx:coord>12.013774 51.56838 417.47156</gx:coord>
        <when>2026-01-01T00:09:17.0922880Z</when>
        <gx:coord>12.013769 51.568687 419.18127</gx:coord>
        <when>2026-01-01T00:09:18.0912880Z</when>
        <gx:coord>12.013814 51.569286 427.49243</gx:coord>
        <when>2026-01-01T00:09:20.1872880Z</when>
        <gx:coord>12.013892 51.569866 434.81046</gx:coord>
        <when>2026-01-01T00:09:25.1882880Z</when>
        <gx:coord>12.014184 51.57128 446.28513</gx:coord>
        <when>2026-01-01T00:09:30.1882880Z</when>
        <gx:coord>12.014482 51.57272 453.46933</gx:coord>
        <when>2026-01-01T00:09:33.0882880Z</when>
        <gx:coord>12.014723 51.573566 460.42126</gx:coord>
        <when>2026-01-01T00:09:34.0852880Z</when>
        <gx:coord>12.014723 51.573566 460.42126</gx:coord>
        <when>2026-01-01T00:09:35.1882880Z</when>
        <gx:coord>12.0149 51.574112 463.57138</gx:coord>
        <when>2026-01-01T00:09:40.1882880Z</when>
        <gx:coord>12.015152 51.575478 468.48517</gx:coord>
        <when>2026-01-01T00:09:42.0872880Z</when>
        <gx:coord>12.015164 51.575764 468.2484</gx:coord>
        <when>2026-01-01T00:09:45.0882880Z</when>
        <gx:coord>12.015167 51.57665 474.03473</gx:coord>
        <when>2026-01-01T00:09:45.1872880Z</when>
        <gx:coord>12.015164 51.576946 478.58102</gx:coord>
        <when>2026-01-01T00:09:48.0862880Z</when>
        <gx:coord>12.015139 51.57783 491.49704</gx:coord>
        <when>2026-01-01T00:09:50.1882880Z</when>
        <gx:coord>12.015121 51.578403 498.8639</gx:coord>
        <when>2026-01-01T00:09:55.1882880Z</when>
        <gx:coord>12.015024 51.579765 518.1894</gx:coord>
        <when>2026-01-01T00:09:57.0882880Z</when>
        <gx:coord>12.014951 51.580284 524.40796</gx:coord>
        <when>2026-01-01T00:10:00.1882880Z</when>
        <gx:coord>12.014821 51.581047 532.7994</gx:coord>
        <when>2026-01-01T00:10:05.1932880Z</when>
        <gx:coord>12.014534 51.582333 536.5442</gx:coord>
        <when>2026-01-01T00:10:07.0872880Z</when>
        <gx:coord>12.014458 51.582592 536.5664</gx:coord>
        <when>2026-01-01T00:10:10.1882880Z</when>
        <gx:coord>12.014148 51.583683 540.45404</gx:coord>
        <when>2026-01-01T00:10:12.0952880Z</when>
        <gx:coord>12.014038 51.584244 542.2355</gx:coord>
        <when>2026-01-01T00:10:15.1882880Z</when>
        <gx:coord>12.013924 51.585087 548.30505</gx:coord>
        <when>2026-01-01T00:10:18.0922880Z</when>
        <gx:coord>12.013869 51.585922 555.1064</gx:coord>
        <when>2026-01-01T00:10:20.1892880Z</when>
        <gx:coord>12.013842 51.58647 559.7933</gx:coord>
        <when>2026-01-01T00:10:25.1892880Z</when>
        <gx:coord>12.0138 51.58783 568.7323</gx:coord>
        <when>2026-01-01T00:10:26.0882880Z</when>
        <gx:coord>12.0138 51.58783 568.7323</gx:coord>
        <when>2026-01-01T00:10:27.0892880Z</when>
        <gx:coord>12.013799 51.588093 570.4098</gx:coord>
        <when>2026-01-01T00:10:30.0862880Z</when>
        <gx:coord>12.013801 51.58888 575.4174</gx:coord>
        <when>2026-01-01T00:10:30.1892880Z</when>
        <gx:coord>12.013798 51.58914 577.0655</gx:coord>
        <when>2026-01-01T00:10:35.1892880Z</when>
        <gx:coord>12.013695 51.590485 582.717</gx:coord>
        <when>2026-01-01T00:10:37.0772880Z</when>
        <gx:coord>12.013648 51.591026 587.9348</gx:coord>
        <when>2026-01-01T00:10:40.1892880Z</when>
        <gx:coord>12.01358 51.59185 592.3085</gx:coord>
        <when>2026-01-01T00:10:45.1882880Z</when>
        <gx:coord>12.013521 51.593227 602.31824</gx:coord>
        <when>2026-01-01T00:10:46.0862880Z</when>
        <gx:coord>12.013521 51.593227 602.31824</gx:coord>
        <when>2026-01-01T00:10:49.0832880Z</when>
        <gx:coord>12.01352 51.594055 605.54553</gx:coord>
        <when>2026-01-01T00:10:50.1892880Z</when>
        <gx:coord>12.013515 51.594616 608.6235</gx:coord>
        <when>2026-01-01T00:10:55.1892880Z</when>
        <gx:coord>12.013465 51.59603 617.34906</gx:coord>
        <when>2026-01-01T00:10:56.0872880Z</when>
        <gx:coord>12.013451 51.59631 619.77185</gx:coord>
        <when>2026-01-01T00:11:00.1882880Z</when>
        <gx:coord>12.013395 51.59742 626.63855</gx:coord>
        <when>2026-01-01T00:11:05.1892880Z</when>
        <gx:coord>12.013257 51.59878 633.7378</gx:coord>
        <when>2026-01-01T00:11:10.1892880Z</when>
        <gx:coord>12.013117 51.600147 640.4952</gx:coord>
        <when>2026-01-01T00:11:13.0982880Z</when>
        <gx:coord>12.013039 51.600956 642.769</gx:coord>
        <when>2026-01-01T00:11:15.1892880Z</when>
        <gx:coord>12.012966 51.601486 648.8416</gx:coord>
        <when>2026-01-01T00:11:18.0852880Z</when>
        <gx:coord>12.01284 51.602295 651.48145</gx:coord>
        <when>2026-01-01T00:11:20.1892880Z</when>
        <gx:coord>12.012757 51.60283 657.0459</gx:coord>
        <when>2026-01-01T00:11:25.1892880Z</when>
        <gx:coord>12.0124655 51.604218 650.96594</gx:coord>
        <when>2026-01-01T00:11:30.1892880Z</when>
        <gx:coord>12.012101 51.605713 650.00464</gx:coord>
        <when>2026-01-01T00:11:31.0822880Z</when>
        <gx:coord>12.012101 51.605713 650.00464</gx:coord>
        <when>2026-01-01T00:11:35.1892880Z</when>
        <gx:coord>12.011773 51.607315 650.53546</gx:coord>
        <when>2026-01-01T00:11:40.1892880Z</when>
        <gx:coord>12.01152 51.60899 651.053</gx:coord>
        <when>2026-01-01T00:11:45.1892880Z</when>
        <gx:coord>12.011397 51.610725 648.19275</gx:coord>
        <when>2026-01-01T00:11:48.0882880Z</when>
        <gx:coord>12.011365 51.61144 645.49963</gx:coord>
        <when>2026-01-01T00:11:50.1892880Z</when>
        <gx:coord>12.011284 51.612537 652.2609</gx:coord>
        <when>2026-01-01T00:11:55.1892880Z</when>
        <gx:coord>12.011099 51.6144 662.1662</gx:coord>
        <when>2026-01-01T00:12:00.1892880Z</when>
        <gx:coord>12.0109825 51.616276 672.6348</gx:coord>
        <when>2026-01-01T00:12:04.0982880Z</when>
        <gx:coord>12.010961 51.617783 671.75757</gx:coord>
        <when>2026-01-01T00:12:05.1902880Z</when>
        <gx:coord>12.010956 51.61816 669.62524</gx:coord>
        <when>2026-01-01T00:12:10.1902880Z</when>
        <gx:coord>12.0109415 51.620056 668.2989</gx:coord>
        <when>2026-01-01T00:12:15.1892880Z</when>
        <gx:coord>12.01086 51.621937 674.1463</gx:coord>
        <when>2026-01-01T00:12:19.0832880Z</when>
        <gx:coord>12.010768 51.623413 682.62305</gx:coord>
        <when>2026-01-01T00:12:20.1902880Z</when>
        <gx:coord>12.0107355 51.623775 684.251</gx:coord>
        <when>2026-01-01T00:12:25.1902880Z</when>
        <gx:coord>12.010625 51.625584 684.4361</gx:coord>
        <when>2026-01-01T00:12:30.1892880Z</when>
        <gx:coord>12.010514 51.627377 680.9016</gx:coord>
        <when>2026-01-01T00:12:35.1902880Z</when>
        <gx:coord>12.010454 51.629128 683.9357</gx:coord>
        <when>2026-01-01T00:12:40.1902880Z</when>
        <gx:coord>12.010347 51.63085 684.7562</gx:coord>
        <when>2026-01-01T00:12:45.1902880Z</when>
        <gx:coord>12.010128 51.63258 678.8252</gx:coord>
        <when>2026-01-01T00:12:50.1902880Z</when>
        <gx:coord>12.009981 51.634377 679.5575</gx:coord>
        <when>2026-01-01T00:12:51.0902880Z</when>
        <gx:coord>12.009967 51.634743 679.5575</gx:coord>
        <when>2026-01-01T00:12:55.1902880Z</when>
        <gx:coord>12.00991 51.63622 685.143</gx:coord>
        <when>2026-01-01T00:13:00.1902880Z</when>
        <gx:coord>12.0098505 51.638084 695.94415</gx:coord>
        <when>2026-01-01T00:13:03.0852880Z</when>
        <gx:coord>12.009837 51.63883 703.01434</gx:coord>
        <when>2026-01-01T00:13:05.0892880Z</when>
        <gx:coord>12.009845 51.639576 712.4009</gx:coord>
        <when>2026-01-01T00:13:05.0892880Z</when>
        <gx:coord>12.009841 51.63995 715.4972</gx:coord>
        <when>2026-01-01T00:13:05.1902880Z</when>
        <gx:coord>12.009841 51.63995 715.4972</gx:coord>
        <when>2026-01-01T00:13:10.1902880Z</when>
        <gx:coord>12.009764 51.641796 723.81287</gx:coord>
        <when>2026-01-01T00:13:15.1902880Z</when>
        <gx:coord>12.009534 51.643673 720.6678</gx:coord>
        <when>2026-01-01T00:13:20.1902880Z</when>
        <gx:coord>12.009242 51.645576 724.1628</gx:coord>
        <when>2026-01-01T00:13:25.1902880Z</when>
        <gx:coord>12.008913 51.647438 736.3757</gx:coord>
        <when>2026-01-01T00:13:30.1902880Z</when>
        <gx:coord>12.0085945 51.649284 742.94653</gx:coord>
        <when>2026-01-01T00:13:35.1902880Z</when>
        <gx:coord>12.008173 51.65117 742.2605</gx:coord>
        <when>2026-01-01T00:13:36.0902880Z</when>
        <gx:coord>12.00807 51.65155 742.2605</gx:coord>
        <when>2026-01-01T00:13:40.1902880Z</when>
        <gx:coord>12.007691 51.653088 743.8489</gx:coord>
        <when>2026-01-01T00:13:45.0802880Z</when>
        <gx:coord>12.007309 51.65463 745.5372</gx:coord>
        <when>2026-01-01T00:13:45.0802880Z</when>
        <gx:coord>12.007191 51.655006 748.06647</gx:coord>
        <when>2026-01-01T00:13:45.1902880Z</when>
        <gx:coord>12.007191 51.655006 748.06647</gx:coord>
        <when>2026-01-01T00:13:50.1902880Z</when>
        <gx:coord>12.006616 51.65687 751.1593</gx:coord>
        <when>2026-01-01T00:13:55.1902880Z</when>
        <gx:coord>12.00601 51.658737 759.25287</gx:coord>
        <when>2026-01-01T00:14:00.1902880Z</when>
        <gx:coord>12.005521 51.660603 760.199</gx:coord>
        <when>2026-01-01T00:14:05.1912880Z</when>
        <gx:coord>12.005092 51.66249 755.905</gx:coord>
        <when>2026-01-01T00:14:10.1912880Z</when>
        <gx:coord>12.004644 51.664394 756.429</gx:coord>
        <when>2026-01-01T00:14:15.1912880Z</when>
        <gx:coord>12.00415 51.666275 760.27496</gx:coord>
        <when>2026-01-01T00:14:20.0932880Z</when>
        <gx:coord>12.003686 51.66817 760.9198</gx:coord>
        <when>2026-01-01T00:14:20.1912880Z</when>
        <gx:coord>12.003686 51.66817 761.1987</gx:coord>
        <when>2026-01-01T00:14:25.1912880Z</when>
        <gx:coord>12.003374 51.670086 760.7178</gx:coord>
        <when>2026-01-01T00:14:30.1912880Z</when>
        <gx:coord>12.003117 51.672 757.7628</gx:coord>
        <when>2026-01-01T00:14:35.1912880Z</when>
        <gx:coord>12.002836 51.673958 750.0192</gx:coord>
        <when>2026-01-01T00:14:40.1912880Z</when>
        <gx:coord>12.00259 51.67593 751.5461</gx:coord>
        <when>2026-01-01T00:14:45.1912880Z</when>
        <gx:coord>12.002444 51.677887 750.9515</gx:coord>
        <when>2026-01-01T00:14:50.1912880Z</when>
        <gx:coord>12.002335 51.679836 746.24603</gx:coord>
        <when>2026-01-01T00:14:55.1912880Z</when>
        <gx:coord>12.002209 51.681786 744.94525</gx:coord>
        <when>2026-01-01T00:15:00.1902880Z</when>
        <gx:coord>12.002022 51.68373 742.66235</gx:coord>
        <when>2026-01-01T00:15:03.0952880Z</when>
        <gx:coord>12.001877 51.684883 741.90295</gx:coord>
        <when>2026-01-01T00:15:05.1912880Z</when>
        <gx:coord>12.00178 51.685646 741.2636</gx:coord>
        <when>2026-01-01T00:15:10.1912880Z</when>
        <gx:coord>12.00158 51.68754 741.9785</gx:coord>
        <when>2026-01-01T00:15:15.1912880Z</when>
        <gx:coord>12.001398 51.689415 740.3184</gx:coord>
        <when>2026-01-01T00:15:20.0852880Z</when>
        <gx:coord>12.001299 51.690907 739.4389</gx:coord>
        <when>2026-01-01T00:15:20.1912880Z</when>
        <gx:coord>12.0013 51.69128 738.13055</gx:coord>
        <when>2026-01-01T00:15:21.0842880Z</when>
        <gx:coord>12.0013 51.69128 738.13055</gx:coord>
        <when>2026-01-01T00:15:25.1912880Z</when>
        <gx:coord>12.001377 51.69318 735.4629</gx:coord>
        <when>2026-01-01T00:15:30.1912880Z</when>
        <gx:coord>12.001506 51.695045 739.10736</gx:coord>
        <when>2026-01-01T00:15:35.1912880Z</when>
        <gx:coord>12.001608 51.696877 742.1363</gx:coord>
        <when>2026-01-01T00:15:38.0842880Z</when>
        <gx:coord>12.001611 51.697598 742.18884</gx:coord>
        <when>2026-01-01T00:15:39.0872880Z</when>
        <gx:coord>12.00161 51.697956 742.61163</gx:coord>
        <when>2026-01-01T00:15:40.0842880Z</when>
        <gx:coord>12.00161 51.69831 742.9844</gx:coord>
        <when>2026-01-01T00:15:40.1912880Z</when>
        <gx:coord>12.001606 51.698666 743.0491</gx:coord>
        <when>2026-01-01T00:15:45.1912880Z</when>
        <gx:coord>12.001583 51.70041 742.562</gx:coord>
        <when>2026-01-01T00:15:49.1082880Z</when>
        <gx:coord>12.00155 51.701782 740.0438</gx:coord>
        <when>2026-01-01T00:15:50.1912880Z</when>
        <gx:coord>12.001538 51.70213 736.6034</gx:coord>
        <when>2026-01-01T00:15:55.1912880Z</when>
        <gx:coord>12.001362 51.703896 725.61694</gx:coord>
        <when>2026-01-01T00:15:59.0842880Z</when>
        <gx:coord>12.001108 51.705338 716.6919</gx:coord>
        <when>2026-01-01T00:16:00.1912880Z</when>
        <gx:coord>12.001048 51.705704 715.1743</gx:coord>
        <when>2026-01-01T00:16:05.1912880Z</when>
        <gx:coord>12.000756 51.707558 709.3119</gx:coord>
        <when>2026-01-01T00:16:10.1912880Z</when>
        <gx:coord>12.000414 51.709446 701.1104</gx:coord>
        <when>2026-01-01T00:16:15.1912880Z</when>
        <gx:coord>12.00014 51.71136 695.06226</gx:coord>
        <when>2026-01-01T00:16:20.1912880Z</when>
        <gx:coord>11.999854 51.713284 701.91864</gx:coord>
        <when>2026-01-01T00:16:25.1922880Z</when>
        <gx:coord>11.999567 51.715202 712.54877</gx:coord>
        <when>2026-01-01T00:16:30.1922880Z</when>
        <gx:coord>11.999297 51.717133 729.85376</gx:coord>
        <when>2026-01-01T00:16:34.1002880Z</when>
        <gx:coord>11.999079 51.718636 742.5766</gx:coord>
        <when>2026-01-01T00:16:35.0862880Z</when>
        <gx:coord>11.999025 51.719 750.15436</gx:coord>
        <when>2026-01-01T00:16:35.1922880Z</when>
        <gx:coord>11.999025 51.719 750.15436</gx:coord>
        <when>2026-01-01T00:16:40.1922880Z</when>
        <gx:coord>11.998834 51.720814 757.56976</gx:coord>
        <when>2026-01-01T00:16:44.0862880Z</when>
        <gx:coord>11.998803 51.721905 759.7792</gx:coord>
        <when>2026-01-01T00:16:45.1922880Z</when>
        <gx:coord>11.998821 51.722633 758.9514</gx:coord>
        <when>2026-01-01T00:16:46.0882880Z</when>
        <gx:coord>11.998821 51.722633 758.9514</gx:coord>
        <when>2026-01-01T00:16:50.1912880Z</when>
        <gx:coord>11.998743 51.724453 764.57526</gx:coord>
        <when>2026-01-01T00:16:55.1912880Z</when>
        <gx:coord>11.998568 51.72625 769.2483</gx:coord>
        <when>2026-01-01T00:17:00.1922880Z</when>
        <gx:coord>11.998399 51.728065 763.3273</gx:coord>
        <when>2026-01-01T00:17:05.1922880Z</when>
        <gx:coord>11.99827 51.729935 760.7038</gx:coord>
        <when>2026-01-01T00:17:10.1912880Z</when>
        <gx:coord>11.998172 51.731804 760.3611</gx:coord>
        <when>2026-01-01T00:17:15.0832880Z</when>
        <gx:coord>11.998134 51.733303 759.1863</gx:coord>
        <when>2026-01-01T00:17:15.1922880Z</when>
        <gx:coord>11.998137 51.73368 758.7144</gx:coord>
        <when>2026-01-01T00:17:20.0902880Z</when>
        <gx:coord>11.998187 51.735558 757.93365</gx:coord>
        <when>2026-01-01T00:17:20.1922880Z</when>
        <gx:coord>11.998187 51.735558 757.52356</gx:coord>
        <when>2026-01-01T00:17:25.1922880Z</when>
        <gx:coord>11.998253 51.73741 756.1488</gx:coord>
        <when>2026-01-01T00:17:30.1912880Z</when>
        <gx:coord>11.998395 51.73924 754.28485</gx:coord>
        <when>2026-01-01T00:17:35.1922880Z</when>
        <gx:coord>11.998527 51.741062 753.0539</gx:coord>
        <when>2026-01-01T00:17:40.1922880Z</when>
        <gx:coord>11.998691 51.742878 752.4953</gx:coord>
        <when>2026-01-01T00:17:45.1922880Z</when>
        <gx:coord>11.998855 51.744717 752.2936</gx:coord>
        <when>2026-01-01T00:17:50.1922880Z</when>
        <gx:coord>11.998972 51.746567 759.45856</gx:coord>
        <when>2026-01-01T00:17:54.0832880Z</when>
        <gx:coord>11.998987 51.74766 764.806</gx:coord>
        <when>2026-01-01T00:17:55.1922880Z</when>
        <gx:coord>11.998976 51.748386 769.545</gx:coord>
        <when>2026-01-01T00:18:00.1922880Z</when>
        <gx:coord>11.998916 51.750187 777.6696</gx:coord>
        <when>2026-01-01T00:18:05.1922880Z</when>
        <gx:coord>11.998803 51.751976 778.1632</gx:coord>
        <when>2026-01-01T00:18:06.0972880Z</when>
        <gx:coord>11.998769 51.75234 778.1632</gx:coord>
        <when>2026-01-01T00:18:09.0842880Z</when>
        <gx:coord>11.998633 51.75342 781.7872</gx:coord>
        <when>2026-01-01T00:18:10.1922880Z</when>
        <gx:coord>11.99858 51.753777 783.5987</gx:coord>
        <when>2026-01-01T00:18:15.1922880Z</when>
        <gx:coord>11.998258 51.75554 792.7549</gx:coord>
        <when>2026-01-01T00:18:20.1922880Z</when>
        <gx:coord>11.997889 51.757267 812.18097</gx:coord>
        <when>2026-01-01T00:18:21.0892880Z</when>
        <gx:coord>11.997821 51.757603 817.4082</gx:coord>
        <when>2026-01-01T00:18:25.0852880Z</when>
        <gx:coord>11.997643 51.758564 837.6117</gx:coord>
        <when>2026-01-01T00:18:25.1912880Z</when>
        <gx:coord>11.997584 51.758873 842.7195</gx:coord>
        <when>2026-01-01T00:18:27.0872880Z</when>
        <gx:coord>11.997465 51.75948 851.05756</gx:coord>
        <when>2026-01-01T00:18:30.1922880Z</when>
        <gx:coord>11.99729 51.76037 856.53986</gx:coord>
        <when>2026-01-01T00:18:35.1922880Z</when>
        <gx:coord>11.99694 51.761814 860.7962</gx:coord>
        <when>2026-01-01T00:18:40.1922880Z</when>
        <gx:coord>11.996558 51.76327 874.77124</gx:coord>
        <when>2026-01-01T00:18:42.0882880Z</when>
        <gx:coord>11.996397 51.76386 881.9773</gx:coord>
        <when>2026-01-01T00:18:43.0862880Z</when>
        <gx:coord>11.996397 51.76386 881.9773</gx:coord>
        <when>2026-01-01T00:18:45.1922880Z</when>
        <gx:coord>11.996143 51.764736 888.07715</gx:coord>
        <when>2026-01-01T00:18:50.1922880Z</when>
        <gx:coord>11.99572 51.76622 903.07166</gx:coord>
        <when>2026-01-01T00:18:53.0922880Z</when>
        <gx:coord>11.995467 51.76709 913.1694</gx:coord>
        <when>2026-01-01T00:18:55.1922880Z</when>
        <gx:coord>11.995285 51.767654 917.41846</gx:coord>
        <when>2026-01-01T00:19:00.0942880Z</when>
        <gx:coord>11.994815 51.769066 923.0805</gx:coord>
        <when>2026-01-01T00:19:00.1922880Z</when>
        <gx:coord>11.994815 51.769066 924.25995</gx:coord>
        <when>2026-01-01T00:19:05.1922880Z</when>
        <gx:coord>11.994382 51.770493 929.8393</gx:coord>
        <when>2026-01-01T00:19:10.1922880Z</when>
        <gx:coord>11.993986 51.771942 941.1609</gx:coord>
        <when>2026-01-01T00:19:12.0942880Z</when>
        <gx:coord>11.993799 51.77252 945.47546</gx:coord>
        <when>2026-01-01T00:19:15.1922880Z</when>
        <gx:coord>11.993507 51.77339 951.71063</gx:coord>
        <when>2026-01-01T00:19:20.1922880Z</when>
        <gx:coord>11.993069 51.77491 962.6196</gx:coord>
        <when>2026-01-01T00:19:25.0822880Z</when>
        <gx:coord>11.992567 51.776443 976.79016</gx:coord>
        <when>2026-01-01T00:19:25.1932880Z</when>
        <gx:coord>11.992567 51.776443 976.79016</gx:coord>
        <when>2026-01-01T00:19:30.1932880Z</when>
        <gx:coord>11.992119 51.777973 999.6054</gx:coord>
        <when>2026-01-01T00:19:32.0832880Z</when>
        <gx:coord>11.9919405 51.77859 1007.6725</gx:coord>
        <when>2026-01-01T00:19:35.1932880Z</when>
        <gx:coord>11.991665 51.779533 1018.3317</gx:coord>
        <when>2026-01-01T00:19:40.1922880Z</when>
        <gx:coord>11.991276 51.781162 1038.0792</gx:coord>
        <when>2026-01-01T00:19:41.0862880Z</when>
        <gx:coord>11.991209 51.781494 1042.6442</gx:coord>
        <when>2026-01-01T00:19:45.1932880Z</when>
        <gx:coord>11.991017 51.782833 1065.0781</gx:coord>
        <when>2026-01-01T00:19:47.0982880Z</when>
        <gx:coord>11.990933 51.78348 1076.9998</gx:coord>
        <when>2026-01-01T00:19:50.1922880Z</when>
        <gx:coord>11.990835 51.784397 1096.4585</gx:coord>
        <when>2026-01-01T00:19:53.0882880Z</when>
        <gx:coord>11.990665 51.78526 1108.7994</gx:coord>
        <when>2026-01-01T00:19:54.0972880Z</when>
        <gx:coord>11.990595 51.785545 1108.7994</gx:coord>
        <when>2026-01-01T00:19:55.1932880Z</when>
        <gx:coord>11.990515 51.785828 1110.8109</gx:coord>
        <when>2026-01-01T00:20:00.1922880Z</when>
        <gx:coord>11.990178 51.787247 1107.6603</gx:coord>
        <when>2026-01-01T00:20:05.1932880Z</when>
        <gx:coord>11.989928 51.78874 1106.9811</gx:coord>
        <when>2026-01-01T00:20:10.1932880Z</when>
        <gx:coord>11.989802 51.790253 1111.686</gx:coord>
        <when>2026-01-01T00:20:15.1932880Z</when>
        <gx:coord>11.989706 51.791786 1116.7053</gx:coord>
        <when>2026-01-01T00:20:20.1932880Z</when>
        <gx:coord>11.98964 51.793373 1118.0161</gx:coord>
        <when>2026-01-01T00:20:25.1932880Z</when>
        <gx:coord>11.989553 51.794956 1127.7845</gx:coord>
        <when>2026-01-01T00:20:30.1932880Z</when>
        <gx:coord>11.989336 51.7965 1137.569</gx:coord>
        <when>2026-01-01T00:20:31.0862880Z</when>
        <gx:coord>11.989297 51.796806 1139.8846</gx:coord>
        <when>2026-01-01T00:20:35.1932880Z</when>
        <gx:coord>11.989152 51.798004 1149.492</gx:coord>
        <when>2026-01-01T00:20:40.1932880Z</when>
        <gx:coord>11.989046 51.799503 1157.9908</gx:coord>
        <when>2026-01-01T00:20:45.0862880Z</when>
        <gx:coord>11.989007 51.800743 1164.2141</gx:coord>
        <when>2026-01-01T00:20:45.1932880Z</when>
        <gx:coord>11.989007 51.801056 1165.994</gx:coord>
        <when>2026-01-01T00:20:46.0902880Z</when>
        <gx:coord>11.989007 51.801056 1165.994</gx:coord>
        <when>2026-01-01T00:20:47.0962880Z</when>
        <gx:coord>11.989022 51.801693 1171.3219</gx:coord>
        <when>2026-01-01T00:20:49.0982880Z</when>
        <gx:coord>11.989053 51.80233 1173.5624</gx:coord>
        <when>2026-01-01T00:20:50.1932880Z</when>
        <gx:coord>11.989067 51.80265 1177.7355</gx:coord>
        <when>2026-01-01T00:20:55.1932880Z</when>
        <gx:coord>11.989174 51.80426 1189.9894</gx:coord>
        <when>2026-01-01T00:20:57.0802880Z</when>
        <gx:coord>11.989178 51.80458 1192.616</gx:coord>
        <when>2026-01-01T00:21:00.1932880Z</when>
        <gx:coord>11.989047 51.805843 1197.0386</gx:coord>
        <when>2026-01-01T00:21:04.0812880Z</when>
        <gx:coord>11.988767 51.807083 1202.7875</gx:coord>
        <when>2026-01-01T00:21:05.1932880Z</when>
        <gx:coord>11.9886875 51.807392 1203.71</gx:coord>
        <when>2026-01-01T00:21:10.1932880Z</when>
        <gx:coord>11.988288 51.808952 1211.0825</gx:coord>
        <when>2026-01-01T00:21:15.1932880Z</when>
        <gx:coord>11.987932 51.810524 1215.7856</gx:coord>
        <when>2026-01-01T00:21:20.1932880Z</when>
        <gx:coord>11.987596 51.81207 1228.2356</gx:coord>
        <when>2026-01-01T00:21:22.0952880Z</when>
        <gx:coord>11.987483 51.81268 1233.7512</gx:coord>
        <when>2026-01-01T00:21:25.1932880Z</when>
        <gx:coord>11.987331 51.8136 1242.3878</gx:coord>
        <when>2026-01-01T00:21:30.1932880Z</when>
        <gx:coord>11.987143 51.81517 1250.5192</gx:coord>
        <when>2026-01-01T00:21:35.1932880Z</when>
        <gx:coord>11.987022 51.81679 1258.6758</gx:coord>
        <when>2026-01-01T00:21:37.0872880Z</when>
        <gx:coord>11.986987 51.817436 1264.8823</gx:coord>
        <when>2026-01-01T00:21:40.1932880Z</when>
        <gx:coord>11.986933 51.818394 1271.3993</gx:coord>
        <when>2026-01-01T00:21:42.0942880Z</when>
        <gx:coord>11.986887 51.819023 1273.5275</gx:coord>
        <when>2026-01-01T00:21:45.1932880Z</when>
        <gx:coord>11.98682 51.81996 1280.0237</gx:coord>
        <when>2026-01-01T00:21:50.1932880Z</when>
        <gx:coord>11.986656 51.821533 1283.9099</gx:coord>
        <when>2026-01-01T00:21:55.1932880Z</when>
        <gx:coord>11.986473 51.82312 1289.7354</gx:coord>
        <when>2026-01-01T00:22:00.1932880Z</when>
        <gx:coord>11.986369 51.82472 1293.6875</gx:coord>
        <when>2026-01-01T00:22:05.1932880Z</when>
        <gx:coord>11.986262 51.826412 1289.328</gx:coord>
        <when>2026-01-01T00:22:09.0842880Z</when>
        <gx:coord>11.986165 51.827827 1295.5171</gx:coord>
        <when>2026-01-01T00:22:10.1932880Z</when>
        <gx:coord>11.98614 51.828182 1297.436</gx:coord>
        <when>2026-01-01T00:22:15.1932880Z</when>
        <gx:coord>11.985993 51.829967 1305.1534</gx:coord>
        <when>2026-01-01T00:22:17.0842880Z</when>
        <gx:coord>11.985962 51.830326 1305.3667</gx:coord>
        <when>2026-01-01T00:22:20.1932880Z</when>
        <gx:coord>11.985835 51.831776 1307.4413</gx:coord>
        <when>2026-01-01T00:22:25.1922880Z</when>
        <gx:coord>11.985661 51.83362 1307.1201</gx:coord>
        <when>2026-01-01T00:22:30.1932880Z</when>
        <gx:coord>11.985506 51.83551 1302.859</gx:coord>
        <when>2026-01-01T00:22:31.0932880Z</when>
        <gx:coord>11.9854765 51.8359 1302.859</gx:coord>
        <when>2026-01-01T00:22:35.1932880Z</when>
        <gx:coord>11.985358 51.837467 1295.8529</gx:coord>
        <when>2026-01-01T00:22:40.1932880Z</when>
        <gx:coord>11.985233 51.839455 1295.3674</gx:coord>
        <when>2026-01-01T00:22:45.1942880Z</when>
        <gx:coord>11.985158 51.841454 1300.3087</gx:coord>
        <when>2026-01-01T00:22:50.1942880Z</when>
        <gx:coord>11.985068 51.843426 1305.9951</gx:coord>
        <when>2026-01-01T00:22:55.1942880Z</when>
        <gx:coord>11.98486 51.845383 1304.4613</gx:coord>
        <when>2026-01-01T00:23:00.1932880Z</when>
        <gx:coord>11.984527 51.84736 1307.0424</gx:coord>
        <when>2026-01-01T00:23:05.1942880Z</when>
        <gx:coord>11.9842 51.849354 1308.4155</gx:coord>
        <when>2026-01-01T00:23:10.1942880Z</when>
        <gx:coord>11.983854 51.851357 1305.725</gx:coord>
        <when>2026-01-01T00:23:12.0852880Z</when>
        <gx:coord>11.983772 51.85176 1306.1282</gx:coord>
        <when>2026-01-01T00:23:13.0982880Z</when>
        <gx:coord>11.983624 51.852577 1306.4042</gx:coord>
        <when>2026-01-01T00:23:15.1942880Z</when>
        <gx:coord>11.983479 51.853394 1307.2267</gx:coord>
        <when>2026-01-01T00:23:20.1942880Z</when>
        <gx:coord>11.983053 51.85541 1313.5127</gx:coord>
        <when>2026-01-01T00:23:25.1942880Z</when>
        <gx:coord>11.982562 51.85739 1322.0366</gx:coord>
        <when>2026-01-01T00:23:30.1942880Z</when>
        <gx:coord>11.982118 51.85937 1320.5825</gx:coord>
        <when>2026-01-01T00:23:35.1942880Z</when>
        <gx:coord>11.981728 51.861374 1319.0613</gx:coord>
        <when>2026-01-01T00:23:39.0792880Z</when>
        <gx:coord>11.981448 51.862988 1328.1129</gx:coord>
        <when>2026-01-01T00:23:40.1932880Z</when>
        <gx:coord>11.981384 51.863388 1330.0364</gx:coord>
        <when>2026-01-01T00:23:45.1942880Z</when>
        <gx:coord>11.981053 51.86541 1326.6863</gx:coord>
        <when>2026-01-01T00:23:50.1942880Z</when>
        <gx:coord>11.980653 51.86747 1324.9465</gx:coord>
        <when>2026-01-01T00:23:54.0832880Z</when>
        <gx:coord>11.980357 51.86914 1326.0598</gx:coord>
        <when>2026-01-01T00:23:55.1942880Z</when>
        <gx:coord>11.980285 51.869556 1325.926</gx:coord>
        <when>2026-01-01T00:24:00.1942880Z</when>
        <gx:coord>11.979901 51.87165 1326.4548</gx:coord>
        <when>2026-01-01T00:24:05.1942880Z</when>
        <gx:coord>11.979482 51.873714 1328.5553</gx:coord>
        <when>2026-01-01T00:24:10.1942880Z</when>
        <gx:coord>11.979031 51.87575 1332.8864</gx:coord>
        <when>2026-01-01T00:24:15.1932880Z</when>
        <gx:coord>11.978506 51.87778 1332.4972</gx:coord>
        <when>2026-01-01T00:24:16.0832880Z</when>
        <gx:coord>11.978506 51.87778 1332.4972</gx:coord>
        <when>2026-01-01T00:24:20.1942880Z</when>
        <gx:coord>11.978011 51.87983 1333.9243</gx:coord>
        <when>2026-01-01T00:24:25.1942880Z</when>
        <gx:coord>11.977576 51.881886 1335.2878</gx:coord>
        <when>2026-01-01T00:24:30.1942880Z</when>
        <gx:coord>11.977163 51.88391 1337.4532</gx:coord>
        <when>2026-01-01T00:24:35.0842880Z</when>
        <gx:coord>11.976691 51.885937 1335.2404</gx:coord>
        <when>2026-01-01T00:24:35.1932880Z</when>
        <gx:coord>11.976691 51.885937 1335.6833</gx:coord>
        <when>2026-01-01T00:24:40.1942880Z</when>
        <gx:coord>11.976206 51.88798 1343.4954</gx:coord>
        <when>2026-01-01T00:24:45.1942880Z</when>
        <gx:coord>11.975862 51.890053 1349.6545</gx:coord>
        <when>2026-01-01T00:24:50.1942880Z</when>
        <gx:coord>11.975447 51.892143 1349.4303</gx:coord>
        <when>2026-01-01T00:24:55.1942880Z</when>
        <gx:coord>11.975029 51.89426 1344.4633</gx:coord>
        <when>2026-01-01T00:25:00.1942880Z</when>
        <gx:coord>11.974613 51.896393 1345.9684</gx:coord>
        <when>2026-01-01T00:25:05.1942880Z</when>
        <gx:coord>11.974215 51.898514 1347.544</gx:coord>
        <when>2026-01-01T00:25:10.1942880Z</when>
        <gx:coord>11.9738 51.900646 1346.7689</gx:coord>
        <when>2026-01-01T00:25:15.0892880Z</when>
        <gx:coord>11.973445 51.902798 1348.5754</gx:coord>
        <when>2026-01-01T00:25:15.1952880Z</when>
        <gx:coord>11.973445 51.902798 1349.0812</gx:coord>
        <when>2026-01-01T00:25:20.1952880Z</when>
        <gx:coord>11.973088 51.904953 1354.2687</gx:coord>
        <when>2026-01-01T00:25:25.1952880Z</when>
        <gx:coord>11.972791 51.907085 1355.3691</gx:coord>
        <when>2026-01-01T00:25:30.1952880Z</when>
        <gx:coord>11.972502 51.909233 1352.8047</gx:coord>
        <when>2026-01-01T00:25:35.1942880Z</when>
        <gx:coord>11.972197 51.9114 1351.6267</gx:coord>
        <when>2026-01-01T00:25:40.1952880Z</when>
        <gx:coord>11.971931 51.913555 1349.1755</gx:coord>
        <when>2026-01-01T00:25:45.1952880Z</when>
        <gx:coord>11.971702 51.915707 1348.7539</gx:coord>
        <when>2026-01-01T00:25:50.1942880Z</when>
        <gx:coord>11.971602 51.917896 1343.0477</gx:coord>
        <when>2026-01-01T00:25:54.0972880Z</when>
        <gx:coord>11.971496 51.919666 1342.6528</gx:coord>
        <when>2026-01-01T00:25:55.1952880Z</when>
        <gx:coord>11.971459 51.920105 1342.5571</gx:coord>
        <when>2026-01-01T00:26:00.1952880Z</when>
        <gx:coord>11.971151 51.922283 1346.5564</gx:coord>
        <when>2026-01-01T00:26:05.1952880Z</when>
        <gx:coord>11.97071 51.92441 1348.0492</gx:coord>
        <when>2026-01-01T00:26:10.1952880Z</when>
        <gx:coord>11.970205 51.9265 1343.146</gx:coord>
        <when>2026-01-01T00:26:15.1952880Z</when>
        <gx:coord>11.969544 51.92858 1337.1301</gx:coord>
        <when>2026-01-01T00:26:20.1952880Z</when>
        <gx:coord>11.968816 51.930645 1334.2086</gx:coord>
        <when>2026-01-01T00:26:25.1952880Z</when>
        <gx:coord>11.968087 51.93271 1330.0018</gx:coord>
        <when>2026-01-01T00:26:30.1952880Z</when>
        <gx:coord>11.967211 51.93476 1331.6652</gx:coord>
        <when>2026-01-01T00:26:34.0862880Z</when>
        <gx:coord>11.966574 51.936413 1331.8799</gx:coord>
        <when>2026-01-01T00:26:35.1952880Z</when>
        <gx:coord>11.966429 51.936825 1332.7922</gx:coord>
        <when>2026-01-01T00:26:40.1952880Z</when>
        <gx:coord>11.965774 51.938877 1339.0122</gx:coord>
        <when>2026-01-01T00:26:45.1952880Z</when>
        <gx:coord>11.965174 51.94091 1344.0721</gx:coord>
        <when>2026-01-01T00:26:50.1952880Z</when>
        <gx:coord>11.964735 51.94298 1340.8949</gx:coord>
        <when>2026-01-01T00:26:55.1952880Z</when>
        <gx:coord>11.964382 51.945084 1334.8627</gx:coord>
        <when>2026-01-01T00:27:00.1952880Z</when>
        <gx:coord>11.964076 51.94719 1330.3187</gx:coord>
        <when>2026-01-01T00:27:05.1952880Z</when>
        <gx:coord>11.963718 51.949265 1328.9902</gx:coord>
        <when>2026-01-01T00:27:10.1962880Z</when>
        <gx:coord>11.963436 51.951305 1332.2227</gx:coord>
        <when>2026-01-01T00:27:15.0862880Z</when>
        <gx:coord>11.9631195 51.953285 1340.4869</gx:coord>
        <when>2026-01-01T00:27:15.1962880Z</when>
        <gx:coord>11.9631195 51.953285 1342.2346</gx:coord>
        <when>2026-01-01T00:27:20.1962880Z</when>
        <gx:coord>11.962733 51.955208 1354.5013</gx:coord>
        <when>2026-01-01T00:27:22.0802880Z</when>
        <gx:coord>11.962597 51.95597 1358.9214</gx:coord>
        <when>2026-01-01T00:27:25.1962880Z</when>
        <gx:coord>11.962403 51.957108 1363.5698</gx:coord>
        <when>2026-01-01T00:27:30.1962880Z</when>
        <gx:coord>11.962051 51.959015 1366.6387</gx:coord>
        <when>2026-01-01T00:27:35.1962880Z</when>
        <gx:coord>11.961663 51.960953 1371.656</gx:coord>
        <when>2026-01-01T00:27:40.1962880Z</when>
        <gx:coord>11.961325 51.962948 1374.141</gx:coord>
        <when>2026-01-01T00:27:45.1962880Z</when>
        <gx:coord>11.960934 51.96496 1381.7501</gx:coord>
        <when>2026-01-01T00:27:50.1972880Z</when>
        <gx:coord>11.960617 51.96695 1389.3174</gx:coord>
        <when>2026-01-01T00:27:55.1962880Z</when>
        <gx:coord>11.960379 51.968952 1386.5157</gx:coord>
        <when>2026-01-01T00:27:58.0972880Z</when>
        <gx:coord>11.960225 51.970173 1381.7742</gx:coord>
        <when>2026-01-01T00:28:00.1972880Z</when>
        <gx:coord>11.960137 51.971 1374.334</gx:coord>
        <when>2026-01-01T00:28:05.1972880Z</when>
        <gx:coord>11.959995 51.97311 1369.5215</gx:coord>
        <when>2026-01-01T00:28:10.1972880Z</when>
        <gx:coord>11.959877 51.97525 1365.703</gx:coord>
        <when>2026-01-01T00:28:15.1972880Z</when>
        <gx:coord>11.959734 51.977394 1369.2062</gx:coord>
        <when>2026-01-01T00:28:20.1972880Z</when>
        <gx:coord>11.959608 51.979504 1374.7964</gx:coord>
        <when>2026-01-01T00:28:25.1972880Z</when>
        <gx:coord>11.959267 51.98158 1376.5791</gx:coord>
        <when>2026-01-01T00:28:30.1972880Z</when>
        <gx:coord>11.958736 51.98362 1379.711</gx:coord>
        <when>2026-01-01T00:28:35.1972880Z</when>
        <gx:coord>11.9581 51.985607 1386.7921</gx:coord>
        <when>2026-01-01T00:28:38.0972880Z</when>
        <gx:coord>11.957717 51.98678 1388.0239</gx:coord>
        <when>2026-01-01T00:28:40.1972880Z</when>
        <gx:coord>11.957474 51.987564 1388.7578</gx:coord>
        <when>2026-01-01T00:28:45.1972880Z</when>
        <gx:coord>11.956897 51.98953 1386.3102</gx:coord>
        <when>2026-01-01T00:28:50.1972880Z</when>
        <gx:coord>11.956399 51.991524 1388.2839</gx:coord>
        <when>2026-01-01T00:28:55.0942880Z</when>
        <gx:coord>11.955954 51.993534 1389.479</gx:coord>
        <when>2026-01-01T00:28:55.1972880Z</when>
        <gx:coord>11.955954 51.993534 1389.479</gx:coord>
        <when>2026-01-01T00:29:00.1972880Z</when>
        <gx:coord>11.955504 51.995556 1388.4922</gx:coord>
        <when>2026-01-01T00:29:05.1972880Z</when>
        <gx:coord>11.955075 51.997593 1387.7732</gx:coord>
        <when>2026-01-01T00:29:10.1972880Z</when>
        <gx:coord>11.95464 51.99965 1390.6873</gx:coord>
        <when>2026-01-01T00:29:15.1982880Z</when>
        <gx:coord>11.954231 52.001717 1393.1104</gx:coord>
        <when>2026-01-01T00:29:19.0972880Z</when>
        <gx:coord>11.953868 52.003387 1393.0638</gx:coord>
        <when>2026-01-01T00:29:20.1982880Z</when>
        <gx:coord>11.9537735 52.003807 1393.7162</gx:coord>
        <when>2026-01-01T00:29:25.1982880Z</when>
        <gx:coord>11.953311 52.005947 1390.9486</gx:coord>
        <when>2026-01-01T00:29:30.1982880Z</when>
        <gx:coord>11.95289 52.00812 1392.454</gx:coord>
        <when>2026-01-01T00:29:35.1982880Z</when>
        <gx:coord>11.952462 52.01032 1390.9154</gx:coord>
        <when>2026-01-01T00:29:40.1982880Z</when>
        <gx:coord>11.952005 52.012527 1394.3298</gx:coord>
        <when>2026-01-01T00:29:45.1982880Z</when>
        <gx:coord>11.951566 52.01473 1393.1141</gx:coord>
        <when>2026-01-01T00:29:50.1982880Z</when>
        <gx:coord>11.95113 52.016933 1394.9524</gx:coord>
        <when>2026-01-01T00:29:55.1982880Z</when>
        <gx:coord>11.950675 52.019104 1400.5737</gx:coord>
        <when>2026-01-01T00:29:57.0982880Z</when>
        <gx:coord>11.950487 52.019962 1399.9496</gx:coord>
        <when>2026-01-01T00:30:00.1982880Z</when>
        <gx:coord>11.950231 52.021248 1401.3733</gx:coord>
        <when>2026-01-01T00:30:05.1982880Z</when>
        <gx:coord>11.949803 52.023373 1399.6753</gx:coord>
        <when>2026-01-01T00:30:10.1982880Z</when>
        <gx:coord>11.949364 52.025505 1400.3356</gx:coord>
        <when>2026-01-01T00:30:15.1982880Z</when>
        <gx:coord>11.948966 52.02763 1398.3116</gx:coord>
        <when>2026-01-01T00:30:20.1982880Z</when>
        <gx:coord>11.948502 52.029728 1400.0807</gx:coord>
        <when>2026-01-01T00:30:25.1982880Z</when>
        <gx:coord>11.947925 52.031784 1401.6273</gx:coord>
        <when>2026-01-01T00:30:30.1982880Z</when>
        <gx:coord>11.947284 52.033825 1399.3627</gx:coord>
        <when>2026-01-01T00:30:35.1992880Z</when>
        <gx:coord>11.946559 52.035847 1400.5265</gx:coord>
        <when>2026-01-01T00:30:37.0952880Z</when>
        <gx:coord>11.946243 52.036648 1400.5629</gx:coord>
        <when>2026-01-01T00:30:40.1992880Z</when>
        <gx:coord>11.945762 52.037846 1400.4092</gx:coord>
        <when>2026-01-01T00:30:45.1992880Z</when>
        <gx:coord>11.945054 52.039856 1399.0873</gx:coord>
        <when>2026-01-01T00:30:50.1992880Z</when>
        <gx:coord>11.944367 52.04188 1394.9851</gx:coord>
        <when>2026-01-01T00:30:55.1992880Z</when>
        <gx:coord>11.943693 52.043926 1398.155</gx:coord>
        <when>2026-01-01T00:31:00.1992880Z</when>
        <gx:coord>11.942993 52.04598 1398.5403</gx:coord>
        <when>2026-01-01T00:31:05.1982880Z</when>
        <gx:coord>11.942352 52.048046 1401.3969</gx:coord>
        <when>2026-01-01T00:31:10.1992880Z</when>
        <gx:coord>11.9416895 52.050125 1400.0807</gx:coord>
        <when>2026-01-01T00:31:15.1992880Z</when>
        <gx:coord>11.940965 52.052227 1400.7236</gx:coord>
        <when>2026-01-01T00:31:17.0992880Z</when>
        <gx:coord>11.9407 52.053078 1402.418</gx:coord>
        <when>2026-01-01T00:31:20.1992880Z</when>
        <gx:coord>11.940329 52.054363 1408.5173</gx:coord>
        <when>2026-01-01T00:31:25.1992880Z</when>
        <gx:coord>11.939715 52.056526 1402.9235</gx:coord>
        <when>2026-01-01T00:31:30.1982880Z</when>
        <gx:coord>11.939083 52.05871 1404.391</gx:coord>
        <when>2026-01-01T00:31:35.1992880Z</when>
        <gx:coord>11.9384985 52.06092 1413.5421</gx:coord>
        <when>2026-01-01T00:31:38.0882880Z</when>
        <gx:coord>11.938321 52.06182 1415.8927</gx:coord>
        <when>2026-01-01T00:31:40.1992880Z</when>
        <gx:coord>11.938054 52.063206 1412.2432</gx:coord>
        <when>2026-01-01T00:31:45.1982880Z</when>
        <gx:coord>11.937395 52.06556 1407.3359</gx:coord>
        <when>2026-01-01T00:31:50.1982880Z</when>
        <gx:coord>11.936528 52.0679 1398.6918</gx:coord>
        <when>2026-01-01T00:31:54.0952880Z</when>
        <gx:coord>11.935829 52.06977 1397.4215</gx:coord>
        <when>2026-01-01T00:31:55.1982880Z</when>
        <gx:coord>11.935688 52.070236 1394.3176</gx:coord>
        <when>2026-01-01T00:32:00.1982880Z</when>
        <gx:coord>11.935029 52.072567 1391.2656</gx:coord>
        <when>2026-01-01T00:32:05.1982880Z</when>
        <gx:coord>11.934432 52.074886 1385.1333</gx:coord>
        <when>2026-01-01T00:32:10.1992880Z</when>
        <gx:coord>11.933747 52.077187 1384.9398</gx:coord>
        <when>2026-01-01T00:32:15.1992880Z</when>
        <gx:coord>11.933112 52.079464 1384.3112</gx:coord>
        <when>2026-01-01T00:32:20.1982880Z</when>
        <gx:coord>11.93262 52.08173 1384.3312</gx:coord>
        <when>2026-01-01T00:32:25.1992880Z</when>
        <gx:coord>11.932188 52.084003 1376.3063</gx:coord>
        <when>2026-01-01T00:32:30.0962880Z</when>
        <gx:coord>11.931789 52.086304 1368.3011</gx:coord>
        <when>2026-01-01T00:32:30.1992880Z</when>
        <gx:coord>11.931789 52.086304 1366.7755</gx:coord>
        <when>2026-01-01T00:32:35.1992880Z</when>
        <gx:coord>11.931316 52.088604 1364.1774</gx:coord>
        <when>2026-01-01T00:32:40.1992880Z</when>
        <gx:coord>11.930676 52.09085 1364.756</gx:coord>
        <when>2026-01-01T00:32:45.1992880Z</when>
        <gx:coord>11.929916 52.093052 1362.3612</gx:coord>
        <when>2026-01-01T00:32:50.1992880Z</when>
        <gx:coord>11.929118 52.09522 1363.9114</gx:coord>
        <when>2026-01-01T00:32:55.1992880Z</when>
        <gx:coord>11.928351 52.097355 1367.6412</gx:coord>
        <when>2026-01-01T00:33:00.1992880Z</when>
        <gx:coord>11.927615 52.099476 1368.5553</gx:coord>
        <when>2026-01-01T00:33:05.1992880Z</when>
        <gx:coord>11.926852 52.101624 1365.0356</gx:coord>
        <when>2026-01-01T00:33:08.1022880Z</when>
        <gx:coord>11.92638 52.10292 1364.1056</gx:coord>
        <when>2026-01-01T00:33:10.1992880Z</when>
        <gx:coord>11.92608 52.10379 1363.6182</gx:coord>
        <when>2026-01-01T00:33:15.1982880Z</when>
        <gx:coord>11.9254465 52.10599 1359.149</gx:coord>
        <when>2026-01-01T00:33:16.1002880Z</when>
        <gx:coord>11.925327 52.10643 1358.2805</gx:coord>
        <when>2026-01-01T00:33:20.1992880Z</when>
        <gx:coord>11.924831 52.108192 1356.1444</gx:coord>
        <when>2026-01-01T00:33:25.1992880Z</when>
        <gx:coord>11.924191 52.110367 1355.5621</gx:coord>
        <when>2026-01-01T00:33:30.1992880Z</when>
        <gx:coord>11.9235935 52.112526 1353.5441</gx:coord>
        <when>2026-01-01T00:33:35.1982880Z</when>
        <gx:coord>11.923009 52.11469 1349.7134</gx:coord>
        <when>2026-01-01T00:33:40.1992880Z</when>
        <gx:coord>11.922379 52.11685 1346.7351</gx:coord>
        <when>2026-01-01T00:33:45.1982880Z</when>
        <gx:coord>11.921805 52.119022 1343.3379</gx:coord>
        <when>2026-01-01T00:33:46.0892880Z</when>
        <gx:coord>11.921701 52.11946 1343.3379</gx:coord>
        <when>2026-01-01T00:33:50.1992880Z</when>
        <gx:coord>11.921306 52.121197 1346.6974</gx:coord>
        <when>2026-01-01T00:33:55.1992880Z</when>
        <gx:coord>11.920814 52.123356 1358.4977</gx:coord>
        <when>2026-01-01T00:34:00.1992880Z</when>
        <gx:coord>11.920303 52.12551 1358.7996</gx:coord>
        <when>2026-01-01T00:34:05.1992880Z</when>
        <gx:coord>11.919794 52.127655 1363.0468</gx:coord>
        <when>2026-01-01T00:34:10.1992880Z</when>
        <gx:coord>11.919239 52.129784 1367.4614</gx:coord>
        <when>2026-01-01T00:34:15.1992880Z</when>
        <gx:coord>11.918736 52.1319 1370.8907</gx:coord>
        <when>2026-01-01T00:34:20.1992880Z</when>
        <gx:coord>11.918409 52.13401 1373.8861</gx:coord>
        <when>2026-01-01T00:34:25.0972880Z</when>
        <gx:coord>11.918212 52.136127 1373.6385</gx:coord>
        <when>2026-01-01T00:34:25.1992880Z</when>
        <gx:coord>11.918212 52.136127 1373.5989</gx:coord>
        <when>2026-01-01T00:34:30.1982880Z</when>
        <gx:coord>11.91803 52.13828 1370.6722</gx:coord>
        <when>2026-01-01T00:34:35.1992880Z</when>
        <gx:coord>11.917835 52.14047 1365.8367</gx:coord>
        <when>2026-01-01T00:34:40.1982880Z</when>
        <gx:coord>11.917683 52.142685 1365.1199</gx:coord>
        <when>2026-01-01T00:34:45.1992880Z</when>
        <gx:coord>11.917556 52.14491 1364.984</gx:coord>
        <when>2026-01-01T00:34:50.1992880Z</when>
        <gx:coord>11.917471 52.147137 1364.4125</gx:coord>
        <when>2026-01-01T00:34:53.0852880Z</when>
        <gx:coord>11.917452 52.148033 1362.7646</gx:coord>
        <when>2026-01-01T00:34:55.1992880Z</when>
        <gx:coord>11.917443 52.14938 1362.4386</gx:coord>
        <when>2026-01-01T00:35:00.1992880Z</when>
        <gx:coord>11.917378 52.15162 1364.6206</gx:coord>
        <when>2026-01-01T00:35:03.0982880Z</when>
        <gx:coord>11.917284 52.152943 1364.0381</gx:coord>
        <when>2026-01-01T00:35:05.1992880Z</when>
        <gx:coord>11.917245 52.15383 1362.7462</gx:coord>
        <when>2026-01-01T00:35:08.0872880Z</when>
        <gx:coord>11.9172325 52.154728 1362.0426</gx:coord>
        <when>2026-01-01T00:35:10.1992880Z</when>
        <gx:coord>11.917236 52.15609 1364.0292</gx:coord>
        <when>2026-01-01T00:35:13.0852880Z</when>
        <gx:coord>11.917245 52.157005 1366.7379</gx:coord>
        <when>2026-01-01T00:35:15.1992880Z</when>
        <gx:coord>11.9172 52.158386 1372.5658</gx:coord>
        <when>2026-01-01T00:35:20.1992880Z</when>
        <gx:coord>11.916988 52.160652 1374.8766</gx:coord>
        <when>2026-01-01T00:35:25.1992880Z</when>
        <gx:coord>11.916688 52.162907 1370.7803</gx:coord>
        <when>2026-01-01T00:35:30.1992880Z</when>
        <gx:coord>11.91628 52.165134 1368.8989</gx:coord>
        <when>2026-01-01T00:35:35.1992880Z</when>
        <gx:coord>11.915804 52.167336 1368.6655</gx:coord>
        <when>2026-01-01T00:35:40.1992880Z</when>
        <gx:coord>11.915258 52.16951 1369.1736</gx:coord>
        <when>2026-01-01T00:35:41.0892880Z</when>
        <gx:coord>11.915153 52.169945 1369.1736</gx:coord>
        <when>2026-01-01T00:35:45.2042880Z</when>
        <gx:coord>11.9147625 52.171688 1369.9446</gx:coord>
        <when>2026-01-01T00:35:50.1992880Z</when>
        <gx:coord>11.914364 52.173862 1374.4806</gx:coord>
        <when>2026-01-01T00:35:55.1992880Z</when>
        <gx:coord>11.914027 52.176 1379.7024</gx:coord>
        <when>2026-01-01T00:36:00.2052880Z</when>
        <gx:coord>11.913724 52.178127 1377.1875</gx:coord>
        <when>2026-01-01T00:36:05.1992880Z</when>
        <gx:coord>11.913455 52.18028 1376.2808</gx:coord>
        <when>2026-01-01T00:36:10.1992880Z</when>
        <gx:coord>11.913266 52.18242 1380.2239</gx:coord>
        <when>2026-01-01T00:36:15.1992880Z</when>
        <gx:coord>11.913143 52.18451 1384.3838</gx:coord>
        <when>2026-01-01T00:36:17.0842880Z</when>
        <gx:coord>11.913122 52.184925 1385.3582</gx:coord>
        <when>2026-01-01T00:36:20.0942880Z</when>
        <gx:coord>11.913033 52.186565 1387.4482</gx:coord>
        <when>2026-01-01T00:36:20.1992880Z</when>
        <gx:coord>11.913033 52.186565 1387.6794</gx:coord>
        <when>2026-01-01T00:36:25.1992880Z</when>
        <gx:coord>11.912711 52.188583 1387.9353</gx:coord>
        <when>2026-01-01T00:36:30.1992880Z</when>
        <gx:coord>11.912263 52.19058 1387.9071</gx:coord>
        <when>2026-01-01T00:36:35.1992880Z</when>
        <gx:coord>11.911862 52.1926 1385.9794</gx:coord>
        <when>2026-01-01T00:36:40.1992880Z</when>
        <gx:coord>11.911459 52.194645 1383.9255</gx:coord>
        <when>2026-01-01T00:36:45.1992880Z</when>
        <gx:coord>11.911041 52.19668 1384.6366</gx:coord>
        <when>2026-01-01T00:36:50.0922880Z</when>
        <gx:coord>11.910589 52.19866 1390.5643</gx:coord>
        <when>2026-01-01T00:36:50.1992880Z</when>
        <gx:coord>11.910589 52.19866 1390.5643</gx:coord>
        <when>2026-01-01T00:36:55.2002880Z</when>
        <gx:coord>11.910161 52.200603 1392.2754</gx:coord>
        <when>2026-01-01T00:37:00.1992880Z</when>
        <gx:coord>11.909723 52.202553 1394.1542</gx:coord>
        <when>2026-01-01T00:37:02.0952880Z</when>
        <gx:coord>11.909561 52.20334 1394.1603</gx:coord>
        <when>2026-01-01T00:37:05.2002880Z</when>
        <gx:coord>11.909334 52.204517 1397.1932</gx:coord>
        <when>2026-01-01T00:37:10.2002880Z</when>
        <gx:coord>11.908964 52.206486 1397.5883</gx:coord>
        <when>2026-01-01T00:37:15.2002880Z</when>
        <gx:coord>11.908582 52.20845 1399.7562</gx:coord>
        <when>2026-01-01T00:37:20.2002880Z</when>
        <gx:coord>11.908263 52.210403 1400.433</gx:coord>
        <when>2026-01-01T00:37:25.2002880Z</when>
        <gx:coord>11.907987 52.212364 1401.9098</gx:coord>
        <when>2026-01-01T00:37:30.2002880Z</when>
        <gx:coord>11.907711 52.214333 1399.8506</gx:coord>
        <when>2026-01-01T00:37:35.2002880Z</when>
        <gx:coord>11.907428 52.216312 1397.435</gx:coord>
        <when>2026-01-01T00:37:40.2002880Z</when>
        <gx:coord>11.907158 52.218292 1395.9536</gx:coord>
        <when>2026-01-01T00:37:45.0912880Z</when>
        <gx:coord>11.906871 52.220257 1395.3065</gx:coord>
        <when>2026-01-01T00:37:45.2002880Z</when>
        <gx:coord>11.906871 52.220257 1394.2997</gx:coord>
        <when>2026-01-01T00:37:50.2002880Z</when>
        <gx:coord>11.906466 52.22225 1395.3533</gx:coord>
        <when>2026-01-01T00:37:55.1992880Z</when>
        <gx:coord>11.905994 52.2243 1402.433</gx:coord>
        <when>2026-01-01T00:38:00.2002880Z</when>
        <gx:coord>11.905503 52.22637 1406.2491</gx:coord>
        <when>2026-01-01T00:38:05.2002880Z</when>
        <gx:coord>11.905021 52.228485 1417.4854</gx:coord>
        <when>2026-01-01T00:38:08.0842880Z</when>
        <gx:coord>11.904778 52.229748 1421.3214</gx:coord>
        <when>2026-01-01T00:38:10.2002880Z</when>
        <gx:coord>11.904601 52.230595 1423.4315</gx:coord>
        <when>2026-01-01T00:38:15.1992880Z</when>
        <gx:coord>11.904173 52.232742 1427.0211</gx:coord>
        <when>2026-01-01T00:38:20.1992880Z</when>
        <gx:coord>11.903797 52.23489 1427.9004</gx:coord>
        <when>2026-01-01T00:38:25.0982880Z</when>
        <gx:coord>11.903331 52.237003 1424.0596</gx:coord>
        <when>2026-01-01T00:38:25.2002880Z</when>
        <gx:coord>11.903331 52.237003 1422.1171</gx:coord>
        <when>2026-01-01T00:38:30.2002880Z</when>
        <gx:coord>11.902853 52.239132 1418.9973</gx:coord>
        <when>2026-01-01T00:38:35.2002880Z</when>
        <gx:coord>11.90238 52.241257 1418.7583</gx:coord>
        <when>2026-01-01T00:38:40.2002880Z</when>
        <gx:coord>11.902069 52.243423 1419.3232</gx:coord>
        <when>2026-01-01T00:38:45.2002880Z</when>
        <gx:coord>11.901834 52.245625 1418.6299</gx:coord>
        <when>2026-01-01T00:38:50.1992880Z</when>
        <gx:coord>11.901511 52.24784 1420.3313</gx:coord>
        <when>2026-01-01T00:38:55.2002880Z</when>
        <gx:coord>11.901052 52.25005 1420.413</gx:coord>
        <when>2026-01-01T00:39:00.2002880Z</when>
        <gx:coord>11.900467 52.25222 1423.1354</gx:coord>
        <when>2026-01-01T00:39:04.0962880Z</when>
        <gx:coord>11.899994 52.25395 1423.5244</gx:coord>
        <when>2026-01-01T00:39:05.2002880Z</when>
        <gx:coord>11.899876 52.25438 1421.7456</gx:coord>
        <when>2026-01-01T00:39:10.1992880Z</when>
        <gx:coord>11.899297 52.256527 1417.249</gx:coord>
        <when>2026-01-01T00:39:15.2002880Z</when>
        <gx:coord>11.898815 52.258698 1412.7109</gx:coord>
        <when>2026-01-01T00:39:20.2002880Z</when>
        <gx:coord>11.898437 52.260883 1411.7468</gx:coord>
        <when>2026-01-01T00:39:25.2002880Z</when>
        <gx:coord>11.89805 52.26303 1417.0929</gx:coord>
        <when>2026-01-01T00:39:30.1992880Z</when>
        <gx:coord>11.897618 52.265106 1420.0726</gx:coord>
        <when>2026-01-01T00:39:35.2002880Z</when>
        <gx:coord>11.897195 52.267143 1422.7295</gx:coord>
        <when>2026-01-01T00:39:40.2002880Z</when>
        <gx:coord>11.896764 52.269184 1416.15</gx:coord>
        <when>2026-01-01T00:39:44.0922880Z</when>
        <gx:coord>11.896398 52.270836 1414.1367</gx:coord>
        <when>2026-01-01T00:39:45.2002880Z</when>
        <gx:coord>11.896302 52.271248 1414.1693</gx:coord>
        <when>2026-01-01T00:39:50.2002880Z</when>
        <gx:coord>11.895754 52.273304 1410.4973</gx:coord>
        <when>2026-01-01T00:39:55.2002880Z</when>
        <gx:coord>11.895282 52.2754 1406.2776</gx:coord>
        <when>2026-01-01T00:40:00.2002880Z</when>
        <gx:coord>11.894912 52.277508 1407.9596</gx:coord>
        <when>2026-01-01T00:40:05.1992880Z</when>
        <gx:coord>11.89446 52.27956 1410.0386</gx:coord>
        <when>2026-01-01T00:40:10.1992880Z</when>
        <gx:coord>11.893938 52.28159 1412.0895</gx:coord>
        <when>2026-01-01T00:40:15.2002880Z</when>
        <gx:coord>11.893455 52.283634 1413.83</gx:coord>
        <when>2026-01-01T00:40:20.2002880Z</when>
        <gx:coord>11.893098 52.285656 1418.7855</gx:coord>
        <when>2026-01-01T00:40:25.0992880Z</when>
        <gx:coord>11.8927145 52.287663 1421.5195</gx:coord>
        <when>2026-01-01T00:40:25.2002880Z</when>
        <gx:coord>11.8927145 52.287663 1422.0414</gx:coord>
        <when>2026-01-01T00:40:30.2002880Z</when>
        <gx:coord>11.892175 52.289673 1423.4526</gx:coord>
        <when>2026-01-01T00:40:32.0862880Z</when>
        <gx:coord>11.892058 52.290077 1423.715</gx:coord>
        <when>2026-01-01T00:40:35.2002880Z</when>
        <gx:coord>11.891569 52.291702 1417.6399</gx:coord>
        <when>2026-01-01T00:40:40.1992880Z</when>
        <gx:coord>11.890876 52.29376 1411.9021</gx:coord>
        <when>2026-01-01T00:40:45.2002880Z</when>
        <gx:coord>11.890258 52.295822 1413.8177</gx:coord>
        <when>2026-01-01T00:40:50.2002880Z</when>
        <gx:coord>11.88978 52.29791 1414.3809</gx:coord>
        <when>2026-01-01T00:40:55.2002880Z</when>
        <gx:coord>11.889405 52.3 1417.9172</gx:coord>
        <when>2026-01-01T00:41:00.2002880Z</when>
        <gx:coord>11.889009 52.302094 1419.0491</gx:coord>
        <when>2026-01-01T00:41:05.0932880Z</when>
        <gx:coord>11.888588 52.3042 1418.793</gx:coord>
        <when>2026-01-01T00:41:05.2002880Z</when>
        <gx:coord>11.888588 52.3042 1419.3773</gx:coord>
        <when>2026-01-01T00:41:10.2002880Z</when>
        <gx:coord>11.888155 52.30629 1417.4708</gx:coord>
        <when>2026-01-01T00:41:15.2002880Z</when>
        <gx:coord>11.887709 52.3084 1415.0172</gx:coord>
        <when>2026-01-01T00:41:20.2002880Z</when>
        <gx:coord>11.887293 52.3105 1419.5397</gx:coord>
        <when>2026-01-01T00:41:25.2002880Z</when>
        <gx:coord>11.886965 52.312595 1420.361</gx:coord>
        <when>2026-01-01T00:41:30.2002880Z</when>
        <gx:coord>11.886639 52.31469 1421.858</gx:coord>
        <when>2026-01-01T00:41:35.2002880Z</when>
        <gx:coord>11.886279 52.31678 1420.7506</gx:coord>
        <when>2026-01-01T00:41:40.2002880Z</when>
        <gx:coord>11.885924 52.318886 1418.7433</gx:coord>
        <when>2026-01-01T00:41:45.0962880Z</when>
        <gx:coord>11.885577 52.32102 1414.9221</gx:coord>
        <when>2026-01-01T00:41:45.2002880Z</when>
        <gx:coord>11.885577 52.32102 1413.6907</gx:coord>
        <when>2026-01-01T00:41:50.2002880Z</when>
        <gx:coord>11.885143 52.323147 1412.5029</gx:coord>
        <when>2026-01-01T00:41:55.1992880Z</when>
        <gx:coord>11.884609 52.325253 1412.9718</gx:coord>
        <when>2026-01-01T00:42:00.2002880Z</when>
        <gx:coord>11.884038 52.3273 1412.521</gx:coord>
        <when>2026-01-01T00:42:05.2002880Z</when>
        <gx:coord>11.883458 52.3293 1408.0339</gx:coord>
        <when>2026-01-01T00:42:10.2002880Z</when>
        <gx:coord>11.882947 52.33131 1406.214</gx:coord>
        <when>2026-01-01T00:42:15.1992880Z</when>
        <gx:coord>11.882525 52.333336 1406.4937</gx:coord>
        <when>2026-01-01T00:42:20.1992880Z</when>
        <gx:coord>11.882097 52.335346 1409.2031</gx:coord>
        <when>2026-01-01T00:42:25.1992880Z</when>
        <gx:coord>11.881558 52.337326 1413.0933</gx:coord>
        <when>2026-01-01T00:42:26.0962880Z</when>
        <gx:coord>11.881452 52.33773 1413.0933</gx:coord>
        <when>2026-01-01T00:42:30.2002880Z</when>
        <gx:coord>11.881 52.339367 1413.2389</gx:coord>
        <when>2026-01-01T00:42:35.1992880Z</when>
        <gx:coord>11.880429 52.341465 1410.3114</gx:coord>
        <when>2026-01-01T00:42:40.1992880Z</when>
        <gx:coord>11.879922 52.34356 1405.6646</gx:coord>
        <when>2026-01-01T00:42:45.2002880Z</when>
        <gx:coord>11.879436 52.345634 1409.0381</gx:coord>
        <when>2026-01-01T00:42:50.1992880Z</when>
        <gx:coord>11.879031 52.3477 1411.4868</gx:coord>
        <when>2026-01-01T00:42:55.1992880Z</when>
        <gx:coord>11.87863 52.349762 1411.8987</gx:coord>
        <when>2026-01-01T00:43:00.2002880Z</when>
        <gx:coord>11.8781 52.351818 1416.2633</gx:coord>
        <when>2026-01-01T00:43:05.2002880Z</when>
        <gx:coord>11.877574 52.353897 1416.7009</gx:coord>
        <when>2026-01-01T00:43:06.0942880Z</when>
        <gx:coord>11.877474 52.354317 1416.7009</gx:coord>
        <when>2026-01-01T00:43:10.2002880Z</when>
        <gx:coord>11.877074 52.355972 1423.6788</gx:coord>
        <when>2026-01-01T00:43:15.2002880Z</when>
        <gx:coord>11.876566 52.358013 1429.7941</gx:coord>
        <when>2026-01-01T00:43:20.2002880Z</when>
        <gx:coord>11.876117 52.360035 1433.5515</gx:coord>
        <when>2026-01-01T00:43:25.2002880Z</when>
        <gx:coord>11.87564 52.36203 1431.7456</gx:coord>
        <when>2026-01-01T00:43:30.2002880Z</when>
        <gx:coord>11.875127 52.364 1429.9895</gx:coord>
        <when>2026-01-01T00:43:35.2002880Z</when>
        <gx:coord>11.87465 52.365986 1423.2236</gx:coord>
        <when>2026-01-01T00:43:40.2002880Z</when>
        <gx:coord>11.874191 52.367973 1420.749</gx:coord>
        <when>2026-01-01T00:43:45.2002880Z</when>
        <gx:coord>11.873765 52.36995 1419.9675</gx:coord>
        <when>2026-01-01T00:43:48.1002880Z</when>
        <gx:coord>11.873542 52.371136 1421.1522</gx:coord>
        <when>2026-01-01T00:43:50.2002880Z</when>
        <gx:coord>11.873421 52.37193 1421.302</gx:coord>
        <when>2026-01-01T00:43:55.2002880Z</when>
        <gx:coord>11.873138 52.373913 1423.4226</gx:coord>
        <when>2026-01-01T00:44:00.2002880Z</when>
        <gx:coord>11.872871 52.37588 1427.5448</gx:coord>
        <when>2026-01-01T00:44:05.1992880Z</when>
        <gx:coord>11.872571 52.377823 1430.0258</gx:coord>
        <when>2026-01-01T00:44:10.1992880Z</when>
        <gx:coord>11.872298 52.37975 1432.018</gx:coord>
        <when>2026-01-01T00:44:15.2002880Z</when>
        <gx:coord>11.871968 52.381733 1425.3286</gx:coord>
        <when>2026-01-01T00:44:20.2002880Z</when>
        <gx:coord>11.871605 52.383762 1424.4591</gx:coord>
        <when>2026-01-01T00:44:25.2002880Z</when>
        <gx:coord>11.871284 52.385826 1424.8339</gx:coord>
        <when>2026-01-01T00:44:30.0982880Z</when>
        <gx:coord>11.870932 52.387917 1423.9658</gx:coord>
        <when>2026-01-01T00:44:30.2002880Z</when>
        <gx:coord>11.870932 52.387917 1423.7703</gx:coord>
        <when>2026-01-01T00:44:35.2002880Z</when>
        <gx:coord>11.870608 52.39003 1418.4983</gx:coord>
        <when>2026-01-01T00:44:40.2002880Z</when>
        <gx:coord>11.870306 52.392155 1408.693</gx:coord>
        <when>2026-01-01T00:44:45.2002880Z</when>
        <gx:coord>11.869897 52.394268 1399.4247</gx:coord>
        <when>2026-01-01T00:44:50.0822880Z</when>
        <gx:coord>11.86942 52.3964 1389.9336</gx:coord>
        <when>2026-01-01T00:44:50.2002880Z</when>
        <gx:coord>11.86942 52.3964 1389.9336</gx:coord>
        <when>2026-01-01T00:44:55.1992880Z</when>
        <gx:coord>11.868871 52.398563 1380.2267</gx:coord>
        <when>2026-01-01T00:45:00.1992880Z</when>
        <gx:coord>11.868309 52.400757 1375.2406</gx:coord>
        <when>2026-01-01T00:45:04.0882880Z</when>
        <gx:coord>11.868025 52.40211 1374.8165</gx:coord>
        <when>2026-01-01T00:45:05.2002880Z</when>
        <gx:coord>11.867875 52.403034 1373.3018</gx:coord>
        <when>2026-01-01T00:45:08.1002880Z</when>
        <gx:coord>11.867659 52.404434 1370.8713</gx:coord>
        <when>2026-01-01T00:45:10.2002880Z</when>
        <gx:coord>11.867508 52.405376 1369.177</gx:coord>
        <when>2026-01-01T00:45:15.2002880Z</when>
        <gx:coord>11.867135 52.40773 1365.493</gx:coord>
        <when>2026-01-01T00:45:20.1992880Z</when>
        <gx:coord>11.866699 52.410034 1362.213</gx:coord>
        <when>2026-01-01T00:45:25.2002880Z</when>
        <gx:coord>11.86634 52.41229 1361.0887</gx:coord>
        <when>2026-01-01T00:45:27.0902880Z</when>
        <gx:coord>11.866209 52.413177 1358.8184</gx:coord>
        <when>2026-01-01T00:45:30.2002880Z</when>
        <gx:coord>11.866025 52.414513 1352.8125</gx:coord>
        <when>2026-01-01T00:45:35.2002880Z</when>
        <gx:coord>11.865692 52.41673 1346.724</gx:coord>
        <when>2026-01-01T00:45:40.2002880Z</when>
        <gx:coord>11.865245 52.418934 1339.789</gx:coord>
        <when>2026-01-01T00:45:45.0962880Z</when>
        <gx:coord>11.864861 52.421127 1334.9534</gx:coord>
        <when>2026-01-01T00:45:45.2002880Z</when>
        <gx:coord>11.864861 52.421127 1332.0118</gx:coord>
        <when>2026-01-01T00:45:47.0822880Z</when>
        <gx:coord>11.864701 52.422012 1325.6367</gx:coord>
        <when>2026-01-01T00:45:50.2002880Z</when>
        <gx:coord>11.864457 52.423363 1318.5342</gx:coord>
        <when>2026-01-01T00:45:55.2002880Z</when>
        <gx:coord>11.864171 52.425644 1311.6399</gx:coord>
        <when>2026-01-01T00:46:00.2002880Z</when>
        <gx:coord>11.863873 52.42794 1313.2736</gx:coord>
        <when>2026-01-01T00:46:05.1992880Z</when>
        <gx:coord>11.863645 52.430206 1305.3448</gx:coord>
        <when>2026-01-01T00:46:10.1992880Z</when>
        <gx:coord>11.863397 52.432438 1298.9366</gx:coord>
        <when>2026-01-01T00:46:15.1992880Z</when>
        <gx:coord>11.863038 52.434616 1301.9514</gx:coord>
        <when>2026-01-01T00:46:20.1992880Z</when>
        <gx:coord>11.862521 52.436745 1312.2396</gx:coord>
        <when>2026-01-01T00:46:23.0962880Z</when>
        <gx:coord>11.862223 52.438004 1316.5406</gx:coord>
        <when>2026-01-01T00:46:25.1992880Z</when>
        <gx:coord>11.86202 52.438843 1325.3569</gx:coord>
        <when>2026-01-01T00:46:30.1992880Z</when>
        <gx:coord>11.861507 52.440926 1318.903</gx:coord>
        <when>2026-01-01T00:46:35.1992880Z</when>
        <gx:coord>11.86099 52.44302 1306.2587</gx:coord>
        <when>2026-01-01T00:46:40.1992880Z</when>
        <gx:coord>11.8604765 52.445164 1296.5638</gx:coord>
        <when>2026-01-01T00:46:42.0822880Z</when>
        <gx:coord>11.8602915 52.446022 1295.0903</gx:coord>
        <when>2026-01-01T00:46:45.1992880Z</when>
        <gx:coord>11.860023 52.4473 1294.9004</gx:coord>
        <when>2026-01-01T00:46:50.1992880Z</when>
        <gx:coord>11.859581 52.449413 1282.4266</gx:coord>
        <when>2026-01-01T00:46:55.1992880Z</when>
        <gx:coord>11.859234 52.45157 1268.2239</gx:coord>
        <when>2026-01-01T00:47:00.1992880Z</when>
        <gx:coord>11.85887 52.4537 1265.3112</gx:coord>
        <when>2026-01-01T00:47:02.0912880Z</when>
        <gx:coord>11.858714 52.454544 1266.0284</gx:coord>
        <when>2026-01-01T00:47:04.0862880Z</when>
        <gx:coord>11.858561 52.45538 1263.378</gx:coord>
        <when>2026-01-01T00:47:05.1992880Z</when>
        <gx:coord>11.858488 52.455795 1261.6772</gx:coord>
        <when>2026-01-01T00:47:10.1992880Z</when>
        <gx:coord>11.858129 52.45788 1257.7291</gx:coord>
        <when>2026-01-01T00:47:15.1992880Z</when>
        <gx:coord>11.857805 52.459976 1245.5797</gx:coord>
        <when>2026-01-01T00:47:20.0872880Z</when>
        <gx:coord>11.857582 52.46211 1231.1511</gx:coord>
        <when>2026-01-01T00:47:20.1992880Z</when>
        <gx:coord>11.857582 52.46211 1231.1511</gx:coord>
        <when>2026-01-01T00:47:25.1992880Z</when>
        <gx:coord>11.857389 52.46424 1224.1123</gx:coord>
        <when>2026-01-01T00:47:30.1992880Z</when>
        <gx:coord>11.857291 52.466343 1213.4861</gx:coord>
        <when>2026-01-01T00:47:35.1992880Z</when>
        <gx:coord>11.85706 52.468483 1206.1106</gx:coord>
        <when>2026-01-01T00:47:40.1992880Z</when>
        <gx:coord>11.85654 52.470604 1204.1323</gx:coord>
        <when>2026-01-01T00:47:42.1002880Z</when>
        <gx:coord>11.856318 52.471455 1204.0071</gx:coord>
        <when>2026-01-01T00:47:45.1992880Z</when>
        <gx:coord>11.855971 52.47273 1201.1862</gx:coord>
        <when>2026-01-01T00:47:46.0922880Z</when>
        <gx:coord>11.855853 52.473152 1199.1156</gx:coord>
        <when>2026-01-01T00:47:50.1992880Z</when>
        <gx:coord>11.855358 52.47485 1190.5212</gx:coord>
        <when>2026-01-01T00:47:55.1992880Z</when>
        <gx:coord>11.854714 52.47699 1173.9495</gx:coord>
        <when>2026-01-01T00:48:00.1992880Z</when>
        <gx:coord>11.854164 52.47917 1173.8904</gx:coord>
        <when>2026-01-01T00:48:05.1992880Z</when>
        <gx:coord>11.85371 52.481388 1175.3788</gx:coord>
        <when>2026-01-01T00:48:10.1992880Z</when>
        <gx:coord>11.853234 52.483646 1173.6053</gx:coord>
        <when>2026-01-01T00:48:12.0852880Z</when>
        <gx:coord>11.853028 52.484543 1168.541</gx:coord>
        <when>2026-01-01T00:48:15.1992880Z</when>
        <gx:coord>11.852705 52.48588 1163.9199</gx:coord>
        <when>2026-01-01T00:48:20.0912880Z</when>
        <gx:coord>11.852161 52.488075 1158.7906</gx:coord>
        <when>2026-01-01T00:48:20.1992880Z</when>
        <gx:coord>11.852161 52.488075 1159.236</gx:coord>
        <when>2026-01-01T00:48:25.1992880Z</when>
        <gx:coord>11.851652 52.49024 1165.9663</gx:coord>
        <when>2026-01-01T00:48:30.1992880Z</when>
        <gx:coord>11.851095 52.492367 1173.5377</gx:coord>
        <when>2026-01-01T00:48:35.1992880Z</when>
        <gx:coord>11.850666 52.49454 1177.4274</gx:coord>
        <when>2026-01-01T00:48:40.1992880Z</when>
        <gx:coord>11.85025 52.496723 1168.4952</gx:coord>
        <when>2026-01-01T00:48:45.1992880Z</when>
        <gx:coord>11.849884 52.4989 1158.0679</gx:coord>
        <when>2026-01-01T00:48:50.1992880Z</when>
        <gx:coord>11.849397 52.50107 1154.6685</gx:coord>
        <when>2026-01-01T00:48:55.1992880Z</when>
        <gx:coord>11.848821 52.50326 1152.0212</gx:coord>
        <when>2026-01-01T00:48:58.0982880Z</when>
        <gx:coord>11.848442 52.504597 1151.3728</gx:coord>
        <when>2026-01-01T00:49:00.1992880Z</when>
        <gx:coord>11.848174 52.505497 1151.9954</gx:coord>
        <when>2026-01-01T00:49:05.1992880Z</when>
        <gx:coord>11.847455 52.507725 1151.9583</gx:coord>
        <when>2026-01-01T00:49:10.1992880Z</when>
        <gx:coord>11.846691 52.509914 1147.8954</gx:coord>
        <when>2026-01-01T00:49:15.1992880Z</when>
        <gx:coord>11.846221 52.51213 1141.2308</gx:coord>
        <when>2026-01-01T00:49:20.1982880Z</when>
        <gx:coord>11.845832 52.51437 1139.0658</gx:coord>
        <when>2026-01-01T00:49:21.0842880Z</when>
        <gx:coord>11.845745 52.514812 1137.7756</gx:coord>
        <when>2026-01-01T00:49:25.1992880Z</when>
        <gx:coord>11.845387 52.516594 1120.7742</gx:coord>
        <when>2026-01-01T00:49:30.1992880Z</when>
        <gx:coord>11.844968 52.518837 1113.1841</gx:coord>
        <when>2026-01-01T00:49:35.0862880Z</when>
        <gx:coord>11.844594 52.521065 1106.498</gx:coord>
        <when>2026-01-01T00:49:35.1992880Z</when>
        <gx:coord>11.844594 52.521065 1106.498</gx:coord>
        <when>2026-01-01T00:49:36.0932880Z</when>
        <gx:coord>11.844509 52.52151 1106.498</gx:coord>
        <when>2026-01-01T00:49:40.1992880Z</when>
        <gx:coord>11.844142 52.523262 1104.4059</gx:coord>
        <when>2026-01-01T00:49:45.1992880Z</when>
        <gx:coord>11.84361 52.525387 1095.321</gx:coord>
        <when>2026-01-01T00:49:50.1982880Z</when>
        <gx:coord>11.84297 52.52755 1092.6659</gx:coord>
        <when>2026-01-01T00:49:53.0802880Z</when>
        <gx:coord>11.842556 52.528362 1096.1879</gx:coord>
        <when>2026-01-01T00:49:54.0822880Z</when>
        <gx:coord>11.84231 52.528748 1098.1008</gx:coord>
        <when>2026-01-01T00:49:55.1992880Z</when>
        <gx:coord>11.841733 52.529472 1101.9542</gx:coord>
        <when>2026-01-01T00:49:57.0842880Z</when>
        <gx:coord>11.841413 52.52982 1101.7223</gx:coord>
        <when>2026-01-01T00:50:00.1992880Z</when>
        <gx:coord>11.84 52.531162 1088.6732</gx:coord>
        <when>2026-01-01T00:50:05.0822880Z</when>
        <gx:coord>11.838061 52.53285 1075.0265</gx:coord>
        <when>2026-01-01T00:50:05.1992880Z</when>
        <gx:coord>11.838061 52.53285 1075.0265</gx:coord>
        <when>2026-01-01T00:50:10.1992880Z</when>
        <gx:coord>11.8361845 52.534588 1065.4376</gx:coord>
        <when>2026-01-01T00:50:15.1982880Z</when>
        <gx:coord>11.834313 52.53637 1065.33</gx:coord>
        <when>2026-01-01T00:50:17.0922880Z</when>
        <gx:coord>11.833555 52.53707 1066.3322</gx:coord>
        <when>2026-01-01T00:50:20.1992880Z</when>
        <gx:coord>11.83243 52.538128 1071.934</gx:coord>
        <when>2026-01-01T00:50:25.1992880Z</when>
        <gx:coord>11.830527 52.539913 1068.385</gx:coord>
        <when>2026-01-01T00:50:30.1992880Z</when>
        <gx:coord>11.828693 52.541725 1068.7513</gx:coord>
        <when>2026-01-01T00:50:35.1982880Z</when>
        <gx:coord>11.826856 52.543507 1068.8668</gx:coord>
        <when>2026-01-01T00:50:40.1992880Z</when>
        <gx:coord>11.824978 52.545235 1066.5497</gx:coord>
        <when>2026-01-01T00:50:45.1992880Z</when>
        <gx:coord>11.823092 52.54696 1062.5797</gx:coord>
        <when>2026-01-01T00:50:50.1992880Z</when>
        <gx:coord>11.821293 52.548756 1052.6798</gx:coord>
        <when>2026-01-01T00:50:53.0942880Z</when>
        <gx:coord>11.820216 52.549847 1043.3169</gx:coord>
        <when>2026-01-01T00:50:55.1992880Z</when>
        <gx:coord>11.819472 52.550564 1037.6648</gx:coord>
        <when>2026-01-01T00:50:57.0922880Z</when>
        <gx:coord>11.8187065 52.55128 1035.1063</gx:coord>
        <when>2026-01-01T00:51:00.1992880Z</when>
        <gx:coord>11.817533 52.552353 1023.31036</gx:coord>
        <when>2026-01-01T00:51:03.0862880Z</when>
        <gx:coord>11.81636 52.553436 1011.5294</gx:coord>
        <when>2026-01-01T00:51:05.1982880Z</when>
        <gx:coord>11.815596 52.554173 1004.0665</gx:coord>
        <when>2026-01-01T00:51:10.1992880Z</when>
        <gx:coord>11.8136635 52.556023 986.4608</gx:coord>
        <when>2026-01-01T00:51:12.0822880Z</when>
        <gx:coord>11.812907 52.55677 980.58813</gx:coord>
        <when>2026-01-01T00:51:15.1992880Z</when>
        <gx:coord>11.811822 52.55791 971.2979</gx:coord>
        <when>2026-01-01T00:51:20.1992880Z</when>
        <gx:coord>11.810066 52.559837 956.17816</gx:coord>
        <when>2026-01-01T00:51:22.0822880Z</when>
        <gx:coord>11.809354 52.56061 948.6288</gx:coord>
        <when>2026-01-01T00:51:25.1982880Z</when>
        <gx:coord>11.808313 52.561783 938.2021</gx:coord>
        <when>2026-01-01T00:51:30.1982880Z</when>
        <gx:coord>11.806652 52.563766 927.24036</gx:coord>
        <when>2026-01-01T00:51:34.0822880Z</when>
        <gx:coord>11.805259 52.56532 916.10724</gx:coord>
        <when>2026-01-01T00:51:35.0982880Z</when>
        <gx:coord>11.8048935 52.565697 916.10724</gx:coord>
        <when>2026-01-01T00:51:35.1992880Z</when>
        <gx:coord>11.8048935 52.565697 913.2615</gx:coord>
        <when>2026-01-01T00:51:40.1992880Z</when>
        <gx:coord>11.8028555 52.567493 905.6849</gx:coord>
        <when>2026-01-01T00:51:45.1992880Z</when>
        <gx:coord>11.800633 52.56917 896.6825</gx:coord>
        <when>2026-01-01T00:51:49.0842880Z</when>
        <gx:coord>11.799283 52.57015 886.8172</gx:coord>
        <when>2026-01-01T00:51:49.0932880Z</when>
        <gx:coord>11.798821 52.570465 883.36255</gx:coord>
        <when>2026-01-01T00:51:50.1982880Z</when>
        <gx:coord>11.798364 52.570786 880.6584</gx:coord>
        <when>2026-01-01T00:51:55.1992880Z</when>
        <gx:coord>11.796116 52.572437 866.4939</gx:coord>
        <when>2026-01-01T00:52:00.0812880Z</when>
        <gx:coord>11.793856 52.574116 851.0746</gx:coord>
        <when>2026-01-01T00:52:00.1992880Z</when>
        <gx:coord>11.793856 52.574116 851.0746</gx:coord>
        <when>2026-01-01T00:52:05.1992880Z</when>
        <gx:coord>11.791697 52.575905 836.8594</gx:coord>
        <when>2026-01-01T00:52:08.0822880Z</when>
        <gx:coord>11.790849 52.57665 829.3937</gx:coord>
        <when>2026-01-01T00:52:10.1992880Z</when>
        <gx:coord>11.789576 52.577785 821.13434</gx:coord>
        <when>2026-01-01T00:52:11.0842880Z</when>
        <gx:coord>11.789159 52.57817 819.18</gx:coord>
        <when>2026-01-01T00:52:13.0962880Z</when>
        <gx:coord>11.78833 52.57895 817.194</gx:coord>
        <when>2026-01-01T00:52:15.1992880Z</when>
        <gx:coord>11.787496 52.57973 812.04877</gx:coord>
        <when>2026-01-01T00:52:20.1992880Z</when>
        <gx:coord>11.78538 52.58169 807.17096</gx:coord>
        <when>2026-01-01T00:52:25.1992880Z</when>
        <gx:coord>11.783271 52.58366 806.203</gx:coord>
        <when>2026-01-01T00:52:30.1992880Z</when>
        <gx:coord>11.780981 52.585484 810.07855</gx:coord>
        <when>2026-01-01T00:52:35.1992880Z</when>
        <gx:coord>11.778842 52.587265 812.5096</gx:coord>
        <when>2026-01-01T00:52:40.1992880Z</when>
        <gx:coord>11.77682 52.589096 792.6116</gx:coord>
        <when>2026-01-01T00:52:42.0792880Z</when>
        <gx:coord>11.776443 52.589478 789.40576</gx:coord>
        <when>2026-01-01T00:52:42.0802880Z</when>
        <gx:coord>11.776075 52.589867 787.2481</gx:coord>
        <when>2026-01-01T00:52:45.1982880Z</when>
        <gx:coord>11.774998 52.591026 779.25824</gx:coord>
        <when>2026-01-01T00:52:50.0942880Z</when>
        <gx:coord>11.77315 52.592896 773.1746</gx:coord>
        <when>2026-01-01T00:52:50.1992880Z</when>
        <gx:coord>11.77315 52.592896 773.1282</gx:coord>
        <when>2026-01-01T00:52:54.0792880Z</when>
        <gx:coord>11.772108 52.593975 775.265</gx:coord>
        <when>2026-01-01T00:52:55.1992880Z</when>
        <gx:coord>11.771424 52.59467 774.9488</gx:coord>
        <when>2026-01-01T00:53:00.1992880Z</when>
        <gx:coord>11.769724 52.596382 764.358</gx:coord>
        <when>2026-01-01T00:53:05.1992880Z</when>
        <gx:coord>11.768158 52.598064 757.81494</gx:coord>
        <when>2026-01-01T00:53:06.0822880Z</when>
        <gx:coord>11.76784 52.598392 755.4041</gx:coord>
        <when>2026-01-01T00:53:10.1992880Z</when>
        <gx:coord>11.76654 52.599693 746.3585</gx:coord>
        <when>2026-01-01T00:53:15.1992880Z</when>
        <gx:coord>11.765049 52.601368 738.16595</gx:coord>
        <when>2026-01-01T00:53:20.1992880Z</when>
        <gx:coord>11.763599 52.60306 731.97217</gx:coord>
        <when>2026-01-01T00:53:23.0822880Z</when>
        <gx:coord>11.762798 52.604107 724.04266</gx:coord>
        <when>2026-01-01T00:53:25.1992880Z</when>
        <gx:coord>11.762329 52.604828 717.9684</gx:coord>
        <when>2026-01-01T00:53:26.0802880Z</when>
        <gx:coord>11.762329 52.604828 717.9684</gx:coord>
        <when>2026-01-01T00:53:30.1992880Z</when>
        <gx:coord>11.761309 52.606674 708.2121</gx:coord>
        <when>2026-01-01T00:53:33.0932880Z</when>
        <gx:coord>11.760682 52.6078 703.75305</gx:coord>
        <when>2026-01-01T00:53:35.1992880Z</when>
        <gx:coord>11.760255 52.60855 698.4523</gx:coord>
        <when>2026-01-01T00:53:40.0862880Z</when>
        <gx:coord>11.759261 52.610424 692.7953</gx:coord>
        <when>2026-01-01T00:53:40.1992880Z</when>
        <gx:coord>11.759261 52.610424 692.7953</gx:coord>
        <when>2026-01-01T00:53:45.1992880Z</when>
        <gx:coord>11.758361 52.612297 680.5192</gx:coord>
        <when>2026-01-01T00:53:50.1992880Z</when>
        <gx:coord>11.757662 52.614235 663.64294</gx:coord>
        <when>2026-01-01T00:53:51.0812880Z</when>
        <gx:coord>11.757544 52.61463 660.70984</gx:coord>
        <when>2026-01-01T00:53:52.0822880Z</when>
        <gx:coord>11.757544 52.61463 660.70984</gx:coord>
        <when>2026-01-01T00:53:55.1992880Z</when>
        <gx:coord>11.75713 52.61622 651.32764</gx:coord>
        <when>2026-01-01T00:54:00.1992880Z</when>
        <gx:coord>11.756706 52.61821 653.5349</gx:coord>
        <when>2026-01-01T00:54:05.1992880Z</when>
        <gx:coord>11.756278 52.620205 644.8926</gx:coord>
        <when>2026-01-01T00:54:10.1992880Z</when>
        <gx:coord>11.75567 52.622227 635.4885</gx:coord>
        <when>2026-01-01T00:54:15.0922880Z</when>
        <gx:coord>11.755051 52.62426 630.2484</gx:coord>
        <when>2026-01-01T00:54:15.0922880Z</when>
        <gx:coord>11.755051 52.62426 629.01373</gx:coord>
        <when>2026-01-01T00:54:15.1992880Z</when>
        <gx:coord>11.755051 52.62426 629.01373</gx:coord>
        <when>2026-01-01T00:54:20.1992880Z</when>
        <gx:coord>11.754415 52.626297 617.35535</gx:coord>
        <when>2026-01-01T00:54:25.1992880Z</when>
        <gx:coord>11.7538395 52.628372 607.8072</gx:coord>
        <when>2026-01-01T00:54:30.0842880Z</when>
        <gx:coord>11.753293 52.63044 597.89716</gx:coord>
        <when>2026-01-01T00:54:30.1992880Z</when>
        <gx:coord>11.753293 52.63044 597.89716</gx:coord>
        <when>2026-01-01T00:54:35.1982880Z</when>
        <gx:coord>11.752712 52.63253 590.4618</gx:coord>
        <when>2026-01-01T00:54:40.1992880Z</when>
        <gx:coord>11.752127 52.634624 587.35596</gx:coord>
        <when>2026-01-01T00:54:45.1992880Z</when>
        <gx:coord>11.751625 52.636696 587.38495</gx:coord>
        <when>2026-01-01T00:54:50.1992880Z</when>
        <gx:coord>11.7512665 52.638733 584.08563</gx:coord>
        <when>2026-01-01T00:54:55.0922880Z</when>
        <gx:coord>11.750983 52.640823 572.9895</gx:coord>
        <when>2026-01-01T00:54:55.1992880Z</when>
        <gx:coord>11.750983 52.640823 572.2685</gx:coord>
        <when>2026-01-01T00:55:00.1992880Z</when>
        <gx:coord>11.750767 52.64301 577.55475</gx:coord>
        <when>2026-01-01T00:55:05.1992880Z</when>
        <gx:coord>11.750639 52.64523 584.83795</gx:coord>
        <when>2026-01-01T00:55:08.0842880Z</when>
        <gx:coord>11.750612 52.646114 584.33264</gx:coord>
        <when>2026-01-01T00:55:10.1992880Z</when>
        <gx:coord>11.7508 52.647446 585.65405</gx:coord>
        <when>2026-01-01T00:55:12.0842880Z</when>
        <gx:coord>11.750927 52.64788 585.0351</gx:coord>
        <when>2026-01-01T00:55:15.0822880Z</when>
        <gx:coord>11.751513 52.649143 583.13007</gx:coord>
        <when>2026-01-01T00:55:15.1992880Z</when>
        <gx:coord>11.751791 52.64954 584.0091</gx:coord>
        <when>2026-01-01T00:55:18.0872880Z</when>
        <gx:coord>11.752481 52.65029 582.76794</gx:coord>
        <when>2026-01-01T00:55:20.1992880Z</when>
        <gx:coord>11.753794 52.65133 577.0911</gx:coord>
        <when>2026-01-01T00:55:22.0812880Z</when>
        <gx:coord>11.754288 52.651653 574.091</gx:coord>
        <when>2026-01-01T00:55:24.0842880Z</when>
        <gx:coord>11.755915 52.652554 565.2515</gx:coord>
        <when>2026-01-01T00:55:25.1992880Z</when>
        <gx:coord>11.756509 52.65283 561.0495</gx:coord>
        <when>2026-01-01T00:55:26.0842880Z</when>
        <gx:coord>11.756509 52.65283 561.0495</gx:coord>
        <when>2026-01-01T00:55:27.0842880Z</when>
        <gx:coord>11.757127 52.653088 556.568</gx:coord>
        <when>2026-01-01T00:55:30.1992880Z</when>
        <gx:coord>11.759778 52.653973 541.23944</gx:coord>
        <when>2026-01-01T00:55:31.0872880Z</when>
        <gx:coord>11.759778 52.653973 541.23944</gx:coord>
        <when>2026-01-01T00:55:33.0852880Z</when>
        <gx:coord>11.761866 52.654545 533.0417</gx:coord>
        <when>2026-01-01T00:55:35.1992880Z</when>
        <gx:coord>11.763279 52.654915 523.7588</gx:coord>
        <when>2026-01-01T00:55:37.0922880Z</when>
        <gx:coord>11.764706 52.65525 520.46783</gx:coord>
        <when>2026-01-01T00:55:40.0822880Z</when>
        <gx:coord>11.766155 52.655518 518.27637</gx:coord>
        <when>2026-01-01T00:55:40.1992880Z</when>
        <gx:coord>11.766884 52.655632 516.7122</gx:coord>
        <when>2026-01-01T00:55:45.1992880Z</when>
        <gx:coord>11.770641 52.655968 507.8776</gx:coord>
        <when>2026-01-01T00:55:46.0852880Z</when>
        <gx:coord>11.770641 52.655968 507.8776</gx:coord>
        <when>2026-01-01T00:55:47.0822880Z</when>
        <gx:coord>11.772167 52.65604 501.71976</gx:coord>
        <when>2026-01-01T00:55:50.1992880Z</when>
        <gx:coord>11.774449 52.656143 496.59293</gx:coord>
        <when>2026-01-01T00:55:55.1992880Z</when>
        <gx:coord>11.778331 52.65628 472.9791</gx:coord>
        <when>2026-01-01T00:55:56.0852880Z</when>
        <gx:coord>11.77912 52.65627 470.71826</gx:coord>
        <when>2026-01-01T00:55:58.0852880Z</when>
        <gx:coord>11.779907 52.656235 468.0297</gx:coord>
        <when>2026-01-01T00:56:00.1992880Z</when>
        <gx:coord>11.782261 52.656 459.15454</gx:coord>
        <when>2026-01-01T00:56:02.0822880Z</when>
        <gx:coord>11.783038 52.655872 456.99567</gx:coord>
        <when>2026-01-01T00:56:05.0882880Z</when>
        <gx:coord>11.786052 52.65512 438.372</gx:coord>
        <when>2026-01-01T00:56:05.1992880Z</when>
        <gx:coord>11.786052 52.65512 438.372</gx:coord>
        <when>2026-01-01T00:56:06.0842880Z</when>
        <gx:coord>11.786052 52.65512 438.372</gx:coord>
        <when>2026-01-01T00:56:09.0902880Z</when>
        <gx:coord>11.788145 52.654316 424.8839</gx:coord>
        <when>2026-01-01T00:56:10.0832880Z</when>
        <gx:coord>11.788798 52.654003 420.79544</gx:coord>
        <when>2026-01-01T00:56:10.1992880Z</when>
        <gx:coord>11.789429 52.65367 417.8154</gx:coord>
        <when>2026-01-01T00:56:14.0912880Z</when>
        <gx:coord>11.791802 52.652252 409.65314</gx:coord>
        <when>2026-01-01T00:56:15.1992880Z</when>
        <gx:coord>11.792386 52.651894 409.9313</gx:coord>
        <when>2026-01-01T00:56:18.0842880Z</when>
        <gx:coord>11.79416 52.650875 407.3049</gx:coord>
        <when>2026-01-01T00:56:20.1992880Z</when>
        <gx:coord>11.795371 52.65024 399.74747</gx:coord>
        <when>2026-01-01T00:56:24.0922880Z</when>
        <gx:coord>11.797322 52.64942 390.8692</gx:coord>
        <when>2026-01-01T00:56:25.1992880Z</when>
        <gx:coord>11.798705 52.64899 386.23465</gx:coord>
        <when>2026-01-01T00:56:28.0852880Z</when>
        <gx:coord>11.800809 52.648438 369.80075</gx:coord>
        <when>2026-01-01T00:56:30.1992880Z</when>
        <gx:coord>11.802236 52.648075 359.0345</gx:coord>
        <when>2026-01-01T00:56:32.0852880Z</when>
        <gx:coord>11.8029585 52.64792 354.8246</gx:coord>
        <when>2026-01-01T00:56:33.0922880Z</when>
        <gx:coord>11.803686 52.64779 350.73996</gx:coord>
        <when>2026-01-01T00:56:35.0862880Z</when>
        <gx:coord>11.805151 52.64763 344.20807</gx:coord>
        <when>2026-01-01T00:56:35.0862880Z</when>
        <gx:coord>11.805886 52.6476 338.99408</gx:coord>
        <when>2026-01-01T00:56:35.1992880Z</when>
        <gx:coord>11.805886 52.6476 338.99408</gx:coord>
        <when>2026-01-01T00:56:40.1992880Z</when>
        <gx:coord>11.809538 52.64769 318.67035</gx:coord>
        <when>2026-01-01T00:56:42.0852880Z</when>
        <gx:coord>11.810257 52.64772 313.4208</gx:coord>
        <when>2026-01-01T00:56:44.0852880Z</when>
        <gx:coord>11.812412 52.64783 306.88034</gx:coord>
        <when>2026-01-01T00:56:45.2002880Z</when>
        <gx:coord>11.81313 52.647865 303.9593</gx:coord>
        <when>2026-01-01T00:56:50.2002880Z</when>
        <gx:coord>11.816701 52.64812 301.27377</gx:coord>
        <when>2026-01-01T00:56:53.0922880Z</when>
        <gx:coord>11.818789 52.64829 304.9643</gx:coord>
        <when>2026-01-01T00:56:55.2002880Z</when>
        <gx:coord>11.820149 52.648388 299.0849</gx:coord>
        <when>2026-01-01T00:57:00.1992880Z</when>
        <gx:coord>11.823553 52.648598 292.14862</gx:coord>
        <when>2026-01-01T00:57:02.0852880Z</when>
        <gx:coord>11.824225 52.64864 291.29843</gx:coord>
        <when>2026-01-01T00:57:05.1992880Z</when>
        <gx:coord>11.826872 52.648796 287.43286</gx:coord>
        <when>2026-01-01T00:57:10.2002880Z</when>
        <gx:coord>11.830086 52.648983 285.0591</gx:coord>
        <when>2026-01-01T00:57:15.2002880Z</when>
        <gx:coord>11.83326 52.64923 278.13315</gx:coord>
        <when>2026-01-01T00:57:16.0852880Z</when>
        <gx:coord>11.833902 52.649284 275.93344</gx:coord>
        <when>2026-01-01T00:57:20.2002880Z</when>
        <gx:coord>11.836488 52.64954 268.76086</gx:coord>
        <when>2026-01-01T00:57:25.2002880Z</when>
        <gx:coord>11.839667 52.64984 264.3638</gx:coord>
        <when>2026-01-01T00:57:30.2002880Z</when>
        <gx:coord>11.842727 52.650105 262.4082</gx:coord>
        <when>2026-01-01T00:57:33.0852880Z</when>
        <gx:coord>11.843914 52.650223 266.2572</gx:coord>
        <when>2026-01-01T00:57:35.2002880Z</when>
        <gx:coord>11.845659 52.650406 273.09167</gx:coord>
        <when>2026-01-01T00:57:36.1142880Z</when>
        <gx:coord>11.84624 52.650448 273.09167</gx:coord>
        <when>2026-01-01T00:57:40.0852880Z</when>
        <gx:coord>11.848019 52.650417 268.95474</gx:coord>
        <when>2026-01-01T00:57:40.2002880Z</when>
        <gx:coord>11.848617 52.65035 267.09048</gx:coord>
        <when>2026-01-01T00:57:43.0872880Z</when>
        <gx:coord>11.849801 52.65012 262.0754</gx:coord>
        <when>2026-01-01T00:57:45.2002880Z</when>
        <gx:coord>11.851502 52.649574 252.32088</gx:coord>
        <when>2026-01-01T00:57:46.0912880Z</when>
        <gx:coord>11.851502 52.649574 252.32088</gx:coord>
        <when>2026-01-01T00:57:48.0862880Z</when>
        <gx:coord>11.85302 52.64879 242.56572</gx:coord>
        <when>2026-01-01T00:57:49.0812880Z</when>
        <gx:coord>11.85302 52.64879 242.56572</gx:coord>
        <when>2026-01-01T00:57:49.0812880Z</when>
        <gx:coord>11.85302 52.64879 242.56572</gx:coord>
        <when>2026-01-01T00:57:50.2002880Z</when>
        <gx:coord>11.853807 52.64811 241.33289</gx:coord>
        <when>2026-01-01T00:57:51.0862880Z</when>
        <gx:coord>11.853807 52.64811 241.33289</gx:coord>
        <when>2026-01-01T00:57:55.0872880Z</when>
        <gx:coord>11.854927 52.64661 236.37962</gx:coord>
        <when>2026-01-01T00:57:55.2002880Z</when>
        <gx:coord>11.855136 52.646225 233.95992</gx:coord>
        <when>2026-01-01T00:57:59.0852880Z</when>
        <gx:coord>11.855565 52.64506 226.06424</gx:coord>
        <when>2026-01-01T00:58:00.2002880Z</when>
        <gx:coord>11.855734 52.644283 221.38808</gx:coord>
        <when>2026-01-01T00:58:04.0852880Z</when>
        <gx:coord>11.856073 52.642742 211.75893</gx:coord>
        <when>2026-01-01T00:58:05.2002880Z</when>
        <gx:coord>11.8561735 52.642357 210.89272</gx:coord>
        <when>2026-01-01T00:58:10.2002880Z</when>
        <gx:coord>11.856625 52.640453 205.29207</gx:coord>
        <when>2026-01-01T00:58:14.0822880Z</when>
        <gx:coord>11.856881 52.63936 200.77026</gx:coord>
        <when>2026-01-01T00:58:15.2002880Z</when>
        <gx:coord>11.857039 52.638645 198.59924</gx:coord>
        <when>2026-01-01T00:58:20.1992880Z</when>
        <gx:coord>11.857225 52.63685 191.78804</gx:coord>
        <when>2026-01-01T00:58:21.0802880Z</when>
        <gx:coord>11.857225 52.63685 191.78804</gx:coord>
        <when>2026-01-01T00:58:24.0842880Z</when>
        <gx:coord>11.856964 52.635834 193.75099</gx:coord>
        <when>2026-01-01T00:58:25.2002880Z</when>
        <gx:coord>11.856592 52.635216 192.32732</gx:coord>
        <when>2026-01-01T00:58:26.1112880Z</when>
        <gx:coord>11.856344 52.634922 192.32732</gx:coord>
        <when>2026-01-01T00:58:27.0822880Z</when>
        <gx:coord>11.856344 52.634922 190.70645</gx:coord>
        <when>2026-01-01T00:58:30.0832880Z</when>
        <gx:coord>11.855428 52.634113 182.30466</gx:coord>
        <when>2026-01-01T00:58:30.0832880Z</when>
        <gx:coord>11.855067 52.63387 178.64117</gx:coord>
        <when>2026-01-01T00:58:30.2002880Z</when>
        <gx:coord>11.855067 52.63387 178.64117</gx:coord>
        <when>2026-01-01T00:58:34.0812880Z</when>
        <gx:coord>11.853891 52.633198 168.93648</gx:coord>
        <when>2026-01-01T00:58:35.0972880Z</when>
        <gx:coord>11.853459 52.63302 166.96365</gx:coord>
        <when>2026-01-01T00:58:35.2002880Z</when>
        <gx:coord>11.85302 52.63286 164.94402</gx:coord>
        <when>2026-01-01T00:58:37.0872880Z</when>
        <gx:coord>11.8525715 52.63272 162.93997</gx:coord>
        <when>2026-01-01T00:58:40.1992880Z</when>
        <gx:coord>11.850722 52.632248 151.49944</gx:coord>
        <when>2026-01-01T00:58:42.0852880Z</when>
        <gx:coord>11.849781 52.63205 146.42874</gx:coord>
        <when>2026-01-01T00:58:45.0862880Z</when>
        <gx:coord>11.848822 52.631874 140.90451</gx:coord>
        <when>2026-01-01T00:58:45.2002880Z</when>
        <gx:coord>11.848334 52.631798 139.42233</gx:coord>
        <when>2026-01-01T00:58:50.2002880Z</when>
        <gx:coord>11.845838 52.631443 128.81589</gx:coord>
        <when>2026-01-01T00:58:55.2002880Z</when>
        <gx:coord>11.843306 52.63116 116.0356</gx:coord>
        <when>2026-01-01T00:58:56.1022880Z</when>
        <gx:coord>11.842805 52.63112 114.19419</gx:coord>
        <when>2026-01-01T00:59:00.2002880Z</when>
        <gx:coord>11.8408165 52.630943 103.547646</gx:coord>
        <when>2026-01-01T00:59:05.2002880Z</when>
        <gx:coord>11.838312 52.63072 89.946556</gx:coord>
        <when>2026-01-01T00:59:08.0822880Z</when>
        <gx:coord>11.836776 52.630608 79.784836</gx:coord>
        <when>2026-01-01T00:59:10.2002880Z</when>
        <gx:coord>11.8357315 52.630524 72.5243</gx:coord>
        <when>2026-01-01T00:59:15.2002880Z</when>
        <gx:coord>11.833127 52.630318 61.554413</gx:coord>
        <when>2026-01-01T00:59:20.0812880Z</when>
        <gx:coord>11.83128 52.63015 59.915714</gx:coord>
        <when>2026-01-01T00:59:20.2002880Z</when>
        <gx:coord>11.830856 52.630116 59.267445</gx:coord>
        <when>2026-01-01T00:59:22.0912880Z</when>
        <gx:coord>11.830048 52.630043 58.660057</gx:coord>
        <when>2026-01-01T00:59:25.2002880Z</when>
        <gx:coord>11.828939 52.629948 58.436016</gx:coord>
        <when>2026-01-01T00:59:26.0832880Z</when>
        <gx:coord>11.828939 52.629948 58.436016</gx:coord>
        <when>2026-01-01T00:59:30.2002880Z</when>
        <gx:coord>11.82735 52.6298 59.011112</gx:coord>
        <when>2026-01-01T00:59:33.0842880Z</when>
        <gx:coord>11.826789 52.629745 59.267887</gx:coord>
        <when>2026-01-01T00:59:35.2002880Z</when>
        <gx:coord>11.826028 52.629677 59.50903</gx:coord>
        <when>2026-01-01T00:59:40.2002880Z</when>
        <gx:coord>11.824914 52.62959 59.45469</gx:coord>
        <when>2026-01-01T00:59:45.0842880Z</when>
        <gx:coord>11.824128 52.62952 59.20825</gx:coord>
        <when>2026-01-01T00:59:45.2002880Z</when>
        <gx:coord>11.823938 52.6295 59.080566</gx:coord>
        <when>2026-01-01T00:59:50.1992880Z</when>
        <gx:coord>11.823009 52.629414 58.881744</gx:coord>
        <when>2026-01-01T00:59:55.2002880Z</when>
        <gx:coord>11.82216 52.629322 58.591377</gx:coord>
        <when>2026-01-01T01:00:00.0862880Z</when>
        <gx:coord>11.821595 52.62926 58.19334</gx:coord>
        <when>2026-01-01T01:00:00.2002880Z</when>
        <gx:coord>11.821488 52.62925 58.11613</gx:coord>
        <when>2026-01-01T01:00:03.0872880Z</when>
        <gx:coord>11.82131 52.629242 57.995987</gx:coord>
        <when>2026-01-01T01:00:04.0862880Z</when>
        <gx:coord>11.821231 52.629246 57.952892</gx:coord>
        <when>2026-01-01T01:00:05.0892880Z</when>
        <gx:coord>11.821164 52.629265 57.982494</gx:coord>
        <when>2026-01-01T01:00:05.2002880Z</when>
        <gx:coord>11.821105 52.629288 57.92538</gx:coord>
        <when>2026-01-01T01:00:07.0882880Z</when>
        <gx:coord>11.821057 52.629314 57.852127</gx:coord>
        <when>2026-01-01T01:00:09.0882880Z</when>
        <gx:coord>11.820985 52.629375 57.676395</gx:coord>
        <when>2026-01-01T01:00:10.1102880Z</when>
        <gx:coord>11.820951 52.629448 57.56954</gx:coord>
        <when>2026-01-01T01:00:10.2002880Z</when>
        <gx:coord>11.820951 52.629448 57.56954</gx:coord>
        <when>2026-01-01T01:00:11.0862880Z</when>
        <gx:coord>11.820951 52.629448 57.56954</gx:coord>
        <when>2026-01-01T01:00:15.2002880Z</when>
        <gx:coord>11.820913 52.629616 57.2739</gx:coord>
        <when>2026-01-01T01:00:19.0852880Z</when>
        <gx:coord>11.820903 52.629692 57.165184</gx:coord>
        <when>2026-01-01T01:00:20.2002880Z</when>
        <gx:coord>11.820898 52.629726 57.14672</gx:coord>
        <when>2026-01-01T01:00:25.2002880Z</when>
        <gx:coord>11.820895 52.629745 57.169464</gx:coord>
        <when>2026-01-01T01:00:30.1992880Z</when>
        <gx:coord>11.820896 52.629745 57.16755</gx:coord>
        <when>2026-01-01T01:00:35.2002880Z</when>
        <gx:coord>11.820886 52.629787 57.16836</gx:coord>
        <when>2026-01-01T01:00:40.2002880Z</when>
        <gx:coord>11.820848 52.629936 57.0105</gx:coord>
        <when>2026-01-01T01:00:45.2002880Z</when>
        <gx:coord>11.820819 52.63008 56.86912</gx:coord>
        <when>2026-01-01T01:00:50.2002880Z</when>
        <gx:coord>11.820783 52.630238 56.890553</gx:coord>
        <when>2026-01-01T01:00:55.2002880Z</when>
        <gx:coord>11.820747 52.630375 57.17075</gx:coord>
        <when>2026-01-01T01:00:59.0942880Z</when>
        <gx:coord>11.820732 52.630444 57.264935</gx:coord>
        <when>2026-01-01T01:01:00.0852880Z</when>
        <gx:coord>11.820741 52.63046 57.285683</gx:coord>
        <when>2026-01-01T01:01:00.2002880Z</when>
        <gx:coord>11.820757 52.63048 57.25938</gx:coord>
        <when>2026-01-01T01:01:01.0872880Z</when>
        <gx:coord>11.820757 52.63048 57.25938</gx:coord>
        <when>2026-01-01T01:01:02.0892880Z</when>
        <gx:coord>11.820787 52.6305 57.3437</gx:coord>
        <when>2026-01-01T01:01:03.0852880Z</when>
        <gx:coord>11.820833 52.63052 57.3778</gx:coord>
        <when>2026-01-01T01:01:04.0862880Z</when>
        <gx:coord>11.820895 52.630527 57.396683</gx:coord>
        <when>2026-01-01T01:01:05.1992880Z</when>
        <gx:coord>11.821026 52.63054 57.48768</gx:coord>
        <when>2026-01-01T01:01:10.2002880Z</when>
        <gx:coord>11.82146 52.630577 57.89111</gx:coord>
        <when>2026-01-01T01:01:15.2002880Z</when>
        <gx:coord>11.821969 52.630623 58.209675</gx:coord>
        <when>2026-01-01T01:01:20.2002880Z</when>
        <gx:coord>11.822481 52.630672 58.33998</gx:coord>
        <when>2026-01-01T01:01:25.2002880Z</when>
        <gx:coord>11.822994 52.63072 58.47122</gx:coord>
        <when>2026-01-01T01:01:30.2002880Z</when>
        <gx:coord>11.8234215 52.63076 58.674343</gx:coord>
        <when>2026-01-01T01:01:35.0812880Z</when>
        <gx:coord>11.823669 52.630806 58.737175</gx:coord>
        <when>2026-01-01T01:01:35.2002880Z</when>
        <gx:coord>11.823712 52.630836 58.75031</gx:coord>
        <when>2026-01-01T01:01:36.0862880Z</when>
        <gx:coord>11.823712 52.630836 58.75031</gx:coord>
        <when>2026-01-01T01:01:39.0852880Z</when>
        <gx:coord>11.82383 52.63095 58.748806</gx:coord>
        <when>2026-01-01T01:01:40.2002880Z</when>
        <gx:coord>11.823889 52.63103 58.66629</gx:coord>
        <when>2026-01-01T01:01:41.0852880Z</when>
        <gx:coord>11.823889 52.63103 58.66629</gx:coord>
        <when>2026-01-01T01:01:43.0852880Z</when>
        <gx:coord>11.823907 52.631123 58.741447</gx:coord>
        <when>2026-01-01T01:01:44.0802880Z</when>
        <gx:coord>11.823901 52.63117 58.751503</gx:coord>
        <when>2026-01-01T01:01:45.2002880Z</when>
        <gx:coord>11.823869 52.631252 58.767796</gx:coord>
        <when>2026-01-01T01:01:50.2002880Z</when>
        <gx:coord>11.823808 52.631477 58.669395</gx:coord>
        <when>2026-01-01T01:01:55.2002880Z</when>
        <gx:coord>11.823755 52.63169 58.454308</gx:coord>
        <when>2026-01-01T01:01:58.0842880Z</when>
        <gx:coord>11.823755 52.63177 58.385376</gx:coord>
        <when>2026-01-01T01:02:00.0862880Z</when>
        <gx:coord>11.823792 52.631844 58.4015</gx:coord>
        <when>2026-01-01T01:02:00.1992880Z</when>
        <gx:coord>11.823825 52.631878 58.346752</gx:coord>
        <when>2026-01-01T01:02:02.0872880Z</when>
        <gx:coord>11.823864 52.631916 58.355072</gx:coord>
        <when>2026-01-01T01:02:05.0852880Z</when>
        <gx:coord>11.824006 52.632027 58.445614</gx:coord>
        <when>2026-01-01T01:02:05.2002880Z</when>
        <gx:coord>11.8240595 52.63206 58.509003</gx:coord>
        <when>2026-01-01T01:02:06.0892880Z</when>
        <gx:coord>11.8240595 52.63206 58.509003</gx:coord>
        <when>2026-01-01T01:02:08.0902880Z</when>
        <gx:coord>11.824185 52.632095 58.54866</gx:coord>
        <when>2026-01-01T01:02:10.2002880Z</when>
        <gx:coord>11.824411 52.632114 58.621998</gx:coord>
        <when>2026-01-01T01:02:11.0892880Z</when>
        <gx:coord>11.824411 52.632114 58.621998</gx:coord>
        <when>2026-01-01T01:02:15.2002880Z</when>
        <gx:coord>11.82484 52.632153 58.807667</gx:coord>
        <when>2026-01-01T01:02:20.2002880Z</when>
        <gx:coord>11.825324 52.632195 58.970524</gx:coord>
        <when>2026-01-01T01:02:25.2002880Z</when>
        <gx:coord>11.825817 52.63224 58.868725</gx:coord>
        <when>2026-01-01T01:02:30.2002880Z</when>
        <gx:coord>11.826326 52.632286 58.71856</gx:coord>
        <when>2026-01-01T01:02:35.2002880Z</when>
        <gx:coord>11.82683 52.63233 58.470135</gx:coord>
        <when>2026-01-01T01:02:40.2002880Z</when>
        <gx:coord>11.827326 52.632378 58.276043</gx:coord>
        <when>2026-01-01T01:02:45.2002880Z</when>
        <gx:coord>11.827822 52.632423 57.96192</gx:coord>
        <when>2026-01-01T01:02:50.2002880Z</when>
        <gx:coord>11.828286 52.632465 57.826893</gx:coord>
        <when>2026-01-01T01:02:55.2002880Z</when>
        <gx:coord>11.828735 52.632507 57.556786</gx:coord>
        <when>2026-01-01T01:03:00.2002880Z</when>
        <gx:coord>11.82909 52.63254 57.317535</gx:coord>
        <when>2026-01-01T01:03:05.2002880Z</when>
        <gx:coord>11.829431 52.632572 57.071503</gx:coord>
        <when>2026-01-01T01:03:10.2012880Z</when>
        <gx:coord>11.829729 52.632607 56.783768</gx:coord>
        <when>2026-01-01T01:03:15.2002880Z</when>
        <gx:coord>11.829942 52.632626 56.604828</gx:coord>
        <when>2026-01-01T01:03:20.2002880Z</when>
        <gx:coord>11.8301115 52.632633 56.50743</gx:coord>
        <when>2026-01-01T01:03:25.2002880Z</when>
        <gx:coord>11.830226 52.632637 56.425453</gx:coord>
        <when>2026-01-01T01:03:30.2012880Z</when>
        <gx:coord>11.830433 52.632652 56.24201</gx:coord>
        <when>2026-01-01T01:03:33.0892880Z</when>
        <gx:coord>11.830512 52.632668 56.156155</gx:coord>
        <when>2026-01-01T01:03:35.0852880Z</when>
        <gx:coord>11.830569 52.632694 56.13868</gx:coord>
        <when>2026-01-01T01:03:35.2002880Z</when>
        <gx:coord>11.830592 52.63271 56.15999</gx:coord>
        <when>2026-01-01T01:03:37.0872880Z</when>
        <gx:coord>11.830614 52.632732 56.16466</gx:coord>
        <when>2026-01-01T01:03:38.0892880Z</when>
        <gx:coord>11.830628 52.632755 56.203407</gx:coord>
        <when>2026-01-01T01:03:40.0852880Z</when>
        <gx:coord>11.830632 52.632793 56.248936</gx:coord>
        <when>2026-01-01T01:03:40.2012880Z</when>
        <gx:coord>11.830628 52.63281 56.274563</gx:coord>
        <when>2026-01-01T01:03:41.0842880Z</when>
        <gx:coord>11.830628 52.63281 56.274563</gx:coord>
        <when>2026-01-01T01:03:44.1052880Z</when>
        <gx:coord>11.830607 52.63286 56.23137</gx:coord>
        <when>2026-01-01T01:03:45.2012880Z</when>
        <gx:coord>11.8306055 52.632866 56.273575</gx:coord>
        <when>2026-01-01T01:03:50.2012880Z</when>
        <gx:coord>11.830604 52.63287 56.321125</gx:coord>
        <when>2026-01-01T01:03:55.2012880Z</when>
        <gx:coord>11.8306055 52.63287 56.583664</gx:coord>
        <when>2026-01-01T01:04:00.2012880Z</when>
        <gx:coord>11.8306055 52.63287 56.704693</gx:coord>
        <when>2026-01-01T01:04:05.2012880Z</when>
        <gx:coord>11.830606 52.63287 56.777504</gx:coord>
        <when>2026-01-01T01:04:10.2012880Z</when>
        <gx:coord>11.830606 52.63287 56.777504</gx:coord>
        <when>2026-01-01T01:04:15.2012880Z</when>
        <gx:coord>11.830606 52.63287 56.777504</gx:coord>
        <when>2026-01-01T01:04:18.3602880Z</when>
        <gx:coord>11.830606 52.63287 56.777504</gx:coord>
        <coordinates />
      </gx:Track>
    </Placemark>
    <Placemark>
      <name>Takeoff: 2026-01-01</name>
      <styleUrl>#downArrowIcon</styleUrl>
      <Point>
        <altitudeMode>relativeToGround</altitudeMode>
        <coordinates>12.06044,51.550526,20</coordinates>
      </Point>
    </Placemark>
    <Placemark>
      <name>Landing: 2026-01-01</name>
      <styleUrl>#downArrowIcon</styleUrl>
      <Point>
        <altitudeMode>relativeToGround</altitudeMode>
        <coordinates>11.820951,52.629448,20</coordinates>
      </Point>
    </Placemark>
    <Placemark>
      <name>Log Stop: 2026-01-01</name>
      <styleUrl>#downArrowIcon</styleUrl>
      <Point>
        <altitudeMode>relativeToGround</altitudeMode>
        <coordinates>11.830606,52.63287,20</coordinates>
      </Point>
    </Placemark>
  </Document>
</kml>