<?xml version="1.0" encoding="utf-8"?>
<kml xmlns:gx="http://www.google.com/kml/ext/2.2" creator="kml-heatmap" xmlns="http://www.opengis.net/kml/2.2">
  <Document>
    <name>SkyDemon Track Log</name>
    <Style id="skydemonLogStyle">
      <LineStyle>
        <color>7f00ffff</color>
        <width>4</width>
      </LineStyle>
      <PolyStyle>
        <color>7fffa400</color>
      </PolyStyle>
    </Style>
    <Style id="downArrowIcon">
      <IconStyle>
        <href>http://maps.google.com/mapfiles/kml/pal4/icon28.png</href>
      </IconStyle>
    </Style>
    <Placemark>
      <name>Log Start: 2026-01-01</name>
      <styleUrl>#downArrowIcon</styleUrl>
      <Point>
        <altitudeMode>relativeToGround</altitudeMode>
        <coordinates>11.830966,52.6328,20</coordinates>
      </Point>
    </Placemark>
    <Placemark>
      <name>EDOV Stendal-Borstel - EDAQ Halle-Oppin</name>
      <styleUrl>#skydemonLogStyle</styleUrl>
      <gx:Track>
        <extrude>1</extrude>
        <altitudeMode>absolute</altitudeMode>
        <when>2026-01-01T00:00:00.5129510Z</when>
        <gx:coord>11.830966 52.6328 57.496994</gx:coord>
        <when>2026-01-01T00:00:03.0719510Z</when>
        <gx:coord>11.830947 52.63277 58.548214</gx:coord>
        <when>2026-01-01T00:00:03.4169510Z</when>
        <gx:coord>11.830744 52.63283 56.170017</gx:coord>
        <when>2026-01-01T00:00:03.5169510Z</when>
        <gx:coord>11.830744 52.63283 56.170017</gx:coord>
        <when>2026-01-01T00:00:03.6579510Z</when>
        <gx:coord>11.830744 52.63283 56.170017</gx:coord>
        <when>2026-01-01T00:00:03.9179510Z</when>
        <gx:coord>11.830744 52.63283 56.170017</gx:coord>
        <when>2026-01-01T00:00:05.5139510Z</when>
        <gx:coord>11.83067 52.63285 55.73772</gx:coord>
        <when>2026-01-01T00:00:05.8379510Z</when>
        <gx:coord>11.83067 52.63285 55.73772</gx:coord>
        <when>2026-01-01T00:00:06.3579510Z</when>
        <gx:coord>11.830655 52.63285 56.291477</gx:coord>
        <when>2026-01-01T00:00:06.4379510Z</when>
        <gx:coord>11.830655 52.63285 56.291477</gx:coord>
        <when>2026-01-01T00:00:06.4979510Z</when>
        <gx:coord>11.830655 52.63285 56.291477</gx:coord>
        <when>2026-01-01T00:00:06.5579510Z</when>
        <gx:coord>11.830655 52.63285 56.291477</gx:coord>
        <when>2026-01-01T00:00:06.6389510Z</when>
        <gx:coord>11.830655 52.63285 56.291477</gx:coord>
        <when>2026-01-01T00:00:06.6809510Z</when>
        <gx:coord>11.830655 52.63285 56.291477</gx:coord>
        <when>2026-01-01T00:00:08.6199510Z</when>
        <gx:coord>11.830604 52.632854 53.103447</gx:coord>
        <when>2026-01-01T00:00:08.6779510Z</when>
        <gx:coord>11.830604 52.632854 53.103447</gx:coord>
        <when>2026-01-01T00:00:08.7579510Z</when>
        <gx:coord>11.830604 52.632854 53.103447</gx:coord>
        <when>2026-01-01T00:00:08.8179510Z</when>
        <gx:coord>11.830604 52.632854 53.103447</gx:coord>
        <when>2026-01-01T00:00:08.8989510Z</when>
        <gx:coord>11.830604 52.632854 53.103447</gx:coord>
        <when>2026-01-01T00:00:09.1899510Z</when>
        <gx:coord>11.830604 52.632854 56.36045</gx:coord>
        <when>2026-01-01T00:00:10.1189510Z</when>
        <gx:coord>11.830609 52.63286 56.41772</gx:coord>
        <when>2026-01-01T00:00:10.2039510Z</when>
        <gx:coord>11.830609 52.63286 56.41772</gx:coord>
        <when>2026-01-01T00:00:10.5139510Z</when>
        <gx:coord>11.830609 52.63286 56.41772</gx:coord>
        <when>2026-01-01T00:00:10.6999510Z</when>
        <gx:coord>11.830609 52.63286 56.41772</gx:coord>
        <when>2026-01-01T00:00:11.1599510Z</when>
        <gx:coord>11.830608 52.63286 56.385986</gx:coord>
        <when>2026-01-01T00:00:15.5129510Z</when>
        <gx:coord>11.830611 52.63286 56.54883</gx:coord>
        <when>2026-01-01T00:00:20.5119510Z</when>
        <gx:coord>11.830617 52.63285 56.4675</gx:coord>
        <when>2026-01-01T00:00:22.7629510Z</when>
        <gx:coord>11.83061 52.63285 56.63473</gx:coord>
        <when>2026-01-01T00:00:22.8249510Z</when>
        <gx:coord>11.83061 52.63285 56.63473</gx:coord>
        <when>2026-01-01T00:00:23.4649510Z</when>
        <gx:coord>11.830611 52.63285 56.651134</gx:coord>
        <when>2026-01-01T00:00:25.5119510Z</when>
        <gx:coord>11.830608 52.632854 56.58195</gx:coord>
        <when>2026-01-01T00:00:30.5119510Z</when>
        <gx:coord>11.830608 52.632854 56.58195</gx:coord>
        <when>2026-01-01T00:00:35.5109510Z</when>
        <gx:coord>11.830626 52.632843 54.170033</gx:coord>
        <when>2026-01-01T00:00:40.5099510Z</when>
        <gx:coord>11.830628 52.63284 54.375183</gx:coord>
        <when>2026-01-01T00:00:45.5109510Z</when>
        <gx:coord>11.830627 52.632854 55.413826</gx:coord>
        <when>2026-01-01T00:00:49.4519510Z</when>
        <gx:coord>11.830627 52.632854 55.413826</gx:coord>
        <when>2026-01-01T00:00:49.5519510Z</when>
        <gx:coord>11.830627 52.632854 55.413826</gx:coord>
        <when>2026-01-01T00:00:49.9539510Z</when>
        <gx:coord>11.830627 52.632854 55.413826</gx:coord>
        <when>2026-01-01T00:00:50.5109510Z</when>
        <gx:coord>11.830626 52.632854 55.531612</gx:coord>
        <when>2026-01-01T00:00:51.5929510Z</when>
        <gx:coord>11.830624 52.632854 55.65555</gx:coord>
        <when>2026-01-01T00:00:53.0339510Z</when>
        <gx:coord>11.830616 52.63286 55.593018</gx:coord>
        <when>2026-01-01T00:00:55.5099510Z</when>
        <gx:coord>11.830612 52.632866 55.999992</gx:coord>
        <when>2026-01-01T00:00:58.3939510Z</when>
        <gx:coord>11.830618 52.63286 56.10441</gx:coord>
        <when>2026-01-01T00:01:00.5099510Z</when>
        <gx:coord>11.83062 52.63286 56.1918</gx:coord>
        <when>2026-01-01T00:01:03.9779510Z</when>
        <gx:coord>11.830622 52.632847 56.19916</gx:coord>
        <when>2026-01-01T00:01:05.5099510Z</when>
        <gx:coord>11.830618 52.632843 56.106457</gx:coord>
        <when>2026-01-01T00:01:10.5099510Z</when>
        <gx:coord>11.830611 52.632854 55.973396</gx:coord>
        <when>2026-01-01T00:01:15.5099510Z</when>
        <gx:coord>11.830613 52.632854 55.95604</gx:coord>
        <when>2026-01-01T00:01:20.5099510Z</when>
        <gx:coord>11.830614 52.63285 56.0514</gx:coord>
        <when>2026-01-01T00:01:25.5099510Z</when>
        <gx:coord>11.830612 52.632854 55.962757</gx:coord>
        <when>2026-01-01T00:01:29.4959510Z</when>
        <gx:coord>11.830612 52.632854 55.962757</gx:coord>
        <when>2026-01-01T00:01:30.5099510Z</when>
        <gx:coord>11.830613 52.632854 55.99732</gx:coord>
        <when>2026-01-01T00:01:33.5289510Z</when>
        <gx:coord>11.830616 52.632854 56.101704</gx:coord>
        <when>2026-01-01T00:01:35.5099510Z</when>
        <gx:coord>11.830608 52.632862 56.173275</gx:coord>
        <when>2026-01-01T00:01:40.5099510Z</when>
        <gx:coord>11.830616 52.63286 56.212227</gx:coord>
        <when>2026-01-01T00:01:44.4339510Z</when>
        <gx:coord>11.830614 52.63286 56.124813</gx:coord>
        <when>2026-01-01T00:01:44.6539510Z</when>
        <gx:coord>11.830614 52.63286 56.124813</gx:coord>
        <when>2026-01-01T00:01:44.7529510Z</when>
        <gx:coord>11.830614 52.63286 56.124813</gx:coord>
        <when>2026-01-01T00:01:44.8529510Z</when>
        <gx:coord>11.830614 52.63286 56.124813</gx:coord>
        <when>2026-01-01T00:01:44.9529510Z</when>
        <gx:coord>11.830614 52.63286 56.124813</gx:coord>
        <when>2026-01-01T00:01:45.5099510Z</when>
        <gx:coord>11.830617 52.63286 56.053925</gx:coord>
        <when>2026-01-01T00:01:45.9349510Z</when>
        <gx:coord>11.830617 52.63286 56.053925</gx:coord>
        <when>2026-01-01T00:01:47.7949510Z</when>
        <gx:coord>11.830613 52.63286 56.124958</gx:coord>
        <when>2026-01-01T00:01:48.4969510Z</when>
        <gx:coord>11.830617 52.632854 56.19914</gx:coord>
        <when>2026-01-01T00:01:49.6759510Z</when>
        <gx:coord>11.830619 52.63285 56.257816</gx:coord>
        <when>2026-01-01T00:01:50.5089510Z</when>
        <gx:coord>11.830626 52.632854 56.221375</gx:coord>
        <when>2026-01-01T00:01:55.5099510Z</when>
        <gx:coord>11.830614 52.63286 56.210712</gx:coord>
        <when>2026-01-01T00:02:00.5099510Z</when>
        <gx:coord>11.830612 52.632854 56.12617</gx:coord>
        <when>2026-01-01T00:02:04.6829510Z</when>
        <gx:coord>11.830614 52.63286 56.01796</gx:coord>
        <when>2026-01-01T00:02:04.9819510Z</when>
        <gx:coord>11.830614 52.63286 56.01796</gx:coord>
        <when>2026-01-01T00:02:05.1029510Z</when>
        <gx:coord>11.830619 52.63286 56.071056</gx:coord>
        <when>2026-01-01T00:02:05.5099510Z</when>
        <gx:coord>11.830619 52.63286 56.071056</gx:coord>
        <when>2026-01-01T00:02:06.5879510Z</when>
        <gx:coord>11.830616 52.63286 56.155437</gx:coord>
        <when>2026-01-01T00:02:06.7629510Z</when>
        <gx:coord>11.830616 52.63286 56.155437</gx:coord>
        <when>2026-01-01T00:02:07.7659510Z</when>
        <gx:coord>11.830622 52.632854 56.16502</gx:coord>
        <when>2026-01-01T00:02:10.5099510Z</when>
        <gx:coord>11.830622 52.632854 55.9184</gx:coord>
        <when>2026-01-01T00:02:15.5099510Z</when>
        <gx:coord>11.830631 52.63285 55.793285</gx:coord>
        <when>2026-01-01T00:02:20.5099510Z</when>
        <gx:coord>11.83062 52.632854 55.517406</gx:coord>
        <when>2026-01-01T00:02:24.2709510Z</when>
        <gx:coord>11.830615 52.632866 55.528305</gx:coord>
        <when>2026-01-01T00:02:25.5099510Z</when>
        <gx:coord>11.830609 52.632854 55.513134</gx:coord>
        <when>2026-01-01T00:02:30.5099510Z</when>
        <gx:coord>11.830617 52.63286 55.664818</gx:coord>
        <when>2026-01-01T00:02:32.8749510Z</when>
        <gx:coord>11.830611 52.632862 55.76071</gx:coord>
        <when>2026-01-01T00:02:33.0749510Z</when>
        <gx:coord>11.830611 52.632862 55.76071</gx:coord>
        <when>2026-01-01T00:02:34.1759510Z</when>
        <gx:coord>11.830604 52.632862 55.870457</gx:coord>
        <when>2026-01-01T00:02:35.5099510Z</when>
        <gx:coord>11.830608 52.632862 55.92397</gx:coord>
        <when>2026-01-01T00:02:36.1559510Z</when>
        <gx:coord>11.83061 52.63286 55.98516</gx:coord>
        <when>2026-01-01T00:02:37.4369510Z</when>
        <gx:coord>11.8306055 52.63286 55.991</gx:coord>
        <when>2026-01-01T00:02:37.4969510Z</when>
        <gx:coord>11.8306055 52.63286 55.991</gx:coord>
        <when>2026-01-01T00:02:37.8179510Z</when>
        <gx:coord>11.8306055 52.63286 55.991</gx:coord>
        <when>2026-01-01T00:02:38.0159510Z</when>
        <gx:coord>11.8306055 52.63286 55.991</gx:coord>
        <when>2026-01-01T00:02:38.4169510Z</when>
        <gx:coord>11.830611 52.63286 55.9904</gx:coord>
        <when>2026-01-01T00:02:38.6979510Z</when>
        <gx:coord>11.830611 52.63286 55.9904</gx:coord>
        <when>2026-01-01T00:02:39.0849510Z</when>
        <gx:coord>11.830615 52.63286 56.02713</gx:coord>
        <when>2026-01-01T00:02:39.7949510Z</when>
        <gx:coord>11.830615 52.63286 56.02713</gx:coord>
        <when>2026-01-01T00:02:39.8349510Z</when>
        <gx:coord>11.830615 52.63286 56.02713</gx:coord>
        <when>2026-01-01T00:02:39.9549510Z</when>
        <gx:coord>11.830615 52.63286 56.02713</gx:coord>
        <when>2026-01-01T00:02:40.1149510Z</when>
        <gx:coord>11.830625 52.632862 56.2333</gx:coord>
        <when>2026-01-01T00:02:40.3949510Z</when>
        <gx:coord>11.830625 52.632862 56.2333</gx:coord>
        <when>2026-01-01T00:02:40.4749510Z</when>
        <gx:coord>11.830625 52.632862 56.2333</gx:coord>
        <when>2026-01-01T00:02:40.5949510Z</when>
        <gx:coord>11.830625 52.632862 56.2333</gx:coord>
        <when>2026-01-01T00:02:40.8349510Z</when>
        <gx:coord>11.830625 52.632862 56.2333</gx:coord>
        <when>2026-01-01T00:02:41.3159510Z</when>
        <gx:coord>11.830628 52.632866 56.511467</gx:coord>
        <when>2026-01-01T00:02:41.6959510Z</when>
        <gx:coord>11.830628 52.632866 56.511467</gx:coord>
        <when>2026-01-01T00:02:42.0169510Z</when>
        <gx:coord>11.830628 52.632866 56.511467</gx:coord>
        <when>2026-01-01T00:02:42.2759510Z</when>
        <gx:coord>11.830635 52.632866 56.513615</gx:coord>
        <when>2026-01-01T00:02:42.7159510Z</when>
        <gx:coord>11.830635 52.632866 56.513615</gx:coord>
        <when>2026-01-01T00:02:42.8169510Z</when>
        <gx:coord>11.830635 52.632866 56.513615</gx:coord>
        <when>2026-01-01T00:02:42.8759510Z</when>
        <gx:coord>11.830635 52.632866 56.513615</gx:coord>
        <when>2026-01-01T00:02:42.9159510Z</when>
        <gx:coord>11.830635 52.632866 56.513615</gx:coord>
        <when>2026-01-01T00:02:42.9559510Z</when>
        <gx:coord>11.830635 52.632866 56.513615</gx:coord>
        <when>2026-01-01T00:02:42.9969510Z</when>
        <gx:coord>11.830635 52.632866 56.513615</gx:coord>
        <when>2026-01-01T00:02:43.0569510Z</when>
        <gx:coord>11.830635 52.632866 56.513615</gx:coord>
        <when>2026-01-01T00:02:43.1159510Z</when>
        <gx:coord>11.83064 52.63286 56.67801</gx:coord>
        <when>2026-01-01T00:02:43.2199510Z</when>
        <gx:coord>11.83064 52.63286 56.67801</gx:coord>
        <when>2026-01-01T00:02:43.3359510Z</when>
        <gx:coord>11.83064 52.63286 56.67801</gx:coord>
        <when>2026-01-01T00:02:43.5179510Z</when>
        <gx:coord>11.83064 52.63286 56.67801</gx:coord>
        <when>2026-01-01T00:02:43.9569510Z</when>
        <gx:coord>11.83064 52.63286 56.67801</gx:coord>
        <when>2026-01-01T00:02:44.1769510Z</when>
        <gx:coord>11.830647 52.632854 56.56285</gx:coord>
        <when>2026-01-01T00:02:44.8179510Z</when>
        <gx:coord>11.830647 52.632854 56.56285</gx:coord>
        <when>2026-01-01T00:02:48.0779510Z</when>
        <gx:coord>11.83067 52.632816 56.541485</gx:coord>
        <when>2026-01-01T00:02:50.0809510Z</when>
        <gx:coord>11.830685 52.632774 56.834286</gx:coord>
        <when>2026-01-01T00:03:06.0799510Z</when>
        <gx:coord>11.830804 52.63212 56.327297</gx:coord>
        <when>2026-01-01T00:03:34.3739510Z</when>
        <gx:coord>11.831126 52.630814 55.81001</gx:coord>
        <when>2026-01-01T00:03:38.0869510Z</when>
        <gx:coord>11.83113 52.63077 55.668705</gx:coord>
        <when>2026-01-01T00:03:39.0839510Z</when>
        <gx:coord>11.83114 52.630775 55.6971</gx:coord>
        <when>2026-01-01T00:03:39.3749510Z</when>
        <gx:coord>11.831133 52.63078 55.76109</gx:coord>
        <when>2026-01-01T00:03:44.3779510Z</when>
        <gx:coord>11.831133 52.630783 55.81716</gx:coord>
        <when>2026-01-01T00:03:49.3749510Z</when>
        <gx:coord>11.831134 52.630783 55.740612</gx:coord>
        <when>2026-01-01T00:03:54.3749510Z</when>
        <gx:coord>11.831134 52.630783 55.75516</gx:coord>
        <when>2026-01-01T00:03:59.3749510Z</when>
        <gx:coord>11.831139 52.63078 56.218956</gx:coord>
        <when>2026-01-01T00:04:04.3749510Z</when>
        <gx:coord>11.831139 52.63078 56.44085</gx:coord>
        <when>2026-01-01T00:04:09.3749510Z</when>
        <gx:coord>11.831138 52.630783 56.533375</gx:coord>
        <when>2026-01-01T00:04:09.9059510Z</when>
        <gx:coord>11.831138 52.630783 56.533375</gx:coord>
        <when>2026-01-01T00:04:14.3769510Z</when>
        <gx:coord>11.831135 52.630783 56.46876</gx:coord>
        <when>2026-01-01T00:04:19.3749510Z</when>
        <gx:coord>11.831132 52.630787 56.49992</gx:coord>
        <when>2026-01-01T00:04:22.7139510Z</when>
        <gx:coord>11.831132 52.630787 56.32755</gx:coord>
        <when>2026-01-01T00:04:24.3749510Z</when>
        <gx:coord>11.831132 52.630787 56.476513</gx:coord>
        <when>2026-01-01T00:04:29.3749510Z</when>
        <gx:coord>11.831128 52.630787 56.208485</gx:coord>
        <when>2026-01-01T00:04:34.3929510Z</when>
        <gx:coord>11.831126 52.630787 56.296127</gx:coord>
        <when>2026-01-01T00:04:39.3749510Z</when>
        <gx:coord>11.831126 52.630787 56.190002</gx:coord>
        <when>2026-01-01T00:04:44.3479510Z</when>
        <gx:coord>11.831129 52.630787 56.0172</gx:coord>
        <when>2026-01-01T00:04:44.3749510Z</when>
        <gx:coord>11.831129 52.630787 56.0172</gx:coord>
        <when>2026-01-01T00:04:49.3749510Z</when>
        <gx:coord>11.831131 52.630787 56.144</gx:coord>
        <when>2026-01-01T00:04:54.3749510Z</when>
        <gx:coord>11.831132 52.630783 56.38681</gx:coord>
        <when>2026-01-01T00:04:59.3759510Z</when>
        <gx:coord>11.83113 52.630783 56.585445</gx:coord>
        <when>2026-01-01T00:05:29.6829510Z</when>
        <gx:coord>11.831134 52.630783 56.205257</gx:coord>
        <when>2026-01-01T00:05:34.6839510Z</when>
        <gx:coord>11.831137 52.63078 56.174866</gx:coord>
        <when>2026-01-01T00:05:39.6839510Z</when>
        <gx:coord>11.831129 52.630787 55.884056</gx:coord>
        <when>2026-01-01T00:05:44.6839510Z</when>
        <gx:coord>11.831131 52.630787 55.903282</gx:coord>
        <when>2026-01-01T00:05:49.6839510Z</when>
        <gx:coord>11.831134 52.630783 56.00131</gx:coord>
        <when>2026-01-01T00:05:54.6839510Z</when>
        <gx:coord>11.831137 52.630783 55.95211</gx:coord>
        <when>2026-01-01T00:05:59.6839510Z</when>
        <gx:coord>11.831137 52.630783 55.771084</gx:coord>
        <when>2026-01-01T00:06:04.6839510Z</when>
        <gx:coord>11.831141 52.63078 56.520824</gx:coord>
        <when>2026-01-01T00:06:09.2279510Z</when>
        <gx:coord>11.831152 52.630764 56.532898</gx:coord>
        <when>2026-01-01T00:06:09.6839510Z</when>
        <gx:coord>11.831152 52.630764 56.532898</gx:coord>
        <when>2026-01-01T00:06:11.0089510Z</when>
        <gx:coord>11.831157 52.630756 56.562084</gx:coord>
        <when>2026-01-01T00:06:11.0829510Z</when>
        <gx:coord>11.831157 52.630756 56.562084</gx:coord>
        <when>2026-01-01T00:06:13.0839510Z</when>
        <gx:coord>11.831165 52.63073 56.584236</gx:coord>
        <when>2026-01-01T00:06:14.6839510Z</when>
        <gx:coord>11.831168 52.63069 56.67441</gx:coord>
        <when>2026-01-01T00:06:19.6839510Z</when>
        <gx:coord>11.83121 52.630577 56.584724</gx:coord>
        <when>2026-01-01T00:06:24.9919510Z</when>
        <gx:coord>11.831224 52.630413 56.607</gx:coord>
        <when>2026-01-01T00:06:26.0879510Z</when>
        <gx:coord>11.83122 52.63038 56.677547</gx:coord>
        <when>2026-01-01T00:06:28.0829510Z</when>
        <gx:coord>11.831198 52.630318 56.715534</gx:coord>
        <when>2026-01-01T00:06:29.6839510Z</when>
        <gx:coord>11.831152 52.630257 56.810246</gx:coord>
        <when>2026-01-01T00:06:30.0889510Z</when>
        <gx:coord>11.831152 52.630257 56.810246</gx:coord>
        <when>2026-01-01T00:06:32.0809510Z</when>
        <gx:coord>11.831091 52.630207 56.809277</gx:coord>
        <when>2026-01-01T00:06:34.0849510Z</when>
        <gx:coord>11.831019 52.63017 56.86647</gx:coord>
        <when>2026-01-01T00:06:34.6839510Z</when>
        <gx:coord>11.830979 52.63015 56.846176</gx:coord>
        <when>2026-01-01T00:06:36.0819510Z</when>
        <gx:coord>11.83094 52.630135 56.765446</gx:coord>
        <when>2026-01-01T00:06:38.0789510Z</when>
        <gx:coord>11.830858 52.630116 56.842243</gx:coord>
        <when>2026-01-01T00:06:43.0829510Z</when>
        <gx:coord>11.830664 52.630104 57.209538</gx:coord>
        <when>2026-01-01T00:06:47.0889510Z</when>
        <gx:coord>11.830091 52.63006 57.626545</gx:coord>
        <when>2026-01-01T00:06:49.1359510Z</when>
        <gx:coord>11.829672 52.630016 57.918926</gx:coord>
        <when>2026-01-01T00:06:51.0809510Z</when>
        <gx:coord>11.829166 52.629967 58.20259</gx:coord>
        <when>2026-01-01T00:06:55.0809510Z</when>
        <gx:coord>11.82791 52.629852 58.794983</gx:coord>
        <when>2026-01-01T00:07:01.0939510Z</when>
        <gx:coord>11.825584 52.62963 60.141193</gx:coord>
        <when>2026-01-01T00:07:12.0739510Z</when>
        <gx:coord>11.820228 52.629116 89.91925</gx:coord>
        <when>2026-01-01T00:07:27.0829510Z</when>
        <gx:coord>11.813699 52.62836 121.17533</gx:coord>
        <when>2026-01-01T00:07:35.0779510Z</when>
        <gx:coord>11.810249 52.62807 153.17937</gx:coord>
        <when>2026-01-01T00:07:42.0729510Z</when>
        <gx:coord>11.807632 52.627953 160.10158</gx:coord>
        <when>2026-01-01T00:07:48.0829510Z</when>
        <gx:coord>11.804446 52.627987 173.36388</gx:coord>
        <when>2026-01-01T00:07:50.0799510Z</when>
        <gx:coord>11.803557 52.62803 184.26569</gx:coord>
        <when>2026-01-01T00:07:54.0749510Z</when>
        <gx:coord>11.802225 52.628105 193.31615</gx:coord>
        <when>2026-01-01T00:07:56.4759510Z</when>
        <gx:coord>11.8009 52.628223 204.96149</gx:coord>
        <when>2026-01-01T00:07:59.1009510Z</when>
        <gx:coord>11.799601 52.628323 216.21768</gx:coord>
        <when>2026-01-01T00:08:01.4769510Z</when>
        <gx:coord>11.798748 52.628372 222.8022</gx:coord>
        <when>2026-01-01T00:08:06.4769510Z</when>
        <gx:coord>11.796666 52.62848 235.32513</gx:coord>
        <when>2026-01-01T00:08:11.0819510Z</when>
        <gx:coord>11.794641 52.6286 248.73396</gx:coord>
        <when>2026-01-01T00:08:11.4769510Z</when>
        <gx:coord>11.794641 52.6286 248.73396</gx:coord>
        <when>2026-01-01T00:08:16.4759510Z</when>
        <gx:coord>11.792536 52.6287 256.49023</gx:coord>
        <when>2026-01-01T00:08:21.4769510Z</when>
        <gx:coord>11.790342 52.62881 260.0279</gx:coord>
        <when>2026-01-01T00:08:26.4769510Z</when>
        <gx:coord>11.787989 52.628914 257.88678</gx:coord>
        <when>2026-01-01T00:08:31.4769510Z</when>
        <gx:coord>11.785561 52.629005 272.08218</gx:coord>
        <when>2026-01-01T00:08:34.0839510Z</when>
        <gx:coord>11.784129 52.62905 280.92328</gx:coord>
        <when>2026-01-01T00:08:50.0919510Z</when>
        <gx:coord>11.776641 52.62917 307.61603</gx:coord>
        <when>2026-01-01T00:08:53.0799510Z</when>
        <gx:coord>11.7751875 52.629173 313.4311</gx:coord>
        <when>2026-01-01T00:08:54.3379510Z</when>
        <gx:coord>11.7746935 52.629177 315.10394</gx:coord>
        <when>2026-01-01T00:08:59.3399510Z</when>
        <gx:coord>11.772194 52.62919 324.49997</gx:coord>
        <when>2026-01-01T00:09:04.3399510Z</when>
        <gx:coord>11.76977 52.62921 336.029</gx:coord>
        <when>2026-01-01T00:09:08.0829510Z</when>
        <gx:coord>11.767876 52.629192 345.4057</gx:coord>
        <when>2026-01-01T00:09:09.0799510Z</when>
        <gx:coord>11.767876 52.629192 345.4057</gx:coord>
        <when>2026-01-01T00:09:09.3399510Z</when>
        <gx:coord>11.767397 52.629177 348.31003</gx:coord>
        <when>2026-01-01T00:09:14.3429510Z</when>
        <gx:coord>11.764973 52.629135 365.47745</gx:coord>
        <when>2026-01-01T00:09:19.3399510Z</when>
        <gx:coord>11.762538 52.62909 375.64618</gx:coord>
        <when>2026-01-01T00:09:20.0809510Z</when>
        <gx:coord>11.762054 52.62906 376.99646</gx:coord>
        <when>2026-01-01T00:09:23.0839510Z</when>
        <gx:coord>11.761087 52.62895 379.9742</gx:coord>
        <when>2026-01-01T00:09:24.3399510Z</when>
        <gx:coord>11.760132 52.62875 383.46313</gx:coord>
        <when>2026-01-01T00:09:25.0859510Z</when>
        <gx:coord>11.760132 52.62875 383.46313</gx:coord>
        <when>2026-01-01T00:09:26.0799510Z</when>
        <gx:coord>11.7596655 52.62862 386.28888</gx:coord>
        <when>2026-01-01T00:09:29.3399510Z</when>
        <gx:coord>11.757895 52.62794 389.99295</gx:coord>
        <when>2026-01-01T00:09:30.0869510Z</when>
        <gx:coord>11.757895 52.62794 389.99295</gx:coord>
        <when>2026-01-01T00:09:34.3429510Z</when>
        <gx:coord>11.755902 52.626816 398.78613</gx:coord>
        <when>2026-01-01T00:09:37.0749510Z</when>
        <gx:coord>11.755142 52.626312 402.0224</gx:coord>
        <when>2026-01-01T00:09:40.0789510Z</when>
        <gx:coord>11.753654 52.62525 411.01892</gx:coord>
        <when>2026-01-01T00:09:43.0769510Z</when>
        <gx:coord>11.752919 52.6247 423.59305</gx:coord>
        <when>2026-01-01T00:09:48.0889510Z</when>
        <gx:coord>11.7507105 52.622963 441.11832</gx:coord>
        <when>2026-01-01T00:09:54.0819510Z</when>
        <gx:coord>11.749006 52.621418 440.54138</gx:coord>
        <when>2026-01-01T00:09:54.0819510Z</when>
        <gx:coord>11.7486925 52.621094 442.04672</gx:coord>
        <when>2026-01-01T00:09:57.5389510Z</when>
        <gx:coord>11.747855 52.620056 445.6552</gx:coord>
        <when>2026-01-01T00:09:59.0809510Z</when>
        <gx:coord>11.747616 52.619694 447.3541</gx:coord>
        <when>2026-01-01T00:10:02.5399510Z</when>
        <gx:coord>11.746871 52.618187 457.29254</gx:coord>
        <when>2026-01-01T00:10:05.0809510Z</when>
        <gx:coord>11.746632 52.617413 462.09927</gx:coord>
        <when>2026-01-01T00:10:07.5539510Z</when>
        <gx:coord>11.746442 52.616222 466.17084</gx:coord>
        <when>2026-01-01T00:10:09.0819510Z</when>
        <gx:coord>11.746411 52.61582 467.11047</gx:coord>
        <when>2026-01-01T00:10:11.0839510Z</when>
        <gx:coord>11.746421 52.615 470.988</gx:coord>
        <when>2026-01-01T00:10:11.0839510Z</when>
        <gx:coord>11.746448 52.61459 473.1733</gx:coord>
        <when>2026-01-01T00:10:12.5399510Z</when>
        <gx:coord>11.746488 52.61417 474.8196</gx:coord>
        <when>2026-01-01T00:10:17.5399510Z</when>
        <gx:coord>11.746885 52.612072 483.68005</gx:coord>
        <when>2026-01-01T00:10:22.5399510Z</when>
        <gx:coord>11.747545 52.609955 495.76324</gx:coord>
        <when>2026-01-01T00:10:23.0839510Z</when>
        <gx:coord>11.747545 52.609955 495.76324</gx:coord>
        <when>2026-01-01T00:10:26.0819510Z</when>
        <gx:coord>11.748161 52.608273 505.2025</gx:coord>
        <when>2026-01-01T00:10:27.5399510Z</when>
        <gx:coord>11.748331 52.607853 507.52368</gx:coord>
        <when>2026-01-01T00:10:31.0929510Z</when>
        <gx:coord>11.749101 52.606186 514.8798</gx:coord>
        <when>2026-01-01T00:10:32.5399510Z</when>
        <gx:coord>11.749317 52.605778 520.9884</gx:coord>
        <when>2026-01-01T00:10:37.5399510Z</when>
        <gx:coord>11.750428 52.603733 532.04926</gx:coord>
        <when>2026-01-01T00:10:39.0819510Z</when>
        <gx:coord>11.7509 52.602924 535.7945</gx:coord>
        <when>2026-01-01T00:10:42.5409510Z</when>
        <gx:coord>11.751646 52.601715 541.44525</gx:coord>
        <when>2026-01-01T00:10:45.0829510Z</when>
        <gx:coord>11.752166 52.600914 547.67535</gx:coord>
        <when>2026-01-01T00:10:47.5409510Z</when>
        <gx:coord>11.753009 52.599743 554.8022</gx:coord>
        <when>2026-01-01T00:10:51.0899510Z</when>
        <gx:coord>11.754249 52.598248 569.649</gx:coord>
        <when>2026-01-01T00:10:52.5409510Z</when>
        <gx:coord>11.754579 52.597885 573.70355</gx:coord>
        <when>2026-01-01T00:10:57.0809510Z</when>
        <gx:coord>11.755971 52.59649 586.5325</gx:coord>
        <when>2026-01-01T00:10:57.5619510Z</when>
        <gx:coord>11.756333 52.59615 589.77264</gx:coord>
        <when>2026-01-01T00:11:00.0819510Z</when>
        <gx:coord>11.757419 52.595135 601.1187</gx:coord>
        <when>2026-01-01T00:11:02.5419510Z</when>
        <gx:coord>11.758176 52.594463 605.58875</gx:coord>
        <when>2026-01-01T00:11:07.5419510Z</when>
        <gx:coord>11.760119 52.592777 614.2847</gx:coord>
        <when>2026-01-01T00:11:12.0889510Z</when>
        <gx:coord>11.762123 52.591106 623.8929</gx:coord>
        <when>2026-01-01T00:11:12.5419510Z</when>
        <gx:coord>11.762123 52.591106 627.0571</gx:coord>
        <when>2026-01-01T00:11:15.0849510Z</when>
        <gx:coord>11.763371 52.590126 631.6875</gx:coord>
        <when>2026-01-01T00:11:17.5419510Z</when>
        <gx:coord>11.764215 52.589474 637.30554</gx:coord>
        <when>2026-01-01T00:11:22.5419510Z</when>
        <gx:coord>11.766341 52.5878 639.7787</gx:coord>
        <when>2026-01-01T00:11:25.0819510Z</when>
        <gx:coord>11.767254 52.5871 635.4435</gx:coord>
        <when>2026-01-01T00:11:27.5419510Z</when>
        <gx:coord>11.768715 52.586025 631.4031</gx:coord>
        <when>2026-01-01T00:11:32.5419510Z</when>
        <gx:coord>11.771277 52.584194 632.517</gx:coord>
        <when>2026-01-01T00:11:37.5429510Z</when>
        <gx:coord>11.773852 52.582336 631.6388</gx:coord>
        <when>2026-01-01T00:11:42.5429510Z</when>
        <gx:coord>11.776458 52.5805 632.793</gx:coord>
        <when>2026-01-01T00:11:49.0929510Z</when>
        <gx:coord>11.780102 52.57798 642.2175</gx:coord>
        <when>2026-01-01T00:11:56.4439510Z</when>
        <gx:coord>11.783729 52.57552 651.0602</gx:coord>
        <when>2026-01-01T00:12:00.0849510Z</when>
        <gx:coord>11.785314 52.574463 651.459</gx:coord>
        <when>2026-01-01T00:12:01.4439510Z</when>
        <gx:coord>11.786395 52.57376 651.44666</gx:coord>
        <when>2026-01-01T00:12:06.4439510Z</when>
        <gx:coord>11.789141 52.57203 651.67444</gx:coord>
        <when>2026-01-01T00:12:11.4439510Z</when>
        <gx:coord>11.791937 52.570312 647.24976</gx:coord>
        <when>2026-01-01T00:12:16.4439510Z</when>
        <gx:coord>11.794749 52.568573 651.694</gx:coord>
        <when>2026-01-01T00:12:21.4439510Z</when>
        <gx:coord>11.797547 52.56684 661.7064</gx:coord>
        <when>2026-01-01T00:12:22.0849510Z</when>
        <gx:coord>11.798105 52.5665 662.8058</gx:coord>
        <when>2026-01-01T00:12:24.0959510Z</when>
        <gx:coord>11.799215 52.56581 662.72266</gx:coord>
        <when>2026-01-01T00:12:26.4539510Z</when>
        <gx:coord>11.800313 52.56512 665.0966</gx:coord>
        <when>2026-01-01T00:12:31.4439510Z</when>
        <gx:coord>11.803084 52.563427 664.5152</gx:coord>
        <when>2026-01-01T00:12:36.4439510Z</when>
        <gx:coord>11.805902 52.56179 669.32654</gx:coord>
        <when>2026-01-01T00:12:41.4449510Z</when>
        <gx:coord>11.808736 52.56021 670.10706</gx:coord>
        <when>2026-01-01T00:12:46.4449510Z</when>
        <gx:coord>11.811605 52.558685 668.65814</gx:coord>
        <when>2026-01-01T00:12:51.4449510Z</when>
        <gx:coord>11.814522 52.557182 664.06934</gx:coord>
        <when>2026-01-01T00:12:56.4879510Z</when>
        <gx:coord>11.817419 52.555637 659.77167</gx:coord>
        <when>2026-01-01T00:13:00.0929510Z</when>
        <gx:coord>11.819732 52.5544 659.4233</gx:coord>
        <when>2026-01-01T00:13:01.4449510Z</when>
        <gx:coord>11.820311 52.554092 659.8452</gx:coord>
        <when>2026-01-01T00:13:06.4449510Z</when>
        <gx:coord>11.823207 52.552555 664.8493</gx:coord>
        <when>2026-01-01T00:13:11.4459510Z</when>
        <gx:coord>11.826132 52.55103 670.113</gx:coord>
        <when>2026-01-01T00:13:16.4579510Z</when>
        <gx:coord>11.829121 52.54955 675.57886</gx:coord>
        <when>2026-01-01T00:13:21.4459510Z</when>
        <gx:coord>11.83211 52.548088 680.4019</gx:coord>
        <when>2026-01-01T00:13:26.4459510Z</when>
        <gx:coord>11.835061 52.546604 681.50116</gx:coord>
        <when>2026-01-01T00:13:31.0839510Z</when>
        <gx:coord>11.837922 52.5451 696.13184</gx:coord>
        <when>2026-01-01T00:13:31.4459510Z</when>
        <gx:coord>11.837922 52.5451 696.13184</gx:coord>
        <when>2026-01-01T00:13:36.0899510Z</when>
        <gx:coord>11.840817 52.543644 709.3693</gx:coord>
        <when>2026-01-01T00:13:36.4569510Z</when>
        <gx:coord>11.840817 52.543644 710.7988</gx:coord>
        <when>2026-01-01T00:13:41.4459510Z</when>
        <gx:coord>11.843805 52.542168 710.0587</gx:coord>
        <when>2026-01-01T00:13:46.4459510Z</when>
        <gx:coord>11.84689 52.540623 714.52515</gx:coord>
        <when>2026-01-01T00:13:51.4459510Z</when>
        <gx:coord>11.849921 52.538994 714.8753</gx:coord>
        <when>2026-01-01T00:13:56.4889510Z</when>
        <gx:coord>11.852891 52.537315 716.0261</gx:coord>
        <when>2026-01-01T00:14:01.4459510Z</when>
        <gx:coord>11.855753 52.535572 706.5514</gx:coord>
        <when>2026-01-01T00:14:06.4469510Z</when>
        <gx:coord>11.858515 52.533768 700.2116</gx:coord>
        <when>2026-01-01T00:14:11.0969510Z</when>
        <gx:coord>11.861374 52.531998 698.71533</gx:coord>
        <when>2026-01-01T00:14:11.4469510Z</when>
        <gx:coord>11.861374 52.531998 700.50305</gx:coord>
        <when>2026-01-01T00:14:16.4469510Z</when>
        <gx:coord>11.864166 52.530254 711.1499</gx:coord>
        <when>2026-01-01T00:14:21.4469510Z</when>
        <gx:coord>11.8668995 52.52853 721.79</gx:coord>
        <when>2026-01-01T00:14:26.4469510Z</when>
        <gx:coord>11.869613 52.526737 725.28357</gx:coord>
        <when>2026-01-01T00:14:27.0859510Z</when>
        <gx:coord>11.870149 52.52637 727.8674</gx:coord>
        <when>2026-01-01T00:14:31.4569510Z</when>
        <gx:coord>11.872305 52.524902 737.78107</gx:coord>
        <when>2026-01-01T00:14:36.4469510Z</when>
        <gx:coord>11.875084 52.523117 740.01917</gx:coord>
        <when>2026-01-01T00:14:41.4469510Z</when>
        <gx:coord>11.877675 52.521297 738.6111</gx:coord>
        <when>2026-01-01T00:14:46.0879510Z</when>
        <gx:coord>11.879448 52.519756 736.8703</gx:coord>
        <when>2026-01-01T00:14:46.0979510Z</when>
        <gx:coord>11.87985 52.51936 736.8703</gx:coord>
        <when>2026-01-01T00:14:46.4469510Z</when>
        <gx:coord>11.87985 52.51936 736.4127</gx:coord>
        <when>2026-01-01T00:14:51.4469510Z</when>
        <gx:coord>11.881654 52.517326 733.38336</gx:coord>
        <when>2026-01-01T00:14:56.4729510Z</when>
        <gx:coord>11.883314 52.515247 729.79987</gx:coord>
        <when>2026-01-01T00:15:01.4549510Z</when>
        <gx:coord>11.884961 52.513172 726.2964</gx:coord>
        <when>2026-01-01T00:15:06.4699510Z</when>
        <gx:coord>11.886641 52.511097 720.35205</gx:coord>
        <when>2026-01-01T00:15:11.4469510Z</when>
        <gx:coord>11.888335 52.509026 719.3854</gx:coord>
        <when>2026-01-01T00:15:16.4469510Z</when>
        <gx:coord>11.890041 52.506943 718.85736</gx:coord>
        <when>2026-01-01T00:15:22.0959510Z</when>
        <gx:coord>11.892031 52.5044 718.29944</gx:coord>
        <when>2026-01-01T00:15:24.0859510Z</when>
        <gx:coord>11.892319 52.503967 718.6935</gx:coord>
        <when>2026-01-01T00:15:29.1609510Z</when>
        <gx:coord>11.893764 52.5013 719.6336</gx:coord>
        <when>2026-01-01T00:15:34.1629510Z</when>
        <gx:coord>11.894971 52.49904 720.76013</gx:coord>
        <when>2026-01-01T00:15:39.1619510Z</when>
        <gx:coord>11.89626 52.496773 716.22235</gx:coord>
        <when>2026-01-01T00:15:44.1619510Z</when>
        <gx:coord>11.897608 52.494522 715.33765</gx:coord>
        <when>2026-01-01T00:15:49.1619510Z</when>
        <gx:coord>11.899003 52.492287 718.2379</gx:coord>
        <when>2026-01-01T00:15:54.1629510Z</when>
        <gx:coord>11.900487 52.49004 720.64374</gx:coord>
        <when>2026-01-01T00:15:57.0999510Z</when>
        <gx:coord>11.901395 52.488686 723.72833</gx:coord>
        <when>2026-01-01T00:15:59.1629510Z</when>
        <gx:coord>11.902008 52.487778 723.25226</gx:coord>
        <when>2026-01-01T00:16:04.1629510Z</when>
        <gx:coord>11.903617 52.485527 720.94293</gx:coord>
        <when>2026-01-01T00:16:09.1629510Z</when>
        <gx:coord>11.905191 52.483246 723.1555</gx:coord>
        <when>2026-01-01T00:16:14.1629510Z</when>
        <gx:coord>11.906757 52.48094 725.8709</gx:coord>
        <when>2026-01-01T00:16:19.1629510Z</when>
        <gx:coord>11.908279 52.478607 740.97864</gx:coord>
        <when>2026-01-01T00:16:24.1629510Z</when>
        <gx:coord>11.909771 52.476284 755.6854</gx:coord>
        <when>2026-01-01T00:16:26.0889510Z</when>
        <gx:coord>11.910347 52.475353 760.06244</gx:coord>
        <when>2026-01-01T00:16:29.1629510Z</when>
        <gx:coord>11.911197 52.47396 761.36676</gx:coord>
        <when>2026-01-01T00:16:31.0959510Z</when>
        <gx:coord>11.911736 52.473038 762.4353</gx:coord>
        <when>2026-01-01T00:16:34.1629510Z</when>
        <gx:coord>11.912494 52.471653 764.63696</gx:coord>
        <when>2026-01-01T00:16:39.0939510Z</when>
        <gx:coord>11.91347 52.469757 766.96344</gx:coord>
        <when>2026-01-01T00:16:39.1629510Z</when>
        <gx:coord>11.913725 52.469276 767.0029</gx:coord>
        <when>2026-01-01T00:16:44.1629510Z</when>
        <gx:coord>11.915073 52.466846 769.4512</gx:coord>
        <when>2026-01-01T00:16:49.1629510Z</when>
        <gx:coord>11.916564 52.464394 765.28986</gx:coord>
        <when>2026-01-01T00:16:54.1629510Z</when>
        <gx:coord>11.918085 52.46193 763.5555</gx:coord>
        <when>2026-01-01T00:16:59.1629510Z</when>
        <gx:coord>11.919601 52.459454 756.47345</gx:coord>
        <when>2026-01-01T00:17:04.1009510Z</when>
        <gx:coord>11.92114 52.456974 752.39435</gx:coord>
        <when>2026-01-01T00:17:04.1629510Z</when>
        <gx:coord>11.92114 52.456974 750.4383</gx:coord>
        <when>2026-01-01T00:17:09.1639510Z</when>
        <gx:coord>11.922646 52.454517 746.9618</gx:coord>
        <when>2026-01-01T00:17:14.1639510Z</when>
        <gx:coord>11.9241085 52.4521 751.27405</gx:coord>
        <when>2026-01-01T00:17:19.1639510Z</when>
        <gx:coord>11.925643 52.449696 758.7439</gx:coord>
        <when>2026-01-01T00:17:24.1639510Z</when>
        <gx:coord>11.927126 52.447304 745.6087</gx:coord>
        <when>2026-01-01T00:17:29.1839510Z</when>
        <gx:coord>11.928611 52.44492 735.1317</gx:coord>
        <when>2026-01-01T00:17:34.1639510Z</when>
        <gx:coord>11.930126 52.44262 730.4818</gx:coord>
        <when>2026-01-01T00:17:36.0879510Z</when>
        <gx:coord>11.930734 52.44172 729.15125</gx:coord>
        <when>2026-01-01T00:17:37.0969510Z</when>
        <gx:coord>11.931041 52.441273 729.15125</gx:coord>
        <when>2026-01-01T00:17:39.1639510Z</when>
        <gx:coord>11.93165 52.44037 723.0208</gx:coord>
        <when>2026-01-01T00:17:44.1669510Z</when>
        <gx:coord>11.933176 52.438137 721.31354</gx:coord>
        <when>2026-01-01T00:17:49.1639510Z</when>
        <gx:coord>11.934662 52.435963 720.47485</gx:coord>
        <when>2026-01-01T00:17:54.1639510Z</when>
        <gx:coord>11.936244 52.43381 723.98706</gx:coord>
        <when>2026-01-01T00:17:59.1639510Z</when>
        <gx:coord>11.937961 52.431625 729.937</gx:coord>
        <when>2026-01-01T00:18:04.1639510Z</when>
        <gx:coord>11.939713 52.429405 739.49615</gx:coord>
        <when>2026-01-01T00:18:09.1639510Z</when>
        <gx:coord>11.941588 52.427166 745.1135</gx:coord>
        <when>2026-01-01T00:18:12.0959510Z</when>
        <gx:coord>11.942763 52.425808 745.732</gx:coord>
        <when>2026-01-01T00:18:14.1639510Z</when>
        <gx:coord>11.943537 52.4249 741.9889</gx:coord>
        <when>2026-01-01T00:18:19.1639510Z</when>
        <gx:coord>11.945343 52.422604 757.2943</gx:coord>
        <when>2026-01-01T00:18:21.0809510Z</when>
        <gx:coord>11.946081 52.421677 760.5646</gx:coord>
        <when>2026-01-01T00:18:38.0829510Z</when>
        <gx:coord>11.951415 52.41378 735.19354</gx:coord>
        <when>2026-01-01T00:18:40.0849510Z</when>
        <gx:coord>11.952181 52.412186 726.98</gx:coord>
        <when>2026-01-01T00:18:44.0869510Z</when>
        <gx:coord>11.953262 52.410057 720.39935</gx:coord>
        <when>2026-01-01T00:18:50.9699510Z</when>
        <gx:coord>11.95486 52.406887 710.21735</gx:coord>
        <when>2026-01-01T00:18:55.9709510Z</when>
        <gx:coord>11.956109 52.404316 713.51807</gx:coord>
        <when>2026-01-01T00:19:00.9709510Z</when>
        <gx:coord>11.957254 52.401794 718.1589</gx:coord>
        <when>2026-01-01T00:19:05.9709510Z</when>
        <gx:coord>11.958365 52.39933 719.92474</gx:coord>
        <when>2026-01-01T00:19:08.0959510Z</when>
        <gx:coord>11.958808 52.398354 720.4368</gx:coord>
        <when>2026-01-01T00:19:16.0929510Z</when>
        <gx:coord>11.960826 52.394066 722.81244</gx:coord>
        <when>2026-01-01T00:19:17.5229510Z</when>
        <gx:coord>11.961044 52.393597 723.7082</gx:coord>
        <when>2026-01-01T00:19:22.5229510Z</when>
        <gx:coord>11.9621725 52.391266 723.1913</gx:coord>
        <when>2026-01-01T00:19:27.5239510Z</when>
        <gx:coord>11.963299 52.388954 723.76337</gx:coord>
        <when>2026-01-01T00:19:32.5229510Z</when>
        <gx:coord>11.964479 52.386665 728.13196</gx:coord>
        <when>2026-01-01T00:19:37.5229510Z</when>
        <gx:coord>11.965646 52.384384 726.52606</gx:coord>
        <when>2026-01-01T00:19:42.5239510Z</when>
        <gx:coord>11.966764 52.382095 728.54724</gx:coord>
        <when>2026-01-01T00:19:47.5239510Z</when>
        <gx:coord>11.967911 52.379807 730.27716</gx:coord>
        <when>2026-01-01T00:19:51.0959510Z</when>
        <gx:coord>11.968867 52.37799 730.8224</gx:coord>
        <when>2026-01-01T00:19:52.5239510Z</when>
        <gx:coord>11.969113 52.37754 731.1297</gx:coord>
        <when>2026-01-01T00:19:57.5239510Z</when>
        <gx:coord>11.970377 52.375282 730.3534</gx:coord>
        <when>2026-01-01T00:20:02.5239510Z</when>
        <gx:coord>11.971658 52.37303 731.81976</gx:coord>
        <when>2026-01-01T00:20:07.5239510Z</when>
        <gx:coord>11.972916 52.37079 733.5266</gx:coord>
        <when>2026-01-01T00:20:23.8439510Z</when>
        <gx:coord>11.976771 52.36365 749.55896</gx:coord>
        <when>2026-01-01T00:20:26.0859510Z</when>
        <gx:coord>11.977525 52.36233 757.83417</gx:coord>
        <when>2026-01-01T00:20:27.0929510Z</when>
        <gx:coord>11.977779 52.361897 757.83417</gx:coord>
        <when>2026-01-01T00:20:28.8449510Z</when>
        <gx:coord>11.978034 52.36146 766.9682</gx:coord>
        <when>2026-01-01T00:20:33.8439510Z</when>
        <gx:coord>11.979296 52.359276 780.2291</gx:coord>
        <when>2026-01-01T00:20:37.0839510Z</when>
        <gx:coord>11.980251 52.357506 790.039</gx:coord>
        <when>2026-01-01T00:20:38.8449510Z</when>
        <gx:coord>11.980482 52.35706 791.66907</gx:coord>
        <when>2026-01-01T00:20:43.8449510Z</when>
        <gx:coord>11.981677 52.35479 791.6267</gx:coord>
        <when>2026-01-01T00:20:48.8449510Z</when>
        <gx:coord>11.982889 52.35249 796.2878</gx:coord>
        <when>2026-01-01T00:20:53.8449510Z</when>
        <gx:coord>11.984185 52.3502 795.59686</gx:coord>
        <when>2026-01-01T00:20:58.8449510Z</when>
        <gx:coord>11.985492 52.34792 792.962</gx:coord>
        <when>2026-01-01T00:21:02.0869510Z</when>
        <gx:coord>11.98653 52.3461 790.23145</gx:coord>
        <when>2026-01-01T00:21:14.9399510Z</when>
        <gx:coord>11.98942 52.34064 784.61896</gx:coord>
        <when>2026-01-01T00:21:19.9419510Z</when>
        <gx:coord>11.990642 52.338387 779.89307</gx:coord>
        <when>2026-01-01T00:21:24.9419510Z</when>
        <gx:coord>11.991821 52.336124 775.55304</gx:coord>
        <when>2026-01-01T00:21:29.9419510Z</when>
        <gx:coord>11.992968 52.33386 774.1752</gx:coord>
        <when>2026-01-01T00:21:34.9409510Z</when>
        <gx:coord>11.994067 52.33157 772.8792</gx:coord>
        <when>2026-01-01T00:21:37.0969510Z</when>
        <gx:coord>11.99471 52.330193 772.5258</gx:coord>
        <when>2026-01-01T00:21:39.9419510Z</when>
        <gx:coord>11.995142 52.329266 771.56744</gx:coord>
        <when>2026-01-01T00:21:44.9409510Z</when>
        <gx:coord>11.996201 52.32693 771.8808</gx:coord>
        <when>2026-01-01T00:21:49.9419510Z</when>
        <gx:coord>11.997229 52.324585 775.3538</gx:coord>
        <when>2026-01-01T00:21:54.9409510Z</when>
        <gx:coord>11.998199 52.322247 779.95087</gx:coord>
        <when>2026-01-01T00:21:59.9419510Z</when>
        <gx:coord>11.999183 52.319935 782.31177</gx:coord>
        <when>2026-01-01T00:22:04.9419510Z</when>
        <gx:coord>12.000202 52.317635 783.42035</gx:coord>
        <when>2026-01-01T00:22:09.9419510Z</when>
        <gx:coord>12.001213 52.315346 784.9386</gx:coord>
        <when>2026-01-01T00:22:12.1069510Z</when>
        <gx:coord>12.001771 52.31396 786.77216</gx:coord>
        <when>2026-01-01T00:22:14.9789510Z</when>
        <gx:coord>12.002134 52.313038 788.1951</gx:coord>
        <when>2026-01-01T00:22:19.9429510Z</when>
        <gx:coord>12.003068 52.31072 787.2873</gx:coord>
        <when>2026-01-01T00:22:24.9429510Z</when>
        <gx:coord>12.00402 52.30839 783.61115</gx:coord>
        <when>2026-01-01T00:22:29.9429510Z</when>
        <gx:coord>12.0049305 52.30604 783.8292</gx:coord>
        <when>2026-01-01T00:22:34.9419510Z</when>
        <gx:coord>12.005772 52.303677 780.3977</gx:coord>
        <when>2026-01-01T00:22:39.9429510Z</when>
        <gx:coord>12.006629 52.301304 782.0557</gx:coord>
        <when>2026-01-01T00:22:44.9419510Z</when>
        <gx:coord>12.007577 52.29895 788.6216</gx:coord>
        <when>2026-01-01T00:22:47.0959510Z</when>
        <gx:coord>12.008159 52.297546 789.8787</gx:coord>
        <when>2026-01-01T00:22:49.9419510Z</when>
        <gx:coord>12.00856 52.296604 793.37744</gx:coord>
        <when>2026-01-01T00:22:54.9449510Z</when>
        <gx:coord>12.009605 52.294247 806.75574</gx:coord>
        <when>2026-01-01T00:22:58.0879510Z</when>
        <gx:coord>12.010426 52.29233 820.93915</gx:coord>
        <when>2026-01-01T00:22:59.9449510Z</when>
        <gx:coord>12.010614 52.291847 824.30396</gx:coord>
        <when>2026-01-01T00:23:04.9439510Z</when>
        <gx:coord>12.011579 52.289406 828.36145</gx:coord>
        <when>2026-01-01T00:23:09.9429510Z</when>
        <gx:coord>12.012523 52.28695 826.88214</gx:coord>
        <when>2026-01-01T00:23:14.9809510Z</when>
        <gx:coord>12.013424 52.284485 826.55963</gx:coord>
        <when>2026-01-01T00:23:19.9429510Z</when>
        <gx:coord>12.014426 52.281994 824.6544</gx:coord>
        <when>2026-01-01T00:23:21.0949510Z</when>
        <gx:coord>12.014821 52.281 823.87115</gx:coord>
        <when>2026-01-01T00:23:24.9429510Z</when>
        <gx:coord>12.015429 52.27949 821.6104</gx:coord>
        <when>2026-01-01T00:23:29.9429510Z</when>
        <gx:coord>12.016469 52.27697 816.353</gx:coord>
        <when>2026-01-01T00:23:34.9429510Z</when>
        <gx:coord>12.01751 52.274464 819.463</gx:coord>
        <when>2026-01-01T00:23:39.9429510Z</when>
        <gx:coord>12.018498 52.27202 822.941</gx:coord>
        <when>2026-01-01T00:23:44.9429510Z</when>
        <gx:coord>12.01946 52.269592 825.24896</gx:coord>
        <when>2026-01-01T00:23:49.9439510Z</when>
        <gx:coord>12.020382 52.267193 829.80286</gx:coord>
        <when>2026-01-01T00:23:54.0959510Z</when>
        <gx:coord>12.021263 52.264805 830.6414</gx:coord>
        <when>2026-01-01T00:23:54.9429510Z</when>
        <gx:coord>12.021263 52.264805 830.1928</gx:coord>
        <when>2026-01-01T00:23:59.9439510Z</when>
        <gx:coord>12.022083 52.262417 834.82715</gx:coord>
        <when>2026-01-01T00:24:04.9429510Z</when>
        <gx:coord>12.022875 52.260056 840.43695</gx:coord>
        <when>2026-01-01T00:24:09.9439510Z</when>
        <gx:coord>12.023731 52.257713 844.675</gx:coord>
        <when>2026-01-01T00:24:14.9819510Z</when>
        <gx:coord>12.024595 52.255383 846.7369</gx:coord>
        <when>2026-01-01T00:24:19.9439510Z</when>
        <gx:coord>12.025477 52.25306 846.5459</gx:coord>
        <when>2026-01-01T00:24:24.9439510Z</when>
        <gx:coord>12.026422 52.25077 848.40875</gx:coord>
        <when>2026-01-01T00:24:29.0979510Z</when>
        <gx:coord>12.027367 52.248528 850.02966</gx:coord>
        <when>2026-01-01T00:24:29.9439510Z</when>
        <gx:coord>12.027367 52.248528 849.2746</gx:coord>
        <when>2026-01-01T00:24:34.9429510Z</when>
        <gx:coord>12.028304 52.246273 848.1009</gx:coord>
        <when>2026-01-01T00:24:39.9439510Z</when>
        <gx:coord>12.02926 52.24401 849.6345</gx:coord>
        <when>2026-01-01T00:24:44.0839510Z</when>
        <gx:coord>12.030245 52.241753 851.4833</gx:coord>
        <when>2026-01-01T00:24:44.9439510Z</when>
        <gx:coord>12.030245 52.241753 851.4833</gx:coord>
        <when>2026-01-01T00:24:49.9439510Z</when>
        <gx:coord>12.031238 52.239494 853.5523</gx:coord>
        <when>2026-01-01T00:24:54.9439510Z</when>
        <gx:coord>12.032197 52.23724 855.62616</gx:coord>
        <when>2026-01-01T00:24:59.9449510Z</when>
        <gx:coord>12.033112 52.234993 857.4051</gx:coord>
        <when>2026-01-01T00:25:04.9449510Z</when>
        <gx:coord>12.033995 52.232735 857.64276</gx:coord>
        <when>2026-01-01T00:25:05.1089510Z</when>
        <gx:coord>12.034173 52.23228 857.64276</gx:coord>
        <when>2026-01-01T00:25:09.9449510Z</when>
        <gx:coord>12.034869 52.23045 855.41907</gx:coord>
        <when>2026-01-01T00:25:15.0089510Z</when>
        <gx:coord>12.035713 52.228134 849.55334</gx:coord>
        <when>2026-01-01T00:25:19.9439510Z</when>
        <gx:coord>12.036551 52.225765 843.8937</gx:coord>
        <when>2026-01-01T00:25:24.9449510Z</when>
        <gx:coord>12.037396 52.223354 838.67114</gx:coord>
        <when>2026-01-01T00:25:29.9449510Z</when>
        <gx:coord>12.038209 52.220932 838.64844</gx:coord>
        <when>2026-01-01T00:25:30.0899510Z</when>
        <gx:coord>12.038209 52.220932 838.64844</gx:coord>
        <when>2026-01-01T00:25:34.9439510Z</when>
        <gx:coord>12.038949 52.21852 838.3293</gx:coord>
        <when>2026-01-01T00:25:39.9449510Z</when>
        <gx:coord>12.039817 52.21612 840.25824</gx:coord>
        <when>2026-01-01T00:25:40.0979510Z</when>
        <gx:coord>12.040014 52.21564 840.25824</gx:coord>
        <when>2026-01-01T00:25:44.9439510Z</when>
        <gx:coord>12.040908 52.213734 840.9752</gx:coord>
        <when>2026-01-01T00:25:49.9449510Z</when>
        <gx:coord>12.042198 52.211353 849.40295</gx:coord>
        <when>2026-01-01T00:25:54.9439510Z</when>
        <gx:coord>12.043537 52.208965 862.9825</gx:coord>
        <when>2026-01-01T00:25:59.9449510Z</when>
        <gx:coord>12.044854 52.206623 870.4433</gx:coord>
        <when>2026-01-01T00:26:04.9449510Z</when>
        <gx:coord>12.046184 52.204315 873.0496</gx:coord>
        <when>2026-01-01T00:26:09.9449510Z</when>
        <gx:coord>12.047485 52.202003 881.17</gx:coord>
        <when>2026-01-01T00:26:10.0899510Z</when>
        <gx:coord>12.0477495 52.201538 883.12573</gx:coord>
        <when>2026-01-01T00:26:14.1219510Z</when>
        <gx:coord>12.04883 52.19967 882.98114</gx:coord>
        <when>2026-01-01T00:26:14.9809510Z</when>
        <gx:coord>12.04883 52.19967 881.51874</gx:coord>
        <when>2026-01-01T00:26:19.9449510Z</when>
        <gx:coord>12.050195 52.197315 880.6221</gx:coord>
        <when>2026-01-01T00:26:24.9449510Z</when>
        <gx:coord>12.051593 52.194935 885.3185</gx:coord>
        <when>2026-01-01T00:26:29.9449510Z</when>
        <gx:coord>12.053013 52.192516 885.6776</gx:coord>
        <when>2026-01-01T00:26:34.9439510Z</when>
        <gx:coord>12.054397 52.190056 884.19</gx:coord>
        <when>2026-01-01T00:26:39.9449510Z</when>
        <gx:coord>12.055772 52.187572 878.1987</gx:coord>
        <when>2026-01-01T00:26:44.9439510Z</when>
        <gx:coord>12.057206 52.185078 872.1746</gx:coord>
        <when>2026-01-01T00:26:47.0989510Z</when>
        <gx:coord>12.0580015 52.183567 870.72974</gx:coord>
        <when>2026-01-01T00:26:49.9449510Z</when>
        <gx:coord>12.058517 52.182556 870.55396</gx:coord>
        <when>2026-01-01T00:26:54.9449510Z</when>
        <gx:coord>12.059829 52.180046 870.8945</gx:coord>
        <when>2026-01-01T00:26:59.9449510Z</when>
        <gx:coord>12.061149 52.17757 874.4809</gx:coord>
        <when>2026-01-01T00:27:04.9449510Z</when>
        <gx:coord>12.062487 52.17513 871.1924</gx:coord>
        <when>2026-01-01T00:27:09.9449510Z</when>
        <gx:coord>12.063941 52.172714 867.0072</gx:coord>
        <when>2026-01-01T00:27:14.0949510Z</when>
        <gx:coord>12.065108 52.170795 865.8567</gx:coord>
        <when>2026-01-01T00:27:14.9779510Z</when>
        <gx:coord>12.065409 52.17032 865.405</gx:coord>
        <when>2026-01-01T00:27:19.9449510Z</when>
        <gx:coord>12.066961 52.167957 862.2947</gx:coord>
        <when>2026-01-01T00:27:20.0999510Z</when>
        <gx:coord>12.067294 52.167484 862.2947</gx:coord>
        <when>2026-01-01T00:27:24.9459510Z</when>
        <gx:coord>12.068646 52.1656 858.46906</gx:coord>
        <when>2026-01-01T00:27:29.9459510Z</when>
        <gx:coord>12.070352 52.163216 854.3447</gx:coord>
        <when>2026-01-01T00:27:30.0869510Z</when>
        <gx:coord>12.070687 52.162735 851.9747</gx:coord>
        <when>2026-01-01T00:27:34.9449510Z</when>
        <gx:coord>12.072072 52.1608 842.62335</gx:coord>
        <when>2026-01-01T00:27:39.9459510Z</when>
        <gx:coord>12.073712 52.15831 828.4525</gx:coord>
        <when>2026-01-01T00:27:42.0939510Z</when>
        <gx:coord>12.074657 52.156776 821.133</gx:coord>
        <when>2026-01-01T00:27:43.0889510Z</when>
        <gx:coord>12.074657 52.156776 821.133</gx:coord>
        <when>2026-01-01T00:27:44.9449510Z</when>
        <gx:coord>12.075276 52.155743 817.96027</gx:coord>
        <when>2026-01-01T00:27:49.9489510Z</when>
        <gx:coord>12.076783 52.153145 810.81445</gx:coord>
        <when>2026-01-01T00:27:52.0969510Z</when>
        <gx:coord>12.077651 52.151592 808.9446</gx:coord>
        <when>2026-01-01T00:27:54.9479510Z</when>
        <gx:coord>12.078214 52.15056 806.9698</gx:coord>
        <when>2026-01-01T00:27:59.9459510Z</when>
        <gx:coord>12.079607 52.148014 805.8714</gx:coord>
        <when>2026-01-01T00:28:04.9459510Z</when>
        <gx:coord>12.08096 52.145473 802.03485</gx:coord>
        <when>2026-01-01T00:28:09.9509510Z</when>
        <gx:coord>12.082265 52.14292 797.6059</gx:coord>
        <when>2026-01-01T00:28:14.9799510Z</when>
        <gx:coord>12.083548 52.14039 798.928</gx:coord>
        <when>2026-01-01T00:28:19.9459510Z</when>
        <gx:coord>12.084852 52.1379 797.27423</gx:coord>
        <when>2026-01-01T00:28:24.0979510Z</when>
        <gx:coord>12.086156 52.135464 795.92755</gx:coord>
        <when>2026-01-01T00:28:24.9459510Z</when>
        <gx:coord>12.086156 52.135464 795.28076</gx:coord>
        <when>2026-01-01T00:28:29.0889510Z</when>
        <gx:coord>12.087521 52.13305 789.2119</gx:coord>
        <when>2026-01-01T00:28:29.9499510Z</when>
        <gx:coord>12.087521 52.13305 789.2119</gx:coord>
        <when>2026-01-01T00:28:34.9449510Z</when>
        <gx:coord>12.0888195 52.130615 782.7898</gx:coord>
        <when>2026-01-01T00:28:39.9459510Z</when>
        <gx:coord>12.090123 52.128178 773.5392</gx:coord>
        <when>2026-01-01T00:28:44.9449510Z</when>
        <gx:coord>12.09139 52.125736 772.4695</gx:coord>
        <when>2026-01-01T00:28:49.9459510Z</when>
        <gx:coord>12.092589 52.123314 770.7369</gx:coord>
        <when>2026-01-01T00:28:53.0849510Z</when>
        <gx:coord>12.0933075 52.12187 775.0923</gx:coord>
        <when>2026-01-01T00:28:54.9449510Z</when>
        <gx:coord>12.093768 52.120907 776.2551</gx:coord>
        <when>2026-01-01T00:28:57.0959510Z</when>
        <gx:coord>12.094464 52.119473 777.3809</gx:coord>
        <when>2026-01-01T00:28:59.9459510Z</when>
        <gx:coord>12.094915 52.118515 775.71985</gx:coord>
        <when>2026-01-01T00:29:04.9459510Z</when>
        <gx:coord>12.096003 52.116108 768.64526</gx:coord>
        <when>2026-01-01T00:29:09.9459510Z</when>
        <gx:coord>12.097144 52.113697 763.5756</gx:coord>
        <when>2026-01-01T00:29:14.9839510Z</when>
        <gx:coord>12.098322 52.11129 762.7124</gx:coord>
        <when>2026-01-01T00:29:19.9459510Z</when>
        <gx:coord>12.099545 52.108932 765.4549</gx:coord>
        <when>2026-01-01T00:29:26.6469510Z</when>
        <gx:coord>12.101309 52.10565 763.5128</gx:coord>
        <when>2026-01-01T00:29:31.0899510Z</when>
        <gx:coord>12.102533 52.1033 762.67053</gx:coord>
        <when>2026-01-01T00:29:31.2069510Z</when>
        <gx:coord>12.102533 52.1033 761.80023</gx:coord>
        <when>2026-01-01T00:29:36.2069510Z</when>
        <gx:coord>12.103721 52.10094 763.4415</gx:coord>
        <when>2026-01-01T00:29:41.2069510Z</when>
        <gx:coord>12.104998 52.09862 767.38007</gx:coord>
        <when>2026-01-01T00:29:46.2069510Z</when>
        <gx:coord>12.106359 52.096348 771.3296</gx:coord>
        <when>2026-01-01T00:29:51.2069510Z</when>
        <gx:coord>12.107772 52.094116 778.25806</gx:coord>
        <when>2026-01-01T00:29:56.2069510Z</when>
        <gx:coord>12.109233 52.091923 783.0369</gx:coord>
        <when>2026-01-01T00:30:01.2069510Z</when>
        <gx:coord>12.110742 52.08976 785.2244</gx:coord>
        <when>2026-01-01T00:30:06.0949510Z</when>
        <gx:coord>12.112279 52.087605 786.22864</gx:coord>
        <when>2026-01-01T00:30:06.2069510Z</when>
        <gx:coord>12.112279 52.087605 786.4535</gx:coord>
        <when>2026-01-01T00:30:11.2069510Z</when>
        <gx:coord>12.11376 52.085445 786.7432</gx:coord>
        <when>2026-01-01T00:30:16.2069510Z</when>
        <gx:coord>12.115217 52.08329 789.77185</gx:coord>
        <when>2026-01-01T00:30:21.2079510Z</when>
        <gx:coord>12.116712 52.081146 786.61127</gx:coord>
        <when>2026-01-01T00:30:26.2079510Z</when>
        <gx:coord>12.118217 52.078995 783.88257</gx:coord>
        <when>2026-01-01T00:30:31.2669510Z</when>
        <gx:coord>12.119748 52.076828 776.7123</gx:coord>
        <when>2026-01-01T00:30:36.2089510Z</when>
        <gx:coord>12.121198 52.074604 771.0572</gx:coord>
        <when>2026-01-01T00:30:41.2069510Z</when>
        <gx:coord>12.122591 52.072342 772.0021</gx:coord>
        <when>2026-01-01T00:30:42.0959510Z</when>
        <gx:coord>12.12286 52.071884 772.0021</gx:coord>
        <when>2026-01-01T00:30:46.2069510Z</when>
        <gx:coord>12.123937 52.07004 783.1635</gx:coord>
        <when>2026-01-01T00:30:51.2079510Z</when>
        <gx:coord>12.125318 52.067734 798.2867</gx:coord>
        <when>2026-01-01T00:30:56.2079510Z</when>
        <gx:coord>12.126753 52.065445 801.6068</gx:coord>
        <when>2026-01-01T00:31:01.2079510Z</when>
        <gx:coord>12.128199 52.063137 803.3825</gx:coord>
        <when>2026-01-01T00:31:06.2079510Z</when>
        <gx:coord>12.129711 52.060863 809.27795</gx:coord>
        <when>2026-01-01T00:31:11.2079510Z</when>
        <gx:coord>12.131314 52.058594 816.642</gx:coord>
        <when>2026-01-01T00:31:16.0989510Z</when>
        <gx:coord>12.132951 52.056305 819.1233</gx:coord>
        <when>2026-01-01T00:31:16.0989510Z</when>
        <gx:coord>12.132951 52.056305 820.2772</gx:coord>
        <when>2026-01-01T00:31:16.2079510Z</when>
        <gx:coord>12.132951 52.056305 820.2772</gx:coord>
        <when>2026-01-01T00:31:24.1149510Z</when>
        <gx:coord>12.135606 52.052525 825.51886</gx:coord>
        <when>2026-01-01T00:31:29.1149510Z</when>
        <gx:coord>12.137133 52.05013 826.0394</gx:coord>
        <when>2026-01-01T00:31:34.1149510Z</when>
        <gx:coord>12.138632 52.04775 834.9353</gx:coord>
        <when>2026-01-01T00:31:39.1329510Z</when>
        <gx:coord>12.140125 52.045414 829.58356</gx:coord>
        <when>2026-01-01T00:31:44.1229510Z</when>
        <gx:coord>12.141654 52.043045 817.4419</gx:coord>
        <when>2026-01-01T00:31:49.0979510Z</when>
        <gx:coord>12.143185 52.040653 810.62604</gx:coord>
        <when>2026-01-01T00:31:49.1289510Z</when>
        <gx:coord>12.143185 52.040653 809.15247</gx:coord>
        <when>2026-01-01T00:31:54.1219510Z</when>
        <gx:coord>12.144676 52.03827 806.19214</gx:coord>
        <when>2026-01-01T00:31:59.1329510Z</when>
        <gx:coord>12.146127 52.035896 800.15204</gx:coord>
        <when>2026-01-01T00:32:04.1159510Z</when>
        <gx:coord>12.147617 52.03352 794.8797</gx:coord>
        <when>2026-01-01T00:32:09.0879510Z</when>
        <gx:coord>12.14908 52.03115 789.63055</gx:coord>
        <when>2026-01-01T00:32:09.1159510Z</when>
        <gx:coord>12.14908 52.03115 789.63055</gx:coord>
        <when>2026-01-01T00:32:14.1209510Z</when>
        <gx:coord>12.15059 52.028786 786.9788</gx:coord>
        <when>2026-01-01T00:32:19.1159510Z</when>
        <gx:coord>12.152197 52.026447 783.36707</gx:coord>
        <when>2026-01-01T00:32:22.0929510Z</when>
        <gx:coord>12.153151 52.025055 784.32654</gx:coord>
        <when>2026-01-01T00:32:24.1449510Z</when>
        <gx:coord>12.153784 52.024136 785.0657</gx:coord>
        <when>2026-01-01T00:32:29.1179510Z</when>
        <gx:coord>12.155427 52.021847 782.21814</gx:coord>
        <when>2026-01-01T00:32:34.1159510Z</when>
        <gx:coord>12.157116 52.01954 776.84576</gx:coord>
        <when>2026-01-01T00:32:39.1159510Z</when>
        <gx:coord>12.15872 52.01721 767.56256</gx:coord>
        <when>2026-01-01T00:32:56.0889510Z</when>
        <gx:coord>12.163697 52.009308 785.4512</gx:coord>
        <when>2026-01-01T00:33:06.6319510Z</when>
        <gx:coord>12.166921 52.004723 785.0618</gx:coord>
        <when>2026-01-01T00:33:11.6319510Z</when>
        <gx:coord>12.168505 52.002422 782.0492</gx:coord>
        <when>2026-01-01T00:33:16.6329510Z</when>
        <gx:coord>12.170046 52.00011 783.9686</gx:coord>
        <when>2026-01-01T00:33:21.6329510Z</when>
        <gx:coord>12.17158 51.997814 779.99817</gx:coord>
        <when>2026-01-01T00:33:26.6319510Z</when>
        <gx:coord>12.173086 51.99553 783.85095</gx:coord>
        <when>2026-01-01T00:33:30.1009510Z</when>
        <gx:coord>12.174282 51.993702 785.5404</gx:coord>
        <when>2026-01-01T00:33:31.6329510Z</when>
        <gx:coord>12.174575 51.993244 785.45435</gx:coord>
        <when>2026-01-01T00:33:36.6329510Z</when>
        <gx:coord>12.176052 51.990936 785.33777</gx:coord>
        <when>2026-01-01T00:33:41.6329510Z</when>
        <gx:coord>12.177584 51.988647 783.8401</gx:coord>
        <when>2026-01-01T00:33:46.6329510Z</when>
        <gx:coord>12.17915 51.986366 786.3805</gx:coord>
        <when>2026-01-01T00:33:51.6329510Z</when>
        <gx:coord>12.1806755 51.984116 799.2938</gx:coord>
        <when>2026-01-01T00:33:56.6329510Z</when>
        <gx:coord>12.182199 51.981876 804.7029</gx:coord>
        <when>2026-01-01T00:34:01.6329510Z</when>
        <gx:coord>12.183689 51.979645 796.97485</gx:coord>
        <when>2026-01-01T00:34:04.0999510Z</when>
        <gx:coord>12.184614 51.978302 794.59247</gx:coord>
        <when>2026-01-01T00:34:06.9949510Z</when>
        <gx:coord>12.185218 51.9774 796.4059</gx:coord>
        <when>2026-01-01T00:34:11.6339510Z</when>
        <gx:coord>12.186696 51.975143 794.0349</gx:coord>
        <when>2026-01-01T00:34:16.6339510Z</when>
        <gx:coord>12.188234 51.972828 793.0751</gx:coord>
        <when>2026-01-01T00:34:21.6389510Z</when>
        <gx:coord>12.189792 51.97049 792.2366</gx:coord>
        <when>2026-01-01T00:34:26.6339510Z</when>
        <gx:coord>12.1914 51.968136 782.5313</gx:coord>
        <when>2026-01-01T00:34:31.6339510Z</when>
        <gx:coord>12.193023 51.965786 778.3635</gx:coord>
        <when>2026-01-01T00:34:36.6339510Z</when>
        <gx:coord>12.194568 51.963463 777.3611</gx:coord>
        <when>2026-01-01T00:34:38.0989510Z</when>
        <gx:coord>12.195164 51.96254 777.1543</gx:coord>
        <when>2026-01-01T00:34:41.6339510Z</when>
        <gx:coord>12.19607 51.96117 777.80963</gx:coord>
        <when>2026-01-01T00:34:46.6339510Z</when>
        <gx:coord>12.19767 51.95895 774.63513</gx:coord>
        <when>2026-01-01T00:34:51.6339510Z</when>
        <gx:coord>12.199434 51.95677 773.8881</gx:coord>
        <when>2026-01-01T00:34:56.6339510Z</when>
        <gx:coord>12.201242 51.954613 775.7531</gx:coord>
        <when>2026-01-01T00:35:01.6349510Z</when>
        <gx:coord>12.203064 51.952454 777.4951</gx:coord>
        <when>2026-01-01T00:35:06.7019510Z</when>
        <gx:coord>12.204881 51.95027 775.1695</gx:coord>
        <when>2026-01-01T00:35:11.6349510Z</when>
        <gx:coord>12.206725 51.94809 776.233</gx:coord>
        <when>2026-01-01T00:35:13.0999510Z</when>
        <gx:coord>12.207477 51.94722 775.93854</gx:coord>
        <when>2026-01-01T00:35:16.6339510Z</when>
        <gx:coord>12.208609 51.945908 773.9065</gx:coord>
        <when>2026-01-01T00:35:21.6349510Z</when>
        <gx:coord>12.210507 51.943714 774.9425</gx:coord>
        <when>2026-01-01T00:35:26.6349510Z</when>
        <gx:coord>12.212376 51.94153 778.98065</gx:coord>
        <when>2026-01-01T00:35:31.6349510Z</when>
        <gx:coord>12.214219 51.939358 782.9061</gx:coord>
        <when>2026-01-01T00:35:36.6339510Z</when>
        <gx:coord>12.216044 51.937183 782.0344</gx:coord>
        <when>2026-01-01T00:35:41.6349510Z</when>
        <gx:coord>12.2178755 51.934994 781.502</gx:coord>
        <when>2026-01-01T00:35:46.6349510Z</when>
        <gx:coord>12.219715 51.932793 780.70557</gx:coord>
        <when>2026-01-01T00:35:47.0939510Z</when>
        <gx:coord>12.220078 51.93235 780.70557</gx:coord>
        <when>2026-01-01T00:35:51.6349510Z</when>
        <gx:coord>12.221506 51.930576 783.6978</gx:coord>
        <when>2026-01-01T00:35:56.6349510Z</when>
        <gx:coord>12.223219 51.928337 784.48065</gx:coord>
        <when>2026-01-01T00:36:01.6349510Z</when>
        <gx:coord>12.224898 51.92608 783.2829</gx:coord>
        <when>2026-01-01T00:36:06.6779510Z</when>
        <gx:coord>12.226537 51.923805 783.7212</gx:coord>
        <when>2026-01-01T00:36:11.6359510Z</when>
        <gx:coord>12.22811 51.921524 786.06494</gx:coord>
        <when>2026-01-01T00:36:16.6359510Z</when>
        <gx:coord>12.229644 51.919247 789.31244</gx:coord>
        <when>2026-01-01T00:36:21.0989510Z</when>
        <gx:coord>12.231102 51.916958 793.11804</gx:coord>
        <when>2026-01-01T00:36:21.6359510Z</when>
        <gx:coord>12.231102 51.916958 793.69507</gx:coord>
        <when>2026-01-01T00:36:26.6359510Z</when>
        <gx:coord>12.232563 51.914677 796.593</gx:coord>
        <when>2026-01-01T00:36:31.6359510Z</when>
        <gx:coord>12.234007 51.9124 796.9074</gx:coord>
        <when>2026-01-01T00:36:36.6369510Z</when>
        <gx:coord>12.235437 51.9101 797.3379</gx:coord>
        <when>2026-01-01T00:36:41.6359510Z</when>
        <gx:coord>12.236861 51.9078 798.2614</gx:coord>
        <when>2026-01-01T00:36:55.0999510Z</when>
        <gx:coord>12.240956 51.901337 803.51135</gx:coord>
        <when>2026-01-01T00:36:56.7739510Z</when>
        <gx:coord>12.24125 51.90088 803.99084</gx:coord>
        <when>2026-01-01T00:37:01.7749510Z</when>
        <gx:coord>12.242738 51.898586 803.84143</gx:coord>
        <when>2026-01-01T00:37:06.7979510Z</when>
        <gx:coord>12.244217 51.89628 800.56274</gx:coord>
        <when>2026-01-01T00:37:11.7749510Z</when>
        <gx:coord>12.245637 51.893948 798.5568</gx:coord>
        <when>2026-01-01T00:37:16.7749510Z</when>
        <gx:coord>12.246936 51.891594 797.1443</gx:coord>
        <when>2026-01-01T00:37:21.7749510Z</when>
        <gx:coord>12.248203 51.88924 797.9573</gx:coord>
        <when>2026-01-01T00:37:26.7739510Z</when>
        <gx:coord>12.24952 51.886906 796.8231</gx:coord>
        <when>2026-01-01T00:37:29.0879510Z</when>
        <gx:coord>12.250362 51.885513 797.132</gx:coord>
        <when>2026-01-01T00:37:31.7749510Z</when>
        <gx:coord>12.250945 51.88459 796.9117</gx:coord>
        <when>2026-01-01T00:37:36.7749510Z</when>
        <gx:coord>12.252452 51.882282 798.0596</gx:coord>
        <when>2026-01-01T00:37:41.7749510Z</when>
        <gx:coord>12.253949 51.879963 799.50415</gx:coord>
        <when>2026-01-01T00:37:46.7749510Z</when>
        <gx:coord>12.255483 51.877647 800.88104</gx:coord>
        <when>2026-01-01T00:37:51.7749510Z</when>
        <gx:coord>12.256997 51.875362 801.82153</gx:coord>
        <when>2026-01-01T00:37:56.8029510Z</when>
        <gx:coord>12.258431 51.873066 797.2685</gx:coord>
        <when>2026-01-01T00:38:01.7759510Z</when>
        <gx:coord>12.259827 51.870754 793.06604</gx:coord>
        <when>2026-01-01T00:38:03.0899510Z</when>
        <gx:coord>12.260376 51.869827 792.36615</gx:coord>
        <when>2026-01-01T00:38:06.7759510Z</when>
        <gx:coord>12.261207 51.868427 789.5936</gx:coord>
        <when>2026-01-01T00:38:11.7749510Z</when>
        <gx:coord>12.262597 51.86608 786.5247</gx:coord>
        <when>2026-01-01T00:38:16.7749510Z</when>
        <gx:coord>12.263998 51.8637 783.9954</gx:coord>
        <when>2026-01-01T00:38:28.5359510Z</when>
        <gx:coord>12.26715 51.858006 787.8791</gx:coord>
        <when>2026-01-01T00:38:33.5369510Z</when>
        <gx:coord>12.2683735 51.855648 786.3124</gx:coord>
        <when>2026-01-01T00:38:37.0999510Z</when>
        <gx:coord>12.269322 51.853752 785.46484</gx:coord>
        <when>2026-01-01T00:38:38.5369510Z</when>
        <gx:coord>12.269558 51.85328 784.7265</gx:coord>
        <when>2026-01-01T00:38:43.5369510Z</when>
        <gx:coord>12.270792 51.850918 782.08777</gx:coord>
        <when>2026-01-01T00:38:48.5369510Z</when>
        <gx:coord>12.272161 51.84856 779.99774</gx:coord>
        <when>2026-01-01T00:38:53.5379510Z</when>
        <gx:coord>12.273526 51.846203 778.30493</gx:coord>
        <when>2026-01-01T00:38:58.5369510Z</when>
        <gx:coord>12.274916 51.84385 775.6263</gx:coord>
        <when>2026-01-01T00:39:03.5369510Z</when>
        <gx:coord>12.276358 51.841515 770.1906</gx:coord>
        <when>2026-01-01T00:39:08.5369510Z</when>
        <gx:coord>12.277866 51.839188 769.2021</gx:coord>
        <when>2026-01-01T00:39:11.1009510Z</when>
        <gx:coord>12.278802 51.837784 768.479</gx:coord>
        <when>2026-01-01T00:39:13.5369510Z</when>
        <gx:coord>12.279428 51.83684 768.97534</gx:coord>
        <when>2026-01-01T00:39:18.5379510Z</when>
        <gx:coord>12.280979 51.83445 772.8293</gx:coord>
        <when>2026-01-01T00:39:23.5379510Z</when>
        <gx:coord>12.282476 51.832016 777.5974</gx:coord>
        <when>2026-01-01T00:39:28.5779510Z</when>
        <gx:coord>12.284054 51.829575 788.1178</gx:coord>
        <when>2026-01-01T00:39:33.5379510Z</when>
        <gx:coord>12.285661 51.827114 794.2515</gx:coord>
        <when>2026-01-01T00:39:38.5379510Z</when>
        <gx:coord>12.28722 51.82464 805.3129</gx:coord>
        <when>2026-01-01T00:39:43.0909510Z</when>
        <gx:coord>12.288782 51.822178 812.20276</gx:coord>
        <when>2026-01-01T00:39:43.5379510Z</when>
        <gx:coord>12.288782 51.822178 812.94055</gx:coord>
        <when>2026-01-01T00:39:48.5379510Z</when>
        <gx:coord>12.290307 51.8197 815.87823</gx:coord>
        <when>2026-01-01T00:39:53.5369510Z</when>
        <gx:coord>12.29178 51.817192 816.53265</gx:coord>
        <when>2026-01-01T00:39:55.0789510Z</when>
        <gx:coord>12.292358 51.816185 820.12665</gx:coord>
        <when>2026-01-01T00:39:58.5379510Z</when>
        <gx:coord>12.293159 51.814686 827.1546</gx:coord>
        <when>2026-01-01T00:40:00.0869510Z</when>
        <gx:coord>12.293344 51.814182 831.0563</gx:coord>
        <when>2026-01-01T00:40:03.0879510Z</when>
        <gx:coord>12.293606 51.81267 835.41046</gx:coord>
        <when>2026-01-01T00:40:03.5379510Z</when>
        <gx:coord>12.293592 51.812172 835.5603</gx:coord>
        <when>2026-01-01T00:40:07.0879510Z</when>
        <gx:coord>12.293306 51.810703 830.45416</gx:coord>
        <when>2026-01-01T00:40:08.5379510Z</when>
        <gx:coord>12.292895 51.809757 827.1065</gx:coord>
        <when>2026-01-01T00:40:10.0839510Z</when>
        <gx:coord>12.292623 51.809303 826.14435</gx:coord>
        <when>2026-01-01T00:40:13.5379510Z</when>
        <gx:coord>12.291245 51.80759 824.38007</gx:coord>
        <when>2026-01-01T00:40:15.0899510Z</when>
        <gx:coord>12.290852 51.807186 824.1084</gx:coord>
        <when>2026-01-01T00:40:18.5379510Z</when>
        <gx:coord>12.289131 51.805653 821.3084</gx:coord>
        <when>2026-01-01T00:40:19.0919510Z</when>
        <gx:coord>12.2886715 51.805286 821.3084</gx:coord>
        <when>2026-01-01T00:40:22.0889510Z</when>
        <gx:coord>12.287733 51.80458 819.8298</gx:coord>
        <when>2026-01-01T00:40:23.5389510Z</when>
        <gx:coord>12.28678 51.803894 822.2926</gx:coord>
        <when>2026-01-01T00:40:28.5979510Z</when>
        <gx:coord>12.284417 51.802227 832.1302</gx:coord>
        <when>2026-01-01T00:40:33.0869510Z</when>
        <gx:coord>12.28254 51.800926 835.89526</gx:coord>
        <when>2026-01-01T00:40:33.5389510Z</when>
        <gx:coord>12.282058 51.800606 837.62823</gx:coord>
        <when>2026-01-01T00:40:38.5389510Z</when>
        <gx:coord>12.279641 51.798973 850.4611</gx:coord>
        <when>2026-01-01T00:40:39.0859510Z</when>
        <gx:coord>12.279163 51.79864 852.3508</gx:coord>
        <when>2026-01-01T00:40:43.5389510Z</when>
        <gx:coord>12.27724 51.797276 858.7966</gx:coord>
        <when>2026-01-01T00:40:48.5389510Z</when>
        <gx:coord>12.274761 51.795555 863.51874</gx:coord>
        <when>2026-01-01T00:40:53.5589510Z</when>
        <gx:coord>12.272263 51.793808 864.59393</gx:coord>
        <when>2026-01-01T00:40:56.0889510Z</when>
        <gx:coord>12.270789 51.792778 864.71387</gx:coord>
        <when>2026-01-01T00:40:58.5389510Z</when>
        <gx:coord>12.269823 51.792103 866.9267</gx:coord>
        <when>2026-01-01T00:41:03.5389510Z</when>
        <gx:coord>12.267441 51.790424 869.2075</gx:coord>
        <when>2026-01-01T00:41:08.5389510Z</when>
        <gx:coord>12.265081 51.788742 876.66785</gx:coord>
        <when>2026-01-01T00:41:13.5389510Z</when>
        <gx:coord>12.262725 51.787037 871.6249</gx:coord>
        <when>2026-01-01T00:41:18.5389510Z</when>
        <gx:coord>12.260363 51.785297 860.7344</gx:coord>
        <when>2026-01-01T00:41:23.5399510Z</when>
        <gx:coord>12.258022 51.78352 848.16956</gx:coord>
        <when>2026-01-01T00:41:28.5789510Z</when>
        <gx:coord>12.255873 51.781574 834.2851</gx:coord>
        <when>2026-01-01T00:41:29.0839510Z</when>
        <gx:coord>12.255873 51.781574 834.2851</gx:coord>
        <when>2026-01-01T00:41:33.0909510Z</when>
        <gx:coord>12.253875 51.77949 831.5993</gx:coord>
        <when>2026-01-01T00:41:33.5399510Z</when>
        <gx:coord>12.253875 51.77949 832.0469</gx:coord>
        <when>2026-01-01T00:41:38.5399510Z</when>
        <gx:coord>12.251928 51.7774 833.7246</gx:coord>
        <when>2026-01-01T00:41:43.5399510Z</when>
        <gx:coord>12.25004 51.775314 833.6801</gx:coord>
        <when>2026-01-01T00:41:48.5389510Z</when>
        <gx:coord>12.24818 51.77321 834.43787</gx:coord>
        <when>2026-01-01T00:41:53.5389510Z</when>
        <gx:coord>12.246356 51.771038 849.5223</gx:coord>
        <when>2026-01-01T00:41:58.0849510Z</when>
        <gx:coord>12.245102 51.76923 853.8521</gx:coord>
        <when>2026-01-01T00:41:58.5389510Z</when>
        <gx:coord>12.244808 51.76877 852.94055</gx:coord>
        <when>2026-01-01T00:42:00.0849510Z</when>
        <gx:coord>12.244519 51.7683 854.1876</gx:coord>
        <when>2026-01-01T00:42:03.5399510Z</when>
        <gx:coord>12.243462 51.766376 851.93494</gx:coord>
        <when>2026-01-01T00:42:08.0859510Z</when>
        <gx:coord>12.242659 51.76438 856.3019</gx:coord>
        <when>2026-01-01T00:42:08.0959510Z</when>
        <gx:coord>12.242497 51.763878 856.3019</gx:coord>
        <when>2026-01-01T00:42:08.5399510Z</when>
        <gx:coord>12.242497 51.763878 856.4267</gx:coord>
        <when>2026-01-01T00:42:13.5399510Z</when>
        <gx:coord>12.241974 51.76129 860.3457</gx:coord>
        <when>2026-01-01T00:42:18.5399510Z</when>
        <gx:coord>12.24175 51.758663 861.7901</gx:coord>
        <when>2026-01-01T00:42:22.0859510Z</when>
        <gx:coord>12.241669 51.757076 868.5315</gx:coord>
        <when>2026-01-01T00:42:23.5399510Z</when>
        <gx:coord>12.241682 51.75602 874.1689</gx:coord>
        <when>2026-01-01T00:42:27.0849510Z</when>
        <gx:coord>12.242018 51.7539 884.62427</gx:coord>
        <when>2026-01-01T00:42:28.5689510Z</when>
        <gx:coord>12.242159 51.753376 885.4214</gx:coord>
        <when>2026-01-01T00:42:29.0909510Z</when>
        <gx:coord>12.242159 51.753376 885.4214</gx:coord>
        <when>2026-01-01T00:42:33.5399510Z</when>
        <gx:coord>12.243161 51.75078 888.61926</gx:coord>
        <when>2026-01-01T00:42:37.0859510Z</when>
        <gx:coord>12.243973 51.749256 890.0887</gx:coord>
        <when>2026-01-01T00:42:38.5399510Z</when>
        <gx:coord>12.244609 51.748257 891.95636</gx:coord>
        <when>2026-01-01T00:42:40.0959510Z</when>
        <gx:coord>12.245286 51.747265 891.11084</gx:coord>
        <when>2026-01-01T00:42:43.5399510Z</when>
        <gx:coord>12.246432 51.7458 886.73926</gx:coord>
        <when>2026-01-01T00:42:45.0789510Z</when>
        <gx:coord>12.246872 51.745323 884.87335</gx:coord>
        <when>2026-01-01T00:42:48.5399510Z</when>
        <gx:coord>12.248664 51.74342 886.0488</gx:coord>
        <when>2026-01-01T00:42:51.0849510Z</when>
        <gx:coord>12.249548 51.74249 884.6351</gx:coord>
        <when>2026-01-01T00:42:53.5399510Z</when>
        <gx:coord>12.250917 51.741108 885.8117</gx:coord>
        <when>2026-01-01T00:42:58.5399510Z</when>
        <gx:coord>12.253269 51.7388 884.24304</gx:coord>
        <when>2026-01-01T00:43:03.5399510Z</when>
        <gx:coord>12.255687 51.736546 881.4618</gx:coord>
        <when>2026-01-01T00:43:08.5399510Z</when>
        <gx:coord>12.258102 51.734234 866.7619</gx:coord>
        <when>2026-01-01T00:43:11.1009510Z</when>
        <gx:coord>12.259529 51.73283 864.1469</gx:coord>
        <when>2026-01-01T00:43:13.5409510Z</when>
        <gx:coord>12.260462 51.73189 860.7389</gx:coord>
        <when>2026-01-01T00:43:18.0819510Z</when>
        <gx:coord>12.262768 51.72954 853.12146</gx:coord>
        <when>2026-01-01T00:43:18.5409510Z</when>
        <gx:coord>12.262768 51.72954 853.12146</gx:coord>
        <when>2026-01-01T00:43:23.5409510Z</when>
        <gx:coord>12.265014 51.72716 842.0615</gx:coord>
        <when>2026-01-01T00:43:28.5709510Z</when>
        <gx:coord>12.267299 51.72476 829.65186</gx:coord>
        <when>2026-01-01T00:43:33.0849510Z</when>
        <gx:coord>12.269556 51.722363 821.36414</gx:coord>
        <when>2026-01-01T00:43:33.5409510Z</when>
        <gx:coord>12.269556 51.722363 821.36414</gx:coord>
        <when>2026-01-01T00:43:38.5409510Z</when>
        <gx:coord>12.271824 51.719982 811.2735</gx:coord>
        <when>2026-01-01T00:43:42.0939510Z</when>
        <gx:coord>12.27368 51.718098 805.95764</gx:coord>
        <when>2026-01-01T00:43:43.5409510Z</when>
        <gx:coord>12.274151 51.71763 802.1694</gx:coord>
        <when>2026-01-01T00:43:48.5409510Z</when>
        <gx:coord>12.276564 51.71531 793.41034</gx:coord>
        <when>2026-01-01T00:43:51.0859510Z</when>
        <gx:coord>12.278023 51.713905 790.73114</gx:coord>
        <when>2026-01-01T00:43:53.5409510Z</when>
        <gx:coord>12.278991 51.712967 789.9734</gx:coord>
        <when>2026-01-01T00:43:58.5409510Z</when>
        <gx:coord>12.28141 51.7106 783.0036</gx:coord>
        <when>2026-01-01T00:44:03.5409510Z</when>
        <gx:coord>12.283772 51.708195 779.1805</gx:coord>
        <when>2026-01-01T00:44:08.5459510Z</when>
        <gx:coord>12.286 51.705738 776.7222</gx:coord>
        <when>2026-01-01T00:44:12.1069510Z</when>
        <gx:coord>12.287759 51.703747 771.6189</gx:coord>
        <when>2026-01-01T00:44:13.5439510Z</when>
        <gx:coord>12.288194 51.703243 771.169</gx:coord>
        <when>2026-01-01T00:44:18.5409510Z</when>
        <gx:coord>12.290369 51.700665 768.4668</gx:coord>
        <when>2026-01-01T00:44:23.5419510Z</when>
        <gx:coord>12.292575 51.69805 766.75226</gx:coord>
        <when>2026-01-01T00:44:26.0849510Z</when>
        <gx:coord>12.293872 51.696472 759.7895</gx:coord>
        <when>2026-01-01T00:44:28.5409510Z</when>
        <gx:coord>12.294764 51.695415 756.34344</gx:coord>
        <when>2026-01-01T00:44:29.0879510Z</when>
        <gx:coord>12.294764 51.695415 756.34344</gx:coord>
        <when>2026-01-01T00:44:33.5409510Z</when>
        <gx:coord>12.296979 51.692745 745.2027</gx:coord>
        <when>2026-01-01T00:44:38.5419510Z</when>
        <gx:coord>12.299094 51.690075 743.4687</gx:coord>
        <when>2026-01-01T00:44:41.0989510Z</when>
        <gx:coord>12.300331 51.688507 747.36725</gx:coord>
        <when>2026-01-01T00:44:43.5419510Z</when>
        <gx:coord>12.301183 51.68748 751.4646</gx:coord>
        <when>2026-01-01T00:44:48.5409510Z</when>
        <gx:coord>12.303383 51.684925 741.53815</gx:coord>
        <when>2026-01-01T00:44:50.0829510Z</when>
        <gx:coord>12.3042555 51.68389 729.2832</gx:coord>
        <when>2026-01-01T00:44:53.5419510Z</when>
        <gx:coord>12.305577 51.682323 717.80975</gx:coord>
        <when>2026-01-01T00:44:58.5419510Z</when>
        <gx:coord>12.307767 51.679737 719.81525</gx:coord>
        <when>2026-01-01T00:45:03.5419510Z</when>
        <gx:coord>12.310132 51.6773 725.05615</gx:coord>
        <when>2026-01-01T00:45:08.5409510Z</when>
        <gx:coord>12.312524 51.674892 721.28906</gx:coord>
        <when>2026-01-01T00:45:10.0999510Z</when>
        <gx:coord>12.313468 51.673916 720.72314</gx:coord>
        <when>2026-01-01T00:45:13.5419510Z</when>
        <gx:coord>12.314836 51.67246 719.2338</gx:coord>
        <when>2026-01-01T00:45:18.5419510Z</when>
        <gx:coord>12.317044 51.670033 703.833</gx:coord>
        <when>2026-01-01T00:45:20.0859510Z</when>
        <gx:coord>12.317932 51.66905 695.6166</gx:coord>
        <when>2026-01-01T00:45:23.5419510Z</when>
        <gx:coord>12.319273 51.66758 691.4246</gx:coord>
        <when>2026-01-01T00:45:28.6009510Z</when>
        <gx:coord>12.321451 51.665146 686.5356</gx:coord>
        <when>2026-01-01T00:45:30.0879510Z</when>
        <gx:coord>12.321884 51.66466 686.4078</gx:coord>
        <when>2026-01-01T00:45:33.5419510Z</when>
        <gx:coord>12.323592 51.662743 684.5397</gx:coord>
        <when>2026-01-01T00:45:38.5419510Z</when>
        <gx:coord>12.325677 51.660355 684.88745</gx:coord>
        <when>2026-01-01T00:45:41.0929510Z</when>
        <gx:coord>12.326907 51.658943 684.8797</gx:coord>
        <when>2026-01-01T00:45:43.5419510Z</when>
        <gx:coord>12.327714 51.65801 684.9175</gx:coord>
        <when>2026-01-01T00:45:48.5419510Z</when>
        <gx:coord>12.329749 51.655697 681.5059</gx:coord>
        <when>2026-01-01T00:45:53.5429510Z</when>
        <gx:coord>12.331819 51.65342 678.9345</gx:coord>
        <when>2026-01-01T00:45:58.5419510Z</when>
        <gx:coord>12.333854 51.651142 673.7816</gx:coord>
        <when>2026-01-01T00:46:03.5429510Z</when>
        <gx:coord>12.335832 51.64885 668.27344</gx:coord>
        <when>2026-01-01T00:46:08.0929510Z</when>
        <gx:coord>12.337367 51.647026 675.3113</gx:coord>
        <when>2026-01-01T00:46:08.5419510Z</when>
        <gx:coord>12.337749 51.646584 678.29803</gx:coord>
        <when>2026-01-01T00:46:13.5429510Z</when>
        <gx:coord>12.339687 51.644382 679.3998</gx:coord>
        <when>2026-01-01T00:46:14.0939510Z</when>
        <gx:coord>12.340079 51.643944 679.3998</gx:coord>
        <when>2026-01-01T00:46:18.5429510Z</when>
        <gx:coord>12.3416395 51.642162 680.56067</gx:coord>
        <when>2026-01-01T00:46:23.5419510Z</when>
        <gx:coord>12.343598 51.639915 681.4922</gx:coord>
        <when>2026-01-01T00:46:28.5649510Z</when>
        <gx:coord>12.345633 51.63765 678.60706</gx:coord>
        <when>2026-01-01T00:46:39.0919510Z</when>
        <gx:coord>12.350478 51.632645 663.87463</gx:coord>
        <when>2026-01-01T00:46:46.1209510Z</when>
        <gx:coord>12.353776 51.629417 660.28143</gx:coord>
        <when>2026-01-01T00:46:46.3749510Z</when>
        <gx:coord>12.353776 51.629417 658.8791</gx:coord>
        <when>2026-01-01T00:46:51.3759510Z</when>
        <gx:coord>12.356173 51.62711 653.02466</gx:coord>
        <when>2026-01-01T00:46:54.8939510Z</when>
        <gx:coord>12.357578 51.625713 652.30444</gx:coord>
        <when>2026-01-01T00:47:00.0909510Z</when>
        <gx:coord>12.35987 51.623386 651.79645</gx:coord>
        <when>2026-01-01T00:47:05.1159510Z</when>
        <gx:coord>12.362573 51.620598 645.68567</gx:coord>
        <when>2026-01-01T00:47:10.1149510Z</when>
        <gx:coord>12.3648 51.618267 642.78937</gx:coord>
        <when>2026-01-01T00:47:15.1149510Z</when>
        <gx:coord>12.367068 51.61592 639.5967</gx:coord>
        <when>2026-01-01T00:47:16.0889510Z</when>
        <gx:coord>12.367068 51.61592 639.5967</gx:coord>
        <when>2026-01-01T00:47:17.0969510Z</when>
        <gx:coord>12.368001 51.61498 640.9193</gx:coord>
        <when>2026-01-01T00:47:20.0909510Z</when>
        <gx:coord>12.3693905 51.61356 639.2459</gx:coord>
        <when>2026-01-01T00:47:25.0889510Z</when>
        <gx:coord>12.371713 51.61118 631.578</gx:coord>
        <when>2026-01-01T00:47:25.1089510Z</when>
        <gx:coord>12.371713 51.61118 631.578</gx:coord>
        <when>2026-01-01T00:47:30.1139510Z</when>
        <gx:coord>12.374093 51.60882 621.25977</gx:coord>
        <when>2026-01-01T00:47:35.1159510Z</when>
        <gx:coord>12.3764925 51.60649 625.14484</gx:coord>
        <when>2026-01-01T00:47:48.0879510Z</when>
        <gx:coord>12.382626 51.60062 632.86993</gx:coord>
        <when>2026-01-01T00:47:48.2189510Z</when>
        <gx:coord>12.382626 51.60062 636.22107</gx:coord>
        <when>2026-01-01T00:47:53.2239510Z</when>
        <gx:coord>12.384787 51.5984 644.2004</gx:coord>
        <when>2026-01-01T00:47:58.2199510Z</when>
        <gx:coord>12.386978 51.596237 646.763</gx:coord>
        <when>2026-01-01T00:48:03.0879510Z</when>
        <gx:coord>12.38873 51.594524 647.7547</gx:coord>
        <when>2026-01-01T00:48:03.2199510Z</when>
        <gx:coord>12.389165 51.5941 647.6195</gx:coord>
        <when>2026-01-01T00:48:08.2189510Z</when>
        <gx:coord>12.391278 51.591965 647.0935</gx:coord>
        <when>2026-01-01T00:48:13.2199510Z</when>
        <gx:coord>12.393346 51.58982 638.33466</gx:coord>
        <when>2026-01-01T00:48:18.2199510Z</when>
        <gx:coord>12.395426 51.587635 630.5984</gx:coord>
        <when>2026-01-01T00:48:21.0939510Z</when>
        <gx:coord>12.396671 51.58633 630.02124</gx:coord>
        <when>2026-01-01T00:48:23.2199510Z</when>
        <gx:coord>12.397514 51.58547 629.16956</gx:coord>
        <when>2026-01-01T00:48:28.2199510Z</when>
        <gx:coord>12.399623 51.583344 630.23267</gx:coord>
        <when>2026-01-01T00:48:33.2199510Z</when>
        <gx:coord>12.401768 51.581253 630.19305</gx:coord>
        <when>2026-01-01T00:48:38.2199510Z</when>
        <gx:coord>12.403988 51.57921 634.1903</gx:coord>
        <when>2026-01-01T00:48:43.2199510Z</when>
        <gx:coord>12.406327 51.577248 647.8273</gx:coord>
        <when>2026-01-01T00:48:48.2469510Z</when>
        <gx:coord>12.408662 51.575306 656.92365</gx:coord>
        <when>2026-01-01T00:48:52.0869510Z</when>
        <gx:coord>12.410544 51.57372 663.06555</gx:coord>
        <when>2026-01-01T00:48:53.2269510Z</when>
        <gx:coord>12.411019 51.573315 662.94336</gx:coord>
        <when>2026-01-01T00:48:55.0919510Z</when>
        <gx:coord>12.4119835 51.572506 662.2958</gx:coord>
        <when>2026-01-01T00:48:58.2199510Z</when>
        <gx:coord>12.413508 51.571274 655.5966</gx:coord>
        <when>2026-01-01T00:49:03.2199510Z</when>
        <gx:coord>12.416203 51.569157 643.6215</gx:coord>
        <when>2026-01-01T00:49:05.0849510Z</when>
        <gx:coord>12.416749 51.56872 643.10034</gx:coord>
        <when>2026-01-01T00:49:08.2199510Z</when>
        <gx:coord>12.418934 51.566967 640.1543</gx:coord>
        <when>2026-01-01T00:49:13.2199510Z</when>
        <gx:coord>12.421664 51.56476 643.7527</gx:coord>
        <when>2026-01-01T00:49:18.2199510Z</when>
        <gx:coord>12.424353 51.56256 637.69617</gx:coord>
        <when>2026-01-01T00:49:21.0849510Z</when>
        <gx:coord>12.425974 51.561295 632.3452</gx:coord>
        <when>2026-01-01T00:49:23.2199510Z</when>
        <gx:coord>12.427048 51.560455 628.25793</gx:coord>
        <when>2026-01-01T00:49:26.0979510Z</when>
        <gx:coord>12.428654 51.5592 623.3034</gx:coord>
        <when>2026-01-01T00:49:28.2259510Z</when>
        <gx:coord>12.429707 51.558357 620.0953</gx:coord>
        <when>2026-01-01T00:49:33.2209510Z</when>
        <gx:coord>12.432255 51.55626 622.1963</gx:coord>
        <when>2026-01-01T00:49:38.2209510Z</when>
        <gx:coord>12.434734 51.55417 620.75385</gx:coord>
        <when>2026-01-01T00:49:43.2209510Z</when>
        <gx:coord>12.437114 51.55205 616.42346</gx:coord>
        <when>2026-01-01T00:49:48.2519510Z</when>
        <gx:coord>12.43945 51.549927 613.7552</gx:coord>
        <when>2026-01-01T00:49:53.2209510Z</when>
        <gx:coord>12.44175 51.54781 611.50006</gx:coord>
        <when>2026-01-01T00:49:57.0879510Z</when>
        <gx:coord>12.443145 51.546555 609.6096</gx:coord>
        <when>2026-01-01T00:49:58.2209510Z</when>
        <gx:coord>12.4440775 51.54573 609.81067</gx:coord>
        <when>2026-01-01T00:49:59.0989510Z</when>
        <gx:coord>12.444546 51.545322 609.81067</gx:coord>
        <when>2026-01-01T00:50:03.2209510Z</when>
        <gx:coord>12.4464 51.543713 611.8776</gx:coord>
        <when>2026-01-01T00:50:08.2209510Z</when>
        <gx:coord>12.448688 51.54173 619.79846</gx:coord>
        <when>2026-01-01T00:50:13.2209510Z</when>
        <gx:coord>12.450936 51.53978 624.11914</gx:coord>
        <when>2026-01-01T00:50:18.2279510Z</when>
        <gx:coord>12.453162 51.537888 629.8844</gx:coord>
        <when>2026-01-01T00:50:23.2209510Z</when>
        <gx:coord>12.455364 51.53601 630.1685</gx:coord>
        <when>2026-01-01T00:50:28.2209510Z</when>
        <gx:coord>12.457603 51.534126 627.82886</gx:coord>
        <when>2026-01-01T00:50:33.2209510Z</when>
        <gx:coord>12.459881 51.532246 631.10376</gx:coord>
        <when>2026-01-01T00:50:34.0949510Z</when>
        <gx:coord>12.4603405 51.531864 631.10376</gx:coord>
        <when>2026-01-01T00:50:38.2209510Z</when>
        <gx:coord>12.462217 51.53033 626.89777</gx:coord>
        <when>2026-01-01T00:50:43.2209510Z</when>
        <gx:coord>12.464567 51.528423 629.91565</gx:coord>
        <when>2026-01-01T00:50:48.2819510Z</when>
        <gx:coord>12.466942 51.52655 632.23785</gx:coord>
        <when>2026-01-01T00:50:53.2209510Z</when>
        <gx:coord>12.46929 51.524696 632.5048</gx:coord>
        <when>2026-01-01T00:50:58.2209510Z</when>
        <gx:coord>12.47162 51.522884 636.7284</gx:coord>
        <when>2026-01-01T00:50:59.0859510Z</when>
        <gx:coord>12.47162 51.522884 636.7284</gx:coord>
        <when>2026-01-01T00:51:03.2209510Z</when>
        <gx:coord>12.473882 51.521076 645.77576</gx:coord>
        <when>2026-01-01T00:51:08.2209510Z</when>
        <gx:coord>12.476224 51.519268 656.55865</gx:coord>
        <when>2026-01-01T00:51:10.0959510Z</when>
        <gx:coord>12.477166 51.518524 658.5915</gx:coord>
        <when>2026-01-01T00:51:13.2279510Z</when>
        <gx:coord>12.478584 51.517395 661.24805</gx:coord>
        <when>2026-01-01T00:51:15.0889510Z</when>
        <gx:coord>12.479535 51.516636 663.6573</gx:coord>
        <when>2026-01-01T00:51:18.2209510Z</when>
        <gx:coord>12.480858 51.51546 667.4638</gx:coord>
        <when>2026-01-01T00:51:23.2279510Z</when>
        <gx:coord>12.482717 51.513386 671.55096</gx:coord>
        <when>2026-01-01T00:51:27.0889510Z</when>
        <gx:coord>12.483634 51.51206 669.52484</gx:coord>
        <when>2026-01-01T00:51:28.2209510Z</when>
        <gx:coord>12.484144 51.511143 670.59686</gx:coord>
        <when>2026-01-01T00:51:33.2219510Z</when>
        <gx:coord>12.485438 51.508804 663.58014</gx:coord>
        <when>2026-01-01T00:51:36.0899510Z</when>
        <gx:coord>12.48599 51.507854 659.66705</gx:coord>
        <when>2026-01-01T00:51:38.2289510Z</when>
        <gx:coord>12.486815 51.50642 653.82153</gx:coord>
        <when>2026-01-01T00:51:43.2219510Z</when>
        <gx:coord>12.488274 51.504047 643.21655</gx:coord>
        <when>2026-01-01T00:51:45.0899510Z</when>
        <gx:coord>12.4888315 51.5031 643.08813</gx:coord>
        <when>2026-01-01T00:51:48.2479510Z</when>
        <gx:coord>12.489643 51.501686 641.3494</gx:coord>
        <when>2026-01-01T00:51:53.2219510Z</when>
        <gx:coord>12.490917 51.49933 634.8951</gx:coord>
        <when>2026-01-01T00:51:57.1019510Z</when>
        <gx:coord>12.49186 51.49744 636.2241</gx:coord>
        <when>2026-01-01T00:51:58.2219510Z</when>
        <gx:coord>12.492099 51.49697 637.69885</gx:coord>
        <when>2026-01-01T00:52:03.2219510Z</when>
        <gx:coord>12.493278 51.494587 638.8319</gx:coord>
        <when>2026-01-01T00:52:08.2219510Z</when>
        <gx:coord>12.494362 51.492146 643.66473</gx:coord>
        <when>2026-01-01T00:52:19.0879510Z</when>
        <gx:coord>12.49659 51.486702 641.6674</gx:coord>
        <when>2026-01-01T00:52:28.0759510Z</when>
        <gx:coord>12.498059 51.482315 632.82916</gx:coord>
        <when>2026-01-01T00:52:34.0849510Z</when>
        <gx:coord>12.498804 51.47991 630.4326</gx:coord>
        <when>2026-01-01T00:52:37.6409510Z</when>
        <gx:coord>12.49934 51.477985 631.09973</gx:coord>
        <when>2026-01-01T00:52:42.6419510Z</when>
        <gx:coord>12.499949 51.47559 628.584</gx:coord>
        <when>2026-01-01T00:52:47.6419510Z</when>
        <gx:coord>12.500516 51.47322 626.6526</gx:coord>
        <when>2026-01-01T00:52:52.6419510Z</when>
        <gx:coord>12.500967 51.470856 622.1185</gx:coord>
        <when>2026-01-01T00:52:54.0909510Z</when>
        <gx:coord>12.501111 51.46992 622.12427</gx:coord>
        <when>2026-01-01T00:52:57.6419510Z</when>
        <gx:coord>12.501306 51.46851 614.34204</gx:coord>
        <when>2026-01-01T00:53:02.6419510Z</when>
        <gx:coord>12.501513 51.466152 611.0049</gx:coord>
        <when>2026-01-01T00:53:07.6419510Z</when>
        <gx:coord>12.501606 51.46378 604.46423</gx:coord>
        <when>2026-01-01T00:53:12.0849510Z</when>
        <gx:coord>12.501789 51.461308 602.04047</gx:coord>
        <when>2026-01-01T00:53:12.6429510Z</when>
        <gx:coord>12.501789 51.461308 602.04047</gx:coord>
        <when>2026-01-01T00:53:17.6429510Z</when>
        <gx:coord>12.501976 51.458794 601.1925</gx:coord>
        <when>2026-01-01T00:53:22.6429510Z</when>
        <gx:coord>12.502161 51.45634 605.51825</gx:coord>
        <when>2026-01-01T00:53:27.6419510Z</when>
        <gx:coord>12.502313 51.45392 607.9841</gx:coord>
        <when>2026-01-01T00:53:29.0889510Z</when>
        <gx:coord>12.502371 51.45296 610.3521</gx:coord>
        <when>2026-01-01T00:53:59.0779510Z</when>
        <gx:coord>12.503958 51.43795 589.1231</gx:coord>
        <when>2026-01-01T00:54:01.0909510Z</when>
        <gx:coord>12.504357 51.43629 587.4146</gx:coord>
        <when>2026-01-01T00:54:10.0849510Z</when>
        <gx:coord>12.505094 51.431225 568.7797</gx:coord>
        <when>2026-01-01T00:54:23.0739510Z</when>
        <gx:coord>12.505335 51.42443 551.68176</gx:coord>
        <when>2026-01-01T00:54:31.0999510Z</when>
        <gx:coord>12.505359 51.419514 554.536</gx:coord>
        <when>2026-01-01T00:54:40.4559510Z</when>
        <gx:coord>12.505651 51.414665 551.38354</gx:coord>
        <when>2026-01-01T00:54:45.4559510Z</when>
        <gx:coord>12.505931 51.412056 548.19604</gx:coord>
        <when>2026-01-01T00:54:48.0809510Z</when>
        <gx:coord>12.506072 51.411037 551.0957</gx:coord>
        <when>2026-01-01T00:54:50.4569510Z</when>
        <gx:coord>12.506308 51.40954 552.9555</gx:coord>
        <when>2026-01-01T00:54:55.4569510Z</when>
        <gx:coord>12.506696 51.407093 559.9078</gx:coord>
        <when>2026-01-01T00:55:00.4569510Z</when>
        <gx:coord>12.507061 51.40471 567.80176</gx:coord>
        <when>2026-01-01T00:55:04.0929510Z</when>
        <gx:coord>12.507299 51.402847 569.6195</gx:coord>
        <when>2026-01-01T00:55:05.0809510Z</when>
        <gx:coord>12.507299 51.402847 571.69617</gx:coord>
        <when>2026-01-01T00:55:05.4579510Z</when>
        <gx:coord>12.507356 51.402393 573.773</gx:coord>
        <when>2026-01-01T00:55:10.4569510Z</when>
        <gx:coord>12.507625 51.400215 589.8116</gx:coord>
        <when>2026-01-01T00:55:14.0789510Z</when>
        <gx:coord>12.507855 51.39851 600.4953</gx:coord>
        <when>2026-01-01T00:55:15.4579510Z</when>
        <gx:coord>12.5079155 51.39808 603.86237</gx:coord>
        <when>2026-01-01T00:55:20.4579510Z</when>
        <gx:coord>12.50833 51.39589 613.926</gx:coord>
        <when>2026-01-01T00:55:25.4579510Z</when>
        <gx:coord>12.508701 51.39369 615.9027</gx:coord>
        <when>2026-01-01T00:55:30.4589510Z</when>
        <gx:coord>12.5090065 51.391495 617.7203</gx:coord>
        <when>2026-01-01T00:55:35.4589510Z</when>
        <gx:coord>12.509314 51.389324 615.02264</gx:coord>
        <when>2026-01-01T00:55:42.0939510Z</when>
        <gx:coord>12.509659 51.386257 606.6749</gx:coord>
        <when>2026-01-01T00:56:21.0929510Z</when>
        <gx:coord>12.510307 51.369442 595.7614</gx:coord>
        <when>2026-01-01T00:56:50.0759510Z</when>
        <gx:coord>12.508851 51.35732 620.65045</gx:coord>
        <when>2026-01-01T00:56:59.0849510Z</when>
        <gx:coord>12.5071 51.353523 623.5389</gx:coord>
        <when>2026-01-01T00:57:00.0909510Z</when>
        <gx:coord>12.506569 51.35272 623.1431</gx:coord>
        <when>2026-01-01T00:57:05.0809510Z</when>
        <gx:coord>12.505306 51.351154 617.27716</gx:coord>
        <when>2026-01-01T00:57:11.0819510Z</when>
        <gx:coord>12.502788 51.34918 615.9122</gx:coord>
        <when>2026-01-01T00:57:21.0909510Z</when>
        <gx:coord>12.497057 51.345882 617.72205</gx:coord>
        <when>2026-01-01T00:57:33.0749510Z</when>
        <gx:coord>12.49062 51.34264 622.85187</gx:coord>
        <when>2026-01-01T00:57:35.0779510Z</when>
        <gx:coord>12.4888315 51.341774 632.20844</gx:coord>
        <when>2026-01-01T00:57:38.0919510Z</when>
        <gx:coord>12.48707 51.34089 637.86536</gx:coord>
        <when>2026-01-01T00:58:11.0799510Z</when>
        <gx:coord>12.468139 51.331062 601.362</gx:coord>
        <when>2026-01-01T00:58:14.1009510Z</when>
        <gx:coord>12.466478 51.330254 599.4768</gx:coord>
        <when>2026-01-01T00:58:52.0939510Z</when>
        <gx:coord>12.444654 51.32063 582.45184</gx:coord>
        <when>2026-01-01T00:59:29.0969510Z</when>
        <gx:coord>12.422647 51.31102 581.8431</gx:coord>
        <when>2026-01-01T00:59:43.0749510Z</when>
        <gx:coord>12.414164 51.307873 590.9505</gx:coord>
        <when>2026-01-01T00:59:53.0769510Z</when>
        <gx:coord>12.40661 51.305473 569.25165</gx:coord>
        <when>2026-01-01T01:00:04.0969510Z</when>
        <gx:coord>12.399073 51.303207 547.9958</gx:coord>
        <when>2026-01-01T01:00:09.0849510Z</when>
        <gx:coord>12.395518 51.30224 537.7791</gx:coord>
        <when>2026-01-01T01:00:14.0819510Z</when>
        <gx:coord>12.39266 51.301548 540.61414</gx:coord>
        <when>2026-01-01T01:00:17.0809510Z</when>
        <gx:coord>12.390565 51.30125 543.5889</gx:coord>
        <when>2026-01-01T01:00:20.0909510Z</when>
        <gx:coord>12.388548 51.301216 545.24426</gx:coord>
        <when>2026-01-01T01:00:21.0779510Z</when>
        <gx:coord>12.387898 51.301258 545.4528</gx:coord>
        <when>2026-01-01T01:00:23.0789510Z</when>
        <gx:coord>12.386644 51.30142 546.59937</gx:coord>
        <when>2026-01-01T01:00:27.0839510Z</when>
        <gx:coord>12.384353 51.30199 554.5027</gx:coord>
        <when>2026-01-01T01:00:33.0899510Z</when>
        <gx:coord>12.381392 51.303257 555.6987</gx:coord>
        <when>2026-01-01T01:00:41.0759510Z</when>
        <gx:coord>12.377724 51.30565 570.06085</gx:coord>
        <when>2026-01-01T01:00:44.0809510Z</when>
        <gx:coord>12.376969 51.306194 572.7578</gx:coord>
        <when>2026-01-01T01:00:50.0859510Z</when>
        <gx:coord>12.374784 51.30787 576.01776</gx:coord>
        <when>2026-01-01T01:00:52.1039510Z</when>
        <gx:coord>12.373729 51.3087 579.0286</gx:coord>
        <when>2026-01-01T01:01:07.0849510Z</when>
        <gx:coord>12.368157 51.31271 600.6555</gx:coord>
        <when>2026-01-01T01:01:34.0829510Z</when>
        <gx:coord>12.359346 51.320465 602.0765</gx:coord>
        <when>2026-01-01T01:01:39.0899510Z</when>
        <gx:coord>12.357605 51.322388 605.3259</gx:coord>
        <when>2026-01-01T01:01:53.0779510Z</when>
        <gx:coord>12.354037 51.32689 592.382</gx:coord>
        <when>2026-01-01T01:02:00.0759510Z</when>
        <gx:coord>12.351609 51.32984 567.5253</gx:coord>
        <when>2026-01-01T01:02:09.0809510Z</when>
        <gx:coord>12.349215 51.333004 546.1382</gx:coord>
        <when>2026-01-01T01:02:12.0779510Z</when>
        <gx:coord>12.348788 51.33427 557.05255</gx:coord>
        <when>2026-01-01T01:02:14.0779510Z</when>
        <gx:coord>12.34872 51.335106 563.3492</gx:coord>
        <when>2026-01-01T01:02:17.0749510Z</when>
        <gx:coord>12.348983 51.336323 570.80096</gx:coord>
        <when>2026-01-01T01:02:21.0959510Z</when>
        <gx:coord>12.349872 51.33831 567.47815</gx:coord>
        <when>2026-01-01T01:02:35.0779510Z</when>
        <gx:coord>12.35294 51.343407 568.8791</gx:coord>
        <when>2026-01-01T01:02:49.0789510Z</when>
        <gx:coord>12.356947 51.348427 580.56116</gx:coord>
        <when>2026-01-01T01:02:54.0719510Z</when>
        <gx:coord>12.358995 51.35 590.7222</gx:coord>
        <when>2026-01-01T01:02:58.0759510Z</when>
        <gx:coord>12.361012 51.35107 592.9692</gx:coord>
        <when>2026-01-01T01:03:02.0779510Z</when>
        <gx:coord>12.363406 51.351906 593.3906</gx:coord>
        <when>2026-01-01T01:03:03.0919510Z</when>
        <gx:coord>12.364728 51.35222 593.4195</gx:coord>
        <when>2026-01-01T01:03:05.0789510Z</when>
        <gx:coord>12.365415 51.352352 593.33545</gx:coord>
        <when>2026-01-01T01:03:07.0809510Z</when>
        <gx:coord>12.36682 51.35258 592.43365</gx:coord>
        <when>2026-01-01T01:03:14.0789510Z</when>
        <gx:coord>12.372 51.35301 588.32416</gx:coord>
        <when>2026-01-01T01:03:20.0799510Z</when>
        <gx:coord>12.376634 51.352875 587.20135</gx:coord>
        <when>2026-01-01T01:03:25.0739510Z</when>
        <gx:coord>12.380421 51.352283 590.66626</gx:coord>
        <when>2026-01-01T01:03:29.0739510Z</when>
        <gx:coord>12.383252 51.35145 593.3206</gx:coord>
        <when>2026-01-01T01:03:33.0789510Z</when>
        <gx:coord>12.385792 51.350304 596.3835</gx:coord>
        <when>2026-01-01T01:03:37.0779510Z</when>
        <gx:coord>12.387955 51.348885 597.1772</gx:coord>
        <when>2026-01-01T01:03:41.0919510Z</when>
        <gx:coord>12.38965 51.34723 596.6788</gx:coord>
        <when>2026-01-01T01:03:41.1099510Z</when>
        <gx:coord>12.389987 51.346786 596.6788</gx:coord>
        <when>2026-01-01T01:03:42.0749510Z</when>
        <gx:coord>12.390287 51.346336 598.2578</gx:coord>
        <when>2026-01-01T01:03:46.0819510Z</when>
        <gx:coord>12.391008 51.344963 598.98785</gx:coord>
        <when>2026-01-01T01:03:51.0759510Z</when>
        <gx:coord>12.391629 51.342606 596.81714</gx:coord>
        <when>2026-01-01T01:03:56.0889510Z</when>
        <gx:coord>12.391529 51.34024 602.3567</gx:coord>
        <when>2026-01-01T01:03:59.0759510Z</when>
        <gx:coord>12.391043 51.338867 603.468</gx:coord>
        <when>2026-01-01T01:04:02.0869510Z</when>
        <gx:coord>12.390183 51.337585 600.0424</gx:coord>
        <when>2026-01-01T01:04:06.0809510Z</when>
        <gx:coord>12.388485 51.336063 609.1211</gx:coord>
        <when>2026-01-01T01:04:09.0809510Z</when>
        <gx:coord>12.386883 51.335087 620.35376</gx:coord>
        <when>2026-01-01T01:04:10.0779510Z</when>
        <gx:coord>12.385673 51.33456 631.03467</gx:coord>
        <when>2026-01-01T01:04:14.0789510Z</when>
        <gx:coord>12.383743 51.333866 629.6465</gx:coord>
        <when>2026-01-01T01:04:20.0789510Z</when>
        <gx:coord>12.379491 51.33286 627.96564</gx:coord>
        <when>2026-01-01T01:04:24.0999510Z</when>
        <gx:coord>12.375793 51.33246 635.10114</gx:coord>
        <when>2026-01-01T01:04:25.0799510Z</when>
        <gx:coord>12.375793 51.33246 638.63525</gx:coord>
        <when>2026-01-01T01:04:35.0909510Z</when>
        <gx:coord>12.368116 51.332592 605.76886</gx:coord>
        <when>2026-01-01T01:04:56.0779510Z</when>
        <gx:coord>12.3524475 51.33416 600.07</gx:coord>
        <when>2026-01-01T01:05:01.0909510Z</when>
        <gx:coord>12.349101 51.334663 600.3283</gx:coord>
        <when>2026-01-01T01:05:05.0799510Z</when>
        <gx:coord>12.347169 51.335 603.9957</gx:coord>
        <when>2026-01-01T01:05:08.0809510Z</when>
        <gx:coord>12.345317 51.335403 605.899</gx:coord>
        <when>2026-01-01T01:05:09.0009510Z</when>
        <gx:coord>12.344736 51.33558 605.5207</gx:coord>
        <when>2026-01-01T01:05:09.0709510Z</when>
        <gx:coord>12.344736 51.33558 605.5207</gx:coord>
        <when>2026-01-01T01:05:12.0949510Z</when>
        <gx:coord>12.343171 51.33623 607.9744</gx:coord>
        <when>2026-01-01T01:05:12.0969510Z</when>
        <gx:coord>12.343171 51.33623 607.9744</gx:coord>
        <when>2026-01-01T01:05:14.0029510Z</when>
        <gx:coord>12.342288 51.336754 610.27313</gx:coord>
        <when>2026-01-01T01:05:15.0809510Z</when>
        <gx:coord>12.341887 51.337036 611.1059</gx:coord>
        <when>2026-01-01T01:05:19.0029510Z</when>
        <gx:coord>12.340541 51.338287 606.4473</gx:coord>
        <when>2026-01-01T01:05:19.0939510Z</when>
        <gx:coord>12.340541 51.338287 606.4473</gx:coord>
        <when>2026-01-01T01:05:24.0029510Z</when>
        <gx:coord>12.339319 51.340023 599.8374</gx:coord>
        <when>2026-01-01T01:05:33.5699510Z</when>
        <gx:coord>12.337099 51.343742 584.5575</gx:coord>
        <when>2026-01-01T01:05:38.5709510Z</when>
        <gx:coord>12.335989 51.345707 579.27386</gx:coord>
        <when>2026-01-01T01:05:43.5719510Z</when>
        <gx:coord>12.33485 51.347706 573.52313</gx:coord>
        <when>2026-01-01T01:05:45.0819510Z</when>
        <gx:coord>12.3343725 51.348507 569.39166</gx:coord>
        <when>2026-01-01T01:05:46.0989510Z</when>
        <gx:coord>12.334115 51.348923 569.39166</gx:coord>
        <when>2026-01-01T01:05:48.5719510Z</when>
        <gx:coord>12.333607 51.34975 566.0856</gx:coord>
        <when>2026-01-01T01:05:53.5719510Z</when>
        <gx:coord>12.332312 51.351826 560.3503</gx:coord>
        <when>2026-01-01T01:05:54.0799510Z</when>
        <gx:coord>12.332312 51.351826 560.3503</gx:coord>
        <when>2026-01-01T01:05:58.5719510Z</when>
        <gx:coord>12.331015 51.353947 554.5139</gx:coord>
        <when>2026-01-01T01:06:04.0749510Z</when>
        <gx:coord>12.3294115 51.356514 536.78314</gx:coord>
        <when>2026-01-01T01:06:23.0959510Z</when>
        <gx:coord>12.3241 51.364372 508.01364</gx:coord>
        <when>2026-01-01T01:06:25.0779510Z</when>
        <gx:coord>12.323532 51.365166 506.0927</gx:coord>
        <when>2026-01-01T01:06:38.4499510Z</when>
        <gx:coord>12.319635 51.370182 486.71686</gx:coord>
        <when>2026-01-01T01:06:43.4499510Z</when>
        <gx:coord>12.318122 51.372047 480.96573</gx:coord>
        <when>2026-01-01T01:06:45.0829510Z</when>
        <gx:coord>12.317512 51.372787 475.24988</gx:coord>
        <when>2026-01-01T01:06:48.4509510Z</when>
        <gx:coord>12.3165865 51.37391 464.16733</gx:coord>
        <when>2026-01-01T01:06:53.4509510Z</when>
        <gx:coord>12.315001 51.37577 455.57596</gx:coord>
        <when>2026-01-01T01:06:58.4499510Z</when>
        <gx:coord>12.313318 51.37761 450.37296</gx:coord>
        <when>2026-01-01T01:07:01.0809510Z</when>
        <gx:coord>12.31231 51.37874 441.92514</gx:coord>
        <when>2026-01-01T01:07:03.1019510Z</when>
        <gx:coord>12.31166 51.37951 437.6684</gx:coord>
        <when>2026-01-01T01:07:03.4509510Z</when>
        <gx:coord>12.31166 51.37951 434.9174</gx:coord>
        <when>2026-01-01T01:07:08.4509510Z</when>
        <gx:coord>12.310002 51.381477 428.28616</gx:coord>
        <when>2026-01-01T01:07:13.4509510Z</when>
        <gx:coord>12.308238 51.3835 425.21945</gx:coord>
        <when>2026-01-01T01:07:18.4799510Z</when>
        <gx:coord>12.306367 51.38554 417.53308</gx:coord>
        <when>2026-01-01T01:07:20.0899510Z</when>
        <gx:coord>12.305622 51.386356 409.73016</gx:coord>
        <when>2026-01-01T01:07:23.4509510Z</when>
        <gx:coord>12.304504 51.38758 401.19873</gx:coord>
        <when>2026-01-01T01:07:28.4519510Z</when>
        <gx:coord>12.302698 51.389614 390.28616</gx:coord>
        <when>2026-01-01T01:07:33.4519510Z</when>
        <gx:coord>12.300895 51.391598 379.37216</gx:coord>
        <when>2026-01-01T01:07:34.0919510Z</when>
        <gx:coord>12.300532 51.39199 375.7623</gx:coord>
        <when>2026-01-01T01:07:38.4819510Z</when>
        <gx:coord>12.299101 51.39357 365.4391</gx:coord>
        <when>2026-01-01T01:07:40.0869510Z</when>
        <gx:coord>12.298393 51.39436 364.48734</gx:coord>
        <when>2026-01-01T01:07:51.0809510Z</when>
        <gx:coord>12.2943535 51.39871 343.2443</gx:coord>
        <when>2026-01-01T01:08:02.0839510Z</when>
        <gx:coord>12.290522 51.40315 311.22958</gx:coord>
        <when>2026-01-01T01:08:06.0899510Z</when>
        <gx:coord>12.28901 51.404716 305.55078</gx:coord>
        <when>2026-01-01T01:08:06.3229510Z</when>
        <gx:coord>12.28901 51.404716 304.20212</gx:coord>
        <when>2026-01-01T01:08:11.3239510Z</when>
        <gx:coord>12.287005 51.406593 300.4532</gx:coord>
        <when>2026-01-01T01:08:16.3239510Z</when>
        <gx:coord>12.28486 51.40841 287.41364</gx:coord>
        <when>2026-01-01T01:08:17.0839510Z</when>
        <gx:coord>12.28486 51.40841 287.41364</gx:coord>
        <when>2026-01-01T01:08:17.0939510Z</when>
        <gx:coord>12.284388 51.408756 287.41364</gx:coord>
        <when>2026-01-01T01:08:18.0859510Z</when>
        <gx:coord>12.2838955 51.409092 278.53976</gx:coord>
        <when>2026-01-01T01:08:21.3229510Z</when>
        <gx:coord>12.2823305 51.410053 271.21332</gx:coord>
        <when>2026-01-01T01:08:23.0909510Z</when>
        <gx:coord>12.281778 51.41036 268.0369</gx:coord>
        <when>2026-01-01T01:08:26.3259510Z</when>
        <gx:coord>12.279382 51.41146 259.29453</gx:coord>
        <when>2026-01-01T01:08:29.0839510Z</when>
        <gx:coord>12.278108 51.41195 253.95421</gx:coord>
        <when>2026-01-01T01:08:31.0799510Z</when>
        <gx:coord>12.276099 51.41259 247.33926</gx:coord>
        <when>2026-01-01T01:08:36.0889510Z</when>
        <gx:coord>12.273283 51.413322 232.84274</gx:coord>
        <when>2026-01-01T01:08:41.0839510Z</when>
        <gx:coord>12.268867 51.41407 214.65121</gx:coord>
        <when>2026-01-01T01:08:43.0839510Z</when>
        <gx:coord>12.268112 51.41415 210.95815</gx:coord>
        <when>2026-01-01T01:08:50.0839510Z</when>
        <gx:coord>12.262692 51.41427 189.9802</gx:coord>
        <when>2026-01-01T01:08:51.0829510Z</when>
        <gx:coord>12.261899 51.414238 187.83884</gx:coord>
        <when>2026-01-01T01:08:53.0809510Z</when>
        <gx:coord>12.259513 51.41413 182.29338</gx:coord>
        <when>2026-01-01T01:08:54.0879510Z</when>
        <gx:coord>12.258715 51.414097 182.29338</gx:coord>
        <when>2026-01-01T01:09:05.0859510Z</when>
        <gx:coord>12.249851 51.413708 151.72559</gx:coord>
        <when>2026-01-01T01:09:29.0889510Z</when>
        <gx:coord>12.231508 51.41286 156.56587</gx:coord>
        <when>2026-01-01T01:09:36.0799510Z</when>
        <gx:coord>12.227137 51.412712 172.78395</gx:coord>
        <when>2026-01-01T01:09:38.0799510Z</when>
        <gx:coord>12.225025 51.412624 183.75943</gx:coord>
        <when>2026-01-01T01:09:45.0819510Z</when>
        <gx:coord>12.2210455 51.412613 208.54091</gx:coord>
        <when>2026-01-01T01:09:46.0859510Z</when>
        <gx:coord>12.220429 51.41267 212.83311</gx:coord>
        <when>2026-01-01T01:09:46.0859510Z</when>
        <gx:coord>12.219835 51.412754 217.5293</gx:coord>
        <when>2026-01-01T01:09:49.0849510Z</when>
        <gx:coord>12.218707 51.412983 224.03732</gx:coord>
        <when>2026-01-01T01:09:50.0889510Z</when>
        <gx:coord>12.218175 51.41313 226.8229</gx:coord>
        <when>2026-01-01T01:09:52.0809510Z</when>
        <gx:coord>12.217178 51.413498 228.65848</gx:coord>
        <when>2026-01-01T01:09:55.0779510Z</when>
        <gx:coord>12.215874 51.414204 231.11815</gx:coord>
        <when>2026-01-01T01:09:57.0829510Z</when>
        <gx:coord>12.215185 51.41478 235.08475</gx:coord>
        <when>2026-01-01T01:10:00.1029510Z</when>
        <gx:coord>12.214492 51.415752 243.64148</gx:coord>
        <when>2026-01-01T01:10:00.1029510Z</when>
        <gx:coord>12.214492 51.415752 243.64148</gx:coord>
        <when>2026-01-01T01:10:02.0849510Z</when>
        <gx:coord>12.214197 51.41681 248.21577</gx:coord>
        <when>2026-01-01T01:10:03.0849510Z</when>
        <gx:coord>12.214197 51.41681 248.21577</gx:coord>
        <when>2026-01-01T01:10:05.0799510Z</when>
        <gx:coord>12.214211 51.41754 251.30902</gx:coord>
        <when>2026-01-01T01:10:10.0809510Z</when>
        <gx:coord>12.214742 51.41938 260.13812</gx:coord>
        <when>2026-01-01T01:10:16.0829510Z</when>
        <gx:coord>12.215996 51.42188 280.16797</gx:coord>
        <when>2026-01-01T01:10:25.0769510Z</when>
        <gx:coord>12.2172785 51.424625 306.7724</gx:coord>
        <when>2026-01-01T01:10:27.0899510Z</when>
        <gx:coord>12.217688 51.425632 309.8222</gx:coord>
        <when>2026-01-01T01:10:27.0899510Z</when>
        <gx:coord>12.217688 51.425632 311.34534</gx:coord>
        <when>2026-01-01T01:10:33.0989510Z</when>
        <gx:coord>12.2184105 51.427635 320.03967</gx:coord>
        <when>2026-01-01T01:10:38.0779510Z</when>
        <gx:coord>12.218727 51.42932 342.94302</gx:coord>
        <when>2026-01-01T01:10:42.0899510Z</when>
        <gx:coord>12.218878 51.430332 351.8519</gx:coord>
        <when>2026-01-01T01:10:45.7749510Z</when>
        <gx:coord>12.219009 51.43169 357.3481</gx:coord>
        <when>2026-01-01T01:10:50.7789510Z</when>
        <gx:coord>12.21908 51.433407 360.63123</gx:coord>
        <when>2026-01-01T01:10:53.1009510Z</when>
        <gx:coord>12.219089 51.434093 364.4547</gx:coord>
        <when>2026-01-01T01:10:55.7789510Z</when>
        <gx:coord>12.21906 51.43512 372.41602</gx:coord>
        <when>2026-01-01T01:10:56.0869510Z</when>
        <gx:coord>12.219052 51.43546 375.05402</gx:coord>
        <when>2026-01-01T01:11:00.7899510Z</when>
        <gx:coord>12.218986 51.43683 380.27692</gx:coord>
        <when>2026-01-01T01:11:05.7759510Z</when>
        <gx:coord>12.21878 51.43852 392.12155</gx:coord>
        <when>2026-01-01T01:11:09.0839510Z</when>
        <gx:coord>12.218572 51.439857 406.68906</gx:coord>
        <when>2026-01-01T01:11:10.7769510Z</when>
        <gx:coord>12.218514 51.440193 410.22073</gx:coord>
        <when>2026-01-01T01:11:15.7809510Z</when>
        <gx:coord>12.218171 51.44188 426.05847</gx:coord>
        <when>2026-01-01T01:11:19.0889510Z</when>
        <gx:coord>12.21784 51.443226 437.9379</gx:coord>
        <when>2026-01-01T01:11:20.7769510Z</when>
        <gx:coord>12.217749 51.44356 439.98972</gx:coord>
        <when>2026-01-01T01:11:23.0959510Z</when>
        <gx:coord>12.217464 51.444576 440.59552</gx:coord>
        <when>2026-01-01T01:11:25.7789510Z</when>
        <gx:coord>12.217266 51.445255 441.7719</gx:coord>
        <when>2026-01-01T01:11:26.0839510Z</when>
        <gx:coord>12.217266 51.445255 441.7719</gx:coord>
        <when>2026-01-01T01:11:30.7809510Z</when>
        <gx:coord>12.216791 51.446938 451.98346</gx:coord>
        <when>2026-01-01T01:11:35.7779510Z</when>
        <gx:coord>12.216364 51.448605 464.2745</gx:coord>
        <when>2026-01-01T01:11:37.0879510Z</when>
        <gx:coord>12.216201 51.449272 470.25168</gx:coord>
        <when>2026-01-01T01:11:40.7829510Z</when>
        <gx:coord>12.215941 51.45026 484.2576</gx:coord>
        <when>2026-01-01T01:11:45.0879510Z</when>
        <gx:coord>12.215543 51.45187 503.72104</gx:coord>
        <when>2026-01-01T01:11:45.7779510Z</when>
        <gx:coord>12.215543 51.45187 503.72104</gx:coord>
        <when>2026-01-01T01:11:50.7779510Z</when>
        <gx:coord>12.215095 51.45346 518.0266</gx:coord>
        <when>2026-01-01T01:11:55.7779510Z</when>
        <gx:coord>12.214598 51.455063 522.4186</gx:coord>
        <when>2026-01-01T01:12:00.7849510Z</when>
        <gx:coord>12.21411 51.456673 527.7311</gx:coord>
        <when>2026-01-01T01:12:05.7779510Z</when>
        <gx:coord>12.213541 51.458317 524.2247</gx:coord>
        <when>2026-01-01T01:12:10.7779510Z</when>
        <gx:coord>12.212908 51.460003 526.97345</gx:coord>
        <when>2026-01-01T01:12:13.0899510Z</when>
        <gx:coord>12.212572 51.461033 526.4523</gx:coord>
        <when>2026-01-01T01:12:15.0919510Z</when>
        <gx:coord>12.212474 51.461384 525.94824</gx:coord>
        <when>2026-01-01T01:12:15.7799510Z</when>
        <gx:coord>12.212379 51.461735 525.94415</gx:coord>
        <when>2026-01-01T01:12:31.6529510Z</when>
        <gx:coord>12.210888 51.467484 531.1958</gx:coord>
        <when>2026-01-01T01:12:36.6539510Z</when>
        <gx:coord>12.210465 51.469296 530.5715</gx:coord>
        <when>2026-01-01T01:12:41.6539510Z</when>
        <gx:coord>12.209986 51.471188 530.1349</gx:coord>
        <when>2026-01-01T01:12:46.6549510Z</when>
        <gx:coord>12.209529 51.47311 519.5818</gx:coord>
        <when>2026-01-01T01:12:51.6569510Z</when>
        <gx:coord>12.209024 51.47504 510.30115</gx:coord>
        <when>2026-01-01T01:12:56.6549510Z</when>
        <gx:coord>12.208417 51.476944 503.4354</gx:coord>
        <when>2026-01-01T01:12:58.0929510Z</when>
        <gx:coord>12.208178 51.477703 501.79333</gx:coord>
        <when>2026-01-01T01:13:01.6569510Z</when>
        <gx:coord>12.207835 51.47882 497.66122</gx:coord>
        <when>2026-01-01T01:13:06.6549510Z</when>
        <gx:coord>12.207298 51.48064 494.6211</gx:coord>
        <when>2026-01-01T01:13:24.7349510Z</when>
        <gx:coord>12.205393 51.486786 490.27863</gx:coord>
        <when>2026-01-01T01:13:29.7359510Z</when>
        <gx:coord>12.204785 51.488483 486.80356</gx:coord>
        <when>2026-01-01T01:13:34.7519510Z</when>
        <gx:coord>12.204207 51.490185 477.51593</gx:coord>
        <when>2026-01-01T01:13:38.0879510Z</when>
        <gx:coord>12.203744 51.491543 471.59464</gx:coord>
        <when>2026-01-01T01:13:39.7569510Z</when>
        <gx:coord>12.203617 51.491886 470.32574</gx:coord>
        <when>2026-01-01T01:13:44.7549510Z</when>
        <gx:coord>12.202917 51.493664 472.19147</gx:coord>
        <when>2026-01-01T01:13:45.0969510Z</when>
        <gx:coord>12.202775 51.494038 472.19147</gx:coord>
        <when>2026-01-01T01:13:48.0899510Z</when>
        <gx:coord>12.202489 51.494793 474.659</gx:coord>
        <when>2026-01-01T01:13:49.7359510Z</when>
        <gx:coord>12.202209 51.495567 470.14075</gx:coord>
        <when>2026-01-01T01:13:54.7359510Z</when>
        <gx:coord>12.20148 51.497517 460.1464</gx:coord>
        <when>2026-01-01T01:13:59.7359510Z</when>
        <gx:coord>12.200714 51.499496 458.77652</gx:coord>
        <when>2026-01-01T01:14:04.7359510Z</when>
        <gx:coord>12.199952 51.501484 456.00504</gx:coord>
        <when>2026-01-01T01:14:09.7359510Z</when>
        <gx:coord>12.1991625 51.50348 461.6905</gx:coord>
        <when>2026-01-01T01:14:14.7359510Z</when>
        <gx:coord>12.198363 51.505493 452.99402</gx:coord>
        <when>2026-01-01T01:14:18.0869510Z</when>
        <gx:coord>12.197725 51.50668 442.71506</gx:coord>
        <when>2026-01-01T01:14:18.0869510Z</when>
        <gx:coord>12.1974745 51.50707 440.9408</gx:coord>
        <when>2026-01-01T01:14:19.7359510Z</when>
        <gx:coord>12.197209 51.50745 439.39075</gx:coord>
        <when>2026-01-01T01:14:24.7659510Z</when>
        <gx:coord>12.195698 51.509296 431.0096</gx:coord>
        <when>2026-01-01T01:14:26.0879510Z</when>
        <gx:coord>12.195351 51.50965 427.9936</gx:coord>
        <when>2026-01-01T01:14:26.0949510Z</when>
        <gx:coord>12.194984 51.509995 427.9936</gx:coord>
        <when>2026-01-01T01:14:29.7439510Z</when>
        <gx:coord>12.1937895 51.510983 420.34827</gx:coord>
        <when>2026-01-01T01:14:34.7359510Z</when>
        <gx:coord>12.191685 51.512535 416.61047</gx:coord>
        <when>2026-01-01T01:14:39.7359510Z</when>
        <gx:coord>12.189591 51.51403 412.34802</gx:coord>
        <when>2026-01-01T01:14:44.7359510Z</when>
        <gx:coord>12.18759 51.515526 414.4781</gx:coord>
        <when>2026-01-01T01:14:49.7369510Z</when>
        <gx:coord>12.185591 51.51703 418.0346</gx:coord>
        <when>2026-01-01T01:14:54.7359510Z</when>
        <gx:coord>12.18364 51.51858 417.62067</gx:coord>
        <when>2026-01-01T01:14:59.7369510Z</when>
        <gx:coord>12.181676 51.520172 425.27225</gx:coord>
        <when>2026-01-01T01:15:04.7369510Z</when>
        <gx:coord>12.179641 51.5218 424.77216</gx:coord>
        <when>2026-01-01T01:15:08.0979510Z</when>
        <gx:coord>12.178026 51.523148 423.2688</gx:coord>
        <when>2026-01-01T01:15:09.7369510Z</when>
        <gx:coord>12.177613 51.52348 418.71518</gx:coord>
        <when>2026-01-01T01:15:13.0889510Z</when>
        <gx:coord>12.175949 51.524822 410.2499</gx:coord>
        <when>2026-01-01T01:15:14.7369510Z</when>
        <gx:coord>12.175531 51.52516 409.81366</gx:coord>
        <when>2026-01-01T01:15:19.7369510Z</when>
        <gx:coord>12.1735115 51.526836 418.0558</gx:coord>
        <when>2026-01-01T01:15:24.0929510Z</when>
        <gx:coord>12.1718445 51.5281 421.07352</gx:coord>
        <when>2026-01-01T01:15:24.7979510Z</when>
        <gx:coord>12.171392 51.528393 422.14307</gx:coord>
        <when>2026-01-01T01:15:27.0909510Z</when>
        <gx:coord>12.170407 51.528923 422.24988</gx:coord>
        <when>2026-01-01T01:15:29.0879510Z</when>
        <gx:coord>12.169303 51.52936 423.27832</gx:coord>
        <when>2026-01-01T01:15:29.7369510Z</when>
        <gx:coord>12.168693 51.529522 426.61884</gx:coord>
        <when>2026-01-01T01:15:32.0909510Z</when>
        <gx:coord>12.167442 51.529797 425.0346</gx:coord>
        <when>2026-01-01T01:15:34.7379510Z</when>
        <gx:coord>12.165413 51.53 422.05896</gx:coord>
        <when>2026-01-01T01:15:35.0929510Z</when>
        <gx:coord>12.165413 51.53 422.05896</gx:coord>
        <when>2026-01-01T01:15:36.0899510Z</when>
        <gx:coord>12.164707 51.53001 421.264</gx:coord>
        <when>2026-01-01T01:15:39.7469510Z</when>
        <gx:coord>12.161838 51.529873 412.92413</gx:coord>
        <when>2026-01-01T01:15:40.0889510Z</when>
        <gx:coord>12.161838 51.529873 412.92413</gx:coord>
        <when>2026-01-01T01:15:44.7459510Z</when>
        <gx:coord>12.158261 51.529472 406.09604</gx:coord>
        <when>2026-01-01T01:15:49.7459510Z</when>
        <gx:coord>12.1547575 51.52913 400.61954</gx:coord>
        <when>2026-01-01T01:15:52.0999510Z</when>
        <gx:coord>12.152671 51.528954 399.32135</gx:coord>
        <when>2026-01-01T01:15:54.7389510Z</when>
        <gx:coord>12.151269 51.528843 395.71692</gx:coord>
        <when>2026-01-01T01:15:59.7369510Z</when>
        <gx:coord>12.147783 51.528614 386.96268</gx:coord>
        <when>2026-01-01T01:16:04.7369510Z</when>
        <gx:coord>12.144383 51.52857 380.64917</gx:coord>
        <when>2026-01-01T01:16:05.0949510Z</when>
        <gx:coord>12.144383 51.52857 380.64917</gx:coord>
        <when>2026-01-01T01:16:05.0949510Z</when>
        <gx:coord>12.143714 51.52858 377.88235</gx:coord>
        <when>2026-01-01T01:16:09.7369510Z</when>
        <gx:coord>12.14105 51.528713 367.48257</gx:coord>
        <when>2026-01-01T01:16:13.0929510Z</when>
        <gx:coord>12.139102 51.528927 365.31613</gx:coord>
        <when>2026-01-01T01:16:14.7369510Z</when>
        <gx:coord>12.137841 51.529125 361.8789</gx:coord>
        <when>2026-01-01T01:16:19.7369510Z</when>
        <gx:coord>12.134716 51.529762 361.4719</gx:coord>
        <when>2026-01-01T01:16:24.7639510Z</when>
        <gx:coord>12.131586 51.5305 352.32114</gx:coord>
        <when>2026-01-01T01:16:29.7439510Z</when>
        <gx:coord>12.128478 51.531242 347.98218</gx:coord>
        <when>2026-01-01T01:16:32.0929510Z</when>
        <gx:coord>12.126657 51.53168 347.2217</gx:coord>
        <when>2026-01-01T01:16:33.1029510Z</when>
        <gx:coord>12.126059 51.531834 347.2217</gx:coord>
        <when>2026-01-01T01:16:34.0949510Z</when>
        <gx:coord>12.126059 51.531834 343.66052</gx:coord>
        <when>2026-01-01T01:16:34.7369510Z</when>
        <gx:coord>12.125463 51.531994 339.47122</gx:coord>
        <when>2026-01-01T01:16:39.7369510Z</when>
        <gx:coord>12.122524 51.532856 325.16418</gx:coord>
        <when>2026-01-01T01:16:44.7359510Z</when>
        <gx:coord>12.119646 51.533745 318.0904</gx:coord>
        <when>2026-01-01T01:16:47.0909510Z</when>
        <gx:coord>12.118507 51.5341 317.52496</gx:coord>
        <when>2026-01-01T01:16:48.0889510Z</when>
        <gx:coord>12.117371 51.534447 315.79062</gx:coord>
        <when>2026-01-01T01:16:49.7369510Z</when>
        <gx:coord>12.116799 51.534615 314.49222</gx:coord>
        <when>2026-01-01T01:16:54.7369510Z</when>
        <gx:coord>12.1139 51.5354 307.3765</gx:coord>
        <when>2026-01-01T01:16:59.7369510Z</when>
        <gx:coord>12.111036 51.536156 298.30383</gx:coord>
        <when>2026-01-01T01:17:04.7369510Z</when>
        <gx:coord>12.108351 51.5369 291.56326</gx:coord>
        <when>2026-01-01T01:17:06.0929510Z</when>
        <gx:coord>12.10784 51.537045 291.14478</gx:coord>
        <when>2026-01-01T01:17:09.0899510Z</when>
        <gx:coord>12.105883 51.537598 284.56796</gx:coord>
        <when>2026-01-01T01:17:09.7369510Z</when>
        <gx:coord>12.105883 51.537598 284.56796</gx:coord>
        <when>2026-01-01T01:17:14.7369510Z</when>
        <gx:coord>12.103562 51.538162 272.50366</gx:coord>
        <when>2026-01-01T01:17:16.1129510Z</when>
        <gx:coord>12.103117 51.538277 269.90057</gx:coord>
        <when>2026-01-01T01:17:19.0999510Z</when>
        <gx:coord>12.101395 51.538754 264.94</gx:coord>
        <when>2026-01-01T01:17:19.7459510Z</when>
        <gx:coord>12.101395 51.538754 263.70084</gx:coord>
        <when>2026-01-01T01:17:24.7619510Z</when>
        <gx:coord>12.099338 51.539394 255.28299</gx:coord>
        <when>2026-01-01T01:17:25.0909510Z</when>
        <gx:coord>12.098927 51.539524 253.59468</gx:coord>
        <when>2026-01-01T01:17:29.7379510Z</when>
        <gx:coord>12.097275 51.54002 248.71837</gx:coord>
        <when>2026-01-01T01:17:34.7379510Z</when>
        <gx:coord>12.095174 51.540623 236.79</gx:coord>
        <when>2026-01-01T01:18:00.0929510Z</when>
        <gx:coord>12.08312 51.54408 221.95667</gx:coord>
        <when>2026-01-01T01:18:14.0969510Z</when>
        <gx:coord>12.07689 51.545807 192.58382</gx:coord>
        <when>2026-01-01T01:18:14.0979510Z</when>
        <gx:coord>12.07689 51.545807 190.48032</gx:coord>
        <when>2026-01-01T01:18:32.0879510Z</when>
        <gx:coord>12.069564 51.54793 158.94511</gx:coord>
        <when>2026-01-01T01:18:46.0879510Z</when>
        <gx:coord>12.06411 51.54948 127.78454</gx:coord>
        <when>2026-01-01T01:18:56.0859510Z</when>
        <gx:coord>12.060579 51.550484 109.970955</gx:coord>
        <when>2026-01-01T01:19:03.0869510Z</when>
        <gx:coord>12.058273 51.55112 108.52748</gx:coord>
        <when>2026-01-01T01:19:08.0869510Z</when>
        <gx:coord>12.05701 51.551476 108.62276</gx:coord>
        <when>2026-01-01T01:19:13.0829510Z</when>
        <gx:coord>12.056104 51.551716 108.55651</gx:coord>
        <when>2026-01-01T01:19:13.9959510Z</when>
        <gx:coord>12.055968 51.55175 108.54441</gx:coord>
        <when>2026-01-01T01:19:18.9969510Z</when>
        <gx:coord>12.0554905 51.55187 108.60383</gx:coord>
        <when>2026-01-01T01:19:19.0869510Z</when>
        <gx:coord>12.0554905 51.55187 108.60383</gx:coord>
        <when>2026-01-01T01:19:22.1229510Z</when>
        <gx:coord>12.055379 51.551903 108.51086</gx:coord>
        <when>2026-01-01T01:19:23.1319510Z</when>
        <gx:coord>12.055374 51.551907 108.60569</gx:coord>
        <when>2026-01-01T01:19:23.8939510Z</when>
        <gx:coord>12.055374 51.551907 108.60569</gx:coord>
        <when>2026-01-01T01:19:24.0029510Z</when>
        <gx:coord>12.055374 51.551907 108.60569</gx:coord>
        <when>2026-01-01T01:19:24.0949510Z</when>
        <gx:coord>12.055374 51.551907 108.60569</gx:coord>
        <when>2026-01-01T01:19:24.6739510Z</when>
        <gx:coord>12.055373 51.55191 108.603676</gx:coord>
        <when>2026-01-01T01:19:25.4349510Z</when>
        <gx:coord>12.055373 51.551918 108.60578</gx:coord>
        <when>2026-01-01T01:19:25.7959510Z</when>
        <gx:coord>12.055373 51.551918 108.60578</gx:coord>
        <when>2026-01-01T01:19:26.4569510Z</when>
        <gx:coord>12.055375 51.55192 108.57853</gx:coord>
        <when>2026-01-01T01:19:27.0769510Z</when>
        <gx:coord>12.055375 51.55192 108.57853</gx:coord>
        <when>2026-01-01T01:19:27.6569510Z</when>
        <gx:coord>12.055381 51.55193 108.58876</gx:coord>
        <when>2026-01-01T01:19:28.2369510Z</when>
        <gx:coord>12.055389 51.551933 108.6258</gx:coord>
        <when>2026-01-01T01:19:28.7979510Z</when>
        <gx:coord>12.055389 51.551933 108.6258</gx:coord>
        <when>2026-01-01T01:19:28.9969510Z</when>
        <gx:coord>12.055389 51.551933 108.6258</gx:coord>
        <when>2026-01-01T01:19:29.2789510Z</when>
        <gx:coord>12.055403 51.55194 108.62686</gx:coord>
        <when>2026-01-01T01:19:29.8389510Z</when>
        <gx:coord>12.055403 51.55194 108.62686</gx:coord>
        <when>2026-01-01T01:19:31.1999510Z</when>
        <gx:coord>12.05545 51.551945 108.60701</gx:coord>
        <when>2026-01-01T01:19:33.4629510Z</when>
        <gx:coord>12.05552 51.551926 108.53715</gx:coord>
        <when>2026-01-01T01:19:33.9969510Z</when>
        <gx:coord>12.05552 51.551926 108.53715</gx:coord>
        <when>2026-01-01T01:19:36.0939510Z</when>
        <gx:coord>12.055596 51.551895 108.52865</gx:coord>
        <when>2026-01-01T01:19:38.9959510Z</when>
        <gx:coord>12.055729 51.55185 108.51329</gx:coord>
        <when>2026-01-01T01:19:40.1049510Z</when>
        <gx:coord>12.05581 51.551815 108.533844</gx:coord>
        <when>2026-01-01T01:19:40.9179510Z</when>
        <gx:coord>12.05581 51.551815 108.533844</gx:coord>
        <when>2026-01-01T01:19:41.7189510Z</when>
        <gx:coord>12.055837 51.5518 108.534355</gx:coord>
        <when>2026-01-01T01:19:42.4799510Z</when>
        <gx:coord>12.055852 51.551785 108.49964</gx:coord>
        <when>2026-01-01T01:19:43.3809510Z</when>
        <gx:coord>12.05586 51.55177 108.48858</gx:coord>
        <when>2026-01-01T01:19:43.9969510Z</when>
        <gx:coord>12.05586 51.55177 108.48858</gx:coord>
        <when>2026-01-01T01:19:44.7809510Z</when>
        <gx:coord>12.055861 51.551754 108.45055</gx:coord>
        <when>2026-01-01T01:19:46.0909510Z</when>
        <gx:coord>12.055856 51.55174 108.466675</gx:coord>
        <when>2026-01-01T01:19:48.9969510Z</when>
        <gx:coord>12.055812 51.551666 108.31102</gx:coord>
        <when>2026-01-01T01:19:49.0869510Z</when>
        <gx:coord>12.055812 51.551666 108.31102</gx:coord>
        <when>2026-01-01T01:19:53.9969510Z</when>
        <gx:coord>12.055696 51.55149 108.27497</gx:coord>
        <when>2026-01-01T01:19:58.9969510Z</when>
        <gx:coord>12.055545 51.55129 108.0831</gx:coord>
        <when>2026-01-01T01:20:03.9979510Z</when>
        <gx:coord>12.055405 51.551094 107.6863</gx:coord>
        <when>2026-01-01T01:20:08.0869510Z</when>
        <gx:coord>12.055311 51.550964 107.74725</gx:coord>
        <when>2026-01-01T01:20:08.9979510Z</when>
        <gx:coord>12.0553 51.55094 107.685104</gx:coord>
        <when>2026-01-01T01:20:10.0929510Z</when>
        <gx:coord>12.055294 51.550915 107.653656</gx:coord>
        <when>2026-01-01T01:20:12.0839510Z</when>
        <gx:coord>12.055298 51.550865 107.536835</gx:coord>
        <when>2026-01-01T01:20:14.0489510Z</when>
        <gx:coord>12.0553255 51.550816 107.6052</gx:coord>
        <when>2026-01-01T01:20:14.0859510Z</when>
        <gx:coord>12.0553255 51.550816 107.6052</gx:coord>
        <when>2026-01-01T01:20:16.0889510Z</when>
        <gx:coord>12.055378 51.55077 107.5163</gx:coord>
        <when>2026-01-01T01:20:18.0829510Z</when>
        <gx:coord>12.055456 51.55073 107.42718</gx:coord>
        <when>2026-01-01T01:20:18.9979510Z</when>
        <gx:coord>12.055503 51.550716 107.43112</gx:coord>
        <when>2026-01-01T01:20:23.9979510Z</when>
        <gx:coord>12.055771 51.550632 107.4343</gx:coord>
        <when>2026-01-01T01:20:24.0879510Z</when>
        <gx:coord>12.055771 51.550632 107.4343</gx:coord>
        <when>2026-01-01T01:20:28.9979510Z</when>
        <gx:coord>12.05607 51.550545 107.37986</gx:coord>
        <when>2026-01-01T01:20:33.9979510Z</when>
        <gx:coord>12.056449 51.550438 107.50556</gx:coord>
        <when>2026-01-01T01:20:38.9979510Z</when>
        <gx:coord>12.056888 51.550316 107.512184</gx:coord>
        <when>2026-01-01T01:20:43.9979510Z</when>
        <gx:coord>12.0573225 51.550194 107.607285</gx:coord>
        <when>2026-01-01T01:20:48.9989510Z</when>
        <gx:coord>12.057684 51.550095 107.63753</gx:coord>
        <when>2026-01-01T01:20:53.9979510Z</when>
        <gx:coord>12.057957 51.550022 107.64019</gx:coord>
        <when>2026-01-01T01:20:55.1009510Z</when>
        <gx:coord>12.057998 51.550003 107.6341</gx:coord>
        <when>2026-01-01T01:20:57.0869510Z</when>
        <gx:coord>12.0580635 51.54996 107.54125</gx:coord>
        <when>2026-01-01T01:20:58.9989510Z</when>
        <gx:coord>12.058104 51.549915 107.54748</gx:coord>
        <when>2026-01-01T01:20:59.0879510Z</when>
        <gx:coord>12.058104 51.549915 107.54748</gx:coord>
        <when>2026-01-01T01:21:01.1009510Z</when>
        <gx:coord>12.058122 51.549862 107.61843</gx:coord>
        <when>2026-01-01T01:21:03.0889510Z</when>
        <gx:coord>12.058113 51.549797 107.794815</gx:coord>
        <when>2026-01-01T01:21:13.9999510Z</when>
        <gx:coord>12.057898 51.549324 107.584526</gx:coord>
        <when>2026-01-01T01:21:19.0009510Z</when>
        <gx:coord>12.0578375 51.54917 107.61838</gx:coord>
        <when>2026-01-01T01:21:20.0879510Z</when>
        <gx:coord>12.057839 51.549156 107.60673</gx:coord>
        <when>2026-01-01T01:21:22.0899510Z</when>
        <gx:coord>12.05786 51.54912 107.6926</gx:coord>
        <when>2026-01-01T01:21:23.0879510Z</when>
        <gx:coord>12.057885 51.549103 107.657455</gx:coord>
        <when>2026-01-01T01:21:24.0009510Z</when>
        <gx:coord>12.0579195 51.549088 107.65995</gx:coord>
        <when>2026-01-01T01:21:24.0909510Z</when>
        <gx:coord>12.0579195 51.549088 107.65995</gx:coord>
        <when>2026-01-01T01:21:26.1059510Z</when>
        <gx:coord>12.058005 51.54906 107.7034</gx:coord>
        <when>2026-01-01T01:21:29.0009510Z</when>
        <gx:coord>12.058173 51.549034 107.701096</gx:coord>
        <when>2026-01-01T01:21:29.0909510Z</when>
        <gx:coord>12.058173 51.549034 107.701096</gx:coord>
        <when>2026-01-01T01:21:33.9999510Z</when>
        <gx:coord>12.058463 51.549 107.93608</gx:coord>
        <when>2026-01-01T01:21:38.1129510Z</when>
        <gx:coord>12.058587 51.548965 107.97375</gx:coord>
        <when>2026-01-01T01:21:38.9999510Z</when>
        <gx:coord>12.058587 51.548965 107.97375</gx:coord>
        <when>2026-01-01T01:21:39.0299510Z</when>
        <gx:coord>12.058587 51.548965 107.97375</gx:coord>
        <when>2026-01-01T01:21:40.0929510Z</when>
        <gx:coord>12.058595 51.548958 108.00392</gx:coord>
        <when>2026-01-01T01:21:43.9999510Z</when>
        <gx:coord>12.058594 51.548893 107.94756</gx:coord>
        <when>2026-01-01T01:21:48.0959510Z</when>
        <gx:coord>12.058556 51.548798 107.79492</gx:coord>
        <when>2026-01-01T01:21:49.0009510Z</when>
        <gx:coord>12.058528 51.548756 107.75581</gx:coord>
        <when>2026-01-01T01:21:54.0009510Z</when>
        <gx:coord>12.058462 51.54862 107.950554</gx:coord>
        <when>2026-01-01T01:21:59.0009510Z</when>
        <gx:coord>12.058409 51.548515 107.87269</gx:coord>
        <when>2026-01-01T01:22:02.0899510Z</when>
        <gx:coord>12.058379 51.548462 107.94553</gx:coord>
        <when>2026-01-01T01:22:04.0009510Z</when>
        <gx:coord>12.058357 51.54844 107.914215</gx:coord>
        <when>2026-01-01T01:22:05.0919510Z</when>
        <gx:coord>12.058344 51.548428 107.98552</gx:coord>
        <when>2026-01-01T01:22:09.0009510Z</when>
        <gx:coord>12.058281 51.548397 108.02401</gx:coord>
        <when>2026-01-01T01:22:11.1079510Z</when>
        <gx:coord>12.058226 51.54838 108.06397</gx:coord>
        <when>2026-01-01T01:22:13.1839510Z</when>
        <gx:coord>12.058222 51.54838 108.04758</gx:coord>
        <when>2026-01-01T01:22:14.0079510Z</when>
        <gx:coord>12.058222 51.54838 108.04758</gx:coord>
        <when>2026-01-01T01:22:15.2459510Z</when>
        <gx:coord>12.058212 51.54838 108.065674</gx:coord>
        <when>2026-01-01T01:22:19.0019510Z</when>
        <gx:coord>12.058197 51.548386 108.19504</gx:coord>
        <when>2026-01-01T01:22:20.4719510Z</when>
        <gx:coord>12.05819 51.54839 108.28952</gx:coord>
        <when>2026-01-01T01:22:24.0019510Z</when>
        <gx:coord>12.058187 51.54839 108.30054</gx:coord>
        <when>2026-01-01T01:22:29.0009510Z</when>
        <gx:coord>12.058186 51.54839 108.12201</gx:coord>
        <when>2026-01-01T01:22:34.0009510Z</when>
        <gx:coord>12.058187 51.54839 108.23499</gx:coord>
        <when>2026-01-01T01:22:34.9189510Z</when>
        <gx:coord>12.058187 51.54839 108.26052</gx:coord>
        <when>2026-01-01T01:22:36.5809510Z</when>
        <gx:coord>12.058187 51.54839 108.36351</gx:coord>
        <coordinates />
      </gx:Track>
    </Placemark>
    <Placemark>
      <name>Takeoff: 2026-01-01</name>
      <styleUrl>#downArrowIcon</styleUrl>
      <Point>
        <altitudeMode>relativeToGround</altitudeMode>
        <coordinates>11.829672,52.630016,20</coordinates>
      </Point>
    </Placemark>
    <Placemark>
      <name>Landing: 2026-01-01</name>
      <styleUrl>#downArrowIcon</styleUrl>
      <Point>
        <altitudeMode>relativeToGround</altitudeMode>
        <coordinates>12.055374,51.551907,20</coordinates>
      </Point>
    </Placemark>
    <Placemark>
      <name>Log Stop: 2026-01-01</name>
      <styleUrl>#downArrowIcon</styleUrl>
      <Point>
        <altitudeMode>relativeToGround</altitudeMode>
        <coordinates>12.058187,51.54839,20</coordinates>
      </Point>
    </Placemark>
  </Document>
</kml>